OuterAngleDeg,InnerAngleDeg,WorstExceedancePercent,RobustExceedancePercent,MedianExceedancePercent,MaximumIOverNDb,P95IOverNDb,PracticalPercentileIOverNDb,RobustAvailabilityPercent,RetaskDutyPercent,ShutdownDutyPercent,Feasible,PracticalFeasible,Score,SearchStage
0,0,1.13857261871702,1.13857261871702,0.638711469036379,28.3265354410288,-19.8449599571149,20.5445023705587,98.861427381283,0,0,0,0,0,coarse
0.5,0,1.13857261871702,1.13857261871702,0.638711469036379,28.3265354410288,-19.8449599571149,20.5445023705587,98.861427381283,0,0,0,0,0.5,coarse
0.5,0.5,1.13857261871702,1.13857261871702,0.638711469036379,28.3265354410288,-19.8449599571149,20.5445023705587,98.861427381283,0,0,0,0,1,coarse
1,0,1.13857261871702,1.13857261871702,0.638711469036379,28.3265354410288,-19.8449599571149,20.5445023705587,98.861427381283,0,0,0,0,1,coarse
1,0.5,1.13857261871702,1.13857261871702,0.638711469036379,28.3265354410288,-19.8449599571149,20.5445023705587,98.861427381283,0,0,0,0,1.5,coarse
1,1,1.13857261871702,1.13857261871702,0.638711469036379,28.3265354410288,-19.8449599571149,20.5445023705587,98.861427381283,0,0,0,0,2,coarse
2,0,1.13857261871702,1.13857261871702,0.638711469036379,24.6662409464414,-19.8449599571149,20.5445023705587,98.861427381283,0.0392905253704535,0,0,0,2,coarse
2,0.5,1.13857261871702,1.13857261871702,0.638711469036379,24.6662409464414,-19.8449599571149,20.5445023705587,98.861427381283,0.0392905253704535,0,0,0,2.5,coarse
2,1,1.13857261871702,1.13857261871702,0.638711469036379,24.6662409464414,-19.8449599571149,20.5445023705587,98.861427381283,0.0392905253704535,0,0,0,3,coarse
2,2,1.13857261871702,1.13857261871702,0.610941405165232,24.6662409464414,-19.8999474944788,20.5445023705587,98.861427381283,0,0.0392905253704535,0,0,4,coarse
3,0,1.13857261871702,1.13857261871702,0.638711469036379,24.6662409464414,-19.8449599571149,20.5445023705587,98.861427381283,0.0673551863493489,0,0,0,3,coarse
3,0.5,1.13857261871702,1.13857261871702,0.638711469036379,24.6662409464414,-19.8449599571149,20.5445023705587,98.861427381283,0.0673551863493489,0,0,0,3.5,coarse
3,1,1.13857261871702,1.13857261871702,0.638711469036379,24.6662409464414,-19.8449599571149,20.5445023705587,98.861427381283,0.0673551863493489,0,0,0,4,coarse
3,2,1.13857261871702,1.13857261871702,0.610941405165232,24.6662409464414,-19.8999474944788,20.5445023705587,98.861427381283,0.0280646609788954,0.0392905253704535,0,0,5,coarse
3,3,1.13857261871702,1.13857261871702,0.569286309358511,24.6662409464414,-19.9551796736226,20.5445023705587,98.861427381283,0,0.0673551863493489,0,0,6,coarse
5,0,1.13857261871702,1.13857261871702,0.638711469036379,24.6662409464414,-19.8449599571149,17.57814434059,98.861427381283,0.112258643915582,0,0,0,5,coarse
5,0.5,1.13857261871702,1.13857261871702,0.638711469036379,24.6662409464414,-19.8449599571149,17.57814434059,98.861427381283,0.112258643915582,0,0,0,5.5,coarse
5,1,1.13857261871702,1.13857261871702,0.638711469036379,24.6662409464414,-19.8449599571149,17.57814434059,98.861427381283,0.112258643915582,0,0,0,6,coarse
5,2,1.13857261871702,1.13857261871702,0.610941405165232,24.6662409464414,-19.8999474944788,17.57814434059,98.861427381283,0.0806928828877293,0.0392905253704535,0,0,7,coarse
5,3,1.13857261871702,1.13857261871702,0.569286309358511,24.6662409464414,-19.9551796736226,17.57814434059,98.861427381283,0.0699338318360321,0.0673551863493489,0,0,8,coarse
5,5,1.02749236323244,1.02749236323244,0.513746181616218,24.6662409464414,-20.0444150098173,17.57814434059,98.9725076367676,0,0.112258643915582,0,0,10,coarse
10,0,1.08303249097473,1.08303249097473,0.597056373229658,24.6662409464414,-19.8449599571149,15.7790875929208,98.9169675090253,0.342388863942524,0,0,0,10,coarse
10,0.5,1.08303249097473,1.08303249097473,0.597056373229658,24.6662409464414,-19.8449599571149,15.7790875929208,98.9169675090253,0.342388863942524,0,0,0,10.5,coarse
10,1,1.08303249097473,1.08303249097473,0.597056373229658,24.6662409464414,-19.8449599571149,15.7790875929208,98.9169675090253,0.342388863942524,0,0,0,11,coarse
10,2,1.08303249097473,1.08303249097473,0.569286309358512,24.6662409464414,-19.8999474944788,15.7790875929208,98.9169675090253,0.30309833857207,0.0392905253704535,0,0,12,coarse
10,3,1.08303249097473,1.08303249097473,0.527631213551791,24.6662409464414,-19.9551796736226,15.7790875929208,98.9169675090253,0.290494378395825,0.0673551863493489,0,0,13,coarse
10,5,0.971952235490142,0.971952235490142,0.472091085809497,24.6662409464414,-20.0444150098173,15.7790875929208,99.0280477645099,0.230130220026942,0.112258643915582,0,0,15,coarse
10,10,0.860871980005554,0.860871980005554,0.36101083032491,24.6662409464414,-20.3040531998135,15.7790875929208,99.1391280199944,0,0.342388863942524,0,0,20,coarse
15,0,0.80533185226326,0.80533185226326,0.458206053873924,13.6961495183763,-19.8449599571149,4.57546392588126,99.1946681477367,0.74912510936133,0,0,0,15,coarse
15,0.5,0.80533185226326,0.80533185226326,0.458206053873924,13.6961495183763,-19.8449599571149,4.57546392588126,99.1946681477367,0.74912510936133,0,0,0,15.5,coarse
15,1,0.80533185226326,0.80533185226326,0.458206053873924,13.6961495183763,-19.8449599571149,4.57546392588126,99.1946681477367,0.74912510936133,0,0,0,16,coarse
15,2,0.80533185226326,0.80533185226326,0.416550958067204,12.6600406737299,-19.8999474944788,3.30502078418082,99.1946681477367,0.738188976377953,0.0392905253704535,0,0,17,coarse
15,3,0.80533185226326,0.80533185226326,0.374895862260483,12.6600406737299,-19.9551796736226,3.30502078418082,99.1946681477367,0.727252843394576,0.0673551863493489,0,0,18,coarse
15,5,0.694251596778673,0.694251596778673,0.319355734518189,12.6600406737299,-20.0444150098173,3.27849642497534,99.3057484032213,0.699912510936133,0.112258643915582,0,0,20,coarse
15,10,0.583171341294085,0.583171341294085,0.208275479033602,12.6600406737299,-20.3040531998135,3.27849642497534,99.4168286587059,0.503062117235346,0.342388863942524,0,0,25,coarse
15,15,0.583171341294085,0.583171341294085,0.208275479033602,12.6600406737299,-21.5029108620412,3.27849642497534,99.4168286587059,0,0.74912510936133,0,0,30,coarse
20,0,0.555401277422938,0.555401277422938,0.319355734518189,13.6961495183763,-19.8449599571149,1.16545269574932,99.4445987225771,1.42568477772789,0,0,0,20,coarse
20,0.5,0.555401277422938,0.555401277422938,0.319355734518189,13.6961495183763,-19.8449599571149,1.16545269574932,99.4445987225771,1.42568477772789,0,0,0,20.5,coarse
20,1,0.555401277422938,0.555401277422938,0.319355734518189,13.6961495183763,-19.8449599571149,1.16545269574932,99.4445987225771,1.42568477772789,0,0,0,21,coarse
20,2,0.555401277422938,0.555401277422938,0.291585670647042,4.37272590073876,-19.8999474944788,-0.0547979791013901,99.4445987225771,1.38639425235743,0.0392905253704535,0,0,22,coarse
20,3,0.555401277422938,0.555401277422938,0.249930574840322,2.2488237102536,-19.9551796736226,-0.112775708305498,99.4445987225771,1.35832959137854,0.0673551863493489,0,0,23,coarse
20,5,0.44432102193835,0.44432102193835,0.194390447098028,0.88823633177627,-20.0444150098173,-1.66453277752803,99.5556789780616,1.3134261338123,0.112258643915582,0,0,25,coarse
20,10,0.333240766453763,0.333240766453763,0.0833101916134407,0.88823633177627,-20.3040531998135,-3.01641818217061,99.6667592335462,1.08329591378536,0.342388863942524,0,0,30,coarse
20,15,0.333240766453763,0.333240766453763,0.0833101916134407,0.88823633177627,-21.5029108620412,-3.01641818217061,99.6667592335462,0.768971710821733,0.74912510936133,0,0,35,coarse
20,20,0.333240766453763,0.333240766453763,0.0833101916134407,0.88823633177627,-22.6794348686564,-3.01641818217061,99.6667592335462,0,1.42568477772789,0,0,40,coarse
25,0,0.555401277422938,0.555401277422938,0.319355734518189,13.6961495183763,-19.8449599571149,1.16545269574932,99.4445987225771,2.26465841850457,0,0,0,25,coarse
25,0.5,0.555401277422938,0.555401277422938,0.319355734518189,13.6961495183763,-19.8449599571149,1.16545269574932,99.4445987225771,2.26465841850457,0,0,0,25.5,coarse
25,1,0.555401277422938,0.555401277422938,0.319355734518189,13.6961495183763,-19.8449599571149,1.16545269574932,99.4445987225771,2.26465841850457,0,0,0,26,coarse
25,2,0.555401277422938,0.555401277422938,0.291585670647042,4.37272590073876,-19.8999474944788,-0.0547979791013901,99.4445987225771,2.2431414739107,0.0392905253704535,0,0,27,coarse
25,3,0.555401277422938,0.555401277422938,0.249930574840322,2.2488237102536,-19.9551796736226,-0.112775708305498,99.4445987225771,2.2270037654653,0.0673551863493489,0,0,28,coarse
25,5,0.44432102193835,0.44432102193835,0.194390447098028,0.88823633177627,-20.0444150098173,-1.66453277752803,99.5556789780616,2.1947283485745,0.112258643915582,0,0,30,coarse
25,10,0.333240766453763,0.333240766453763,0.0833101916134407,0.88823633177627,-20.2807113201681,-3.01641818217061,99.6667592335462,1.96880043033889,0.342388863942524,0,0,35,coarse
25,15,0.333240766453763,0.333240766453763,0.0833101916134407,0.88823633177627,-21.4959555450956,-3.01641818217061,99.6667592335462,1.76976869284562,0.74912510936133,0,0,40,coarse
25,20,0.333240766453763,0.333240766453763,0.0833101916134407,0.88823633177627,-22.6764685635591,-3.01641818217061,99.6667592335462,1.10274341043572,1.42568477772789,0,0,45,coarse
25,25,0.333240766453763,0.333240766453763,0.0833101916134407,0.88823633177627,-23.4634133091345,-3.01641818217061,99.6667592335462,0,2.26465841850457,0,0,50,coarse
30,0,0.555401277422938,0.555401277422938,0.319355734518189,13.6961495183763,-19.8449599571149,1.16545269574932,99.4445987225771,3.64720034995626,0,0,0,30,coarse
30,0.5,0.555401277422938,0.555401277422938,0.319355734518189,13.6961495183763,-19.8449599571149,1.16545269574932,99.4445987225771,3.64720034995626,0,0,0,30.5,coarse
30,1,0.555401277422938,0.555401277422938,0.319355734518189,13.6961495183763,-19.8449599571149,1.16545269574932,99.4445987225771,3.64720034995626,0,0,0,31,coarse
30,2,0.555401277422938,0.555401277422938,0.291585670647042,4.37272590073876,-19.8999474944788,-0.0547979791013901,99.4445987225771,3.63626421697288,0.0392905253704535,0,0,32,coarse
30,3,0.555401277422938,0.555401277422938,0.249930574840322,2.24882371025362,-19.9551796736226,-0.112775708305495,99.4445987225771,3.6253280839895,0.0673551863493489,0,0,33,coarse
30,5,0.44432102193835,0.44432102193835,0.194390447098028,0.88823633177627,-20.0444150098173,-1.66453277752803,99.5556789780616,3.59798775153106,0.112258643915582,0,0,35,coarse
30,10,0.333240766453763,0.333240766453763,0.0833101916134407,0.88823633177627,-20.2807113201681,-3.01641818217061,99.6667592335462,3.40113735783027,0.342388863942524,0,0,40,coarse
30,15,0.333240766453763,0.333240766453763,0.0833101916134407,0.88823633177627,-21.4959555450956,-3.01641818217061,99.6667592335462,3.02850995158687,0.74912510936133,0,0,45,coarse
30,20,0.333240766453763,0.333240766453763,0.0833101916134407,0.88823633177627,-22.6764685635591,-3.01641818217061,99.6667592335462,2.41141732283465,1.42568477772789,0,0,50,coarse
30,25,0.333240766453763,0.333240766453763,0.0833101916134407,0.88823633177627,-23.4634133091345,-3.01641818217061,99.6667592335462,1.59667541557305,2.26465841850457,0,0,55,coarse
30,30,0.333240766453763,0.333240766453763,0.0833101916134407,0.88823633177627,-27.4311950386261,-3.01641818217061,99.6667592335462,0,3.64720034995626,0,0,60,coarse
35,0,0.555401277422938,0.555401277422938,0.319355734518189,13.6961495183763,-19.8449599571149,1.16545269574932,99.4445987225771,5.94925634295713,0,0,0,35,coarse
35,0.5,0.555401277422938,0.555401277422938,0.319355734518189,13.6961495183763,-19.8449599571149,1.16545269574932,99.4445987225771,5.94925634295713,0,0,0,35.5,coarse
35,1,0.555401277422938,0.555401277422938,0.319355734518189,13.6961495183763,-19.8449599571149,1.16545269574932,99.4445987225771,5.94925634295713,0,0,0,36,coarse
35,2,0.555401277422938,0.555401277422938,0.291585670647042,4.37272590073876,-19.8999474944788,-0.0547979791013901,99.4445987225771,5.93832020997375,0.0392905253704535,0,0,37,coarse
35,3,0.555401277422938,0.555401277422938,0.249930574840322,2.24882371025362,-19.9551796736226,-0.112775708305495,99.4445987225771,5.92738407699038,0.0673551863493489,0,0,38,coarse
35,5,0.44432102193835,0.44432102193835,0.194390447098028,0.88823633177627,-20.0444150098173,-1.66453277752803,99.5556789780616,5.90004374453193,0.112258643915582,0,0,40,coarse
35,10,0.333240766453763,0.333240766453763,0.0833101916134407,0.88823633177627,-20.2807113201681,-3.01641818217061,99.6667592335462,5.70319335083115,0.342388863942524,0,0,45,coarse
35,15,0.333240766453763,0.333240766453763,0.0833101916134407,0.88823633177627,-21.4959555450956,-3.01641818217061,99.6667592335462,5.2001312335958,0.74912510936133,0,0,50,coarse
35,20,0.333240766453763,0.333240766453763,0.0833101916134407,0.88823633177627,-22.6764685635591,-3.01641818217061,99.6667592335462,4.71347331583552,1.42568477772789,0,0,55,coarse
35,25,0.333240766453763,0.333240766453763,0.0833101916134407,0.88823633177627,-23.4634133091345,-3.01641818217061,99.6667592335462,3.89873140857393,2.26465841850457,0,0,60,coarse
35,30,0.333240766453763,0.333240766453763,0.0833101916134407,0.88823633177627,-27.4311950386261,-3.01641818217061,99.6667592335462,2.30205599300088,3.64720034995626,0,0,65,coarse
35,35,0.333240766453763,0.333240766453763,0.0833101916134407,0.88823633177627,-29.5016380451124,-3.01641818217061,99.6667592335462,0,5.94925634295713,0,0,70,coarse
40,0,0.555401277422938,0.555401277422938,0.319355734518189,13.6961495183763,-19.8449599571149,1.16545269574932,99.4445987225771,9.31211723534558,0,0,0,40,coarse
40,0.5,0.555401277422938,0.555401277422938,0.319355734518189,13.6961495183763,-19.8449599571149,1.16545269574932,99.4445987225771,9.31211723534558,0,0,0,40.5,coarse
40,1,0.555401277422938,0.555401277422938,0.319355734518189,13.6961495183763,-19.8449599571149,1.16545269574932,99.4445987225771,9.31211723534558,0,0,0,41,coarse
40,2,0.555401277422938,0.555401277422938,0.291585670647042,4.37272590073876,-19.8999474944788,-0.0547979791013901,99.4445987225771,9.30118110236221,0.0392905253704535,0,0,42,coarse
40,3,0.555401277422938,0.555401277422938,0.249930574840322,2.24882371025362,-19.9551796736226,-0.112775708305498,99.4445987225771,9.29024496937883,0.0673551863493489,0,0,43,coarse
40,5,0.44432102193835,0.44432102193835,0.194390447098028,0.88823633177627,-20.0444150098173,-1.66453277752803,99.5556789780616,9.26290463692039,0.112258643915582,0,0,45,coarse
40,10,0.333240766453763,0.333240766453763,0.0833101916134407,0.88823633177627,-20.2807113201681,-3.01641818217061,99.6667592335462,9.0660542432196,0.342388863942524,0,0,50,coarse
40,15,0.333240766453763,0.333240766453763,0.0833101916134407,0.88823633177627,-21.4959555450956,-3.01641818217061,99.6667592335462,8.56299212598425,0.74912510936133,0,0,55,coarse
40,20,0.333240766453763,0.333240766453763,0.0833101916134407,0.88823633177627,-22.6764685635591,-3.01641818217061,99.6667592335462,8.07633420822397,1.42568477772789,0,0,60,coarse
40,25,0.333240766453763,0.333240766453763,0.0833101916134407,0.88823633177627,-23.4634133091345,-3.01641818217061,99.6667592335462,7.26159230096238,2.26465841850457,0,0,65,coarse
40,30,0.333240766453763,0.333240766453763,0.0833101916134407,0.88823633177627,-27.4311950386261,-3.01641818217061,99.6667592335462,5.66491688538933,3.64720034995626,0,0,70,coarse
40,35,0.333240766453763,0.333240766453763,0.0833101916134407,0.88823633177627,-29.5016380451124,-3.01641818217061,99.6667592335462,3.47517348969821,5.94925634295713,0,0,75,coarse
40,40,0.333240766453763,0.333240766453763,0.0833101916134407,0.887364872543742,-32.4603812338982,-3.01641818217061,99.6667592335462,0,9.31211723534558,0,0,80,coarse
45,0,0.555401277422938,0.555401277422938,0.319355734518189,13.6961495183763,-19.8449599571149,1.16545269574932,99.4445987225771,14.5778652668416,0,0,0,45,coarse
45,0.5,0.555401277422938,0.555401277422938,0.319355734518189,13.6961495183763,-19.8449599571149,1.16545269574932,99.4445987225771,14.5778652668416,0,0,0,45.5,coarse
45,1,0.555401277422938,0.555401277422938,0.319355734518189,13.6961495183763,-19.8449599571149,1.16545269574932,99.4445987225771,14.5778652668416,0,0,0,46,coarse
45,2,0.555401277422938,0.555401277422938,0.291585670647042,4.37272590073876,-19.8999474944788,-0.0547979791014412,99.4445987225771,14.5669291338583,0.0392905253704535,0,0,47,coarse
45,3,0.555401277422938,0.555401277422938,0.249930574840322,2.24882371025359,-19.9551796736226,-0.112775708305472,99.4445987225771,14.5559930008749,0.0673551863493489,0,0,48,coarse
45,5,0.44432102193835,0.44432102193835,0.194390447098028,0.88823633177627,-20.0444150098173,-1.66453277752803,99.5556789780616,14.5286526684164,0.112258643915582,0,0,50,coarse
45,10,0.333240766453763,0.333240766453763,0.0833101916134407,0.88823633177627,-20.2807113201681,-3.01641818217061,99.6667592335462,14.3318022747157,0.342388863942524,0,0,55,coarse
45,15,0.333240766453763,0.333240766453763,0.0833101916134407,0.88823633177627,-21.4959555450956,-3.01641818217061,99.6667592335462,13.8287401574803,0.74912510936133,0,0,60,coarse
45,20,0.333240766453763,0.333240766453763,0.0833101916134407,0.88823633177627,-22.6764685635591,-3.01641818217061,99.6667592335462,13.34208223972,1.42568477772789,0,0,65,coarse
45,25,0.333240766453763,0.333240766453763,0.0833101916134407,0.88823633177627,-23.4634133091345,-3.01641818217061,99.6667592335462,12.5273403324584,2.26465841850457,0,0,70,coarse
45,30,0.333240766453763,0.333240766453763,0.0833101916134407,0.88823633177627,-27.4311950386261,-3.01641818217061,99.6667592335462,10.9306649168854,3.64720034995626,0,0,75,coarse
45,35,0.333240766453763,0.333240766453763,0.0833101916134407,0.88823633177627,-29.5016380451124,-3.01641818217061,99.6667592335462,8.62860892388451,5.94925634295713,0,0,80,coarse
45,40,0.333240766453763,0.333240766453763,0.0833101916134407,0.887364872543742,-32.4603812338982,-3.01641818217061,99.6667592335462,5.32667265379434,9.31211723534558,0,0,85,coarse
45,45,0.333240766453763,0.333240766453763,0.0833101916134407,0.887364872543742,-35.7332181373511,-3.01667020853322,99.6667592335462,0,14.5778652668416,0,0,90,coarse
50,0,0.555401277422938,0.555401277422938,0.319355734518189,13.6961495183763,-19.8999474944788,1.16545269574932,99.4445987225771,19.2913385826772,0,0,0,50,coarse
50,0.5,0.555401277422938,0.555401277422938,0.319355734518189,13.6961495183763,-19.8999474944788,1.16545269574932,99.4445987225771,19.2913385826772,0,0,0,50.5,coarse
50,1,0.555401277422938,0.555401277422938,0.319355734518189,13.6961495183763,-19.8999474944788,1.16545269574932,99.4445987225771,19.2913385826772,0,0,0,51,coarse
50,2,0.555401277422938,0.555401277422938,0.291585670647042,4.37272590073876,-19.9551796736226,-0.0547979791014412,99.4445987225771,19.2804024496938,0.0392905253704535,0,0,52,coarse
50,3,0.555401277422938,0.555401277422938,0.249930574840322,2.24882371025359,-19.976043085001,-0.112775708305472,99.4445987225771,19.2694663167104,0.0673551863493489,0,0,53,coarse
50,5,0.44432102193835,0.44432102193835,0.194390447098028,0.88823633177627,-20.1077966409735,-1.66453277752803,99.5556789780616,19.242125984252,0.112258643915582,0,0,55,coarse
50,10,0.333240766453763,0.333240766453763,0.0833101916134407,0.88823633177627,-20.3324650178625,-3.01641818217061,99.6667592335462,19.0452755905512,0.342388863942524,0,0,60,coarse
50,15,0.333240766453763,0.333240766453763,0.0833101916134407,0.88823633177627,-21.5249426993576,-3.01641818217061,99.6667592335462,18.5422134733158,0.74912510936133,0,0,65,coarse
50,20,0.333240766453763,0.333240766453763,0.0833101916134407,0.88823633177627,-22.6935531031863,-3.01641818217061,99.6667592335462,18.0555555555556,1.42568477772789,0,0,70,coarse
50,25,0.333240766453763,0.333240766453763,0.0833101916134407,0.88823633177627,-23.5202851771783,-3.01641818217061,99.6667592335462,17.240813648294,2.26465841850457,0,0,75,coarse
50,30,0.333240766453763,0.333240766453763,0.0833101916134407,0.88823633177627,-27.4311950386261,-3.01641818217061,99.6667592335462,15.6441382327209,3.64720034995626,0,0,80,coarse
50,35,0.333240766453763,0.333240766453763,0.0833101916134407,0.88823633177627,-29.5016380451124,-3.01641818217061,99.6667592335462,13.34208223972,5.94925634295713,0,0,85,coarse
50,40,0.333240766453763,0.333240766453763,0.0833101916134407,0.887364872543742,-32.5093386386539,-3.01641818217061,99.6667592335462,9.97922134733158,9.31211723534558,0,0,90,coarse
50,45,0.333240766453763,0.333240766453763,0.0833101916134407,0.887364872543742,-35.7398889167146,-3.01667020853322,99.6667592335462,4.71347331583552,14.5778652668416,0,0,95,coarse
50,50,0.333240766453763,0.333240766453763,0.0833101916134407,0.887364872543742,-39.329658230224,-3.01667020853322,99.6667592335462,0,19.2913385826772,0,0,100,coarse
55,0,0.555401277422938,0.555401277422938,0.319355734518189,13.6961495183763,-19.9363032738823,1.16545269574932,99.4445987225771,23.3048993875766,0,0,0,55,coarse
55,0.5,0.555401277422938,0.555401277422938,0.319355734518189,13.6961495183763,-19.9363032738823,1.16545269574932,99.4445987225771,23.3048993875766,0,0,0,55.5,coarse
55,1,0.555401277422938,0.555401277422938,0.319355734518189,13.6961495183763,-19.9363032738823,1.16545269574932,99.4445987225771,23.3048993875766,0,0,0,56,coarse
55,2,0.555401277422938,0.555401277422938,0.291585670647042,4.37272590073876,-19.9646582092533,-0.0547979791014412,99.4445987225771,23.2939632545932,0.0392905253704535,0,0,57,coarse
55,3,0.555401277422938,0.555401277422938,0.249930574840322,2.24882371025359,-19.9825227126177,-0.112775708305472,99.4445987225771,23.2830271216098,0.0673551863493489,0,0,58,coarse
55,5,0.44432102193835,0.44432102193835,0.194390447098028,0.88823633177627,-20.1077966409735,-1.66453277752803,99.5556789780616,23.2556867891514,0.112258643915582,0,0,60,coarse
55,10,0.333240766453763,0.333240766453763,0.0833101916134407,0.88823633177627,-20.3324650178625,-3.01641818217061,99.6667592335462,23.0588363954506,0.342388863942524,0,0,65,coarse
55,15,0.333240766453763,0.333240766453763,0.0833101916134407,0.88823633177627,-21.5249426993576,-3.01641818217061,99.6667592335462,22.5557742782152,0.74912510936133,0,0,70,coarse
55,20,0.333240766453763,0.333240766453763,0.0833101916134407,0.88823633177627,-22.6935531031863,-3.01641818217061,99.6667592335462,22.0691163604549,1.42568477772789,0,0,75,coarse
55,25,0.333240766453763,0.333240766453763,0.0833101916134407,0.88823633177627,-23.5202851771783,-3.01641818217061,99.6667592335462,21.2543744531933,2.26465841850457,0,0,80,coarse
55,30,0.333240766453763,0.333240766453763,0.0833101916134407,0.88823633177627,-27.4389903725479,-3.01641818217061,99.6667592335462,19.6576990376203,3.64720034995626,0,0,85,coarse
55,35,0.333240766453763,0.333240766453763,0.0833101916134407,0.88823633177627,-29.5392786460438,-3.01641818217061,99.6667592335462,17.729962345347,5.94925634295713,0,0,90,coarse
55,40,0.333240766453763,0.333240766453763,0.0833101916134407,0.887364872543742,-32.5352018147022,-3.01641818217061,99.6667592335462,14.5562130177515,9.31211723534558,0,0,95,coarse
55,45,0.333240766453763,0.333240766453763,0.0833101916134407,0.887364872543742,-35.7569142612405,-3.01667020853322,99.6667592335462,9.30607853684777,14.5778652668416,0,0,100,coarse
55,50,0.333240766453763,0.333240766453763,0.0833101916134407,0.887364872543742,-39.5278824293051,-3.01667020853322,99.6667592335462,5.08337816030124,19.2913385826772,0,0,105,coarse
55,55,0.333240766453763,0.333240766453763,0.0833101916134407,0.887364872543742,-39.6755027372364,-3.01667020853322,99.6667592335462,0,23.3048993875766,0,0,110,coarse
60,0,0.555401277422938,0.555401277422938,0.319355734518189,13.6961495183763,-19.9363032738823,1.16545269574932,99.4445987225771,27.3574315222272,0,0,0,60,coarse
60,0.5,0.555401277422938,0.555401277422938,0.319355734518189,13.6961495183763,-19.9363032738823,1.16545269574932,99.4445987225771,27.3574315222272,0,0,0,60.5,coarse
60,1,0.555401277422938,0.555401277422938,0.319355734518189,13.6961495183763,-19.9363032738823,1.16545269574932,99.4445987225771,27.3574315222272,0,0,0,61,coarse
60,2,0.555401277422938,0.555401277422938,0.291585670647042,4.37272590073876,-19.9646582092533,-0.0547979791014383,99.4445987225771,27.3181409968568,0.0392905253704535,0,0,62,coarse
60,3,0.555401277422938,0.555401277422938,0.249930574840322,2.24882371025359,-19.9825227126177,-0.112775708305472,99.4445987225771,27.2900763358779,0.0673551863493489,0,0,63,coarse
60,5,0.44432102193835,0.44432102193835,0.194390447098028,0.88823633177627,-20.1077966409735,-1.66453277752803,99.5556789780616,27.2451728783116,0.112258643915582,0,0,65,coarse
60,10,0.333240766453763,0.333240766453763,0.0833101916134407,0.88823633177627,-20.3324650178625,-3.01641818217061,99.6667592335462,27.0150426582847,0.342388863942524,0,0,70,coarse
60,15,0.333240766453763,0.333240766453763,0.0833101916134407,0.88823633177627,-21.5249426993576,-3.01641818217061,99.6667592335462,26.7007184553211,0.74912510936133,0,0,75,coarse
60,20,0.333240766453763,0.333240766453763,0.0833101916134407,0.88823633177627,-22.6935531031863,-3.01641818217061,99.6667592335462,25.9317467444993,1.42568477772789,0,0,80,coarse
60,25,0.333240766453763,0.333240766453763,0.0833101916134407,0.88823633177627,-23.5202851771783,-3.01641818217061,99.6667592335462,25.2245172878312,2.26465841850457,0,0,85,coarse
60,30,0.333240766453763,0.333240766453763,0.0833101916134407,0.88823633177627,-27.4389903725479,-3.01641818217061,99.6667592335462,23.9054782218231,3.64720034995626,0,0,90,coarse
60,35,0.333240766453763,0.333240766453763,0.0833101916134407,0.88823633177627,-29.5392786460438,-3.01641818217061,99.6667592335462,21.7950157162101,5.94925634295713,0,0,95,coarse
60,40,0.333240766453763,0.333240766453763,0.0833101916134407,0.887364872543742,-32.5352018147022,-3.01641818217061,99.6667592335462,18.7977099236641,9.31211723534558,0,0,100,coarse
60,45,0.333240766453763,0.333240766453763,0.0833101916134407,0.887364872543742,-35.7569142612405,-3.01667020853322,99.6667592335462,13.4710372698698,14.5778652668416,0,0,105,coarse
60,50,0.333240766453763,0.333240766453763,0.0833101916134407,0.887364872543742,-39.5278824293051,-3.01667020853322,99.6667592335462,8.94029047875202,19.2913385826772,0,0,110,coarse
60,55,0.333240766453763,0.333240766453763,0.0833101916134407,0.887364872543742,-39.6755027372364,-3.01667020853322,99.6667592335462,4.38969282909247,23.3048993875766,0,0,115,coarse
60,60,0.333240766453763,0.333240766453763,0.0833101916134407,0.887362417730287,-39.8100080669231,-3.01667062153933,99.6667592335462,0,27.3574315222272,0,0,120,coarse
65,0,0.555401277422938,0.555401277422938,0.319355734518189,13.6961495183763,-19.9363032738823,1.16545269574932,99.4445987225771,31.9207453973956,0,0,0,65,coarse
65,0.5,0.555401277422938,0.555401277422938,0.319355734518189,13.6961495183763,-19.9363032738823,1.16545269574932,99.4445987225771,31.9207453973956,0,0,0,65.5,coarse
65,1,0.555401277422938,0.555401277422938,0.319355734518189,13.6961495183763,-19.9363032738823,1.16545269574932,99.4445987225771,31.9207453973956,0,0,0,66,coarse
65,2,0.555401277422938,0.555401277422938,0.291585670647042,4.37272590073876,-19.9646582092533,-0.0547979791014383,99.4445987225771,31.8814548720251,0.0392905253704535,0,0,67,coarse
65,3,0.555401277422938,0.555401277422938,0.249930574840322,2.24882371025362,-19.9825227126177,-0.112775708305472,99.4445987225771,31.8533902110462,0.0673551863493489,0,0,68,coarse
65,5,0.44432102193835,0.44432102193835,0.194390447098028,0.88823633177627,-20.1077966409735,-1.66453277752803,99.5556789780616,31.80848675348,0.112258643915582,0,0,70,coarse
65,10,0.333240766453763,0.333240766453763,0.0833101916134407,0.88823633177627,-20.3324650178625,-3.01641818217061,99.6667592335462,31.5783565334531,0.342388863942524,0,0,75,coarse
65,15,0.333240766453763,0.333240766453763,0.0833101916134407,0.88823633177627,-21.5249426993576,-3.01641818217061,99.6667592335462,31.2640323304894,0.74912510936133,0,0,80,coarse
65,20,0.333240766453763,0.333240766453763,0.0833101916134407,0.88823633177627,-22.6935531031863,-3.01641818217061,99.6667592335462,30.4950606196677,1.42568477772789,0,0,85,coarse
65,25,0.333240766453763,0.333240766453763,0.0833101916134407,0.88823633177627,-23.5202851771783,-3.01641818217061,99.6667592335462,29.7878311629996,2.26465841850457,0,0,90,coarse
65,30,0.333240766453763,0.333240766453763,0.0833101916134407,0.88823633177627,-27.4389903725479,-3.01641818217061,99.6667592335462,28.4687920969915,3.64720034995626,0,0,95,coarse
65,35,0.333240766453763,0.333240766453763,0.0833101916134407,0.88823633177627,-29.5392786460438,-3.01641818217061,99.6667592335462,26.3583295913785,5.94925634295713,0,0,100,coarse
65,40,0.333240766453763,0.333240766453763,0.0833101916134407,0.887364872543742,-32.5352018147022,-3.01641818217061,99.6667592335462,23.3610237988325,9.31211723534558,0,0,105,coarse
65,45,0.333240766453763,0.333240766453763,0.0833101916134407,0.887364872543742,-35.7569142612405,-3.01667020853322,99.6667592335462,18.0343511450382,14.5778652668416,0,0,110,coarse
65,50,0.333240766453763,0.333240766453763,0.0833101916134407,0.887364872543742,-39.5278824293051,-3.01667020853322,99.6667592335462,13.4373596766951,19.2913385826772,0,0,115,coarse
65,55,0.333240766453763,0.333240766453763,0.0833101916134407,0.887364872543742,-39.6755027372364,-3.01667020853322,99.6667592335462,8.87404580152672,23.3048993875766,0,0,120,coarse
65,60,0.333240766453763,0.333240766453763,0.0833101916134407,0.887362417730287,-39.8100080669231,-3.01667062153933,99.6667592335462,4.56331387516839,27.3574315222272,0,0,125,coarse
65,65,0.333240766453763,0.333240766453763,0.0833101916134407,0.887362417730287,-39.8100080669231,-3.01667062153933,99.6667592335462,0,31.9207453973956,0,0,130,coarse
70,0,0.555401277422938,0.555401277422938,0.263815606775896,13.6961495183763,-19.976043085001,1.16545269574932,99.4445987225771,36.1472833408172,0,0,0,70,coarse
70,0.5,0.555401277422938,0.555401277422938,0.263815606775896,13.6961495183763,-19.976043085001,1.16545269574932,99.4445987225771,36.1472833408172,0,0,0,70.5,coarse
70,1,0.555401277422938,0.555401277422938,0.263815606775896,13.6961495183763,-19.976043085001,1.16545269574932,99.4445987225771,36.1472833408172,0,0,0,71,coarse
70,2,0.555401277422938,0.555401277422938,0.236045542904749,4.37272590073876,-20.0004912831959,-0.0547979791014383,99.4445987225771,36.1079928154468,0.0392905253704535,0,0,72,coarse
70,3,0.555401277422938,0.555401277422938,0.194390447098028,2.24882371025362,-20.0444150098173,-0.112775708305472,99.4445987225771,36.0799281544679,0.0673551863493489,0,0,73,coarse
70,5,0.44432102193835,0.44432102193835,0.138850319355735,0.88823633177627,-20.1657559271765,-1.66453277752803,99.5556789780616,36.0350246969017,0.112258643915582,0,0,75,coarse
70,10,0.333240766453763,0.333240766453763,0.0277700638711469,0.88823633177627,-20.4276239426075,-3.01641818217061,99.6667592335462,35.8048944768747,0.342388863942524,0,0,80,coarse
70,15,0.333240766453763,0.333240766453763,0.0277700638711469,0.88823633177627,-21.6721515576198,-3.01641818217061,99.6667592335462,35.4905702739111,0.74912510936133,0,0,85,coarse
70,20,0.333240766453763,0.333240766453763,0.0277700638711469,0.88823633177627,-22.8571868080239,-3.01641818217061,99.6667592335462,34.7215985630894,1.42568477772789,0,0,90,coarse
70,25,0.333240766453763,0.333240766453763,0.0277700638711469,0.88823633177627,-23.7103456699343,-3.01641818217061,99.6667592335462,34.0143691064212,2.26465841850457,0,0,95,coarse
70,30,0.333240766453763,0.333240766453763,0.0277700638711469,0.88823633177627,-27.5353999426782,-3.01641818217061,99.6667592335462,32.6953300404131,3.64720034995626,0,0,100,coarse
70,35,0.333240766453763,0.333240766453763,0.0277700638711469,0.88823633177627,-29.6330743102438,-3.01641818217061,99.6667592335462,30.5848675348002,5.94925634295713,0,0,105,coarse
70,40,0.333240766453763,0.333240766453763,0.0277700638711469,0.887364872543742,-32.6524100079264,-3.01641818217061,99.6667592335462,27.5875617422542,9.31211723534558,0,0,110,coarse
70,45,0.333240766453763,0.333240766453763,0.0277700638711469,0.887364872543742,-35.8224460876892,-3.01667020853322,99.6667592335462,22.2608890884598,14.5778652668416,0,0,115,coarse
70,50,0.333240766453763,0.333240766453763,0.0277700638711469,0.887364872543742,-39.7436779144342,-3.01667020853322,99.6667592335462,17.6638976201167,19.2913385826772,0,0,120,coarse
70,55,0.333240766453763,0.333240766453763,0.0277700638711469,0.887364872543742,-39.8642282938899,-3.01667020853322,99.6667592335462,13.1005837449484,23.3048993875766,0,0,125,coarse
70,60,0.333240766453763,0.333240766453763,0.0277700638711469,0.887362417730287,-39.8993517832688,-3.01667062153933,99.6667592335462,8.78985181859003,27.3574315222272,0,0,130,coarse
70,65,0.333240766453763,0.333240766453763,0.0277700638711469,0.887362417730287,-39.8993517832688,-3.01667062153933,99.6667592335462,4.44324905863367,31.9207453973956,0,0,135,coarse
70,70,0.333240766453763,0.333240766453763,0.0277700638711469,0.887362417730287,-39.8993517832688,-3.01667062153933,99.6667592335462,0,36.1472833408172,0,0,140,coarse
75,0,0.555401277422938,0.555401277422938,0.249930574840322,13.6961495183763,-20.0444150098173,1.16545269574932,99.4445987225771,40.6600808262236,0,0,0,75,coarse
75,0.5,0.555401277422938,0.555401277422938,0.249930574840322,13.6961495183763,-20.0444150098173,1.16545269574932,99.4445987225771,40.6600808262236,0,0,0,75.5,coarse
75,1,0.555401277422938,0.555401277422938,0.249930574840322,13.6961495183763,-20.0444150098173,1.16545269574932,99.4445987225771,40.6600808262236,0,0,0,76,coarse
75,2,0.555401277422938,0.555401277422938,0.208275479033602,4.37272590073876,-20.1077966409735,-0.0547979791014383,99.4445987225771,40.6207903008532,0.0392905253704535,0,0,77,coarse
75,3,0.555401277422938,0.555401277422938,0.166620383226881,2.24882371025362,-20.1640764113335,-0.112775708305472,99.4445987225771,40.5927256398743,0.0673551863493489,0,0,78,coarse
75,5,0.44432102193835,0.44432102193835,0.111080255484588,-0.100152233692484,-20.2807113201681,-1.66453277752803,99.5556789780616,40.547822182308,0.112258643915582,0,0,80,coarse
75,10,0.333240766453763,0.333240766453763,0,-0.777528548658694,-20.8989351353032,-3.01641818217061,99.6667592335462,40.3176919622811,0.342388863942524,0,0,85,coarse
75,15,0.333240766453763,0.333240766453763,0,-0.777528548658694,-22.0030635981066,-3.01641818217061,99.6667592335462,40.0033677593175,0.74912510936133,0,0,90,coarse
75,20,0.333240766453763,0.333240766453763,0,-0.777528548658694,-23.0358492363423,-3.01641818217061,99.6667592335462,39.2343960484957,1.42568477772789,0,0,95,coarse
75,25,0.333240766453763,0.333240766453763,0,-0.777528548658694,-24.4712219333887,-3.01641818217061,99.6667592335462,38.5271665918276,2.26465841850457,0,0,100,coarse
75,30,0.333240766453763,0.333240766453763,0,-0.777528548658694,-27.777825823574,-3.01641818217061,99.6667592335462,37.2081275258195,3.64720034995626,0,0,105,coarse
75,35,0.333240766453763,0.333240766453763,0,-0.777528548658694,-30.1567881857137,-3.01641818217061,99.6667592335462,35.0976650202066,5.94925634295713,0,0,110,coarse
75,40,0.333240766453763,0.333240766453763,0,-0.777528548658694,-33.1778621915839,-3.01641818217061,99.6667592335462,32.1003592276605,9.31211723534558,0,0,115,coarse
75,45,0.333240766453763,0.333240766453763,0,-0.777528548658694,-36.5689831480445,-3.01667020853322,99.6667592335462,26.7736865738662,14.5778652668416,0,0,120,coarse
75,50,0.333240766453763,0.333240766453763,0,-0.777559625840922,-40.4180299122592,-3.01667020853322,99.6667592335462,22.1766951055231,19.2913385826772,0,0,125,coarse
75,55,0.333240766453763,0.333240766453763,0,-0.777559625840922,-40.4566519201358,-3.01667020853322,99.6667592335462,17.6133812303547,23.3048993875766,0,0,130,coarse
75,60,0.333240766453763,0.333240766453763,0,-0.777559625840922,-40.4850891559464,-3.01667062153933,99.6667592335462,13.3026493039964,27.3574315222272,0,0,135,coarse
75,65,0.333240766453763,0.333240766453763,0,-0.777559625840922,-40.5033189159534,-3.01667062153933,99.6667592335462,8.73933542882802,31.9207453973956,0,0,140,coarse
75,70,0.333240766453763,0.333240766453763,0,-0.777559625840922,-40.5465137402276,-3.01667062153933,99.6667592335462,4.51279748540638,36.1472833408172,0,0,145,coarse
75,75,0.333240766453763,0.333240766453763,0,-0.777559625840922,-40.7568844198197,-3.01667062153933,99.6667592335462,0,40.6600808262236,0,0,150,coarse
80,0,0.555401277422938,0.555401277422938,0.249930574840322,13.6961495183763,-20.0444150098173,1.16545269574932,99.4445987225771,44.106421194432,0,0,0,80,coarse
80,0.5,0.555401277422938,0.555401277422938,0.249930574840322,13.6961495183763,-20.0444150098173,1.16545269574932,99.4445987225771,44.106421194432,0,0,0,80.5,coarse
80,1,0.555401277422938,0.555401277422938,0.249930574840322,13.6961495183763,-20.0444150098173,1.16545269574932,99.4445987225771,44.106421194432,0,0,0,81,coarse
80,2,0.555401277422938,0.555401277422938,0.208275479033602,4.37272590073876,-20.1077966409735,-0.0547979791014383,99.4445987225771,44.0671306690615,0.0392905253704535,0,0,82,coarse
80,3,0.555401277422938,0.555401277422938,0.166620383226881,2.24882371025362,-20.1640764113335,-0.112775708305472,99.4445987225771,44.0390660080826,0.0673551863493489,0,0,83,coarse
80,5,0.44432102193835,0.44432102193835,0.111080255484588,-0.100152233692484,-20.2807113201681,-1.66453277752803,99.5556789780616,43.9941625505164,0.112258643915582,0,0,85,coarse
80,10,0.333240766453763,0.333240766453763,0,-0.777528548658694,-20.8989351353032,-3.01641818217061,99.6667592335462,43.7640323304894,0.342388863942524,0,0,90,coarse
80,15,0.333240766453763,0.333240766453763,0,-0.777528548658694,-22.0030635981066,-3.01641818217061,99.6667592335462,43.4497081275258,0.74912510936133,0,0,95,coarse
80,20,0.333240766453763,0.333240766453763,0,-0.777528548658694,-23.0358492363423,-3.01641818217061,99.6667592335462,42.6807364167041,1.42568477772789,0,0,100,coarse
80,25,0.333240766453763,0.333240766453763,0,-0.777528548658694,-24.4712219333887,-3.01641818217061,99.6667592335462,41.9735069600359,2.26465841850457,0,0,105,coarse
80,30,0.333240766453763,0.333240766453763,0,-0.777528548658694,-27.777825823574,-3.01641818217061,99.6667592335462,40.6544678940278,3.64720034995626,0,0,110,coarse
80,35,0.333240766453763,0.333240766453763,0,-0.777528548658694,-30.1567881857137,-3.01641818217061,99.6667592335462,38.5440053884149,5.94925634295713,0,0,115,coarse
80,40,0.333240766453763,0.333240766453763,0,-0.777528548658694,-33.1778621915839,-3.01641818217061,99.6667592335462,35.5466995958689,9.31211723534558,0,0,120,coarse
80,45,0.333240766453763,0.333240766453763,0,-0.777528548658694,-36.5689831480445,-3.01667020853322,99.6667592335462,30.2200269420745,14.5778652668416,0,0,125,coarse
80,50,0.333240766453763,0.333240766453763,0,-0.777559625840922,-40.4531821227099,-3.01667020853322,99.6667592335462,25.6858526089295,19.2913385826772,0,0,130,coarse
80,55,0.333240766453763,0.333240766453763,0,-0.777559625840922,-40.4657267969212,-3.01667020853322,99.6667592335462,21.0597215985631,23.3048993875766,0,0,135,coarse
80,60,0.333240766453763,0.333240766453763,0,-0.777559625840922,-40.5211896738607,-3.01667062153933,99.6667592335462,16.7489896722048,27.3574315222272,0,0,140,coarse
80,65,0.333240766453763,0.333240766453763,0,-0.777559625840922,-40.5429937038821,-3.01667062153933,99.6667592335462,12.9747175901022,31.9207453973956,0,0,145,coarse
80,70,0.333240766453763,0.333240766453763,0,-0.777559625840922,-40.6340083766507,-3.01667062153933,99.6667592335462,8.94575678040245,36.1472833408172,0,0,150,coarse
80,75,0.333240766453763,0.333240766453763,0,-0.777559625840922,-40.8224619363642,-3.01667062153933,99.6667592335462,4.79549431321085,40.6600808262236,0,0,155,coarse
80,80,0.333240766453763,0.333240766453763,0,-0.777562129275566,-41.2306661146209,-3.01667062153933,99.6667592335462,0,44.106421194432,0,0,160,coarse
85,0,0.555401277422938,0.555401277422938,0.249930574840322,13.6961495183763,-20.0444150098173,1.16545269574932,99.4445987225771,48.4470691163605,0,0,0,85,coarse
85,0.5,0.555401277422938,0.555401277422938,0.249930574840322,13.6961495183763,-20.0444150098173,1.16545269574932,99.4445987225771,48.4470691163605,0,0,0,85.5,coarse
85,1,0.555401277422938,0.555401277422938,0.249930574840322,13.6961495183763,-20.0444150098173,1.16545269574932,99.4445987225771,48.4470691163605,0,0,0,86,coarse
85,2,0.555401277422938,0.555401277422938,0.208275479033602,4.37272590073876,-20.1077966409735,-0.0547979791014383,99.4445987225771,48.4361329833771,0.0392905253704535,0,0,87,coarse
85,3,0.555401277422938,0.555401277422938,0.166620383226881,2.24882371025362,-20.1640764113335,-0.112775708305472,99.4445987225771,48.4251968503937,0.0673551863493489,0,0,88,coarse
85,5,0.44432102193835,0.44432102193835,0.111080255484588,-0.100152233692484,-20.2807113201681,-1.66453277752803,99.5556789780616,48.3978565179353,0.112258643915582,0,0,90,coarse
85,10,0.333240766453763,0.333240766453763,0,-0.777528548658694,-20.8989351353032,-3.01641818217061,99.6667592335462,48.2010061242345,0.342388863942524,0,0,95,coarse
85,15,0.333240766453763,0.333240766453763,0,-0.777528548658694,-22.0030635981066,-3.01641818217061,99.6667592335462,47.7245831091985,0.74912510936133,0,0,100,coarse
85,20,0.333240766453763,0.333240766453763,0,-0.777528548658694,-23.0358492363423,-3.01641818217061,99.6667592335462,47.2112860892388,1.42568477772789,0,0,105,coarse
85,25,0.333240766453763,0.333240766453763,0,-0.777528548658694,-24.4712219333887,-3.01641818217061,99.6667592335462,46.3965441819773,2.26465841850457,0,0,110,coarse
85,30,0.333240766453763,0.333240766453763,0,-0.777528548658694,-27.9417889080945,-3.01641818217061,99.6667592335462,44.8136506511001,3.64720034995626,0,0,115,coarse
85,35,0.333240766453763,0.333240766453763,0,-0.777528548658694,-30.3872285041854,-3.01641818217061,99.6667592335462,43.0177514792899,5.94925634295713,0,0,120,coarse
85,40,0.333240766453763,0.333240766453763,0,-0.777528548658694,-33.3832420153827,-3.01641818217061,99.6667592335462,39.8440021516945,9.31211723534558,0,0,125,coarse
85,45,0.333240766453763,0.333240766453763,0,-0.777528548658694,-36.9368020197684,-3.01667020853322,99.6667592335462,34.5938676707908,14.5778652668416,0,0,130,coarse
85,50,0.333240766453763,0.333240766453763,0,-0.777559625840922,-40.8979935297662,-3.01667020853322,99.6667592335462,30.3711672942442,19.2913385826772,0,0,135,coarse
85,55,0.333240766453763,0.333240766453763,0,-0.777559625840922,-40.9628011431099,-3.01667020853322,99.6667592335462,25.287789133943,23.3048993875766,0,0,140,coarse
85,60,0.333240766453763,0.333240766453763,0,-0.777559625840922,-41.0381082869007,-3.01667062153933,99.6667592335462,21.4512248468941,27.3574315222272,0,0,145,coarse
85,65,0.333240766453763,0.333240766453763,0,-0.777559625840922,-41.0562673230235,-3.01667062153933,99.6667592335462,17.8423009623797,31.9207453973956,0,0,150,coarse
85,70,0.333240766453763,0.333240766453763,0,-0.777559625840922,-41.0807774717759,-3.01667062153933,99.6667592335462,13.9545056867892,36.1472833408172,0,0,155,coarse
85,75,0.333240766453763,0.333240766453763,0,-0.777559625840922,-41.2927526711441,-3.01667062153933,99.6667592335462,9.80424321959755,40.6600808262236,0,0,160,coarse
85,80,0.333240766453763,0.333240766453763,0,-0.777562129275566,-42.0079508603389,-3.01667062153933,99.6667592335462,5.0087489063867,44.106421194432,0,0,165,coarse
85,85,0.333240766453763,0.333240766453763,0,-0.777562129275566,-42.8425096814767,-3.01667062153933,99.6667592335462,0,48.4470691163605,0,0,170,coarse
90,0,0.555401277422938,0.555401277422938,0.249930574840322,13.6961495183763,-20.1077966409735,1.16545269574932,99.4445987225771,53.7729658792651,0,0,0,90,coarse
90,0.5,0.555401277422938,0.555401277422938,0.249930574840322,13.6961495183763,-20.1077966409735,1.16545269574932,99.4445987225771,53.7729658792651,0,0,0,90.5,coarse
90,1,0.555401277422938,0.555401277422938,0.249930574840322,13.6961495183763,-20.1077966409735,1.16545269574932,99.4445987225771,53.7729658792651,0,0,0,91,coarse
90,2,0.555401277422938,0.555401277422938,0.208275479033602,4.37272590073876,-20.1657559271765,-0.0547979791014383,99.4445987225771,53.7620297462817,0.0392905253704535,0,0,92,coarse
90,3,0.555401277422938,0.555401277422938,0.166620383226881,2.2488237102536,-20.1815236499008,-0.112775708305495,99.4445987225771,53.7510936132983,0.0673551863493489,0,0,93,coarse
90,5,0.44432102193835,0.44432102193835,0.111080255484588,-0.100152233692512,-20.35692633933,-1.66453277752803,99.5556789780616,53.7237532808399,0.112258643915582,0,0,95,coarse
90,10,0.333240766453763,0.333240766453763,0,-0.777528548658694,-21.0527636536739,-3.01641818217061,99.6667592335462,53.5269028871391,0.342388863942524,0,0,100,coarse
90,15,0.333240766453763,0.333240766453763,0,-0.777528548658694,-22.1471830836623,-3.01641818217061,99.6667592335462,53.0238407699038,0.74912510936133,0,0,105,coarse
90,20,0.333240766453763,0.333240766453763,0,-0.777528548658694,-23.2119104721116,-3.01641818217061,99.6667592335462,52.5371828521435,1.42568477772789,0,0,110,coarse
90,25,0.333240766453763,0.333240766453763,0,-0.777528548658694,-24.9321122388207,-3.01641818217061,99.6667592335462,51.7224409448819,2.26465841850457,0,0,115,coarse
90,30,0.333240766453763,0.333240766453763,0,-0.777528548658694,-28.2165658364722,-3.01641818217061,99.6667592335462,50.1257655293088,3.64720034995626,0,0,120,coarse
90,35,0.333240766453763,0.333240766453763,0,-0.777528548658694,-30.5804416803584,-3.01641818217061,99.6667592335462,47.9119892231702,5.94925634295713,0,0,125,coarse
90,40,0.333240766453763,0.333240766453763,0,-0.777528548658694,-33.7006409878045,-3.01641818217061,99.6667592335462,44.9146834306242,9.31211723534558,0,0,130,coarse
90,45,0.333240766453763,0.333240766453763,0,-0.777528548658694,-37.128115016829,-3.01667020853322,99.6667592335462,39.5880107768298,14.5778652668416,0,0,135,coarse
90,50,0.333240766453763,0.333240766453763,0,-0.777559625840922,-41.2359568811443,-3.01667020853322,99.6667592335462,34.9910193084868,19.2913385826772,0,0,140,coarse
90,55,0.333240766453763,0.333240766453763,0,-0.777559625840922,-41.2558014819265,-3.01667020853322,99.6667592335462,30.6955726504922,23.3048993875766,0,0,145,coarse
90,60,0.333240766453763,0.333240766453763,0,-0.777559625840922,-41.2747346277187,-3.01667062153933,99.6667592335462,26.7771216097988,27.3574315222272,0,0,150,coarse
90,65,0.333240766453763,0.333240766453763,0,-0.777559625840922,-41.2844654530463,-3.01667062153933,99.6667592335462,23.1681977252843,31.9207453973956,0,0,155,coarse
90,70,0.333240766453763,0.333240766453763,0,-0.777559625840922,-41.2927526711441,-3.01667062153933,99.6667592335462,19.2804024496938,36.1472833408172,0,0,160,coarse
90,75,0.333240766453763,0.333240766453763,0,-0.777559625840922,-42.1001132396745,-3.01667062153933,99.6667592335462,15.1301399825022,40.6600808262236,0,0,165,coarse
90,80,0.333240766453763,0.333240766453763,0,-0.777562129275566,-42.4415590260797,-3.01667062153933,99.6667592335462,10.3346456692913,44.106421194432,0,0,170,coarse
90,85,0.333240766453763,0.333240766453763,0,-0.777562129275566,-43.1673902888287,-3.01667062153933,99.6667592335462,5.76147183818387,48.4470691163605,0,0,175,coarse
90,90,0.333240766453763,0.333240766453763,0,-0.777562129275566,-44.5441847097713,-3.01667062153933,99.6667592335462,0,53.7729658792651,0,0,180,coarse
95,0,0.527631213551791,0.527631213551791,0.249930574840322,13.6961495183763,-20.7798003648585,1.16545269574932,99.4723687864482,60.2580927384077,0,0,0,95,coarse
95,0.5,0.527631213551791,0.527631213551791,0.249930574840322,13.6961495183763,-20.7798003648585,1.16545269574932,99.4723687864482,60.2580927384077,0,0,0,95.5,coarse
95,1,0.527631213551791,0.527631213551791,0.249930574840322,13.6961495183763,-20.7798003648585,1.16545269574932,99.4723687864482,60.2580927384077,0,0,0,96,coarse
95,2,0.527631213551791,0.527631213551791,0.208275479033602,4.37272590073876,-20.8989351353032,-0.0547979791014383,99.4723687864482,60.2471566054243,0.0392905253704535,0,0,97,coarse
95,3,0.527631213551791,0.527631213551791,0.166620383226881,2.2488237102536,-20.9858834304552,-0.112775708305495,99.4723687864482,60.2362204724409,0.0673551863493489,0,0,98,coarse
95,5,0.416550958067203,0.416550958067203,0.111080255484588,-0.100152233692512,-21.2178456510256,-1.66453277752803,99.5834490419328,60.2088801399825,0.112258643915582,0,0,100,coarse
95,10,0.305470702582616,0.305470702582616,0,-0.777528548658694,-21.5249426993576,-3.01641818217061,99.6945292974174,60.0120297462817,0.342388863942524,0,0,105,coarse
95,15,0.305470702582616,0.305470702582616,0,-0.777528548658694,-22.6380052476908,-3.01641818217061,99.6945292974174,59.5589026358257,0.74912510936133,0,0,110,coarse
95,20,0.305470702582616,0.305470702582616,0,-0.777528548658694,-23.5810260514617,-3.01641818217061,99.6945292974174,59.0223097112861,1.42568477772789,0,0,115,coarse
95,25,0.305470702582616,0.305470702582616,0,-0.777528548658694,-25.5501834646597,-3.01641818217061,99.6945292974174,58.2075678040245,2.26465841850457,0,0,120,coarse
95,30,0.305470702582616,0.305470702582616,0,-0.777528548658694,-28.7717624426989,-3.01641818217061,99.6945292974174,56.6108923884514,3.64720034995626,0,0,125,coarse
95,35,0.305470702582616,0.305470702582616,0,-0.777528548658694,-31.3913198757053,-3.01641818217061,99.6945292974174,54.8520710059172,5.94925634295713,0,0,130,coarse
95,40,0.305470702582616,0.305470702582616,0,-0.777528548658694,-33.8275530862082,-3.01641818217061,99.6945292974174,51.6783216783217,9.31211723534558,0,0,135,coarse
95,45,0.305470702582616,0.305470702582616,0,-0.777528548658694,-37.2955480153728,-3.01667020853322,99.6945292974174,46.428187197418,14.5778652668416,0,0,140,coarse
95,50,0.305470702582616,0.305470702582616,0,-0.777559625840922,-41.3722062772361,-3.01667020853322,99.6945292974174,42.2054868208714,19.2913385826772,0,0,145,coarse
95,55,0.305470702582616,0.305470702582616,0,-0.777559625840922,-41.5219082505955,-3.01667020853322,99.6945292974174,37.6728172575179,23.3048993875766,0,0,150,coarse
95,60,0.305470702582616,0.305470702582616,0,-0.777559625840922,-41.5219082505955,-3.01667062153933,99.6945292974174,33.2831244284254,27.3574315222272,0,0,155,coarse
95,65,0.305470702582616,0.305470702582616,0,-0.777559625840922,-41.6079479852863,-3.01667062153933,99.6945292974174,29.6533245844269,31.9207453973956,0,0,160,coarse
95,70,0.305470702582616,0.305470702582616,0,-0.777559625840922,-41.6547037971137,-3.01667062153933,99.6945292974174,25.7655293088364,36.1472833408172,0,0,165,coarse
95,75,0.305470702582616,0.305470702582616,0,-0.777559625840922,-42.3294194192598,-3.01667062153933,99.6945292974174,21.6152668416448,40.6600808262236,0,0,170,coarse
95,80,0.305470702582616,0.305470702582616,0,-0.777562129275566,-42.5912866860279,-3.01667062153933,99.6945292974174,17.1499273764054,44.106421194432,0,0,175,coarse
95,85,0.305470702582616,0.305470702582616,0,-0.777562129275566,-43.402907163059,-3.01667062153933,99.6945292974174,12.7387164452095,48.4470691163605,0,0,180,coarse
95,90,0.305470702582616,0.305470702582616,0,-0.777562129275566,-44.5677910579887,-3.01667062153933,99.6945292974174,7.53630984400215,53.7729658792651,0,0,185,coarse
95,95,0.305470702582616,0.305470702582616,0,-0.777658882786938,-45.2331606708845,-3.01667062153933,99.6945292974174,0,60.2580927384077,0,0,190,coarse
100,0,0.416550958067203,0.416550958067203,0.152735351291308,13.6961495183763,-21.5167486989249,1.16545269574932,99.5834490419328,70.6146106736658,0,0,0,100,coarse
100,0.5,0.416550958067203,0.416550958067203,0.152735351291308,13.6961495183763,-21.5167486989249,1.16545269574932,99.5834490419328,70.6146106736658,0,0,0,100.5,coarse
100,1,0.416550958067203,0.416550958067203,0.152735351291308,13.6961495183763,-21.5167486989249,1.16545269574932,99.5834490419328,70.6146106736658,0,0,0,101,coarse
100,2,0.36101083032491,0.36101083032491,0.138850319355735,4.37272590073876,-21.5750145191793,-0.0547979791014383,99.6389891696751,70.6036745406824,0.0392905253704535,0,0,102,coarse
100,3,0.333240766453763,0.333240766453763,0.111080255484588,2.2488237102536,-21.6071922376058,-0.112775708305495,99.6667592335462,70.592738407699,0.0673551863493489,0,0,103,coarse
100,5,0.222160510969175,0.222160510969175,0.0555401277422938,-0.100152233692512,-21.6328852460089,-3.32913456119751,99.7778394890308,70.5653980752406,0.112258643915582,0,0,105,coarse
100,10,0,0,0,-6.29539073064868,-22.4161586559049,-8.57759030807676,100,70.3685476815398,0.342388863942524,1,1,110,coarse
100,15,0,0,0,-10.0733067791052,-22.9559327823386,-11.6212169368155,100,69.8654855643045,0.74912510936133,1,1,115,coarse
100,20,0,0,0,-10.0733067791052,-24.5118330353664,-14.4031709942964,100,69.3788276465442,1.42568477772789,1,1,120,coarse
100,25,0,0,0,-14.8648491533424,-26.8843170267481,-15.1242103270726,100,68.5640857392826,2.26465841850457,1,1,125,coarse
100,30,0,0,0,-14.8648491533424,-29.4840154566236,-15.1242103270726,100,66.9674103237095,3.64720034995626,1,1,130,coarse
100,35,0,0,0,-17.6313921467722,-32.0253357437833,-20.0929642619539,100,64.9577707246221,5.94925634295713,1,1,135,coarse
100,40,0,0,0,-22.213134096733,-34.1763219146212,-24.1609526914869,100,61.4825972349239,9.31211723534558,1,1,140,coarse
100,45,0,0,0,-23.1954387390809,-37.5060768601051,-27.0483717258726,100,56.4903975469364,14.5778652668416,1,1,145,coarse
100,50,0,0,0,-29.2486022180964,-41.2666214878026,-30.2668358744829,100,51.8532465436548,19.2913385826772,1,1,150,coarse
100,55,0,0,0,-29.2486022180964,-41.5219082505955,-30.2668358744829,100,48.1037172521384,23.3048993875766,1,1,155,coarse
100,60,0,0,0,-29.2486022180964,-41.5219082505955,-30.2668358744829,100,43.7140244230459,27.3574315222272,1,1,160,coarse
100,65,0,0,0,-29.2486022180964,-41.6079479852863,-30.2668358744829,100,40.009842519685,31.9207453973956,1,1,165,coarse
100,70,0,0,0,-29.2486022180964,-41.6079479852863,-30.2668358744829,100,36.1220472440945,36.1472833408172,1,1,170,coarse
100,75,0,0,0,-29.2486022180964,-42.2843004698034,-30.2704854343784,100,31.9717847769029,40.6600808262236,1,1,175,coarse
100,80,0,0,0,-29.270252649597,-42.5912866860279,-30.300002701657,100,27.5808273710259,44.106421194432,1,1,180,coarse
100,85,0,0,0,-29.270252649597,-43.4301515366058,-30.3072433172694,100,23.16961643983,48.4470691163605,1,1,185,coarse
100,90,0,0,0,-29.270252649597,-44.5565768278148,-30.3072433172694,100,17.4081446016461,53.7729658792651,1,1,190,coarse
100,95,0,0,0,-29.270252649597,-45.2273759463493,-30.3072433172694,100,10.4308999946205,60.2580927384077,1,1,195,coarse
100,100,0,0,0,-30.0661163810186,-48.4429014410462,-35.6619816709297,100,0,70.6146106736658,1,1,200,coarse
105,0,0.416550958067203,0.416550958067203,0.152735351291308,13.6961495183763,-21.5167486989249,1.16545269574931,99.5834490419328,77.6749690677282,0,0,0,105,coarse
105,0.5,0.416550958067203,0.416550958067203,0.152735351291308,13.6961495183763,-21.5167486989249,1.16545269574931,99.5834490419328,77.6749690677282,0,0,0,105.5,coarse
105,1,0.416550958067203,0.416550958067203,0.152735351291308,13.6961495183763,-21.5167486989249,1.16545269574931,99.5834490419328,77.6749690677282,0,0,0,106,coarse
105,2,0.36101083032491,0.36101083032491,0.138850319355735,4.37272590073876,-21.5750145191793,-0.0547979791013872,99.6389891696751,77.6695895422024,0.0392905253704535,0,0,107,coarse
105,3,0.333240766453763,0.333240766453763,0.111080255484588,2.2488237102536,-21.6071922376058,-0.112775708305501,99.6667592335462,77.6588304911507,0.0673551863493489,0,0,108,coarse
105,5,0.222160510969175,0.222160510969175,0.0555401277422938,-0.100152233692512,-21.6328852460089,-3.32913456119751,99.7778394890308,77.5888966593146,0.112258643915582,0,0,110,coarse
105,10,0,0,0,-6.29539073064868,-22.4161586559049,-8.57759030807676,100,77.3683361127549,0.342388863942524,1,1,115,coarse
105,15,0,0,0,-10.0733067791052,-22.9559327823386,-11.6212169368155,100,77.1274878967187,0.74912510936133,1,1,120,coarse
105,20,0,0,0,-10.0733067791052,-24.5118330353664,-14.4031709942964,100,76.5237506051966,1.42568477772789,1,1,125,coarse
105,25,0,0,0,-14.8648491533424,-26.8843170267481,-15.1242103270726,100,75.6253698423799,2.26465841850457,1,1,130,coarse
105,30,0,0,0,-14.8648491533424,-29.4840154566236,-15.1242103270726,100,74.19979557803,3.64720034995626,1,1,135,coarse
105,35,0,0,0,-17.6313921467722,-32.0253357437833,-20.0929642619539,100,72.4206562668101,5.94925634295713,1,1,140,coarse
105,40,0,0,0,-22.213134096733,-34.1763219146212,-24.1609526914869,100,69.2469069392146,9.31211723534558,1,1,145,coarse
105,45,0,0,0,-23.1954387390809,-37.5060768601051,-27.0483717258726,100,63.9967724583109,14.5778652668416,1,1,150,coarse
105,50,0,0,0,-29.2486022180964,-41.2666214878026,-30.2668358744829,100,59.7740720817644,19.2913385826772,1,1,155,coarse
105,55,0,0,0,-29.2486022180964,-41.5219082505955,-30.2668358744829,100,55.4252514928183,23.3048993875766,1,1,160,coarse
105,60,0,0,0,-29.2486022180964,-41.5219082505955,-30.2668358744829,100,51.0355586637259,27.3574315222272,1,1,165,coarse
105,65,0,0,0,-29.2486022180964,-41.6079479852863,-30.2668358744829,100,47.0629370629371,31.9207453973956,1,1,170,coarse
105,70,0,0,0,-29.2486022180964,-41.6079479852863,-30.2668358744829,100,42.6196880043034,36.1472833408172,1,1,175,coarse
105,75,0,0,0,-29.2486022180964,-42.2843004698034,-30.2704854343784,100,39.01769863898,40.6600808262236,1,1,180,coarse
105,80,0,0,0,-29.270252649597,-42.5912866860279,-30.300002701657,100,34.9023616117058,44.106421194432,1,1,185,coarse
105,85,0,0,0,-29.270252649597,-43.4301515366058,-30.3072433172694,100,30.49115068051,48.4470691163605,1,1,190,coarse
105,90,0,0,0,-29.270252649597,-44.5565768278148,-30.3072433172694,100,25.1048951048951,53.7729658792651,1,1,195,coarse
105,95,0,0,0,-29.270252649597,-45.2273759463493,-30.3072433172694,100,17.7524342353004,60.2580927384077,1,1,200,coarse
105,100,0,0,0,-35.0548968608234,-48.4429014410462,-37.002533580318,100,8.15492200107585,70.6146106736658,1,1,205,coarse
105,105,0,0,0,-35.0612591507394,-48.7279498517928,-39.871943811643,100,0,77.6749690677282,1,1,210,coarse
110,0,0.416550958067203,0.416550958067203,0.152735351291308,13.6961495183763,-21.5167486989249,1.16545269574931,99.5834490419328,80.6606057345742,0,0,0,110,coarse
110,0.5,0.416550958067203,0.416550958067203,0.152735351291308,13.6961495183763,-21.5167486989249,1.16545269574931,99.5834490419328,80.6606057345742,0,0,0,110.5,coarse
110,1,0.416550958067203,0.416550958067203,0.152735351291308,13.6961495183763,-21.5167486989249,1.16545269574931,99.5834490419328,80.6606057345742,0,0,0,111,coarse
110,2,0.36101083032491,0.36101083032491,0.138850319355735,4.37272590073876,-21.5750145191793,-0.0547979791013872,99.6389891696751,80.6552262090484,0.0392905253704535,0,0,112,coarse
110,3,0.333240766453763,0.333240766453763,0.111080255484588,2.2488237102536,-21.6071922376058,-0.112775708305501,99.6667592335462,80.6444671579967,0.0673551863493489,0,0,113,coarse
110,5,0.222160510969175,0.222160510969175,0.0555401277422938,-0.100152233692512,-21.6328852460089,-3.32913456119751,99.7778394890308,80.5745333261606,0.112258643915582,0,0,115,coarse
110,10,0,0,0,-6.29539073064868,-22.4161586559049,-8.57759030807676,100,80.3539727796008,0.342388863942524,1,1,120,coarse
110,15,0,0,0,-10.0733067791052,-22.9559327823386,-11.6212169368155,100,80.0537923614847,0.74912510936133,1,1,125,coarse
110,20,0,0,0,-10.0733067791052,-24.5118330353664,-14.4031709942964,100,79.5093872720426,1.42568477772789,1,1,130,coarse
110,25,0,0,0,-14.8648491533424,-26.8843170267481,-15.1242103270726,100,78.6110065092259,2.26465841850457,1,1,135,coarse
110,30,0,0,0,-14.8648491533424,-29.4840154566236,-15.1242103270726,100,77.185432244876,3.64720034995626,1,1,140,coarse
110,35,0,0,0,-17.6313921467722,-32.0253357437833,-20.0929642619539,100,75.3469607315761,5.94925634295713,1,1,145,coarse
110,40,0,0,0,-22.213134096733,-34.1763219146212,-24.1609526914869,100,72.1732114039806,9.31211723534558,1,1,150,coarse
110,45,0,0,0,-23.1954387390809,-37.5060768601051,-27.0483717258726,100,66.9230769230769,14.5778652668416,1,1,155,coarse
110,50,0,0,0,-29.2486022180964,-41.2666214878026,-30.2668358744829,100,62.7003765465304,19.2913385826772,1,1,160,coarse
110,55,0,0,0,-29.2486022180964,-41.5219082505955,-30.2668358744829,100,58.4108881596643,23.3048993875766,1,1,165,coarse
110,60,0,0,0,-29.2486022180964,-41.5219082505955,-30.2668358744829,100,54.0211953305718,27.3574315222272,1,1,170,coarse
110,65,0,0,0,-29.2486022180964,-41.6079479852863,-30.2668358744829,100,49.9892415277031,31.9207453973956,1,1,175,coarse
110,70,0,0,0,-29.2486022180964,-41.6079479852863,-30.2668358744829,100,45.5753402549895,36.1472833408172,1,1,180,coarse
110,75,0,0,0,-29.2486022180964,-42.2843004698034,-30.2704854343784,100,42.003335305826,40.6600808262236,1,1,185,coarse
110,80,0,0,0,-29.270252649597,-42.5912866860279,-30.300002701657,100,37.8879982785518,44.106421194432,1,1,190,coarse
110,85,0,0,0,-29.270252649597,-43.4301515366058,-30.3072433172694,100,33.476787347356,48.4470691163605,1,1,195,coarse
110,90,0,0,0,-29.270252649597,-44.5565768278148,-30.3072433172694,100,28.0311995696611,53.7729658792651,1,1,200,coarse
110,95,0,0,0,-29.270252649597,-45.2273759463493,-30.3072433172694,100,20.7380709021464,60.2580927384077,1,1,205,coarse
110,100,0,0,0,-35.0548968608234,-48.4429014410462,-37.002533580318,100,11.0812264658419,70.6146106736658,1,1,210,coarse
110,105,0,0,0,-35.0612591507394,-48.7279498517928,-39.871943811643,100,3.08149977548271,77.6749690677282,1,1,215,coarse
110,110,0,0,0,-39.0110589191614,-48.9670863277607,-40.2854169934119,100,0,80.6606057345742,1,1,220,coarse
115,0,0.416550958067203,0.416550958067203,0.152735351291308,13.6961495183763,-21.5167486989249,1.16545269574931,99.5834490419328,83.4149228038087,0,0,0,115,coarse
115,0.5,0.416550958067203,0.416550958067203,0.152735351291308,13.6961495183763,-21.5167486989249,1.16545269574931,99.5834490419328,83.4149228038087,0,0,0,115.5,coarse
115,1,0.416550958067203,0.416550958067203,0.152735351291308,13.6961495183763,-21.5167486989249,1.16545269574931,99.5834490419328,83.4149228038087,0,0,0,116,coarse
115,2,0.36101083032491,0.36101083032491,0.138850319355735,4.37272590073876,-21.5750145191793,-0.0547979791013872,99.6389891696751,83.4095432782829,0.0392905253704535,0,0,117,coarse
115,3,0.333240766453763,0.333240766453763,0.111080255484588,2.2488237102536,-21.6071922376058,-0.112775708305501,99.6667592335462,83.3987842272312,0.0673551863493489,0,0,118,coarse
115,5,0.222160510969175,0.222160510969175,0.0555401277422938,-0.100152233692512,-21.6328852460089,-3.32913456119751,99.7778394890308,83.3288503953951,0.112258643915582,0,0,120,coarse
115,10,0,0,0,-6.29539073064868,-22.4161586559049,-8.57759030807676,100,83.1082898488353,0.342388863942524,1,1,125,coarse
115,15,0,0,0,-10.0733067791052,-22.9559327823386,-11.6212169368155,100,82.8509951586875,0.74912510936133,1,1,130,coarse
115,20,0,0,0,-10.0733067791052,-24.5118330353664,-14.4031709942964,100,82.2637043412771,1.42568477772789,1,1,135,coarse
115,25,0,0,0,-14.8648491533424,-26.8843170267481,-15.1242103270726,100,81.3653235784604,2.26465841850457,1,1,140,coarse
115,30,0,0,0,-14.8648491533424,-29.4840154566236,-15.1242103270726,100,79.9397493141105,3.64720034995626,1,1,145,coarse
115,35,0,0,0,-17.6313921467722,-32.0253357437833,-20.0929642619539,100,78.1441635287789,5.94925634295713,1,1,150,coarse
115,40,0,0,0,-22.213134096733,-34.1763219146212,-24.1609526914869,100,74.9704142011834,9.31211723534558,1,1,155,coarse
115,45,0,0,0,-23.1954387390809,-37.5060768601051,-27.0483717258726,100,69.7202797202797,14.5778652668416,1,1,160,coarse
115,50,0,0,0,-29.2486022180964,-41.2666214878026,-30.2668358744829,100,65.4975793437332,19.2913385826772,1,1,165,coarse
115,55,0,0,0,-29.2486022180964,-41.5219082505955,-30.2668358744829,100,61.1652052288988,23.3048993875766,1,1,170,coarse
115,60,0,0,0,-29.2486022180964,-41.5219082505955,-30.2668358744829,100,56.7755123998063,27.3574315222272,1,1,175,coarse
115,65,0,0,0,-29.2486022180964,-41.6079479852863,-30.2668358744829,100,52.7864443249059,31.9207453973956,1,1,180,coarse
115,70,0,0,0,-29.2486022180964,-41.6079479852863,-30.2668358744829,100,48.3431952662722,36.1472833408172,1,1,185,coarse
115,75,0,0,0,-29.2486022180964,-42.2843004698034,-30.2704854343784,100,44.7576523750605,40.6600808262236,1,1,190,coarse
115,80,0,0,0,-29.270252649597,-42.5912866860279,-30.300002701657,100,40.6423153477863,44.106421194432,1,1,195,coarse
115,85,0,0,0,-29.270252649597,-43.4301515366058,-30.3072433172694,100,36.2311044165905,48.4470691163605,1,1,200,coarse
115,90,0,0,0,-29.270252649597,-44.5565768278148,-30.3072433172694,100,30.8284023668639,53.7729658792651,1,1,205,coarse
115,95,0,0,0,-29.270252649597,-45.2273759463493,-30.3072433172694,100,23.4923879713809,60.2580927384077,1,1,210,coarse
115,100,0,0,0,-35.0548968608234,-48.4429014410462,-37.002533580318,100,14.2231701841042,70.6146106736658,1,1,215,coarse
115,105,0,0,0,-35.0612591507394,-48.7279498517928,-39.871943811643,100,6.47171082173327,77.6749690677282,1,1,220,coarse
115,110,0,0,0,-39.0110589191614,-48.9670863277607,-40.2854169934119,100,3.39021104625056,80.6606057345742,1,1,225,coarse
115,115,0,0,0,-40.8655452356425,-49.4042679836493,-41.1891980682799,100,0,83.4149228038087,1,1,230,coarse
120,0,0.416550958067203,0.416550958067203,0.152735351291308,13.6961495183763,-21.5167486989249,1.16545269574931,99.5834490419328,87.315078810049,0,0,0,120,coarse
120,0.5,0.416550958067203,0.416550958067203,0.152735351291308,13.6961495183763,-21.5167486989249,1.16545269574931,99.5834490419328,87.315078810049,0,0,0,120.5,coarse
120,1,0.416550958067203,0.416550958067203,0.152735351291308,13.6961495183763,-21.5167486989249,1.16545269574931,99.5834490419328,87.315078810049,0,0,0,121,coarse
120,2,0.36101083032491,0.36101083032491,0.138850319355735,4.37272590073876,-21.5750145191793,-0.0547979791014639,99.6389891696751,87.3096992845231,0.0392905253704535,0,0,122,coarse
120,3,0.333240766453763,0.333240766453763,0.111080255484588,2.2488237102536,-21.6071922376058,-0.112775708305498,99.6667592335462,87.2989402334714,0.0673551863493489,0,0,123,coarse
120,5,0.222160510969175,0.222160510969175,0.0555401277422938,-0.100152233692512,-21.6328852460089,-3.32913456119751,99.7778394890308,87.2290064016354,0.112258643915582,0,0,125,coarse
120,10,0,0,0,-6.29539073064868,-22.4161586559049,-8.57759030807676,100,87.0084458550756,0.342388863942524,1,1,130,coarse
120,15,0,0,0,-10.0733067791052,-22.9559327823386,-11.6212169368155,100,86.6049814406369,0.74912510936133,1,1,135,coarse
120,20,0,0,0,-10.0733067791052,-24.5118330353664,-14.4031709942964,100,86.1638603475173,1.42568477772789,1,1,140,coarse
120,25,0,0,0,-14.8648491533424,-26.8843170267481,-15.1242103270726,100,85.2654795847006,2.26465841850457,1,1,145,coarse
120,30,0,0,0,-14.8648491533424,-29.4840154566236,-15.1242103270726,100,83.8399053203508,3.64720034995626,1,1,150,coarse
120,35,0,0,0,-17.6313921467722,-32.0253357437833,-20.0929642619539,100,81.9194147076228,5.94925634295713,1,1,155,coarse
120,40,0,0,0,-22.213134096733,-34.1763219146212,-24.1609526914869,100,78.4507799892415,9.31211723534558,1,1,160,coarse
120,45,0,0,0,-23.1954387390809,-37.5060768601051,-27.0483717258726,100,73.4520415299371,14.5778652668416,1,1,165,coarse
120,50,0,0,0,-29.2486022180964,-41.2666214878026,-30.2668358744829,100,68.9779451317913,19.2913385826772,1,1,170,coarse
120,55,0,0,0,-29.2486022180964,-41.5219082505955,-30.2668358744829,100,65.0653612351391,23.3048993875766,1,1,175,coarse
120,60,0,0,0,-29.2486022180964,-41.5219082505955,-30.2668358744829,100,60.6756684060466,27.3574315222272,1,1,180,coarse
120,65,0,0,0,-29.2486022180964,-41.6079479852863,-30.2668358744829,100,56.4097046640486,31.9207453973956,1,1,185,coarse
120,70,0,0,0,-29.2486022180964,-41.6079479852863,-30.2668358744829,100,52.2298133304643,36.1472833408172,1,1,190,coarse
120,75,0,0,0,-29.2486022180964,-42.2843004698034,-30.2704854343784,100,48.6578083813008,40.6600808262236,1,1,195,coarse
120,80,0,0,0,-29.270252649597,-42.5912866860279,-30.300002701657,100,44.5424713540266,44.106421194432,1,1,200,coarse
120,85,0,0,0,-29.270252649597,-43.4301515366058,-30.3072433172694,100,40.1312604228307,48.4470691163605,1,1,205,coarse
120,90,0,0,0,-29.270252649597,-44.5565768278148,-30.3072433172694,100,34.3697885846468,53.7729658792651,1,1,210,coarse
120,95,0,0,0,-29.270252649597,-45.2273759463493,-30.3072433172694,100,27.3925439776212,60.2580927384077,1,1,215,coarse
120,100,0,0,0,-35.0548968608234,-48.4429014410462,-37.002533580318,100,18.6180960933992,70.6146106736658,1,1,220,coarse
120,105,0,0,0,-35.0612591507394,-48.7279498517928,-39.871943811643,100,10.8666367310283,77.6749690677282,1,1,225,coarse
120,110,0,0,0,-39.0110589191614,-48.9670863277607,-40.2854169934119,100,7.78513695554558,80.6606057345742,1,1,230,coarse
120,115,0,0,0,-40.8655452356425,-49.4042679836493,-41.1891980682799,100,4.39492590929502,83.4149228038087,1,1,235,coarse
120,120,0,0,0,-41.748573943816,-50.5780697681605,-41.9109401633397,100,0,87.315078810049,1,1,240,coarse
125,0,0.416550958067203,0.416550958067203,0.152735351291308,13.6961495183763,-21.5167486989249,1.16545269574931,99.5834490419328,93.4158149542765,0,0,0,125,coarse
125,0.5,0.416550958067203,0.416550958067203,0.152735351291308,13.6961495183763,-21.5167486989249,1.16545269574931,99.5834490419328,93.4158149542765,0,0,0,125.5,coarse
125,1,0.416550958067203,0.416550958067203,0.152735351291308,13.6961495183763,-21.5167486989249,1.16545269574931,99.5834490419328,93.4158149542765,0,0,0,126,coarse
125,2,0.36101083032491,0.36101083032491,0.138850319355735,4.37272590073876,-21.5750145191793,-0.0547979791014639,99.6389891696751,93.3942980096826,0.0392905253704535,0,0,127,coarse
125,3,0.333240766453763,0.333240766453763,0.111080255484588,2.2488237102536,-21.6071922376058,-0.112775708305498,99.6667592335462,93.3781603012372,0.0673551863493489,0,0,128,coarse
125,5,0.222160510969175,0.222160510969175,0.0555401277422938,-0.100152233692512,-21.6328852460089,-3.32913456119751,99.7778394890308,93.3458848843464,0.112258643915582,0,0,130,coarse
125,10,0,0,0,-6.29539073064868,-22.4161586559049,-8.57759030807676,100,93.1199569661108,0.342388863942524,1,1,135,coarse
125,15,0,0,0,-10.0733067791052,-22.9559327823386,-11.6212169368155,100,92.9209252286175,0.74912510936133,1,1,140,coarse
125,20,0,0,0,-10.0733067791052,-24.5118330353664,-14.4031709942964,100,92.2538999462076,1.42568477772789,1,1,145,coarse
125,25,0,0,0,-14.8648491533424,-26.8843170267481,-15.1242103270726,100,91.1511565357719,2.26465841850457,1,1,150,coarse
125,30,0,0,0,-14.8648491533424,-29.4840154566236,-15.1242103270726,100,89.8924152770307,3.64720034995626,1,1,155,coarse
125,35,0,0,0,-17.6313921467722,-32.0253357437834,-20.0929642619539,100,88.214093598709,5.94925634295713,1,1,160,coarse
125,40,0,0,0,-22.213134096733,-34.1763219146212,-24.1609526914869,100,85.0403442711135,9.31211723534558,1,1,165,coarse
125,45,0,0,0,-23.1954387390809,-37.5060768601051,-27.0483717258726,100,79.7902097902098,14.5778652668416,1,1,170,coarse
125,50,0,0,0,-29.2486022180964,-41.2666214878026,-30.2668358744829,100,75.5675094136633,19.2913385826772,1,1,175,coarse
125,55,0,0,0,-29.2486022180964,-41.5219082505955,-30.2668358744829,100,70.9129054817365,23.3048993875766,1,1,180,coarse
125,60,0,0,0,-29.2486022180964,-41.5219082505955,-30.2668358744829,100,66.6272189349112,27.3574315222272,1,1,185,coarse
125,65,0,0,0,-29.2486022180964,-41.6079479852863,-30.2668358744829,100,62.8563743948359,31.9207453973956,1,1,190,coarse
125,70,0,0,0,-29.2486022180964,-41.6079479852863,-30.2668358744829,100,58.4131253362023,36.1472833408172,1,1,195,coarse
125,75,0,0,0,-29.2486022180964,-42.2843004698034,-30.2704854343784,100,54.5053526278982,40.6600808262236,1,1,200,coarse
125,80,0,0,0,-29.270252649597,-42.5912866860279,-30.300002701657,100,50.390015600624,44.106421194432,1,1,205,coarse
125,85,0,0,0,-29.270252649597,-43.4301515366058,-30.3072433172694,100,45.9788046694282,48.4470691163605,1,1,210,coarse
125,90,0,0,0,-29.270252649597,-44.5565768278148,-30.3072433172694,100,40.898332436794,53.7729658792651,1,1,215,coarse
125,95,0,0,0,-29.270252649597,-45.2273759463493,-30.3072433172694,100,33.3620225927918,60.2580927384077,1,1,220,coarse
125,100,0,0,0,-35.0548968608234,-48.4429014410462,-37.002533580318,100,24.5790300853166,70.6146106736658,1,1,225,coarse
125,105,0,0,0,-35.0612591507394,-48.7279498517928,-39.871943811643,100,16.8275707229457,77.6749690677282,1,1,230,coarse
125,110,0,0,0,-39.0110589191614,-48.9670863277607,-40.2854169934119,100,13.746070947463,80.6606057345742,1,1,235,coarse
125,115,0,0,0,-40.8655452356425,-49.4042679836493,-41.1891980682799,100,10.3558599012124,83.4149228038087,1,1,240,coarse
125,120,0,0,0,-41.748573943816,-50.5780697681605,-41.9109401633397,100,6.58956428187197,87.315078810049,1,1,245,coarse
125,125,0,0,0,-42.7899426441039,-53.7602148357469,-43.8249525532519,100,0,93.4158149542765,1,1,250,coarse
130,0,0.416550958067203,0.416550958067203,0.152735351291308,13.6961495183763,-21.5167486989249,1.16545269574931,99.5834490419328,100,0,0,0,130,coarse
130,0.5,0.416550958067203,0.416550958067203,0.152735351291308,13.6961495183763,-21.5167486989249,1.16545269574931,99.5834490419328,100,0,0,0,130.5,coarse
130,1,0.416550958067203,0.416550958067203,0.152735351291308,13.6961495183763,-21.5167486989249,1.16545269574931,99.5834490419328,100,0,0,0,131,coarse
130,2,0.36101083032491,0.36101083032491,0.138850319355735,4.37272590073876,-21.5750145191793,-0.0547979791014127,99.6389891696751,99.9946204744741,0.0392905253704535,0,0,132,coarse
130,3,0.333240766453763,0.333240766453763,0.111080255484588,2.2488237102536,-21.6071922376058,-0.112775708305498,99.6667592335462,99.9838614234225,0.0673551863493489,0,0,133,coarse
130,5,0.222160510969175,0.222160510969175,0.0555401277422938,-0.100152233692512,-21.6328852460089,-3.32913456119751,99.7778394890308,99.9507874015748,0.112258643915582,0,0,135,coarse
130,10,0,0,0,-6.29539073064868,-22.4161586559049,-8.57759030807676,100,99.753937007874,0.342388863942524,1,1,140,coarse
130,15,0,0,0,-10.0733067791052,-22.9559327823386,-11.6212169368155,100,99.505110274341,0.74912510936133,1,1,145,coarse
130,20,0,0,0,-10.0733067791052,-24.5118330353664,-14.4031709942964,100,98.8487815374684,1.42568477772789,1,1,150,coarse
130,25,0,0,0,-14.8648491533424,-26.8843170267481,-15.1242103270726,100,97.9504007746517,2.26465841850457,1,1,155,coarse
130,30,0,0,0,-14.8648491533424,-29.4840154566236,-15.1242103270726,100,96.5480466995959,3.64720034995626,1,1,160,coarse
130,35,0,0,0,-17.6313921467722,-32.0253357437834,-20.0929642619539,100,94.7982786444325,5.94925634295713,1,1,165,coarse
130,40,0,0,0,-22.213134096733,-34.1763219146212,-24.1609526914869,100,91.624529316837,9.31211723534558,1,1,170,coarse
130,45,0,0,0,-23.1954387390809,-37.5060768601051,-27.0483717258726,100,86.3743948359333,14.5778652668416,1,1,175,coarse
130,50,0,0,0,-29.2486022180964,-41.2666214878026,-30.2668358744829,100,82.1516944593868,19.2913385826772,1,1,180,coarse
130,55,0,0,0,-29.2486022180964,-41.5219082505955,-30.2668358744829,100,77.7502824250901,23.3048993875766,1,1,185,coarse
130,60,0,0,0,-29.2486022180964,-41.5219082505955,-30.2668358744829,100,73.3605895959976,27.3574315222272,1,1,190,coarse
130,65,0,0,0,-29.2486022180964,-41.6079479852863,-30.2668358744829,100,69.4405594405594,31.9207453973956,1,1,195,coarse
130,70,0,0,0,-29.2486022180964,-41.6079479852863,-30.2668358744829,100,65.5074365704287,36.1472833408172,1,1,200,coarse
130,75,0,0,0,-29.2486022180964,-42.2843004698034,-30.2704854343784,100,61.3571741032371,40.6600808262236,1,1,205,coarse
130,80,0,0,0,-29.270252649597,-42.5912866860279,-30.300002701657,100,57.2273925439776,44.106421194432,1,1,210,coarse
130,85,0,0,0,-29.270252649597,-43.4301515366058,-30.3072433172694,100,52.8161816127818,48.4470691163605,1,1,215,coarse
130,90,0,0,0,-29.270252649597,-44.5565768278148,-30.3072433172694,100,47.4825174825175,53.7729658792651,1,1,220,coarse
130,95,0,0,0,-29.270252649597,-45.2273759463493,-30.3072433172694,100,40.4131118096093,60.2580927384077,1,1,225,coarse
130,100,0,0,0,-35.0548968608234,-48.4429014410462,-37.002533580318,100,31.8533902110462,70.6146106736658,1,1,230,coarse
130,105,0,0,0,-35.0612591507394,-48.7279498517928,-39.871943811643,100,24.1019308486753,77.6749690677282,1,1,235,coarse
130,110,0,0,0,-39.0110589191614,-48.9670863277607,-40.2854169934119,100,21.0204310731926,80.6606057345742,1,1,240,coarse
130,115,0,0,0,-40.8655452356425,-49.4042679836493,-41.1891980682799,100,18.0063429571304,83.4149228038087,1,1,245,coarse
130,120,0,0,0,-41.748573943816,-50.5780697681605,-41.9109401633397,100,13.8834208223972,87.315078810049,1,1,250,coarse
130,125,0,0,0,-42.7899426441039,-53.7602148357469,-43.8249525532519,100,7.66622922134733,93.4158149542765,1,1,255,coarse
130,130,0,0,0,-2948.41956873937,-2948.41956873937,-2948.41956873937,100,0,100,1,1,260,coarse
134.808841695559,0,0.416550958067203,0.416550958067203,0.152735351291308,13.6961495183763,-21.5167486989249,1.16545269574931,99.5834490419328,100,0,0,0,134.808841695559,coarse
134.808841695559,0.5,0.416550958067203,0.416550958067203,0.152735351291308,13.6961495183763,-21.5167486989249,1.16545269574931,99.5834490419328,100,0,0,0,135.308841695559,coarse
134.808841695559,1,0.416550958067203,0.416550958067203,0.152735351291308,13.6961495183763,-21.5167486989249,1.16545269574931,99.5834490419328,100,0,0,0,135.808841695559,coarse
134.808841695559,2,0.36101083032491,0.36101083032491,0.138850319355735,4.37272590073876,-21.5750145191793,-0.0547979791014127,99.6389891696751,99.9946204744741,0.0392905253704535,0,0,136.808841695559,coarse
134.808841695559,3,0.333240766453763,0.333240766453763,0.111080255484588,2.2488237102536,-21.6071922376058,-0.112775708305498,99.6667592335462,99.9838614234225,0.0673551863493489,0,0,137.808841695559,coarse
134.808841695559,5,0.222160510969175,0.222160510969175,0.0555401277422938,-0.100152233692512,-21.6328852460089,-3.32913456119751,99.7778394890308,99.9507874015748,0.112258643915582,0,0,139.808841695559,coarse
134.808841695559,10,0,0,0,-6.29539073064868,-22.4161586559049,-8.57759030807676,100,99.753937007874,0.342388863942524,1,1,144.808841695559,coarse
134.808841695559,15,0,0,0,-10.0733067791052,-22.9559327823386,-11.6212169368155,100,99.505110274341,0.74912510936133,1,1,149.808841695559,coarse
134.808841695559,20,0,0,0,-10.0733067791052,-24.5118330353664,-14.4031709942964,100,98.8487815374684,1.42568477772789,1,1,154.808841695559,coarse
134.808841695559,25,0,0,0,-14.8648491533424,-26.8843170267481,-15.1242103270726,100,97.9504007746517,2.26465841850457,1,1,159.808841695559,coarse
134.808841695559,30,0,0,0,-14.8648491533424,-29.4840154566236,-15.1242103270726,100,96.5480466995959,3.64720034995626,1,1,164.808841695559,coarse
134.808841695559,35,0,0,0,-17.6313921467722,-32.0253357437834,-20.0929642619539,100,94.7982786444325,5.94925634295713,1,1,169.808841695559,coarse
134.808841695559,40,0,0,0,-22.213134096733,-34.1763219146212,-24.1609526914869,100,91.624529316837,9.31211723534558,1,1,174.808841695559,coarse
134.808841695559,45,0,0,0,-23.1954387390809,-37.5060768601051,-27.0483717258726,100,86.3743948359333,14.5778652668416,1,1,179.808841695559,coarse
134.808841695559,50,0,0,0,-29.2486022180964,-41.2666214878026,-30.2668358744829,100,82.1516944593868,19.2913385826772,1,1,184.808841695559,coarse
134.808841695559,55,0,0,0,-29.2486022180964,-41.5219082505955,-30.2668358744829,100,77.7502824250901,23.3048993875766,1,1,189.808841695559,coarse
134.808841695559,60,0,0,0,-29.2486022180964,-41.5219082505955,-30.2668358744829,100,73.3605895959976,27.3574315222272,1,1,194.808841695559,coarse
134.808841695559,65,0,0,0,-29.2486022180964,-41.6079479852863,-30.2668358744829,100,69.4405594405594,31.9207453973956,1,1,199.808841695559,coarse
134.808841695559,70,0,0,0,-29.2486022180964,-41.6079479852863,-30.2668358744829,100,65.5074365704287,36.1472833408172,1,1,204.808841695559,coarse
134.808841695559,75,0,0,0,-29.2486022180964,-42.2843004698034,-30.2704854343784,100,61.3571741032371,40.6600808262236,1,1,209.808841695559,coarse
134.808841695559,80,0,0,0,-29.270252649597,-42.5912866860279,-30.300002701657,100,57.2273925439776,44.106421194432,1,1,214.808841695559,coarse
134.808841695559,85,0,0,0,-29.270252649597,-43.4301515366058,-30.3072433172694,100,52.8161816127818,48.4470691163605,1,1,219.808841695559,coarse
134.808841695559,90,0,0,0,-29.270252649597,-44.5565768278148,-30.3072433172694,100,47.4825174825175,53.7729658792651,1,1,224.808841695559,coarse
134.808841695559,95,0,0,0,-29.270252649597,-45.2273759463493,-30.3072433172694,100,40.4131118096093,60.2580927384077,1,1,229.808841695559,coarse
134.808841695559,100,0,0,0,-35.0548968608234,-48.4429014410462,-37.002533580318,100,31.8533902110462,70.6146106736658,1,1,234.808841695559,coarse
134.808841695559,105,0,0,0,-35.0612591507394,-48.7279498517928,-39.871943811643,100,24.1019308486753,77.6749690677282,1,1,239.808841695559,coarse
134.808841695559,110,0,0,0,-39.0110589191614,-48.9670863277607,-40.2854169934119,100,21.0204310731926,80.6606057345742,1,1,244.808841695559,coarse
134.808841695559,115,0,0,0,-40.8655452356425,-49.4042679836493,-41.1891980682799,100,18.0063429571304,83.4149228038087,1,1,249.808841695559,coarse
134.808841695559,120,0,0,0,-41.748573943816,-50.5780697681605,-41.9109401633397,100,13.8834208223972,87.315078810049,1,1,254.808841695559,coarse
134.808841695559,125,0,0,0,-42.7899426441039,-53.7602148357469,-43.8249525532519,100,7.66622922134733,93.4158149542765,1,1,259.808841695559,coarse
134.808841695559,130,0,0,0,-2948.41956873937,-2948.41956873937,-2948.41956873937,100,0,100,1,1,264.808841695559,coarse
134.808841695559,134.808841695559,0,0,0,-2948.41956873937,-2948.41956873937,-2948.41956873937,100,0,100,1,1,269.617683391118,coarse
93,3,0.555401277422938,0.555401277422938,0.166620383226881,2.2488237102536,-20.3324650178625,-0.112775708305495,99.4445987225771,57.1059721598563,0.0673551863493489,0,0,96,refinement
93,4,0.555401277422938,0.555401277422938,0.152735351291308,2.2488237102536,-20.3324650178625,-0.112775708305495,99.4445987225771,57.1003592276605,0.072968118545128,0,0,97,refinement
93,5,0.44432102193835,0.44432102193835,0.111080255484588,-0.100152233692512,-20.7798003648585,-1.66453277752803,99.5556789780616,57.0647419072616,0.112258643915582,0,0,98,refinement
93,6,0.388780894196057,0.388780894196057,0.0694251596778673,-0.777528548658694,-20.9251833703733,-2.08133845481261,99.6112191058039,57.0483377077865,0.151549169286035,0,0,99,refinement
93,7,0.333240766453763,0.333240766453763,0.0416550958067204,-0.777528548658694,-21.037918951568,-3.01641818217061,99.6667592335462,57.0209973753281,0.182903867878853,0,0,100,refinement
93,8,0.333240766453763,0.333240766453763,0.0138850319355735,-0.777528548658694,-21.0895544078341,-3.01641818217061,99.6667592335462,56.9717847769029,0.247458174189037,0,0,101,refinement
93,9,0.333240766453763,0.333240766453763,0,-0.777528548658694,-21.168302739831,-3.01641818217061,99.6667592335462,56.9225721784777,0.308711270767849,0,0,102,refinement
93,10,0.333240766453763,0.333240766453763,0,-0.777528548658694,-21.2476071868721,-3.01641818217061,99.6667592335462,56.8678915135608,0.342388863942524,0,0,103,refinement
93,11,0.333240766453763,0.333240766453763,0,-0.777528548658694,-21.4556568952458,-3.01641818217061,99.6667592335462,56.8405511811024,0.398518185900314,0,0,104,refinement
93,12,0.333240766453763,0.333240766453763,0,-0.777528548658694,-21.4959555450956,-3.01641818217061,99.6667592335462,56.7202537182852,0.454647507858105,0,0,105,refinement
93,13,0.333240766453763,0.333240766453763,0,-0.777528548658694,-21.7102530721126,-3.01641818217061,99.6667592335462,56.6288729232151,0.575609231265802,0,0,106,refinement
93,14,0.333240766453763,0.333240766453763,0,-0.777528548658694,-22.0030635981066,-3.01641818217061,99.6667592335462,56.5839694656489,0.667104111986002,0,0,107,refinement
93,15,0.333240766453763,0.333240766453763,0,-0.777528548658694,-22.2996742920159,-3.01641818217061,99.6667592335462,56.5166142792995,0.74912510936133,0,0,108,refinement
93,16,0.333240766453763,0.333240766453763,0,-0.777528548658694,-22.4863013475298,-3.01641818217061,99.6667592335462,56.4155814997755,0.847550306211724,0,0,109,refinement
93,17,0.333240766453763,0.333240766453763,0,-0.777528548658694,-22.6380052476908,-3.01641818217061,99.6667592335462,56.2640323304894,0.93503937007874,0,0,110,refinement
94,3,0.555401277422938,0.555401277422938,0.166620383226881,2.2488237102536,-20.4124393030757,-0.112775708305495,99.4445987225771,58.7653105861767,0.0673551863493489,0,0,97,refinement
94,4,0.555401277422938,0.555401277422938,0.152735351291308,2.2488237102536,-20.4124393030757,-0.112775708305495,99.4445987225771,58.7653105861767,0.072968118545128,0,0,98,refinement
94,5,0.44432102193835,0.44432102193835,0.111080255484588,-0.100152233692512,-20.8989351353032,-1.66453277752803,99.5556789780616,58.7379702537183,0.112258643915582,0,0,99,refinement
94,6,0.388780894196057,0.388780894196057,0.0694251596778673,-0.777528548658694,-21.037918951568,-2.08133845481261,99.6112191058039,58.7215660542432,0.151549169286035,0,0,100,refinement
94,7,0.333240766453763,0.333240766453763,0.0416550958067204,-0.777528548658694,-21.0895544078341,-3.01641818217061,99.6667592335462,58.6942257217848,0.182903867878853,0,0,101,refinement
94,8,0.333240766453763,0.333240766453763,0.0138850319355735,-0.777528548658694,-21.2178456510256,-3.01641818217061,99.6667592335462,58.6450131233596,0.247458174189037,0,0,102,refinement
94,9,0.333240766453763,0.333240766453763,0,-0.777528548658694,-21.2476071868721,-3.01641818217061,99.6667592335462,58.5958005249344,0.308711270767849,0,0,103,refinement
94,10,0.333240766453763,0.333240766453763,0,-0.777528548658694,-21.3316028649355,-3.01641818217061,99.6667592335462,58.5411198600175,0.342388863942524,0,0,104,refinement
94,11,0.333240766453763,0.333240766453763,0,-0.777528548658694,-21.4901378884977,-3.01641818217061,99.6667592335462,58.5137795275591,0.398518185900314,0,0,105,refinement
94,12,0.333240766453763,0.333240766453763,0,-0.777528548658694,-21.5249426993576,-3.01641818217061,99.6667592335462,58.3934820647419,0.454647507858105,0,0,106,refinement
94,13,0.333240766453763,0.333240766453763,0,-0.777528548658694,-21.7945538231894,-3.01641818217061,99.6667592335462,58.2458442694663,0.575609231265802,0,0,107,refinement
94,14,0.333240766453763,0.333240766453763,0,-0.777528548658694,-22.0911421554,-3.01641818217061,99.6667592335462,58.1200787401575,0.667104111986002,0,0,108,refinement
94,15,0.333240766453763,0.333240766453763,0,-0.777528548658694,-22.4096837993437,-3.01641818217061,99.6667592335462,58.0380577427822,0.74912510936133,0,0,109,refinement
94,16,0.333240766453763,0.333240766453763,0,-0.777528548658694,-22.4975208181881,-3.01641818217061,99.6667592335462,57.9396325459318,0.847550306211724,0,0,110,refinement
94,17,0.333240766453763,0.333240766453763,0,-0.777528548658694,-22.6764685635591,-3.01641818217061,99.6667592335462,57.8521434820647,0.93503937007874,0,0,111,refinement
95,3,0.527631213551791,0.527631213551791,0.166620383226881,2.2488237102536,-20.9858834304552,-0.112775708305495,99.4723687864482,60.2362204724409,0.0673551863493489,0,0,98,refinement
95,4,0.527631213551791,0.527631213551791,0.152735351291308,2.2488237102536,-20.9858834304552,-0.112775708305495,99.4723687864482,60.2362204724409,0.072968118545128,0,0,99,refinement
95,5,0.416550958067203,0.416550958067203,0.111080255484588,-0.100152233692512,-21.2178456510256,-1.66453277752803,99.5834490419328,60.2088801399825,0.112258643915582,0,0,100,refinement
95,6,0.36101083032491,0.36101083032491,0.0694251596778673,-0.777528548658694,-21.3316028649355,-2.08133845481261,99.6389891696751,60.1924759405074,0.151549169286035,0,0,101,refinement
95,7,0.305470702582616,0.305470702582616,0.0416550958067204,-0.777528548658694,-21.4556568952458,-3.01641818217061,99.6945292974174,60.165135608049,0.182903867878853,0,0,102,refinement
95,8,0.305470702582616,0.305470702582616,0.0138850319355735,-0.777528548658694,-21.4901378884977,-3.01641818217061,99.6945292974174,60.1159230096238,0.247458174189037,0,0,103,refinement
95,9,0.305470702582616,0.305470702582616,0,-0.777528548658694,-21.4959555450956,-3.01641818217061,99.6945292974174,60.0667104111986,0.308711270767849,0,0,104,refinement
95,10,0.305470702582616,0.305470702582616,0,-0.777528548658694,-21.5249426993576,-3.01641818217061,99.6945292974174,60.0120297462817,0.342388863942524,0,0,105,refinement
95,11,0.305470702582616,0.305470702582616,0,-0.777528548658694,-21.7102530721126,-3.01641818217061,99.6945292974174,59.9846894138233,0.398518185900314,0,0,106,refinement
95,12,0.305470702582616,0.305470702582616,0,-0.777528548658694,-21.8428123806161,-3.01641818217061,99.6945292974174,59.8643919510061,0.454647507858105,0,0,107,refinement
95,13,0.305470702582616,0.305470702582616,0,-0.777528548658694,-22.0911421554,-3.01641818217061,99.6945292974174,59.7167541557305,0.575609231265802,0,0,108,refinement
95,14,0.305470702582616,0.305470702582616,0,-0.777528548658694,-22.4096837993437,-3.01641818217061,99.6945292974174,59.6180742334588,0.667104111986002,0,0,109,refinement
95,15,0.305470702582616,0.305470702582616,0,-0.777528548658694,-22.6380052476908,-3.01641818217061,99.6945292974174,59.5589026358257,0.74912510936133,0,0,110,refinement
95,16,0.305470702582616,0.305470702582616,0,-0.777528548658694,-22.6922981673139,-3.01641818217061,99.6945292974174,59.4136632598171,0.847550306211724,0,0,111,refinement
95,17,0.305470702582616,0.305470702582616,0,-0.777528548658694,-22.9307246246866,-3.01641818217061,99.6945292974174,59.323053368329,0.93503937007874,0,0,112,refinement
96,3,0.472091085809497,0.472091085809497,0.166620383226881,2.2488237102536,-21.168302739831,-0.112775708305495,99.5279089141905,61.8753025983108,0.0673551863493489,0,0,99,refinement
96,4,0.472091085809497,0.472091085809497,0.152735351291308,2.2488237102536,-21.168302739831,-0.112775708305495,99.5279089141905,61.8484049706816,0.072968118545128,0,0,100,refinement
96,5,0.36101083032491,0.36101083032491,0.111080255484588,-0.100152233692512,-21.4064097352018,-1.66453277752803,99.6389891696751,61.8053687664748,0.112258643915582,0,0,101,refinement
96,6,0.305470702582616,0.305470702582616,0.0694251596778673,-0.777528548658694,-21.4901378884977,-2.08133845481261,99.6945292974174,61.7677120877939,0.151549169286035,0,0,102,refinement
96,7,0.249930574840322,0.249930574840322,0.0416550958067204,-0.777528548658694,-21.5029108620412,-3.01641818217061,99.7500694251597,61.7085373070095,0.182903867878853,0,0,103,refinement
96,8,0.249930574840322,0.249930574840322,0.0138850319355735,-0.777528548658694,-21.6121535798887,-3.01641818217061,99.7500694251597,61.6439830006993,0.247458174189037,0,0,104,refinement
96,9,0.249930574840322,0.249930574840322,0,-0.777528548658694,-21.6821420848283,-3.01641818217061,99.7500694251597,61.6117058475442,0.308711270767849,0,0,105,refinement
96,10,0.249930574840322,0.249930574840322,0,-0.777528548658694,-21.7102530721126,-3.01641818217061,99.7500694251597,61.584808219915,0.342388863942524,0,0,106,refinement
96,11,0.249930574840322,0.249930574840322,0,-0.777528548658694,-21.9190361380729,-3.01641818217061,99.7500694251597,61.5363924901824,0.398518185900314,0,0,107,refinement
96,12,0.249930574840322,0.249930574840322,0,-0.777528548658694,-22.0030635981066,-3.01641818217061,99.7500694251597,61.4395610307171,0.454647507858105,0,0,108,refinement
96,13,0.249930574840322,0.249930574840322,0,-0.777528548658694,-22.2203664545476,-3.01641818217061,99.7500694251597,61.3158319436226,0.575609231265802,0,0,109,refinement
96,14,0.249930574840322,0.249930574840322,0,-0.777528548658694,-22.4975208181881,-3.01641818217061,99.7500694251597,61.2512776373124,0.667104111986002,0,0,110,refinement
96,15,0.249930574840322,0.249930574840322,0,-0.777528548658694,-22.6922981673139,-3.01641818217061,99.7500694251597,61.1813438054764,0.74912510936133,0,0,111,refinement
96,16,0.249930574840322,0.249930574840322,0,-0.777528548658694,-22.8571868080239,-3.01641818217061,99.7500694251597,61.1006509225886,0.847550306211724,0,0,112,refinement
96,17,0.249930574840322,0.249930574840322,0,-0.777528548658694,-22.9842775152756,-3.01641818217061,99.7500694251597,61.0414761418043,0.93503937007874,0,0,113,refinement
97,3,0.44432102193835,0.44432102193835,0.166620383226881,2.2488237102536,-21.271154809062,-0.112775708305495,99.5556789780616,63.7312389047286,0.0673551863493489,0,0,100,refinement
97,4,0.44432102193835,0.44432102193835,0.152735351291308,2.2488237102536,-21.271154809062,-0.112775708305495,99.5556789780616,63.7043412770994,0.072968118545128,0,0,101,refinement
97,5,0.333240766453763,0.333240766453763,0.111080255484588,-0.100152233692512,-21.4901378884977,-1.66453277752803,99.6667592335462,63.6613050728926,0.112258643915582,0,0,102,refinement
97,6,0.277700638711469,0.277700638711469,0.0694251596778673,-0.777528548658694,-21.5249426993576,-2.08133845481261,99.7222993612885,63.6236483942116,0.151549169286035,0,0,103,refinement
97,7,0.222160510969175,0.222160510969175,0.0416550958067204,-0.777528548658694,-21.6821420848283,-3.01641818217061,99.7778394890308,63.5644736134273,0.182903867878853,0,0,104,refinement
97,8,0.222160510969175,0.222160510969175,0.0138850319355735,-0.777528548658694,-21.7102530721126,-3.01641818217061,99.7778394890308,63.4999193071171,0.247458174189037,0,0,105,refinement
97,9,0.222160510969175,0.222160510969175,0,-0.777528548658694,-21.7335407179686,-3.01641818217061,99.7778394890308,63.467642153962,0.308711270767849,0,0,106,refinement
97,10,0.222160510969175,0.222160510969175,0,-0.777528548658694,-21.8428123806161,-3.01641818217061,99.7778394890308,63.4407445263328,0.342388863942524,0,0,107,refinement
97,11,0.222160510969175,0.222160510969175,0,-0.777528548658694,-22.0030635981066,-3.01641818217061,99.7778394890308,63.3923287966001,0.398518185900314,0,0,108,refinement
97,12,0.222160510969175,0.222160510969175,0,-0.777528548658694,-22.0911421554,-3.01641818217061,99.7778394890308,63.2954973371349,0.454647507858105,0,0,109,refinement
97,13,0.222160510969175,0.222160510969175,0,-0.777528548658694,-22.3498026141402,-3.01641818217061,99.7778394890308,63.1717682500403,0.575609231265802,0,0,110,refinement
97,14,0.222160510969175,0.222160510969175,0,-0.777528548658694,-22.6271643387649,-3.01641818217061,99.7778394890308,63.1072139437302,0.667104111986002,0,0,111,refinement
97,15,0.222160510969175,0.222160510969175,0,-0.777528548658694,-22.7734660449437,-3.01641818217061,99.7778394890308,63.0372801118941,0.74912510936133,0,0,112,refinement
97,16,0.222160510969175,0.222160510969175,0,-0.777528548658694,-22.9559441808819,-3.01641818217061,99.7778394890308,62.9565872290064,0.847550306211724,0,0,113,refinement
97,17,0.222160510969175,0.222160510969175,0,-0.777528548658694,-23.0482244441106,-3.01641818217061,99.7778394890308,62.8974124482221,0.93503937007874,0,0,114,refinement
98,3,0.44432102193835,0.44432102193835,0.166620383226881,2.2488237102536,-21.4901378884977,-0.112775708305495,99.5556789780616,66.240157480315,0.0673551863493489,0,0,101,refinement
98,4,0.44432102193835,0.44432102193835,0.152735351291308,2.2488237102536,-21.4901378884977,-0.112775708305495,99.5556789780616,66.240157480315,0.072968118545128,0,0,102,refinement
98,5,0.333240766453763,0.333240766453763,0.111080255484588,-0.100152233692512,-21.6071922376058,-1.66453277752803,99.6667592335462,66.2128171478565,0.112258643915582,0,0,103,refinement
98,6,0.277700638711469,0.277700638711469,0.0694251596778673,-0.777528548658694,-21.6328852460089,-2.08133845481261,99.7222993612885,66.1964129483815,0.151549169286035,0,0,104,refinement
98,7,0.222160510969175,0.222160510969175,0.0416550958067204,-0.777528548658694,-21.8428123806161,-3.01641818217061,99.7778394890308,66.169072615923,0.182903867878853,0,0,105,refinement
98,8,0.222160510969175,0.222160510969175,0.0138850319355735,-0.777528548658694,-21.9821094516491,-3.01641818217061,99.7778394890308,66.1198600174978,0.247458174189037,0,0,106,refinement
98,9,0.222160510969175,0.222160510969175,0,-0.777528548658694,-21.9934283694589,-3.01641818217061,99.7778394890308,66.0706474190726,0.308711270767849,0,0,107,refinement
98,10,0.222160510969175,0.222160510969175,0,-0.777528548658694,-22.020460474793,-3.01641818217061,99.7778394890308,66.0159667541557,0.342388863942524,0,0,108,refinement
98,11,0.222160510969175,0.222160510969175,0,-0.777528548658694,-22.1471830836623,-3.01641818217061,99.7778394890308,65.9886264216973,0.398518185900314,0,0,109,refinement
98,12,0.222160510969175,0.222160510969175,0,-0.777528548658694,-22.2595148884004,-3.01641818217061,99.7778394890308,65.8683289588801,0.454647507858105,0,0,110,refinement
98,13,0.222160510969175,0.222160510969175,0,-0.777528548658694,-22.4975208181881,-3.01641818217061,99.7778394890308,65.7206911636046,0.575609231265802,0,0,111,refinement
98,14,0.222160510969175,0.222160510969175,0,-0.777528548658694,-22.6888958907818,-3.01641818217061,99.7778394890308,65.5949256342957,0.667104111986002,0,0,112,refinement
98,15,0.222160510969175,0.222160510969175,0,-0.777528548658694,-22.7734660449437,-3.01641818217061,99.7778394890308,65.5129046369204,0.74912510936133,0,0,113,refinement
98,16,0.222160510969175,0.222160510969175,0,-0.777528548658694,-23.0358492363423,-3.01641818217061,99.7778394890308,65.41447944007,0.847550306211724,0,0,114,refinement
98,17,0.222160510969175,0.222160510969175,0,-0.777528548658694,-23.2047026914269,-3.01641818217061,99.7778394890308,65.326990376203,0.93503937007874,0,0,115,refinement
99,3,0.36101083032491,0.36101083032491,0.166620383226881,2.2488237102536,-21.6071922376058,-0.112775708305495,99.6389891696751,68.7445319335083,0.0673551863493489,0,0,102,refinement
99,4,0.36101083032491,0.36101083032491,0.152735351291308,2.2488237102536,-21.6094865143016,-0.112775708305495,99.6389891696751,68.7445319335083,0.072968118545128,0,0,103,refinement
99,5,0.249930574840322,0.249930574840322,0.111080255484588,-0.100152233692512,-21.6328852460089,-1.88432467432246,99.7500694251597,68.7171916010499,0.112258643915582,0,0,104,refinement
99,6,0.194390447098028,0.194390447098028,0.0694251596778673,-0.777528548658694,-21.7448709233742,-3.01641818217061,99.805609552902,68.7007874015748,0.151549169286035,0,0,105,refinement
99,7,0.138850319355735,0.138850319355735,0.0416550958067204,-0.777528548658694,-22.0054682173739,-3.21830227716544,99.8611496806443,68.6734470691164,0.182903867878853,0,0,106,refinement
99,8,0.138850319355735,0.138850319355735,0.0138850319355735,-0.777528548658694,-22.2996742920159,-3.21830227716544,99.8611496806443,68.6242344706912,0.247458174189037,0,0,107,refinement
99,9,0.138850319355735,0.138850319355735,0,-0.777528548658694,-22.3498026141402,-3.21830227716544,99.8611496806443,68.575021872266,0.308711270767849,0,0,108,refinement
99,10,0.138850319355735,0.138850319355735,0,-0.777528548658694,-22.4161586559049,-3.21830227716544,99.8611496806443,68.5203412073491,0.342388863942524,0,0,109,refinement
99,11,0.138850319355735,0.138850319355735,0,-0.777528548658694,-22.5119208563445,-3.21830227716544,99.8611496806443,68.4930008748906,0.398518185900314,0,0,110,refinement
99,12,0.138850319355735,0.138850319355735,0,-0.777528548658694,-22.6380052476908,-3.21830227716544,99.8611496806443,68.3727034120735,0.454647507858105,0,0,111,refinement
99,13,0.138850319355735,0.138850319355735,0,-0.777528548658694,-22.7367133202685,-3.21830227716544,99.8611496806443,68.2250656167979,0.575609231265802,0,0,112,refinement
99,14,0.138850319355735,0.138850319355735,0,-0.777528548658694,-22.7512398258133,-3.21830227716544,99.8611496806443,68.0993000874891,0.667104111986002,0,0,113,refinement
99,15,0.138850319355735,0.138850319355735,0,-0.777528548658694,-22.9559327823386,-3.21830227716544,99.8611496806443,68.0172790901137,0.74912510936133,0,0,114,refinement
99,16,0.138850319355735,0.138850319355735,0,-0.777528548658694,-23.4438486543687,-3.21830227716544,99.8611496806443,67.9188538932633,0.847550306211724,0,0,115,refinement
99,17,0.138850319355735,0.138850319355735,0,-0.777528548658694,-23.5515801063144,-3.21830227716544,99.8611496806443,67.8313648293963,0.93503937007874,0,0,116,refinement
100,3,0.333240766453763,0.333240766453763,0.111080255484588,2.2488237102536,-21.6071922376058,-0.112775708305495,99.6667592335462,70.592738407699,0.0673551863493489,0,0,103,refinement
100,4,0.305470702582616,0.305470702582616,0.111080255484588,2.2488237102536,-21.6094865143016,-0.112775708305495,99.6945292974174,70.592738407699,0.072968118545128,0,0,104,refinement
100,5,0.222160510969175,0.222160510969175,0.0555401277422938,-0.100152233692512,-21.6328852460089,-3.32913456119751,99.7778394890308,70.5653980752406,0.112258643915582,0,0,105,refinement
100,6,0.138850319355735,0.138850319355735,0.0277700638711469,-1.38369641943814,-21.7448709233742,-4.00908892983128,99.8611496806443,70.5489938757655,0.151549169286035,0,0,106,refinement
100,7,0.0833101916134407,0.0833101916134407,0,-1.38369641943814,-22.0054682173739,-6.54285230697967,99.9166898083866,70.5216535433071,0.182903867878853,0,1,107,refinement
100,8,0.0277700638711469,0.0277700638711469,0,-3.28649299263463,-22.3083909187574,-8.57759030807676,99.9722299361289,70.4724409448819,0.247458174189037,0,1,108,refinement
100,9,0,0,0,-6.29539073064868,-22.3883361185455,-8.57759030807676,100,70.4232283464567,0.308711270767849,1,1,109,refinement
100,10,0,0,0,-6.29539073064868,-22.4161586559049,-8.57759030807676,100,70.3685476815398,0.342388863942524,1,1,110,refinement
100,11,0,0,0,-8.07515428616705,-22.6511211815332,-8.57759030807676,100,70.3412073490814,0.398518185900314,1,1,111,refinement
100,12,0,0,0,-8.07515428616705,-22.6888958907818,-8.63295415604167,100,70.2209098862642,0.454647507858105,1,1,112,refinement
100,13,0,0,0,-10.0733067791052,-22.7367133202685,-11.1449270462536,100,70.0732720909886,0.575609231265802,1,1,113,refinement
100,14,0,0,0,-10.0733067791052,-22.7512398258133,-11.4060504208483,100,69.9475065616798,0.667104111986002,1,1,114,refinement
100,15,0,0,0,-10.0733067791052,-22.9559327823386,-11.6212169368155,100,69.8654855643045,0.74912510936133,1,1,115,refinement
100,16,0,0,0,-10.0733067791052,-23.5067075948267,-13.3406544164571,100,69.7670603674541,0.847550306211724,1,1,116,refinement
100,17,0,0,0,-10.0733067791052,-23.6439838134412,-13.4124685636822,100,69.6795713035871,0.93503937007874,1,1,117,refinement
101,3,0.333240766453763,0.333240766453763,0.111080255484588,2.2488237102536,-21.6071922376058,-0.112775708305495,99.6667592335462,72.8602937220937,0.0673551863493489,0,0,104,refinement
101,4,0.305470702582616,0.305470702582616,0.111080255484588,2.2488237102536,-21.6094865143016,-0.112775708305495,99.6945292974174,72.8333960944645,0.072968118545128,0,0,105,refinement
101,5,0.222160510969175,0.222160510969175,0.0555401277422938,-0.100152233692512,-21.6328852460089,-3.32913456119751,99.7778394890308,72.7903598902577,0.112258643915582,0,0,106,refinement
101,6,0.138850319355735,0.138850319355735,0.0277700638711469,-1.38369641943814,-21.7448709233742,-4.00908892983128,99.8611496806443,72.7527032115767,0.151549169286035,0,0,107,refinement
101,7,0.0833101916134407,0.0833101916134407,0,-1.38369641943814,-22.0054682173739,-6.54285230697967,99.9166898083866,72.6935284307924,0.182903867878853,0,1,108,refinement
101,8,0.0277700638711469,0.0277700638711469,0,-3.28649299263463,-22.3083909187574,-8.57759030807676,99.9722299361289,72.6289741244822,0.247458174189037,0,1,109,refinement
101,9,0,0,0,-6.29539073064868,-22.3883361185455,-8.57759030807676,100,72.5966969713271,0.308711270767849,1,1,110,refinement
101,10,0,0,0,-6.29539073064868,-22.4161586559049,-8.57759030807676,100,72.5697993436979,0.342388863942524,1,1,111,refinement
101,11,0,0,0,-8.07515428616705,-22.6511211815332,-8.57759030807676,100,72.5213836139652,0.398518185900314,1,1,112,refinement
101,12,0,0,0,-8.07515428616705,-22.6888958907818,-8.63295415604167,100,72.4245521545,0.454647507858105,1,1,113,refinement
101,13,0,0,0,-10.0733067791052,-22.7367133202685,-11.1449270462534,100,72.3008230674055,0.575609231265802,1,1,114,refinement
101,14,0,0,0,-10.0733067791052,-22.7512398258133,-11.4060504208483,100,72.2362687610953,0.667104111986002,1,1,115,refinement
101,15,0,0,0,-10.0733067791052,-22.9559327823386,-11.6212169368155,100,72.1663349292592,0.74912510936133,1,1,116,refinement
101,16,0,0,0,-10.0733067791052,-23.5067075948267,-13.3406544164571,100,72.0856420463715,0.847550306211724,1,1,117,refinement
101,17,0,0,0,-10.0733067791052,-23.6439838134412,-13.4124685636822,100,72.0264672655872,0.93503937007874,1,1,118,refinement
102,3,0.333240766453763,0.333240766453763,0.111080255484588,2.2488237102536,-21.6071922376058,-0.112775708305495,99.6667592335462,74.3342837161762,0.0673551863493489,0,0,105,refinement
102,4,0.305470702582616,0.305470702582616,0.111080255484588,2.2488237102536,-21.6094865143016,-0.112775708305495,99.6945292974174,74.307386088547,0.072968118545128,0,0,106,refinement
102,5,0.222160510969175,0.222160510969175,0.0555401277422938,-0.100152233692512,-21.6328852460089,-3.32913456119751,99.7778394890308,74.2643498843402,0.112258643915582,0,0,107,refinement
102,6,0.138850319355735,0.138850319355735,0.0277700638711469,-1.38369641943814,-21.7448709233742,-4.00908892983128,99.8611496806443,74.2266932056593,0.151549169286035,0,0,108,refinement
102,7,0.0833101916134407,0.0833101916134407,0,-1.38369641943814,-22.0054682173739,-6.54285230697967,99.9166898083866,74.1675184248749,0.182903867878853,0,1,109,refinement
102,8,0.0277700638711469,0.0277700638711469,0,-3.28649299263463,-22.3083909187574,-8.57759030807676,99.9722299361289,74.1029641185647,0.247458174189037,0,1,110,refinement
102,9,0,0,0,-6.29539073064868,-22.3883361185455,-8.57759030807676,100,74.0706869654096,0.308711270767849,1,1,111,refinement
102,10,0,0,0,-6.29539073064868,-22.4161586559049,-8.57759030807676,100,74.0437893377804,0.342388863942524,1,1,112,refinement
102,11,0,0,0,-8.07515428616705,-22.6511211815332,-8.57759030807676,100,73.9953736080478,0.398518185900314,1,1,113,refinement
102,12,0,0,0,-8.07515428616705,-22.6888958907818,-8.63295415604167,100,73.9214631522324,0.454647507858105,1,1,114,refinement
102,13,0,0,0,-10.0733067791052,-22.7367133202685,-11.1449270462534,100,73.8784292630447,0.575609231265802,1,1,115,refinement
102,14,0,0,0,-10.0733067791052,-22.7512398258133,-11.4060504208483,100,73.8353953738569,0.667104111986002,1,1,116,refinement
102,15,0,0,0,-10.0733067791052,-22.9559327823386,-11.6212169368155,100,73.7762237762238,0.74912510936133,1,1,117,refinement
102,16,0,0,0,-10.0733067791052,-23.5067075948267,-13.3406544164571,100,73.6309844002152,0.847550306211724,1,1,118,refinement
102,17,0,0,0,-10.0733067791052,-23.6439838134412,-13.4124685636822,100,73.5004572596697,0.93503937007874,1,1,119,refinement
103,3,0.333240766453763,0.333240766453763,0.111080255484588,2.2488237102536,-21.6071922376058,-0.112775708305495,99.6667592335462,75.6684060465867,0.0673551863493489,0,0,106,refinement
103,4,0.305470702582616,0.305470702582616,0.111080255484588,2.2488237102536,-21.6094865143016,-0.112775708305495,99.6945292974174,75.6415084189574,0.072968118545128,0,0,107,refinement
103,5,0.222160510969175,0.222160510969175,0.0555401277422938,-0.100152233692512,-21.6328852460089,-3.32913456119751,99.7778394890308,75.5984722147507,0.112258643915582,0,0,108,refinement
103,6,0.138850319355735,0.138850319355735,0.0277700638711469,-1.38369641943814,-21.7448709233742,-4.00908892983128,99.8611496806443,75.5675094136633,0.151549169286035,0,0,109,refinement
103,7,0.0833101916134407,0.0833101916134407,0,-1.38369641943814,-22.0054682173739,-6.54285230697967,99.9166898083866,75.5029585798816,0.182903867878853,0,1,110,refinement
103,8,0.0277700638711469,0.0277700638711469,0,-3.28649299263463,-22.3083909187574,-8.57759030807676,99.9722299361289,75.4370864489752,0.247458174189037,0,1,111,refinement
103,9,0,0,0,-6.29539073064868,-22.3883361185455,-8.57759030807676,100,75.4048092958201,0.308711270767849,1,1,112,refinement
103,10,0,0,0,-6.29539073064868,-22.4161586559049,-8.57759030807676,100,75.3779116681909,0.342388863942524,1,1,113,refinement
103,11,0,0,0,-8.07515428616705,-22.6511211815332,-8.57759030807676,100,75.3362022592792,0.398518185900314,1,1,114,refinement
103,12,0,0,0,-8.07515428616705,-22.6888958907818,-8.63295415604167,100,75.3146853146853,0.454647507858105,1,1,115,refinement
103,13,0,0,0,-10.0733067791052,-22.7367133202685,-11.1449270462534,100,75.2716514254976,0.575609231265802,1,1,116,refinement
103,14,0,0,0,-10.0733067791052,-22.7512398258133,-11.4060504208483,100,75.2286175363098,0.667104111986002,1,1,117,refinement
103,15,0,0,0,-10.0733067791052,-22.9559327823386,-11.6212169368155,100,75.1694459386767,0.74912510936133,1,1,118,refinement
103,16,0,0,0,-10.0733067791052,-23.5067075948267,-13.3406544164571,100,75.0242065626681,0.847550306211724,1,1,119,refinement
103,17,0,0,0,-10.0733067791052,-23.6439838134412,-13.4124685636822,100,74.8574502420656,0.93503937007874,1,1,120,refinement
104,3,0.333240766453763,0.333240766453763,0.111080255484588,2.2488237102536,-21.6071922376058,-0.112775708305495,99.6667592335462,76.7240451855836,0.0673551863493489,0,0,107,refinement
104,4,0.305470702582616,0.305470702582616,0.111080255484588,2.2488237102536,-21.6094865143016,-0.112775708305495,99.6945292974174,76.7186659494352,0.072968118545128,0,0,108,refinement
104,5,0.222160510969175,0.222160510969175,0.0555401277422938,-0.100152233692512,-21.6328852460089,-3.32913456119751,99.7778394890308,76.6917697686929,0.112258643915582,0,0,109,refinement
104,6,0.138850319355735,0.138850319355735,0.0277700638711469,-1.38369641943814,-21.7448709233742,-4.00908892983128,99.8611496806443,76.6648735879505,0.151549169286035,0,0,110,refinement
104,7,0.0833101916134407,0.0833101916134407,0,-1.38369641943814,-22.0054682173739,-6.54285230697967,99.9166898083866,76.6003227541689,0.182903867878853,0,1,111,refinement
104,8,0.0277700638711469,0.0277700638711469,0,-3.28649299263463,-22.3083909187574,-8.57759030807676,99.9722299361289,76.5250134480904,0.247458174189037,0,1,112,refinement
104,9,0,0,0,-6.29539073064868,-22.3883361185455,-8.57759030807676,100,76.4873587950511,0.308711270767849,1,1,113,refinement
104,10,0,0,0,-6.29539073064868,-22.4161586559049,-8.57759030807676,100,76.4658418504572,0.342388863942524,1,1,114,refinement
104,11,0,0,0,-8.07515428616705,-22.6511211815332,-8.57759030807676,100,76.4335664335664,0.398518185900314,1,1,115,refinement
104,12,0,0,0,-8.07515428616705,-22.6888958907818,-8.63295415604167,100,76.4120494889726,0.454647507858105,1,1,116,refinement
104,13,0,0,0,-10.0733067791052,-22.7367133202685,-11.1449270462534,100,76.3690155997848,0.575609231265802,1,1,117,refinement
104,14,0,0,0,-10.0733067791052,-22.7512398258133,-11.4060504208483,100,76.3259817105971,0.667104111986002,1,1,118,refinement
104,15,0,0,0,-10.0733067791052,-22.9559327823386,-11.6212169368155,100,76.266810112964,0.74912510936133,1,1,119,refinement
104,16,0,0,0,-10.0733067791052,-23.5067075948267,-13.3406544164571,100,76.1215707369553,0.847550306211724,1,1,120,refinement
104,17,0,0,0,-10.0733067791052,-23.6439838134412,-13.4124685636822,100,75.9548144163529,0.93503937007874,1,1,121,refinement
105,3,0.333240766453763,0.333240766453763,0.111080255484588,2.2488237102536,-21.6071922376058,-0.112775708305501,99.6667592335462,77.6588304911507,0.0673551863493489,0,0,108,refinement
105,4,0.305470702582616,0.305470702582616,0.111080255484588,2.2488237102536,-21.6094865143016,-0.112775708305501,99.6945292974174,77.6319328635214,0.072968118545128,0,0,109,refinement
105,5,0.222160510969175,0.222160510969175,0.0555401277422938,-0.100152233692512,-21.6328852460089,-3.32913456119751,99.7778394890308,77.5888966593146,0.112258643915582,0,0,110,refinement
105,6,0.138850319355735,0.138850319355735,0.0277700638711469,-1.38369641943814,-21.7448709233742,-4.00908892983128,99.8611496806443,77.5512399806337,0.151549169286035,0,0,111,refinement
105,7,0.0833101916134407,0.0833101916134407,0,-1.38369641943814,-22.0054682173739,-6.54285230697967,99.9166898083866,77.4920651998494,0.182903867878853,0,1,112,refinement
105,8,0.0277700638711469,0.0277700638711469,0,-3.28649299263463,-22.3083909187574,-8.57759030807676,99.9722299361289,77.4275108935392,0.247458174189037,0,1,113,refinement
105,9,0,0,0,-6.29539073064868,-22.3883361185455,-8.57759030807676,100,77.3952337403841,0.308711270767849,1,1,114,refinement
105,10,0,0,0,-6.29539073064868,-22.4161586559049,-8.57759030807676,100,77.3683361127549,0.342388863942524,1,1,115,refinement
105,11,0,0,0,-8.07515428616705,-22.6511211815332,-8.57759030807676,100,77.3199203830222,0.398518185900314,1,1,116,refinement
105,12,0,0,0,-8.07515428616705,-22.6888958907818,-8.63295415604167,100,77.2727272727273,0.454647507858105,1,1,117,refinement
105,13,0,0,0,-10.0733067791052,-22.7367133202685,-11.1449270462534,100,77.2296933835395,0.575609231265802,1,1,118,refinement
105,14,0,0,0,-10.0733067791052,-22.7512398258133,-11.4060504208483,100,77.1866594943518,0.667104111986002,1,1,119,refinement
105,15,0,0,0,-10.0733067791052,-22.9559327823386,-11.6212169368155,100,77.1274878967187,0.74912510936133,1,1,120,refinement
105,16,0,0,0,-10.0733067791052,-23.5067075948267,-13.3406544164571,100,76.9822485207101,0.847550306211724,1,1,121,refinement
105,17,0,0,0,-10.0733067791052,-23.6439838134412,-13.4124685636822,100,76.8250040346441,0.93503937007874,1,1,122,refinement
106,3,0.333240766453763,0.333240766453763,0.111080255484588,2.2488237102536,-21.6071922376058,-0.112775708305501,99.6667592335462,78.4711388455538,0.0673551863493489,0,0,109,refinement
106,4,0.305470702582616,0.305470702582616,0.111080255484588,2.2488237102536,-21.6094865143016,-0.112775708305501,99.6945292974174,78.4442412179246,0.072968118545128,0,0,110,refinement
106,5,0.222160510969175,0.222160510969175,0.0555401277422938,-0.100152233692512,-21.6328852460089,-3.32913456119751,99.7778394890308,78.4012050137178,0.112258643915582,0,0,111,refinement
106,6,0.138850319355735,0.138850319355735,0.0277700638711469,-1.38369641943814,-21.7448709233742,-4.00908892983128,99.8611496806443,78.3635483350369,0.151549169286035,0,0,112,refinement
106,7,0.0833101916134407,0.0833101916134407,0,-1.38369641943814,-22.0054682173739,-6.54285230697967,99.9166898083866,78.3043735542525,0.182903867878853,0,1,113,refinement
106,8,0.0277700638711469,0.0277700638711469,0,-3.28649299263463,-22.3083909187574,-8.57759030807676,99.9722299361289,78.2398192479423,0.247458174189037,0,1,114,refinement
106,9,0,0,0,-6.29539073064868,-22.3883361185455,-8.57759030807676,100,78.2075420947872,0.308711270767849,1,1,115,refinement
106,10,0,0,0,-6.29539073064868,-22.4161586559049,-8.57759030807676,100,78.180644467158,0.342388863942524,1,1,116,refinement
106,11,0,0,0,-8.07515428616705,-22.6511211815332,-8.57759030807676,100,78.1322287374254,0.398518185900314,1,1,117,refinement
106,12,0,0,0,-8.07515428616705,-22.6888958907818,-8.63295415604167,100,78.0353972779601,0.454647507858105,1,1,118,refinement
106,13,0,0,0,-10.0733067791052,-22.7367133202685,-11.1449270462534,100,77.9116681908656,0.575609231265802,1,1,119,refinement
106,14,0,0,0,-10.0733067791052,-22.7512398258133,-11.4060504208483,100,77.8590640129102,0.667104111986002,1,1,120,refinement
106,15,0,0,0,-10.0733067791052,-22.9559327823386,-11.6212169368155,100,77.799892415277,0.74912510936133,1,1,121,refinement
106,16,0,0,0,-10.0733067791052,-23.5067075948267,-13.3406544164571,100,77.6964871698316,0.847550306211724,1,1,122,refinement
106,17,0,0,0,-10.0733067791052,-23.6439838134412,-13.4124685636822,100,77.6373123890473,0.93503937007874,1,1,123,refinement
107,3,0.333240766453763,0.333240766453763,0.111080255484588,2.2488237102536,-21.6071922376058,-0.112775708305501,99.6667592335462,79.1812362149658,0.0673551863493489,0,0,110,refinement
107,4,0.305470702582616,0.305470702582616,0.111080255484588,2.2488237102536,-21.6094865143016,-0.112775708305501,99.6945292974174,79.1543385873366,0.072968118545128,0,0,111,refinement
107,5,0.222160510969175,0.222160510969175,0.0555401277422938,-0.100152233692512,-21.6328852460089,-3.32913456119751,99.7778394890308,79.1113023831298,0.112258643915582,0,0,112,refinement
107,6,0.138850319355735,0.138850319355735,0.0277700638711469,-1.38369641943814,-21.7448709233742,-4.00908892983128,99.8611496806443,79.0736457044489,0.151549169286035,0,0,113,refinement
107,7,0.0833101916134407,0.0833101916134407,0,-1.38369641943814,-22.0054682173739,-6.54285230697967,99.9166898083866,79.0144709236645,0.182903867878853,0,1,114,refinement
107,8,0.0277700638711469,0.0277700638711469,0,-3.28649299263463,-22.3083909187574,-8.57759030807676,99.9722299361289,78.9499166173543,0.247458174189037,0,1,115,refinement
107,9,0,0,0,-6.29539073064868,-22.3883361185455,-8.57759030807676,100,78.9176394641993,0.308711270767849,1,1,116,refinement
107,10,0,0,0,-6.29539073064868,-22.4161586559049,-8.57759030807676,100,78.89074183657,0.342388863942524,1,1,117,refinement
107,11,0,0,0,-8.07515428616705,-22.6511211815332,-8.57759030807676,100,78.8423261068374,0.398518185900314,1,1,118,refinement
107,12,0,0,0,-8.07515428616705,-22.6888958907818,-8.63295415604167,100,78.7454946473721,0.454647507858105,1,1,119,refinement
107,13,0,0,0,-10.0733067791052,-22.7367133202685,-11.1449270462534,100,78.6217655602776,0.575609231265802,1,1,120,refinement
107,14,0,0,0,-10.0733067791052,-22.7512398258133,-11.4060504208483,100,78.5572112539674,0.667104111986002,1,1,121,refinement
107,15,0,0,0,-10.0733067791052,-22.9559327823386,-11.6212169368155,100,78.4872774221314,0.74912510936133,1,1,122,refinement
107,16,0,0,0,-10.0733067791052,-23.5067075948267,-13.3406544164571,100,78.4065845392436,0.847550306211724,1,1,123,refinement
107,17,0,0,0,-10.0733067791052,-23.6439838134412,-13.4124685636822,100,78.3474097584593,0.93503937007874,1,1,124,refinement
134.808841695559,3,0.333240766453763,0.333240766453763,0.111080255484588,2.2488237102536,-21.6071922376058,-0.112775708305498,99.6667592335462,99.9838614234225,0.0673551863493489,0,0,137.808841695559,refinement
134.808841695559,4,0.305470702582616,0.305470702582616,0.111080255484588,2.2488237102536,-21.6094865143016,-0.112775708305498,99.6945292974174,99.9781277340333,0.072968118545128,0,0,138.808841695559,refinement
134.808841695559,5,0.222160510969175,0.222160510969175,0.0555401277422938,-0.100152233692512,-21.6328852460089,-3.32913456119751,99.7778394890308,99.9507874015748,0.112258643915582,0,0,139.808841695559,refinement
134.808841695559,6,0.138850319355735,0.138850319355735,0.0277700638711469,-1.38369641943814,-21.7448709233742,-4.00908892983128,99.8611496806443,99.9343832020997,0.151549169286035,0,0,140.808841695559,refinement
134.808841695559,7,0.0833101916134407,0.0833101916134407,0,-1.38369641943814,-22.0054682173739,-6.54285230697967,99.9166898083866,99.9070428696413,0.182903867878853,0,1,141.808841695559,refinement
134.808841695559,8,0.0277700638711469,0.0277700638711469,0,-3.28649299263463,-22.3083909187574,-8.57759030807676,99.9722299361289,99.8578302712161,0.247458174189037,0,1,142.808841695559,refinement
134.808841695559,9,0,0,0,-6.29539073064868,-22.3883361185455,-8.57759030807676,100,99.8086176727909,0.308711270767849,1,1,143.808841695559,refinement
134.808841695559,10,0,0,0,-6.29539073064868,-22.4161586559049,-8.57759030807676,100,99.753937007874,0.342388863942524,1,1,144.808841695559,refinement
134.808841695559,11,0,0,0,-8.07515428616705,-22.6511211815332,-8.57759030807676,100,99.7265966754156,0.398518185900314,1,1,145.808841695559,refinement
134.808841695559,12,0,0,0,-8.07515428616705,-22.6888958907818,-8.63295415604167,100,99.6503496503497,0.454647507858105,1,1,146.808841695559,refinement
134.808841695559,13,0,0,0,-10.0733067791052,-22.7367133202685,-11.1449270462534,100,99.6073157611619,0.575609231265802,1,1,147.808841695559,refinement
134.808841695559,14,0,0,0,-10.0733067791052,-22.7512398258133,-11.4060504208483,100,99.5642818719742,0.667104111986002,1,1,148.808841695559,refinement
134.808841695559,15,0,0,0,-10.0733067791052,-22.9559327823386,-11.6212169368155,100,99.505110274341,0.74912510936133,1,1,149.808841695559,refinement
134.808841695559,16,0,0,0,-10.0733067791052,-23.5067075948267,-13.3406544164571,100,99.3598708983324,0.847550306211724,1,1,150.808841695559,refinement
134.808841695559,17,0,0,0,-10.0733067791052,-23.6439838134412,-13.4124685636822,100,99.19311457773,0.93503937007874,1,1,151.808841695559,refinement
134.808841695559,134.808841695559,0,0,0,-2948.41956873937,-2948.41956873937,-2948.41956873937,100,0,100,1,1,269.617683391118,refinement
98.5,5.5,0.277700638711469,0.277700638711469,0.0694251596778673,-0.777528548658694,-21.7262914879363,-2.08133845481261,99.7222993612885,67.6181102362205,0.134710372698698,0,0,104,final
98.5,6,0.277700638711469,0.277700638711469,0.0694251596778673,-0.777528548658694,-21.7448709233742,-2.08133845481261,99.7222993612885,67.6126421697288,0.151549169286035,0,0,104.5,final
98.5,6.5,0.222160510969175,0.222160510969175,0.0416550958067204,-0.777528548658694,-21.8432563333169,-3.01641818217061,99.7778394890308,67.5962379702537,0.151549169286035,0,0,105,final
98.5,7,0.222160510969175,0.222160510969175,0.0416550958067204,-0.777528548658694,-21.9821094516491,-3.01641818217061,99.7778394890308,67.5853018372703,0.182903867878853,0,0,105.5,final
98.5,7.5,0.222160510969175,0.222160510969175,0.0138850319355735,-0.777528548658694,-21.9821094516491,-3.01641818217061,99.7778394890308,67.574365704287,0.215169445938677,0,0,106,final
98.5,8,0.222160510969175,0.222160510969175,0.0138850319355735,-0.777528548658694,-22.0030635981066,-3.01641818217061,99.7778394890308,67.5360892388452,0.247458174189037,0,0,106.5,final
98.5,8.5,0.222160510969175,0.222160510969175,0.0138850319355735,-0.777528548658694,-22.0030635981066,-3.01641818217061,99.7778394890308,67.503280839895,0.280646609788954,0,0,107,final
98.5,9,0.222160510969175,0.222160510969175,0,-0.777528548658694,-22.020460474793,-3.01641818217061,99.7778394890308,67.48687664042,0.308711270767849,0,0,107.5,final
98.5,9.5,0.222160510969175,0.222160510969175,0,-0.777528548658694,-22.0911421554,-3.01641818217061,99.7778394890308,67.4486001749781,0.336775931746744,0,0,108,final
98.5,10,0.222160510969175,0.222160510969175,0,-0.777528548658694,-22.0911421554,-3.01641818217061,99.7778394890308,67.4321959755031,0.342388863942524,0,0,108.5,final
98.5,10.5,0.222160510969175,0.222160510969175,0,-0.777528548658694,-22.1333715556984,-3.01641818217061,99.7778394890308,67.4267279090114,0.370453524921419,0,0,109,final
99,5.5,0.194390447098028,0.194390447098028,0.0694251596778673,-0.777528548658694,-21.7262914879363,-3.01641818217061,99.805609552902,68.7062554680665,0.134710372698698,0,0,104.5,final
99,6,0.194390447098028,0.194390447098028,0.0694251596778673,-0.777528548658694,-21.7448709233742,-3.01641818217061,99.805609552902,68.7007874015748,0.151549169286035,0,0,105,final
99,6.5,0.138850319355735,0.138850319355735,0.0416550958067204,-0.777528548658694,-21.8432563333169,-3.21830227716544,99.8611496806443,68.6843832020997,0.151549169286035,0,0,105.5,final
99,7,0.138850319355735,0.138850319355735,0.0416550958067204,-0.777528548658694,-22.0054682173739,-3.21830227716544,99.8611496806443,68.6734470691164,0.182903867878853,0,0,106,final
99,7.5,0.138850319355735,0.138850319355735,0.0138850319355735,-0.777528548658694,-22.2203664545476,-3.21830227716544,99.8611496806443,68.662510936133,0.215169445938677,0,0,106.5,final
99,8,0.138850319355735,0.138850319355735,0.0138850319355735,-0.777528548658694,-22.2996742920159,-3.21830227716544,99.8611496806443,68.6242344706912,0.247458174189037,0,0,107,final
99,8.5,0.138850319355735,0.138850319355735,0.0138850319355735,-0.777528548658694,-22.2996742920159,-3.21830227716544,99.8611496806443,68.591426071741,0.280646609788954,0,0,107.5,final
99,9,0.138850319355735,0.138850319355735,0,-0.777528548658694,-22.3498026141402,-3.21830227716544,99.8611496806443,68.575021872266,0.308711270767849,0,0,108,final
99,9.5,0.138850319355735,0.138850319355735,0,-0.777528548658694,-22.4161586559049,-3.21830227716544,99.8611496806443,68.5367454068242,0.336775931746744,0,0,108.5,final
99,10,0.138850319355735,0.138850319355735,0,-0.777528548658694,-22.4161586559049,-3.21830227716544,99.8611496806443,68.5203412073491,0.342388863942524,0,0,109,final
99,10.5,0.138850319355735,0.138850319355735,0,-0.777528548658694,-22.4863013475298,-3.21830227716544,99.8611496806443,68.5148731408574,0.370453524921419,0,0,109.5,final
99.5,5.5,0.138850319355735,0.138850319355735,0.0555401277422938,-1.38369641943814,-21.7262914879363,-3.44690455108743,99.8611496806443,69.7615923009624,0.134710372698698,0,0,105,final
99.5,6,0.138850319355735,0.138850319355735,0.0555401277422938,-1.38369641943814,-21.7448709233742,-3.44690455108743,99.8611496806443,69.7561242344707,0.151549169286035,0,0,105.5,final
99.5,6.5,0.0833101916134407,0.0833101916134407,0.0277700638711469,-1.38369641943814,-21.8432563333169,-6.38023981399574,99.9166898083866,69.7397200349956,0.151549169286035,0,1,106,final
99.5,7,0.0833101916134407,0.0833101916134407,0.0277700638711469,-1.38369641943814,-22.0054682173739,-6.54285230697967,99.9166898083866,69.7287839020123,0.182903867878853,0,1,106.5,final
99.5,7.5,0.0555401277422938,0.0555401277422938,0.0138850319355735,-1.97800828807851,-22.2629824051473,-8.04756207891044,99.9444598722577,69.7178477690289,0.215169445938677,0,1,107,final
99.5,8,0.0555401277422938,0.0555401277422938,0.0138850319355735,-1.97800828807851,-22.3083909187574,-8.57759030807676,99.9444598722577,69.6795713035871,0.247458174189037,0,1,107.5,final
99.5,8.5,0.0555401277422938,0.0555401277422938,0.0138850319355735,-1.97800828807851,-22.3396243010159,-8.57759030807676,99.9444598722577,69.6467629046369,0.280646609788954,0,1,108,final
99.5,9,0.0555401277422938,0.0555401277422938,0,-1.97800828807851,-22.3883361185455,-8.57759030807676,99.9444598722577,69.6303587051619,0.308711270767849,0,1,108.5,final
99.5,9.5,0.0555401277422938,0.0555401277422938,0,-1.97800828807851,-22.4161586559049,-8.57759030807676,99.9444598722577,69.59208223972,0.336775931746744,0,1,109,final
99.5,10,0.0555401277422938,0.0555401277422938,0,-1.97800828807851,-22.4161586559049,-8.57759030807676,99.9444598722577,69.575678040245,0.342388863942524,0,1,109.5,final
99.5,10.5,0.0555401277422938,0.0555401277422938,0,-1.97800828807851,-22.5947816244525,-8.57759030807676,99.9444598722577,69.5702099737533,0.370453524921419,0,1,110,final
100,5.5,0.138850319355735,0.138850319355735,0.0277700638711469,-1.38369641943814,-21.7262914879363,-4.00908892983128,99.8611496806443,70.5544619422572,0.134710372698698,0,0,105.5,final
100,6,0.138850319355735,0.138850319355735,0.0277700638711469,-1.38369641943814,-21.7448709233742,-4.00908892983128,99.8611496806443,70.5489938757655,0.151549169286035,0,0,106,final
100,6.5,0.0833101916134407,0.0833101916134407,0,-1.38369641943814,-21.8432563333169,-6.38023981399574,99.9166898083866,70.5325896762905,0.151549169286035,0,1,106.5,final
100,7,0.0833101916134407,0.0833101916134407,0,-1.38369641943814,-22.0054682173739,-6.54285230697967,99.9166898083866,70.5216535433071,0.182903867878853,0,1,107,final
100,7.5,0.0277700638711469,0.0277700638711469,0,-3.28649299263463,-22.2629824051473,-8.57759030807676,99.9722299361289,70.5107174103237,0.215169445938677,0,1,107.5,final
100,8,0.0277700638711469,0.0277700638711469,0,-3.28649299263463,-22.3083909187574,-8.57759030807676,99.9722299361289,70.4724409448819,0.247458174189037,0,1,108,final
100,8.5,0.0277700638711469,0.0277700638711469,0,-3.28649299263463,-22.3396243010159,-8.57759030807676,99.9722299361289,70.4396325459318,0.280646609788954,0,1,108.5,final
100,9,0,0,0,-6.29539073064868,-22.3883361185455,-8.57759030807676,100,70.4232283464567,0.308711270767849,1,1,109,final
100,9.5,0,0,0,-6.29539073064868,-22.4161586559049,-8.57759030807676,100,70.3849518810149,0.336775931746744,1,1,109.5,final
100,10,0,0,0,-6.29539073064868,-22.4161586559049,-8.57759030807676,100,70.3685476815398,0.342388863942524,1,1,110,final
100,10.5,0,0,0,-8.07515428616705,-22.5947816244525,-8.57759030807676,100,70.3630796150481,0.370453524921419,1,1,110.5,final
100.5,5.5,0.138850319355735,0.138850319355735,0.0277700638711469,-1.38369641943814,-21.7262914879363,-4.00908892983128,99.8611496806443,71.4020122484689,0.134710372698698,0,0,106,final
100.5,6,0.138850319355735,0.138850319355735,0.0277700638711469,-1.38369641943814,-21.7448709233742,-4.00908892983128,99.8611496806443,71.3965441819772,0.151549169286035,0,0,106.5,final
100.5,6.5,0.0833101916134407,0.0833101916134407,0,-1.38369641943814,-21.8432563333169,-6.38023981399574,99.9166898083866,71.3801399825022,0.151549169286035,0,1,107,final
100.5,7,0.0833101916134407,0.0833101916134407,0,-1.38369641943814,-22.0054682173739,-6.54285230697967,99.9166898083866,71.3692038495188,0.182903867878853,0,1,107.5,final
100.5,7.5,0.0277700638711469,0.0277700638711469,0,-3.28649299263463,-22.2629824051473,-8.57759030807676,99.9722299361289,71.3582677165354,0.215169445938677,0,1,108,final
100.5,8,0.0277700638711469,0.0277700638711469,0,-3.28649299263463,-22.3083909187574,-8.57759030807676,99.9722299361289,71.3199912510936,0.247458174189037,0,1,108.5,final
100.5,8.5,0.0277700638711469,0.0277700638711469,0,-3.28649299263463,-22.3396243010159,-8.57759030807676,99.9722299361289,71.2871828521435,0.280646609788954,0,1,109,final
100.5,9,0,0,0,-6.29539073064868,-22.3883361185455,-8.57759030807676,100,71.2707786526684,0.308711270767849,1,1,109.5,final
100.5,9.5,0,0,0,-6.29539073064868,-22.4161586559049,-8.57759030807676,100,71.2325021872266,0.336775931746744,1,1,110,final
100.5,10,0,0,0,-6.29539073064868,-22.4161586559049,-8.57759030807676,100,71.2160979877515,0.342388863942524,1,1,110.5,final
100.5,10.5,0,0,0,-8.07515428616705,-22.5947816244525,-8.57759030807676,100,71.2106299212598,0.370453524921419,1,1,111,final
101,5.5,0.138850319355735,0.138850319355735,0.0277700638711469,-1.38369641943814,-21.7262914879363,-4.00908892983128,99.8611496806443,72.7634622626284,0.134710372698698,0,0,106.5,final
101,6,0.138850319355735,0.138850319355735,0.0277700638711469,-1.38369641943814,-21.7448709233742,-4.00908892983128,99.8611496806443,72.7527032115767,0.151549169286035,0,0,107,final
101,6.5,0.0833101916134407,0.0833101916134407,0,-1.38369641943814,-21.8432563333169,-6.38023981399574,99.9166898083866,72.7365646349992,0.151549169286035,0,1,107.5,final
101,7,0.0833101916134407,0.0833101916134407,0,-1.38369641943814,-22.0054682173739,-6.54285230697967,99.9166898083866,72.6935284307924,0.182903867878853,0,1,108,final
101,7.5,0.0277700638711469,0.0277700638711469,0,-3.28649299263463,-22.2629824051473,-8.57759030807676,99.9722299361289,72.6666308031632,0.215169445938677,0,1,108.5,final
101,8,0.0277700638711469,0.0277700638711469,0,-3.28649299263463,-22.3083909187574,-8.57759030807676,99.9722299361289,72.6289741244822,0.247458174189037,0,1,109,final
101,8.5,0.0277700638711469,0.0277700638711469,0,-3.28649299263463,-22.3396243010159,-8.57759030807676,99.9722299361289,72.6128355479047,0.280646609788954,0,1,109.5,final
101,9,0,0,0,-6.29539073064868,-22.3883361185455,-8.57759030807676,100,72.5966969713271,0.308711270767849,1,1,110,final
101,9.5,0,0,0,-6.29539073064868,-22.4161586559049,-8.57759030807676,100,72.5805583947496,0.336775931746744,1,1,110.5,final
101,10,0,0,0,-6.29539073064868,-22.4161586559049,-8.57759030807676,100,72.5697993436979,0.342388863942524,1,1,111,final
101,10.5,0,0,0,-8.07515428616705,-22.5947816244525,-8.57759030807676,100,72.5536607671203,0.370453524921419,1,1,111.5,final
101.5,5.5,0.138850319355735,0.138850319355735,0.0277700638711469,-1.38369641943814,-21.7262914879363,-4.00908892983128,99.8611496806443,73.6618430254452,0.134710372698698,0,0,107,final
101.5,6,0.138850319355735,0.138850319355735,0.0277700638711469,-1.38369641943814,-21.7448709233742,-4.00908892983128,99.8611496806443,73.6510839743935,0.151549169286035,0,0,107.5,final
101.5,6.5,0.0833101916134407,0.0833101916134407,0,-1.38369641943814,-21.8432563333169,-6.38023981399574,99.9166898083866,73.6349453978159,0.151549169286035,0,1,108,final
101.5,7,0.0833101916134407,0.0833101916134407,0,-1.38369641943814,-22.0054682173739,-6.54285230697967,99.9166898083866,73.5919091936091,0.182903867878853,0,1,108.5,final
101.5,7.5,0.0277700638711469,0.0277700638711469,0,-3.28649299263463,-22.2629824051473,-8.57759030807676,99.9722299361289,73.5650115659799,0.215169445938677,0,1,109,final
101.5,8,0.0277700638711469,0.0277700638711469,0,-3.28649299263463,-22.3083909187574,-8.57759030807676,99.9722299361289,73.5273548872989,0.247458174189037,0,1,109.5,final
101.5,8.5,0.0277700638711469,0.0277700638711469,0,-3.28649299263463,-22.3396243010159,-8.57759030807676,99.9722299361289,73.5112163107214,0.280646609788954,0,1,110,final
101.5,9,0,0,0,-6.29539073064868,-22.3883361185455,-8.57759030807676,100,73.4950777341438,0.308711270767849,1,1,110.5,final
101.5,9.5,0,0,0,-6.29539073064868,-22.4161586559049,-8.57759030807676,100,73.4789391575663,0.336775931746744,1,1,111,final
101.5,10,0,0,0,-6.29539073064868,-22.4161586559049,-8.57759030807676,100,73.4681801065146,0.342388863942524,1,1,111.5,final
101.5,10.5,0,0,0,-8.07515428616705,-22.5947816244525,-8.57759030807676,100,73.4520415299371,0.370453524921419,1,1,112,final
134.808841695559,5.5,0.138850319355735,0.138850319355735,0.0277700638711469,-1.38369641943814,-21.7262914879363,-4.00908892983128,99.8611496806443,99.9398512685914,0.134710372698698,0,0,140.308841695559,final
134.808841695559,6,0.138850319355735,0.138850319355735,0.0277700638711469,-1.38369641943814,-21.7448709233742,-4.00908892983128,99.8611496806443,99.9343832020997,0.151549169286035,0,0,140.808841695559,final
134.808841695559,6.5,0.0833101916134407,0.0833101916134407,0,-1.38369641943814,-21.8432563333169,-6.38023981399574,99.9166898083866,99.9179790026247,0.151549169286035,0,1,141.308841695559,final
134.808841695559,7,0.0833101916134407,0.0833101916134407,0,-1.38369641943814,-22.0054682173739,-6.54285230697967,99.9166898083866,99.9070428696413,0.182903867878853,0,1,141.808841695559,final
134.808841695559,7.5,0.0277700638711469,0.0277700638711469,0,-3.28649299263463,-22.2629824051473,-8.57759030807676,99.9722299361289,99.8961067366579,0.215169445938677,0,1,142.308841695559,final
134.808841695559,8,0.0277700638711469,0.0277700638711469,0,-3.28649299263463,-22.3083909187574,-8.57759030807676,99.9722299361289,99.8578302712161,0.247458174189037,0,1,142.808841695559,final
134.808841695559,8.5,0.0277700638711469,0.0277700638711469,0,-3.28649299263463,-22.3396243010159,-8.57759030807676,99.9722299361289,99.825021872266,0.280646609788954,0,1,143.308841695559,final
134.808841695559,9,0,0,0,-6.29539073064868,-22.3883361185455,-8.57759030807676,100,99.8086176727909,0.308711270767849,1,1,143.808841695559,final
134.808841695559,9.5,0,0,0,-6.29539073064868,-22.4161586559049,-8.57759030807676,100,99.7703412073491,0.336775931746744,1,1,144.308841695559,final
134.808841695559,10,0,0,0,-6.29539073064868,-22.4161586559049,-8.57759030807676,100,99.753937007874,0.342388863942524,1,1,144.808841695559,final
134.808841695559,10.5,0,0,0,-8.07515428616705,-22.5947816244525,-8.57759030807676,100,99.7484689413823,0.370453524921419,1,1,145.308841695559,final
134.808841695559,134.808841695559,0,0,0,-2948.41956873937,-2948.41956873937,-2948.41956873937,100,0,100,1,1,269.617683391118,final
