Time,AggregateInterferenceDbm,IOverNDb,DominantSatelliteIndex,VisibleSatelliteCount,EligibleCandidateCount,CandidateSatelliteCount,EffectiveContributorCount,PracticalSelectedIOverNDb
01-Aug-2026 00:00:00,-151.302425685597,-23.1954387390809,0,25,25,25,5,-23.1954387390809
01-Aug-2026 00:00:02,-151.607562553189,-23.5005756066735,0,25,25,25,4,-23.5005756066735
01-Aug-2026 00:00:04,-151.393048442556,-23.2860614960405,0,25,25,25,3,-23.2860614960405
01-Aug-2026 00:00:06,-168.178222508596,-40.0712355620799,0,25,25,25,3,-40.0712355620799
01-Aug-2026 00:00:08,-184.392460017167,-56.285473070651,0,25,25,25,3,-56.285473070651
01-Aug-2026 00:00:10,-184.991597402044,-56.8846104555279,0,25,25,25,2,-56.8846104555279
01-Aug-2026 00:00:12,-177.527389140029,-49.4204021935133,0,25,25,25,3,-49.4204021935133
01-Aug-2026 00:00:14,-172.942142728598,-44.835155782082,0,25,25,25,4,-44.835155782082
01-Aug-2026 00:00:16,-172.32723051453,-44.2202435680146,0,25,25,25,5,-44.2202435680146
01-Aug-2026 00:00:18,-171.742474166212,-43.6354872196957,0,25,25,25,5,-43.6354872196957
01-Aug-2026 00:00:20,-177.03708729784,-48.9301003513239,0,25,25,25,3,-48.9301003513239
01-Aug-2026 00:00:22,-177.217916089604,-49.1109291430878,0,24,24,24,3,-49.1109291430878
01-Aug-2026 00:00:24,-160.570910513565,-32.4639235670492,0,24,24,24,4,-32.4639235670492
01-Aug-2026 00:00:26,-161.526712945112,-33.4197259985962,0,24,24,24,3,-33.4197259985962
01-Aug-2026 00:00:28,-161.566276169756,-33.45928922324,0,24,24,24,3,-33.45928922324
01-Aug-2026 00:00:30,-161.924957079815,-33.817970133299,0,24,24,24,3,-33.817970133299
01-Aug-2026 00:00:32,-162.558150252337,-34.4511633058213,0,24,24,24,3,-34.4511633058213
01-Aug-2026 00:00:34,-162.585041550086,-34.4780546035701,0,24,24,24,3,-34.4780546035701
01-Aug-2026 00:00:36,-177.128363432841,-49.0213764863246,0,24,24,24,2,-49.0213764863246
01-Aug-2026 00:00:38,-176.90680483282,-48.7998178863043,0,24,24,24,2,-48.7998178863043
01-Aug-2026 00:00:40,-177.161023053552,-49.0540361070365,0,24,24,24,2,-49.0540361070365
01-Aug-2026 00:00:42,-177.530909848718,-49.4239229022021,0,24,24,24,2,-49.4239229022021
01-Aug-2026 00:00:44,-191.461077712137,-63.354090765621,0,24,24,24,1,-63.354090765621
01-Aug-2026 00:00:46,-189.043104477088,-60.9361175305721,0,24,24,24,2,-60.9361175305721
01-Aug-2026 00:00:48,-189.463521977465,-61.3565350309489,0,24,24,24,2,-61.3565350309489
01-Aug-2026 00:00:50,-186.565957739184,-58.4589707926685,0,25,25,25,3,-58.4589707926685
01-Aug-2026 00:00:52,-194.2953322377,-66.1883452911837,0,25,25,25,1,-66.1883452911837
01-Aug-2026 00:00:54,-177.210034062205,-49.1030471156896,0,25,25,25,2,-49.1030471156896
01-Aug-2026 00:00:56,-171.508932135972,-43.4019451894563,0,25,25,25,4,-43.4019451894563
01-Aug-2026 00:00:58,-171.342852505125,-43.2358655586093,0,26,26,26,4,-43.2358655586093
01-Aug-2026 00:01:00,-171.190905636424,-43.0839186899084,0,26,26,26,4,-43.0839186899084
01-Aug-2026 00:01:02,-170.867264106912,-42.7602771603964,0,26,26,26,5,-42.7602771603964
01-Aug-2026 00:01:04,-170.949148207907,-42.8421612613908,0,26,26,26,5,-42.8421612613908
01-Aug-2026 00:01:06,-155.635150223288,-27.528163276772,0,26,26,26,6,-27.528163276772
01-Aug-2026 00:01:08,-156.041310384582,-27.9343234380666,0,26,26,26,6,-27.9343234380666
01-Aug-2026 00:01:10,-155.953359257653,-27.8463723111368,0,25,25,25,6,-27.8463723111368
01-Aug-2026 00:01:12,-156.091714689328,-27.9847277428123,0,26,26,26,6,-27.9847277428123
01-Aug-2026 00:01:14,-156.07077116808,-27.9637842215639,0,26,26,26,6,-27.9637842215639
01-Aug-2026 00:01:16,-156.541152790715,-28.4341658441992,0,26,26,26,5,-28.4341658441992
01-Aug-2026 00:01:18,-156.809737169153,-28.7027502226373,0,26,26,26,5,-28.7027502226373
01-Aug-2026 00:01:20,-172.349789187884,-44.2428022413679,0,26,26,26,5,-44.2428022413679
01-Aug-2026 00:01:22,-172.5133886839,-44.4064017373844,0,26,26,26,6,-44.4064017373844
01-Aug-2026 00:01:24,-168.449988561585,-40.343001615069,0,26,26,26,7,-40.343001615069
01-Aug-2026 00:01:26,-168.132677196583,-40.0256902500668,0,25,25,25,7,-40.0256902500668
01-Aug-2026 00:01:28,-167.921851996827,-39.8148650503112,0,25,25,25,7,-39.8148650503112
01-Aug-2026 00:01:30,-167.840498031563,-39.7335110850474,0,24,24,24,6,-39.7335110850474
01-Aug-2026 00:01:32,-167.672484534123,-39.5654975876072,0,24,24,24,5,-39.5654975876072
01-Aug-2026 00:01:34,-167.402613580908,-39.2956266343925,0,24,24,24,6,-39.2956266343925
01-Aug-2026 00:01:36,-167.370509925896,-39.2635229793797,0,24,24,24,6,-39.2635229793797
01-Aug-2026 00:01:38,-171.940672730861,-43.8336857843448,0,24,24,24,5,-43.8336857843448
01-Aug-2026 00:01:40,-171.748387681999,-43.6414007354827,0,24,24,24,5,-43.6414007354827
01-Aug-2026 00:01:42,-171.626187124186,-43.51920017767,0,24,24,24,5,-43.51920017767
01-Aug-2026 00:01:44,-171.574487162367,-43.467500215851,0,24,24,24,5,-43.467500215851
01-Aug-2026 00:01:46,-176.063748854609,-47.9567619080931,0,24,24,24,5,-47.9567619080931
01-Aug-2026 00:01:48,-175.649810128028,-47.5428231815122,0,25,25,25,5,-47.5428231815122
01-Aug-2026 00:01:50,-180.147310097465,-52.0403231509489,0,25,25,25,3,-52.0403231509489
01-Aug-2026 00:01:52,-180.134944305749,-52.0279573592331,0,25,25,25,3,-52.0279573592331
01-Aug-2026 00:01:54,-180.119958654339,-52.0129717078232,0,25,25,25,3,-52.0129717078232
01-Aug-2026 00:01:56,-180.536731049538,-52.4297441030218,0,26,26,26,3,-52.4297441030218
01-Aug-2026 00:01:58,-180.208573325919,-52.1015863794036,0,26,26,26,4,-52.1015863794036
01-Aug-2026 00:02:00,-180.099000084592,-51.992013138076,0,26,26,26,4,-51.992013138076
01-Aug-2026 00:02:02,-180.079363409653,-51.9723764631372,0,25,25,25,4,-51.9723764631372
01-Aug-2026 00:02:04,-179.94600064013,-51.8390136936141,0,25,25,25,4,-51.8390136936141
01-Aug-2026 00:02:06,-180.031663151578,-51.924676205062,0,25,25,25,4,-51.924676205062
01-Aug-2026 00:02:08,-183.24488540649,-55.1378984599743,0,25,25,25,3,-55.1378984599743
01-Aug-2026 00:02:10,-182.72780930437,-54.6208223578542,0,25,25,25,4,-54.6208223578542
01-Aug-2026 00:02:12,-182.869694945243,-54.7627079987271,0,25,25,25,4,-54.7627079987271
01-Aug-2026 00:02:14,-182.935433170012,-54.8284462234959,0,25,25,25,4,-54.8284462234959
01-Aug-2026 00:02:16,-183.553827613924,-55.4468406674079,0,25,25,25,4,-55.4468406674079
01-Aug-2026 00:02:18,-183.032479649016,-54.9254927025004,0,25,25,25,4,-54.9254927025004
01-Aug-2026 00:02:20,-183.083462842866,-54.97647589635,0,25,25,25,4,-54.97647589635
01-Aug-2026 00:02:22,-180.977656479663,-52.8706695331471,0,25,25,25,5,-52.8706695331471
01-Aug-2026 00:02:24,-182.580361848212,-54.4733749016964,0,25,25,25,4,-54.4733749016964
01-Aug-2026 00:02:26,-182.205437714454,-54.0984507679386,0,25,25,25,4,-54.0984507679386
01-Aug-2026 00:02:28,-181.767862891835,-53.6608759453189,0,25,25,25,4,-53.6608759453189
01-Aug-2026 00:02:30,-183.018489829898,-54.9115028833819,0,25,25,25,3,-54.9115028833819
01-Aug-2026 00:02:32,-181.919248434346,-53.8122614878301,0,25,25,25,3,-53.8122614878301
01-Aug-2026 00:02:34,-181.325019801861,-53.2180328553452,0,25,25,25,3,-53.2180328553452
01-Aug-2026 00:02:36,-180.226169555064,-52.119182608548,0,25,25,25,3,-52.119182608548
01-Aug-2026 00:02:38,-179.744660569398,-51.6376736228822,0,26,26,26,4,-51.6376736228822
01-Aug-2026 00:02:40,-177.869268720831,-49.7622817743154,0,26,26,26,5,-49.7622817743154
01-Aug-2026 00:02:42,-177.422133101611,-49.3151461550954,0,26,26,26,5,-49.3151461550954
01-Aug-2026 00:02:44,-177.649838504636,-49.5428515581199,0,26,26,26,5,-49.5428515581199
01-Aug-2026 00:02:46,-166.259737154824,-38.1527502083086,0,26,26,26,6,-38.1527502083086
01-Aug-2026 00:02:48,-166.432624185449,-38.3256372389327,0,26,26,26,6,-38.3256372389327
01-Aug-2026 00:02:50,-166.563001807658,-38.4560148611425,0,26,26,26,6,-38.4560148611425
01-Aug-2026 00:02:52,-166.575354802165,-38.4683678556493,0,26,26,26,7,-38.4683678556493
01-Aug-2026 00:02:54,-180.711764315618,-52.6047773691022,0,26,26,26,6,-52.6047773691022
01-Aug-2026 00:02:56,-180.458722196504,-52.3517352499878,0,26,26,26,7,-52.3517352499878
01-Aug-2026 00:02:58,-180.039127742676,-51.9321407961598,0,26,26,26,8,-51.9321407961598
01-Aug-2026 00:03:00,-181.233112972452,-53.1261260259361,0,26,26,26,7,-53.1261260259361
01-Aug-2026 00:03:02,-183.048443556814,-54.9414566102977,0,24,24,24,4,-54.9414566102977
01-Aug-2026 00:03:04,-181.839966452463,-53.732979505947,0,24,24,24,5,-53.732979505947
01-Aug-2026 00:03:06,-182.192841363398,-54.0858544168818,0,25,25,25,4,-54.0858544168818
01-Aug-2026 00:03:08,-182.832167997833,-54.7251810513169,0,26,26,26,3,-54.7251810513169
01-Aug-2026 00:03:10,-182.977001681737,-54.8700147352207,0,26,26,26,3,-54.8700147352207
01-Aug-2026 00:03:12,-183.508715908204,-55.4017289616885,0,25,25,25,2,-55.4017289616885
01-Aug-2026 00:03:14,-183.553103029141,-55.4461160826254,0,25,25,25,2,-55.4461160826254
01-Aug-2026 00:03:16,-183.687017323029,-55.580030376513,0,26,26,26,2,-55.580030376513
01-Aug-2026 00:03:18,-183.874902030475,-55.7679150839592,0,26,26,26,2,-55.7679150839592
01-Aug-2026 00:03:20,-181.609379404723,-53.5023924582071,0,26,26,26,2,-53.5023924582071
01-Aug-2026 00:03:22,-181.06883023976,-52.9618432932444,0,26,26,26,2,-52.9618432932444
01-Aug-2026 00:03:24,-181.063104281597,-52.9561173350808,0,26,26,26,2,-52.9561173350808
01-Aug-2026 00:03:26,-181.30291766663,-53.195930720114,0,26,26,26,2,-53.195930720114
01-Aug-2026 00:03:28,-179.742644463602,-51.6356575170862,0,26,26,26,3,-51.6356575170862
01-Aug-2026 00:03:30,-178.840105729213,-50.7331187826973,0,26,26,26,3,-50.7331187826973
01-Aug-2026 00:03:32,-158.713141682471,-30.606154735955,0,26,26,26,4,-30.606154735955
01-Aug-2026 00:03:34,-158.389311613997,-30.282324667481,0,26,26,26,4,-30.282324667481
01-Aug-2026 00:03:36,-158.35858849625,-30.2516015497339,0,24,24,24,4,-30.2516015497339
01-Aug-2026 00:03:38,-157.720190661749,-29.6132037152329,0,25,25,25,5,-29.6132037152329
01-Aug-2026 00:03:40,-157.613477070501,-29.5064901239853,0,25,25,25,3,-29.5064901239853
01-Aug-2026 00:03:42,-157.7222844784,-29.6152975318844,0,25,25,25,3,-29.6152975318844
01-Aug-2026 00:03:44,-158.296442840377,-30.1894558938607,0,25,25,25,3,-30.1894558938607
01-Aug-2026 00:03:46,-157.19519911813,-29.0882121716145,0,25,25,25,3,-29.0882121716145
01-Aug-2026 00:03:48,-156.7589301181,-28.6519431715843,0,25,25,25,3,-28.6519431715843
01-Aug-2026 00:03:50,-156.173279037685,-28.0662920911687,0,25,25,25,3,-28.0662920911687
01-Aug-2026 00:03:52,-156.210944553416,-28.1039576069003,0,25,25,25,3,-28.1039576069003
01-Aug-2026 00:03:54,-155.946158339354,-27.8391713928378,0,25,25,25,3,-27.8391713928378
01-Aug-2026 00:03:56,-156.204830447924,-28.0978435014086,0,25,25,25,3,-28.0978435014086
01-Aug-2026 00:03:58,-155.79688888391,-27.6899019373942,0,25,25,25,3,-27.6899019373942
01-Aug-2026 00:04:00,-155.781245508523,-27.6742585620067,0,25,25,25,2,-27.6742585620067
01-Aug-2026 00:04:02,-156.02545116176,-27.9184642152438,0,25,25,25,2,-27.9184642152438
01-Aug-2026 00:04:04,-155.706069062481,-27.5990821159651,0,25,25,25,2,-27.5990821159651
01-Aug-2026 00:04:06,-187.116602180187,-59.0096152336716,0,24,24,24,2,-59.0096152336716
01-Aug-2026 00:04:08,-187.094829721982,-58.9878427754664,0,24,24,24,2,-58.9878427754664
01-Aug-2026 00:04:10,-187.303476881267,-59.1964899347508,0,24,24,24,2,-59.1964899347508
01-Aug-2026 00:04:12,-163.654703694045,-35.5477167475294,0,24,24,24,4,-35.5477167475294
01-Aug-2026 00:04:14,-163.69131591168,-35.5843289651645,0,24,24,24,3,-35.5843289651645
01-Aug-2026 00:04:16,-163.614420700462,-35.5074337539457,0,24,24,24,3,-35.5074337539457
01-Aug-2026 00:04:18,-182.472594859391,-54.3656079128752,0,24,24,24,2,-54.3656079128752
01-Aug-2026 00:04:20,-182.170259855708,-54.0632729091917,0,24,24,24,2,-54.0632729091917
01-Aug-2026 00:04:22,-181.629523629253,-53.5225366827368,0,24,24,24,3,-53.5225366827368
01-Aug-2026 00:04:24,-181.215314633707,-53.1083276871912,0,25,25,25,3,-53.1083276871912
01-Aug-2026 00:04:26,-181.354239655768,-53.2472527092518,0,25,25,25,3,-53.2472527092518
01-Aug-2026 00:04:28,-181.209642765221,-53.1026558187056,0,25,25,25,3,-53.1026558187056
01-Aug-2026 00:04:30,-181.097363082683,-52.9903761361668,0,25,25,25,3,-52.9903761361668
01-Aug-2026 00:04:32,-180.071405164254,-51.9644182177383,0,25,25,25,3,-51.9644182177383
01-Aug-2026 00:04:34,-179.768990740134,-51.662003793618,0,25,25,25,3,-51.662003793618
01-Aug-2026 00:04:36,-179.869185748323,-51.7621988018076,0,24,24,24,3,-51.7621988018076
01-Aug-2026 00:04:38,-179.64872519482,-51.5417382483039,0,24,24,24,3,-51.5417382483039
01-Aug-2026 00:04:40,-181.433335091059,-53.3263481445434,0,25,25,25,3,-53.3263481445434
01-Aug-2026 00:04:42,-180.216126676602,-52.1091397300863,0,25,25,25,4,-52.1091397300863
01-Aug-2026 00:04:44,-180.04703600011,-51.940049053594,0,25,25,25,4,-51.940049053594
01-Aug-2026 00:04:46,-168.942970090123,-40.8359831436069,0,25,25,25,5,-40.8359831436069
01-Aug-2026 00:04:48,-170.226461464153,-42.1194745176373,0,26,26,26,5,-42.1194745176373
01-Aug-2026 00:04:50,-169.664064387675,-41.5570774411592,0,26,26,26,5,-41.5570774411592
01-Aug-2026 00:04:52,-168.235377206871,-40.1283902603555,0,26,26,26,6,-40.1283902603555
01-Aug-2026 00:04:54,-166.719832184157,-38.6128452376409,0,26,26,26,7,-38.6128452376409
01-Aug-2026 00:04:56,-165.887499489445,-37.780512542929,0,26,26,26,7,-37.780512542929
01-Aug-2026 00:04:58,-165.581675864389,-37.4746889178729,0,26,26,26,8,-37.4746889178729
01-Aug-2026 00:05:00,-165.730081412273,-37.6230944657572,0,26,26,26,9,-37.6230944657572
01-Aug-2026 00:05:02,-165.75762212137,-37.6506351748541,0,26,26,26,8,-37.6506351748541
01-Aug-2026 00:05:04,-165.397136956529,-37.2901500100128,0,26,26,26,8,-37.2901500100128
01-Aug-2026 00:05:06,-165.506267256708,-37.3992803101924,0,26,26,26,7,-37.3992803101924
01-Aug-2026 00:05:08,-165.401553094186,-37.2945661476701,0,26,26,26,6,-37.2945661476701
01-Aug-2026 00:05:10,-165.105538722968,-36.9985517764522,0,26,26,26,6,-36.9985517764522
01-Aug-2026 00:05:12,-165.0480402481,-36.9410533015846,0,26,26,26,7,-36.9410533015846
01-Aug-2026 00:05:14,-165.06239256255,-36.9554056160345,0,26,26,26,7,-36.9554056160345
01-Aug-2026 00:05:16,-165.907094850356,-37.8001079038401,0,25,25,25,7,-37.8001079038401
01-Aug-2026 00:05:18,-166.785837234599,-38.6788502880835,0,24,24,24,8,-38.6788502880835
01-Aug-2026 00:05:20,-166.264475049651,-38.1574881031353,0,24,24,24,8,-38.1574881031353
01-Aug-2026 00:05:22,-166.123067922635,-38.0160809761192,0,24,24,24,8,-38.0160809761192
01-Aug-2026 00:05:24,-178.808073670016,-50.7010867234999,0,24,24,24,8,-50.7010867234999
01-Aug-2026 00:05:26,-178.53634480168,-50.4293578551643,0,24,24,24,7,-50.4293578551643
01-Aug-2026 00:05:28,-178.242068817497,-50.1350818709809,0,24,24,24,6,-50.1350818709809
01-Aug-2026 00:05:30,-177.737914756035,-49.6309278095187,0,24,24,24,6,-49.6309278095187
01-Aug-2026 00:05:32,-178.225634501106,-50.1186475545906,0,24,24,24,5,-50.1186475545906
01-Aug-2026 00:05:34,-178.041305811141,-49.9343188646247,0,24,24,24,5,-49.9343188646247
01-Aug-2026 00:05:36,-177.31819369043,-49.2112067439143,0,24,24,24,5,-49.2112067439143
01-Aug-2026 00:05:38,-176.956386963688,-48.8494000171725,0,24,24,24,4,-48.8494000171725
01-Aug-2026 00:05:40,-176.832165100319,-48.7251781538033,0,24,24,24,4,-48.7251781538033
01-Aug-2026 00:05:42,-177.032220075916,-48.9252331294005,0,26,26,26,4,-48.9252331294005
01-Aug-2026 00:05:44,-174.741500220445,-46.6345132739288,0,26,26,26,5,-46.6345132739288
01-Aug-2026 00:05:46,-175.968903011942,-47.8619160654259,0,26,26,26,4,-47.8619160654259
01-Aug-2026 00:05:48,-176.278396698374,-48.1714097518582,0,25,25,25,3,-48.1714097518582
01-Aug-2026 00:05:50,-176.497519027199,-48.390532080683,0,25,25,25,3,-48.390532080683
01-Aug-2026 00:05:52,-176.321698438239,-48.2147114917236,0,25,25,25,3,-48.2147114917236
01-Aug-2026 00:05:54,-176.400129040425,-48.2931420939091,0,25,25,25,3,-48.2931420939091
01-Aug-2026 00:05:56,-176.45706451276,-48.3500775662438,0,25,25,25,2,-48.3500775662438
01-Aug-2026 00:05:58,-176.410001225359,-48.3030142788436,0,25,25,25,3,-48.3030142788436
01-Aug-2026 00:06:00,-153.291386216541,-25.1843992700254,0,25,25,25,4,-25.1843992700254
01-Aug-2026 00:06:02,-153.336587016893,-25.2296000703768,0,25,25,25,3,-25.2296000703768
01-Aug-2026 00:06:04,-151.953354538489,-23.8463675919733,0,25,25,25,3,-23.8463675919733
01-Aug-2026 00:06:06,-151.62747680354,-23.5204898570244,0,25,25,25,3,-23.5204898570244
01-Aug-2026 00:06:08,-179.781473340629,-51.6744863941128,0,25,25,25,1,-51.6744863941128
01-Aug-2026 00:06:10,-180.214760905779,-52.1077739592636,0,25,25,25,2,-52.1077739592636
01-Aug-2026 00:06:12,-163.534951764224,-35.4279648177079,0,25,25,25,3,-35.4279648177079
01-Aug-2026 00:06:14,-163.402241370353,-35.2952544238367,0,25,25,25,2,-35.2952544238367
01-Aug-2026 00:06:16,-163.605986311328,-35.4989993648121,0,25,25,25,3,-35.4989993648121
01-Aug-2026 00:06:18,-163.764658972765,-35.6576720262496,0,25,25,25,2,-35.6576720262496
01-Aug-2026 00:06:20,-163.707284959619,-35.6002980131034,0,25,25,25,2,-35.6002980131034
01-Aug-2026 00:06:22,-163.953338629435,-35.846351682919,0,25,25,25,3,-35.846351682919
01-Aug-2026 00:06:24,-164.04327956952,-35.9362926230041,0,25,25,25,4,-35.9362926230041
01-Aug-2026 00:06:26,-164.695535855303,-36.588548908787,0,25,25,25,4,-36.588548908787
01-Aug-2026 00:06:28,-165.800315218114,-37.6933282715984,0,26,26,26,4,-37.6933282715984
01-Aug-2026 00:06:30,-165.738313518853,-37.6313265723373,0,26,26,26,5,-37.6313265723373
01-Aug-2026 00:06:32,-165.964626636585,-37.857639690069,0,26,26,26,5,-37.857639690069
01-Aug-2026 00:06:34,-165.303512538137,-37.1965255916207,0,26,26,26,5,-37.1965255916207
01-Aug-2026 00:06:36,-165.747791781441,-37.6408048349248,0,26,26,26,4,-37.6408048349248
01-Aug-2026 00:06:38,-165.681542405114,-37.5745554585979,0,26,26,26,7,-37.5745554585979
01-Aug-2026 00:06:40,-166.848174826692,-38.7411878801762,0,26,26,26,6,-38.7411878801762
01-Aug-2026 00:06:42,-168.054784125273,-39.9477971787567,0,26,26,26,7,-39.9477971787567
01-Aug-2026 00:06:44,-166.789294056502,-38.6823071099857,0,26,26,26,9,-38.6823071099857
01-Aug-2026 00:06:46,-167.602076948042,-39.4950900015265,0,26,26,26,9,-39.4950900015265
01-Aug-2026 00:06:48,-155.969403633095,-27.862416686579,0,26,26,26,12,-27.862416686579
01-Aug-2026 00:06:50,-156.137392378207,-28.030405431691,0,26,26,26,12,-28.030405431691
01-Aug-2026 00:06:52,-155.784471457719,-27.6774845112036,0,26,26,26,12,-27.6774845112036
01-Aug-2026 00:06:54,-155.435313838321,-27.3283268918049,0,25,25,25,9,-27.3283268918049
01-Aug-2026 00:06:56,-154.358865161518,-26.2518782150019,0,26,26,26,10,-26.2518782150019
01-Aug-2026 00:06:58,-154.454479367056,-26.34749242054,0,27,27,27,10,-26.34749242054
01-Aug-2026 00:07:00,-154.2150710464,-26.108084099884,0,26,26,26,8,-26.108084099884
01-Aug-2026 00:07:02,-153.81689121851,-25.7099042719938,0,25,25,25,10,-25.7099042719938
01-Aug-2026 00:07:04,-153.439351929408,-25.3323649828919,0,26,26,26,10,-25.3323649828919
01-Aug-2026 00:07:06,-153.075136393749,-24.9681494472328,0,26,26,26,10,-24.9681494472328
01-Aug-2026 00:07:08,-152.336406180023,-24.2294192335067,0,26,26,26,9,-24.2294192335067
01-Aug-2026 00:07:10,-151.981432483186,-23.8744455366702,0,26,26,26,8,-23.8744455366702
01-Aug-2026 00:07:12,-151.726346903477,-23.619359956961,0,26,26,26,8,-23.619359956961
01-Aug-2026 00:07:14,-149.321397922237,-21.2144109757216,0,26,26,26,7,-21.2144109757216
01-Aug-2026 00:07:16,-149.71232193278,-21.605334986264,0,26,26,26,9,-21.605334986264
01-Aug-2026 00:07:18,-149.71710731234,-21.6101203658238,0,26,26,26,9,-21.6101203658238
01-Aug-2026 00:07:20,-149.657601590837,-21.5506146443216,0,26,26,26,9,-21.5506146443216
01-Aug-2026 00:07:22,-148.997296608589,-20.8903096620733,0,26,26,26,9,-20.8903096620733
01-Aug-2026 00:07:24,-148.488857285127,-20.3818703386109,0,26,26,26,10,-20.3818703386109
01-Aug-2026 00:07:26,-148.324497685598,-20.2175107390825,0,25,25,25,8,-20.2175107390825
01-Aug-2026 00:07:28,-148.434397668196,-20.3274107216797,0,24,24,24,6,-20.3274107216797
01-Aug-2026 00:07:30,-147.519316495253,-19.4123295487369,0,24,24,24,6,-19.4123295487369
01-Aug-2026 00:07:32,-146.988980339654,-18.881993393138,0,25,25,25,6,-18.881993393138
01-Aug-2026 00:07:34,-148.158440025434,-20.0514530789185,0,25,25,25,5,-20.0514530789185
01-Aug-2026 00:07:36,-148.809286459686,-20.7022995131701,0,25,25,25,4,-20.7022995131701
01-Aug-2026 00:07:38,-149.54599546265,-21.439008516134,0,25,25,25,5,-21.439008516134
01-Aug-2026 00:07:40,-149.000373516509,-20.8933865699935,0,25,25,25,5,-20.8933865699935
01-Aug-2026 00:07:42,-149.766916245941,-21.6599292994252,0,25,25,25,5,-21.6599292994252
01-Aug-2026 00:07:44,-149.603799477129,-21.496812530613,0,25,25,25,8,-21.496812530613
01-Aug-2026 00:07:46,-149.854780914409,-21.7477939678926,0,25,25,25,8,-21.7477939678926
01-Aug-2026 00:07:48,-150.237555689535,-22.1305687430189,0,25,25,25,7,-22.1305687430189
01-Aug-2026 00:07:50,-150.692261690117,-22.5852747436014,0,24,24,24,6,-22.5852747436014
01-Aug-2026 00:07:52,-151.569090836371,-23.4621038898554,0,24,24,24,6,-23.4621038898554
01-Aug-2026 00:07:54,-152.787325082465,-24.6803381359496,0,24,24,24,6,-24.6803381359496
01-Aug-2026 00:07:56,-153.843898400243,-25.7369114537275,0,24,24,24,6,-25.7369114537275
01-Aug-2026 00:07:58,-153.91986350247,-25.8128765559546,0,24,24,24,6,-25.8128765559546
01-Aug-2026 00:08:00,-154.587194344545,-26.4802073980287,0,25,25,25,6,-26.4802073980287
01-Aug-2026 00:08:02,-155.374444058375,-27.2674571118592,0,25,25,25,6,-27.2674571118592
01-Aug-2026 00:08:04,-156.307046334683,-28.2000593881671,0,25,25,25,6,-28.2000593881671
01-Aug-2026 00:08:06,-156.5908687231,-28.4838817765837,0,25,25,25,7,-28.4838817765837
01-Aug-2026 00:08:08,-156.724415137422,-28.6174281909065,0,25,25,25,9,-28.6174281909065
01-Aug-2026 00:08:10,-157.410279793533,-29.3032928470168,0,25,25,25,9,-29.3032928470168
01-Aug-2026 00:08:12,-158.355223251863,-30.2482363053469,0,25,25,25,9,-30.2482363053469
01-Aug-2026 00:08:14,-158.759919648816,-30.6529327023005,0,25,25,25,8,-30.6529327023005
01-Aug-2026 00:08:16,-159.412878568813,-31.3058916222971,0,25,25,25,8,-31.3058916222971
01-Aug-2026 00:08:18,-159.032311408968,-30.9253244624525,0,25,25,25,7,-30.9253244624525
01-Aug-2026 00:08:20,-160.050700141792,-31.943713195276,0,25,25,25,7,-31.943713195276
01-Aug-2026 00:08:22,-161.778252658534,-33.6712657120177,0,24,24,24,7,-33.6712657120177
01-Aug-2026 00:08:24,-161.236730364021,-33.1297434175052,0,24,24,24,7,-33.1297434175052
01-Aug-2026 00:08:26,-161.794954499595,-33.6879675530795,0,24,24,24,8,-33.6879675530795
01-Aug-2026 00:08:28,-161.645727993966,-33.5387410474498,0,24,24,24,9,-33.5387410474498
01-Aug-2026 00:08:30,-162.419038863017,-34.3120519165016,0,24,24,24,10,-34.3120519165016
01-Aug-2026 00:08:32,-177.904913870997,-49.7979269244808,0,25,25,25,9,-49.7979269244808
01-Aug-2026 00:08:34,-178.292547592173,-50.1855606456571,0,25,25,25,8,-50.1855606456571
01-Aug-2026 00:08:36,-178.384057665265,-50.2770707187493,0,25,25,25,7,-50.2770707187493
01-Aug-2026 00:08:38,-177.854723871924,-49.747736925408,0,26,26,26,8,-49.747736925408
01-Aug-2026 00:08:40,-177.763616803293,-49.6566298567769,0,26,26,26,8,-49.6566298567769
01-Aug-2026 00:08:42,-177.711939732309,-49.604952785793,0,26,26,26,9,-49.604952785793
01-Aug-2026 00:08:44,-177.497158241578,-49.3901712950623,0,26,26,26,9,-49.3901712950623
01-Aug-2026 00:08:46,-177.360229550761,-49.2532426042453,0,26,26,26,10,-49.2532426042453
01-Aug-2026 00:08:48,-177.411596502274,-49.3046095557584,0,26,26,26,10,-49.3046095557584
01-Aug-2026 00:08:50,-177.962767207716,-49.8557802612004,0,26,26,26,9,-49.8557802612004
01-Aug-2026 00:08:52,-177.910160263254,-49.8031733167382,0,26,26,26,9,-49.8031733167382
01-Aug-2026 00:08:54,-178.394034275412,-50.2870473288964,0,26,26,26,8,-50.2870473288964
01-Aug-2026 00:08:56,-178.389090962832,-50.2821040163165,0,26,26,26,8,-50.2821040163165
01-Aug-2026 00:08:58,-178.449232281479,-50.3422453349627,0,26,26,26,7,-50.3422453349627
01-Aug-2026 00:09:00,-178.235339704087,-50.1283527575707,0,26,26,26,8,-50.1283527575707
01-Aug-2026 00:09:02,-179.614997667179,-51.508010720663,0,26,26,26,6,-51.508010720663
01-Aug-2026 00:09:04,-179.750504849321,-51.6435179028055,0,25,25,25,5,-51.6435179028055
01-Aug-2026 00:09:06,-179.685511012587,-51.5785240660711,0,25,25,25,5,-51.5785240660711
01-Aug-2026 00:09:08,-179.861174825161,-51.7541878786447,0,24,24,24,5,-51.7541878786447
01-Aug-2026 00:09:10,-179.944759315638,-51.8377723691218,0,24,24,24,4,-51.8377723691218
01-Aug-2026 00:09:12,-179.598397024054,-51.4914100775378,0,24,24,24,4,-51.4914100775378
01-Aug-2026 00:09:14,-179.186776930526,-51.0797899840099,0,24,24,24,4,-51.0797899840099
01-Aug-2026 00:09:16,-161.741938625485,-33.6349516789694,0,24,24,24,7,-33.6349516789694
01-Aug-2026 00:09:18,-162.232137563613,-34.1251506170968,0,24,24,24,5,-34.1251506170968
01-Aug-2026 00:09:20,-168.694499782051,-40.5875128355351,0,24,24,24,4,-40.5875128355351
01-Aug-2026 00:09:22,-168.878527747118,-40.7715408006021,0,24,24,24,4,-40.7715408006021
01-Aug-2026 00:09:24,-169.415930926435,-41.3089439799194,0,24,24,24,4,-41.3089439799194
01-Aug-2026 00:09:26,-168.877503105932,-40.7705161594162,0,24,24,24,4,-40.7705161594162
01-Aug-2026 00:09:28,-169.025239957659,-40.9182530111428,0,24,24,24,4,-40.9182530111428
01-Aug-2026 00:09:30,-169.443283887185,-41.3362969406691,0,25,25,25,4,-41.3362969406691
01-Aug-2026 00:09:32,-169.6320042484,-41.5250173018837,0,25,25,25,4,-41.5250173018837
01-Aug-2026 00:09:34,-169.351122117546,-41.2441351710301,0,26,26,26,4,-41.2441351710301
01-Aug-2026 00:09:36,-168.870686752151,-40.7636998056354,0,25,25,25,4,-40.7636998056354
01-Aug-2026 00:09:38,-168.604731441418,-40.4977444949018,0,25,25,25,4,-40.4977444949018
01-Aug-2026 00:09:40,-168.419557544009,-40.3125705974934,0,25,25,25,4,-40.3125705974934
01-Aug-2026 00:09:42,-168.991841064613,-40.8848541180967,0,25,25,25,4,-40.8848541180967
01-Aug-2026 00:09:44,-168.762392558848,-40.6554056123322,0,25,25,25,4,-40.6554056123322
01-Aug-2026 00:09:46,-169.237361044908,-41.1303740983919,0,25,25,25,4,-41.1303740983919
01-Aug-2026 00:09:48,-168.869145041088,-40.762158094572,0,25,25,25,4,-40.762158094572
01-Aug-2026 00:09:50,-168.791494290795,-40.6845073442794,0,25,25,25,5,-40.6845073442794
01-Aug-2026 00:09:52,-179.190146720327,-51.083159773811,0,25,25,25,4,-51.083159773811
01-Aug-2026 00:09:54,-167.270612832231,-39.1636258857148,0,25,25,25,5,-39.1636258857148
01-Aug-2026 00:09:56,-168.293734286701,-40.1867473401848,0,25,25,25,5,-40.1867473401848
01-Aug-2026 00:09:58,-168.033227439757,-39.9262404932413,0,25,25,25,5,-39.9262404932413
01-Aug-2026 00:10:00,-167.874124775396,-39.7671378288804,0,25,25,25,5,-39.7671378288804
01-Aug-2026 00:10:02,-166.804329842054,-38.6973428955378,0,25,25,25,5,-38.6973428955378
01-Aug-2026 00:10:04,-167.024097013685,-38.9171100671692,0,25,25,25,5,-38.9171100671692
01-Aug-2026 00:10:06,-167.422812324289,-39.3158253777734,0,25,25,25,5,-39.3158253777734
01-Aug-2026 00:10:08,-167.681487967119,-39.5745010206031,0,25,25,25,5,-39.5745010206031
01-Aug-2026 00:10:10,-167.561454849963,-39.4544679034471,0,25,25,25,5,-39.4544679034471
01-Aug-2026 00:10:12,-158.741367836786,-30.6343808902699,0,25,25,25,6,-30.6343808902699
01-Aug-2026 00:10:14,-158.098010287087,-29.9910233405708,0,25,25,25,6,-29.9910233405708
01-Aug-2026 00:10:16,-158.662747660241,-30.5557607137255,0,26,26,26,7,-30.5557607137255
01-Aug-2026 00:10:18,-158.030156200533,-29.9231692540168,0,26,26,26,7,-29.9231692540168
01-Aug-2026 00:10:20,-157.806024058877,-29.6990371123616,0,26,26,26,7,-29.6990371123616
01-Aug-2026 00:10:22,-157.764406187841,-29.6574192413248,0,26,26,26,7,-29.6574192413248
01-Aug-2026 00:10:24,-157.90347166976,-29.7964847232437,0,26,26,26,8,-29.7964847232437
01-Aug-2026 00:10:26,-157.265022609114,-29.1580356625984,0,26,26,26,8,-29.1580356625984
01-Aug-2026 00:10:28,-156.82894722495,-28.7219602784345,0,26,26,26,8,-28.7219602784345
01-Aug-2026 00:10:30,-166.139178277484,-38.0321913309678,0,26,26,26,7,-38.0321913309678
01-Aug-2026 00:10:32,-166.494767104143,-38.3877801576268,0,26,26,26,7,-38.3877801576268
01-Aug-2026 00:10:34,-166.548687698589,-38.441700752073,0,26,26,26,6,-38.441700752073
01-Aug-2026 00:10:36,-166.631548679594,-38.5245617330784,0,26,26,26,6,-38.5245617330784
01-Aug-2026 00:10:38,-166.535046236737,-38.4280592902215,0,26,26,26,6,-38.4280592902215
01-Aug-2026 00:10:40,-166.448792703019,-38.3418057565036,0,26,26,26,6,-38.3418057565036
01-Aug-2026 00:10:42,-166.486900076319,-38.3799131298027,0,26,26,26,6,-38.3799131298027
01-Aug-2026 00:10:44,-166.189677274221,-38.0826903277051,0,26,26,26,7,-38.0826903277051
01-Aug-2026 00:10:46,-166.247287576926,-38.1403006304105,0,26,26,26,7,-38.1403006304105
01-Aug-2026 00:10:48,-166.299880855458,-38.192893908942,0,27,27,27,7,-38.192893908942
01-Aug-2026 00:10:50,-166.742948822411,-38.6359618758952,0,27,27,27,7,-38.6359618758952
01-Aug-2026 00:10:52,-166.93641911132,-38.8294321648043,0,28,28,28,4,-38.8294321648043
01-Aug-2026 00:10:54,-166.907549033917,-38.8005620874016,0,27,27,27,4,-38.8005620874016
01-Aug-2026 00:10:56,-166.976745833028,-38.8697588865126,0,26,26,26,3,-38.8697588865126
01-Aug-2026 00:10:58,-167.201842139646,-39.0948551931297,0,26,26,26,4,-39.0948551931297
01-Aug-2026 00:11:00,-167.43103974127,-39.3240527947544,0,26,26,26,4,-39.3240527947544
01-Aug-2026 00:11:02,-160.718894062614,-32.6119071160985,0,26,26,26,5,-32.6119071160985
01-Aug-2026 00:11:04,-160.055424167984,-31.9484372214681,0,26,26,26,7,-31.9484372214681
01-Aug-2026 00:11:06,-159.295028306883,-31.1880413603674,0,26,26,26,6,-31.1880413603674
01-Aug-2026 00:11:08,-158.970557699836,-30.8635707533204,0,26,26,26,7,-30.8635707533204
01-Aug-2026 00:11:10,-159.607821506936,-31.5008345604197,0,26,26,26,5,-31.5008345604197
01-Aug-2026 00:11:12,-157.257556873892,-29.1505699273758,0,26,26,26,6,-29.1505699273758
01-Aug-2026 00:11:14,-158.025774892225,-29.9187879457088,0,26,26,26,6,-29.9187879457088
01-Aug-2026 00:11:16,-160.122921590267,-32.0159346437513,0,26,26,26,5,-32.0159346437513
01-Aug-2026 00:11:18,-160.913604827956,-32.8066178814403,0,25,25,25,5,-32.8066178814403
01-Aug-2026 00:11:20,-161.085436996762,-32.978450050246,0,24,24,24,5,-32.978450050246
01-Aug-2026 00:11:22,-161.547513535858,-33.4405265893419,0,24,24,24,5,-33.4405265893419
01-Aug-2026 00:11:24,-161.544242075714,-33.4372551291986,0,24,24,24,5,-33.4372551291986
01-Aug-2026 00:11:26,-162.131201567056,-34.0242146205405,0,24,24,24,6,-34.0242146205405
01-Aug-2026 00:11:28,-162.647927207987,-34.5409402614711,0,25,25,25,6,-34.5409402614711
01-Aug-2026 00:11:30,-163.183305952492,-35.0763190059763,0,25,25,25,6,-35.0763190059763
01-Aug-2026 00:11:32,-163.822536084702,-35.7155491381862,0,25,25,25,7,-35.7155491381862
01-Aug-2026 00:11:34,-163.901644777519,-35.7946578310036,0,24,24,24,7,-35.7946578310036
01-Aug-2026 00:11:36,-164.845747048873,-36.738760102357,0,24,24,24,5,-36.738760102357
01-Aug-2026 00:11:38,-182.565659873476,-54.45867292696,0,25,25,25,4,-54.45867292696
01-Aug-2026 00:11:40,-182.503015713838,-54.3960287673222,0,25,25,25,4,-54.3960287673222
01-Aug-2026 00:11:42,-183.771794510721,-55.6648075642048,0,25,25,25,3,-55.6648075642048
01-Aug-2026 00:11:44,-184.034505405611,-55.9275184590952,0,25,25,25,3,-55.9275184590952
01-Aug-2026 00:11:46,-184.534017685935,-56.4270307394192,0,25,25,25,3,-56.4270307394192
01-Aug-2026 00:11:48,-170.487370068498,-42.3803831219826,0,25,25,25,3,-42.3803831219826
01-Aug-2026 00:11:50,-169.890148025246,-41.7831610787298,0,25,25,25,3,-41.7831610787298
01-Aug-2026 00:11:52,-169.390677429587,-41.2836904830713,0,25,25,25,3,-41.2836904830713
01-Aug-2026 00:11:54,-169.376097635013,-41.2691106884969,0,25,25,25,2,-41.2691106884969
01-Aug-2026 00:11:56,-169.108675125018,-41.0016881785018,0,25,25,25,2,-41.0016881785018
01-Aug-2026 00:11:58,-168.884279581383,-40.7772926348673,0,25,25,25,3,-40.7772926348673
01-Aug-2026 00:12:00,-168.811004613686,-40.7040176671705,0,25,25,25,3,-40.7040176671705
01-Aug-2026 00:12:02,-185.653705803513,-57.5467188569976,0,25,25,25,3,-57.5467188569976
01-Aug-2026 00:12:04,-187.438223255685,-59.3312363091688,0,25,25,25,2,-59.3312363091688
01-Aug-2026 00:12:06,-189.700799032974,-61.5938120864586,0,24,24,24,2,-61.5938120864586
01-Aug-2026 00:12:08,-189.441166460192,-61.3341795136761,0,24,24,24,2,-61.3341795136761
01-Aug-2026 00:12:10,-189.490336670884,-61.3833497243681,0,24,24,24,2,-61.3833497243681
01-Aug-2026 00:12:12,-189.867447176042,-61.7604602295263,0,24,24,24,2,-61.7604602295263
01-Aug-2026 00:12:14,-185.839849290118,-57.7328623436026,0,24,24,24,3,-57.7328623436026
01-Aug-2026 00:12:16,-185.412805491948,-57.3058185454322,0,24,24,24,3,-57.3058185454322
01-Aug-2026 00:12:18,-174.596372826818,-46.4893858803018,0,24,24,24,4,-46.4893858803018
01-Aug-2026 00:12:20,-174.772788996167,-46.6658020496508,0,24,24,24,4,-46.6658020496508
01-Aug-2026 00:12:22,-175.161020037077,-47.0540330905607,0,24,24,24,4,-47.0540330905607
01-Aug-2026 00:12:24,-175.445626994496,-47.3386400479804,0,25,25,25,5,-47.3386400479804
01-Aug-2026 00:12:26,-174.881584441274,-46.7745974947582,0,25,25,25,5,-46.7745974947582
01-Aug-2026 00:12:28,-174.843252394698,-46.7362654481824,0,26,26,26,5,-46.7362654481824
01-Aug-2026 00:12:30,-173.204906620894,-45.0979196743783,0,26,26,26,4,-45.0979196743783
01-Aug-2026 00:12:32,-172.558710741287,-44.451723794771,0,26,26,26,4,-44.451723794771
01-Aug-2026 00:12:34,-173.085140025925,-44.9781530794093,0,26,26,26,2,-44.9781530794093
01-Aug-2026 00:12:36,-172.079250999826,-43.9722640533103,0,26,26,26,2,-43.9722640533103
01-Aug-2026 00:12:38,-171.138546480989,-43.0315595344736,0,26,26,26,2,-43.0315595344736
01-Aug-2026 00:12:40,-171.91054679693,-43.8035598504144,0,26,26,26,1,-43.8035598504144
01-Aug-2026 00:12:42,-172.570412286927,-44.4634253404109,0,26,26,26,1,-44.4634253404109
01-Aug-2026 00:12:44,-172.238144283561,-44.1311573370455,0,27,27,27,1,-44.1311573370455
01-Aug-2026 00:12:46,-171.420610197316,-43.3136232507997,0,26,26,26,1,-43.3136232507997
01-Aug-2026 00:12:48,-166.895060048146,-38.7880731016297,0,26,26,26,4,-38.7880731016297
01-Aug-2026 00:12:50,-167.108212850471,-39.0012259039555,0,26,26,26,4,-39.0012259039555
01-Aug-2026 00:12:52,-167.514945181142,-39.4079582346258,0,25,25,25,4,-39.4079582346258
01-Aug-2026 00:12:54,-167.092881252821,-38.9858943063056,0,25,25,25,3,-38.9858943063056
01-Aug-2026 00:12:56,-167.063739985175,-38.9567530386596,0,25,25,25,3,-38.9567530386596
01-Aug-2026 00:12:58,-167.667547416325,-39.5605604698095,0,25,25,25,3,-39.5605604698095
01-Aug-2026 00:13:00,-167.136458451192,-39.0294715046759,0,24,24,24,4,-39.0294715046759
01-Aug-2026 00:13:02,-166.584557244519,-38.4775702980033,0,24,24,24,4,-38.4775702980033
01-Aug-2026 00:13:04,-166.449017957562,-38.3420310110459,0,24,24,24,4,-38.3420310110459
01-Aug-2026 00:13:06,-166.691705548849,-38.5847186023335,0,24,24,24,4,-38.5847186023335
01-Aug-2026 00:13:08,-166.795374048959,-38.6883871024427,0,24,24,24,4,-38.6883871024427
01-Aug-2026 00:13:10,-152.299504890371,-24.1925179438553,0,24,24,24,5,-24.1925179438553
01-Aug-2026 00:13:12,-152.341805327358,-24.2348183808419,0,24,24,24,5,-24.2348183808419
01-Aug-2026 00:13:14,-152.418323505614,-24.3113365590977,0,24,24,24,6,-24.3113365590977
01-Aug-2026 00:13:16,-152.633756676893,-24.5267697303767,0,25,25,25,6,-24.5267697303767
01-Aug-2026 00:13:18,-153.200142187922,-25.093155241406,0,25,25,25,5,-25.093155241406
01-Aug-2026 00:13:20,-153.142223591245,-25.0352366447293,0,25,25,25,6,-25.0352366447293
01-Aug-2026 00:13:22,-153.418815156367,-25.311828209851,0,25,25,25,6,-25.311828209851
01-Aug-2026 00:13:24,-154.475580487191,-26.3685935406754,0,24,24,24,5,-26.3685935406754
01-Aug-2026 00:13:26,-154.842264825509,-26.7352778789935,0,24,24,24,4,-26.7352778789935
01-Aug-2026 00:13:28,-155.561174022937,-27.4541870764212,0,25,25,25,4,-27.4541870764212
01-Aug-2026 00:13:30,-155.446114724964,-27.3391277784478,0,25,25,25,5,-27.3391277784478
01-Aug-2026 00:13:32,-167.721775808262,-39.6147888617463,0,25,25,25,4,-39.6147888617463
01-Aug-2026 00:13:34,-168.196198214141,-40.0892112676247,0,25,25,25,4,-40.0892112676247
01-Aug-2026 00:13:36,-168.30440862162,-40.1974216751041,0,25,25,25,4,-40.1974216751041
01-Aug-2026 00:13:38,-168.09055451671,-39.9835675701946,0,25,25,25,5,-39.9835675701946
01-Aug-2026 00:13:40,-167.19095648113,-39.0839695346143,0,25,25,25,5,-39.0839695346143
01-Aug-2026 00:13:42,-167.414565913609,-39.3075789670928,0,25,25,25,6,-39.3075789670928
01-Aug-2026 00:13:44,-167.649239690652,-39.5422527441364,0,25,25,25,6,-39.5422527441364
01-Aug-2026 00:13:46,-167.677792758032,-39.5708058115158,0,25,25,25,6,-39.5708058115158
01-Aug-2026 00:13:48,-168.223344099837,-40.1163571533214,0,25,25,25,6,-40.1163571533214
01-Aug-2026 00:13:50,-168.182996377615,-40.0760094310994,0,25,25,25,6,-40.0760094310994
01-Aug-2026 00:13:52,-167.883050307323,-39.7760633608072,0,25,25,25,6,-39.7760633608072
01-Aug-2026 00:13:54,-167.982956156662,-39.8759692101463,0,25,25,25,6,-39.8759692101463
01-Aug-2026 00:13:56,-167.927052638043,-39.8200656915276,0,25,25,25,6,-39.8200656915276
01-Aug-2026 00:13:58,-179.435127766683,-51.3281408201671,0,25,25,25,6,-51.3281408201671
01-Aug-2026 00:14:00,-179.77884460841,-51.6718576618945,0,25,25,25,5,-51.6718576618945
01-Aug-2026 00:14:02,-180.487681738172,-52.3806947916564,0,25,25,25,4,-52.3806947916564
01-Aug-2026 00:14:04,-182.722768067748,-54.6157811212317,0,25,25,25,3,-54.6157811212317
01-Aug-2026 00:14:06,-182.653552519612,-54.546565573096,0,26,26,26,3,-54.546565573096
01-Aug-2026 00:14:08,-180.915905007595,-52.8089180610789,0,26,26,26,4,-52.8089180610789
01-Aug-2026 00:14:10,-179.211163138974,-51.1041761924585,0,26,26,26,5,-51.1041761924585
01-Aug-2026 00:14:12,-180.311393489016,-52.2044065425001,0,26,26,26,4,-52.2044065425001
01-Aug-2026 00:14:14,-180.360998955186,-52.25401200867,0,26,26,26,4,-52.25401200867
01-Aug-2026 00:14:16,-180.296997233925,-52.1900102874094,0,26,26,26,4,-52.1900102874094
01-Aug-2026 00:14:18,-180.346058046192,-52.2390710996757,0,26,26,26,4,-52.2390710996757
01-Aug-2026 00:14:20,-180.401386515359,-52.2943995688429,0,26,26,26,4,-52.2943995688429
01-Aug-2026 00:14:22,-180.426462922905,-52.3194759763896,0,26,26,26,4,-52.3194759763896
01-Aug-2026 00:14:24,-146.589440802173,-18.4824538556576,0,26,26,26,5,-18.4824538556576
01-Aug-2026 00:14:26,-146.591066000004,-18.4840790534886,0,26,26,26,4,-18.4840790534886
01-Aug-2026 00:14:28,-147.100890393411,-18.9939034468949,0,26,26,26,4,-18.9939034468949
01-Aug-2026 00:14:30,-147.89406179889,-19.787074852374,0,26,26,26,5,-19.787074852374
01-Aug-2026 00:14:32,-148.406196682484,-20.2992097359681,0,26,26,26,5,-20.2992097359681
01-Aug-2026 00:14:34,-148.128830607126,-20.02184366061,0,27,27,27,5,-20.02184366061
01-Aug-2026 00:14:36,-148.722006269459,-20.6150193229429,0,27,27,27,5,-20.6150193229429
01-Aug-2026 00:14:38,-148.869073897817,-20.7620869513011,0,27,27,27,4,-20.7620869513011
01-Aug-2026 00:14:40,-149.186191811777,-21.0792048652611,0,29,29,29,4,-21.0792048652611
01-Aug-2026 00:14:42,-150.318295890999,-22.2113089444827,0,29,29,29,4,-22.2113089444827
01-Aug-2026 00:14:44,-151.556371221929,-23.4493842754127,0,28,28,28,5,-23.4493842754127
01-Aug-2026 00:14:46,-150.892469139991,-22.7854821934747,0,27,27,27,4,-22.7854821934747
01-Aug-2026 00:14:48,-151.811489280741,-23.7045023342251,0,27,27,27,4,-23.7045023342251
01-Aug-2026 00:14:50,-152.410070087652,-24.3030831411364,0,27,27,27,4,-24.3030831411364
01-Aug-2026 00:14:52,-163.105823357723,-34.9988364112072,0,26,26,26,4,-34.9988364112072
01-Aug-2026 00:14:54,-163.024161252749,-34.9171743062329,0,26,26,26,4,-34.9171743062329
01-Aug-2026 00:14:56,-162.577549633353,-34.4705626868367,0,26,26,26,3,-34.4705626868367
01-Aug-2026 00:14:58,-181.267361510649,-53.1603745641331,0,26,26,26,3,-53.1603745641331
01-Aug-2026 00:15:00,-181.573056788992,-53.4660698424763,0,26,26,26,2,-53.4660698424763
01-Aug-2026 00:15:02,-3076.52655568589,-2948.41956873937,0,26,26,26,0,-2948.41956873937
01-Aug-2026 00:15:04,-3076.52655568589,-2948.41956873937,0,26,26,26,0,-2948.41956873937
01-Aug-2026 00:15:06,-3076.52655568589,-2948.41956873937,0,26,26,26,0,-2948.41956873937
01-Aug-2026 00:15:08,-3076.52655568589,-2948.41956873937,0,25,25,25,0,-2948.41956873937
01-Aug-2026 00:15:10,-3076.52655568589,-2948.41956873937,0,25,25,25,0,-2948.41956873937
01-Aug-2026 00:15:12,-166.076830484986,-37.9698435384705,0,24,24,24,2,-37.9698435384705
01-Aug-2026 00:15:14,-166.052794480503,-37.9458075339872,0,25,25,25,2,-37.9458075339872
01-Aug-2026 00:15:16,-166.325295467626,-38.2183085211097,0,25,25,25,2,-38.2183085211097
01-Aug-2026 00:15:18,-179.189848813317,-51.082861866801,0,24,24,24,1,-51.082861866801
01-Aug-2026 00:15:20,-179.36136190231,-51.2543749557937,0,24,24,24,1,-51.2543749557937
01-Aug-2026 00:15:22,-179.929530211836,-51.8225432653206,0,24,24,24,2,-51.8225432653206
01-Aug-2026 00:15:24,-180.066705187498,-51.959718240982,0,25,25,25,4,-51.959718240982
01-Aug-2026 00:15:26,-180.219533013023,-52.1125460665073,0,25,25,25,4,-52.1125460665073
01-Aug-2026 00:15:28,-179.695770302347,-51.5887833558313,0,25,25,25,6,-51.5887833558313
01-Aug-2026 00:15:30,-180.251895225468,-52.144908278952,0,25,25,25,5,-52.144908278952
01-Aug-2026 00:15:32,-179.78666539279,-51.6796784462746,0,25,25,25,5,-51.6796784462746
01-Aug-2026 00:15:34,-178.770788929515,-50.6638019829996,0,25,25,25,6,-50.6638019829996
01-Aug-2026 00:15:36,-181.224718567019,-53.1177316205028,0,25,25,25,5,-53.1177316205028
01-Aug-2026 00:15:38,-180.99416757923,-52.8871806327138,0,25,25,25,5,-52.8871806327138
01-Aug-2026 00:15:40,-180.851518098413,-52.7445311518976,0,25,25,25,5,-52.7445311518976
01-Aug-2026 00:15:42,-180.731790755819,-52.624803809303,0,25,25,25,5,-52.624803809303
01-Aug-2026 00:15:44,-180.373398991318,-52.2664120448018,0,25,25,25,5,-52.2664120448018
01-Aug-2026 00:15:46,-180.508022329556,-52.4010353830404,0,25,25,25,5,-52.4010353830404
01-Aug-2026 00:15:48,-180.393726613009,-52.286739666493,0,25,25,25,5,-52.286739666493
01-Aug-2026 00:15:50,-178.028939822134,-49.9219528756183,0,25,25,25,6,-49.9219528756183
01-Aug-2026 00:15:52,-178.549784595024,-50.4427976485078,0,24,24,24,5,-50.4427976485078
01-Aug-2026 00:15:54,-180.855472977041,-52.7484860305248,0,24,24,24,4,-52.7484860305248
01-Aug-2026 00:15:56,-180.688838049408,-52.5818511028923,0,24,24,24,4,-52.5818511028923
01-Aug-2026 00:15:58,-180.533936744734,-52.4269497982179,0,24,24,24,4,-52.4269497982179
01-Aug-2026 00:16:00,-180.989863889631,-52.8828769431154,0,24,24,24,3,-52.8828769431154
01-Aug-2026 00:16:02,-181.084750538772,-52.9777635922559,0,24,24,24,3,-52.9777635922559
01-Aug-2026 00:16:04,-185.32132248245,-57.2143355359337,0,24,24,24,2,-57.2143355359337
01-Aug-2026 00:16:06,-183.362452396827,-55.2554654503109,0,24,24,24,3,-55.2554654503109
01-Aug-2026 00:16:08,-182.978591421935,-54.8716044754193,0,24,24,24,3,-54.8716044754193
01-Aug-2026 00:16:10,-182.166487888257,-54.0595009417411,0,24,24,24,3,-54.0595009417411
01-Aug-2026 00:16:12,-184.654837623505,-56.5478506769895,0,24,24,24,2,-56.5478506769895
01-Aug-2026 00:16:14,-186.513537793968,-58.4065508474522,0,24,24,24,1,-58.4065508474522
01-Aug-2026 00:16:16,-182.824820187476,-54.7178332409603,0,25,25,25,2,-54.7178332409603
01-Aug-2026 00:16:18,-177.806023025379,-49.6990360788635,0,26,26,26,3,-49.6990360788635
01-Aug-2026 00:16:20,-177.562985018301,-49.4559980717847,0,26,26,26,3,-49.4559980717847
01-Aug-2026 00:16:22,-177.816364319078,-49.7093773725622,0,26,26,26,3,-49.7093773725622
01-Aug-2026 00:16:24,-177.946541352613,-49.8395544060975,0,26,26,26,3,-49.8395544060975
01-Aug-2026 00:16:26,-178.180162103057,-50.0731751565411,0,26,26,26,3,-50.0731751565411
01-Aug-2026 00:16:28,-178.752206508237,-50.6452195617211,0,26,26,26,2,-50.6452195617211
01-Aug-2026 00:16:30,-186.644002838051,-58.5370158915354,0,26,26,26,1,-58.5370158915354
01-Aug-2026 00:16:32,-187.05402286304,-58.9470359165242,0,26,26,26,1,-58.9470359165242
01-Aug-2026 00:16:34,-187.319202666738,-59.2122157202219,0,26,26,26,1,-59.2122157202219
01-Aug-2026 00:16:36,-183.700142187495,-55.5931552409788,0,27,27,27,2,-55.5931552409788
01-Aug-2026 00:16:38,-172.620065651027,-44.5130787045107,0,26,26,26,5,-44.5130787045107
01-Aug-2026 00:16:40,-172.816128657793,-44.7091417112774,0,25,25,25,5,-44.7091417112774
01-Aug-2026 00:16:42,-172.400430148825,-44.293443202309,0,25,25,25,6,-44.293443202309
01-Aug-2026 00:16:44,-172.487757103833,-44.3807701573173,0,25,25,25,6,-44.3807701573173
01-Aug-2026 00:16:46,-172.353730794822,-44.2467438483062,0,25,25,25,6,-44.2467438483062
01-Aug-2026 00:16:48,-172.021046543665,-43.9140595971495,0,25,25,25,6,-43.9140595971495
01-Aug-2026 00:16:50,-171.853796147545,-43.7468092010289,0,25,25,25,6,-43.7468092010289
01-Aug-2026 00:16:52,-172.058220589244,-43.9512336427281,0,24,24,24,6,-43.9512336427281
01-Aug-2026 00:16:54,-171.965264823702,-43.8582778771866,0,24,24,24,7,-43.8582778771866
01-Aug-2026 00:16:56,-177.711013127627,-49.6040261811107,0,24,24,24,7,-49.6040261811107
01-Aug-2026 00:16:58,-177.52770586739,-49.4207189208746,0,24,24,24,7,-49.4207189208746
01-Aug-2026 00:17:00,-177.563260359539,-49.4562734130234,0,24,24,24,7,-49.4562734130234
01-Aug-2026 00:17:02,-179.650268856146,-51.5432819096303,0,24,24,24,6,-51.5432819096303
01-Aug-2026 00:17:04,-179.587331381887,-51.4803444353715,0,25,25,25,7,-51.4803444353715
01-Aug-2026 00:17:06,-178.018243651935,-49.9112567054189,0,25,25,25,7,-49.9112567054189
01-Aug-2026 00:17:08,-178.082364383503,-49.9753774369867,0,25,25,25,7,-49.9753774369867
01-Aug-2026 00:17:10,-177.804675929195,-49.6976889826793,0,24,24,24,7,-49.6976889826793
01-Aug-2026 00:17:12,-177.798223009808,-49.6912360632926,0,24,24,24,7,-49.6912360632926
01-Aug-2026 00:17:14,-177.459655959041,-49.3526690125249,0,24,24,24,8,-49.3526690125249
01-Aug-2026 00:17:16,-177.403222806182,-49.296235859666,0,24,24,24,8,-49.296235859666
01-Aug-2026 00:17:18,-162.981992682507,-34.875005735991,0,24,24,24,8,-34.875005735991
01-Aug-2026 00:17:20,-180.366553112756,-52.2595661662405,0,25,25,25,7,-52.2595661662405
01-Aug-2026 00:17:22,-180.259462575751,-52.1524756292354,0,26,26,26,7,-52.1524756292354
01-Aug-2026 00:17:24,-181.204413874431,-53.0974269279148,0,26,26,26,7,-53.0974269279148
01-Aug-2026 00:17:26,-173.836436407949,-45.7294494614329,0,26,26,26,8,-45.7294494614329
01-Aug-2026 00:17:28,-166.902816764907,-38.7958298183906,0,26,26,26,10,-38.7958298183906
01-Aug-2026 00:17:30,-174.133587004039,-46.0266000575232,0,26,26,26,8,-46.0266000575232
01-Aug-2026 00:17:32,-174.61548097332,-46.5084940268045,0,26,26,26,8,-46.5084940268045
01-Aug-2026 00:17:34,-174.767888002219,-46.6609010557035,0,26,26,26,7,-46.6609010557035
01-Aug-2026 00:17:36,-175.234521336976,-47.1275343904599,0,26,26,26,5,-47.1275343904599
01-Aug-2026 00:17:38,-175.088340545132,-46.9813535986165,0,26,26,26,6,-46.9813535986165
01-Aug-2026 00:17:40,-174.756782997927,-46.6497960514111,0,26,26,26,6,-46.6497960514111
01-Aug-2026 00:17:42,-183.169768435841,-55.0627814893251,0,26,26,26,5,-55.0627814893251
01-Aug-2026 00:17:44,-182.997442669831,-54.8904557233155,0,26,26,26,5,-54.8904557233155
01-Aug-2026 00:17:46,-182.82163160577,-54.7146446592537,0,26,26,26,5,-54.7146446592537
01-Aug-2026 00:17:48,-183.069530508082,-54.9625435615663,0,26,26,26,5,-54.9625435615663
01-Aug-2026 00:17:50,-182.511853593481,-54.404866646965,0,26,26,26,6,-54.404866646965
01-Aug-2026 00:17:52,-182.518506997778,-54.4115200512625,0,26,26,26,6,-54.4115200512625
01-Aug-2026 00:17:54,-166.952627131085,-38.8456401845688,0,26,26,26,7,-38.8456401845688
01-Aug-2026 00:17:56,-179.960977091415,-51.8539901448994,0,27,27,27,7,-51.8539901448994
01-Aug-2026 00:17:58,-180.075633266517,-51.9686463200007,0,27,27,27,7,-51.9686463200007
01-Aug-2026 00:18:00,-180.41526662166,-52.3082796751445,0,27,27,27,6,-52.3082796751445
01-Aug-2026 00:18:02,-177.919977350549,-49.8129904040336,0,27,27,27,7,-49.8129904040336
01-Aug-2026 00:18:04,-177.89213608471,-49.7851491381941,0,27,27,27,7,-49.7851491381941
01-Aug-2026 00:18:06,-177.489585473323,-49.3825985268069,0,27,27,27,7,-49.3825985268069
01-Aug-2026 00:18:08,-177.233204753,-49.1262178064842,0,27,27,27,7,-49.1262178064842
01-Aug-2026 00:18:10,-146.059077639196,-17.95209069268,0,27,27,27,8,-17.95209069268
01-Aug-2026 00:18:12,-145.522674004542,-17.4156870580265,0,27,27,27,8,-17.4156870580265
01-Aug-2026 00:18:14,-145.163849074434,-17.056862127918,0,27,27,27,7,-17.056862127918
01-Aug-2026 00:18:16,-144.991084336764,-16.8840973902477,0,27,27,27,6,-16.8840973902477
01-Aug-2026 00:18:18,-144.200508806709,-16.0935218601935,0,27,27,27,4,-16.0935218601935
01-Aug-2026 00:18:20,-143.232898362017,-15.1259114155016,0,27,27,27,4,-15.1259114155016
01-Aug-2026 00:18:22,-143.117761295083,-15.0107743485671,0,27,27,27,4,-15.0107743485671
01-Aug-2026 00:18:24,-142.536527933169,-14.4295409866531,0,28,28,28,4,-14.4295409866531
01-Aug-2026 00:18:26,-141.431560228366,-13.3245732818497,0,28,28,28,5,-13.3245732818497
01-Aug-2026 00:18:28,-140.952991150503,-12.8460042039868,0,29,29,29,5,-12.8460042039868
01-Aug-2026 00:18:30,-140.426805948209,-12.3198190016935,0,29,29,29,5,-12.3198190016935
01-Aug-2026 00:18:32,-139.713405355227,-11.6064184087108,0,29,29,29,5,-11.6064184087108
01-Aug-2026 00:18:34,-176.359468856505,-48.2524819099892,0,28,28,28,5,-48.2524819099892
01-Aug-2026 00:18:36,-176.564788151927,-48.4578012054112,0,28,28,28,5,-48.4578012054112
01-Aug-2026 00:18:38,-181.893172035203,-53.7861850886867,0,28,28,28,4,-53.7861850886867
01-Aug-2026 00:18:40,-181.81908430851,-53.712097361994,0,28,28,28,5,-53.712097361994
01-Aug-2026 00:18:42,-181.946087322615,-53.8391003760993,0,28,28,28,5,-53.8391003760993
01-Aug-2026 00:18:44,-182.311222326883,-54.204235380367,0,28,28,28,4,-54.204235380367
01-Aug-2026 00:18:46,-181.840758685937,-53.7337717394211,0,27,27,27,5,-53.7337717394211
01-Aug-2026 00:18:48,-181.715782968728,-53.6087960222123,0,27,27,27,6,-53.6087960222123
01-Aug-2026 00:18:50,-181.952481374944,-53.8454944284286,0,27,27,27,6,-53.8454944284286
01-Aug-2026 00:18:52,-181.946024694502,-53.8390377479858,0,27,27,27,6,-53.8390377479858
01-Aug-2026 00:18:54,-182.145364505101,-54.0383775585854,0,28,28,28,6,-54.0383775585854
01-Aug-2026 00:18:56,-180.52348632427,-52.4164993777546,0,28,28,28,7,-52.4164993777546
01-Aug-2026 00:18:58,-180.291443592386,-52.18445664587,0,27,27,27,6,-52.18445664587
01-Aug-2026 00:19:00,-180.176010873475,-52.069023926959,0,26,26,26,6,-52.069023926959
01-Aug-2026 00:19:02,-181.743117284156,-53.6361303376402,0,26,26,26,5,-53.6361303376402
01-Aug-2026 00:19:04,-179.000854315273,-50.893867368757,0,25,25,25,5,-50.893867368757
01-Aug-2026 00:19:06,-178.521947704208,-50.4149607576922,0,25,25,25,5,-50.4149607576922
01-Aug-2026 00:19:08,-178.673065027648,-50.5660780811322,0,25,25,25,6,-50.5660780811322
01-Aug-2026 00:19:10,-178.3029192232,-50.1959322766837,0,25,25,25,6,-50.1959322766837
01-Aug-2026 00:19:12,-176.963377788495,-48.8563908419789,0,25,25,25,7,-48.8563908419789
01-Aug-2026 00:19:14,-176.955384185476,-48.8483972389605,0,25,25,25,6,-48.8483972389605
01-Aug-2026 00:19:16,-176.406468077538,-48.2994811310224,0,25,25,25,7,-48.2994811310224
01-Aug-2026 00:19:18,-176.666396028317,-48.5594090818015,0,25,25,25,6,-48.5594090818015
01-Aug-2026 00:19:20,-176.600325362108,-48.4933384155925,0,26,26,26,6,-48.4933384155925
01-Aug-2026 00:19:22,-176.476189320947,-48.3692023744312,0,26,26,26,5,-48.3692023744312
01-Aug-2026 00:19:24,-176.210217161663,-48.103230215147,0,26,26,26,5,-48.103230215147
01-Aug-2026 00:19:26,-176.185183597305,-48.0781966507891,0,26,26,26,5,-48.0781966507891
01-Aug-2026 00:19:28,-176.121847461677,-48.0148605151612,0,26,26,26,5,-48.0148605151612
01-Aug-2026 00:19:30,-175.934657639509,-47.8276706929927,0,26,26,26,6,-47.8276706929927
01-Aug-2026 00:19:32,-176.381050613264,-48.2740636667479,0,26,26,26,6,-48.2740636667479
01-Aug-2026 00:19:34,-176.208343753467,-48.101356806951,0,26,26,26,6,-48.101356806951
01-Aug-2026 00:19:36,-178.684962615928,-50.5779756694122,0,25,25,25,5,-50.5779756694122
01-Aug-2026 00:19:38,-178.6170836385,-50.5100966919841,0,25,25,25,6,-50.5100966919841
01-Aug-2026 00:19:40,-167.095292711404,-38.9883057648885,0,25,25,25,7,-38.9883057648885
01-Aug-2026 00:19:42,-166.75042459252,-38.6434376460041,0,24,24,24,4,-38.6434376460041
01-Aug-2026 00:19:44,-167.299811959974,-39.1928250134581,0,24,24,24,4,-39.1928250134581
01-Aug-2026 00:19:46,-167.308725926143,-39.2017389796272,0,24,24,24,4,-39.2017389796272
01-Aug-2026 00:19:48,-167.707052892356,-39.6000659458404,0,24,24,24,5,-39.6000659458404
01-Aug-2026 00:19:50,-168.112268339026,-40.0052813925103,0,24,24,24,5,-40.0052813925103
01-Aug-2026 00:19:52,-168.02451950851,-39.9175325619945,0,24,24,24,5,-39.9175325619945
01-Aug-2026 00:19:54,-167.387850164859,-39.280863218343,0,24,24,24,6,-39.280863218343
01-Aug-2026 00:19:56,-166.535900792654,-38.4289138461382,0,24,24,24,8,-38.4289138461382
01-Aug-2026 00:19:58,-166.625201790711,-38.5182148441954,0,24,24,24,8,-38.5182148441954
01-Aug-2026 00:20:00,-166.367674047403,-38.260687100887,0,24,24,24,6,-38.260687100887
01-Aug-2026 00:20:02,-166.974167487828,-38.8671805413117,0,24,24,24,5,-38.8671805413117
01-Aug-2026 00:20:04,-166.384681153099,-38.277694206583,0,24,24,24,5,-38.277694206583
01-Aug-2026 00:20:06,-166.078032041682,-37.9710450951662,0,26,26,26,6,-37.9710450951662
01-Aug-2026 00:20:08,-165.753365893509,-37.6463789469931,0,26,26,26,6,-37.6463789469931
01-Aug-2026 00:20:10,-165.71278540305,-37.6057984565342,0,26,26,26,6,-37.6057984565342
01-Aug-2026 00:20:12,-165.666132533291,-37.5591455867755,0,26,26,26,7,-37.5591455867755
01-Aug-2026 00:20:14,-165.555177576361,-37.4481906298448,0,26,26,26,6,-37.4481906298448
01-Aug-2026 00:20:16,-165.450393396879,-37.343406450363,0,26,26,26,6,-37.343406450363
01-Aug-2026 00:20:18,-165.157358609083,-37.050371662567,0,26,26,26,7,-37.050371662567
01-Aug-2026 00:20:20,-175.764625685343,-47.6576387388267,0,26,26,26,6,-47.6576387388267
01-Aug-2026 00:20:22,-175.793355382024,-47.6863684355084,0,26,26,26,6,-47.6863684355084
01-Aug-2026 00:20:24,-176.091142432746,-47.9841554862304,0,26,26,26,6,-47.9841554862304
01-Aug-2026 00:20:26,-175.997252525799,-47.8902655792828,0,27,27,27,6,-47.8902655792828
01-Aug-2026 00:20:28,-176.079127227217,-47.9721402807009,0,25,25,25,6,-47.9721402807009
01-Aug-2026 00:20:30,-175.812997812364,-47.706010865848,0,25,25,25,6,-47.706010865848
01-Aug-2026 00:20:32,-176.289906291725,-48.1829193452093,0,25,25,25,5,-48.1829193452093
01-Aug-2026 00:20:34,-179.450370697572,-51.3433837510561,0,25,25,25,4,-51.3433837510561
01-Aug-2026 00:20:36,-179.808331450002,-51.701344503486,0,25,25,25,3,-51.701344503486
01-Aug-2026 00:20:38,-179.870872740822,-51.7638857943058,0,25,25,25,3,-51.7638857943058
01-Aug-2026 00:20:40,-179.433162001249,-51.3261750547335,0,26,26,26,4,-51.3261750547335
01-Aug-2026 00:20:42,-179.264033375489,-51.157046428973,0,26,26,26,4,-51.157046428973
01-Aug-2026 00:20:44,-179.160055652973,-51.0530687064568,0,25,25,25,4,-51.0530687064568
01-Aug-2026 00:20:46,-178.827199560961,-50.7202126144456,0,25,25,25,4,-50.7202126144456
01-Aug-2026 00:20:48,-178.768792418425,-50.6618054719094,0,25,25,25,4,-50.6618054719094
01-Aug-2026 00:20:50,-170.806977113044,-42.6999901665285,0,26,26,26,6,-42.6999901665285
01-Aug-2026 00:20:52,-171.095033126486,-42.9880461799704,0,26,26,26,6,-42.9880461799704
01-Aug-2026 00:20:54,-171.073657213617,-42.9666702671009,0,26,26,26,6,-42.9666702671009
01-Aug-2026 00:20:56,-170.630868903442,-42.523881956926,0,26,26,26,5,-42.523881956926
01-Aug-2026 00:20:58,-160.700235144562,-32.5932481980464,0,25,25,25,7,-32.5932481980464
01-Aug-2026 00:21:00,-160.501419047396,-32.3944321008799,0,25,25,25,6,-32.3944321008799
01-Aug-2026 00:21:02,-160.55758507734,-32.4505981308239,0,25,25,25,6,-32.4505981308239
01-Aug-2026 00:21:04,-163.636783449329,-35.5297965028132,0,25,25,25,5,-35.5297965028132
01-Aug-2026 00:21:06,-163.655089585837,-35.5481026393208,0,25,25,25,5,-35.5481026393208
01-Aug-2026 00:21:08,-163.72740831268,-35.6204213661644,0,25,25,25,5,-35.6204213661644
01-Aug-2026 00:21:10,-163.564138121362,-35.4571511748464,0,25,25,25,5,-35.4571511748464
01-Aug-2026 00:21:12,-163.679049552466,-35.5720626059502,0,25,25,25,6,-35.5720626059502
01-Aug-2026 00:21:14,-163.579949096975,-35.4729621504592,0,26,26,26,6,-35.4729621504592
01-Aug-2026 00:21:16,-163.589859336869,-35.4828723903528,0,26,26,26,6,-35.4828723903528
01-Aug-2026 00:21:18,-163.619672014156,-35.5126850676399,0,26,26,26,6,-35.5126850676399
01-Aug-2026 00:21:20,-163.475434261932,-35.368447315416,0,26,26,26,6,-35.368447315416
01-Aug-2026 00:21:22,-163.773882156396,-35.6668952098803,0,26,26,26,6,-35.6668952098803
01-Aug-2026 00:21:24,-169.039119109082,-40.932132162566,0,26,26,26,5,-40.932132162566
01-Aug-2026 00:21:26,-165.292159060003,-37.1851721134876,0,26,26,26,6,-37.1851721134876
01-Aug-2026 00:21:28,-165.511948559805,-37.4049616132891,0,26,26,26,7,-37.4049616132891
01-Aug-2026 00:21:30,-165.500633603612,-37.3936466570966,0,26,26,26,8,-37.3936466570966
01-Aug-2026 00:21:32,-161.716890649336,-33.6099037028203,0,26,26,26,8,-33.6099037028203
01-Aug-2026 00:21:34,-167.899827858382,-39.792840911866,0,26,26,26,6,-39.792840911866
01-Aug-2026 00:21:36,-168.041573722742,-39.9345867762256,0,26,26,26,6,-39.9345867762256
01-Aug-2026 00:21:38,-167.987289972124,-39.8803030256082,0,26,26,26,7,-39.8803030256082
01-Aug-2026 00:21:40,-168.389508850731,-40.282521904215,0,26,26,26,6,-40.282521904215
01-Aug-2026 00:21:42,-168.013546800858,-39.9065598543423,0,26,26,26,6,-39.9065598543423
01-Aug-2026 00:21:44,-168.924584316147,-40.8175973696309,0,26,26,26,6,-40.8175973696309
01-Aug-2026 00:21:46,-169.636270306298,-41.529283359782,0,27,27,27,6,-41.529283359782
01-Aug-2026 00:21:48,-169.765123346755,-41.658136400239,0,27,27,27,5,-41.658136400239
01-Aug-2026 00:21:50,-169.947444515733,-41.840457569217,0,27,27,27,5,-41.840457569217
01-Aug-2026 00:21:52,-170.326631026288,-42.2196440797722,0,27,27,27,4,-42.2196440797722
01-Aug-2026 00:21:54,-169.608144080283,-41.5011571337673,0,27,27,27,4,-41.5011571337673
01-Aug-2026 00:21:56,-169.892521818142,-41.7855348716258,0,27,27,27,4,-41.7855348716258
01-Aug-2026 00:21:58,-170.183071062362,-42.0760841158459,0,27,27,27,4,-42.0760841158459
01-Aug-2026 00:22:00,-170.379899234422,-42.2729122879064,0,27,27,27,3,-42.2729122879064
01-Aug-2026 00:22:02,-170.373299441986,-42.2663124954699,0,27,27,27,3,-42.2663124954699
01-Aug-2026 00:22:04,-170.851829745565,-42.7448427990494,0,27,27,27,3,-42.7448427990494
01-Aug-2026 00:22:06,-170.617732491861,-42.5107455453449,0,27,27,27,4,-42.5107455453449
01-Aug-2026 00:22:08,-170.360112573347,-42.2531256268313,0,27,27,27,5,-42.2531256268313
01-Aug-2026 00:22:10,-171.375494316781,-43.2685073702655,0,27,27,27,4,-43.2685073702655
01-Aug-2026 00:22:12,-171.595632836086,-43.4886458895702,0,27,27,27,3,-43.4886458895702
01-Aug-2026 00:22:14,-172.731354647599,-44.6243677010831,0,28,28,28,2,-44.6243677010831
01-Aug-2026 00:22:16,-173.832681402262,-45.7256944557458,0,29,29,29,2,-45.7256944557458
01-Aug-2026 00:22:18,-173.688426203011,-45.5814392564954,0,29,29,29,2,-45.5814392564954
01-Aug-2026 00:22:20,-174.579333496071,-46.472346549555,0,29,29,29,2,-46.472346549555
01-Aug-2026 00:22:22,-174.187990493132,-46.0810035466158,0,29,29,29,2,-46.0810035466158
01-Aug-2026 00:22:24,-174.011079181463,-45.9040922349469,0,29,29,29,3,-45.9040922349469
01-Aug-2026 00:22:26,-182.257507124376,-54.1505201778602,0,28,28,28,3,-54.1505201778602
01-Aug-2026 00:22:28,-182.293658995294,-54.1866720487779,0,28,28,28,3,-54.1866720487779
01-Aug-2026 00:22:30,-182.088744823425,-53.9817578769094,0,28,28,28,3,-53.9817578769094
01-Aug-2026 00:22:32,-180.042662129196,-51.9356751826804,0,29,29,29,4,-51.9356751826804
01-Aug-2026 00:22:34,-180.166761225109,-52.0597742785929,0,29,29,29,4,-52.0597742785929
01-Aug-2026 00:22:36,-179.734938863799,-51.6279519172827,0,29,29,29,5,-51.6279519172827
01-Aug-2026 00:22:38,-179.406593992002,-51.2996070454865,0,29,29,29,6,-51.2996070454865
01-Aug-2026 00:22:40,-179.355762067655,-51.2487751211389,0,28,28,28,6,-51.2487751211389
01-Aug-2026 00:22:42,-178.989204861086,-50.8822179145706,0,27,27,27,6,-50.8822179145706
01-Aug-2026 00:22:44,-178.873837234985,-50.7668502884692,0,27,27,27,6,-50.7668502884692
01-Aug-2026 00:22:46,-181.176894887301,-53.0699079407853,0,27,27,27,5,-53.0699079407853
01-Aug-2026 00:22:48,-181.070793188808,-52.9638062422919,0,26,26,26,5,-52.9638062422919
01-Aug-2026 00:22:50,-180.464200981776,-52.3572140352602,0,26,26,26,5,-52.3572140352602
01-Aug-2026 00:22:52,-181.157151096519,-53.050164150003,0,26,26,26,4,-53.050164150003
01-Aug-2026 00:22:54,-182.712753214204,-54.6057662676879,0,26,26,26,2,-54.6057662676879
01-Aug-2026 00:22:56,-181.655564620506,-53.5485776739899,0,26,26,26,3,-53.5485776739899
01-Aug-2026 00:22:58,-181.742151916311,-53.635164969795,0,25,25,25,3,-53.635164969795
01-Aug-2026 00:23:00,-180.579007354807,-52.4720204082912,0,25,25,25,4,-52.4720204082912
01-Aug-2026 00:23:02,-180.221387842567,-52.1144008960508,0,25,25,25,4,-52.1144008960508
01-Aug-2026 00:23:04,-180.189171247691,-52.0821843011751,0,25,25,25,4,-52.0821843011751
01-Aug-2026 00:23:06,-180.282615095936,-52.17562814942,0,25,25,25,4,-52.17562814942
01-Aug-2026 00:23:08,-179.936256094052,-51.8292691475364,0,25,25,25,4,-51.8292691475364
01-Aug-2026 00:23:10,-179.556125069326,-51.4491381228106,0,25,25,25,4,-51.4491381228106
01-Aug-2026 00:23:12,-179.047905862892,-50.9409189163758,0,25,25,25,4,-50.9409189163758
01-Aug-2026 00:23:14,-178.578645316585,-50.4716583700689,0,25,25,25,5,-50.4716583700689
01-Aug-2026 00:23:16,-179.540201387596,-51.4332144410806,0,26,26,26,5,-51.4332144410806
01-Aug-2026 00:23:18,-185.075235156677,-56.9682482101611,0,26,26,26,3,-56.9682482101611
01-Aug-2026 00:23:20,-164.075986836125,-35.9689998896093,0,25,25,25,4,-35.9689998896093
01-Aug-2026 00:23:22,-164.307684203023,-36.2006972565075,0,25,25,25,4,-36.2006972565075
01-Aug-2026 00:23:24,-165.298539995977,-37.191553049461,0,25,25,25,4,-37.191553049461
01-Aug-2026 00:23:26,-164.788792381962,-36.6818054354459,0,25,25,25,4,-36.6818054354459
01-Aug-2026 00:23:28,-164.993297745384,-36.8863107988682,0,25,25,25,4,-36.8863107988682
01-Aug-2026 00:23:30,-165.335117927678,-37.228130981162,0,25,25,25,3,-37.228130981162
01-Aug-2026 00:23:32,-165.62891216533,-37.5219252188143,0,25,25,25,4,-37.5219252188143
01-Aug-2026 00:23:34,-166.044791020086,-37.9378040735697,0,25,25,25,5,-37.9378040735697
01-Aug-2026 00:23:36,-166.609011259545,-38.5020243130291,0,25,25,25,5,-38.5020243130291
01-Aug-2026 00:23:38,-167.182347903962,-39.0753609574465,0,25,25,25,5,-39.0753609574465
01-Aug-2026 00:23:40,-167.82492620219,-39.7179392556738,0,25,25,25,5,-39.7179392556738
01-Aug-2026 00:23:42,-167.730094064352,-39.6231071178361,0,25,25,25,6,-39.6231071178361
01-Aug-2026 00:23:44,-181.368345302238,-53.2613583557219,0,25,25,25,5,-53.2613583557219
01-Aug-2026 00:23:46,-181.518708066755,-53.4117211202394,0,25,25,25,4,-53.4117211202394
01-Aug-2026 00:23:48,-181.328477601432,-53.2214906549157,0,25,25,25,4,-53.2214906549157
01-Aug-2026 00:23:50,-181.364313043605,-53.2573260970894,0,25,25,25,4,-53.2573260970894
01-Aug-2026 00:23:52,-181.585651230706,-53.4786642841897,0,25,25,25,4,-53.4786642841897
01-Aug-2026 00:23:54,-181.493174811787,-53.3861878652716,0,25,25,25,4,-53.3861878652716
01-Aug-2026 00:23:56,-183.857914057938,-55.7509271114217,0,26,26,26,4,-55.7509271114217
01-Aug-2026 00:23:58,-183.208350138761,-55.1013631922449,0,26,26,26,3,-55.1013631922449
01-Aug-2026 00:24:00,-183.024325307767,-54.9173383612511,0,26,26,26,3,-54.9173383612511
01-Aug-2026 00:24:02,-172.038468968492,-43.9314820219762,0,26,26,26,6,-43.9314820219762
01-Aug-2026 00:24:04,-171.965437915534,-43.8584509690177,0,26,26,26,6,-43.8584509690177
01-Aug-2026 00:24:06,-171.869146826995,-43.7621598804788,0,27,27,27,6,-43.7621598804788
01-Aug-2026 00:24:08,-171.588390491867,-43.4814035453514,0,27,27,27,6,-43.4814035453514
01-Aug-2026 00:24:10,-171.208083237055,-43.1010962905395,0,27,27,27,6,-43.1010962905395
01-Aug-2026 00:24:12,-170.85208329685,-42.7450963503343,0,27,27,27,7,-42.7450963503343
01-Aug-2026 00:24:14,-170.739266293277,-42.6322793467614,0,26,26,26,7,-42.6322793467614
01-Aug-2026 00:24:16,-170.166972381472,-42.0599854349559,0,27,27,27,8,-42.0599854349559
01-Aug-2026 00:24:18,-170.546157931178,-42.4391709846626,0,27,27,27,7,-42.4391709846626
01-Aug-2026 00:24:20,-170.48665119635,-42.3796642498346,0,26,26,26,6,-42.3796642498346
01-Aug-2026 00:24:22,-170.582522929352,-42.4755359828365,0,26,26,26,6,-42.4755359828365
01-Aug-2026 00:24:24,-170.883064531286,-42.7760775847698,0,26,26,26,6,-42.7760775847698
01-Aug-2026 00:24:26,-170.6862222509,-42.5792353043841,0,26,26,26,6,-42.5792353043841
01-Aug-2026 00:24:28,-169.480422392742,-41.373435446226,0,26,26,26,6,-41.373435446226
01-Aug-2026 00:24:30,-169.101414998218,-40.9944280517017,0,26,26,26,5,-40.9944280517017
01-Aug-2026 00:24:32,-174.340638411286,-46.2336514647703,0,26,26,26,4,-46.2336514647703
01-Aug-2026 00:24:34,-174.188741131516,-46.0817541850002,0,26,26,26,5,-46.0817541850002
01-Aug-2026 00:24:36,-174.210824319607,-46.1038373730907,0,25,25,25,5,-46.1038373730907
01-Aug-2026 00:24:38,-173.398623202929,-45.2916362564128,0,26,26,26,5,-45.2916362564128
01-Aug-2026 00:24:40,-173.053563722199,-44.9465767756827,0,26,26,26,4,-44.9465767756827
01-Aug-2026 00:24:42,-173.446998927595,-45.3400119810788,0,26,26,26,4,-45.3400119810788
01-Aug-2026 00:24:44,-183.920334242764,-55.8133472962479,0,26,26,26,4,-55.8133472962479
01-Aug-2026 00:24:46,-184.04231848923,-55.935331542714,0,25,25,25,4,-55.935331542714
01-Aug-2026 00:24:48,-183.958537423287,-55.8515504767708,0,25,25,25,4,-55.8515504767708
01-Aug-2026 00:24:50,-184.101043575747,-55.9940566292312,0,25,25,25,4,-55.9940566292312
01-Aug-2026 00:24:52,-181.35873640828,-53.2517494617646,0,25,25,25,5,-53.2517494617646
01-Aug-2026 00:24:54,-166.759677437081,-38.6526904905648,0,25,25,25,5,-38.6526904905648
01-Aug-2026 00:24:56,-165.718854846992,-37.6118679004757,0,25,25,25,5,-37.6118679004757
01-Aug-2026 00:24:58,-165.563644960464,-37.4566580139481,0,25,25,25,5,-37.4566580139481
01-Aug-2026 00:25:00,-165.722109593386,-37.61512264687,0,25,25,25,5,-37.61512264687
01-Aug-2026 00:25:02,-165.461297450041,-37.3543105035249,0,25,25,25,5,-37.3543105035249
01-Aug-2026 00:25:04,-165.375302430404,-37.2683154838884,0,25,25,25,5,-37.2683154838884
01-Aug-2026 00:25:06,-164.254687147696,-36.1477002011803,0,25,25,25,5,-36.1477002011803
01-Aug-2026 00:25:08,-162.711956900031,-34.6049699535149,0,26,26,26,6,-34.6049699535149
01-Aug-2026 00:25:10,-179.297246922711,-51.1902599761954,0,26,26,26,6,-51.1902599761954
01-Aug-2026 00:25:12,-176.863855988471,-48.7568690419551,0,26,26,26,8,-48.7568690419551
01-Aug-2026 00:25:14,-177.159715411532,-49.052728465016,0,26,26,26,7,-49.052728465016
01-Aug-2026 00:25:16,-177.277757596703,-49.1707706501871,0,26,26,26,7,-49.1707706501871
01-Aug-2026 00:25:18,-176.398562401351,-48.2915754548348,0,26,26,26,8,-48.2915754548348
01-Aug-2026 00:25:20,-176.346616043445,-48.2396290969287,0,26,26,26,8,-48.2396290969287
01-Aug-2026 00:25:22,-176.650098818112,-48.5431118715958,0,26,26,26,6,-48.5431118715958
01-Aug-2026 00:25:24,-176.432756852422,-48.3257699059058,0,26,26,26,5,-48.3257699059058
01-Aug-2026 00:25:26,-176.389800416854,-48.282813470338,0,26,26,26,6,-48.282813470338
01-Aug-2026 00:25:28,-176.272185999276,-48.1651990527604,0,26,26,26,6,-48.1651990527604
01-Aug-2026 00:25:30,-176.035720169957,-47.9287332234412,0,26,26,26,7,-47.9287332234412
01-Aug-2026 00:25:32,-176.001461029659,-47.8944740831427,0,26,26,26,7,-47.8944740831427
01-Aug-2026 00:25:34,-175.847890418843,-47.740903472327,0,26,26,26,8,-47.740903472327
01-Aug-2026 00:25:36,-175.908150335514,-47.8011633889985,0,27,27,27,9,-47.8011633889985
01-Aug-2026 00:25:38,-175.839798857975,-47.7328119114595,0,27,27,27,9,-47.7328119114595
01-Aug-2026 00:25:40,-175.917346232226,-47.8103592857098,0,27,27,27,9,-47.8103592857098
01-Aug-2026 00:25:42,-175.804080552678,-47.6970936061625,0,27,27,27,9,-47.6970936061625
01-Aug-2026 00:25:44,-176.100445013567,-47.993458067051,0,27,27,27,8,-47.993458067051
01-Aug-2026 00:25:46,-175.999161648403,-47.8921747018869,0,27,27,27,8,-47.8921747018869
01-Aug-2026 00:25:48,-176.359014163943,-48.252027217427,0,27,27,27,8,-48.252027217427
01-Aug-2026 00:25:50,-179.730628867354,-51.6236419208377,0,27,27,27,6,-51.6236419208377
01-Aug-2026 00:25:52,-179.806495193572,-51.6995082470557,0,27,27,27,6,-51.6995082470557
01-Aug-2026 00:25:54,-179.851376918128,-51.7443899716118,0,27,27,27,5,-51.7443899716118
01-Aug-2026 00:25:56,-179.955547341907,-51.8485603953914,0,27,27,27,5,-51.8485603953914
01-Aug-2026 00:25:58,-180.022667864602,-51.9156809180863,0,27,27,27,6,-51.9156809180863
01-Aug-2026 00:26:00,-184.840283284871,-56.7332963383549,0,27,27,27,5,-56.7332963383549
01-Aug-2026 00:26:02,-185.152395746178,-57.0454087996619,0,28,28,28,5,-57.0454087996619
01-Aug-2026 00:26:04,-173.063280458022,-44.9562935115059,0,29,29,29,7,-44.9562935115059
01-Aug-2026 00:26:06,-173.046684137588,-44.9396971910724,0,29,29,29,7,-44.9396971910724
01-Aug-2026 00:26:08,-173.175250403184,-45.0682634566681,0,29,29,29,6,-45.0682634566681
01-Aug-2026 00:26:10,-172.939102005739,-44.8321150592231,0,29,29,29,7,-44.8321150592231
01-Aug-2026 00:26:12,-172.077687758269,-43.9707008117529,0,29,29,29,9,-43.9707008117529
01-Aug-2026 00:26:14,-172.441189476725,-44.3342025302091,0,30,30,30,10,-44.3342025302091
01-Aug-2026 00:26:16,-172.825218485545,-44.7182315390295,0,29,29,29,8,-44.7182315390295
01-Aug-2026 00:26:18,-173.070569390938,-44.9635824444221,0,29,29,29,9,-44.9635824444221
01-Aug-2026 00:26:20,-144.753851984078,-16.6468650375622,0,29,29,29,10,-16.6468650375622
01-Aug-2026 00:26:22,-144.221842099393,-16.1148551528768,0,29,29,29,9,-16.1148551528768
01-Aug-2026 00:26:24,-142.68113781796,-14.5741508714437,0,28,28,28,8,-14.5741508714437
01-Aug-2026 00:26:26,-138.983778538914,-10.8767915923985,0,28,28,28,7,-10.8767915923985
01-Aug-2026 00:26:28,-139.273982842808,-11.1669958962923,0,28,28,28,8,-11.1669958962923
01-Aug-2026 00:26:30,-139.675568615115,-11.5685816685996,0,28,28,28,8,-11.5685816685996
01-Aug-2026 00:26:32,-139.859925435472,-11.752938488956,0,28,28,28,6,-11.752938488956
01-Aug-2026 00:26:34,-140.472319091643,-12.3653321451274,0,27,27,27,5,-12.3653321451274
01-Aug-2026 00:26:36,-140.029973881835,-11.9229869353189,0,27,27,27,6,-11.9229869353189
01-Aug-2026 00:26:38,-140.717488831784,-12.6105018852684,0,26,26,26,5,-12.6105018852684
01-Aug-2026 00:26:40,-140.795823927668,-12.6888369811522,0,26,26,26,5,-12.6888369811522
01-Aug-2026 00:26:42,-142.794304758513,-14.6873178119971,0,26,26,26,6,-14.6873178119971
01-Aug-2026 00:26:44,-143.068382496975,-14.9613955504591,0,26,26,26,6,-14.9613955504591
01-Aug-2026 00:26:46,-143.391619300624,-15.2846323541083,0,26,26,26,7,-15.2846323541083
01-Aug-2026 00:26:48,-144.90533161102,-16.7983446645041,0,26,26,26,7,-16.7983446645041
01-Aug-2026 00:26:50,-144.98045346146,-16.8734665149438,0,25,25,25,6,-16.8734665149438
01-Aug-2026 00:26:52,-145.645696000276,-17.5387090537596,0,25,25,25,7,-17.5387090537596
01-Aug-2026 00:26:54,-146.14173401155,-18.0347470650338,0,25,25,25,7,-18.0347470650338
01-Aug-2026 00:26:56,-146.672050601361,-18.5650636548456,0,25,25,25,8,-18.5650636548456
01-Aug-2026 00:26:58,-147.073379209455,-18.9663922629395,0,25,25,25,8,-18.9663922629395
01-Aug-2026 00:27:00,-163.45159970265,-35.3446127561339,0,25,25,25,6,-35.3446127561339
01-Aug-2026 00:27:02,-163.710710874327,-35.6037239278114,0,25,25,25,7,-35.6037239278114
01-Aug-2026 00:27:04,-163.74378214639,-35.6367951998742,0,24,24,24,6,-35.6367951998742
01-Aug-2026 00:27:06,-164.39146976614,-36.2844828196243,0,24,24,24,7,-36.2844828196243
01-Aug-2026 00:27:08,-164.535589483406,-36.4286025368903,0,24,24,24,6,-36.4286025368903
01-Aug-2026 00:27:10,-165.023962188348,-36.9169752418325,0,24,24,24,7,-36.9169752418325
01-Aug-2026 00:27:12,-165.015269818867,-36.9082828723514,0,24,24,24,7,-36.9082828723514
01-Aug-2026 00:27:14,-164.951193591753,-36.8442066452376,0,25,25,25,8,-36.8442066452376
01-Aug-2026 00:27:16,-165.952413568397,-37.8454266218807,0,25,25,25,7,-37.8454266218807
01-Aug-2026 00:27:18,-166.320254868079,-38.213267921563,0,25,25,25,7,-38.213267921563
01-Aug-2026 00:27:20,-166.175469564632,-38.068482618116,0,25,25,25,7,-38.068482618116
01-Aug-2026 00:27:22,-172.00016785663,-43.8931809101144,0,25,25,25,6,-43.8931809101144
01-Aug-2026 00:27:24,-173.898962950119,-45.7919760036035,0,25,25,25,4,-45.7919760036035
01-Aug-2026 00:27:26,-173.24307165125,-45.1360847047343,0,25,25,25,4,-45.1360847047343
01-Aug-2026 00:27:28,-173.55767992634,-45.4506929798239,0,25,25,25,4,-45.4506929798239
01-Aug-2026 00:27:30,-171.76129727883,-43.6543103323145,0,25,25,25,5,-43.6543103323145
01-Aug-2026 00:27:32,-171.448686647156,-43.3416997006399,0,25,25,25,5,-43.3416997006399
01-Aug-2026 00:27:34,-171.407040308019,-43.300053361503,0,25,25,25,5,-43.300053361503
01-Aug-2026 00:27:36,-164.193177595783,-36.086190649267,0,25,25,25,5,-36.086190649267
01-Aug-2026 00:27:38,-163.281228802169,-35.1742418556533,0,26,26,26,4,-35.1742418556533
01-Aug-2026 00:27:40,-163.131880699296,-35.0248937527797,0,26,26,26,4,-35.0248937527797
01-Aug-2026 00:27:42,-162.924584426357,-34.8175974798415,0,26,26,26,4,-34.8175974798415
01-Aug-2026 00:27:44,-163.543237095914,-35.4362501493979,0,27,27,27,4,-35.4362501493979
01-Aug-2026 00:27:46,-166.100594830382,-37.9936078838658,0,27,27,27,4,-37.9936078838658
01-Aug-2026 00:27:48,-166.315248610754,-38.2082616642379,0,27,27,27,5,-38.2082616642379
01-Aug-2026 00:27:50,-166.907005601201,-38.8000186546856,0,28,28,28,5,-38.8000186546856
01-Aug-2026 00:27:52,-166.998576616078,-38.8915896695625,0,28,28,28,5,-38.8915896695625
01-Aug-2026 00:27:54,-166.787241482372,-38.680254535856,0,28,28,28,5,-38.680254535856
01-Aug-2026 00:27:56,-166.895312081273,-38.7883251347567,0,28,28,28,5,-38.7883251347567
01-Aug-2026 00:27:58,-166.577739511452,-38.4707525649358,0,28,28,28,4,-38.4707525649358
01-Aug-2026 00:28:00,-166.557351009673,-38.4503640631567,0,28,28,28,4,-38.4503640631567
01-Aug-2026 00:28:02,-166.489724836124,-38.3827378896083,0,27,27,27,4,-38.3827378896083
01-Aug-2026 00:28:04,-166.386998935086,-38.28001198857,0,27,27,27,4,-38.28001198857
01-Aug-2026 00:28:06,-166.712066098072,-38.605079151556,0,27,27,27,5,-38.605079151556
01-Aug-2026 00:28:08,-166.869238042929,-38.7622510964129,0,27,27,27,3,-38.7622510964129
01-Aug-2026 00:28:10,-167.048546003501,-38.9415590569852,0,27,27,27,3,-38.9415590569852
01-Aug-2026 00:28:12,-175.38552885483,-47.2785419083145,0,26,26,26,3,-47.2785419083145
01-Aug-2026 00:28:14,-175.541297669926,-47.4343107234101,0,26,26,26,4,-47.4343107234101
01-Aug-2026 00:28:16,-175.203424251742,-47.0964373052262,0,26,26,26,4,-47.0964373052262
01-Aug-2026 00:28:18,-175.012005117075,-46.9050181705588,0,26,26,26,4,-46.9050181705588
01-Aug-2026 00:28:20,-175.615369780505,-47.5083828339896,0,26,26,26,3,-47.5083828339896
01-Aug-2026 00:28:22,-175.262647112993,-47.1556601664771,0,26,26,26,3,-47.1556601664771
01-Aug-2026 00:28:24,-175.438071920521,-47.331084974005,0,27,27,27,3,-47.331084974005
01-Aug-2026 00:28:26,-175.361595709382,-47.2546087628662,0,26,26,26,3,-47.2546087628662
01-Aug-2026 00:28:28,-173.000067993856,-44.8930810473402,0,26,26,26,4,-44.8930810473402
01-Aug-2026 00:28:30,-173.010851048144,-44.9038641016279,0,26,26,26,4,-44.9038641016279
01-Aug-2026 00:28:32,-173.469503661075,-45.3625167145592,0,26,26,26,4,-45.3625167145592
01-Aug-2026 00:28:34,-173.968840338298,-45.8618533917822,0,25,25,25,4,-45.8618533917822
01-Aug-2026 00:28:36,-176.437464586263,-48.330477639747,0,25,25,25,3,-48.330477639747
01-Aug-2026 00:28:38,-176.158226527699,-48.051239581183,0,25,25,25,3,-48.051239581183
01-Aug-2026 00:28:40,-176.543874322933,-48.4368873764176,0,25,25,25,3,-48.4368873764176
01-Aug-2026 00:28:42,-177.142706850784,-49.0357199042678,0,25,25,25,3,-49.0357199042678
01-Aug-2026 00:28:44,-177.578849702398,-49.4718627558819,0,25,25,25,3,-49.4718627558819
01-Aug-2026 00:28:46,-177.543409196759,-49.4364222502432,0,25,25,25,3,-49.4364222502432
01-Aug-2026 00:28:48,-178.894411193841,-50.787424247325,0,25,25,25,2,-50.787424247325
01-Aug-2026 00:28:50,-190.532749946794,-62.4257630002782,0,25,25,25,1,-62.4257630002782
01-Aug-2026 00:28:52,-190.452018099558,-62.3450311530425,0,25,25,25,1,-62.3450311530425
01-Aug-2026 00:28:54,-190.193688190169,-62.0867012436527,0,25,25,25,1,-62.0867012436527
01-Aug-2026 00:28:56,-170.277235435773,-42.1702484892575,0,25,25,25,2,-42.1702484892575
01-Aug-2026 00:28:58,-170.506726047479,-42.3997391009629,0,25,25,25,2,-42.3997391009629
01-Aug-2026 00:29:00,-171.066948140098,-42.9599611935818,0,25,25,25,3,-42.9599611935818
01-Aug-2026 00:29:02,-171.095666686485,-42.988679739969,0,26,26,26,3,-42.988679739969
01-Aug-2026 00:29:04,-160.569828389559,-32.4628414430431,0,26,26,26,5,-32.4628414430431
01-Aug-2026 00:29:06,-160.583292998722,-32.4763060522057,0,26,26,26,5,-32.4763060522057
01-Aug-2026 00:29:08,-169.722420456734,-41.6154335102181,0,26,26,26,4,-41.6154335102181
01-Aug-2026 00:29:10,-169.176302590954,-41.0693156444386,0,26,26,26,4,-41.0693156444386
01-Aug-2026 00:29:12,-169.562861278944,-41.4558743324284,0,26,26,26,3,-41.4558743324284
01-Aug-2026 00:29:14,-168.710108804888,-40.6031218583722,0,26,26,26,3,-40.6031218583722
01-Aug-2026 00:29:16,-168.99136335977,-40.8843764132537,0,26,26,26,3,-40.8843764132537
01-Aug-2026 00:29:18,-168.93130447091,-40.8243175243943,0,26,26,26,2,-40.8243175243943
01-Aug-2026 00:29:20,-168.753815234904,-40.646828288388,0,26,26,26,3,-40.646828288388
01-Aug-2026 00:29:22,-168.544618777289,-40.4376318307735,0,26,26,26,3,-40.4376318307735
01-Aug-2026 00:29:24,-168.260574246708,-40.1535873001917,0,26,26,26,3,-40.1535873001917
01-Aug-2026 00:29:26,-167.977946081352,-39.8709591348362,0,27,27,27,3,-39.8709591348362
01-Aug-2026 00:29:28,-167.68803534321,-39.5810483966938,0,27,27,27,3,-39.5810483966938
01-Aug-2026 00:29:30,-167.096614173564,-38.989627227048,0,27,27,27,3,-38.989627227048
01-Aug-2026 00:29:32,-183.541002587423,-55.4340156409069,0,27,27,27,1,-55.4340156409069
01-Aug-2026 00:29:34,-184.325249953256,-56.2182630067402,0,27,27,27,1,-56.2182630067402
01-Aug-2026 00:29:36,-184.725087770049,-56.6181008235329,0,27,27,27,1,-56.6181008235329
01-Aug-2026 00:29:38,-184.971679819358,-56.8646928728423,0,27,27,27,1,-56.8646928728423
01-Aug-2026 00:29:40,-185.069552380296,-56.96256543378,0,27,27,27,1,-56.96256543378
01-Aug-2026 00:29:42,-3076.52655568589,-2948.41956873937,0,27,27,27,0,-2948.41956873937
01-Aug-2026 00:29:44,-196.809534707394,-68.7025477608777,0,27,27,27,1,-68.7025477608777
01-Aug-2026 00:29:46,-196.905472934302,-68.7984859877857,0,27,27,27,1,-68.7984859877857
01-Aug-2026 00:29:48,-197.238822838733,-69.1318358922172,0,27,27,27,1,-69.1318358922172
01-Aug-2026 00:29:50,-183.951337689049,-55.8443507425332,0,27,27,27,2,-55.8443507425332
01-Aug-2026 00:29:52,-178.567490020916,-50.4605030744003,0,29,29,29,4,-50.4605030744003
01-Aug-2026 00:29:54,-178.663709999723,-50.5567230532073,0,30,30,30,5,-50.5567230532073
01-Aug-2026 00:29:56,-179.738341883225,-51.6313549367088,0,30,30,30,5,-51.6313549367088
01-Aug-2026 00:29:58,-189.65851838179,-61.5515314352741,0,30,30,30,4,-61.5515314352741
01-Aug-2026 00:30:00,-189.997089866152,-61.8901029196361,0,30,30,30,3,-61.8901029196361
01-Aug-2026 00:30:02,-163.387965204273,-35.2809782577571,0,30,30,30,4,-35.2809782577571
01-Aug-2026 00:30:04,-163.233399221683,-35.126412275167,0,29,29,29,3,-35.126412275167
01-Aug-2026 00:30:06,-162.441998957136,-34.3350120106197,0,29,29,29,2,-34.3350120106197
01-Aug-2026 00:30:08,-3076.52655568589,-2948.41956873937,0,28,28,28,0,-2948.41956873937
01-Aug-2026 00:30:10,-187.454856381237,-59.3478694347213,0,28,28,28,1,-59.3478694347213
01-Aug-2026 00:30:12,-187.033803046174,-58.9268160996583,0,28,28,28,1,-58.9268160996583
01-Aug-2026 00:30:14,-187.163269743962,-59.0562827974462,0,28,28,28,1,-59.0562827974462
01-Aug-2026 00:30:16,-186.49119823124,-58.3842112847241,0,28,28,28,1,-58.3842112847241
01-Aug-2026 00:30:18,-183.813105744801,-55.7061187982855,0,28,28,28,2,-55.7061187982855
01-Aug-2026 00:30:20,-184.049943974446,-55.9429570279302,0,28,28,28,2,-55.9429570279302
01-Aug-2026 00:30:22,-183.934287106029,-55.8273001595133,0,28,28,28,2,-55.8273001595133
01-Aug-2026 00:30:24,-183.799683002085,-55.692696055569,0,28,28,28,2,-55.692696055569
01-Aug-2026 00:30:26,-183.616165375637,-55.509178429121,0,26,26,26,2,-55.509178429121
01-Aug-2026 00:30:28,-183.484590038166,-55.3776030916506,0,26,26,26,2,-55.3776030916506
01-Aug-2026 00:30:30,-183.345841452257,-55.2388545057412,0,26,26,26,2,-55.2388545057412
01-Aug-2026 00:30:32,-183.261339529907,-55.1543525833908,0,26,26,26,2,-55.1543525833908
01-Aug-2026 00:30:34,-181.084137610184,-52.9771506636678,0,26,26,26,4,-52.9771506636678
01-Aug-2026 00:30:36,-147.495721581513,-19.3887346349968,0,26,26,26,5,-19.3887346349968
01-Aug-2026 00:30:38,-148.413509113478,-20.3065221669618,0,26,26,26,6,-20.3065221669618
01-Aug-2026 00:30:40,-149.580667911032,-21.4736809645158,0,26,26,26,7,-21.4736809645158
01-Aug-2026 00:30:42,-150.439832768071,-22.3328458215553,0,26,26,26,7,-22.3328458215553
01-Aug-2026 00:30:44,-150.783100275386,-22.6761133288706,0,25,25,25,5,-22.6761133288706
01-Aug-2026 00:30:46,-151.766722449506,-23.6597355029903,0,24,24,24,4,-23.6597355029903
01-Aug-2026 00:30:48,-152.600564021314,-24.4935770747982,0,24,24,24,4,-24.4935770747982
01-Aug-2026 00:30:50,-153.02437318481,-24.9173862382939,0,24,24,24,4,-24.9173862382939
01-Aug-2026 00:30:52,-153.273093836852,-25.1661068903366,0,24,24,24,4,-25.1661068903366
01-Aug-2026 00:30:54,-153.834358226927,-25.7273712804113,0,24,24,24,5,-25.7273712804113
01-Aug-2026 00:30:56,-166.106807969972,-37.9998210234564,0,24,24,24,4,-37.9998210234564
01-Aug-2026 00:30:58,-165.751875241646,-37.6448882951301,0,24,24,24,5,-37.6448882951301
01-Aug-2026 00:31:00,-165.502117631236,-37.3951306847204,0,24,24,24,5,-37.3951306847204
01-Aug-2026 00:31:02,-164.956730277976,-36.8497433314599,0,24,24,24,6,-36.8497433314599
01-Aug-2026 00:31:04,-164.429777948188,-36.3227910016718,0,24,24,24,6,-36.3227910016718
01-Aug-2026 00:31:06,-164.450674078336,-36.3436871318199,0,24,24,24,5,-36.3436871318199
01-Aug-2026 00:31:08,-164.468260525021,-36.3612735785055,0,24,24,24,4,-36.3612735785055
01-Aug-2026 00:31:10,-164.577300694289,-36.4703137477732,0,24,24,24,4,-36.4703137477732
01-Aug-2026 00:31:12,-165.040776002518,-36.933789056002,0,26,26,26,4,-36.933789056002
01-Aug-2026 00:31:14,-164.824367241998,-36.7173802954824,0,26,26,26,5,-36.7173802954824
01-Aug-2026 00:31:16,-164.192791239964,-36.0858042934479,0,26,26,26,5,-36.0858042934479
01-Aug-2026 00:31:18,-163.820585145587,-35.7135981990707,0,26,26,26,3,-35.7135981990707
01-Aug-2026 00:31:20,-163.602838470749,-35.4958515242331,0,26,26,26,3,-35.4958515242331
01-Aug-2026 00:31:22,-162.708812902813,-34.6018259562972,0,26,26,26,3,-34.6018259562972
01-Aug-2026 00:31:24,-163.042898119075,-34.935911172559,0,26,26,26,3,-34.935911172559
01-Aug-2026 00:31:26,-163.124755146218,-35.0177681997025,0,26,26,26,4,-35.0177681997025
01-Aug-2026 00:31:28,-162.777143577402,-34.6701566308859,0,26,26,26,4,-34.6701566308859
01-Aug-2026 00:31:30,-163.318915468703,-35.2119285221867,0,26,26,26,5,-35.2119285221867
01-Aug-2026 00:31:32,-163.024478467136,-34.91749152062,0,26,26,26,6,-34.91749152062
01-Aug-2026 00:31:34,-162.960921271197,-34.8539343246809,0,27,27,27,7,-34.8539343246809
01-Aug-2026 00:31:36,-174.291132266407,-46.1841453198913,0,27,27,27,7,-46.1841453198913
01-Aug-2026 00:31:38,-174.504686758034,-46.3976998115186,0,27,27,27,6,-46.3976998115186
01-Aug-2026 00:31:40,-174.974341632072,-46.8673546855563,0,27,27,27,7,-46.8673546855563
01-Aug-2026 00:31:42,-175.065212699956,-46.9582257534402,0,28,28,28,7,-46.9582257534402
01-Aug-2026 00:31:44,-174.4642699774,-46.3572830308844,0,28,28,28,6,-46.3572830308844
01-Aug-2026 00:31:46,-181.01422031246,-52.9072333659437,0,28,28,28,6,-52.9072333659437
01-Aug-2026 00:31:48,-177.994601499262,-49.8876145527457,0,28,28,28,7,-49.8876145527457
01-Aug-2026 00:31:50,-178.478247345504,-50.3712603989885,0,27,27,27,6,-50.3712603989885
01-Aug-2026 00:31:52,-177.314290195201,-49.2073032486848,0,27,27,27,7,-49.2073032486848
01-Aug-2026 00:31:54,-178.675660633208,-50.5686736866926,0,27,27,27,5,-50.5686736866926
01-Aug-2026 00:31:56,-178.425873987308,-50.3188870407919,0,27,27,27,5,-50.3188870407919
01-Aug-2026 00:31:58,-178.761770341446,-50.6547833949298,0,28,28,28,6,-50.6547833949298
01-Aug-2026 00:32:00,-178.725048657051,-50.6180617105347,0,28,28,28,6,-50.6180617105347
01-Aug-2026 00:32:02,-178.85522697327,-50.7482400267545,0,28,28,28,6,-50.7482400267545
01-Aug-2026 00:32:04,-179.147458722029,-51.0404717755129,0,27,27,27,5,-51.0404717755129
01-Aug-2026 00:32:06,-181.679021655039,-53.5720347085229,0,27,27,27,4,-53.5720347085229
01-Aug-2026 00:32:08,-181.356277319769,-53.2492903732532,0,27,27,27,5,-53.2492903732532
01-Aug-2026 00:32:10,-181.486251328579,-53.3792643820629,0,27,27,27,5,-53.3792643820629
01-Aug-2026 00:32:12,-178.587769587258,-50.480782640742,0,28,28,28,8,-50.480782640742
01-Aug-2026 00:32:14,-180.8367367359,-52.7297497893845,0,27,27,27,6,-52.7297497893845
01-Aug-2026 00:32:16,-183.743258934091,-55.6362719875746,0,27,27,27,6,-55.6362719875746
01-Aug-2026 00:32:18,-183.643058955392,-55.5360720088766,0,26,26,26,6,-55.5360720088766
01-Aug-2026 00:32:20,-177.577493182456,-49.47050623594,0,26,26,26,6,-49.47050623594
01-Aug-2026 00:32:22,-177.397443285772,-49.2904563392563,0,25,25,25,5,-49.2904563392563
01-Aug-2026 00:32:24,-176.578090297977,-48.4711033514616,0,25,25,25,6,-48.4711033514616
01-Aug-2026 00:32:26,-176.631798951437,-48.5248120049207,0,25,25,25,5,-48.5248120049207
01-Aug-2026 00:32:28,-176.788904844982,-48.6819178984661,0,25,25,25,5,-48.6819178984661
01-Aug-2026 00:32:30,-176.533747229977,-48.4267602834613,0,25,25,25,5,-48.4267602834613
01-Aug-2026 00:32:32,-176.21587916445,-48.1088922179345,0,25,25,25,5,-48.1088922179345
01-Aug-2026 00:32:34,-176.090491661082,-47.9835047145665,0,25,25,25,5,-47.9835047145665
01-Aug-2026 00:32:36,-184.190729744234,-56.0837427977186,0,25,25,25,5,-56.0837427977186
01-Aug-2026 00:32:38,-182.838812854122,-54.7318259076062,0,25,25,25,6,-54.7318259076062
01-Aug-2026 00:32:40,-182.8007928632,-54.6938059166843,0,25,25,25,6,-54.6938059166843
01-Aug-2026 00:32:42,-183.108075046484,-55.0010880999685,0,25,25,25,6,-55.0010880999685
01-Aug-2026 00:32:44,-183.328886358337,-55.2218994118214,0,25,25,25,5,-55.2218994118214
01-Aug-2026 00:32:46,-183.37545781882,-55.2684708723044,0,25,25,25,5,-55.2684708723044
01-Aug-2026 00:32:48,-185.363466940711,-57.2564799941956,0,25,25,25,4,-57.2564799941956
01-Aug-2026 00:32:50,-185.834206068072,-57.7272191215557,0,25,25,25,3,-57.7272191215557
01-Aug-2026 00:32:52,-186.198202084915,-58.0912151383993,0,25,25,25,3,-58.0912151383993
01-Aug-2026 00:32:54,-186.244005984392,-58.137019037876,0,26,26,26,3,-58.137019037876
01-Aug-2026 00:32:56,-186.546971353686,-58.4399844071705,0,26,26,26,3,-58.4399844071705
01-Aug-2026 00:32:58,-182.284883245978,-54.1778962994626,0,26,26,26,4,-54.1778962994626
01-Aug-2026 00:33:00,-182.272492852386,-54.1655059058703,0,26,26,26,5,-54.1655059058703
01-Aug-2026 00:33:02,-182.373469637211,-54.2664826906953,0,26,26,26,5,-54.2664826906953
01-Aug-2026 00:33:04,-187.047708383666,-58.9407214371506,0,26,26,26,3,-58.9407214371506
01-Aug-2026 00:33:06,-187.328843526283,-59.2218565797667,0,26,26,26,3,-59.2218565797667
01-Aug-2026 00:33:08,-186.538690652393,-58.4317037058774,0,26,26,26,4,-58.4317037058774
01-Aug-2026 00:33:10,-184.844651076538,-56.737664130022,0,26,26,26,5,-56.737664130022
01-Aug-2026 00:33:12,-186.76683560853,-58.6598486620146,0,26,26,26,4,-58.6598486620146
01-Aug-2026 00:33:14,-188.331838372539,-60.224851426023,0,26,26,26,3,-60.224851426023
01-Aug-2026 00:33:16,-188.129172210692,-60.0221852641764,0,26,26,26,3,-60.0221852641764
01-Aug-2026 00:33:18,-185.394835719364,-57.2878487728483,0,27,27,27,4,-57.2878487728483
01-Aug-2026 00:33:20,-185.163091895405,-57.0561049488893,0,27,27,27,4,-57.0561049488893
01-Aug-2026 00:33:22,-185.428613618568,-57.3216266720524,0,27,27,27,4,-57.3216266720524
01-Aug-2026 00:33:24,-185.185645453076,-57.0786585065599,0,27,27,27,4,-57.0786585065599
01-Aug-2026 00:33:26,-186.266754971928,-58.1597680254121,0,27,27,27,3,-58.1597680254121
01-Aug-2026 00:33:28,-186.560554285817,-58.4535673393014,0,27,27,27,3,-58.4535673393014
01-Aug-2026 00:33:30,-168.097496523771,-39.9905095772549,0,27,27,27,5,-39.9905095772549
01-Aug-2026 00:33:32,-168.742497262442,-40.6355103159265,0,27,27,27,5,-40.6355103159265
01-Aug-2026 00:33:34,-185.588051510993,-57.4810645644767,0,28,28,28,4,-57.4810645644767
01-Aug-2026 00:33:36,-184.585034086906,-56.4780471403902,0,28,28,28,5,-56.4780471403902
01-Aug-2026 00:33:38,-183.442824215713,-55.3358372691972,0,28,28,28,6,-55.3358372691972
01-Aug-2026 00:33:40,-183.344767992844,-55.2377810463282,0,28,28,28,6,-55.2377810463282
01-Aug-2026 00:33:42,-183.394029324993,-55.2870423784771,0,29,29,29,6,-55.2870423784771
01-Aug-2026 00:33:44,-182.538290410614,-54.4313034640981,0,29,29,29,7,-54.4313034640981
01-Aug-2026 00:33:46,-182.538159198385,-54.431172251869,0,29,29,29,7,-54.431172251869
01-Aug-2026 00:33:48,-182.881639826167,-54.774652879651,0,29,29,29,6,-54.774652879651
01-Aug-2026 00:33:50,-164.829350012041,-36.7223630655248,0,29,29,29,7,-36.7223630655248
01-Aug-2026 00:33:52,-164.229109734469,-36.1221227879533,0,29,29,29,6,-36.1221227879533
01-Aug-2026 00:33:54,-164.606813363453,-36.4998264169368,0,28,28,28,5,-36.4998264169368
01-Aug-2026 00:33:56,-164.248501868513,-36.1415149219973,0,29,29,29,5,-36.1415149219973
01-Aug-2026 00:33:58,-164.298704995463,-36.1917180489471,0,28,28,28,5,-36.1917180489471
01-Aug-2026 00:34:00,-164.262900399787,-36.1559134532711,0,28,28,28,5,-36.1559134532711
01-Aug-2026 00:34:02,-164.603194634183,-36.4962076876666,0,28,28,28,5,-36.4962076876666
01-Aug-2026 00:34:04,-163.775177919364,-35.6681909728483,0,28,28,28,5,-35.6681909728483
01-Aug-2026 00:34:06,-163.958145294443,-35.8511583479273,0,28,28,28,5,-35.8511583479273
01-Aug-2026 00:34:08,-163.671850078926,-35.5648631324106,0,28,28,28,6,-35.5648631324106
01-Aug-2026 00:34:10,-163.074526583201,-34.9675396366849,0,28,28,28,6,-34.9675396366849
01-Aug-2026 00:34:12,-162.518152070298,-34.4111651237825,0,28,28,28,8,-34.4111651237825
01-Aug-2026 00:34:14,-162.445280003837,-34.3382930573209,0,28,28,28,7,-34.3382930573209
01-Aug-2026 00:34:16,-161.865784789698,-33.7587978431824,0,27,27,27,4,-33.7587978431824
01-Aug-2026 00:34:18,-161.524820741116,-33.4178337946005,0,26,26,26,3,-33.4178337946005
01-Aug-2026 00:34:20,-187.209788273961,-59.1028013274456,0,26,26,26,2,-59.1028013274456
01-Aug-2026 00:34:22,-187.021224979985,-58.9142380334689,0,26,26,26,2,-58.9142380334689
01-Aug-2026 00:34:24,-192.882773467269,-64.7757865207534,0,26,26,26,1,-64.7757865207534
01-Aug-2026 00:34:26,-192.446248077285,-64.3392611307696,0,26,26,26,1,-64.3392611307696
01-Aug-2026 00:34:28,-191.869949242877,-63.7629622963612,0,26,26,26,1,-63.7629622963612
01-Aug-2026 00:34:30,-184.864541075707,-56.7575541291907,0,25,25,25,3,-56.7575541291907
01-Aug-2026 00:34:32,-184.778222618827,-56.6712356723116,0,25,25,25,3,-56.6712356723116
01-Aug-2026 00:34:34,-184.296150806384,-56.1891638598684,0,25,25,25,3,-56.1891638598684
01-Aug-2026 00:34:36,-185.782542852712,-57.675555906196,0,24,24,24,1,-57.675555906196
01-Aug-2026 00:34:38,-3076.52655568589,-2948.41956873937,0,24,24,24,0,-2948.41956873937
01-Aug-2026 00:34:40,-189.738585772961,-61.6315988264451,0,24,24,24,1,-61.6315988264451
01-Aug-2026 00:34:42,-187.947883438088,-59.8408964915722,0,24,24,24,2,-59.8408964915722
01-Aug-2026 00:34:44,-189.96440357442,-61.857416627904,0,24,24,24,1,-61.857416627904
01-Aug-2026 00:34:46,-190.279992975868,-62.1730060293518,0,25,25,25,1,-62.1730060293518
01-Aug-2026 00:34:48,-176.929447463042,-48.8224605165258,0,25,25,25,2,-48.8224605165258
01-Aug-2026 00:34:50,-176.773835451487,-48.6668485049714,0,25,25,25,2,-48.6668485049714
01-Aug-2026 00:34:52,-163.268736986428,-35.161750039912,0,25,25,25,3,-35.161750039912
01-Aug-2026 00:34:54,-162.982719986289,-34.8757330397732,0,25,25,25,4,-34.8757330397732
01-Aug-2026 00:34:56,-162.941203835329,-34.8342168888132,0,25,25,25,5,-34.8342168888132
01-Aug-2026 00:34:58,-163.314270508957,-35.2072835624413,0,25,25,25,5,-35.2072835624413
01-Aug-2026 00:35:00,-164.013862926107,-35.9068759795916,0,25,25,25,6,-35.9068759795916
01-Aug-2026 00:35:02,-163.891527739733,-35.7845407932168,0,25,25,25,5,-35.7845407932168
01-Aug-2026 00:35:04,-163.686230785675,-35.5792438391593,0,25,25,25,5,-35.5792438391593
01-Aug-2026 00:35:06,-163.674593478112,-35.5676065315957,0,25,25,25,5,-35.5676065315957
01-Aug-2026 00:35:08,-163.304271156808,-35.1972842102922,0,25,25,25,5,-35.1972842102922
01-Aug-2026 00:35:10,-161.198157933821,-33.091170987305,0,26,26,26,7,-33.091170987305
01-Aug-2026 00:35:12,-161.689230374953,-33.5822434284373,0,26,26,26,7,-33.5822434284373
01-Aug-2026 00:35:14,-160.892859166035,-32.7858722195191,0,26,26,26,7,-32.7858722195191
01-Aug-2026 00:35:16,-160.423998592806,-32.31701164629,0,26,26,26,6,-32.31701164629
01-Aug-2026 00:35:18,-161.251739835415,-33.1447528888989,0,26,26,26,5,-33.1447528888989
01-Aug-2026 00:35:20,-161.18013397253,-33.0731470260145,0,26,26,26,5,-33.0731470260145
01-Aug-2026 00:35:22,-161.525737642764,-33.4187506962481,0,27,27,27,5,-33.4187506962481
01-Aug-2026 00:35:24,-161.390266002216,-33.2832790557001,0,27,27,27,5,-33.2832790557001
01-Aug-2026 00:35:26,-161.323721217576,-33.2167342710603,0,27,27,27,5,-33.2167342710603
01-Aug-2026 00:35:28,-161.580940203666,-33.4739532571496,0,27,27,27,5,-33.4739532571496
01-Aug-2026 00:35:30,-161.706264262453,-33.5992773159368,0,27,27,27,5,-33.5992773159368
01-Aug-2026 00:35:32,-163.823271057578,-35.7162841110618,0,27,27,27,5,-35.7162841110618
01-Aug-2026 00:35:34,-163.631533190339,-35.5245462438229,0,28,28,28,6,-35.5245462438229
01-Aug-2026 00:35:36,-164.139768534118,-36.0327815876022,0,27,27,27,7,-36.0327815876022
01-Aug-2026 00:35:38,-163.642428303981,-35.5354413574655,0,27,27,27,7,-35.5354413574655
01-Aug-2026 00:35:40,-163.340968949442,-35.233982002926,0,27,27,27,7,-35.233982002926
01-Aug-2026 00:35:42,-163.185169415856,-35.07818246934,0,27,27,27,7,-35.07818246934
01-Aug-2026 00:35:44,-163.557006067531,-35.4500191210147,0,27,27,27,8,-35.4500191210147
01-Aug-2026 00:35:46,-164.841493615436,-36.7345066689205,0,27,27,27,7,-36.7345066689205
01-Aug-2026 00:35:48,-164.809098023851,-36.7021110773353,0,27,27,27,8,-36.7021110773353
01-Aug-2026 00:35:50,-165.232412449723,-37.1254255032071,0,28,28,28,7,-37.1254255032071
01-Aug-2026 00:35:52,-165.064868019854,-36.9578810733386,0,28,28,28,7,-36.9578810733386
01-Aug-2026 00:35:54,-165.245269718973,-37.1382827724568,0,27,27,27,7,-37.1382827724568
01-Aug-2026 00:35:56,-165.512645907508,-37.4056589609926,0,27,27,27,7,-37.4056589609926
01-Aug-2026 00:35:58,-165.090318016962,-36.9833310704465,0,27,27,27,9,-36.9833310704465
01-Aug-2026 00:36:00,-165.873632537962,-37.7666455914461,0,28,28,28,9,-37.7666455914461
01-Aug-2026 00:36:02,-166.580198798759,-38.4732118522434,0,28,28,28,8,-38.4732118522434
01-Aug-2026 00:36:04,-167.688275703605,-39.5812887570888,0,28,28,28,6,-39.5812887570888
01-Aug-2026 00:36:06,-167.385734112393,-39.2787471658773,0,28,28,28,5,-39.2787471658773
01-Aug-2026 00:36:08,-166.921727651007,-38.8147407044908,0,28,28,28,5,-38.8147407044908
01-Aug-2026 00:36:10,-177.456279962867,-49.3492930163508,0,26,26,26,4,-49.3492930163508
01-Aug-2026 00:36:12,-176.88392879694,-48.7769418504239,0,26,26,26,5,-48.7769418504239
01-Aug-2026 00:36:14,-176.447156713182,-48.3401697666661,0,26,26,26,6,-48.3401697666661
01-Aug-2026 00:36:16,-176.514447080586,-48.4074601340705,0,25,25,25,6,-48.4074601340705
01-Aug-2026 00:36:18,-167.630960915244,-39.5239739687285,0,25,25,25,6,-39.5239739687285
01-Aug-2026 00:36:20,-167.644842548915,-39.5378556023988,0,25,25,25,6,-39.5378556023988
01-Aug-2026 00:36:22,-167.980426751934,-39.8734398054179,0,25,25,25,6,-39.8734398054179
01-Aug-2026 00:36:24,-167.110314350856,-39.0033274043401,0,25,25,25,7,-39.0033274043401
01-Aug-2026 00:36:26,-166.278227234197,-38.1712402876808,0,25,25,25,6,-38.1712402876808
01-Aug-2026 00:36:28,-166.268677971988,-38.1616910254718,0,25,25,25,7,-38.1616910254718
01-Aug-2026 00:36:30,-166.254933708777,-38.1479467622616,0,25,25,25,7,-38.1479467622616
01-Aug-2026 00:36:32,-165.729237624662,-37.6222506781457,0,25,25,25,6,-37.6222506781457
01-Aug-2026 00:36:34,-165.741364658601,-37.6343777120853,0,25,25,25,6,-37.6343777120853
01-Aug-2026 00:36:36,-164.777635266989,-36.6706483204727,0,25,25,25,6,-36.6706483204727
01-Aug-2026 00:36:38,-164.611647816425,-36.5046608699095,0,25,25,25,6,-36.5046608699095
01-Aug-2026 00:36:40,-164.425290482776,-36.3183035362603,0,25,25,25,6,-36.3183035362603
01-Aug-2026 00:36:42,-164.228291528327,-36.1213045818113,0,25,25,25,5,-36.1213045818113
01-Aug-2026 00:36:44,-173.373426785687,-45.266439839171,0,25,25,25,4,-45.266439839171
01-Aug-2026 00:36:46,-173.026188024621,-44.9192010781055,0,25,25,25,4,-44.9192010781055
01-Aug-2026 00:36:48,-173.205138407074,-45.0981514605582,0,26,26,26,4,-45.0981514605582
01-Aug-2026 00:36:50,-172.601055603311,-44.4940686567952,0,26,26,26,4,-44.4940686567952
01-Aug-2026 00:36:52,-171.973849140182,-43.866862193666,0,26,26,26,6,-43.866862193666
01-Aug-2026 00:36:54,-172.073572663664,-43.9665857171478,0,26,26,26,6,-43.9665857171478
01-Aug-2026 00:36:56,-171.856622004717,-43.7496350582009,0,26,26,26,6,-43.7496350582009
01-Aug-2026 00:36:58,-172.230749287728,-44.1237623412125,0,26,26,26,5,-44.1237623412125
01-Aug-2026 00:37:00,-172.123514091442,-44.0165271449259,0,26,26,26,4,-44.0165271449259
01-Aug-2026 00:37:02,-171.82702305106,-43.7200361045439,0,26,26,26,5,-43.7200361045439
01-Aug-2026 00:37:04,-181.20400509006,-53.0970181435443,0,26,26,26,4,-53.0970181435443
01-Aug-2026 00:37:06,-180.036676687009,-51.9296897404932,0,26,26,26,5,-51.9296897404932
01-Aug-2026 00:37:08,-158.362770569327,-30.2557836228108,0,27,27,27,6,-30.2557836228108
01-Aug-2026 00:37:10,-158.874476926183,-30.7674899796672,0,27,27,27,8,-30.7674899796672
01-Aug-2026 00:37:12,-171.343492413824,-43.2365054673082,0,27,27,27,8,-43.2365054673082
01-Aug-2026 00:37:14,-179.495632796725,-51.3886458502091,0,28,28,28,7,-51.3886458502091
01-Aug-2026 00:37:16,-179.466865539104,-51.359878592588,0,28,28,28,6,-51.359878592588
01-Aug-2026 00:37:18,-179.515881263179,-51.4088943166634,0,28,28,28,5,-51.4088943166634
01-Aug-2026 00:37:20,-179.731843424887,-51.6248564783712,0,28,28,28,5,-51.6248564783712
01-Aug-2026 00:37:22,-179.843731384227,-51.7367444377113,0,27,27,27,5,-51.7367444377113
01-Aug-2026 00:37:24,-179.857812855195,-51.7508259086788,0,27,27,27,6,-51.7508259086788
01-Aug-2026 00:37:26,-180.983042083946,-52.8760551374303,0,27,27,27,6,-52.8760551374303
01-Aug-2026 00:37:28,-180.823657782986,-52.7166708364697,0,27,27,27,6,-52.7166708364697
01-Aug-2026 00:37:30,-180.42820156701,-52.3212146204939,0,27,27,27,7,-19.710861470666
01-Aug-2026 00:37:32,-181.804938175545,-53.6979512290295,0,28,28,28,6,-21.6087118068855
01-Aug-2026 00:37:34,-150.429367009954,-22.3223800634384,0,29,29,29,6,-22.3223800634384
01-Aug-2026 00:37:36,-151.240862337409,-23.1338753908933,0,29,29,29,7,-23.1338753908933
01-Aug-2026 00:37:38,-152.700449887913,-24.5934629413976,0,29,29,29,8,-24.5934629413976
01-Aug-2026 00:37:40,-152.993450016108,-24.8864630695926,0,29,29,29,8,-24.8864630695926
01-Aug-2026 00:37:42,-153.718285171992,-25.6112982254766,0,29,29,29,8,-25.6112982254766
01-Aug-2026 00:37:44,-154.129060718355,-26.0220737718395,0,29,29,29,7,-26.0220737718395
01-Aug-2026 00:37:46,-154.349699902376,-26.2427129558603,0,29,29,29,6,-26.2427129558603
01-Aug-2026 00:37:48,-155.267045549004,-27.1600586024877,0,29,29,29,6,-27.1600586024877
01-Aug-2026 00:37:50,-155.832442122628,-27.7254551761126,0,28,28,28,6,-27.7254551761126
01-Aug-2026 00:37:52,-156.280077802206,-28.1730908556899,0,28,28,28,5,-28.1730908556899
01-Aug-2026 00:37:54,-157.564018857784,-29.457031911268,0,28,28,28,4,-29.457031911268
01-Aug-2026 00:37:56,-157.853809685738,-29.7468227392224,0,28,28,28,5,-29.7468227392224
01-Aug-2026 00:37:58,-157.966975884514,-29.8599889379981,0,28,28,28,5,-29.8599889379981
01-Aug-2026 00:38:00,-166.096283333919,-37.9892963874027,0,28,28,28,4,-37.9892963874027
01-Aug-2026 00:38:02,-166.403083149685,-38.2960962031688,0,28,28,28,4,-38.2960962031688
01-Aug-2026 00:38:04,-166.594429342208,-38.4874423956925,0,28,28,28,3,-38.4874423956925
01-Aug-2026 00:38:06,-166.664236680551,-38.5572497340353,0,27,27,27,3,-38.5572497340353
01-Aug-2026 00:38:08,-166.577699607687,-38.4707126611711,0,27,27,27,3,-38.4707126611711
01-Aug-2026 00:38:10,-172.248034558575,-44.141047612059,0,26,26,26,2,-44.141047612059
01-Aug-2026 00:38:12,-172.145049078546,-44.0380621320297,0,25,25,25,2,-44.0380621320297
01-Aug-2026 00:38:14,-172.597002302071,-44.4900153555556,0,25,25,25,2,-16.5378677810749
01-Aug-2026 00:38:16,-173.05406523912,-44.9470782926039,0,25,25,25,2,-15.748935618258
01-Aug-2026 00:38:18,-172.733300347141,-44.6263134006256,0,25,25,25,3,-16.4222743635761
01-Aug-2026 00:38:20,-172.588560767317,-44.481573820801,0,25,25,25,3,-17.3703232961373
01-Aug-2026 00:38:22,-172.278752970755,-44.1717660242388,0,25,25,25,3,-44.1717660242388
01-Aug-2026 00:38:24,-172.387993286036,-44.2810063395199,0,26,26,26,3,-44.2810063395199
01-Aug-2026 00:38:26,-172.492107928757,-44.3851209822411,0,26,26,26,4,-44.3851209822411
01-Aug-2026 00:38:28,-183.677803065384,-55.570816118868,0,26,26,26,5,-55.570816118868
01-Aug-2026 00:38:30,-179.083311448997,-50.9763245024809,0,25,25,25,7,-50.9763245024809
01-Aug-2026 00:38:32,-179.084152756584,-50.9771658100686,0,25,25,25,7,-50.9771658100686
01-Aug-2026 00:38:34,-179.497905511977,-51.3909185654616,0,25,25,25,6,-51.3909185654616
01-Aug-2026 00:38:36,-166.517236495627,-38.4102495491107,0,25,25,25,6,-38.4102495491107
01-Aug-2026 00:38:38,-166.170014388515,-38.0630274419993,0,25,25,25,5,-38.0630274419993
01-Aug-2026 00:38:40,-166.166795804518,-38.0598088580025,0,25,25,25,4,-38.0598088580025
01-Aug-2026 00:38:42,-166.616772265642,-38.5097853191264,0,25,25,25,4,-38.5097853191264
01-Aug-2026 00:38:44,-167.516769556549,-39.4097826100333,0,25,25,25,3,-39.4097826100333
01-Aug-2026 00:38:46,-168.300479811907,-40.1934928653907,0,25,25,25,4,-40.1934928653907
01-Aug-2026 00:38:48,-153.584229610358,-25.477242663842,0,25,25,25,5,-25.477242663842
01-Aug-2026 00:38:50,-154.663698336316,-26.5567113898004,0,25,25,25,4,-26.5567113898004
01-Aug-2026 00:38:52,-155.144406289338,-27.0374193428226,0,25,25,25,5,-27.0374193428226
01-Aug-2026 00:38:54,-155.608396126704,-27.5014091801884,0,25,25,25,5,-27.5014091801884
01-Aug-2026 00:38:56,-156.094026040659,-27.9870390941429,0,25,25,25,5,-27.9870390941429
01-Aug-2026 00:38:58,-156.361073896203,-28.254086949687,0,25,25,25,4,-28.254086949687
01-Aug-2026 00:39:00,-153.410616338804,-25.3036293922884,0,25,25,25,5,-25.3036293922884
01-Aug-2026 00:39:02,-154.035800232835,-25.9288132863191,0,25,25,25,5,-25.9288132863191
01-Aug-2026 00:39:04,-154.069922394474,-25.962935447958,0,25,25,25,5,-25.962935447958
01-Aug-2026 00:39:06,-154.39687240552,-26.2898854590038,0,25,25,25,5,-26.2898854590038
01-Aug-2026 00:39:08,-154.717743593724,-26.6107566472082,0,25,25,25,5,-26.6107566472082
01-Aug-2026 00:39:10,-155.603956562971,-27.4969696164552,0,27,27,27,7,-27.4969696164552
01-Aug-2026 00:39:12,-156.080437394213,-27.9734504476966,0,27,27,27,8,-27.9734504476966
01-Aug-2026 00:39:14,-156.284954635484,-28.1779676889681,0,27,27,27,8,-28.1779676889681
01-Aug-2026 00:39:16,-156.80297907406,-28.6959921275443,0,27,27,27,10,-28.6959921275443
01-Aug-2026 00:39:18,-157.022358099359,-28.9153711528429,0,27,27,27,11,-28.9153711528429
01-Aug-2026 00:39:20,-159.132106774008,-31.0251198274917,0,27,27,27,11,-31.0251198274917
01-Aug-2026 00:39:22,-165.175501374229,-37.0685144277128,0,27,27,27,11,-37.0685144277128
01-Aug-2026 00:39:24,-165.376528685837,-37.2695417393209,0,27,27,27,10,-37.2695417393209
01-Aug-2026 00:39:26,-165.846980693226,-37.7399937467105,0,27,27,27,10,-37.7399937467105
01-Aug-2026 00:39:28,-174.140703520225,-46.0337165737092,0,27,27,27,10,-46.0337165737092
01-Aug-2026 00:39:30,-176.308107453984,-48.2011205074682,0,27,27,27,8,-48.2011205074682
01-Aug-2026 00:39:32,-175.088955920194,-46.9819689736777,0,27,27,27,9,-46.9819689736777
01-Aug-2026 00:39:34,-176.023739705162,-47.9167527586458,0,27,27,27,6,-47.9167527586458
01-Aug-2026 00:39:36,-178.143352575983,-50.0363656294672,0,27,27,27,5,-50.0363656294672
01-Aug-2026 00:39:38,-177.98396474943,-49.8769778029143,0,27,27,27,6,-49.8769778029143
01-Aug-2026 00:39:40,-177.649647503299,-49.542660556783,0,27,27,27,6,-49.542660556783
01-Aug-2026 00:39:42,-177.541788836369,-49.4348018898536,0,28,28,28,6,-49.4348018898536
01-Aug-2026 00:39:44,-177.144702549945,-49.0377156034288,0,28,28,28,6,-49.0377156034288
01-Aug-2026 00:39:46,-176.86192145077,-48.7549345042545,0,28,28,28,5,-48.7549345042545
01-Aug-2026 00:39:48,-176.857801000069,-48.7508140535533,0,28,28,28,5,-48.7508140535533
01-Aug-2026 00:39:50,-176.348755802471,-48.2417688559554,0,28,28,28,5,-48.2417688559554
01-Aug-2026 00:39:52,-176.494802150662,-48.3878152041466,0,28,28,28,5,-48.3878152041466
01-Aug-2026 00:39:54,-176.23974681069,-48.1327598641743,0,28,28,28,5,-48.1327598641743
01-Aug-2026 00:39:56,-176.493964162268,-48.3869772157521,0,28,28,28,5,-48.3869772157521
01-Aug-2026 00:39:58,-176.363738668197,-48.256751721681,0,27,27,27,4,-48.256751721681
01-Aug-2026 00:40:00,-176.525810277967,-48.4188233314509,0,27,27,27,4,-48.4188233314509
01-Aug-2026 00:40:02,-175.674754166181,-47.5677672196655,0,26,26,26,4,-47.5677672196655
01-Aug-2026 00:40:04,-175.178417892585,-47.0714309460694,0,26,26,26,4,-47.0714309460694
01-Aug-2026 00:40:06,-174.25375394596,-46.1467669994446,0,26,26,26,6,-46.1467669994446
01-Aug-2026 00:40:08,-173.523702991748,-45.4167160452325,0,26,26,26,6,-45.4167160452325
01-Aug-2026 00:40:10,-179.428836757735,-51.3218498112194,0,26,26,26,5,-51.3218498112194
01-Aug-2026 00:40:12,-177.995649765431,-49.888662818915,0,26,26,26,5,-49.888662818915
01-Aug-2026 00:40:14,-177.772694520025,-49.6657075735091,0,26,26,26,6,-49.6657075735091
01-Aug-2026 00:40:16,-177.593290580867,-49.4863036343507,0,26,26,26,7,-49.4863036343507
01-Aug-2026 00:40:18,-177.806972950663,-49.6999860041471,0,25,25,25,7,-49.6999860041471
01-Aug-2026 00:40:20,-178.095036578389,-49.988049631873,0,25,25,25,7,-49.988049631873
01-Aug-2026 00:40:22,-177.734717894573,-49.627730948057,0,25,25,25,7,-49.627730948057
01-Aug-2026 00:40:24,-178.202046603318,-50.0950596568017,0,25,25,25,6,-50.0950596568017
01-Aug-2026 00:40:26,-178.231793698296,-50.12480675178,0,25,25,25,6,-50.12480675178
01-Aug-2026 00:40:28,-178.503004939896,-50.3960179933802,0,25,25,25,6,-50.3960179933802
01-Aug-2026 00:40:30,-178.778181662257,-50.6711947157415,0,25,25,25,6,-50.6711947157415
01-Aug-2026 00:40:32,-168.172860223773,-40.0658732772575,0,25,25,25,7,-40.0658732772575
01-Aug-2026 00:40:34,-158.665172715981,-30.5581857694654,0,25,25,25,7,-30.5581857694654
01-Aug-2026 00:40:36,-157.924835425813,-29.8178484792971,0,25,25,25,6,-29.8178484792971
01-Aug-2026 00:40:38,-157.376885970323,-29.2698990238069,0,25,25,25,6,-29.2698990238069
01-Aug-2026 00:40:40,-156.26976330343,-28.1627763569137,0,26,26,26,6,-28.1627763569137
01-Aug-2026 00:40:42,-155.595522242668,-27.4885352961525,0,26,26,26,7,-27.4885352961525
01-Aug-2026 00:40:44,-167.360811680065,-39.253824733549,0,26,26,26,5,-39.253824733549
01-Aug-2026 00:40:46,-166.68511553885,-38.5781285923338,0,26,26,26,5,-38.5781285923338
01-Aug-2026 00:40:48,-166.064603452584,-37.9576165060677,0,26,26,26,5,-37.9576165060677
01-Aug-2026 00:40:50,-165.982671156699,-37.8756842101834,0,26,26,26,6,-37.8756842101834
01-Aug-2026 00:40:52,-165.477956782968,-37.370969836452,0,26,26,26,6,-37.370969836452
01-Aug-2026 00:40:54,-165.10065199574,-36.9936650492246,0,26,26,26,6,-36.9936650492246
01-Aug-2026 00:40:56,-165.15169499005,-37.0447080435341,0,27,27,27,6,-37.0447080435341
01-Aug-2026 00:40:58,-164.525411781647,-36.418424835131,0,27,27,27,6,-36.418424835131
01-Aug-2026 00:41:00,-163.887446005596,-35.7804590590803,0,27,27,27,6,-35.7804590590803
01-Aug-2026 00:41:02,-164.339785892388,-36.2327989458723,0,27,27,27,6,-36.2327989458723
01-Aug-2026 00:41:04,-163.743237880088,-35.6362509335717,0,27,27,27,8,-35.6362509335717
01-Aug-2026 00:41:06,-163.723700589237,-35.6167136427207,0,27,27,27,8,-35.6167136427207
01-Aug-2026 00:41:08,-163.178583833798,-35.0715968872823,0,27,27,27,8,-35.0715968872823
01-Aug-2026 00:41:10,-162.745833933312,-34.6388469867962,0,27,27,27,8,-34.6388469867962
01-Aug-2026 00:41:12,-162.517146183232,-34.4101592367165,0,27,27,27,8,-34.4101592367165
01-Aug-2026 00:41:14,-162.204930208856,-34.0979432623399,0,27,27,27,8,-34.0979432623399
01-Aug-2026 00:41:16,-162.016817690059,-33.9098307435434,0,27,27,27,8,-33.9098307435434
01-Aug-2026 00:41:18,-161.777794730916,-33.6708077843998,0,27,27,27,7,-33.6708077843998
01-Aug-2026 00:41:20,-176.441335786012,-48.334348839496,0,28,28,28,7,-48.334348839496
01-Aug-2026 00:41:22,-176.516165047765,-48.409178101249,0,28,28,28,6,-48.409178101249
01-Aug-2026 00:41:24,-175.391544710953,-47.284557764437,0,29,29,29,8,-47.284557764437
01-Aug-2026 00:41:26,-175.007968451176,-46.9009815046601,0,29,29,29,9,-46.9009815046601
01-Aug-2026 00:41:28,-175.45383217142,-47.346845224904,0,29,29,29,9,-47.346845224904
01-Aug-2026 00:41:30,-175.26288641739,-47.155899470874,0,29,29,29,8,-47.155899470874
01-Aug-2026 00:41:32,-175.529511934639,-47.4225249881233,0,29,29,29,9,-47.4225249881233
01-Aug-2026 00:41:34,-175.47142024074,-47.364433294224,0,29,29,29,8,-47.364433294224
01-Aug-2026 00:41:36,-175.54079239688,-47.4338054503642,0,28,28,28,8,-47.4338054503642
01-Aug-2026 00:41:38,-175.671716166535,-47.5647292200191,0,29,29,29,8,-47.5647292200191
01-Aug-2026 00:41:40,-175.61520270687,-47.5082157603539,0,28,28,28,8,-47.5082157603539
01-Aug-2026 00:41:42,-175.591114808471,-47.4841278619556,0,28,28,28,9,-47.4841278619556
01-Aug-2026 00:41:44,-175.591901553478,-47.4849146069626,0,28,28,28,9,-47.4849146069626
01-Aug-2026 00:41:46,-175.500684774441,-47.3936978279249,0,28,28,28,9,-47.3936978279249
01-Aug-2026 00:41:48,-175.300944405917,-47.1939574594011,0,28,28,28,9,-47.1939574594011
01-Aug-2026 00:41:50,-175.113387132747,-47.006400186231,0,28,28,28,10,-47.006400186231
01-Aug-2026 00:41:52,-176.092507758043,-47.9855208115269,0,28,28,28,9,-47.9855208115269
01-Aug-2026 00:41:54,-176.990571752859,-48.8835848063428,0,26,26,26,7,-48.8835848063428
01-Aug-2026 00:41:56,-176.840701178258,-48.7337142317425,0,26,26,26,8,-48.7337142317425
01-Aug-2026 00:41:58,-176.819730976623,-48.7127440301074,0,26,26,26,8,-5.54884125111283
01-Aug-2026 00:42:00,-176.655840145994,-48.5488531994783,0,26,26,26,8,-48.5488531994783
01-Aug-2026 00:42:02,-176.537962855924,-48.4309759094078,0,26,26,26,7,-48.4309759092597
01-Aug-2026 00:42:04,-178.180085967171,-50.0730990206551,0,26,26,26,6,-50.0730990206551
01-Aug-2026 00:42:06,-178.414299948046,-50.3073130015298,0,26,26,26,4,-50.3073130015298
01-Aug-2026 00:42:08,-172.860111823261,-44.7531248767447,0,26,26,26,5,-44.7531248767447
01-Aug-2026 00:42:10,-161.929689381536,-33.8227024350199,0,26,26,26,6,-33.8227024350199
01-Aug-2026 00:42:12,-162.362407928214,-34.2554209816979,0,26,26,26,5,-34.2554209816979
01-Aug-2026 00:42:14,-162.745388757895,-34.6384018113795,0,26,26,26,4,-34.6384018113795
01-Aug-2026 00:42:16,-163.28894487262,-35.181957926104,0,26,26,26,6,-35.181957926104
01-Aug-2026 00:42:18,-163.248735156001,-35.1417482094849,0,26,26,26,7,-35.1417482094849
01-Aug-2026 00:42:20,-162.61780844509,-34.5108214985739,0,26,26,26,7,-34.5108214985739
01-Aug-2026 00:42:22,-162.636428714707,-34.5294417681908,0,25,25,25,6,-34.5294417681908
01-Aug-2026 00:42:24,-163.197605191787,-35.0906182452713,0,25,25,25,5,-35.0906182452713
01-Aug-2026 00:42:26,-163.679043947946,-35.5720570014306,0,25,25,25,5,-35.5720570014306
01-Aug-2026 00:42:28,-163.811387827746,-35.70440088123,0,25,25,25,5,-35.70440088123
01-Aug-2026 00:42:30,-164.018555689744,-35.9115687432286,0,25,25,25,5,-35.9115687432286
01-Aug-2026 00:42:32,-163.678959863624,-35.5719729171078,0,25,25,25,5,-35.5719729171078
01-Aug-2026 00:42:34,-163.681738920258,-35.5747519737418,0,25,25,25,5,-35.5747519737418
01-Aug-2026 00:42:36,-163.679887429515,-35.5729004829988,0,25,25,25,5,-35.5729004829988
01-Aug-2026 00:42:38,-163.889396377301,-35.782409430785,0,25,25,25,5,-35.782409430785
01-Aug-2026 00:42:40,-164.036744526961,-35.9297575804456,0,25,25,25,5,-35.9297575804456
01-Aug-2026 00:42:42,-163.998108284881,-35.8911213383647,0,25,25,25,5,-35.8911213383647
01-Aug-2026 00:42:44,-163.862242600282,-35.755255653766,0,25,25,25,5,-35.755255653766
01-Aug-2026 00:42:46,-163.545435842758,-35.438448896242,0,25,25,25,5,-35.438448896242
01-Aug-2026 00:42:48,-162.704875177689,-34.5978882311732,0,25,25,25,6,-34.5978882311732
01-Aug-2026 00:42:50,-162.750796309482,-34.6438093629666,0,25,25,25,6,-34.6438093629666
01-Aug-2026 00:42:52,-163.310534277724,-35.2035473312085,0,25,25,25,7,-35.2035473312085
01-Aug-2026 00:42:54,-163.573706305995,-35.4667193594796,0,25,25,25,8,-35.4667193594796
01-Aug-2026 00:42:56,-154.823020400082,-26.7160334535663,0,25,25,25,10,-26.7160334535663
01-Aug-2026 00:42:58,-155.158914836715,-27.0519278901988,0,25,25,25,10,-27.0519278901988
01-Aug-2026 00:43:00,-154.879532903302,-26.7725459567866,0,26,26,26,10,-26.7725459567866
01-Aug-2026 00:43:02,-154.78287846066,-26.6758915141442,0,26,26,26,10,-26.6758915141442
01-Aug-2026 00:43:04,-154.492737291172,-26.3857503446557,0,26,26,26,10,-26.3857503446557
01-Aug-2026 00:43:06,-154.54912260406,-26.4421356575443,0,26,26,26,9,-26.4421356575443
01-Aug-2026 00:43:08,-154.556732492793,-26.4497455462769,0,26,26,26,9,-26.4497455462769
01-Aug-2026 00:43:10,-165.306844152196,-37.1998572056805,0,25,25,25,6,-37.1998572056805
01-Aug-2026 00:43:12,-165.545530510419,-37.4385435639032,0,26,26,26,4,-37.4385435639032
01-Aug-2026 00:43:14,-165.779062387494,-37.6720754409783,0,26,26,26,4,-37.6720754409783
01-Aug-2026 00:43:16,-166.169404397447,-38.0624174509312,0,27,27,27,4,-38.0624174509312
01-Aug-2026 00:43:18,-170.16171349586,-42.0547265493446,0,27,27,27,3,-42.0547265493446
01-Aug-2026 00:43:20,-170.045984864368,-41.9389979178521,0,27,27,27,3,-41.9389979178521
01-Aug-2026 00:43:22,-169.694708348529,-41.5877214020133,0,27,27,27,4,-41.5877214020133
01-Aug-2026 00:43:24,-169.766034800453,-41.659047853937,0,27,27,27,3,-41.659047853937
01-Aug-2026 00:43:26,-170.502284033292,-42.3952970867766,0,27,27,27,3,-42.3952970867766
01-Aug-2026 00:43:28,-180.066007952478,-51.9590210059619,0,27,27,27,3,-51.9590210059619
01-Aug-2026 00:43:30,-180.546704999515,-52.4397180529987,0,27,27,27,3,-52.4397180529987
01-Aug-2026 00:43:32,-180.684583492903,-52.5775965463867,0,28,28,28,4,-52.5775965463867
01-Aug-2026 00:43:34,-181.500981138111,-53.3939941915953,0,29,29,29,3,-53.3939941915953
01-Aug-2026 00:43:36,-181.31988048347,-53.2128935369538,0,28,28,28,3,-53.2128935369538
01-Aug-2026 00:43:38,-185.231532872272,-57.1245459257562,0,28,28,28,3,-57.1245459257562
01-Aug-2026 00:43:40,-184.9644620479,-56.8574751013842,0,28,28,28,3,-56.8574751013842
01-Aug-2026 00:43:42,-185.238178637687,-57.1311916911708,0,28,28,28,3,-57.1311916911708
01-Aug-2026 00:43:44,-184.819351600491,-56.7123646539752,0,28,28,28,4,-56.7123646539752
01-Aug-2026 00:43:46,-184.199947802527,-56.0929608560116,0,28,28,28,4,-56.0929608560116
01-Aug-2026 00:43:48,-179.882703313988,-51.7757163674719,0,27,27,27,5,-51.7757163674719
01-Aug-2026 00:43:50,-180.183048030252,-52.0760610837363,0,27,27,27,4,-52.0760610837363
01-Aug-2026 00:43:52,-180.906849584653,-52.7998626381375,0,27,27,27,4,-52.7998626381375
01-Aug-2026 00:43:54,-181.089470269357,-52.9824833228414,0,26,26,26,4,-52.9824833228414
01-Aug-2026 00:43:56,-180.939008768483,-52.8320218219669,0,26,26,26,4,-52.8320218219669
01-Aug-2026 00:43:58,-180.76233778536,-52.6553508388442,0,26,26,26,4,-52.6553508388442
01-Aug-2026 00:44:00,-181.790389917741,-53.6834029712253,0,26,26,26,3,-53.6834029712253
01-Aug-2026 00:44:02,-187.726384497446,-59.6193975509299,0,26,26,26,3,-59.6193975509299
01-Aug-2026 00:44:04,-187.991989727384,-59.8850027808685,0,26,26,26,2,-59.8850027808685
01-Aug-2026 00:44:06,-188.350659897307,-60.2436729507916,0,26,26,26,2,-60.2436729507916
01-Aug-2026 00:44:08,-189.353705102148,-61.2467181556319,0,26,26,26,2,-61.2467181556319
01-Aug-2026 00:44:10,-195.464060425703,-67.3570734791871,0,26,26,26,1,-67.3570734791871
01-Aug-2026 00:44:12,-196.114781728373,-68.0077947818575,0,26,26,26,1,-68.0077947818575
01-Aug-2026 00:44:14,-195.63778127071,-67.5307943241944,0,26,26,26,1,-67.5307943241944
01-Aug-2026 00:44:16,-196.355025886476,-68.2480389399603,0,26,26,26,1,-68.2480389399603
01-Aug-2026 00:44:18,-196.242373453379,-68.1353865068631,0,25,25,25,1,-68.1353865068631
01-Aug-2026 00:44:20,-3076.52655568589,-2948.41956873937,0,25,25,25,0,-2948.41956873937
01-Aug-2026 00:44:22,-3076.52655568589,-2948.41956873937,0,25,25,25,0,-2948.41956873937
01-Aug-2026 00:44:24,-192.016057617429,-63.9090706709127,0,25,25,25,1,-63.9090706709127
01-Aug-2026 00:44:26,-192.323931987182,-64.2169450406658,0,25,25,25,1,-64.2169450406658
01-Aug-2026 00:44:28,-191.514458397543,-63.4074714510267,0,25,25,25,1,-63.4074714510267
01-Aug-2026 00:44:30,-191.311669086187,-63.2046821396707,0,25,25,25,1,-63.2046821396707
01-Aug-2026 00:44:32,-187.931997181321,-59.825010234805,0,25,25,25,2,-59.825010234805
01-Aug-2026 00:44:34,-187.491330676591,-59.3843437300753,0,26,26,26,3,-59.3843437300753
01-Aug-2026 00:44:36,-187.464209120194,-59.3572221736779,0,26,26,26,3,-59.3572221736779
01-Aug-2026 00:44:38,-171.341546582139,-43.2345596356234,0,25,25,25,4,-43.2345596356234
01-Aug-2026 00:44:40,-171.090660765591,-42.9836738190756,0,26,26,26,5,-42.9836738190756
01-Aug-2026 00:44:42,-170.909149063305,-42.8021621167887,0,26,26,26,5,-42.8021621167887
01-Aug-2026 00:44:44,-171.288713779036,-43.1817268325204,0,26,26,26,5,-43.1817268325204
01-Aug-2026 00:44:46,-172.502675101972,-44.3956881554566,0,26,26,26,4,-44.3956881554566
01-Aug-2026 00:44:48,-172.783658812582,-44.6766718660662,0,26,26,26,5,-44.6766718660662
01-Aug-2026 00:44:50,-172.79053782919,-44.683550882674,0,26,26,26,5,-44.683550882674
01-Aug-2026 00:44:52,-172.85322269475,-44.7462357482342,0,27,27,27,4,-44.7462357482342
01-Aug-2026 00:44:54,-172.942435006712,-44.8354480601959,0,27,27,27,4,-44.8354480601959
01-Aug-2026 00:44:56,-172.777454643555,-44.6704676970394,0,27,27,27,3,-44.6704676970394
01-Aug-2026 00:44:58,-169.9160263697,-41.8090394231844,0,27,27,27,5,-41.8090394231844
01-Aug-2026 00:45:00,-170.16642873913,-42.0594417926143,0,27,27,27,5,-42.0594417926143
01-Aug-2026 00:45:02,-170.793258132934,-42.6862711864181,0,27,27,27,4,-42.6862711864181
01-Aug-2026 00:45:04,-171.561097691914,-43.4541107453979,0,27,27,27,4,-43.4541107453979
01-Aug-2026 00:45:06,-171.686248006806,-43.5792610602902,0,27,27,27,4,-43.5792610602902
01-Aug-2026 00:45:08,-171.783677203171,-43.6766902566551,0,27,27,27,4,-43.6766902566551
01-Aug-2026 00:45:10,-171.662936883662,-43.5559499371458,0,28,28,28,4,-43.5559499371458
01-Aug-2026 00:45:12,-160.377669256296,-32.2706823097799,0,28,28,28,6,-32.2706823097799
01-Aug-2026 00:45:14,-159.974877538958,-31.8678905924421,0,28,28,28,5,-31.8678905924421
01-Aug-2026 00:45:16,-177.906469310443,-49.7994823639274,0,29,29,29,5,-49.7994823639274
01-Aug-2026 00:45:18,-177.805681941359,-49.6986949948435,0,29,29,29,5,-49.6986949948435
01-Aug-2026 00:45:20,-178.434614868678,-50.3276279221623,0,29,29,29,5,-50.3276279221623
01-Aug-2026 00:45:22,-178.828311563788,-50.7213246172724,0,29,29,29,5,-50.7213246172724
01-Aug-2026 00:45:24,-179.211356306816,-51.1043693603004,0,29,29,29,5,-51.1043693603004
01-Aug-2026 00:45:26,-179.066297992833,-50.9593110463174,0,28,28,28,5,-50.9593110463174
01-Aug-2026 00:45:28,-178.866958254633,-50.7599713081175,0,29,29,29,4,-50.7599713081175
01-Aug-2026 00:45:30,-179.013457301996,-50.9064703554805,0,29,29,29,3,-50.9064703554805
01-Aug-2026 00:45:32,-178.874111521843,-50.7671245753276,0,28,28,28,3,-50.7671245753276
01-Aug-2026 00:45:34,-180.586949087138,-52.4799621406225,0,28,28,28,2,-52.4799621406225
01-Aug-2026 00:45:36,-180.620855147618,-52.513868201102,0,27,27,27,2,-52.513868201102
01-Aug-2026 00:45:38,-181.001058190201,-52.8940712436852,0,27,27,27,2,-52.8940712436852
01-Aug-2026 00:45:40,-180.791220476336,-52.6842335298204,0,28,28,28,2,-52.6842335298204
01-Aug-2026 00:45:42,-181.00977770197,-52.902790755454,0,28,28,28,2,-52.902790755454
01-Aug-2026 00:45:44,-180.749259309719,-52.6422723632034,0,27,27,27,2,-52.6422723632034
01-Aug-2026 00:45:46,-180.815279715233,-52.7082927687169,0,27,27,27,2,-52.7082927687169
01-Aug-2026 00:45:48,-180.772908680569,-52.6659217340533,0,27,27,27,2,-52.6659217340533
01-Aug-2026 00:45:50,-188.12942222385,-60.0224352773344,0,27,27,27,1,-60.0224352773344
01-Aug-2026 00:45:52,-178.969720549496,-50.8627336029805,0,26,26,26,2,-50.8627336029805
01-Aug-2026 00:45:54,-179.231332273478,-51.1243453269623,0,26,26,26,2,-51.1243453269623
01-Aug-2026 00:45:56,-180.527069782947,-52.4200828364314,0,26,26,26,2,-52.4200828364314
01-Aug-2026 00:45:58,-177.458611475732,-49.3516245292163,0,26,26,26,3,-49.3516245292163
01-Aug-2026 00:46:00,-178.0678875782,-49.9609006316842,0,26,26,26,2,-49.9609006316842
01-Aug-2026 00:46:02,-177.87802370978,-49.7710367632641,0,26,26,26,3,-49.7710367632641
01-Aug-2026 00:46:04,-177.831004952453,-49.7240180059371,0,26,26,26,3,-49.7240180059371
01-Aug-2026 00:46:06,-177.340491181582,-49.2335042350657,0,26,26,26,3,-49.2335042350657
01-Aug-2026 00:46:08,-177.705556146258,-49.5985691997422,0,26,26,26,3,-49.5985691997422
01-Aug-2026 00:46:10,-177.080232691874,-48.9732457453585,0,26,26,26,3,-48.9732457453585
01-Aug-2026 00:46:12,-188.272230047715,-60.1652431011991,0,26,26,26,1,-60.1652431011991
01-Aug-2026 00:46:14,-177.936840272279,-49.8298533257629,0,26,26,26,2,-49.8298533257629
01-Aug-2026 00:46:16,-177.808741368787,-49.7017544222707,0,25,25,25,3,-49.7017544222707
01-Aug-2026 00:46:18,-177.86370397485,-49.7567170283341,0,25,25,25,3,-49.7567170283341
01-Aug-2026 00:46:20,-183.591277489301,-55.4842905427851,0,25,25,25,2,-55.4842905427851
01-Aug-2026 00:46:22,-171.135411332596,-43.0284243860806,0,25,25,25,3,-43.0284243860806
01-Aug-2026 00:46:24,-171.30256745668,-43.1955805101644,0,25,25,25,3,-43.1955805101644
01-Aug-2026 00:46:26,-169.960126358186,-41.8531394116697,0,25,25,25,3,-41.8531394116697
01-Aug-2026 00:46:28,-169.557287657154,-41.4503007106383,0,25,25,25,4,-41.4503007106383
01-Aug-2026 00:46:30,-170.450434556991,-42.3434476104754,0,25,25,25,4,-42.3434476104754
01-Aug-2026 00:46:32,-170.028679827346,-41.9216928808304,0,25,25,25,4,-41.9216928808304
01-Aug-2026 00:46:34,-170.214040904189,-42.1070539576736,0,25,25,25,4,-42.1070539576736
01-Aug-2026 00:46:36,-170.726332950846,-42.6193460043299,0,25,25,25,4,-42.6193460043299
01-Aug-2026 00:46:38,-170.740490326227,-42.6335033797112,0,25,25,25,4,-42.6335033797112
01-Aug-2026 00:46:40,-170.420492397503,-42.3135054509872,0,25,25,25,4,-42.3135054509872
01-Aug-2026 00:46:42,-170.906419024192,-42.7994320776761,0,25,25,25,4,-42.7994320776761
01-Aug-2026 00:46:44,-178.468573672774,-50.3615867262582,0,25,25,25,3,-50.3615867262582
01-Aug-2026 00:46:46,-178.329636608124,-50.2226496616078,0,25,25,25,3,-50.2226496616078
01-Aug-2026 00:46:48,-177.864374848917,-49.7573879024014,0,26,26,26,4,-49.7573879024014
01-Aug-2026 00:46:50,-177.942978662315,-49.8359917157987,0,26,26,26,4,-49.8359917157987
01-Aug-2026 00:46:52,-176.36829226102,-48.2613053145042,0,26,26,26,7,-48.2613053145042
01-Aug-2026 00:46:54,-176.073607103112,-47.9666201565965,0,26,26,26,7,-47.9666201565965
01-Aug-2026 00:46:56,-176.111487374186,-48.0045004276705,0,26,26,26,7,-48.0045004276705
01-Aug-2026 00:46:58,-176.522441734728,-48.4154547882118,0,25,25,25,6,-48.4154547882118
01-Aug-2026 00:47:00,-177.311908670517,-49.2049217240015,0,25,25,25,5,-49.2049217240015
01-Aug-2026 00:47:02,-177.165596662519,-49.0586097160027,0,25,25,25,5,-49.0586097160027
01-Aug-2026 00:47:04,-177.461538207375,-49.354551260859,0,25,25,25,4,-49.354551260859
01-Aug-2026 00:47:06,-177.476695910059,-49.3697089635436,0,25,25,25,4,-49.3697089635436
01-Aug-2026 00:47:08,-180.788829930985,-52.681842984469,0,26,26,26,3,-52.681842984469
01-Aug-2026 00:47:10,-181.910830803584,-53.8038438570686,0,26,26,26,2,-53.8038438570686
01-Aug-2026 00:47:12,-182.514149492735,-54.4071625462194,0,26,26,26,1,-54.4071625462194
01-Aug-2026 00:47:14,-3076.52655568589,-2948.41956873937,0,26,26,26,0,-2948.41956873937
01-Aug-2026 00:47:16,-3076.52655568589,-2948.41956873937,0,27,27,27,0,-2948.41956873937
01-Aug-2026 00:47:18,-3076.52655568589,-2948.41956873937,0,27,27,27,0,-2948.41956873937
01-Aug-2026 00:47:20,-196.37779733126,-68.2708103847445,0,28,28,28,1,-68.2708103847445
01-Aug-2026 00:47:22,-196.01623796374,-67.9092510172246,0,28,28,28,1,-67.9092510172246
01-Aug-2026 00:47:24,-195.728756406053,-67.6217694595368,0,29,29,29,1,-67.6217694595368
01-Aug-2026 00:47:26,-195.818778149746,-67.7117912032298,0,29,29,29,1,-67.7117912032298
01-Aug-2026 00:47:28,-184.338561414964,-56.2315744684482,0,28,28,28,2,-56.2315744684482
01-Aug-2026 00:47:30,-184.278635770581,-56.1716488240655,0,28,28,28,2,-56.1716488240655
01-Aug-2026 00:47:32,-184.515560028898,-56.4085730823824,0,28,28,28,2,-56.4085730823824
01-Aug-2026 00:47:34,-185.169095926687,-57.0621089801714,0,28,28,28,2,-57.0621089801714
01-Aug-2026 00:47:36,-185.378163919159,-57.271176972643,0,27,27,27,2,-57.271176972643
01-Aug-2026 00:47:38,-185.764237092916,-57.6572501464005,0,27,27,27,1,-57.6572501464005
01-Aug-2026 00:47:40,-185.936881377242,-57.8298944307265,0,27,27,27,1,-57.8298944307265
01-Aug-2026 00:47:42,-186.014883128098,-57.9078961815825,0,27,27,27,1,-57.9078961815825
01-Aug-2026 00:47:44,-181.452786746501,-53.345799799985,0,27,27,27,3,-53.345799799985
01-Aug-2026 00:47:46,-181.232332193447,-53.1253452469312,0,26,26,26,3,-53.1253452469312
01-Aug-2026 00:47:48,-181.319809392318,-53.2128224458023,0,26,26,26,3,-53.2128224458023
01-Aug-2026 00:47:50,-181.360411150814,-53.2534242042979,0,26,26,26,3,-53.2534242042979
01-Aug-2026 00:47:52,-181.297983375285,-53.1909964287687,0,26,26,26,3,-53.1909964287687
01-Aug-2026 00:47:54,-179.278434474181,-51.1714475276656,0,26,26,26,4,-51.1714475276656
01-Aug-2026 00:47:56,-180.316958165323,-52.209971218807,0,26,26,26,3,-52.209971218807
01-Aug-2026 00:47:58,-179.467896279997,-51.3609093334808,0,26,26,26,4,-51.3609093334808
01-Aug-2026 00:48:00,-179.58920247938,-51.4822155328637,0,26,26,26,4,-51.4822155328637
01-Aug-2026 00:48:02,-179.485793547346,-51.3788066008303,0,26,26,26,5,-51.3788066008303
01-Aug-2026 00:48:04,-179.838119126212,-51.7311321796965,0,26,26,26,5,-51.7311321796965
01-Aug-2026 00:48:06,-176.766952325246,-48.6599653787304,0,26,26,26,6,-48.6599653787304
01-Aug-2026 00:48:08,-176.579053515746,-48.4720665692303,0,26,26,26,7,-48.4720665692303
01-Aug-2026 00:48:10,-162.022622403899,-33.9156354573834,0,26,26,26,6,-33.9156354573834
01-Aug-2026 00:48:12,-161.740280244795,-33.6332932982788,0,25,25,25,6,-33.6332932982788
01-Aug-2026 00:48:14,-160.966109626974,-32.8591226804584,0,25,25,25,5,-32.8591226804584
01-Aug-2026 00:48:16,-181.39629213548,-53.2893051889642,0,24,24,24,4,-53.2893051889642
01-Aug-2026 00:48:18,-181.225749696071,-53.1187627495553,0,24,24,24,4,-53.1187627495553
01-Aug-2026 00:48:20,-181.09194456928,-52.9849576227642,0,24,24,24,4,-52.9849576227642
01-Aug-2026 00:48:22,-164.28659939475,-36.1796124482338,0,25,25,25,5,-36.1796124482338
01-Aug-2026 00:48:24,-163.760727832231,-35.6537408857151,0,25,25,25,5,-35.6537408857151
01-Aug-2026 00:48:26,-162.874224481433,-34.7672375349175,0,25,25,25,6,-34.7672375349175
01-Aug-2026 00:48:28,-162.483610872775,-34.3766239262588,0,26,26,26,5,-34.3766239262588
01-Aug-2026 00:48:30,-162.634267763147,-34.5272808166315,0,26,26,26,5,-34.5272808166315
01-Aug-2026 00:48:32,-162.245801784435,-34.1388148379196,0,26,26,26,5,-34.1388148379196
01-Aug-2026 00:48:34,-162.646730943525,-34.5397439970087,0,26,26,26,5,-34.5397439970087
01-Aug-2026 00:48:36,-182.025445269744,-53.9184583232278,0,26,26,26,4,-53.9184583232278
01-Aug-2026 00:48:38,-183.189386940712,-55.0823999941964,0,26,26,26,3,-55.0823999941964
01-Aug-2026 00:48:40,-182.880082329247,-54.7730953827307,0,26,26,26,2,-54.7730953827307
01-Aug-2026 00:48:42,-182.679683165611,-54.572696219095,0,26,26,26,1,-54.572696219095
01-Aug-2026 00:48:44,-182.766175970433,-54.659189023917,0,27,27,27,1,-54.659189023917
01-Aug-2026 00:48:46,-181.463990228137,-53.3570032816212,0,27,27,27,2,-53.3570032816212
01-Aug-2026 00:48:48,-181.354215941808,-53.2472289952919,0,27,27,27,2,-53.2472289952919
01-Aug-2026 00:48:50,-189.66136253952,-61.5543755930037,0,27,27,27,1,-61.5543755930037
01-Aug-2026 00:48:52,-184.645005410857,-56.5380184643415,0,27,27,27,2,-56.5380184643415
01-Aug-2026 00:48:54,-174.506281962111,-46.3992950155955,0,27,27,27,3,-46.3992950155955
01-Aug-2026 00:48:56,-173.555038528765,-45.4480515822493,0,27,27,27,4,-45.4480515822493
01-Aug-2026 00:48:58,-173.239887949676,-45.1329010031602,0,27,27,27,5,-45.1329010031602
01-Aug-2026 00:49:00,-173.283693374113,-45.1767064275971,0,28,28,28,6,-45.1767064275971
01-Aug-2026 00:49:02,-173.177039670701,-45.0700527241849,0,28,28,28,6,-45.0700527241849
01-Aug-2026 00:49:04,-172.415384322517,-44.3083973760013,0,28,28,28,7,-44.3083973760013
01-Aug-2026 00:49:06,-166.368620555651,-38.2616336091352,0,29,29,29,9,-38.2616336091352
01-Aug-2026 00:49:08,-171.340815138865,-43.2338281923495,0,29,29,29,9,-43.2338281923495
01-Aug-2026 00:49:10,-171.309055285264,-43.2020683387482,0,29,29,29,9,-43.2020683387482
01-Aug-2026 00:49:12,-171.540157343868,-43.4331703973524,0,29,29,29,9,-43.4331703973524
01-Aug-2026 00:49:14,-172.150938328111,-44.0439513815947,0,29,29,29,8,-44.0439513815947
01-Aug-2026 00:49:16,-172.045507991313,-43.938521044797,0,27,27,27,8,-43.938521044797
01-Aug-2026 00:49:18,-171.907480115209,-43.8004931686928,0,27,27,27,8,-43.8004931686928
01-Aug-2026 00:49:20,-172.255699279338,-44.1487123328221,0,29,29,29,8,-44.1487123328221
01-Aug-2026 00:49:22,-172.390525862378,-44.2835389158619,0,28,28,28,6,-44.2835389158619
01-Aug-2026 00:49:24,-172.938769837125,-44.831782890609,0,28,28,28,6,-44.831782890609
01-Aug-2026 00:49:26,-159.611711685897,-31.5047247393816,0,28,28,28,6,-31.5047247393816
01-Aug-2026 00:49:28,-159.301495865149,-31.1945089186336,0,28,28,28,5,-31.1945089186336
01-Aug-2026 00:49:30,-159.227617284183,-31.1206303376669,0,28,28,28,6,-31.1206303376669
01-Aug-2026 00:49:32,-159.350126503511,-31.243139556995,0,27,27,27,5,-31.243139556995
01-Aug-2026 00:49:34,-159.630977326677,-31.5239903801607,0,27,27,27,5,-31.5239903801607
01-Aug-2026 00:49:36,-159.810472351197,-31.703485404681,0,27,27,27,5,-31.703485404681
01-Aug-2026 00:49:38,-160.227572498423,-32.1205855519069,0,27,27,27,4,-32.1205855519069
01-Aug-2026 00:49:40,-160.431162550116,-32.3241756035997,0,27,27,27,5,-32.3241756035997
01-Aug-2026 00:49:42,-160.654921237725,-32.5479342912087,0,27,27,27,6,-32.5479342912087
01-Aug-2026 00:49:44,-160.427293879714,-32.3203069331982,0,26,26,26,5,-32.3203069331982
01-Aug-2026 00:49:46,-160.526564070784,-32.4195771242683,0,26,26,26,4,-32.4195771242683
01-Aug-2026 00:49:48,-160.742586280623,-32.6355993341073,0,26,26,26,4,-32.6355993341073
01-Aug-2026 00:49:50,-161.193045464324,-33.086058517808,0,26,26,26,4,-33.086058517808
01-Aug-2026 00:49:52,-161.345519318882,-33.2385323723662,0,26,26,26,4,-33.2385323723662
01-Aug-2026 00:49:54,-161.709293044288,-33.6023060977725,0,26,26,26,4,-33.6023060977725
01-Aug-2026 00:49:56,-161.700611135806,-33.5936241892906,0,26,26,26,5,-33.5936241892906
01-Aug-2026 00:49:58,-161.705546161236,-33.5985592147201,0,26,26,26,5,-33.5985592147201
01-Aug-2026 00:50:00,-162.210208900219,-34.1032219537034,0,26,26,26,6,-34.1032219537034
01-Aug-2026 00:50:02,-162.165180787195,-34.0581938406793,0,26,26,26,5,-34.0581938406793
01-Aug-2026 00:50:04,-162.740805780419,-34.6338188339034,0,26,26,26,5,-34.6338188339034
01-Aug-2026 00:50:06,-162.585093844652,-34.4781068981364,0,26,26,26,5,-34.4781068981364
01-Aug-2026 00:50:08,-163.10059300176,-34.9936060552444,0,25,25,25,5,-34.9936060552444
01-Aug-2026 00:50:10,-162.975185290115,-34.8681983435992,0,25,25,25,6,-34.8681983435992
01-Aug-2026 00:50:12,-163.594980379466,-35.4879934329497,0,25,25,25,6,-35.4879934329497
01-Aug-2026 00:50:14,-163.77925980458,-35.6722728580638,0,25,25,25,5,-35.6722728580638
01-Aug-2026 00:50:16,-164.196703460592,-36.0897165140765,0,25,25,25,5,-36.0897165140765
01-Aug-2026 00:50:18,-164.838969775597,-36.7319828290815,0,25,25,25,5,-36.7319828290815
01-Aug-2026 00:50:20,-164.731924979809,-36.6249380332931,0,25,25,25,6,-36.6249380332931
01-Aug-2026 00:50:22,-164.686150033685,-36.579163087169,0,25,25,25,5,-36.579163087169
01-Aug-2026 00:50:24,-164.641860174809,-36.534873228293,0,25,25,25,5,-36.534873228293
01-Aug-2026 00:50:26,-165.232773227368,-37.1257862808523,0,25,25,25,5,-37.1257862808523
01-Aug-2026 00:50:28,-165.521368336108,-37.4143813895925,0,25,25,25,4,-37.4143813895925
01-Aug-2026 00:50:30,-165.473283840603,-37.3662968940869,0,25,25,25,4,-37.3662968940869
01-Aug-2026 00:50:32,-166.07208709636,-37.9651001498437,0,25,25,25,4,-37.9651001498437
01-Aug-2026 00:50:34,-166.581316951886,-38.4743300053697,0,25,25,25,3,-38.4743300053697
01-Aug-2026 00:50:36,-166.858905297401,-38.7519183508853,0,26,26,26,3,-38.7519183508853
01-Aug-2026 00:50:38,-166.919535888917,-38.8125489424014,0,26,26,26,3,-38.8125489424014
01-Aug-2026 00:50:40,-167.410828279062,-39.3038413325465,0,26,26,26,3,-39.3038413325465
01-Aug-2026 00:50:42,-167.68564198759,-39.5786550410742,0,26,26,26,4,-39.5786550410742
01-Aug-2026 00:50:44,-168.042536242806,-39.9355492962905,0,25,25,25,4,-39.9355492962905
01-Aug-2026 00:50:46,-167.965117662165,-39.8581307156496,0,25,25,25,3,-39.8581307156496
01-Aug-2026 00:50:48,-168.226614018186,-40.1196270716704,0,25,25,25,3,-40.1196270716704
01-Aug-2026 00:50:50,-168.399196454974,-40.2922095084577,0,25,25,25,4,-40.2922095084577
01-Aug-2026 00:50:52,-167.870826905643,-39.7638399591271,0,25,25,25,6,-39.7638399591271
01-Aug-2026 00:50:54,-167.741392776672,-39.6344058301559,0,25,25,25,4,-39.6344058301559
01-Aug-2026 00:50:56,-163.144182428885,-35.0371954823696,0,25,25,25,5,-35.0371954823696
01-Aug-2026 00:50:58,-165.237261217652,-37.1302742711359,0,25,25,25,4,-37.1302742711359
01-Aug-2026 00:51:00,-166.197734488617,-38.0907475421012,0,26,26,26,4,-38.0907475421012
01-Aug-2026 00:51:02,-167.452525195951,-39.3455382494354,0,26,26,26,4,-39.3455382494354
01-Aug-2026 00:51:04,-167.512713470752,-39.4057265242366,0,26,26,26,5,-39.4057265242366
01-Aug-2026 00:51:06,-168.153849402767,-40.0468624562514,0,26,26,26,5,-40.0468624562514
01-Aug-2026 00:51:08,-168.47359995487,-40.366613008354,0,27,27,27,5,-40.366613008354
01-Aug-2026 00:51:10,-168.893451710591,-40.7864647640747,0,27,27,27,5,-40.7864647640747
01-Aug-2026 00:51:12,-181.572351985043,-53.4653650385271,0,27,27,27,4,-53.4653650385271
01-Aug-2026 00:51:14,-181.96784908964,-53.8608621431243,0,28,28,28,4,-53.8608621431243
01-Aug-2026 00:51:16,-181.800557436755,-53.6935704902393,0,28,28,28,4,-53.6935704902393
01-Aug-2026 00:51:18,-181.834718823861,-53.7277318773453,0,27,27,27,4,-53.7277318773453
01-Aug-2026 00:51:20,-182.046798915837,-53.9398119693207,0,27,27,27,3,-53.9398119693207
01-Aug-2026 00:51:22,-182.479033599967,-54.372046653451,0,28,28,28,3,-54.372046653451
01-Aug-2026 00:51:24,-182.542994865731,-54.4360079192153,0,27,27,27,2,-54.4360079192153
01-Aug-2026 00:51:26,-182.807483511837,-54.7004965653213,0,27,27,27,2,-54.7004965653213
01-Aug-2026 00:51:28,-183.149972419014,-55.0429854724979,0,27,27,27,2,-55.0429854724979
01-Aug-2026 00:51:30,-183.295176278292,-55.1881893317762,0,27,27,27,4,-55.1881893317762
01-Aug-2026 00:51:32,-182.129817439998,-54.0228304934823,0,27,27,27,5,-54.0228304934823
01-Aug-2026 00:51:34,-182.25006147288,-54.1430745263646,0,27,27,27,5,-54.1430745263646
01-Aug-2026 00:51:36,-182.62425544983,-54.5172685033143,0,26,26,26,5,-54.5172685033143
01-Aug-2026 00:51:38,-180.822502592601,-52.7155156460855,0,26,26,26,6,-52.7155156460855
01-Aug-2026 00:51:40,-181.185580256616,-53.0785933100998,0,26,26,26,5,-53.0785933100998
01-Aug-2026 00:51:42,-167.536235766804,-39.4292488202879,0,26,26,26,5,-39.4292488202879
01-Aug-2026 00:51:44,-166.589779305484,-38.4827923589684,0,26,26,26,5,-38.4827923589684
01-Aug-2026 00:51:46,-166.002397015703,-37.8954100691875,0,25,25,25,4,-37.8954100691875
01-Aug-2026 00:51:48,-166.04075423773,-37.9337672912138,0,25,25,25,4,-37.9337672912138
01-Aug-2026 00:51:50,-164.854778708428,-36.7477917619121,0,25,25,25,5,-36.7477917619121
01-Aug-2026 00:51:52,-164.564838961524,-36.4578520150084,0,25,25,25,4,-36.4578520150084
01-Aug-2026 00:51:54,-164.003335691255,-35.8963487447393,0,25,25,25,4,-35.8963487447393
01-Aug-2026 00:51:56,-163.469316141892,-35.3623291953763,0,25,25,25,4,-35.3623291953763
01-Aug-2026 00:51:58,-163.345727241423,-35.2387402949072,0,25,25,25,4,-35.2387402949072
01-Aug-2026 00:52:00,-163.058728882298,-34.9517419357819,0,25,25,25,4,-34.9517419357819
01-Aug-2026 00:52:02,-162.551876831555,-34.4448898850387,0,25,25,25,4,-34.4448898850387
01-Aug-2026 00:52:04,-161.548845281026,-33.4418583345103,0,25,25,25,4,-33.4418583345103
01-Aug-2026 00:52:06,-161.427282139054,-33.3202951925384,0,26,26,26,4,-33.3202951925384
01-Aug-2026 00:52:08,-161.346300746418,-33.2393137999026,0,26,26,26,4,-33.2393137999026
01-Aug-2026 00:52:10,-160.960090236746,-32.8531032902304,0,26,26,26,3,-32.8531032902304
01-Aug-2026 00:52:12,-160.627068192191,-32.5200812456747,0,26,26,26,3,-32.5200812456747
01-Aug-2026 00:52:14,-160.415784914579,-32.3087979680628,0,25,25,25,3,-32.3087979680628
01-Aug-2026 00:52:16,-156.099514668089,-27.9925277215729,0,25,25,25,4,-27.9925277215729
01-Aug-2026 00:52:18,-155.774447632418,-27.6674606859019,0,25,25,25,4,-27.6674606859019
01-Aug-2026 00:52:20,-156.32179280028,-28.2148058537644,0,26,26,26,6,-28.2148058537644
01-Aug-2026 00:52:22,-160.43284680927,-32.3258598627538,0,26,26,26,5,-32.3258598627538
01-Aug-2026 00:52:24,-160.248304753861,-32.1413178073449,0,26,26,26,5,-32.1413178073449
01-Aug-2026 00:52:26,-160.226551614456,-32.1195646679403,0,26,26,26,6,-32.1195646679403
01-Aug-2026 00:52:28,-160.295098547434,-32.1881116009178,0,26,26,26,7,-32.1881116009178
01-Aug-2026 00:52:30,-160.237428527377,-32.1304415808613,0,26,26,26,7,-32.1304415808613
01-Aug-2026 00:52:32,-160.460912134912,-32.3539251883958,0,26,26,26,5,-32.3539251883958
01-Aug-2026 00:52:34,-160.065246355385,-31.9582594088695,0,26,26,26,5,-31.9582594088695
01-Aug-2026 00:52:36,-159.856229660476,-31.74924271396,0,27,27,27,6,-31.74924271396
01-Aug-2026 00:52:38,-159.705662882916,-31.5986759363997,0,27,27,27,6,-31.5986759363997
01-Aug-2026 00:52:40,-159.897991082141,-31.791004135625,0,27,27,27,6,-31.791004135625
01-Aug-2026 00:52:42,-159.439221889288,-31.3322349427717,0,27,27,27,7,-31.3322349427717
01-Aug-2026 00:52:44,-159.063430664322,-30.9564437178058,0,27,27,27,7,-30.9564437178058
01-Aug-2026 00:52:46,-158.293721544726,-30.1867345982106,0,27,27,27,7,-30.1867345982106
01-Aug-2026 00:52:48,-158.301383342175,-30.1943963956587,0,27,27,27,7,-30.1943963956587
01-Aug-2026 00:52:50,-158.382269321953,-30.2752823754369,0,28,28,28,6,-30.2752823754369
01-Aug-2026 00:52:52,-158.707647140029,-30.6006601935133,0,28,28,28,6,-30.6006601935133
01-Aug-2026 00:52:54,-158.442143694809,-30.3351567482928,0,28,28,28,6,-30.3351567482928
01-Aug-2026 00:52:56,-159.019399900225,-30.9124129537094,0,27,27,27,5,-30.9124129537094
01-Aug-2026 00:52:58,-159.304266852487,-31.1972799059709,0,28,28,28,5,-31.1972799059709
01-Aug-2026 00:53:00,-159.345923716659,-31.2389367701431,0,28,28,28,7,-31.2389367701431
01-Aug-2026 00:53:02,-159.513582925458,-31.4065959789426,0,29,29,29,6,-31.4065959789426
01-Aug-2026 00:53:04,-160.209667935696,-32.1026809891797,0,29,29,29,6,-32.1026809891797
01-Aug-2026 00:53:06,-170.738817098351,-42.6318301518354,0,28,28,28,6,-42.6318301518354
01-Aug-2026 00:53:08,-170.232361218049,-42.1253742715327,0,28,28,28,6,-42.1253742715327
01-Aug-2026 00:53:10,-169.65306760249,-41.546080655974,0,29,29,29,6,-41.546080655974
01-Aug-2026 00:53:12,-178.303019181209,-50.1960322346935,0,29,29,29,5,-50.1960322346935
01-Aug-2026 00:53:14,-181.537512070523,-53.4305251240075,0,28,28,28,4,-53.4305251240075
01-Aug-2026 00:53:16,-181.279296033438,-53.1723090869223,0,28,28,28,4,-53.1723090869223
01-Aug-2026 00:53:18,-181.648983587141,-53.5419966406254,0,28,28,28,3,-53.5419966406254
01-Aug-2026 00:53:20,-181.158017152024,-53.0510302055083,0,28,28,28,3,-53.0510302055083
01-Aug-2026 00:53:22,-183.660494649639,-55.553507703123,0,27,27,27,2,-55.553507703123
01-Aug-2026 00:53:24,-183.702341165045,-55.5953542185293,0,27,27,27,2,-55.5953542185293
01-Aug-2026 00:53:26,-183.616456874079,-55.5094699275631,0,27,27,27,2,-55.5094699275631
01-Aug-2026 00:53:28,-191.138035873344,-63.0310489268281,0,27,27,27,1,-63.0310489268281
01-Aug-2026 00:53:30,-191.122171754273,-63.0151848077568,0,27,27,27,1,-63.0151848077568
01-Aug-2026 00:53:32,-190.90404017472,-62.7970532282044,0,27,27,27,1,-62.7970532282044
01-Aug-2026 00:53:34,-182.117646494327,-54.0106595478114,0,26,26,26,3,-54.0106595478114
01-Aug-2026 00:53:36,-182.574210504122,-54.4672235576063,0,26,26,26,3,-54.4672235576063
01-Aug-2026 00:53:38,-180.011505477177,-51.9045185306616,0,26,26,26,4,-51.9045185306616
01-Aug-2026 00:53:40,-179.899736070933,-51.7927491244171,0,26,26,26,5,-51.7927491244171
01-Aug-2026 00:53:42,-178.288476176595,-50.1814892300796,0,26,26,26,6,-50.1814892300796
01-Aug-2026 00:53:44,-178.09407570129,-49.987088754774,0,26,26,26,6,-49.987088754774
01-Aug-2026 00:53:46,-179.677314297787,-51.5703273512708,0,26,26,26,4,-51.5703273512708
01-Aug-2026 00:53:48,-179.588838168781,-51.4818512222653,0,26,26,26,5,-51.4818512222653
01-Aug-2026 00:53:50,-179.552982303906,-51.4459953573897,0,26,26,26,5,-51.4459953573897
01-Aug-2026 00:53:52,-179.69276571761,-51.5857787710943,0,26,26,26,5,-51.5857787710943
01-Aug-2026 00:53:54,-179.441457951696,-51.3344710051798,0,26,26,26,5,-51.3344710051798
01-Aug-2026 00:53:56,-176.886283733556,-48.7792967870397,0,26,26,26,6,-48.7792967870397
01-Aug-2026 00:53:58,-175.186977748589,-47.0799908020728,0,26,26,26,6,-47.0799908020728
01-Aug-2026 00:54:00,-174.762523034136,-46.6555360876197,0,26,26,26,6,-46.6555360876197
01-Aug-2026 00:54:02,-175.348905629452,-47.2419186829364,0,25,25,25,5,-47.2419186829364
01-Aug-2026 00:54:04,-174.630666033183,-46.523679086667,0,25,25,25,5,-46.523679086667
01-Aug-2026 00:54:06,-171.200813085452,-43.0938261389364,0,25,25,25,5,-43.0938261389364
01-Aug-2026 00:54:08,-174.042130444478,-45.9351434979621,0,25,25,25,3,-45.9351434979621
01-Aug-2026 00:54:10,-173.866312921553,-45.7593259750368,0,25,25,25,4,-45.7593259750368
01-Aug-2026 00:54:12,-174.101466569849,-45.9944796233336,0,25,25,25,4,-45.9944796233336
01-Aug-2026 00:54:14,-174.070571435268,-45.9635844887517,0,25,25,25,5,-45.9635844887517
01-Aug-2026 00:54:16,-174.152730029197,-46.0457430826808,0,25,25,25,5,-46.0457430826808
01-Aug-2026 00:54:18,-162.904115526454,-34.7971285799382,0,25,25,25,6,-34.7971285799382
01-Aug-2026 00:54:20,-163.046681741221,-34.9396947947047,0,25,25,25,6,-34.9396947947047
01-Aug-2026 00:54:22,-163.007201606792,-34.9002146602766,0,25,25,25,5,-34.9002146602766
01-Aug-2026 00:54:24,-163.052013416902,-34.9450264703856,0,26,26,26,6,-34.9450264703856
01-Aug-2026 00:54:26,-162.760032241661,-34.6530452951454,0,26,26,26,6,-34.6530452951454
01-Aug-2026 00:54:28,-163.101043246811,-34.994056300295,0,26,26,26,7,-34.994056300295
01-Aug-2026 00:54:30,-162.829866305095,-34.7228793585791,0,26,26,26,7,-34.7228793585791
01-Aug-2026 00:54:32,-162.18377278986,-34.0767858433442,0,25,25,25,3,-34.0767858433442
01-Aug-2026 00:54:34,-161.361756608654,-33.2547696621386,0,25,25,25,4,-33.2547696621386
01-Aug-2026 00:54:36,-189.22197772936,-61.1149907828442,0,25,25,25,2,-61.1149907828442
01-Aug-2026 00:54:38,-188.535082404931,-60.4280954584153,0,25,25,25,3,-60.4280954584153
01-Aug-2026 00:54:40,-188.664244579474,-60.5572576329578,0,25,25,25,3,-60.5572576329578
01-Aug-2026 00:54:42,-186.704593862824,-58.5976069163077,0,25,25,25,4,-58.5976069163077
01-Aug-2026 00:54:44,-184.796607982684,-56.6896210361686,0,25,25,25,4,-56.6896210361686
01-Aug-2026 00:54:46,-184.470541976326,-56.3635550298098,0,25,25,25,5,-56.3635550298098
01-Aug-2026 00:54:48,-171.29437222064,-43.1873852741244,0,25,25,25,7,-43.1873852741244
01-Aug-2026 00:54:50,-171.123896385711,-43.0169094391948,0,25,25,25,6,-43.0169094391948
01-Aug-2026 00:54:52,-171.070612027253,-42.963625080737,0,26,26,26,6,-42.963625080737
01-Aug-2026 00:54:54,-170.545713487249,-42.4387265407335,0,26,26,26,6,-42.4387265407335
01-Aug-2026 00:54:56,-170.619910259234,-42.5129233127179,0,27,27,27,5,-42.5129233127179
01-Aug-2026 00:54:58,-169.49923247987,-41.392245533354,0,27,27,27,5,-41.392245533354
01-Aug-2026 00:55:00,-168.986167408242,-40.8791804617258,0,27,27,27,6,-40.8791804617258
01-Aug-2026 00:55:02,-168.460898093191,-40.353911146675,0,27,27,27,7,-40.353911146675
01-Aug-2026 00:55:04,-169.324390798368,-41.2174038518522,0,27,27,27,6,-41.2174038518522
01-Aug-2026 00:55:06,-178.274371783319,-50.1673848368033,0,28,28,28,5,-50.1673848368033
01-Aug-2026 00:55:08,-178.505811664561,-50.3988247180449,0,28,28,28,4,-50.3988247180449
01-Aug-2026 00:55:10,-178.480675118702,-50.3736881721864,0,27,27,27,4,-50.3736881721864
01-Aug-2026 00:55:12,-178.868970966212,-50.7619840196966,0,27,27,27,3,-50.7619840196966
01-Aug-2026 00:55:14,-186.555717325183,-58.4487303786672,0,26,26,26,1,-58.4487303786672
01-Aug-2026 00:55:16,-185.869703289771,-57.7627163432554,0,25,25,25,1,-57.7627163432554
01-Aug-2026 00:55:18,-185.481715950496,-57.37472900398,0,25,25,25,1,-57.37472900398
01-Aug-2026 00:55:20,-182.912007092308,-54.8050201457925,0,25,25,25,2,-54.8050201457925
01-Aug-2026 00:55:22,-182.385987736641,-54.279000790125,0,25,25,25,2,-54.279000790125
01-Aug-2026 00:55:24,-182.079983726202,-53.9729967796865,0,25,25,25,2,-53.9729967796865
01-Aug-2026 00:55:26,-182.18199526556,-54.0750083190443,0,25,25,25,2,-54.0750083190443
01-Aug-2026 00:55:28,-180.646916053007,-52.5399291064909,0,24,24,24,4,-52.5399291064909
01-Aug-2026 00:55:30,-181.006492911132,-52.8995059646159,0,24,24,24,4,-52.8995059646159
01-Aug-2026 00:55:32,-180.758553214017,-52.6515662675009,0,25,25,25,5,-52.6515662675009
01-Aug-2026 00:55:34,-180.866482666186,-52.7594957196697,0,25,25,25,4,-52.7594957196697
01-Aug-2026 00:55:36,-180.922926617747,-52.8159396712311,0,25,25,25,5,-52.8159396712311
01-Aug-2026 00:55:38,-182.01275565167,-53.9057687051543,0,25,25,25,4,-53.9057687051543
01-Aug-2026 00:55:40,-181.820738482604,-53.7137515360886,0,25,25,25,4,-53.7137515360886
01-Aug-2026 00:55:42,-181.810691753422,-53.7037048069064,0,25,25,25,4,-53.7037048069064
01-Aug-2026 00:55:44,-181.905626206823,-53.7986392603076,0,25,25,25,4,-53.7986392603076
01-Aug-2026 00:55:46,-181.914455701824,-53.8074687553078,0,25,25,25,5,-53.8074687553078
01-Aug-2026 00:55:48,-182.018166072843,-53.9111791263276,0,25,25,25,5,-53.9111791263276
01-Aug-2026 00:55:50,-182.02848396449,-53.9214970179744,0,26,26,26,5,-53.9214970179744
01-Aug-2026 00:55:52,-182.462386470936,-54.3553995244205,0,26,26,26,5,-54.3553995244205
01-Aug-2026 00:55:54,-179.989465066805,-51.882478120289,0,26,26,26,6,-51.882478120289
01-Aug-2026 00:55:56,-181.407942589248,-53.3009556427324,0,26,26,26,6,-53.3009556427324
01-Aug-2026 00:55:58,-182.227231253516,-54.1202443070001,0,26,26,26,5,-54.1202443070001
01-Aug-2026 00:56:00,-181.083322449718,-52.9763355032022,0,26,26,26,6,-52.9763355032022
01-Aug-2026 00:56:02,-185.122382454882,-57.0153955083657,0,26,26,26,4,-57.0153955083657
01-Aug-2026 00:56:04,-185.0629258265,-56.9559388799839,0,26,26,26,4,-56.9559388799839
01-Aug-2026 00:56:06,-186.116545798012,-58.0095588514965,0,26,26,26,3,-58.0095588514965
01-Aug-2026 00:56:08,-185.914964200725,-57.8079772542095,0,26,26,26,3,-57.8079772542095
01-Aug-2026 00:56:10,-183.465826231811,-55.3588392852952,0,26,26,26,4,-55.3588392852952
01-Aug-2026 00:56:12,-183.55716695562,-55.4501800091046,0,26,26,26,4,-55.4501800091046
01-Aug-2026 00:56:14,-181.865928744358,-53.7589417978422,0,26,26,26,5,-53.7589417978422
01-Aug-2026 00:56:16,-182.050980407612,-53.9439934610957,0,26,26,26,5,-53.9439934610957
01-Aug-2026 00:56:18,-182.917109000266,-54.8101220537505,0,26,26,26,4,-54.8101220537505
01-Aug-2026 00:56:20,-182.364419259449,-54.2574323129333,0,26,26,26,4,-54.2574323129333
01-Aug-2026 00:56:22,-182.144646164932,-54.0376592184157,0,26,26,26,4,-54.0376592184157
01-Aug-2026 00:56:24,-182.07197671956,-53.964989773044,0,26,26,26,4,-53.964989773044
01-Aug-2026 00:56:26,-179.039828135224,-50.9328411887086,0,26,26,26,5,-50.9328411887086
01-Aug-2026 00:56:28,-178.674374417026,-50.5673874705101,0,26,26,26,6,-50.5673874705101
01-Aug-2026 00:56:30,-178.785876713432,-50.6788897669158,0,27,27,27,6,-50.6788897669158
01-Aug-2026 00:56:32,-178.710167027173,-50.6031800806568,0,27,27,27,6,-50.6031800806568
01-Aug-2026 00:56:34,-178.947652941871,-50.8406659953554,0,27,27,27,6,-50.8406659953554
01-Aug-2026 00:56:36,-178.559245968832,-50.4522590223164,0,26,26,26,8,-50.4522590223164
01-Aug-2026 00:56:38,-178.64885651067,-50.5418695641542,0,27,27,27,8,-50.5418695641542
01-Aug-2026 00:56:40,-181.074534056858,-52.9675471103417,0,27,27,27,7,-52.9675471103417
01-Aug-2026 00:56:42,-182.289512461269,-54.1825255147529,0,28,28,28,6,-54.1825255147529
01-Aug-2026 00:56:44,-145.389683599807,-17.2826966532911,0,28,28,28,7,-17.2826966532911
01-Aug-2026 00:56:46,-145.170840180523,-17.0638532340067,0,28,28,28,5,-17.0638532340067
01-Aug-2026 00:56:48,-144.224481368756,-16.1174944222396,0,29,29,29,7,-16.1174944222396
01-Aug-2026 00:56:50,-144.330172293525,-16.2231853470091,0,29,29,29,9,-16.2231853470091
01-Aug-2026 00:56:52,-143.979968915523,-15.8729819690071,0,29,29,29,9,-15.8729819690071
01-Aug-2026 00:56:54,-144.086650873268,-15.9796639267517,0,29,29,29,7,-15.9796639267517
01-Aug-2026 00:56:56,-181.224476866988,-53.1174899204722,0,28,28,28,6,-53.1174899204722
01-Aug-2026 00:56:58,-181.29014871003,-53.1831617635138,0,28,28,28,6,-53.1831617635138
01-Aug-2026 00:57:00,-179.119097924141,-51.012110977625,0,28,28,28,7,-51.012110977625
01-Aug-2026 00:57:02,-178.757240306888,-50.6502533603723,0,29,29,29,7,-50.6502533603723
01-Aug-2026 00:57:04,-178.545121779532,-50.4381348330166,0,28,28,28,8,-50.4381348330166
01-Aug-2026 00:57:06,-173.799480513248,-45.6924935667325,0,28,28,28,9,-45.6924935667325
01-Aug-2026 00:57:08,-173.415186741647,-45.3081997951313,0,28,28,28,9,-45.3081997951313
01-Aug-2026 00:57:10,-173.586803777544,-45.4798168310285,0,27,27,27,9,-45.4798168310285
01-Aug-2026 00:57:12,-173.905415896593,-45.7984289500774,0,27,27,27,8,-45.7984289500774
01-Aug-2026 00:57:14,-173.77272555064,-45.6657386041241,0,27,27,27,8,-45.6657386041241
01-Aug-2026 00:57:16,-179.970372064456,-51.8633851179398,0,27,27,27,6,-51.8633851179398
01-Aug-2026 00:57:18,-164.234944446078,-36.1279574995626,0,27,27,27,7,-36.1279574995626
01-Aug-2026 00:57:20,-164.664961583324,-36.5579746368081,0,27,27,27,6,-36.5579746368081
01-Aug-2026 00:57:22,-165.068640692023,-36.9616537455073,0,27,27,27,7,-36.9616537455073
01-Aug-2026 00:57:24,-165.166707521152,-37.0597205746358,0,26,26,26,6,-37.0597205746358
01-Aug-2026 00:57:26,-165.09031458139,-36.9833276348738,0,26,26,26,6,-36.9833276348738
01-Aug-2026 00:57:28,-166.23741701483,-38.130430068314,0,26,26,26,6,-38.130430068314
01-Aug-2026 00:57:30,-166.476313450701,-38.3693265041856,0,26,26,26,6,-38.3693265041856
01-Aug-2026 00:57:32,-167.352652318701,-39.2456653721856,0,26,26,26,6,-39.2456653721856
01-Aug-2026 00:57:34,-167.969742908249,-39.8627559617332,0,26,26,26,6,-39.8627559617332
01-Aug-2026 00:57:36,-149.133550577827,-21.0265636313112,0,26,26,26,6,-21.0265636313112
01-Aug-2026 00:57:38,-149.27296778041,-21.1659808338945,0,26,26,26,6,-21.1659808338945
01-Aug-2026 00:57:40,-150.125548407588,-22.018561461072,0,26,26,26,6,-22.018561461072
01-Aug-2026 00:57:42,-151.015886098252,-22.9088991517358,0,26,26,26,8,-22.9088991517358
01-Aug-2026 00:57:44,-151.989203255863,-23.8822163093475,0,26,26,26,8,-23.8822163093475
01-Aug-2026 00:57:46,-168.142209079555,-40.0352221330392,0,26,26,26,7,-40.0352221330392
01-Aug-2026 00:57:48,-167.39282619861,-39.2858392520939,0,26,26,26,8,-39.2858392520939
01-Aug-2026 00:57:50,-172.832528822651,-44.7255418761352,0,26,26,26,7,-44.7255418761352
01-Aug-2026 00:57:52,-172.543012535599,-44.4360255890834,0,26,26,26,7,-44.4360255890834
01-Aug-2026 00:57:54,-174.190190883027,-46.0832039365114,0,26,26,26,6,-46.0832039365114
01-Aug-2026 00:57:56,-173.648209099731,-45.541222153215,0,25,25,25,6,-45.541222153215
01-Aug-2026 00:57:58,-180.012248060412,-51.9052611138957,0,25,25,25,5,-51.9052611138957
01-Aug-2026 00:58:00,-179.981344733676,-51.87435778716,0,25,25,25,5,-51.87435778716
01-Aug-2026 00:58:02,-175.014316771533,-46.9073298250168,0,25,25,25,6,-46.9073298250168
01-Aug-2026 00:58:04,-170.921839850763,-42.8148529042467,0,25,25,25,7,-42.8148529042467
01-Aug-2026 00:58:06,-158.096084142773,-29.9890971962575,0,25,25,25,9,-29.9890971962575
01-Aug-2026 00:58:08,-165.620277065236,-37.5132901187202,0,25,25,25,9,-37.5132901187202
01-Aug-2026 00:58:10,-165.666012825548,-37.559025879032,0,25,25,25,9,-37.559025879032
01-Aug-2026 00:58:12,-165.729748756516,-37.6227618100006,0,26,26,26,9,-37.6227618100006
01-Aug-2026 00:58:14,-166.107705026682,-38.0007180801665,0,26,26,26,8,-38.0007180801665
01-Aug-2026 00:58:16,-166.151517437456,-38.0445304909404,0,26,26,26,9,-38.0445304909404
01-Aug-2026 00:58:18,-166.386521898115,-38.2795349515993,0,25,25,25,10,-38.2795349515993
01-Aug-2026 00:58:20,-172.051053036632,-43.9440660901163,0,25,25,25,9,-43.9440660901163
01-Aug-2026 00:58:22,-171.844908419053,-43.7379214725374,0,25,25,25,9,-43.7379214725374
01-Aug-2026 00:58:24,-171.85433222847,-43.7473452819537,0,25,25,25,9,-43.7473452819537
01-Aug-2026 00:58:26,-171.824585073135,-43.717598126619,0,25,25,25,9,-43.717598126619
01-Aug-2026 00:58:28,-171.85852408234,-43.751537135824,0,25,25,25,9,-43.751537135824
01-Aug-2026 00:58:30,-172.054422351779,-43.9474354052629,0,25,25,25,8,-43.9474354052629
01-Aug-2026 00:58:32,-171.926131518316,-43.8191445718005,0,25,25,25,10,-43.8191445718005
01-Aug-2026 00:58:34,-172.296713547311,-44.1897266007954,0,25,25,25,11,-44.1897266007954
01-Aug-2026 00:58:36,-172.057355794915,-43.9503688483996,0,25,25,25,10,-43.9503688483996
01-Aug-2026 00:58:38,-172.020370094786,-43.9133831482696,0,25,25,25,10,-43.9133831482696
01-Aug-2026 00:58:40,-171.744927873904,-43.6379409273883,0,25,25,25,10,-43.6379409273883
01-Aug-2026 00:58:42,-170.880864043607,-42.7738770970911,0,25,25,25,11,-42.7738770970911
01-Aug-2026 00:58:44,-170.827191365249,-42.7202044187332,0,26,26,26,11,-42.7202044187332
01-Aug-2026 00:58:46,-170.914929259033,-42.807942312517,0,26,26,26,10,-42.807942312517
01-Aug-2026 00:58:48,-171.263905767245,-43.1569188207293,0,26,26,26,9,-43.1569188207293
01-Aug-2026 00:58:50,-171.407860827585,-43.3008738810688,0,26,26,26,8,-43.3008738810688
01-Aug-2026 00:58:52,-171.213039004146,-43.1060520576297,0,26,26,26,8,-43.1060520576297
01-Aug-2026 00:58:54,-171.848710234596,-43.7417232880799,0,26,26,26,7,-43.7417232880799
01-Aug-2026 00:58:56,-174.713958966083,-46.6069720195676,0,26,26,26,6,-46.6069720195676
01-Aug-2026 00:58:58,-174.183391383725,-46.0764044372096,0,27,27,27,6,-46.0764044372096
01-Aug-2026 00:59:00,-174.665957534459,-46.5589705879429,0,26,26,26,5,-46.5589705879429
01-Aug-2026 00:59:02,-174.835728895325,-46.7287419488091,0,25,25,25,6,-46.7287419488091
01-Aug-2026 00:59:04,-174.603749058194,-46.4967621116782,0,25,25,25,7,-46.4967621116782
01-Aug-2026 00:59:06,-176.941641339425,-48.834654392909,0,25,25,25,5,-48.834654392909
01-Aug-2026 00:59:08,-176.586531043232,-48.4795440967166,0,25,25,25,6,-48.4795440967166
01-Aug-2026 00:59:10,-175.574704027382,-47.4677170808662,0,25,25,25,7,-47.4677170808662
01-Aug-2026 00:59:12,-175.951785798981,-47.8447988524647,0,25,25,25,7,-47.8447988524647
01-Aug-2026 00:59:14,-176.060173836009,-47.9531868894935,0,25,25,25,7,-47.9531868894935
01-Aug-2026 00:59:16,-175.980314603968,-47.8733276574518,0,25,25,25,7,-47.8733276574518
01-Aug-2026 00:59:18,-175.619702344271,-47.5127153977556,0,25,25,25,7,-47.5127153977556
01-Aug-2026 00:59:20,-175.999207955448,-47.892221008932,0,24,24,24,7,-47.892221008932
01-Aug-2026 00:59:22,-176.445940286336,-48.3389533398201,0,24,24,24,6,-48.3389533398201
01-Aug-2026 00:59:24,-160.798395850204,-32.6914089036881,0,24,24,24,6,-32.6914089036881
01-Aug-2026 00:59:26,-160.448059249457,-32.3410723029416,0,24,24,24,6,-32.3410723029416
01-Aug-2026 00:59:28,-160.310810210139,-32.2038232636232,0,24,24,24,6,-32.2038232636232
01-Aug-2026 00:59:30,-160.197873417389,-32.0908864708732,0,24,24,24,6,-32.0908864708732
01-Aug-2026 00:59:32,-159.67327364901,-31.5662867024939,0,24,24,24,6,-31.5662867024939
01-Aug-2026 00:59:34,-158.933569612463,-30.8265826659468,0,25,25,25,6,-30.8265826659468
01-Aug-2026 00:59:36,-157.439085845187,-29.3320988986708,0,25,25,25,6,-29.3320988986708
01-Aug-2026 00:59:38,-156.511835790505,-28.4048488439896,0,25,25,25,8,-28.4048488439896
01-Aug-2026 00:59:40,-179.207149043367,-51.1001620968512,0,25,25,25,8,-51.1001620968512
01-Aug-2026 00:59:42,-179.79870719939,-51.6917202528742,0,25,25,25,7,-51.6917202528742
01-Aug-2026 00:59:44,-181.492724843551,-53.3857378970353,0,25,25,25,6,-53.3857378970353
01-Aug-2026 00:59:46,-163.301558185876,-35.1945712393604,0,25,25,25,7,-35.1945712393604
01-Aug-2026 00:59:48,-162.808297205251,-34.7013102587354,0,25,25,25,7,-34.7013102587354
01-Aug-2026 00:59:50,-162.445584492918,-34.3385975464023,0,26,26,26,7,-34.3385975464023
01-Aug-2026 00:59:52,-162.353240827846,-34.2462538813297,0,26,26,26,6,-34.2462538813297
01-Aug-2026 00:59:54,-161.431374057519,-33.3243871110036,0,26,26,26,6,-33.3243871110036
01-Aug-2026 00:59:56,-160.776107503511,-32.6691205569951,0,26,26,26,6,-32.6691205569951
01-Aug-2026 00:59:58,-160.824407660425,-32.7174207139092,0,26,26,26,6,-32.7174207139092
01-Aug-2026 01:00:00,-160.898271862725,-32.7912849162092,0,26,26,26,6,-32.7912849162092
01-Aug-2026 01:00:02,-160.66099526624,-32.5540083197246,0,26,26,26,7,-32.5540083197246
01-Aug-2026 01:00:04,-160.367416801834,-32.2604298553185,0,26,26,26,7,-32.2604298553185
01-Aug-2026 01:00:06,-160.423968267307,-32.3169813207909,0,27,27,27,6,-32.3169813207909
01-Aug-2026 01:00:08,-159.969342506519,-31.8623555600033,0,26,26,26,6,-31.8623555600033
01-Aug-2026 01:00:10,-159.951091394399,-31.8441044478833,0,26,26,26,5,-31.8441044478833
01-Aug-2026 01:00:12,-159.953128889178,-31.8461419426624,0,26,26,26,5,-31.8461419426624
01-Aug-2026 01:00:14,-159.705255335751,-31.5982683892352,0,26,26,26,6,-31.5982683892352
01-Aug-2026 01:00:16,-159.564406454002,-31.4574195074865,0,25,25,25,6,-31.4574195074865
01-Aug-2026 01:00:18,-160.300669520529,-32.1936825740132,0,25,25,25,7,-32.1936825740132
01-Aug-2026 01:00:20,-159.603819223895,-31.4968322773792,0,25,25,25,8,-31.4968322773792
01-Aug-2026 01:00:22,-159.583497110427,-31.4765101639115,0,25,25,25,9,-31.4765101639115
01-Aug-2026 01:00:24,-159.990326785739,-31.8833398392228,0,27,27,27,9,-31.8833398392228
01-Aug-2026 01:00:26,-159.516043203856,-31.4090562573399,0,27,27,27,9,-31.4090562573399
01-Aug-2026 01:00:28,-159.752612899106,-31.6456259525905,0,28,28,28,10,-31.6456259525905
01-Aug-2026 01:00:30,-159.720692958595,-31.6137060120795,0,28,28,28,10,-31.6137060120795
01-Aug-2026 01:00:32,-159.828439721581,-31.7214527750652,0,28,28,28,11,-31.7214527750652
01-Aug-2026 01:00:34,-159.788693460051,-31.681706513535,0,28,28,28,11,-31.681706513535
01-Aug-2026 01:00:36,-159.370376947159,-31.2633900006434,0,28,28,28,10,-31.2633900006434
01-Aug-2026 01:00:38,-159.244411228912,-31.1374242823965,0,28,28,28,8,-31.1374242823965
01-Aug-2026 01:00:40,-159.623158712871,-31.5161717663553,0,29,29,29,8,-31.5161717663553
01-Aug-2026 01:00:42,-159.896892634485,-31.7899056879693,0,29,29,29,7,-31.7899056879693
01-Aug-2026 01:00:44,-167.960534787438,-39.8535478409223,0,29,29,29,7,-39.8535478409223
01-Aug-2026 01:00:46,-167.519688735928,-39.4127017894117,0,28,28,28,7,-39.4127017894117
01-Aug-2026 01:00:48,-167.919703399807,-39.8127164532912,0,28,28,28,7,-39.8127164532912
01-Aug-2026 01:00:50,-158.55980369138,-30.4528167448641,0,28,28,28,8,-30.4528167448641
01-Aug-2026 01:00:52,-158.003789275394,-29.8968023288777,0,29,29,29,8,-29.8968023288777
01-Aug-2026 01:00:54,-157.36899639897,-29.2620094524543,0,29,29,29,8,-29.2620094524543
01-Aug-2026 01:00:56,-157.111644842074,-29.004657895558,0,28,28,28,9,-29.004657895558
01-Aug-2026 01:00:58,-155.753769886999,-27.646782940483,0,27,27,27,9,-27.646782940483
01-Aug-2026 01:01:00,-155.670297201939,-27.5633102554233,0,27,27,27,9,-27.5633102554233
01-Aug-2026 01:01:02,-155.534931531319,-27.4279445848034,0,27,27,27,9,-27.4279445848034
01-Aug-2026 01:01:04,-155.119793352634,-27.0128064061185,0,27,27,27,9,-27.0128064061185
01-Aug-2026 01:01:06,-154.714142794949,-26.6071558484331,0,27,27,27,6,-26.6071558484331
01-Aug-2026 01:01:08,-153.686571327493,-25.5795843809771,0,27,27,27,7,-25.5795843809771
01-Aug-2026 01:01:10,-153.432645270246,-25.32565832373,0,27,27,27,7,-25.32565832373
01-Aug-2026 01:01:12,-152.787300148674,-24.6803132021586,0,27,27,27,7,-24.6803132021586
01-Aug-2026 01:01:14,-152.575621688728,-24.4686347422121,0,26,26,26,7,-24.4686347422121
01-Aug-2026 01:01:16,-151.859709779158,-23.7527228326418,0,26,26,26,7,-23.7527228326418
01-Aug-2026 01:01:18,-151.696468951129,-23.5894820046131,0,26,26,26,7,-23.5894820046131
01-Aug-2026 01:01:20,-151.71575720406,-23.6087702575442,0,26,26,26,7,-23.6087702575442
01-Aug-2026 01:01:22,-151.505004484033,-23.3980175375172,0,26,26,26,7,-23.3980175375172
01-Aug-2026 01:01:24,-151.392489270132,-23.2855023236165,0,26,26,26,8,-23.2855023236165
01-Aug-2026 01:01:26,-151.872530167292,-23.7655432207766,0,26,26,26,8,-23.7655432207766
01-Aug-2026 01:01:28,-151.823110993166,-23.7161240466498,0,26,26,26,8,-23.7161240466498
01-Aug-2026 01:01:30,-151.528875597423,-23.4218886509069,0,26,26,26,8,-23.4218886509069
01-Aug-2026 01:01:32,-152.485630320037,-24.3786433735209,0,26,26,26,8,-24.3786433735209
01-Aug-2026 01:01:34,-153.057261204613,-24.9502742580971,0,26,26,26,8,-24.9502742580971
01-Aug-2026 01:01:36,-153.365935965356,-25.2589490188405,0,26,26,26,8,-25.2589490188405
01-Aug-2026 01:01:38,-153.604679108919,-25.4976921624026,0,26,26,26,9,-25.4976921624026
01-Aug-2026 01:01:40,-159.359021908557,-31.2520349620416,0,26,26,26,8,-31.2520349620416
01-Aug-2026 01:01:42,-159.090514411689,-30.983527465173,0,26,26,26,8,-30.983527465173
01-Aug-2026 01:01:44,-158.682256700589,-30.5752697540735,0,26,26,26,8,-30.5752697540735
01-Aug-2026 01:01:46,-153.726475614386,-25.6194886678697,0,26,26,26,9,-25.6194886678697
01-Aug-2026 01:01:48,-154.08808279716,-25.9810958506437,0,25,25,25,9,-25.9810958506437
01-Aug-2026 01:01:50,-154.911797910692,-26.8048109641761,0,25,25,25,9,-26.8048109641761
01-Aug-2026 01:01:52,-155.283630925309,-27.1766439787929,0,25,25,25,9,-27.1766439787929
01-Aug-2026 01:01:54,-155.7663725111,-27.6593855645841,0,25,25,25,7,-27.6593855645841
01-Aug-2026 01:01:56,-156.117735920918,-28.0107489744019,0,25,25,25,7,-28.0107489744019
01-Aug-2026 01:01:58,-156.042428744756,-27.9354417982402,0,25,25,25,6,-27.9354417982402
01-Aug-2026 01:02:00,-155.952603416887,-27.8456164703707,0,25,25,25,7,-27.8456164703707
01-Aug-2026 01:02:02,-155.927009550825,-27.8200226043095,0,25,25,25,7,-27.8200226043095
01-Aug-2026 01:02:04,-156.265065557819,-28.1580786113033,0,25,25,25,7,-28.1580786113033
01-Aug-2026 01:02:06,-156.408105605858,-28.3011186593419,0,24,24,24,6,-28.3011186593419
01-Aug-2026 01:02:08,-155.889561699676,-27.78257475316,0,24,24,24,7,-27.78257475316
01-Aug-2026 01:02:10,-155.896212244622,-27.7892252981057,0,24,24,24,9,-27.7892252981057
01-Aug-2026 01:02:12,-156.248909454008,-28.1419225074924,0,24,24,24,9,-28.1419225074924
01-Aug-2026 01:02:14,-155.869856083317,-27.7628691368016,0,24,24,24,9,-27.7628691368016
01-Aug-2026 01:02:16,-155.585496571403,-27.4785096248868,0,24,24,24,9,-27.4785096248868
01-Aug-2026 01:02:18,-154.9094752278,-26.802488281284,0,24,24,24,7,-26.802488281284
01-Aug-2026 01:02:20,-161.064234932806,-32.9572479862898,0,24,24,24,6,-32.9572479862898
01-Aug-2026 01:02:22,-161.101866643976,-32.9948796974604,0,24,24,24,6,-32.9948796974604
01-Aug-2026 01:02:24,-161.136542099457,-33.0295551529409,0,24,24,24,6,-33.0295551529409
01-Aug-2026 01:02:26,-161.143190261117,-33.0362033146006,0,24,24,24,6,-33.0362033146006
01-Aug-2026 01:02:28,-161.084423298904,-32.9774363523881,0,24,24,24,6,-32.9774363523881
01-Aug-2026 01:02:30,-170.966033882699,-42.8590469361834,0,25,25,25,4,-42.8590469361834
01-Aug-2026 01:02:32,-170.639578634509,-42.5325916879935,0,25,25,25,3,-42.5325916879935
01-Aug-2026 01:02:34,-170.643550371755,-42.5365634252394,0,25,25,25,3,-42.5365634252394
01-Aug-2026 01:02:36,-170.379769017558,-42.2727820710421,0,26,26,26,3,-42.2727820710421
01-Aug-2026 01:02:38,-152.63475097083,-24.5277640243144,0,26,26,26,5,-24.5277640243144
01-Aug-2026 01:02:40,-151.999264936754,-23.8922779902386,0,26,26,26,5,-23.8922779902386
01-Aug-2026 01:02:42,-151.583632037295,-23.4766450907795,0,26,26,26,5,-23.4766450907795
01-Aug-2026 01:02:44,-151.082469206759,-22.9754822602431,0,26,26,26,5,-22.9754822602431
01-Aug-2026 01:02:46,-151.039025922527,-22.9320389760108,0,26,26,26,5,-22.9320389760108
01-Aug-2026 01:02:48,-150.452157276181,-22.3451703296655,0,26,26,26,5,-22.3451703296655
01-Aug-2026 01:02:50,-150.084079675365,-21.9770927288489,0,27,27,27,6,-21.9770927288489
01-Aug-2026 01:02:52,-149.723208868576,-21.6162219220603,0,25,25,25,7,-21.6162219220603
01-Aug-2026 01:02:54,-149.952966821197,-21.8459798746809,0,25,25,25,7,-21.8459798746809
01-Aug-2026 01:02:56,-149.420574735618,-21.3135877891018,0,25,25,25,7,-21.3135877891018
01-Aug-2026 01:02:58,-148.112423820534,-20.0054368740182,0,25,25,25,7,-20.0054368740182
01-Aug-2026 01:03:00,-147.730191962097,-19.6232050155808,0,25,25,25,6,-19.6232050155808
01-Aug-2026 01:03:02,-146.313039898046,-18.2060529515306,0,25,25,25,5,-18.2060529515306
01-Aug-2026 01:03:04,-146.054859451206,-17.9478725046901,0,25,25,25,5,-17.9478725046901
01-Aug-2026 01:03:06,-146.274599590796,-18.1676126442801,0,25,25,25,6,-18.1676126442801
01-Aug-2026 01:03:08,-145.930567038232,-17.8235800917159,0,25,25,25,5,-17.8235800917159
01-Aug-2026 01:03:10,-146.083307101805,-17.9763201552895,0,25,25,25,6,-17.9763201552895
01-Aug-2026 01:03:12,-146.246752952018,-18.1397660055021,0,24,24,24,4,-18.1397660055021
01-Aug-2026 01:03:14,-146.476358285643,-18.3693713391274,0,24,24,24,4,-18.3693713391274
01-Aug-2026 01:03:16,-146.252598393007,-18.145611446491,0,24,24,24,4,-18.145611446491
01-Aug-2026 01:03:18,-146.965079585608,-18.8580926390925,0,25,25,25,4,-18.8580926390925
01-Aug-2026 01:03:20,-145.521177750224,-17.4141908037079,0,25,25,25,4,-17.4141908037079
01-Aug-2026 01:03:22,-144.794109921442,-16.6871229749257,0,25,25,25,4,-16.6871229749257
01-Aug-2026 01:03:24,-144.807905477829,-16.7009185313135,0,25,25,25,5,-16.7009185313135
01-Aug-2026 01:03:26,-144.776507488512,-16.6695205419959,0,25,25,25,5,-16.6695205419959
01-Aug-2026 01:03:28,-144.817590989571,-16.7106040430547,0,25,25,25,5,-16.7106040430547
01-Aug-2026 01:03:30,-144.860175038992,-16.7531880924766,0,25,25,25,5,-16.7531880924766
01-Aug-2026 01:03:32,-144.799032262492,-16.6920453159762,0,25,25,25,5,-16.6920453159762
01-Aug-2026 01:03:34,-144.923497339872,-16.8165103933557,0,25,25,25,7,-16.8165103933557
01-Aug-2026 01:03:36,-145.34032080169,-17.2333338551736,0,25,25,25,7,-17.2333338551736
01-Aug-2026 01:03:38,-145.951639747681,-17.844652801165,0,25,25,25,8,-17.844652801165
01-Aug-2026 01:03:40,-146.307359180215,-18.2003722336987,0,25,25,25,9,-18.2003722336987
01-Aug-2026 01:03:42,-147.292500887715,-19.1855139411991,0,25,25,25,9,-19.1855139411991
01-Aug-2026 01:03:44,-147.928825880842,-19.8218389343265,0,25,25,25,9,-19.8218389343265
01-Aug-2026 01:03:46,-148.796930012481,-20.6899430659654,0,25,25,25,9,-20.6899430659654
01-Aug-2026 01:03:48,-149.622575239913,-21.515588293397,0,25,25,25,9,-21.515588293397
01-Aug-2026 01:03:50,-150.378133733958,-22.2711467874417,0,25,25,25,7,-22.2711467874417
01-Aug-2026 01:03:52,-150.806341297043,-22.6993543505273,0,25,25,25,8,-22.6993543505273
01-Aug-2026 01:03:54,-150.813827236169,-22.7068402896533,0,24,24,24,7,-22.7068402896533
01-Aug-2026 01:03:56,-150.709546928028,-22.6025599815125,0,24,24,24,7,-22.6025599815125
01-Aug-2026 01:03:58,-150.418902275291,-22.3119153287756,0,25,25,25,7,-22.3119153287756
01-Aug-2026 01:04:00,-150.391822397926,-22.2848354514101,0,25,25,25,6,-22.2848354514101
01-Aug-2026 01:04:02,-150.411070253029,-22.304083306513,0,25,25,25,6,-22.304083306513
01-Aug-2026 01:04:04,-150.120048624528,-22.0130616780124,0,24,24,24,6,-22.0130616780124
01-Aug-2026 01:04:06,-149.848285259923,-21.7412983134072,0,25,25,25,5,-21.7412983134072
01-Aug-2026 01:04:08,-149.75350582121,-21.6465188746941,0,25,25,25,4,-21.6465188746941
01-Aug-2026 01:04:10,-149.624685068145,-21.5176981216295,0,25,25,25,4,-21.5176981216295
01-Aug-2026 01:04:12,-150.246039417867,-22.1390524713513,0,25,25,25,5,-22.1390524713513
01-Aug-2026 01:04:14,-150.018069382123,-21.9110824356068,0,25,25,25,4,-21.9110824356068
01-Aug-2026 01:04:16,-149.719973934374,-21.6129869878586,0,25,25,25,4,-21.6129869878586
01-Aug-2026 01:04:18,-149.454578621705,-21.3475916751891,0,26,26,26,3,-21.3475916751891
01-Aug-2026 01:04:20,-149.284523494641,-21.1775365481247,0,27,27,27,4,-21.1775365481247
01-Aug-2026 01:04:22,-149.1704530236,-21.0634660770846,0,27,27,27,5,-21.0634660770846
01-Aug-2026 01:04:24,-148.811808215464,-20.7048212689481,0,27,27,27,5,-20.7048212689481
01-Aug-2026 01:04:26,-148.126590003689,-20.0196030571736,0,27,27,27,5,-20.0196030571736
01-Aug-2026 01:04:28,-148.220001783323,-20.1130148368069,0,27,27,27,5,-20.1130148368069
01-Aug-2026 01:04:30,-148.117101873016,-20.0101149265,0,27,27,27,5,-20.0101149265
01-Aug-2026 01:04:32,-147.502805209901,-19.3958182633848,0,28,28,28,4,-19.3958182633848
01-Aug-2026 01:04:34,-147.686096847754,-19.5791099012378,0,28,28,28,4,-19.5791099012378
01-Aug-2026 01:04:36,-147.179312571142,-19.0723256246257,0,27,27,27,3,-19.0723256246257
01-Aug-2026 01:04:38,-147.424922429187,-19.3179354826709,0,27,27,27,3,-19.3179354826709
01-Aug-2026 01:04:40,-146.909966513241,-18.8029795667247,0,27,27,27,3,-18.8029795667247
01-Aug-2026 01:04:42,-146.862347270509,-18.7553603239936,0,28,28,28,4,-18.7553603239936
01-Aug-2026 01:04:44,-146.709887203522,-18.6029002570059,0,28,28,28,6,-18.6029002570059
01-Aug-2026 01:04:46,-146.611902601424,-18.5049156549082,0,26,26,26,5,-18.5049156549082
01-Aug-2026 01:04:48,-146.128787751113,-18.0218008045968,0,26,26,26,6,-18.0218008045968
01-Aug-2026 01:04:50,-145.989429893493,-17.8824429469772,0,26,26,26,7,-17.8824429469772
01-Aug-2026 01:04:52,-146.315688683106,-18.2087017365903,0,26,26,26,7,-18.2087017365903
01-Aug-2026 01:04:54,-146.176381936041,-18.0693949895248,0,26,26,26,7,-18.0693949895248
01-Aug-2026 01:04:56,-166.423295238572,-38.316308292056,0,26,26,26,7,-38.316308292056
01-Aug-2026 01:04:58,-166.784165322654,-38.6771783761379,0,26,26,26,8,-38.6771783761379
01-Aug-2026 01:05:00,-166.704495378458,-38.5975084319417,0,26,26,26,8,-38.5975084319417
01-Aug-2026 01:05:02,-166.182630979643,-38.0756440331273,0,26,26,26,8,-38.0756440331273
01-Aug-2026 01:05:04,-165.923429492748,-37.8164425462322,0,25,25,25,7,-37.8164425462322
01-Aug-2026 01:05:06,-165.54140193459,-37.4344149880741,0,25,25,25,8,-37.4344149880741
01-Aug-2026 01:05:08,-165.120347219027,-37.0133602725111,0,25,25,25,8,-37.0133602725111
01-Aug-2026 01:05:10,-172.938228960939,-44.8312420144233,0,25,25,25,7,-44.8312420144233
01-Aug-2026 01:05:12,-173.026505115471,-44.9195181689553,0,25,25,25,6,-44.9195181689553
01-Aug-2026 01:05:14,-173.18281761376,-45.0758306672441,0,25,25,25,5,-45.0758306672441
01-Aug-2026 01:05:16,-173.398162010332,-45.2911750638161,0,25,25,25,5,-45.2911750638161
01-Aug-2026 01:05:18,-173.480294981019,-45.373308034503,0,25,25,25,5,-45.373308034503
01-Aug-2026 01:05:20,-173.169359222866,-45.0623722763505,0,25,25,25,5,-45.0623722763505
01-Aug-2026 01:05:22,-172.612817619575,-44.5058306730594,0,25,25,25,6,-44.5058306730594
01-Aug-2026 01:05:24,-172.596763901053,-44.4897769545371,0,25,25,25,6,-44.4897769545371
01-Aug-2026 01:05:26,-175.235244616421,-47.1282576699054,0,25,25,25,5,-47.1282576699054
01-Aug-2026 01:05:28,-174.885032887333,-46.7780459408169,0,25,25,25,5,-46.7780459408169
01-Aug-2026 01:05:30,-174.508634785493,-46.4016478389768,0,25,25,25,5,-46.4016478389768
01-Aug-2026 01:05:32,-174.384773830853,-46.2777868843367,0,25,25,25,5,-46.2777868843367
01-Aug-2026 01:05:34,-173.886661740642,-45.7796747941266,0,25,25,25,4,-45.7796747941266
01-Aug-2026 01:05:36,-173.265406055099,-45.1584191085829,0,25,25,25,3,-45.1584191085829
01-Aug-2026 01:05:38,-173.126684066534,-45.0196971200179,0,25,25,25,3,-45.0196971200179
01-Aug-2026 01:05:40,-170.961111208472,-42.8541242619562,0,25,25,25,4,-42.8541242619562
01-Aug-2026 01:05:42,-170.499098150083,-42.3921112035668,0,24,24,24,5,-42.3921112035668
01-Aug-2026 01:05:44,-160.882318667766,-32.7753317212502,0,24,24,24,7,-32.7753317212502
01-Aug-2026 01:05:46,-160.760331168683,-32.6533442221674,0,25,25,25,7,-32.6533442221674
01-Aug-2026 01:05:48,-160.253937473057,-32.1469505265414,0,25,25,25,6,-32.1469505265414
01-Aug-2026 01:05:50,-160.583518505524,-32.4765315590078,0,25,25,25,6,-32.4765315590078
01-Aug-2026 01:05:52,-160.127759505452,-32.0207725589357,0,24,24,24,7,-32.0207725589357
01-Aug-2026 01:05:54,-160.746124449297,-32.639137502781,0,24,24,24,7,-32.639137502781
01-Aug-2026 01:05:56,-161.408963910738,-33.3019769642224,0,24,24,24,6,-33.3019769642224
01-Aug-2026 01:05:58,-162.368623317687,-34.2616363711708,0,24,24,24,6,-34.2616363711708
01-Aug-2026 01:06:00,-160.645532634098,-32.538545687582,0,24,24,24,6,-32.538545687582
01-Aug-2026 01:06:02,-160.491350345968,-32.3843633994522,0,24,24,24,5,-32.3843633994522
01-Aug-2026 01:06:04,-159.583693255726,-31.4767063092105,0,24,24,24,5,-31.4767063092105
01-Aug-2026 01:06:06,-158.900574338324,-30.7935873918083,0,24,24,24,4,-30.7935873918083
01-Aug-2026 01:06:08,-158.775093244334,-30.668106297818,0,24,24,24,4,-30.668106297818
01-Aug-2026 01:06:10,-158.315993093815,-30.2090061472988,0,24,24,24,4,-30.2090061472988
01-Aug-2026 01:06:12,-156.617878479759,-28.5108915332434,0,24,24,24,5,-28.5108915332434
01-Aug-2026 01:06:14,-155.732803525525,-27.6258165790087,0,24,24,24,5,-27.6258165790087
01-Aug-2026 01:06:16,-154.537121809728,-26.4301348632122,0,24,24,24,5,-26.4301348632122
01-Aug-2026 01:06:18,-154.796265813862,-26.6892788673466,0,25,25,25,5,-26.6892788673466
01-Aug-2026 01:06:20,-154.511663025484,-26.4046760789678,0,25,25,25,5,-26.4046760789678
01-Aug-2026 01:06:22,-154.104184820477,-25.9971978739613,0,25,25,25,4,-25.9971978739613
01-Aug-2026 01:06:24,-153.825072607579,-25.7180856610627,0,25,25,25,5,-25.7180856610627
01-Aug-2026 01:06:26,-153.846012251612,-25.7390253050959,0,26,26,26,4,-25.7390253050959
01-Aug-2026 01:06:28,-152.875081451519,-24.768094505003,0,26,26,26,4,-24.768094505003
01-Aug-2026 01:06:30,-152.129695394228,-24.0227084477122,0,26,26,26,4,-24.0227084477122
01-Aug-2026 01:06:32,-152.08509433051,-23.9781073839939,0,26,26,26,4,-23.9781073839939
01-Aug-2026 01:06:34,-151.618711622559,-23.5117246760429,0,26,26,26,5,-23.5117246760429
01-Aug-2026 01:06:36,-150.84702636431,-22.7400394177938,0,26,26,26,5,-22.7400394177938
01-Aug-2026 01:06:38,-150.512780940945,-22.4057939944292,0,26,26,26,5,-22.4057939944292
01-Aug-2026 01:06:40,-150.105167181382,-21.9981802348662,0,26,26,26,6,-21.9981802348662
01-Aug-2026 01:06:42,-150.531625779992,-22.4246388334758,0,25,25,25,4,-22.4246388334758
01-Aug-2026 01:06:44,-149.048344253318,-20.9413573068021,0,25,25,25,5,-20.9413573068021
01-Aug-2026 01:06:46,-148.142672983019,-20.0356860365034,0,25,25,25,5,-20.0356860365034
01-Aug-2026 01:06:48,-147.858252212693,-19.7512652661769,0,25,25,25,6,-19.7512652661769
01-Aug-2026 01:06:50,-147.643734879529,-19.5367479330127,0,25,25,25,6,-19.5367479330127
01-Aug-2026 01:06:52,-149.195575133456,-21.0885881869403,0,25,25,25,5,-21.0885881869403
01-Aug-2026 01:06:54,-148.577032204203,-20.4700452576875,0,25,25,25,5,-20.4700452576875
01-Aug-2026 01:06:56,-148.871488900733,-20.7645019542173,0,25,25,25,6,-20.7645019542173
01-Aug-2026 01:06:58,-148.871646815682,-20.7646598691658,0,25,25,25,6,-20.7646598691658
01-Aug-2026 01:07:00,-147.765124834863,-19.6581378883467,0,25,25,25,5,-19.6581378883467
01-Aug-2026 01:07:02,-147.465509748729,-19.3585228022131,0,25,25,25,5,-19.3585228022131
01-Aug-2026 01:07:04,-147.895068321142,-19.7880813746259,0,25,25,25,7,-19.7880813746259
01-Aug-2026 01:07:06,-147.713137463705,-19.6061505171888,0,25,25,25,7,-19.6061505171888
01-Aug-2026 01:07:08,-147.449976884446,-19.3429899379298,0,25,25,25,7,-19.3429899379298
01-Aug-2026 01:07:10,-147.275092196925,-19.1681052504088,0,25,25,25,7,-19.1681052504088
01-Aug-2026 01:07:12,-169.898828225941,-41.7918412794251,0,25,25,25,7,-41.7918412794251
01-Aug-2026 01:07:14,-170.462204516799,-42.3552175702834,0,25,25,25,6,-42.3552175702834
01-Aug-2026 01:07:16,-163.877415176808,-35.7704282302921,0,25,25,25,7,-35.7704282302921
01-Aug-2026 01:07:18,-163.658130475946,-35.5511435294305,0,25,25,25,6,-35.5511435294305
01-Aug-2026 01:07:20,-163.897438236893,-35.7904512903774,0,25,25,25,7,-35.7904512903774
01-Aug-2026 01:07:22,-163.505331037606,-35.3983440910906,0,25,25,25,7,-35.3983440910906
01-Aug-2026 01:07:24,-162.022799845723,-33.915812899207,0,25,25,25,8,-33.915812899207
01-Aug-2026 01:07:26,-162.330346139899,-34.2233591933835,0,25,25,25,8,-34.2233591933835
01-Aug-2026 01:07:28,-162.771940448207,-34.6649535016909,0,25,25,25,6,-34.6649535016909
01-Aug-2026 01:07:30,-163.488752597587,-35.3817656510714,0,25,25,25,5,-35.3817656510714
01-Aug-2026 01:07:32,-162.542296420545,-34.4353094740291,0,24,24,24,5,-34.4353094740291
01-Aug-2026 01:07:34,-163.3058310815,-35.1988441349845,0,24,24,24,5,-35.1988441349845
01-Aug-2026 01:07:36,-163.013918690315,-34.906931743799,0,24,24,24,5,-34.906931743799
01-Aug-2026 01:07:38,-163.571128586343,-35.4641416398272,0,24,24,24,5,-35.4641416398272
01-Aug-2026 01:07:40,-163.343360194827,-35.2363732483113,0,24,24,24,5,-35.2363732483113
01-Aug-2026 01:07:42,-162.983641863629,-34.8766549171133,0,24,24,24,5,-34.8766549171133
01-Aug-2026 01:07:44,-162.63224178629,-34.5252548397742,0,24,24,24,5,-34.5252548397742
01-Aug-2026 01:07:46,-178.321302995114,-50.2143160485984,0,24,24,24,3,-50.2143160485984
01-Aug-2026 01:07:48,-178.000344456699,-49.8933575101829,0,24,24,24,2,-49.8933575101829
01-Aug-2026 01:07:50,-175.674724117688,-47.5677371711719,0,26,26,26,3,-47.5677371711719
01-Aug-2026 01:07:52,-175.286864087692,-47.1798771411759,0,26,26,26,3,-47.1798771411759
01-Aug-2026 01:07:54,-175.080900994007,-46.9739140474913,0,26,26,26,3,-46.9739140474913
01-Aug-2026 01:07:56,-172.411539605281,-44.3045526587655,0,26,26,26,4,-44.3045526587655
01-Aug-2026 01:07:58,-172.324370219172,-44.2173832726557,0,26,26,26,4,-44.2173832726557
01-Aug-2026 01:08:00,-172.268345550384,-44.1613586038682,0,25,25,25,5,-44.1613586038682
01-Aug-2026 01:08:02,-172.25568561049,-44.1486986639744,0,25,25,25,5,-44.1486986639744
01-Aug-2026 01:08:04,-174.05731474628,-45.9503277997638,0,25,25,25,4,-45.9503277997638
01-Aug-2026 01:08:06,-174.239700938568,-46.1327139920522,0,25,25,25,4,-46.1327139920522
01-Aug-2026 01:08:08,-174.444822011499,-46.3378350649834,0,25,25,25,4,-46.3378350649834
01-Aug-2026 01:08:10,-177.132262030001,-49.0252750834848,0,26,26,26,5,-49.0252750834848
01-Aug-2026 01:08:12,-177.472731056327,-49.3657441098109,0,26,26,26,4,-49.3657441098109
01-Aug-2026 01:08:14,-177.61951104532,-49.5125240988043,0,27,27,27,4,-49.5125240988043
01-Aug-2026 01:08:16,-177.676096498757,-49.5691095522407,0,27,27,27,4,-49.5691095522407
01-Aug-2026 01:08:18,-189.5391484507,-61.4321615041843,0,27,27,27,2,-61.4321615041843
01-Aug-2026 01:08:20,-189.591680713821,-61.4846937673054,0,27,27,27,2,-61.4846937673054
01-Aug-2026 01:08:22,-183.038197924944,-54.9312109784277,0,27,27,27,4,-54.9312109784277
01-Aug-2026 01:08:24,-181.235838165566,-53.1288512190506,0,27,27,27,5,-53.1288512190506
01-Aug-2026 01:08:26,-180.957270634776,-52.8502836882605,0,27,27,27,5,-52.8502836882605
01-Aug-2026 01:08:28,-179.845027596411,-51.7380406498949,0,27,27,27,6,-51.7380406498949
01-Aug-2026 01:08:30,-176.610531222143,-48.5035442756275,0,27,27,27,5,-48.5035442756275
01-Aug-2026 01:08:32,-176.52007987171,-48.4130929251944,0,27,27,27,5,-48.4130929251944
01-Aug-2026 01:08:34,-176.661609316559,-48.5546223700435,0,27,27,27,5,-48.5546223700435
01-Aug-2026 01:08:36,-175.95019288412,-47.8432059376038,0,27,27,27,6,-47.8432059376038
01-Aug-2026 01:08:38,-180.570023183956,-52.4630362374405,0,26,26,26,5,-52.4630362374405
01-Aug-2026 01:08:40,-180.400756382993,-52.2937694364773,0,26,26,26,5,-52.2937694364773
01-Aug-2026 01:08:42,-180.954707481599,-52.847720535083,0,26,26,26,4,-52.847720535083
01-Aug-2026 01:08:44,-177.808600780489,-49.7016138339732,0,26,26,26,5,-49.7016138339732
01-Aug-2026 01:08:46,-178.192686118582,-50.0856991720663,0,26,26,26,5,-50.0856991720663
01-Aug-2026 01:08:48,-177.968687842458,-49.8617008959417,0,26,26,26,6,-49.8617008959417
01-Aug-2026 01:08:50,-177.789568662584,-49.6825817160685,0,26,26,26,6,-49.6825817160685
01-Aug-2026 01:08:52,-178.03567998138,-49.9286930348644,0,25,25,25,6,-49.9286930348644
01-Aug-2026 01:08:54,-178.096790286157,-49.989803339641,0,25,25,25,7,-49.989803339641
01-Aug-2026 01:08:56,-178.885498557688,-50.778511611172,0,25,25,25,7,-50.778511611172
01-Aug-2026 01:08:58,-179.045118103327,-50.938131156811,0,25,25,25,7,-50.938131156811
01-Aug-2026 01:09:00,-179.560289708893,-51.4533027623773,0,25,25,25,6,-51.4533027623773
01-Aug-2026 01:09:02,-179.186557853667,-51.0795709071507,0,25,25,25,6,-51.0795709071507
01-Aug-2026 01:09:04,-179.861070392778,-51.7540834462617,0,25,25,25,5,-51.7540834462617
01-Aug-2026 01:09:06,-179.452147010053,-51.3451600635369,0,25,25,25,6,-51.3451600635369
01-Aug-2026 01:09:08,-179.681201382871,-51.5742144363554,0,25,25,25,6,-51.5742144363554
01-Aug-2026 01:09:10,-179.854985313466,-51.7479983669501,0,25,25,25,6,-51.7479983669501
01-Aug-2026 01:09:12,-180.0825505411,-51.9755635945843,0,25,25,25,6,-51.9755635945843
01-Aug-2026 01:09:14,-180.06875537743,-51.9617684309142,0,25,25,25,6,-51.9617684309142
01-Aug-2026 01:09:16,-180.20856871492,-52.1015817684037,0,25,25,25,6,-52.1015817684037
01-Aug-2026 01:09:18,-179.979863378572,-51.8728764320564,0,25,25,25,6,-51.8728764320564
01-Aug-2026 01:09:20,-181.038826870469,-52.9318399239528,0,25,25,25,5,-52.9318399239528
01-Aug-2026 01:09:22,-181.367904810504,-53.2609178639883,0,25,25,25,5,-53.2609178639883
01-Aug-2026 01:09:24,-181.468363656594,-53.3613767100778,0,25,25,25,5,-53.3613767100778
01-Aug-2026 01:09:26,-164.783973441004,-36.6769864944881,0,25,25,25,6,-36.6769864944881
01-Aug-2026 01:09:28,-165.109952944254,-37.0029659977378,0,25,25,25,6,-37.0029659977378
01-Aug-2026 01:09:30,-166.0822634273,-37.9752764807839,0,25,25,25,6,-37.9752764807839
01-Aug-2026 01:09:32,-166.611261382165,-38.5042744356488,0,25,25,25,6,-38.5042744356488
01-Aug-2026 01:09:34,-166.648812896393,-38.5418259498769,0,26,26,26,8,-38.5418259498769
01-Aug-2026 01:09:36,-167.088371852815,-38.9813849062991,0,25,25,25,6,-38.9813849062991
01-Aug-2026 01:09:38,-167.099828904353,-38.9928419578368,0,25,25,25,7,-38.9928419578368
01-Aug-2026 01:09:40,-167.757389435494,-39.650402488978,0,24,24,24,8,-39.650402488978
01-Aug-2026 01:09:42,-167.629875240736,-39.5228882942205,0,24,24,24,7,-39.5228882942205
01-Aug-2026 01:09:44,-166.769824799346,-38.6628378528299,0,24,24,24,7,-38.6628378528299
01-Aug-2026 01:09:46,-167.317847064898,-39.2108601183819,0,24,24,24,7,-39.2108601183819
01-Aug-2026 01:09:48,-167.286661847239,-39.1796749007232,0,24,24,24,7,-39.1796749007232
01-Aug-2026 01:09:50,-159.714931193292,-31.6079442467758,0,24,24,24,9,-31.6079442467758
01-Aug-2026 01:09:52,-159.897719518275,-31.790732571759,0,24,24,24,8,-31.790732571759
01-Aug-2026 01:09:54,-160.265817513284,-32.1588305667684,0,24,24,24,8,-32.1588305667684
01-Aug-2026 01:09:56,-159.860623359508,-31.7536364129925,0,24,24,24,7,-31.7536364129925
01-Aug-2026 01:09:58,-159.976637213113,-31.8696502665974,0,24,24,24,7,-31.8696502665974
01-Aug-2026 01:10:00,-159.936822267806,-31.8298353212903,0,24,24,24,7,-31.8298353212903
01-Aug-2026 01:10:02,-159.560224360943,-31.4532374144275,0,24,24,24,7,-31.4532374144275
01-Aug-2026 01:10:04,-159.648967837847,-31.5419808913307,0,25,25,25,7,-31.5419808913307
01-Aug-2026 01:10:06,-159.269921449408,-31.1629345028918,0,25,25,25,7,-31.1629345028918
01-Aug-2026 01:10:08,-158.811025936223,-30.704038989707,0,25,25,25,7,-30.704038989707
01-Aug-2026 01:10:10,-159.203687764296,-31.0967008177804,0,25,25,25,6,-31.0967008177804
01-Aug-2026 01:10:12,-159.758322197797,-31.6513352512811,0,25,25,25,5,-31.6513352512811
01-Aug-2026 01:10:14,-160.189711992575,-32.0827250460588,0,25,25,25,5,-32.0827250460588
01-Aug-2026 01:10:16,-160.080746146704,-31.9737592001886,0,25,25,25,6,-31.9737592001886
01-Aug-2026 01:10:18,-159.916199927276,-31.8092129807601,0,26,26,26,8,-31.8092129807601
01-Aug-2026 01:10:20,-159.760582486261,-31.6535955397456,0,26,26,26,8,-31.6535955397456
01-Aug-2026 01:10:22,-160.16980755782,-32.0628206113041,0,26,26,26,8,-32.0628206113041
01-Aug-2026 01:10:24,-159.655653777718,-31.5486668312026,0,26,26,26,9,-31.5486668312026
01-Aug-2026 01:10:26,-159.804767025984,-31.6977800794681,0,26,26,26,9,-31.6977800794681
01-Aug-2026 01:10:28,-159.662720432436,-31.5557334859198,0,26,26,26,8,-31.5557334859198
01-Aug-2026 01:10:30,-160.39105898403,-32.2840720375139,0,26,26,26,8,-32.2840720375139
01-Aug-2026 01:10:32,-160.303053756006,-32.1960668094903,0,24,24,24,8,-32.1960668094903
01-Aug-2026 01:10:34,-159.845377345143,-31.7383903986267,0,25,25,25,7,-31.7383903986267
01-Aug-2026 01:10:36,-159.930360617273,-31.8233736707574,0,25,25,25,8,-31.8233736707574
01-Aug-2026 01:10:38,-159.575604785479,-31.4686178389636,0,25,25,25,8,-31.4686178389636
01-Aug-2026 01:10:40,-159.3319946313,-31.2250076847839,0,25,25,25,6,-31.2250076847839
01-Aug-2026 01:10:42,-160.189316834784,-32.0823298882678,0,25,25,25,6,-32.0823298882678
01-Aug-2026 01:10:44,-160.198079124071,-32.0910921775549,0,25,25,25,5,-32.0910921775549
01-Aug-2026 01:10:46,-171.246436464968,-43.1394495184518,0,25,25,25,4,-43.1394495184518
01-Aug-2026 01:10:48,-170.615307425353,-42.5083204788367,0,26,26,26,5,-42.5083204788367
01-Aug-2026 01:10:50,-170.719581692218,-42.6125947457017,0,26,26,26,5,-42.6125947457017
01-Aug-2026 01:10:52,-170.810859799184,-42.7038728526678,0,26,26,26,5,-42.7038728526678
01-Aug-2026 01:10:54,-170.44835296859,-42.3413660220739,0,25,25,25,5,-42.3413660220739
01-Aug-2026 01:10:56,-165.377369140857,-37.2703821943412,0,25,25,25,5,-37.2703821943412
01-Aug-2026 01:10:58,-165.574260214965,-37.4672732684494,0,25,25,25,5,-37.4672732684494
01-Aug-2026 01:11:00,-166.563707815372,-38.4567208688557,0,25,25,25,3,-38.4567208688557
01-Aug-2026 01:11:02,-165.775532734149,-37.6685457876335,0,25,25,25,3,-37.6685457876335
01-Aug-2026 01:11:04,-165.661938782166,-37.5549518356505,0,25,25,25,3,-37.5549518356505
01-Aug-2026 01:11:06,-183.540790349924,-55.4338034034084,0,25,25,25,3,-55.4338034034084
01-Aug-2026 01:11:08,-183.017679635537,-54.910692689021,0,24,24,24,3,-54.910692689021
01-Aug-2026 01:11:10,-183.217109719627,-55.1101227731112,0,24,24,24,3,-55.1101227731112
01-Aug-2026 01:11:12,-183.476042323391,-55.3690553768752,0,24,24,24,3,-55.3690553768752
01-Aug-2026 01:11:14,-184.062181442994,-55.955194496478,0,24,24,24,3,-55.955194496478
01-Aug-2026 01:11:16,-187.4729350052,-59.3659480586838,0,24,24,24,2,-59.3659480586838
01-Aug-2026 01:11:18,-184.140051848222,-56.0330649017064,0,24,24,24,3,-56.0330649017064
01-Aug-2026 01:11:20,-184.316761893491,-56.2097749469748,0,24,24,24,3,-56.2097749469748
01-Aug-2026 01:11:22,-184.052032474336,-55.9450455278203,0,24,24,24,3,-55.9450455278203
01-Aug-2026 01:11:24,-182.318272153901,-54.211285207385,0,24,24,24,5,-54.211285207385
01-Aug-2026 01:11:26,-181.275661643233,-53.1686746967169,0,24,24,24,7,-53.1686746967169
01-Aug-2026 01:11:28,-178.322835515997,-50.2158485694808,0,24,24,24,7,-50.2158485694808
01-Aug-2026 01:11:30,-180.964740769432,-52.8577538229157,0,24,24,24,7,-52.8577538229157
01-Aug-2026 01:11:32,-182.220036444357,-54.1130494978407,0,24,24,24,6,-54.1130494978407
01-Aug-2026 01:11:34,-182.100921469184,-53.9939345226677,0,25,25,25,6,-53.9939345226677
01-Aug-2026 01:11:36,-182.314382870629,-54.207395924113,0,25,25,25,5,-54.207395924113
01-Aug-2026 01:11:38,-185.616730563892,-57.5097436173761,0,25,25,25,4,-57.5097436173761
01-Aug-2026 01:11:40,-185.592906276492,-57.4859193299757,0,25,25,25,4,-57.4859193299757
01-Aug-2026 01:11:42,-184.750252473656,-56.64326552714,0,26,26,26,4,-56.64326552714
01-Aug-2026 01:11:44,-184.340956279695,-56.2339693331794,0,26,26,26,4,-56.2339693331794
01-Aug-2026 01:11:46,-182.487727116983,-54.3807401704669,0,26,26,26,5,-54.3807401704669
01-Aug-2026 01:11:48,-182.271849874643,-54.1648629281267,0,26,26,26,4,-54.1648629281267
01-Aug-2026 01:11:50,-182.166579645196,-54.0595926986801,0,26,26,26,4,-54.0595926986801
01-Aug-2026 01:11:52,-160.651953795942,-32.5449668494261,0,26,26,26,6,-32.5449668494261
01-Aug-2026 01:11:54,-160.639244376014,-32.5322574294981,0,25,25,25,5,-32.5322574294981
01-Aug-2026 01:11:56,-160.641369114579,-32.5343821680628,0,25,25,25,3,-32.5343821680628
01-Aug-2026 01:11:58,-160.998123043881,-32.8911360973652,0,25,25,25,3,-32.8911360973652
01-Aug-2026 01:12:00,-155.764630701902,-27.6576437553863,0,26,26,26,4,-27.6576437553863
01-Aug-2026 01:12:02,-157.948288556709,-29.8413016101929,0,26,26,26,3,-29.8413016101929
01-Aug-2026 01:12:04,-158.593338547584,-30.4863516010685,0,26,26,26,3,-30.4863516010685
01-Aug-2026 01:12:06,-158.798007368582,-30.6910204220661,0,26,26,26,3,-30.6910204220661
01-Aug-2026 01:12:08,-175.94283418007,-47.8358472335543,0,26,26,26,3,-47.8358472335543
01-Aug-2026 01:12:10,-176.826716811081,-48.7197298645656,0,26,26,26,3,-48.7197298645656
01-Aug-2026 01:12:12,-177.438735953289,-49.3317490067728,0,27,27,27,4,-49.3317490067728
01-Aug-2026 01:12:14,-177.484772796615,-49.3777858500991,0,26,26,26,4,-49.3777858500991
01-Aug-2026 01:12:16,-177.742827280788,-49.6358403342722,0,27,27,27,5,-49.6358403342722
01-Aug-2026 01:12:18,-177.682243647431,-49.5752567009155,0,27,27,27,6,-49.5752567009155
01-Aug-2026 01:12:20,-178.624415390634,-50.5174284441177,0,27,27,27,6,-50.5174284441177
01-Aug-2026 01:12:22,-178.542848923341,-50.4358619768249,0,26,26,26,4,-50.4358619768249
01-Aug-2026 01:12:24,-158.197437503941,-30.0904505574254,0,27,27,27,6,-30.0904505574254
01-Aug-2026 01:12:26,-158.013483272854,-29.9064963263384,0,27,27,27,6,-29.9064963263384
01-Aug-2026 01:12:28,-157.144001222704,-29.0370142761884,0,27,27,27,7,-29.0370142761884
01-Aug-2026 01:12:30,-157.163703693976,-29.05671674746,0,26,26,26,7,-29.05671674746
01-Aug-2026 01:12:32,-155.490483694984,-27.3834967484679,0,26,26,26,6,-27.3834967484679
01-Aug-2026 01:12:34,-154.82385387693,-26.7168669304139,0,26,26,26,6,-26.7168669304139
01-Aug-2026 01:12:36,-183.741404470656,-55.63441752414,0,26,26,26,5,-55.63441752414
01-Aug-2026 01:12:38,-184.292914269835,-56.1859273233189,0,26,26,26,4,-56.1859273233189
01-Aug-2026 01:12:40,-186.145144111921,-58.0381571654056,0,26,26,26,3,-58.0381571654056
01-Aug-2026 01:12:42,-186.435193765776,-58.3282068192605,0,25,25,25,3,-58.3282068192605
01-Aug-2026 01:12:44,-186.206495528083,-58.0995085815675,0,25,25,25,3,-58.0995085815675
01-Aug-2026 01:12:46,-185.249467770844,-57.1424808243283,0,25,25,25,4,-57.1424808243283
01-Aug-2026 01:12:48,-185.615385665009,-57.5083987184927,0,25,25,25,4,-57.5083987184927
01-Aug-2026 01:12:50,-186.099851987573,-57.9928650410576,0,25,25,25,3,-57.9928650410576
01-Aug-2026 01:12:52,-186.466384036746,-58.3593970902299,0,25,25,25,3,-58.3593970902299
01-Aug-2026 01:12:54,-186.587492418747,-58.4805054722308,0,25,25,25,3,-58.4805054722308
01-Aug-2026 01:12:56,-187.851549984834,-59.7445630383178,0,25,25,25,2,-59.7445630383178
01-Aug-2026 01:12:58,-189.430834367753,-61.3238474212371,0,25,25,25,1,-61.3238474212371
01-Aug-2026 01:13:00,-189.689514704996,-61.5825277584801,0,25,25,25,1,-61.5825277584801
01-Aug-2026 01:13:02,-189.856427229104,-61.7494402825885,0,25,25,25,1,-61.7494402825885
01-Aug-2026 01:13:04,-189.780875512184,-61.6738885656686,0,25,25,25,1,-61.6738885656686
01-Aug-2026 01:13:06,-186.661338497619,-58.5543515511028,0,25,25,25,2,-58.5543515511028
01-Aug-2026 01:13:08,-182.768290805463,-54.6613038589471,0,25,25,25,3,-54.6613038589471
01-Aug-2026 01:13:10,-182.719140879399,-54.6121539328833,0,25,25,25,3,-54.6121539328833
01-Aug-2026 01:13:12,-182.839500014995,-54.7325130684794,0,25,25,25,3,-54.7325130684794
01-Aug-2026 01:13:14,-182.915876985322,-54.8088900388063,0,25,25,25,4,-54.8088900388063
01-Aug-2026 01:13:16,-182.603014018548,-54.4960270720319,0,25,25,25,4,-54.4960270720319
01-Aug-2026 01:13:18,-182.342659034495,-54.2356720879787,0,25,25,25,5,-54.2356720879787
01-Aug-2026 01:13:20,-182.057129720443,-53.9501427739272,0,25,25,25,5,-53.9501427739272
01-Aug-2026 01:13:22,-180.434685833945,-52.3276988874293,0,26,26,26,6,-52.3276988874293
01-Aug-2026 01:13:24,-180.157385006267,-52.0503980597508,0,26,26,26,6,-52.0503980597508
01-Aug-2026 01:13:26,-154.075785558293,-25.9687986117767,0,25,25,25,7,-25.9687986117767
01-Aug-2026 01:13:28,-155.018188673141,-26.9112017266255,0,24,24,24,7,-26.9112017266255
01-Aug-2026 01:13:30,-155.211779588898,-27.1047926423821,0,24,24,24,7,-27.1047926423821
01-Aug-2026 01:13:32,-158.414698286841,-30.3077113403247,0,24,24,24,6,-30.3077113403247
01-Aug-2026 01:13:34,-158.780409070751,-30.6734221242348,0,24,24,24,6,-30.6734221242348
01-Aug-2026 01:13:36,-158.740035845233,-30.633048898717,0,24,24,24,6,-30.633048898717
01-Aug-2026 01:13:38,-159.006766456604,-30.8997795100879,0,24,24,24,6,-30.8997795100879
01-Aug-2026 01:13:40,-159.876159822965,-31.7691728764489,0,24,24,24,6,-31.7691728764489
01-Aug-2026 01:13:42,-159.293101397655,-31.1861144511391,0,24,24,24,5,-31.1861144511391
01-Aug-2026 01:13:44,-159.469648432902,-31.3626614863859,0,24,24,24,5,-31.3626614863859
01-Aug-2026 01:13:46,-159.850791678069,-31.7438047315527,0,24,24,24,6,-31.7438047315527
01-Aug-2026 01:13:48,-160.039097158774,-31.9321102122577,0,24,24,24,6,-31.9321102122577
01-Aug-2026 01:13:50,-159.970985625341,-31.8639986788255,0,24,24,24,5,-31.8639986788255
01-Aug-2026 01:13:52,-161.117768603632,-33.010781657116,0,25,25,25,7,-33.010781657116
01-Aug-2026 01:13:54,-161.433739163717,-33.326752217201,0,25,25,25,7,-33.326752217201
01-Aug-2026 01:13:56,-162.017102015783,-33.9101150692672,0,25,25,25,6,-33.9101150692672
01-Aug-2026 01:13:58,-161.279541977597,-33.1725550310811,0,25,25,25,6,-33.1725550310811
01-Aug-2026 01:14:00,-160.885561727061,-32.7785747805448,0,25,25,25,4,-32.7785747805448
01-Aug-2026 01:14:02,-161.70404394293,-33.5970569964138,0,25,25,25,5,-33.5970569964138
01-Aug-2026 01:14:04,-161.852737178409,-33.7457502318933,0,25,25,25,5,-33.7457502318933
01-Aug-2026 01:14:06,-173.667715600549,-45.5607286540331,0,25,25,25,4,-45.5607286540331
01-Aug-2026 01:14:08,-173.960899368755,-45.8539124222387,0,25,25,25,4,-45.8539124222387
01-Aug-2026 01:14:10,-173.973517969574,-45.8665310230583,0,26,26,26,5,-45.8665310230583
01-Aug-2026 01:14:12,-174.683999392009,-46.5770124454936,0,26,26,26,5,-46.5770124454936
01-Aug-2026 01:14:14,-174.742106221208,-46.6351192746923,0,26,26,26,5,-46.6351192746923
01-Aug-2026 01:14:16,-174.750400931233,-46.6434139847171,0,26,26,26,5,-46.6434139847171
01-Aug-2026 01:14:18,-175.019454364853,-46.9124674183374,0,26,26,26,4,-46.9124674183374
01-Aug-2026 01:14:20,-174.554101818806,-46.4471148722906,0,25,25,25,5,-46.4471148722906
01-Aug-2026 01:14:22,-174.751812078572,-46.6448251320565,0,25,25,25,4,-46.6448251320565
01-Aug-2026 01:14:24,-175.059315330575,-46.9523283840588,0,24,24,24,3,-46.9523283840588
01-Aug-2026 01:14:26,-175.502279805096,-47.3952928585804,0,25,25,25,3,-47.3952928585804
01-Aug-2026 01:14:28,-175.736080220684,-47.6290932741682,0,25,25,25,3,-47.6290932741682
01-Aug-2026 01:14:30,-175.475628990553,-47.3686420440371,0,25,25,25,5,-47.3686420440371
01-Aug-2026 01:14:32,-186.80739526522,-58.7004083187045,0,26,26,26,3,-58.7004083187045
01-Aug-2026 01:14:34,-186.954250098233,-58.8472631517174,0,26,26,26,3,-58.8472631517174
01-Aug-2026 01:14:36,-183.274131510397,-55.1671445638808,0,26,26,26,4,-55.1671445638808
01-Aug-2026 01:14:38,-183.566735421957,-55.4597484754412,0,26,26,26,3,-55.4597484754412
01-Aug-2026 01:14:40,-178.166663263308,-50.0596763167918,0,26,26,26,3,-50.0596763167918
01-Aug-2026 01:14:42,-178.751383254944,-50.6443963084285,0,26,26,26,4,-50.6443963084285
01-Aug-2026 01:14:44,-185.287818569942,-57.180831623426,0,25,25,25,3,-57.180831623426
01-Aug-2026 01:14:46,-184.366455199662,-56.259468253146,0,24,24,24,4,-56.259468253146
01-Aug-2026 01:14:48,-181.57534995151,-53.4683630049941,0,24,24,24,6,-53.4683630049941
01-Aug-2026 01:14:50,-182.37554711326,-54.2685601667437,0,24,24,24,5,-54.2685601667437
01-Aug-2026 01:14:52,-182.529041642909,-54.422054696393,0,24,24,24,5,-54.422054696393
01-Aug-2026 01:14:54,-184.99916401194,-56.8921770654242,0,24,24,24,4,-56.8921770654242
01-Aug-2026 01:14:56,-185.083384972839,-56.9763980263227,0,24,24,24,4,-56.9763980263227
01-Aug-2026 01:14:58,-185.227496006514,-57.1205090599978,0,24,24,24,4,-57.1205090599978
01-Aug-2026 01:15:00,-183.639518324663,-55.5325313781466,0,24,24,24,4,-55.5325313781466
01-Aug-2026 01:15:02,-183.432430357612,-55.3254434110956,0,24,24,24,4,-55.3254434110956
01-Aug-2026 01:15:04,-182.237334888237,-54.1303479417208,0,24,24,24,5,-54.1303479417208
01-Aug-2026 01:15:06,-182.26526658282,-54.1582796363043,0,24,24,24,5,-54.1582796363043
01-Aug-2026 01:15:08,-154.778617982256,-26.6716310357404,0,24,24,24,6,-26.6716310357404
01-Aug-2026 01:15:10,-155.308796271779,-27.2018093252627,0,24,24,24,6,-27.2018093252627
01-Aug-2026 01:15:12,-155.292009953577,-27.1850230070614,0,24,24,24,6,-27.1850230070614
01-Aug-2026 01:15:14,-155.662886926108,-27.5558999795923,0,24,24,24,5,-27.5558999795923
01-Aug-2026 01:15:16,-155.664520511729,-27.5575335652134,0,24,24,24,5,-27.5575335652134
01-Aug-2026 01:15:18,-155.898535363618,-27.7915484171023,0,25,25,25,4,-27.7915484171023
01-Aug-2026 01:15:20,-184.706793786684,-56.5998068401678,0,25,25,25,3,-56.5998068401678
01-Aug-2026 01:15:22,-184.43212482006,-56.3251378735442,0,25,25,25,3,-56.3251378735442
01-Aug-2026 01:15:24,-184.679442533494,-56.5724555869782,0,25,25,25,3,-56.5724555869782
01-Aug-2026 01:15:26,-185.096121793398,-56.9891348468823,0,25,25,25,3,-56.9891348468823
01-Aug-2026 01:15:28,-185.165894563841,-57.0589076173247,0,25,25,25,3,-57.0589076173247
01-Aug-2026 01:15:30,-183.411348224113,-55.3043612775975,0,25,25,25,4,-55.3043612775975
01-Aug-2026 01:15:32,-185.472339071202,-57.365352124686,0,25,25,25,3,-57.365352124686
01-Aug-2026 01:15:34,-184.742304220341,-56.6353172738256,0,26,26,26,4,-56.6353172738256
01-Aug-2026 01:15:36,-187.076151139464,-58.9691641929481,0,26,26,26,3,-58.9691641929481
01-Aug-2026 01:15:38,-176.460421711884,-48.3534347653686,0,26,26,26,5,-48.3534347653686
01-Aug-2026 01:15:40,-176.460902054123,-48.3539151076072,0,26,26,26,4,-48.3539151076072
01-Aug-2026 01:15:42,-176.180338146156,-48.07335119964,0,26,26,26,5,-48.07335119964
01-Aug-2026 01:15:44,-175.680214653344,-47.5732277068284,0,26,26,26,6,-47.5732277068284
01-Aug-2026 01:15:46,-175.701016789322,-47.5940298428059,0,26,26,26,6,-47.5940298428059
01-Aug-2026 01:15:48,-176.29752856435,-48.1905416178339,0,26,26,26,5,-48.1905416178339
01-Aug-2026 01:15:50,-170.275941991837,-42.1689550453208,0,26,26,26,7,-42.1689550453208
01-Aug-2026 01:15:52,-159.976283486211,-31.869296539695,0,26,26,26,8,-31.869296539695
01-Aug-2026 01:15:54,-168.838286046806,-40.7312991002906,0,26,26,26,8,-40.7312991002906
01-Aug-2026 01:15:56,-169.31135221836,-41.2043652718438,0,26,26,26,7,-41.2043652718438
01-Aug-2026 01:15:58,-168.290146903816,-40.1831599573001,0,26,26,26,8,-40.1831599573001
01-Aug-2026 01:16:00,-168.462947439512,-40.3559604929959,0,26,26,26,8,-40.3559604929959
01-Aug-2026 01:16:02,-151.731718694953,-23.6247317484367,0,25,25,25,9,-23.6247317484367
01-Aug-2026 01:16:04,-151.210248405394,-23.1032614588785,0,25,25,25,8,-23.1032614588785
01-Aug-2026 01:16:06,-150.839635036476,-22.7326480899599,0,25,25,25,8,-22.7326480899599
01-Aug-2026 01:16:08,-150.891140286041,-22.7841533395249,0,26,26,26,8,-22.7841533395249
01-Aug-2026 01:16:10,-168.095932395725,-39.9889454492087,0,26,26,26,8,-39.9889454492087
01-Aug-2026 01:16:12,-167.929621733187,-39.8226347866708,0,26,26,26,8,-39.8226347866708
01-Aug-2026 01:16:14,-167.91235525352,-39.8053683070045,0,26,26,26,8,-39.8053683070045
01-Aug-2026 01:16:16,-174.333968506184,-46.2269815596686,0,27,27,27,9,-46.2269815596686
01-Aug-2026 01:16:18,-174.280329725704,-46.1733427791881,0,27,27,27,9,-46.1733427791881
01-Aug-2026 01:16:20,-173.820532884837,-45.7135459383212,0,26,26,26,9,-45.7135459383212
01-Aug-2026 01:16:22,-173.849364667267,-45.7423777207509,0,26,26,26,9,-45.7423777207509
01-Aug-2026 01:16:24,-174.121148233491,-46.0141612869756,0,26,26,26,8,-46.0141612869756
01-Aug-2026 01:16:26,-174.942680251205,-46.8356933046895,0,26,26,26,6,-46.8356933046895
01-Aug-2026 01:16:28,-174.962870481895,-46.8558835353795,0,26,26,26,5,-46.8558835353795
01-Aug-2026 01:16:30,-174.614925184593,-46.5079382380776,0,26,26,26,6,-46.5079382380776
01-Aug-2026 01:16:32,-174.630140384228,-46.5231534377124,0,25,25,25,6,-46.5231534377124
01-Aug-2026 01:16:34,-173.229305900359,-45.1223189538429,0,25,25,25,7,-45.1223189538429
01-Aug-2026 01:16:36,-173.106451238957,-44.9994642924411,0,25,25,25,5,-44.9994642924411
01-Aug-2026 01:16:38,-172.757170234925,-44.6501832884094,0,25,25,25,6,-44.6501832884094
01-Aug-2026 01:16:40,-172.722616155955,-44.6156292094393,0,25,25,25,6,-44.6156292094393
01-Aug-2026 01:16:42,-172.541920125143,-44.4349331786274,0,25,25,25,6,-44.4349331786274
01-Aug-2026 01:16:44,-172.22264577601,-44.1156588294939,0,25,25,25,6,-44.1156588294939
01-Aug-2026 01:16:46,-171.886198101099,-43.7792111545834,0,25,25,25,6,-43.7792111545834
01-Aug-2026 01:16:48,-172.408717427732,-44.3017304812159,0,25,25,25,6,-44.3017304812159
01-Aug-2026 01:16:50,-171.735718611203,-43.6287316646874,0,25,25,25,6,-43.6287316646874
01-Aug-2026 01:16:52,-171.610377291609,-43.5033903450933,0,25,25,25,6,-43.5033903450933
01-Aug-2026 01:16:54,-176.24115344937,-48.1341665028545,0,25,25,25,7,-48.1341665028545
01-Aug-2026 01:16:56,-176.130846160592,-48.0238592140757,0,25,25,25,7,-48.0238592140757
01-Aug-2026 01:16:58,-175.773025897934,-47.666038951418,0,25,25,25,7,-47.666038951418
01-Aug-2026 01:17:00,-175.038842609943,-46.9318556634267,0,25,25,25,7,-46.9318556634267
01-Aug-2026 01:17:02,-174.3704696733,-46.2634827267844,0,25,25,25,7,-46.2634827267844
01-Aug-2026 01:17:04,-173.698935489594,-45.5919485430782,0,25,25,25,6,-45.5919485430782
01-Aug-2026 01:17:06,-173.319475080716,-45.2124881342005,0,25,25,25,4,-45.2124881342005
01-Aug-2026 01:17:08,-173.691982735192,-45.584995788676,0,25,25,25,4,-45.584995788676
01-Aug-2026 01:17:10,-173.975899233734,-45.868912287218,0,26,26,26,4,-45.868912287218
01-Aug-2026 01:17:12,-173.557668727992,-45.4506817814765,0,26,26,26,3,-45.4506817814765
01-Aug-2026 01:17:14,-172.846874913556,-44.7398879670406,0,25,25,25,2,-44.7398879670406
01-Aug-2026 01:17:16,-167.380805299645,-39.2738183531289,0,25,25,25,2,-39.2738183531289
01-Aug-2026 01:17:18,-167.044644440689,-38.9376574941735,0,25,25,25,3,-38.9376574941735
01-Aug-2026 01:17:20,-167.254485112106,-39.1474981655898,0,25,25,25,3,-39.1474981655898
01-Aug-2026 01:17:22,-166.432038877663,-38.3250519311472,0,24,24,24,4,-38.3250519311472
01-Aug-2026 01:17:24,-166.196428032809,-38.0894410862932,0,24,24,24,5,-38.0894410862932
01-Aug-2026 01:17:26,-165.694641365794,-37.5876544192784,0,24,24,24,5,-37.5876544192784
01-Aug-2026 01:17:28,-165.238168133067,-37.131181186551,0,24,24,24,5,-37.131181186551
01-Aug-2026 01:17:30,-165.097395655035,-36.9904087085195,0,24,24,24,5,-36.9904087085195
01-Aug-2026 01:17:32,-164.674699850407,-36.5677129038907,0,24,24,24,5,-36.5677129038907
01-Aug-2026 01:17:34,-163.935419326054,-35.8284323795386,0,24,24,24,5,-35.8284323795386
01-Aug-2026 01:17:36,-163.926393794233,-35.8194068477168,0,24,24,24,5,-35.8194068477168
01-Aug-2026 01:17:38,-163.462904687346,-35.3559177408302,0,24,24,24,5,-35.3559177408302
01-Aug-2026 01:17:40,-163.150993883026,-35.0440069365097,0,25,25,25,5,-35.0440069365097
01-Aug-2026 01:17:42,-171.937611142305,-43.8306241957893,0,25,25,25,4,-43.8306241957893
01-Aug-2026 01:17:44,-172.266522883386,-44.1595359368706,0,25,25,25,4,-44.1595359368706
01-Aug-2026 01:17:46,-171.978841735567,-43.8718547890507,0,25,25,25,4,-43.8718547890507
01-Aug-2026 01:17:48,-172.512201060553,-44.4052141140369,0,25,25,25,4,-44.4052141140369
01-Aug-2026 01:17:50,-172.391449482261,-44.2844625357448,0,25,25,25,4,-44.2844625357448
01-Aug-2026 01:17:52,-172.134350074862,-44.0273631283459,0,25,25,25,5,-44.0273631283459
01-Aug-2026 01:17:54,-170.903184971119,-42.7961980246036,0,25,25,25,7,-42.7961980246036
01-Aug-2026 01:17:56,-171.386427359665,-43.2794404131496,0,25,25,25,6,-43.2794404131496
01-Aug-2026 01:17:58,-172.363974060812,-44.2569871142961,0,25,25,25,5,-44.2569871142961
01-Aug-2026 01:18:00,-173.465905443618,-45.3589184971021,0,25,25,25,5,-45.3589184971021
01-Aug-2026 01:18:02,-173.91488178992,-45.8078948434037,0,26,26,26,5,-45.8078948434037
01-Aug-2026 01:18:04,-174.860685902912,-46.753698956396,0,26,26,26,5,-46.753698956396
01-Aug-2026 01:18:06,-174.851657340701,-46.7446703941849,0,26,26,26,6,-46.7446703941849
01-Aug-2026 01:18:08,-175.35511118529,-47.2481242387742,0,26,26,26,6,-47.2481242387742
01-Aug-2026 01:18:10,-175.80351147679,-47.6965245302745,0,25,25,25,6,-47.6965245302745
01-Aug-2026 01:18:12,-176.139860576044,-48.0328736295282,0,25,25,25,6,-48.0328736295282
01-Aug-2026 01:18:14,-171.530924822026,-43.4239378755105,0,24,24,24,6,-43.4239378755105
01-Aug-2026 01:18:16,-171.44035933747,-43.3333723909545,0,24,24,24,6,-43.3333723909545
01-Aug-2026 01:18:18,-171.446227296227,-43.3392403497115,0,26,26,26,5,-43.3392403497115
01-Aug-2026 01:18:20,-171.944741595389,-43.8377546488731,0,25,25,25,4,-43.8377546488731
01-Aug-2026 01:18:22,-171.844766515194,-43.7377795686778,0,25,25,25,5,-43.7377795686778
01-Aug-2026 01:18:24,-172.235896471427,-44.1289095249111,0,25,25,25,5,-44.1289095249111
01-Aug-2026 01:18:26,-173.416853347542,-45.3098664010264,0,25,25,25,4,-45.3098664010264
01-Aug-2026 01:18:28,-169.213505720408,-41.1065187738919,0,25,25,25,5,-41.1065187738919
01-Aug-2026 01:18:30,-168.840973671347,-40.7339867248313,0,25,25,25,5,-40.7339867248313
01-Aug-2026 01:18:32,-168.333355053977,-40.2263681074612,0,25,25,25,6,-40.2263681074612
01-Aug-2026 01:18:34,-167.990068585864,-39.8830816393482,0,25,25,25,7,-39.8830816393482
01-Aug-2026 01:18:36,-167.62423509012,-39.5172481436041,0,25,25,25,7,-39.5172481436041
01-Aug-2026 01:18:38,-166.304872322775,-38.1978853762594,0,24,24,24,7,-38.1978853762594
01-Aug-2026 01:18:40,-166.196042242862,-38.0890552963461,0,24,24,24,8,-38.0890552963461
01-Aug-2026 01:18:42,-165.913595601215,-37.8066086546992,0,24,24,24,8,-37.8066086546992
01-Aug-2026 01:18:44,-165.554275753335,-37.447288806819,0,24,24,24,8,-37.447288806819
01-Aug-2026 01:18:46,-165.643923488909,-37.5369365423934,0,24,24,24,9,-37.5369365423934
01-Aug-2026 01:18:48,-165.734255901716,-37.6272689552003,0,24,24,24,9,-37.6272689552003
01-Aug-2026 01:18:50,-165.760222936033,-37.653235989517,0,24,24,24,9,-37.653235989517
01-Aug-2026 01:18:52,-165.697925386662,-37.5909384401466,0,24,24,24,9,-37.5909384401466
01-Aug-2026 01:18:54,-165.542711358304,-37.4357244117877,0,24,24,24,10,-37.4357244117877
01-Aug-2026 01:18:56,-170.106756660172,-41.9997697136563,0,24,24,24,8,-41.9997697136563
01-Aug-2026 01:18:58,-153.069757620997,-24.9627706744813,0,24,24,24,7,-24.9627706744813
01-Aug-2026 01:19:00,-152.735388751136,-24.6284018046204,0,24,24,24,8,-24.6284018046204
01-Aug-2026 01:19:02,-152.22532014662,-24.1183332001043,0,25,25,25,8,-24.1183332001043
01-Aug-2026 01:19:04,-152.647295308826,-24.54030836231,0,25,25,25,7,-24.54030836231
01-Aug-2026 01:19:06,-154.614139151118,-26.5071522046017,0,25,25,25,7,-26.5071522046017
01-Aug-2026 01:19:08,-156.409161076316,-28.3021741297999,0,25,25,25,7,-28.3021741297999
01-Aug-2026 01:19:10,-155.776372551663,-27.6693856051467,0,25,25,25,7,-27.6693856051467
01-Aug-2026 01:19:12,-156.160259290463,-28.0532723439471,0,25,25,25,8,-28.0532723439471
01-Aug-2026 01:19:14,-156.571360965698,-28.4643740191817,0,25,25,25,7,-28.4643740191817
01-Aug-2026 01:19:16,-157.383155848775,-29.2761689022593,0,25,25,25,7,-29.2761689022593
01-Aug-2026 01:19:18,-180.971100341119,-52.8641133946028,0,25,25,25,5,-52.8641133946028
01-Aug-2026 01:19:20,-180.944633914237,-52.8376469677209,0,25,25,25,5,-52.8376469677209
01-Aug-2026 01:19:22,-177.473261623024,-49.3662746765081,0,25,25,25,6,-49.3662746765081
01-Aug-2026 01:19:24,-176.912057505117,-48.8050705586014,0,25,25,25,6,-48.8050705586014
01-Aug-2026 01:19:26,-178.291868366455,-50.1848814199388,0,26,26,26,5,-50.1848814199388
01-Aug-2026 01:19:28,-178.165708809771,-50.0587218632549,0,26,26,26,5,-50.0587218632549
01-Aug-2026 01:19:30,-178.526718351493,-50.4197314049776,0,26,26,26,5,-50.4197314049776
01-Aug-2026 01:19:32,-178.450547431283,-50.343560484767,0,26,26,26,5,-50.343560484767
01-Aug-2026 01:19:34,-172.963218921497,-44.8562319749814,0,26,26,26,6,-44.8562319749814
01-Aug-2026 01:19:36,-172.926613876432,-44.8196269299165,0,26,26,26,7,-44.8196269299165
01-Aug-2026 01:19:38,-173.796407614146,-45.6894206676299,0,26,26,26,7,-45.6894206676299
01-Aug-2026 01:19:40,-173.660462293547,-45.5534753470315,0,27,27,27,8,-45.5534753470315
01-Aug-2026 01:19:42,-178.528034469366,-50.4210475228499,0,27,27,27,6,-50.4210475228499
01-Aug-2026 01:19:44,-178.286819158013,-50.1798322114975,0,26,26,26,6,-50.1798322114975
01-Aug-2026 01:19:46,-178.552795270216,-50.4458083236997,0,26,26,26,5,-50.4458083236997
01-Aug-2026 01:19:48,-177.794981767996,-49.6879948214801,0,26,26,26,7,-49.6879948214801
01-Aug-2026 01:19:50,-178.377875815758,-50.270888869242,0,25,25,25,6,-50.270888869242
01-Aug-2026 01:19:52,-161.963414367971,-33.8564274214547,0,25,25,25,7,-33.8564274214547
01-Aug-2026 01:19:54,-162.645258621479,-34.5382716749628,0,25,25,25,7,-34.5382716749628
01-Aug-2026 01:19:56,-162.898229641269,-34.7912426947534,0,24,24,24,6,-34.7912426947534
01-Aug-2026 01:19:58,-163.631496378371,-35.5245094318553,0,24,24,24,5,-35.5245094318553
01-Aug-2026 01:20:00,-164.198887292541,-36.0919003460255,0,25,25,25,5,-36.0919003460255
01-Aug-2026 01:20:02,-164.53485496413,-36.4278680176143,0,25,25,25,5,-36.4278680176143
01-Aug-2026 01:20:04,-164.531827826473,-36.4248408799572,0,25,25,25,5,-36.4248408799572
01-Aug-2026 01:20:06,-164.386568684131,-36.2795817376153,0,26,26,26,6,-36.2795817376153
01-Aug-2026 01:20:08,-164.464026691153,-36.357039744637,0,27,27,27,7,-36.357039744637
01-Aug-2026 01:20:10,-164.722521564261,-36.6155346177452,0,27,27,27,8,-36.6155346177452
01-Aug-2026 01:20:12,-165.520333197838,-37.4133462513226,0,26,26,26,8,-37.4133462513226
01-Aug-2026 01:20:14,-164.666127091862,-36.5591401453465,0,26,26,26,8,-36.5591401453465
01-Aug-2026 01:20:16,-164.6379076678,-36.5309207212842,0,26,26,26,8,-36.5309207212842
01-Aug-2026 01:20:18,-164.885315425171,-36.7783284786547,0,26,26,26,8,-36.7783284786547
01-Aug-2026 01:20:20,-164.805046840647,-36.6980598941308,0,25,25,25,7,-36.6980598941308
01-Aug-2026 01:20:22,-176.283753762352,-48.1767668158361,0,25,25,25,7,-48.1767668158361
01-Aug-2026 01:20:24,-176.210361611441,-48.1033746649251,0,25,25,25,7,-48.1033746649251
01-Aug-2026 01:20:26,-176.374336140113,-48.2673491935973,0,25,25,25,7,-48.2673491935973
01-Aug-2026 01:20:28,-176.776355460551,-48.6693685140353,0,25,25,25,7,-48.6693685140353
01-Aug-2026 01:20:30,-176.265111746699,-48.1581248001832,0,25,25,25,8,-48.1581248001832
01-Aug-2026 01:20:32,-175.550543459206,-47.4435565126899,0,25,25,25,9,-47.4435565126899
01-Aug-2026 01:20:34,-175.56220777305,-47.4552208265337,0,25,25,25,9,-47.4552208265337
01-Aug-2026 01:20:36,-175.438923804951,-47.3319368584351,0,25,25,25,9,-47.3319368584351
01-Aug-2026 01:20:38,-174.883874028156,-46.7768870816399,0,25,25,25,9,-46.7768870816399
01-Aug-2026 01:20:40,-174.662111736676,-46.5551247901603,0,25,25,25,8,-46.5551247901603
01-Aug-2026 01:20:42,-174.448928114794,-46.3419411682781,0,25,25,25,8,-46.3419411682781
01-Aug-2026 01:20:44,-174.353528803386,-46.2465418568706,0,25,25,25,8,-46.2465418568706
01-Aug-2026 01:20:46,-173.946084586092,-45.8390976395766,0,25,25,25,9,-45.8390976395766
01-Aug-2026 01:20:48,-173.918512020802,-45.8115250742864,0,25,25,25,9,-45.8115250742864
01-Aug-2026 01:20:50,-173.355295334464,-45.2483083879478,0,25,25,25,9,-45.2483083879478
01-Aug-2026 01:20:52,-164.093876492309,-35.9868895457928,0,25,25,25,9,-35.9868895457928
01-Aug-2026 01:20:54,-164.196941346184,-36.0899543996681,0,25,25,25,9,-36.0899543996681
01-Aug-2026 01:20:56,-172.796259168439,-44.689272221923,0,26,26,26,8,-44.689272221923
01-Aug-2026 01:20:58,-172.780188310125,-44.6732013636096,0,26,26,26,8,-44.6732013636096
01-Aug-2026 01:21:00,-172.870431201056,-44.7634442545402,0,25,25,25,8,-44.7634442545402
01-Aug-2026 01:21:02,-179.784372666791,-51.6773857202756,0,25,25,25,6,-51.6773857202756
01-Aug-2026 01:21:04,-179.82983012187,-51.7228431753546,0,25,25,25,6,-51.7228431753546
01-Aug-2026 01:21:06,-177.439256904211,-49.3322699576952,0,25,25,25,8,-49.3322699576952
01-Aug-2026 01:21:08,-177.34993218673,-49.2429452402144,0,25,25,25,8,-49.2429452402144
01-Aug-2026 01:21:10,-177.544527230922,-49.4375402844066,0,25,25,25,8,-49.4375402844066
01-Aug-2026 01:21:12,-177.660557799476,-49.5535708529597,0,25,25,25,8,-49.5535708529597
01-Aug-2026 01:21:14,-179.574693723957,-51.4677067774411,0,24,24,24,5,-51.4677067774411
01-Aug-2026 01:21:16,-179.085676167416,-50.9786892209004,0,24,24,24,5,-50.9786892209004
01-Aug-2026 01:21:18,-177.780491115977,-49.6735041694614,0,24,24,24,6,-49.6735041694614
01-Aug-2026 01:21:20,-177.823820803762,-49.7168338572461,0,24,24,24,6,-49.7168338572461
01-Aug-2026 01:21:22,-177.290463557708,-49.1834766111918,0,24,24,24,7,-49.1834766111918
01-Aug-2026 01:21:24,-177.172307802008,-49.0653208554919,0,24,24,24,7,-49.0653208554919
01-Aug-2026 01:21:26,-177.064975373955,-48.9579884274392,0,24,24,24,7,-48.9579884274392
01-Aug-2026 01:21:28,-176.97493789506,-48.8679509485437,0,25,25,25,7,-48.8679509485437
01-Aug-2026 01:21:30,-177.240367457967,-49.1333805114507,0,25,25,25,7,-49.1333805114507
01-Aug-2026 01:21:32,-177.360701854004,-49.2537149074876,0,25,25,25,6,-49.2537149074876
01-Aug-2026 01:21:34,-180.174004670593,-52.0670177240773,0,25,25,25,4,-52.0670177240773
01-Aug-2026 01:21:36,-179.034754879435,-50.9277679329188,0,25,25,25,6,-50.9277679329188
01-Aug-2026 01:21:38,-178.895387098266,-50.7884001517504,0,25,25,25,6,-50.7884001517504
01-Aug-2026 01:21:40,-178.960170497759,-50.8531835512428,0,25,25,25,6,-50.8531835512428
01-Aug-2026 01:21:42,-178.756668085973,-50.649681139457,0,25,25,25,6,-50.649681139457
01-Aug-2026 01:21:44,-178.325024744952,-50.2180377984357,0,25,25,25,6,-50.2180377984357
01-Aug-2026 01:21:46,-158.316535441309,-30.2095484947934,0,25,25,25,8,-30.2095484947934
01-Aug-2026 01:21:48,-158.016256923536,-29.90926997702,0,25,25,25,8,-29.90926997702
01-Aug-2026 01:21:50,-157.6398136043,-29.5328266577841,0,25,25,25,8,-29.5328266577841
01-Aug-2026 01:21:52,-157.352892970343,-29.245906023827,0,24,24,24,8,-29.245906023827
01-Aug-2026 01:21:54,-158.084709730336,-29.9777227838204,0,25,25,25,9,-29.9777227838204
01-Aug-2026 01:21:56,-158.125048923844,-30.0180619773277,0,25,25,25,9,-30.0180619773277
01-Aug-2026 01:21:58,-157.638508289221,-29.531521342705,0,25,25,25,8,-29.531521342705
01-Aug-2026 01:22:00,-157.3036614542,-29.1966745076839,0,25,25,25,7,-29.1966745076839
01-Aug-2026 01:22:02,-157.116829727487,-29.0098427809716,0,24,24,24,7,-29.0098427809716
01-Aug-2026 01:22:04,-156.50674704213,-28.3997600956144,0,24,24,24,7,-28.3997600956144
01-Aug-2026 01:22:06,-155.632305244035,-27.5253182975189,0,24,24,24,6,-27.5253182975189
01-Aug-2026 01:22:08,-155.580117353491,-27.4731304069748,0,24,24,24,8,-27.4731304069748
01-Aug-2026 01:22:10,-177.302168833809,-49.1951818872927,0,25,25,25,9,-26.9185160500121
01-Aug-2026 01:22:12,-177.168452001391,-49.0614650548753,0,25,25,25,8,-25.4629767850258
01-Aug-2026 01:22:14,-177.056001767677,-48.9490148211615,0,25,25,25,8,-25.3595858823507
01-Aug-2026 01:22:16,-177.258773581985,-49.1517866354687,0,25,25,25,7,-25.4063714086791
01-Aug-2026 01:22:18,-175.66475716108,-47.5577702145642,0,25,25,25,8,-24.2507720454288
01-Aug-2026 01:22:20,-176.844482151415,-48.737495204899,0,25,25,25,6,-23.1287139971243
01-Aug-2026 01:22:22,-176.446569662344,-48.3395827158282,0,25,25,25,5,-22.0539229505528
01-Aug-2026 01:22:24,-176.470865728417,-48.3638787819016,0,25,25,25,5,-20.8751271365862
01-Aug-2026 01:22:26,-176.292113026274,-48.185126079758,0,25,25,25,5,-21.1178725904325
01-Aug-2026 01:22:28,-176.48448075277,-48.3774938062539,0,24,24,24,5,-19.7366402042243
01-Aug-2026 01:22:30,-176.014348380237,-47.9073614337215,0,24,24,24,6,-18.6805839306119
01-Aug-2026 01:22:32,-176.289800783447,-48.1828138369315,0,24,24,24,7,-17.9498781146416
01-Aug-2026 01:22:34,-176.225024134143,-48.1180371876275,0,24,24,24,7,-16.37837016344
01-Aug-2026 01:22:36,-180.887978461228,-52.7809915147119,0,24,24,24,6,-16.272926811527
01-Aug-2026 01:22:38,-155.914015767986,-27.8070288214698,0,24,24,24,6,-17.1976783218743
01-Aug-2026 01:22:40,-155.399963825374,-27.2929768788582,0,24,24,24,7,-27.2929768788582
01-Aug-2026 01:22:42,-155.275530895335,-27.1685439488188,0,24,24,24,7,-27.1685439488188
01-Aug-2026 01:22:44,-155.043128559844,-26.9361416133278,0,24,24,24,7,-26.9361416133278
01-Aug-2026 01:22:46,-154.09177914038,-25.9847921938646,0,25,25,25,8,-25.9847921938646
01-Aug-2026 01:22:48,-154.324101938426,-26.2171149919099,0,25,25,25,7,-26.2171149919099
01-Aug-2026 01:22:50,-177.89748739405,-49.7905004475341,0,25,25,25,6,-49.7905004475341
01-Aug-2026 01:22:52,-177.601019130217,-49.494032183701,0,25,25,25,6,-49.494032183701
01-Aug-2026 01:22:54,-178.811320760254,-50.704333813738,0,25,25,25,5,-50.704333813738
01-Aug-2026 01:22:56,-178.812448064746,-50.7054611182299,0,25,25,25,5,-50.7054611182299
01-Aug-2026 01:22:58,-179.087608126893,-50.9806211803769,0,25,25,25,4,-50.9806211803769
01-Aug-2026 01:23:00,-182.517152940671,-54.4101659941555,0,25,25,25,3,-54.4101659941555
01-Aug-2026 01:23:02,-182.885753751383,-54.7787668048667,0,25,25,25,3,-54.7787668048667
01-Aug-2026 01:23:04,-150.943643616437,-22.8366566699215,0,25,25,25,4,-22.8366566699215
01-Aug-2026 01:23:06,-151.949674851051,-23.8426879045356,0,25,25,25,3,-23.8426879045356
01-Aug-2026 01:23:08,-153.010277506823,-24.9032905603068,0,25,25,25,3,-24.9032905603068
01-Aug-2026 01:23:10,-154.874199123854,-26.767212177338,0,25,25,25,3,-26.767212177338
01-Aug-2026 01:23:12,-156.01635449777,-27.9093675512545,0,25,25,25,3,-27.9093675512545
01-Aug-2026 01:23:14,-157.218811215877,-29.1118242693615,0,25,25,25,3,-29.1118242693615
01-Aug-2026 01:23:16,-158.802800262758,-30.6958133162425,0,25,25,25,4,-30.6958133162425
01-Aug-2026 01:23:18,-160.657461196559,-32.5504742500431,0,26,26,26,3,-32.5504742500431
01-Aug-2026 01:23:20,-162.378925320626,-34.2719383741103,0,26,26,26,3,-34.2719383741103
01-Aug-2026 01:23:22,-163.350089537022,-35.2431025905057,0,26,26,26,3,-35.2431025905057
01-Aug-2026 01:23:24,-164.680574546875,-36.573587600359,0,26,26,26,5,-36.573587600359
01-Aug-2026 01:23:26,-165.15019147528,-37.0432045287645,0,26,26,26,5,-37.0432045287645
01-Aug-2026 01:23:28,-165.227093823023,-37.1201068765075,0,26,26,26,6,-37.1201068765075
01-Aug-2026 01:23:30,-177.6010751277,-49.4940881811845,0,26,26,26,6,-49.4940881811845
01-Aug-2026 01:23:32,-178.168863874181,-50.0618769276651,0,27,27,27,5,-50.0618769276651
01-Aug-2026 01:23:34,-180.177579549048,-52.0705926025318,0,27,27,27,6,-52.0705926025318
01-Aug-2026 01:23:36,-180.38134758854,-52.274360642024,0,27,27,27,6,-52.274360642024
01-Aug-2026 01:23:38,-181.488130610307,-53.3811436637911,0,25,25,25,4,-53.3811436637911
01-Aug-2026 01:23:40,-181.438364924063,-53.3313779775468,0,25,25,25,3,-53.3313779775468
01-Aug-2026 01:23:42,-181.797053201873,-53.6900662553576,0,25,25,25,3,-53.6900662553576
01-Aug-2026 01:23:44,-171.471861634345,-43.3648746878294,0,24,24,24,3,-43.3648746878294
01-Aug-2026 01:23:46,-171.184196968642,-43.0772100221263,0,24,24,24,3,-43.0772100221263
01-Aug-2026 01:23:48,-170.742203574591,-42.6352166280747,0,24,24,24,3,-42.6352166280747
01-Aug-2026 01:23:50,-170.86284603913,-42.7558590926144,0,24,24,24,3,-42.7558590926144
01-Aug-2026 01:23:52,-170.5285364317,-42.4215494851836,0,24,24,24,3,-42.4215494851836
01-Aug-2026 01:23:54,-170.978115507515,-42.8711285609996,0,25,25,25,3,-42.8711285609996
01-Aug-2026 01:23:56,-170.596873022562,-42.4898860760457,0,26,26,26,4,-42.4898860760457
01-Aug-2026 01:23:58,-170.273313820502,-42.1663268739859,0,26,26,26,3,-42.1663268739859
01-Aug-2026 01:24:00,-170.507697199379,-42.4007102528628,0,26,26,26,3,-42.4007102528628
01-Aug-2026 01:24:02,-170.486161846018,-42.3791748995017,0,26,26,26,3,-42.3791748995017
01-Aug-2026 01:24:04,-184.862499051888,-56.7555121053718,0,25,25,25,2,-56.7555121053718
01-Aug-2026 01:24:06,-184.932294312104,-56.8253073655879,0,25,25,25,2,-56.8253073655879
01-Aug-2026 01:24:08,-184.565177497974,-56.4581905514577,0,24,24,24,2,-56.4581905514577
01-Aug-2026 01:24:10,-184.676200486109,-56.5692135395929,0,25,25,25,2,-56.5692135395929
01-Aug-2026 01:24:12,-185.504322657985,-57.3973357114696,0,25,25,25,2,-57.3973357114696
01-Aug-2026 01:24:14,-185.589077325859,-57.4820903793433,0,25,25,25,2,-57.4820903793433
01-Aug-2026 01:24:16,-185.387910994015,-57.2809240474993,0,25,25,25,2,-57.2809240474993
01-Aug-2026 01:24:18,-184.852981158815,-56.7459942122992,0,25,25,25,2,-56.7459942122992
01-Aug-2026 01:24:20,-182.05562754044,-53.9486405939239,0,25,25,25,4,-53.9486405939239
01-Aug-2026 01:24:22,-182.388571554914,-54.2815846083986,0,25,25,25,4,-54.2815846083986
01-Aug-2026 01:24:24,-181.945391405432,-53.8384044589157,0,25,25,25,5,-53.8384044589157
01-Aug-2026 01:24:26,-171.844836322384,-43.7378493758678,0,25,25,25,6,-43.7378493758678
01-Aug-2026 01:24:28,-171.940828671425,-43.8338417249093,0,25,25,25,7,-43.8338417249093
01-Aug-2026 01:24:30,-171.719450458404,-43.6124635118884,0,25,25,25,7,-43.6124635118884
01-Aug-2026 01:24:32,-172.009851471699,-43.9028645251828,0,25,25,25,7,-43.9028645251828
01-Aug-2026 01:24:34,-181.700512711957,-53.5935257654411,0,25,25,25,6,-53.5935257654411
01-Aug-2026 01:24:36,-181.960222836702,-53.8532358901865,0,25,25,25,5,-53.8532358901865
01-Aug-2026 01:24:38,-181.95154756938,-53.8445606228642,0,25,25,25,5,-53.8445606228642
01-Aug-2026 01:24:40,-184.51695143185,-56.4099644853338,0,25,25,25,4,-56.4099644853338
01-Aug-2026 01:24:42,-184.668359995818,-56.5613730493025,0,25,25,25,4,-56.5613730493025
01-Aug-2026 01:24:44,-184.706958551959,-56.599971605443,0,26,26,26,4,-56.599971605443
01-Aug-2026 01:24:46,-182.138147053032,-54.0311601065159,0,26,26,26,5,-54.0311601065159
01-Aug-2026 01:24:48,-182.033172844779,-53.9261858982631,0,25,25,25,5,-53.9261858982631
01-Aug-2026 01:24:50,-182.118076709439,-54.0110897629232,0,25,25,25,5,-54.0110897629232
01-Aug-2026 01:24:52,-184.363417085012,-56.2564301384957,0,25,25,25,4,-56.2564301384957
01-Aug-2026 01:24:54,-178.953005704455,-50.8460187579391,0,25,25,25,6,-50.8460187579391
01-Aug-2026 01:24:56,-179.392384642377,-51.2853976958607,0,25,25,25,6,-51.2853976958607
01-Aug-2026 01:24:58,-179.663052759482,-51.5560658129659,0,25,25,25,5,-51.5560658129659
01-Aug-2026 01:25:00,-182.938573498408,-54.8315865518917,0,25,25,25,5,-54.8315865518917
01-Aug-2026 01:25:02,-180.779342097785,-52.6723551512689,0,25,25,25,6,-52.6723551512689
01-Aug-2026 01:25:04,-180.805444422083,-52.698457475567,0,25,25,25,5,-52.698457475567
01-Aug-2026 01:25:06,-180.703714372618,-52.5967274261021,0,25,25,25,5,-52.5967274261021
01-Aug-2026 01:25:08,-180.751091127804,-52.644104181288,0,24,24,24,5,-52.644104181288
01-Aug-2026 01:25:10,-175.300126339909,-47.193139393393,0,24,24,24,5,-47.193139393393
01-Aug-2026 01:25:12,-174.873959215053,-46.7669722685374,0,24,24,24,5,-46.7669722685374
01-Aug-2026 01:25:14,-175.079645790333,-46.9726588438172,0,24,24,24,5,-46.9726588438172
01-Aug-2026 01:25:16,-175.223478937654,-47.1164919911382,0,25,25,25,5,-47.1164919911382
01-Aug-2026 01:25:18,-173.779678013574,-45.6726910670578,0,25,25,25,5,-45.6726910670578
01-Aug-2026 01:25:20,-162.166586229923,-34.0595992834071,0,25,25,25,6,-34.0595992834071
01-Aug-2026 01:25:22,-161.826938320931,-33.7199513744147,0,25,25,25,8,-33.7199513744147
01-Aug-2026 01:25:24,-161.273641176636,-33.1666542301199,0,24,24,24,7,-33.1666542301199
01-Aug-2026 01:25:26,-161.711035858217,-33.604048911701,0,24,24,24,7,-33.604048911701
01-Aug-2026 01:25:28,-161.390153015059,-33.283166068543,0,24,24,24,7,-33.283166068543
01-Aug-2026 01:25:30,-161.365731569857,-33.2587446233413,0,24,24,24,7,-33.2587446233413
01-Aug-2026 01:25:32,-161.048743844685,-32.9417568981694,0,24,24,24,8,-32.9417568981694
01-Aug-2026 01:25:34,-160.647191730996,-32.5402047844801,0,24,24,24,8,-32.5402047844801
01-Aug-2026 01:25:36,-159.798399366403,-31.6914124198873,0,24,24,24,8,-31.6914124198873
01-Aug-2026 01:25:38,-160.100668750319,-31.9936818038034,0,24,24,24,8,-31.9936818038034
01-Aug-2026 01:25:40,-159.460129485806,-31.3531425392899,0,24,24,24,8,-31.3531425392899
01-Aug-2026 01:25:42,-158.969478092428,-30.8624911459117,0,24,24,24,9,-30.8624911459117
01-Aug-2026 01:25:44,-158.894798054182,-30.7878111076666,0,25,25,25,9,-30.7878111076666
01-Aug-2026 01:25:46,-158.16540115388,-30.0584142073639,0,25,25,25,9,-30.0584142073639
01-Aug-2026 01:25:48,-157.845781552043,-29.7387946055267,0,25,25,25,9,-29.7387946055267
01-Aug-2026 01:25:50,-157.667768550909,-29.5607816043934,0,25,25,25,8,-29.5607816043934
01-Aug-2026 01:25:52,-157.974973766464,-29.8679868199482,0,25,25,25,8,-29.8679868199482
01-Aug-2026 01:25:54,-157.825794507999,-29.7188075614835,0,25,25,25,7,-29.7188075614835
01-Aug-2026 01:25:56,-168.780254001629,-40.6732670551134,0,24,24,24,7,-28.957559303817
01-Aug-2026 01:25:58,-180.891773259086,-52.7847863125697,0,24,24,24,5,-27.988376850667
01-Aug-2026 01:26:00,-180.889998109627,-52.7830111631108,0,24,24,24,5,-52.7830111631108
01-Aug-2026 01:26:02,-180.660923148123,-52.5539362016075,0,25,25,25,5,-52.5539362016075
01-Aug-2026 01:26:04,-180.659649687328,-52.5526627408126,0,25,25,25,5,-52.5526627408126
01-Aug-2026 01:26:06,-180.761450275331,-52.654463328815,0,25,25,25,5,-52.654463328815
01-Aug-2026 01:26:08,-179.050475299785,-50.943488353269,0,25,25,25,6,-50.943488353269
01-Aug-2026 01:26:10,-179.025591684231,-50.9186047377148,0,25,25,25,6,-50.9186047377148
01-Aug-2026 01:26:12,-180.408602117128,-52.3016151706121,0,25,25,25,4,-52.3016151706121
01-Aug-2026 01:26:14,-177.194781009564,-49.0877940630477,0,25,25,25,6,-49.0877940630477
01-Aug-2026 01:26:16,-177.219271908696,-49.1122849621804,0,25,25,25,6,-49.1122849621804
01-Aug-2026 01:26:18,-177.02576522008,-48.9187782735645,0,25,25,25,6,-48.9187782735645
01-Aug-2026 01:26:20,-177.353510745346,-49.2465237988303,0,24,24,24,5,-49.2465237988303
01-Aug-2026 01:26:22,-179.604987012871,-51.4980000663555,0,24,24,24,3,-51.4980000543435
01-Aug-2026 01:26:24,-185.401424814033,-57.2944378675173,0,24,24,24,2,-57.2944378675173
01-Aug-2026 01:26:26,-185.297108750836,-57.1901218043204,0,24,24,24,2,-57.1901218043204
01-Aug-2026 01:26:28,-185.246986533527,-57.139999587011,0,24,24,24,2,-57.139999587011
01-Aug-2026 01:26:30,-3076.52655568589,-2948.41956873937,0,24,24,24,1,-2948.41956873937
01-Aug-2026 01:26:32,-3076.52655568589,-2948.41956873937,0,25,25,25,1,-7.13548066478089
01-Aug-2026 01:26:34,-3076.52655568589,-2948.41956873937,0,25,25,25,1,-9.49476524441084
01-Aug-2026 01:26:36,-139.594086583398,-11.4870996368826,0,25,25,25,2,-11.4870996368826
01-Aug-2026 01:26:38,-141.034051711868,-12.9270647653526,0,25,25,25,2,-12.9270647653526
01-Aug-2026 01:26:40,-142.197040624756,-14.0900536782399,0,25,25,25,2,-14.0900536782399
01-Aug-2026 01:26:42,-140.345431892991,-12.2384449464756,0,25,25,25,3,-12.2384449464756
01-Aug-2026 01:26:44,-142.301810543541,-14.1948235970252,0,25,25,25,3,-14.1948235970252
01-Aug-2026 01:26:46,-144.352317012276,-16.2453300657604,0,25,25,25,3,-16.2453300657604
01-Aug-2026 01:26:48,-145.315430651306,-17.20844370479,0,25,25,25,3,-17.20844370479
01-Aug-2026 01:26:50,-146.162823221917,-18.0558362754011,0,25,25,25,3,-18.0558362754011
01-Aug-2026 01:26:52,-181.253001222479,-53.1460142759636,0,25,25,25,1,-53.1460142759636
01-Aug-2026 01:26:54,-181.521402866475,-53.4144159199596,0,25,25,25,1,-53.4144159199596
01-Aug-2026 01:26:56,-181.291887110978,-53.1849001644623,0,25,25,25,1,-53.1849001644623
01-Aug-2026 01:26:58,-179.586965206501,-51.4799782599848,0,25,25,25,2,-51.4799782599848
01-Aug-2026 01:27:00,-181.593434539156,-53.4864475926404,0,25,25,25,1,-53.4864475926404
01-Aug-2026 01:27:02,-180.278136393906,-52.1711494473898,0,25,25,25,2,-52.1711494473898
01-Aug-2026 01:27:04,-190.554895127428,-62.4479081809121,0,25,25,25,1,-62.4479081809121
01-Aug-2026 01:27:06,-190.601858499553,-62.4948715530372,0,25,25,25,1,-62.4948715530372
01-Aug-2026 01:27:08,-191.046984261358,-62.9399973148422,0,25,25,25,1,-62.9399973148422
01-Aug-2026 01:27:10,-178.919610724901,-50.8126237783852,0,26,26,26,5,-50.8126237783852
01-Aug-2026 01:27:12,-178.609987136497,-50.503000189981,0,26,26,26,6,-50.503000189981
01-Aug-2026 01:27:14,-178.571644670277,-50.464657723761,0,26,26,26,6,-50.464657723761
01-Aug-2026 01:27:16,-178.948346350548,-50.8413594040323,0,26,26,26,6,-50.8413594040323
01-Aug-2026 01:27:18,-178.901487001,-50.7945000544838,0,26,26,26,6,-50.7945000544838
01-Aug-2026 01:27:20,-164.217496540787,-36.1105095942707,0,26,26,26,7,-36.1105095942707
01-Aug-2026 01:27:22,-164.523671537326,-36.4166845908098,0,27,27,27,9,-36.4166845908098
01-Aug-2026 01:27:24,-164.628258634347,-36.5212716878307,0,27,27,27,9,-36.5212716878307
01-Aug-2026 01:27:26,-175.870755680533,-47.7637687340174,0,26,26,26,9,-47.7637687340174
01-Aug-2026 01:27:28,-177.190015863048,-49.0830289165323,0,26,26,26,7,-49.0830289165323
01-Aug-2026 01:27:30,-180.971172453011,-52.8641855064955,0,25,25,25,4,-52.8641855064955
01-Aug-2026 01:27:32,-181.560110454794,-53.4531235082784,0,24,24,24,3,-53.4531235082784
01-Aug-2026 01:27:34,-181.79504080915,-53.688053862634,0,24,24,24,3,-53.688053862634
01-Aug-2026 01:27:36,-181.773168735516,-53.666181789,0,24,24,24,3,-53.666181789
01-Aug-2026 01:27:38,-176.624660245218,-48.5176732987023,0,24,24,24,4,-48.5176732987023
01-Aug-2026 01:27:40,-176.738152047503,-48.6311651009868,0,24,24,24,3,-48.6311651009868
01-Aug-2026 01:27:42,-177.565384898268,-49.4583979517521,0,24,24,24,3,-49.4583979517521
01-Aug-2026 01:27:44,-177.210932047414,-49.1039451008982,0,24,24,24,3,-49.1039451008982
01-Aug-2026 01:27:46,-177.72451393878,-49.6175269922638,0,25,25,25,4,-49.6175269922638
01-Aug-2026 01:27:48,-178.17598809494,-50.069001148424,0,26,26,26,4,-50.069001148424
01-Aug-2026 01:27:50,-177.992540245813,-49.8855532992968,0,26,26,26,4,-49.8855532992968
01-Aug-2026 01:27:52,-174.660899674595,-46.553912728079,0,26,26,26,6,-46.553912728079
01-Aug-2026 01:27:54,-172.777740053574,-44.6707531070584,0,25,25,25,7,-44.6707531070584
01-Aug-2026 01:27:56,-172.456637155564,-44.3496502090484,0,25,25,25,8,-44.3496502090484
01-Aug-2026 01:27:58,-171.888671917076,-43.7816849705605,0,24,24,24,8,-43.7816849705605
01-Aug-2026 01:28:00,-172.014699278777,-43.9077123322608,0,24,24,24,7,-43.9077123322608
01-Aug-2026 01:28:02,-162.738141959221,-34.6311550127048,0,24,24,24,8,-34.6311550127048
01-Aug-2026 01:28:04,-163.364439574546,-35.2574526280304,0,24,24,24,6,-35.2574526280304
01-Aug-2026 01:28:06,-163.827828448909,-35.7208415023934,0,24,24,24,6,-35.7208415023934
01-Aug-2026 01:28:08,-163.891532873129,-35.7845459266127,0,24,24,24,6,-35.7845459266127
01-Aug-2026 01:28:10,-161.276558319508,-33.1695713729924,0,24,24,24,7,-33.1695713729924
01-Aug-2026 01:28:12,-161.888538107277,-33.7815511607612,0,24,24,24,7,-33.7815511607612
01-Aug-2026 01:28:14,-161.639844552912,-33.5328576063965,0,25,25,25,8,-33.5328576063965
01-Aug-2026 01:28:16,-164.807138371898,-36.7001514253823,0,25,25,25,7,-36.7001514253823
01-Aug-2026 01:28:18,-165.59863893839,-37.4916519918744,0,25,25,25,7,-37.4916519918744
01-Aug-2026 01:28:20,-166.407241078738,-38.3002541322218,0,25,25,25,6,-38.3002541322218
01-Aug-2026 01:28:22,-165.694826468352,-37.5878395218366,0,25,25,25,5,-37.5878395218366
01-Aug-2026 01:28:24,-176.802478013693,-48.6954910671768,0,25,25,25,3,-48.6954910671768
01-Aug-2026 01:28:26,-161.550450067217,-33.4434631207014,0,25,25,25,5,-33.4434631207014
01-Aug-2026 01:28:28,-160.450940590256,-32.3439536437404,0,25,25,25,5,-32.3439536437404
01-Aug-2026 01:28:30,-160.039821967357,-31.9328350208416,0,25,25,25,4,-31.9328350208416
01-Aug-2026 01:28:32,-159.72315428728,-31.6161673407642,0,26,26,26,4,-31.6161673407642
01-Aug-2026 01:28:34,-159.768121058297,-31.6611341117811,0,25,25,25,4,-31.6611341117811
01-Aug-2026 01:28:36,-158.592700962387,-30.4857140158707,0,25,25,25,4,-30.4857140158707
01-Aug-2026 01:28:38,-158.525915119923,-30.4189281734068,0,25,25,25,5,-30.4189281734068
01-Aug-2026 01:28:40,-158.158710483865,-30.0517235373487,0,25,25,25,5,-30.0517235373487
01-Aug-2026 01:28:42,-157.855196566138,-29.7482096196217,0,25,25,25,5,-29.7482096196217
01-Aug-2026 01:28:44,-157.76022568958,-29.653238743064,0,25,25,25,5,-29.653238743064
01-Aug-2026 01:28:46,-157.957105424997,-29.8501184784813,0,25,25,25,5,-29.8501184784813
01-Aug-2026 01:28:48,-157.969695206863,-29.8627082603475,0,25,25,25,5,-29.8627082603475
01-Aug-2026 01:28:50,-157.646607959754,-29.5396210132383,0,25,25,25,5,-29.5396210132383
01-Aug-2026 01:28:52,-157.415461159745,-29.3084742132289,0,25,25,25,5,-29.3084742132289
01-Aug-2026 01:28:54,-157.782517611275,-29.6755306647593,0,24,24,24,5,-29.6755306647593
01-Aug-2026 01:28:56,-158.334142399619,-30.2271554531034,0,24,24,24,4,-30.2271554531034
01-Aug-2026 01:28:58,-158.752755818975,-30.6457688724589,0,24,24,24,4,-30.6457688724589
01-Aug-2026 01:29:00,-158.477196113152,-30.3702091666358,0,24,24,24,4,-30.3702091666358
01-Aug-2026 01:29:02,-157.561375535282,-29.4543885887658,0,23,23,23,4,-29.4543885887658
01-Aug-2026 01:29:04,-156.869160124176,-28.7621731776605,0,24,24,24,5,-28.7621731776605
01-Aug-2026 01:29:06,-157.180125766045,-29.0731388195292,0,24,24,24,5,-29.0731388195292
01-Aug-2026 01:29:08,-157.01240521015,-28.9054182636339,0,24,24,24,6,-28.9054182636339
01-Aug-2026 01:29:10,-157.06884238871,-28.9618554421937,0,24,24,24,6,-28.9618554421937
01-Aug-2026 01:29:12,-169.406508192001,-41.2995212454847,0,24,24,24,5,-41.2995212454847
01-Aug-2026 01:29:14,-169.285666622131,-41.1786796756148,0,24,24,24,5,-41.1786796756148
01-Aug-2026 01:29:16,-169.681869376725,-41.5748824302088,0,24,24,24,5,-41.5748824302088
01-Aug-2026 01:29:18,-169.940367252852,-41.8333803063362,0,24,24,24,7,-41.8333803063362
01-Aug-2026 01:29:20,-169.934634220859,-41.8276472743431,0,24,24,24,7,-41.8276472743431
01-Aug-2026 01:29:22,-170.457587623991,-42.3506006774752,0,24,24,24,7,-42.3506006774752
01-Aug-2026 01:29:24,-170.698245385373,-42.5912584388571,0,24,24,24,7,-42.5912584388571
01-Aug-2026 01:29:26,-170.66951421326,-42.5625272667442,0,24,24,24,8,-42.5625272667442
01-Aug-2026 01:29:28,-172.616955737345,-44.5099687908294,0,24,24,24,7,-44.5099687908294
01-Aug-2026 01:29:30,-172.811358794429,-44.7043718479134,0,24,24,24,8,-44.7043718479134
01-Aug-2026 01:29:32,-173.013379294728,-44.9063923482124,0,24,24,24,8,-44.9063923482124
01-Aug-2026 01:29:34,-174.399634226112,-46.2926472795962,0,24,24,24,6,-46.2926472795962
01-Aug-2026 01:29:36,-175.449705305153,-47.3427183586373,0,25,25,25,6,-47.3427183586373
01-Aug-2026 01:29:38,-175.907513133858,-47.800526187342,0,26,26,26,5,-47.800526187342
01-Aug-2026 01:29:40,-175.939494782569,-47.8325078360529,0,26,26,26,5,-47.8325078360529
01-Aug-2026 01:29:42,-166.878578653195,-38.7715917066787,0,26,26,26,4,-38.7715917066787
01-Aug-2026 01:29:44,-169.131006599106,-41.02401965259,0,26,26,26,3,-41.02401965259
01-Aug-2026 01:29:46,-169.334366544174,-41.2273795976583,0,25,25,25,4,-41.2273795976583
01-Aug-2026 01:29:48,-170.289721111891,-42.1827341653752,0,25,25,25,4,-42.1827341653752
01-Aug-2026 01:29:50,-170.278783991788,-42.1717970452719,0,25,25,25,5,-42.1717970452719
01-Aug-2026 01:29:52,-169.770478485383,-41.6634915388668,0,25,25,25,6,-41.6634915388668
01-Aug-2026 01:29:54,-169.338465431663,-41.2314784851475,0,26,26,26,6,-41.2314784851475
01-Aug-2026 01:29:56,-169.643598606835,-41.5366116603189,0,26,26,26,7,-41.5366116603189
01-Aug-2026 01:29:58,-169.429239124985,-41.3222521784693,0,26,26,26,6,-41.3222521784693
01-Aug-2026 01:30:00,-176.193963009944,-48.0869760634286,0,26,26,26,5,-48.0869760634286
01-Aug-2026 01:30:02,-175.739866757178,-47.6328798106622,0,26,26,26,5,-47.6328798106622
01-Aug-2026 01:30:04,-175.48095986399,-47.3739729174738,0,26,26,26,5,-47.3739729174738
01-Aug-2026 01:30:06,-175.084899705616,-46.9779127591002,0,26,26,26,5,-46.9779127591002
01-Aug-2026 01:30:08,-174.660826136422,-46.5538391899063,0,26,26,26,4,-46.5538391899063
01-Aug-2026 01:30:10,-177.152043497239,-49.045056550723,0,25,25,25,3,-49.045056550723
01-Aug-2026 01:30:12,-177.696858722833,-49.5898717763172,0,25,25,25,3,-49.5898717763172
01-Aug-2026 01:30:14,-176.815906636946,-48.70891969043,0,25,25,25,4,-48.70891969043
01-Aug-2026 01:30:16,-158.651590947623,-30.5446040011068,0,25,25,25,6,-30.5446040011068
01-Aug-2026 01:30:18,-158.027659373606,-29.92067242709,0,26,26,26,7,-29.92067242709
01-Aug-2026 01:30:20,-156.611345040536,-28.5043580940206,0,26,26,26,8,-1.38369641943814
01-Aug-2026 01:30:22,-155.520635139682,-27.4136481931662,0,26,26,26,8,-3.28649299263463
01-Aug-2026 01:30:24,-134.402377677165,-6.29539073064868,0,26,26,26,7,-6.29539073064868
01-Aug-2026 01:30:26,-136.852492294311,-8.7455053477955,0,26,26,26,8,-8.7455053477955
01-Aug-2026 01:30:28,-139.129675951306,-11.0226890047905,0,26,26,26,8,-11.0226890047905
01-Aug-2026 01:30:30,-141.590779382894,-13.4837924363784,0,26,26,26,8,-13.4837924363784
01-Aug-2026 01:30:32,-143.236956159809,-15.1299692132935,0,26,26,26,7,-15.1299692132935
01-Aug-2026 01:30:34,-144.551815097155,-16.4448281506388,0,26,26,26,7,-16.4448281506388
01-Aug-2026 01:30:36,-158.404937386707,-30.2979504401909,0,26,26,26,7,-30.2979504401909
01-Aug-2026 01:30:38,-159.051631695541,-30.9446447490253,0,26,26,26,7,-30.9446447490253
01-Aug-2026 01:30:40,-159.05078224308,-30.9437952965643,0,26,26,26,9,-30.9437952965643
01-Aug-2026 01:30:42,-159.99721107105,-31.8902241245339,0,26,26,26,9,-31.8902241245339
01-Aug-2026 01:30:44,-161.691481031236,-33.58449408472,0,26,26,26,9,-33.58449408472
01-Aug-2026 01:30:46,-177.580917446887,-49.4739305003711,0,26,26,26,9,-49.4739305003711
01-Aug-2026 01:30:48,-177.488826886337,-49.3818399398207,0,26,26,26,9,-49.3818399398207
01-Aug-2026 01:30:50,-177.896080284788,-49.7890933382721,0,26,26,26,8,-49.7890933382721
01-Aug-2026 01:30:52,-178.10492769672,-49.9979407502043,0,26,26,26,8,-49.9979407502043
01-Aug-2026 01:30:54,-181.552182899037,-53.4451959525211,0,26,26,26,6,-53.4451959525211
01-Aug-2026 01:30:56,-181.650953477679,-53.5439665311634,0,26,26,26,6,-53.5439665311634
01-Aug-2026 01:30:58,-181.160007817777,-53.0530208712611,0,26,26,26,7,-53.0530208712611
01-Aug-2026 01:31:00,-184.65685667452,-56.549869728004,0,26,26,26,4,-56.549869728004
01-Aug-2026 01:31:02,-184.478583316018,-56.3715963695017,0,27,27,27,4,-56.3715963695017
01-Aug-2026 01:31:04,-184.83420798309,-56.727221036574,0,27,27,27,4,-56.727221036574
01-Aug-2026 01:31:06,-184.969845732482,-56.8628587859659,0,27,27,27,4,-56.8628587859659
01-Aug-2026 01:31:08,-184.904817914424,-56.7978309679078,0,27,27,27,4,-56.7978309679078
01-Aug-2026 01:31:10,-181.826967892298,-53.7199809457823,0,27,27,27,5,-53.7199809457823
01-Aug-2026 01:31:12,-180.824444790491,-52.7174578439752,0,28,28,28,6,-52.7174578439752
01-Aug-2026 01:31:14,-181.728890233173,-53.6219032866576,0,27,27,27,5,-53.6219032866576
01-Aug-2026 01:31:16,-181.605867061476,-53.4988801149598,0,26,26,26,5,-53.4988801149598
01-Aug-2026 01:31:18,-181.211125003831,-53.1041380573151,0,26,26,26,5,-53.1041380573151
01-Aug-2026 01:31:20,-159.240219682695,-31.133232736179,0,26,26,26,6,-31.133232736179
01-Aug-2026 01:31:22,-159.004410691998,-30.8974237454821,0,26,26,26,7,-30.8974237454821
01-Aug-2026 01:31:24,-159.246639751096,-31.1396528045802,0,25,25,25,4,-31.1396528045802
01-Aug-2026 01:31:26,-158.615067000186,-30.5080800536698,0,25,25,25,4,-30.5080800536698
01-Aug-2026 01:31:28,-182.679602573814,-54.5726156272986,0,25,25,25,3,-54.5726156272986
01-Aug-2026 01:31:30,-178.912170425418,-50.8051834789021,0,25,25,25,5,-50.8051834789021
01-Aug-2026 01:31:32,-179.364095769577,-51.2571088230616,0,25,25,25,4,-51.2571088230616
01-Aug-2026 01:31:34,-179.42688219154,-51.3198952450245,0,25,25,25,4,-51.3198952450245
01-Aug-2026 01:31:36,-179.588478430737,-51.4814914842213,0,24,24,24,4,-51.4814914842213
01-Aug-2026 01:31:38,-177.722950635397,-49.6159636888806,0,26,26,26,5,-49.6159636888806
01-Aug-2026 01:31:40,-177.700575807381,-49.5935888608651,0,26,26,26,5,-49.5935888608651
01-Aug-2026 01:31:42,-180.028927934249,-51.9219409877334,0,26,26,26,4,-51.9219409877334
01-Aug-2026 01:31:44,-179.145857606923,-51.0388706604073,0,26,26,26,5,-51.0388706604073
01-Aug-2026 01:31:46,-177.902413718569,-49.795426772053,0,24,24,24,6,-49.795426772053
01-Aug-2026 01:31:48,-178.52303991484,-50.4160529683242,0,24,24,24,5,-50.4160529683242
01-Aug-2026 01:31:50,-178.393746289848,-50.2867593433326,0,24,24,24,5,-50.2867593433326
01-Aug-2026 01:31:52,-168.398045180175,-40.291058233659,0,24,24,24,6,-40.291058233659
01-Aug-2026 01:31:54,-168.632979771744,-40.5259928252285,0,24,24,24,6,-40.5259928252285
01-Aug-2026 01:31:56,-168.996342649332,-40.8893557028163,0,24,24,24,6,-40.8893557028163
01-Aug-2026 01:31:58,-169.148094159176,-41.0411072126598,0,24,24,24,4,-41.0411072126598
01-Aug-2026 01:32:00,-169.269748805013,-41.1627618584976,0,24,24,24,4,-41.1627618584976
01-Aug-2026 01:32:02,-169.28327208451,-41.1762851379941,0,24,24,24,4,-41.1762851379941
01-Aug-2026 01:32:04,-169.620468384846,-41.5134814383302,0,24,24,24,5,-41.5134814383302
01-Aug-2026 01:32:06,-169.207806400475,-41.1008194539592,0,24,24,24,5,-41.1008194539592
01-Aug-2026 01:32:08,-169.616113373319,-41.5091264268032,0,24,24,24,6,-41.5091264268032
01-Aug-2026 01:32:10,-169.341341160634,-41.2343542141185,0,24,24,24,6,-41.2343542141185
01-Aug-2026 01:32:12,-169.290580576196,-41.1835936296797,0,24,24,24,6,-41.1835936296797
01-Aug-2026 01:32:14,-166.150801295588,-38.0438143490726,0,24,24,24,7,-38.0438143490726
01-Aug-2026 01:32:16,-166.589137449512,-38.4821505029961,0,24,24,24,6,-38.4821505029961
01-Aug-2026 01:32:18,-168.780626704602,-40.6736397580858,0,25,25,25,5,-40.6736397580858
01-Aug-2026 01:32:20,-169.077395910819,-40.9704089643035,0,24,24,24,5,-40.9704089643035
01-Aug-2026 01:32:22,-168.488745333553,-40.3817583870369,0,23,23,23,4,-40.3817583870369
01-Aug-2026 01:32:24,-168.161141023846,-40.0541540773301,0,24,24,24,4,-40.0541540773301
01-Aug-2026 01:32:26,-184.311604197137,-56.2046172506211,0,24,24,24,2,-56.2046172506211
01-Aug-2026 01:32:28,-183.548231215166,-55.4412442686497,0,24,24,24,2,-55.4412442686497
01-Aug-2026 01:32:30,-183.301178036565,-55.1941910900488,0,24,24,24,2,-55.1941910900488
01-Aug-2026 01:32:32,-183.578685939565,-55.4716989930494,0,24,24,24,2,-55.4716989930494
01-Aug-2026 01:32:34,-183.892274638114,-55.7852876915985,0,24,24,24,2,-55.7852876915985
01-Aug-2026 01:32:36,-181.736955485664,-53.6299685391484,0,24,24,24,3,-53.6299685391484
01-Aug-2026 01:32:38,-183.998194231974,-55.8912072854583,0,24,24,24,2,-55.8912072854583
01-Aug-2026 01:32:40,-190.279590250866,-62.1726033043497,0,24,24,24,2,-62.1726033043497
01-Aug-2026 01:32:42,-187.969764871386,-59.8627779248706,0,24,24,24,3,-59.8627779248706
01-Aug-2026 01:32:44,-187.842168351601,-59.7351814050856,0,24,24,24,3,-59.7351814050856
01-Aug-2026 01:32:46,-188.04076231948,-59.9337753729644,0,24,24,24,3,-59.9337753729644
01-Aug-2026 01:32:48,-187.890492807491,-59.7835058609756,0,24,24,24,3,-59.7835058609756
01-Aug-2026 01:32:50,-178.949895006735,-50.8429080602195,0,25,25,25,5,-50.8429080602195
01-Aug-2026 01:32:52,-178.917348408837,-50.8103614623212,0,26,26,26,5,-50.8103614623212
01-Aug-2026 01:32:54,-179.154100452279,-51.0471135057629,0,25,25,25,5,-51.0471135057629
01-Aug-2026 01:32:56,-184.358228514222,-56.251241567706,0,25,25,25,5,-56.251241567706
01-Aug-2026 01:32:58,-185.965580792489,-57.8585938459727,0,25,25,25,4,-57.8585938459727
01-Aug-2026 01:33:00,-186.197038109622,-58.0900511631065,0,25,25,25,4,-58.0900511631065
01-Aug-2026 01:33:02,-186.857904917634,-58.7509179711177,0,25,25,25,3,-58.7509179711177
01-Aug-2026 01:33:04,-187.348042523609,-59.2410555770935,0,25,25,25,3,-59.2410555770935
01-Aug-2026 01:33:06,-187.273273442783,-59.1662864962675,0,25,25,25,3,-59.1662864962675
01-Aug-2026 01:33:08,-175.50589741507,-47.3989104685543,0,25,25,25,3,-47.3989104685543
01-Aug-2026 01:33:10,-174.88008850557,-46.7731015590537,0,25,25,25,4,-46.7731015590537
01-Aug-2026 01:33:12,-175.166130817005,-47.0591438704892,0,25,25,25,4,-47.0591438704892
01-Aug-2026 01:33:14,-175.393211145323,-47.2862241988071,0,25,25,25,3,-47.2862241988071
01-Aug-2026 01:33:16,-175.354243683173,-47.2472567366575,0,25,25,25,3,-47.2472567366575
01-Aug-2026 01:33:18,-171.732319838241,-43.6253328917253,0,25,25,25,4,-43.6253328917253
01-Aug-2026 01:33:20,-171.97493497841,-43.8679480318938,0,25,25,25,4,-43.8679480318938
01-Aug-2026 01:33:22,-172.041289199699,-43.9343022531831,0,25,25,25,4,-43.9343022531831
01-Aug-2026 01:33:24,-172.19256681697,-44.0855798704545,0,26,26,26,4,-44.0855798704545
01-Aug-2026 01:33:26,-172.284763213049,-44.1777762665331,0,26,26,26,4,-44.1777762665331
01-Aug-2026 01:33:28,-172.544423325633,-44.4374363791169,0,27,27,27,5,-44.4374363791169
01-Aug-2026 01:33:30,-172.316677784958,-44.2096908384418,0,27,27,27,5,-44.2096908384418
01-Aug-2026 01:33:32,-171.905787277437,-43.7988003309208,0,26,26,26,6,-43.7988003309208
01-Aug-2026 01:33:34,-172.501501414745,-44.3945144682288,0,26,26,26,5,-44.3945144682288
01-Aug-2026 01:33:36,-174.183012249503,-46.0760253029871,0,26,26,26,4,-46.0760253029871
01-Aug-2026 01:33:38,-173.958802608259,-45.851815661743,0,25,25,25,3,-45.851815661743
01-Aug-2026 01:33:40,-172.925203260818,-44.8182163143023,0,25,25,25,4,-44.8182163143023
01-Aug-2026 01:33:42,-172.75957199365,-44.6525850471336,0,25,25,25,5,-44.6525850471336
01-Aug-2026 01:33:44,-172.903202748773,-44.7962158022575,0,25,25,25,5,-44.7962158022575
01-Aug-2026 01:33:46,-173.241858428949,-45.134871482433,0,25,25,25,5,-45.134871482433
01-Aug-2026 01:33:48,-172.919142047458,-44.8121551009418,0,26,26,26,6,-44.8121551009418
01-Aug-2026 01:33:50,-172.92882940255,-44.8218424560341,0,26,26,26,6,-44.8218424560341
01-Aug-2026 01:33:52,-173.010582385552,-44.9035954390361,0,26,26,26,6,-44.9035954390361
01-Aug-2026 01:33:54,-172.913685897304,-44.8066989507878,0,26,26,26,6,-44.8066989507878
01-Aug-2026 01:33:56,-173.301306892767,-45.1943199462511,0,26,26,26,6,-45.1943199462511
01-Aug-2026 01:33:58,-176.253691740756,-48.14670479424,0,26,26,26,6,-48.14670479424
01-Aug-2026 01:34:00,-176.227862113188,-48.1208751666723,0,26,26,26,5,-48.1208751666723
01-Aug-2026 01:34:02,-165.548125289697,-37.4411383431814,0,26,26,26,5,-37.4411383431814
01-Aug-2026 01:34:04,-165.563909520529,-37.4569225740136,0,26,26,26,5,-37.4569225740136
01-Aug-2026 01:34:06,-165.377291976148,-37.2703050296323,0,26,26,26,5,-37.2703050296323
01-Aug-2026 01:34:08,-163.741509815852,-35.6345228693361,0,26,26,26,5,-35.6345228693361
01-Aug-2026 01:34:10,-164.332188456107,-36.2252015095907,0,26,26,26,6,-36.2252015095907
01-Aug-2026 01:34:12,-164.652944794623,-36.5459578481073,0,26,26,26,7,-36.5459578481073
01-Aug-2026 01:34:14,-166.923057543995,-38.8160705974789,0,26,26,26,6,-38.8160705974789
01-Aug-2026 01:34:16,-166.58154614722,-38.4745592007046,0,26,26,26,6,-38.4745592007046
01-Aug-2026 01:34:18,-165.963469772891,-37.856482826375,0,26,26,26,6,-37.856482826375
01-Aug-2026 01:34:20,-166.673599601772,-38.5666126552565,0,26,26,26,5,-38.5666126552565
01-Aug-2026 01:34:22,-155.909672293143,-27.8026853466268,0,26,26,26,5,-27.8026853466268
01-Aug-2026 01:34:24,-155.078032528948,-26.971045582432,0,26,26,26,5,-26.971045582432
01-Aug-2026 01:34:26,-155.394988821826,-27.2880018753097,0,26,26,26,5,-27.2880018753097
01-Aug-2026 01:34:28,-156.334013624137,-28.2270266776215,0,26,26,26,4,-28.2270266776215
01-Aug-2026 01:34:30,-150.359990662192,-22.2530037156763,0,26,26,26,5,-22.2530037156763
01-Aug-2026 01:34:32,-150.975166621986,-22.86817967547,0,26,26,26,6,-22.86817967547
01-Aug-2026 01:34:34,-151.597391395274,-23.4904044487579,0,26,26,26,6,-23.4904044487579
01-Aug-2026 01:34:36,-152.467450050842,-24.3604631043265,0,26,26,26,6,-24.3604631043265
01-Aug-2026 01:34:38,-152.367775285607,-24.2607883390908,0,26,26,26,7,-24.2607883390908
01-Aug-2026 01:34:40,-153.28880345943,-25.1818165129142,0,26,26,26,6,-25.1818165129142
01-Aug-2026 01:34:42,-153.737865006105,-25.6308780595892,0,26,26,26,6,-25.6308780595892
01-Aug-2026 01:34:44,-154.308754711155,-26.2017677646389,0,26,26,26,5,-26.2017677646389
01-Aug-2026 01:34:46,-156.279733339283,-28.1727463927675,0,26,26,26,4,-28.1727463927675
01-Aug-2026 01:34:48,-156.661453015135,-28.554466068619,0,26,26,26,5,-28.554466068619
01-Aug-2026 01:34:50,-157.139678702306,-29.0326917557899,0,26,26,26,5,-29.0326917557899
01-Aug-2026 01:34:52,-157.073523895335,-28.966536948819,0,27,27,27,5,-28.966536948819
01-Aug-2026 01:34:54,-157.033305991628,-28.9263190451117,0,27,27,27,3,-28.9263190451117
01-Aug-2026 01:34:56,-157.646302078564,-29.539315132048,0,27,27,27,2,-29.539315132048
01-Aug-2026 01:34:58,-176.475341359517,-48.3683544130014,0,27,27,27,1,-48.3683544130014
01-Aug-2026 01:35:00,-176.225775676445,-48.1187887299287,0,27,27,27,3,-48.1187887299287
01-Aug-2026 01:35:02,-177.943784180291,-49.8367972337747,0,25,25,25,2,-49.8367972337747
01-Aug-2026 01:35:04,-177.444979757371,-49.3379928108555,0,26,26,26,3,-49.3379928108555
01-Aug-2026 01:35:06,-175.594444028843,-47.4874570823275,0,26,26,26,3,-47.4874570823275
01-Aug-2026 01:35:08,-165.925484644902,-37.8184976983859,0,26,26,26,3,-37.8184976983859
01-Aug-2026 01:35:10,-173.85053177034,-45.7435448238239,0,26,26,26,3,-45.7435448238239
01-Aug-2026 01:35:12,-173.182736939992,-45.0757499934766,0,26,26,26,3,-45.0757499934766
01-Aug-2026 01:35:14,-172.772337498992,-44.6653505524762,0,26,26,26,3,-44.6653505524762
01-Aug-2026 01:35:16,-173.546851251348,-45.4398643048326,0,26,26,26,3,-45.4398643048326
01-Aug-2026 01:35:18,-173.242386854223,-45.1353999077071,0,25,25,25,3,-45.1353999077071
01-Aug-2026 01:35:20,-173.200508541919,-45.0935215954032,0,25,25,25,2,-45.0935215954032
01-Aug-2026 01:35:22,-172.438879384493,-44.3318924379768,0,25,25,25,2,-44.3318924379768
01-Aug-2026 01:35:24,-156.419139718806,-28.3121527722898,0,25,25,25,2,-28.3121527722898
01-Aug-2026 01:35:26,-171.93381008981,-43.8268231432942,0,25,25,25,1,-43.8268231432942
01-Aug-2026 01:35:28,-171.462499495402,-43.3555125488861,0,26,26,26,2,-43.3555125488861
01-Aug-2026 01:35:30,-170.905450686567,-42.7984637400508,0,26,26,26,3,-42.7984637400508
01-Aug-2026 01:35:32,-170.510055604038,-42.4030686575225,0,27,27,27,3,-42.4030686575225
01-Aug-2026 01:35:34,-169.886260104948,-41.7792731584323,0,26,26,26,4,-41.7792731584323
01-Aug-2026 01:35:36,-169.664004119031,-41.5570171725152,0,26,26,26,3,-41.5570171725152
01-Aug-2026 01:35:38,-169.276729574603,-41.1697426280875,0,25,25,25,4,-41.1697426280875
01-Aug-2026 01:35:40,-169.400697676625,-41.2937107301095,0,25,25,25,4,-41.2937107301095
01-Aug-2026 01:35:42,-165.357593504988,-37.250606558472,0,24,24,24,5,-37.250606558472
01-Aug-2026 01:35:44,-164.846991683309,-36.740004736793,0,24,24,24,6,-36.740004736793
01-Aug-2026 01:35:46,-164.905743450776,-36.7987565042606,0,24,24,24,6,-36.7987565042606
01-Aug-2026 01:35:48,-165.104633000952,-36.9976460544363,0,24,24,24,6,-36.9976460544363
01-Aug-2026 01:35:50,-164.825088702049,-36.7181017555332,0,24,24,24,5,-36.7181017555332
01-Aug-2026 01:35:52,-165.246055839653,-37.1390688931373,0,24,24,24,5,-37.1390688931373
01-Aug-2026 01:35:54,-165.088021389663,-36.9810344431473,0,24,24,24,5,-36.9810344431473
01-Aug-2026 01:35:56,-165.087705034787,-36.9807180882711,0,24,24,24,5,-36.9807180882711
01-Aug-2026 01:35:58,-165.261175723582,-37.1541887770665,0,23,23,23,4,-37.1541887770665
01-Aug-2026 01:36:00,-165.357225655709,-37.2502387091932,0,23,23,23,4,-37.2502387091932
01-Aug-2026 01:36:02,-165.564778812302,-37.4577918657859,0,23,23,23,5,-37.4577918657859
01-Aug-2026 01:36:04,-165.155604726907,-37.0486177803907,0,23,23,23,6,-37.0486177803907
01-Aug-2026 01:36:06,-167.273962617162,-39.1669756706457,0,24,24,24,5,-39.1669756706457
01-Aug-2026 01:36:08,-166.948250694733,-38.8412637482172,0,23,23,23,5,-38.8412637482172
01-Aug-2026 01:36:10,-166.825160394177,-38.7181734476611,0,24,24,24,5,-38.7181734476611
01-Aug-2026 01:36:12,-165.881774329706,-37.7747873831898,0,24,24,24,6,-37.7747873831898
01-Aug-2026 01:36:14,-165.48405849092,-37.377071544404,0,24,24,24,4,-37.377071544404
01-Aug-2026 01:36:16,-165.610387447319,-37.5034005008029,0,24,24,24,4,-37.5034005008029
01-Aug-2026 01:36:18,-165.118485422219,-37.0114984757035,0,24,24,24,4,-37.0114984757035
01-Aug-2026 01:36:20,-165.576905428719,-37.469918482203,0,24,24,24,4,-37.469918482203
01-Aug-2026 01:36:22,-165.623933591607,-37.5169466450914,0,24,24,24,5,-37.5169466450914
01-Aug-2026 01:36:24,-165.233179358988,-37.1261924124721,0,24,24,24,6,-37.1261924124721
01-Aug-2026 01:36:26,-165.455476007861,-37.3484890613456,0,24,24,24,5,-37.3484890613456
01-Aug-2026 01:36:28,-165.672389267905,-37.5654023213895,0,24,24,24,6,-37.5654023213895
01-Aug-2026 01:36:30,-165.499464711888,-37.3924777653725,0,24,24,24,7,-37.3924777653725
01-Aug-2026 01:36:32,-165.328541514031,-37.2215545675153,0,24,24,24,8,-37.2215545675153
01-Aug-2026 01:36:34,-165.667810288242,-37.5608233417264,0,24,24,24,8,-37.5608233417264
01-Aug-2026 01:36:36,-165.047438960273,-36.9404520137569,0,24,24,24,8,-36.9404520137569
01-Aug-2026 01:36:38,-163.892883474558,-35.7858965280421,0,24,24,24,8,-35.7858965280421
01-Aug-2026 01:36:40,-164.645901510026,-36.5389145635104,0,25,25,25,8,-36.5389145635104
01-Aug-2026 01:36:42,-164.202290830379,-36.0953038838632,0,26,26,26,10,-36.0953038838632
01-Aug-2026 01:36:44,-163.906544457767,-35.7995575112507,0,26,26,26,10,-35.7995575112507
01-Aug-2026 01:36:46,-163.092785945518,-34.9857989990018,0,25,25,25,9,-34.9857989990018
01-Aug-2026 01:36:48,-162.629930747859,-34.5229438013435,0,25,25,25,7,-34.5229438013435
01-Aug-2026 01:36:50,-162.007030950648,-33.9000440041326,0,25,25,25,7,-33.9000440041326
01-Aug-2026 01:36:52,-161.790828388062,-33.6838414415458,0,25,25,25,7,-33.6838414415458
01-Aug-2026 01:36:54,-161.39493033316,-33.2879433866441,0,25,25,25,7,-33.2879433866441
01-Aug-2026 01:36:56,-160.983073027304,-32.876086080788,0,25,25,25,6,-32.876086080788
01-Aug-2026 01:36:58,-160.307283096878,-32.2002961503626,0,25,25,25,5,-32.2002961503626
01-Aug-2026 01:37:00,-172.480591339056,-44.3736043925402,0,25,25,25,5,-44.3736043925402
01-Aug-2026 01:37:02,-172.535017381766,-44.4280304352499,0,25,25,25,5,-44.4280304352499
01-Aug-2026 01:37:04,-172.605984835033,-44.4989978885172,0,25,25,25,5,-44.4989978885172
01-Aug-2026 01:37:06,-172.495289079101,-44.3883021325848,0,25,25,25,4,-44.3883021325848
01-Aug-2026 01:37:08,-173.447345314351,-45.3403583678353,0,25,25,25,4,-45.3403583678353
01-Aug-2026 01:37:10,-173.428209180419,-45.3212222339036,0,25,25,25,4,-45.3212222339036
01-Aug-2026 01:37:12,-174.167006134212,-46.0600191876965,0,26,26,26,4,-46.0600191876965
01-Aug-2026 01:37:14,-174.869910587883,-46.7629236413672,0,26,26,26,5,-46.7629236413672
01-Aug-2026 01:37:16,-175.361846398398,-47.2548594518825,0,26,26,26,5,-47.2548594518825
01-Aug-2026 01:37:18,-175.753061959758,-47.6460750132426,0,26,26,26,4,-47.6460750132426
01-Aug-2026 01:37:20,-176.113812800778,-48.0068258542625,0,27,27,27,4,-48.0068258542625
01-Aug-2026 01:37:22,-176.398202277917,-48.2912153314015,0,27,27,27,4,-48.2912153314015
01-Aug-2026 01:37:24,-177.212830074276,-49.1058431277598,0,26,26,26,3,-49.1058431277598
01-Aug-2026 01:37:26,-177.037750350686,-48.9307634041704,0,26,26,26,4,-48.9307634041704
01-Aug-2026 01:37:28,-170.785801852937,-42.6788149064209,0,25,25,25,4,-42.6788149064209
01-Aug-2026 01:37:30,-170.98874655144,-42.8817596049237,0,25,25,25,4,-42.8817596049237
01-Aug-2026 01:37:32,-171.199894124418,-43.0929071779025,0,25,25,25,4,-43.0929071779025
01-Aug-2026 01:37:34,-171.366734696534,-43.2597477500179,0,25,25,25,4,-43.2597477500179
01-Aug-2026 01:37:36,-171.76776945079,-43.660782504274,0,25,25,25,4,-43.660782504274
01-Aug-2026 01:37:38,-170.481928402929,-42.3749414564135,0,25,25,25,5,-42.3749414564135
01-Aug-2026 01:37:40,-172.953310789973,-44.8463238434573,0,26,26,26,5,-44.8463238434573
01-Aug-2026 01:37:42,-172.778698712106,-44.6717117655899,0,26,26,26,4,-44.6717117655899
01-Aug-2026 01:37:44,-173.318815381236,-45.2118284347203,0,26,26,26,5,-45.2118284347203
01-Aug-2026 01:37:46,-173.552712875537,-45.4457259290212,0,26,26,26,6,-45.4457259290212
01-Aug-2026 01:37:48,-174.206880506588,-46.0998935600722,0,27,27,27,7,-46.0998935600722
01-Aug-2026 01:37:50,-173.909586540054,-45.8025995935384,0,27,27,27,8,-45.8025995935384
01-Aug-2026 01:37:52,-174.121379848211,-46.014392901695,0,26,26,26,7,-46.014392901695
01-Aug-2026 01:37:54,-174.544398156852,-46.4374112103366,0,26,26,26,7,-46.4374112103366
01-Aug-2026 01:37:56,-179.561112281405,-51.4541253348895,0,26,26,26,6,-51.4541253348895
01-Aug-2026 01:37:58,-178.645878984493,-50.5388920379775,0,26,26,26,7,-50.5388920379775
01-Aug-2026 01:38:00,-177.899743224367,-49.7927562778507,0,26,26,26,8,-49.7927562778507
01-Aug-2026 01:38:02,-178.007763777795,-49.9007768312795,0,26,26,26,8,-49.9007768312795
01-Aug-2026 01:38:04,-178.215991242177,-50.1090042956615,0,26,26,26,7,-50.1090042956615
01-Aug-2026 01:38:06,-181.654933778161,-53.5479468316451,0,26,26,26,4,-53.5479468316451
01-Aug-2026 01:38:08,-181.74469305574,-53.637706109224,0,26,26,26,4,-53.637706109224
01-Aug-2026 01:38:10,-181.808016935819,-53.701029989303,0,26,26,26,4,-53.701029989303
01-Aug-2026 01:38:12,-181.630901986453,-53.5239150399371,0,26,26,26,4,-53.5239150399371
01-Aug-2026 01:38:14,-180.739678760205,-52.6326918136888,0,26,26,26,5,-52.6326918136888
01-Aug-2026 01:38:16,-180.923628402513,-52.8166414559969,0,26,26,26,4,-52.8166414559969
01-Aug-2026 01:38:18,-180.722871544126,-52.6158845976102,0,26,26,26,5,-52.6158845976102
01-Aug-2026 01:38:20,-180.696038180481,-52.5890512339651,0,26,26,26,5,-52.5890512339651
01-Aug-2026 01:38:22,-180.787159977375,-52.6801730308588,0,26,26,26,5,-52.6801730308588
01-Aug-2026 01:38:24,-180.009078119313,-51.902091172797,0,26,26,26,6,-51.902091172797
01-Aug-2026 01:38:26,-179.390063849608,-51.2830769030925,0,26,26,26,6,-51.2830769030925
01-Aug-2026 01:38:28,-178.590698883901,-50.4837119373855,0,26,26,26,7,-50.4837119373855
01-Aug-2026 01:38:30,-179.250294243707,-51.1433072971912,0,26,26,26,6,-51.1433072971912
01-Aug-2026 01:38:32,-178.573539175765,-50.4665522292495,0,26,26,26,6,-50.4665522292495
01-Aug-2026 01:38:34,-178.47345243891,-50.3664654923941,0,26,26,26,6,-50.3664654923941
01-Aug-2026 01:38:36,-179.019913546952,-50.9129266004366,0,26,26,26,5,-50.9129266004366
01-Aug-2026 01:38:38,-179.029865318406,-50.92287837189,0,26,26,26,5,-50.92287837189
01-Aug-2026 01:38:40,-180.928623868172,-52.8216369216557,0,26,26,26,4,-52.8216369216557
01-Aug-2026 01:38:42,-179.507247020117,-51.4002600736007,0,26,26,26,5,-51.4002600736007
01-Aug-2026 01:38:44,-179.318449960239,-51.2114630137227,0,27,27,27,5,-51.2114630137227
01-Aug-2026 01:38:46,-177.832380750941,-49.7253938044254,0,27,27,27,6,-49.7253938044254
01-Aug-2026 01:38:48,-177.680528669935,-49.5735417234192,0,25,25,25,5,-49.5735417234192
01-Aug-2026 01:38:50,-177.403839867557,-49.2968529210416,0,25,25,25,6,-49.2968529210416
01-Aug-2026 01:38:52,-179.258615795992,-51.1516288494764,0,24,24,24,5,-51.1516288494764
01-Aug-2026 01:38:54,-180.623321092246,-52.5163341457302,0,25,25,25,5,-52.5163341457302
01-Aug-2026 01:38:56,-166.996044420755,-38.8890574742393,0,25,25,25,6,-38.8890574742393
01-Aug-2026 01:38:58,-166.822201873089,-38.7152149265733,0,25,25,25,6,-38.7152149265733
01-Aug-2026 01:39:00,-166.29067167866,-38.1836847321439,0,25,25,25,6,-38.1836847321439
01-Aug-2026 01:39:02,-172.191098171216,-44.0841112247001,0,25,25,25,6,-44.0841112247001
01-Aug-2026 01:39:04,-171.904614840827,-43.7976278943116,0,25,25,25,6,-43.7976278943116
01-Aug-2026 01:39:06,-171.831072547324,-43.7240856008084,0,25,25,25,5,-43.7240856008084
01-Aug-2026 01:39:08,-171.849711579366,-43.7427246328499,0,25,25,25,6,-43.7427246328499
01-Aug-2026 01:39:10,-172.229585248579,-44.1225983020634,0,24,24,24,7,-44.1225983020634
01-Aug-2026 01:39:12,-171.656074286577,-43.5490873400616,0,24,24,24,7,-43.5490873400616
01-Aug-2026 01:39:14,-181.011323687715,-52.9043367411995,0,24,24,24,5,-52.9043367411995
01-Aug-2026 01:39:16,-182.13632874853,-54.0293418020144,0,24,24,24,5,-54.0293418020144
01-Aug-2026 01:39:18,-182.138538454038,-54.0315515075225,0,24,24,24,5,-54.0315515075225
01-Aug-2026 01:39:20,-174.591650649939,-46.4846637034235,0,25,25,25,5,-46.4846637034235
01-Aug-2026 01:39:22,-185.195081988113,-57.0880950415972,0,24,24,24,2,-57.0880950415972
01-Aug-2026 01:39:24,-184.33487842461,-56.2278914780945,0,25,25,25,2,-56.2278914780945
01-Aug-2026 01:39:26,-180.646593826972,-52.5396068804561,0,25,25,25,3,-52.5396068804561
01-Aug-2026 01:39:28,-180.107847497786,-52.0008605512705,0,25,25,25,3,-52.0008605512705
01-Aug-2026 01:39:30,-180.50493555262,-52.3979486061044,0,24,24,24,3,-52.3979486061044
01-Aug-2026 01:39:32,-161.994948403214,-33.8879614566979,0,24,24,24,4,-33.8879614566979
01-Aug-2026 01:39:34,-161.311449835507,-33.2044628889911,0,24,24,24,4,-33.2044628889911
01-Aug-2026 01:39:36,-161.431755616219,-33.3247686697036,0,25,25,25,6,-33.3247686697036
01-Aug-2026 01:39:38,-160.959420201242,-32.8524332547266,0,25,25,25,6,-32.8524332547266
01-Aug-2026 01:39:40,-160.877576120186,-32.7705891736704,0,25,25,25,5,-32.7705891736704
01-Aug-2026 01:39:42,-161.010367845275,-32.9033808987595,0,25,25,25,4,-32.9033808987595
01-Aug-2026 01:39:44,-161.21499792222,-33.1080109757045,0,25,25,25,3,-33.1080109757045
01-Aug-2026 01:39:46,-161.810907320319,-33.7039203738036,0,25,25,25,3,-33.7039203738036
01-Aug-2026 01:39:48,-162.142145959689,-34.0351590131735,0,25,25,25,3,-34.0351590131735
01-Aug-2026 01:39:50,-162.223494796911,-34.1165078503954,0,25,25,25,2,-34.1165078503954
01-Aug-2026 01:39:52,-161.956911637025,-33.849924690509,0,26,26,26,3,-33.849924690509
01-Aug-2026 01:39:54,-162.200111985405,-34.0931250388894,0,26,26,26,3,-34.0931250388894
01-Aug-2026 01:39:56,-162.442521568409,-34.3355346218929,0,25,25,25,3,-34.3355346218929
01-Aug-2026 01:39:58,-163.079205363756,-34.9722184172396,0,25,25,25,3,-34.9722184172396
01-Aug-2026 01:40:00,-162.805085903008,-34.6980989564921,0,25,25,25,5,-34.6980989564921
01-Aug-2026 01:40:02,-163.628977063419,-35.5219901169031,0,25,25,25,5,-35.5219901169031
01-Aug-2026 01:40:04,-163.336856314957,-35.2298693684413,0,25,25,25,5,-35.2298693684413
01-Aug-2026 01:40:06,-163.393174616449,-35.2861876699328,0,25,25,25,5,-35.2861876699328
01-Aug-2026 01:40:08,-163.264476410179,-35.1574894636634,0,24,24,24,6,-35.1574894636634
01-Aug-2026 01:40:10,-163.847544984543,-35.7405580380272,0,24,24,24,6,-35.7405580380272
01-Aug-2026 01:40:12,-163.427695756384,-35.3207088098681,0,24,24,24,5,-35.3207088098681
01-Aug-2026 01:40:14,-163.91862422759,-35.8116372810743,0,24,24,24,6,-35.8116372810743
01-Aug-2026 01:40:16,-164.48494202356,-36.3779550770444,0,24,24,24,6,-36.3779550770444
01-Aug-2026 01:40:18,-163.520852782299,-35.4138658357827,0,24,24,24,8,-35.4138658357827
01-Aug-2026 01:40:20,-164.079474866062,-35.972487919546,0,24,24,24,8,-35.972487919546
01-Aug-2026 01:40:22,-163.695750179159,-35.5887632326431,0,24,24,24,8,-35.5887632326431
01-Aug-2026 01:40:24,-164.257571318284,-36.1505843717678,0,24,24,24,8,-36.1505843717678
01-Aug-2026 01:40:26,-163.970098038621,-35.863111092105,0,24,24,24,10,-35.863111092105
01-Aug-2026 01:40:28,-163.349178691304,-35.2421917447883,0,25,25,25,11,-35.2421917447883
01-Aug-2026 01:40:30,-163.527555137668,-35.4205681911525,0,25,25,25,11,-35.4205681911525
01-Aug-2026 01:40:32,-176.972418661875,-48.8654317153593,0,25,25,25,9,-48.8654317153593
01-Aug-2026 01:40:34,-177.048130843922,-48.9411438974065,0,25,25,25,9,-48.9411438974065
01-Aug-2026 01:40:36,-177.064511986999,-48.9575250404828,0,25,25,25,9,-48.9575250404828
01-Aug-2026 01:40:38,-180.120653946181,-52.0136669996656,0,25,25,25,8,-52.0136669996656
01-Aug-2026 01:40:40,-180.002013432696,-51.89502648618,0,24,24,24,8,-51.89502648618
01-Aug-2026 01:40:42,-181.899649093296,-53.7926621467799,0,24,24,24,5,-53.7926621467799
01-Aug-2026 01:40:44,-179.167984948233,-51.0609980017168,0,24,24,24,7,-51.0609980017168
01-Aug-2026 01:40:46,-179.159135800946,-51.0521488544306,0,24,24,24,6,-51.0521488544306
01-Aug-2026 01:40:48,-179.084861907288,-50.9778749607725,0,24,24,24,6,-50.9778749607725
01-Aug-2026 01:40:50,-179.059699059959,-50.9527121134429,0,24,24,24,6,-50.9527121134429
01-Aug-2026 01:40:52,-182.001140971318,-53.8941540248021,0,24,24,24,5,-53.8941540248021
01-Aug-2026 01:40:54,-181.592810246021,-53.4858232995056,0,24,24,24,6,-53.4858232995056
01-Aug-2026 01:40:56,-181.402965117169,-53.2959781706528,0,24,24,24,6,-53.2959781706528
01-Aug-2026 01:40:58,-181.467402218389,-53.3604152718731,0,24,24,24,6,-53.3604152718731
01-Aug-2026 01:41:00,-165.88561015176,-37.7786232052439,0,25,25,25,8,-37.7786232052439
01-Aug-2026 01:41:02,-166.304402908401,-38.1974159618847,0,25,25,25,8,-38.1974159618847
01-Aug-2026 01:41:04,-182.253251231119,-54.1462642846028,0,25,25,25,6,-54.1462642846028
01-Aug-2026 01:41:06,-182.403769699931,-54.2967827534149,0,25,25,25,6,-54.2967827534149
01-Aug-2026 01:41:08,-182.381823282289,-54.2748363357734,0,25,25,25,6,-54.2748363357734
01-Aug-2026 01:41:10,-182.081757896058,-53.974770949542,0,26,26,26,7,-53.974770949542
01-Aug-2026 01:41:12,-182.068751902039,-53.9617649555228,0,26,26,26,7,-53.9617649555228
01-Aug-2026 01:41:14,-182.800255841272,-54.6932688947562,0,26,26,26,6,-54.6932688947562
01-Aug-2026 01:41:16,-182.774603697986,-54.6676167514699,0,25,25,25,6,-54.6676167514699
01-Aug-2026 01:41:18,-181.06062701389,-52.9536400673741,0,24,24,24,6,-52.9536400673741
01-Aug-2026 01:41:20,-181.247596261418,-53.1406093149017,0,24,24,24,6,-53.1406093149017
01-Aug-2026 01:41:22,-182.505909522845,-54.3989225763294,0,24,24,24,5,-54.3989225763294
01-Aug-2026 01:41:24,-182.624741540182,-54.5177545936662,0,24,24,24,5,-54.5177545936662
01-Aug-2026 01:41:26,-182.291782755846,-54.1847958093302,0,24,24,24,5,-54.1847958093302
01-Aug-2026 01:41:28,-182.858625062291,-54.7516381157751,0,24,24,24,4,-54.7516381157751
01-Aug-2026 01:41:30,-177.247066743442,-49.1400797969265,0,24,24,24,5,-49.1400797969265
01-Aug-2026 01:41:32,-182.830922243763,-54.7239352972476,0,24,24,24,4,-54.7239352972476
01-Aug-2026 01:41:34,-182.795032804697,-54.6880458581807,0,25,25,25,5,-54.6880458581807
01-Aug-2026 01:41:36,-184.166240198174,-56.0592532516582,0,26,26,26,4,-56.0592532516582
01-Aug-2026 01:41:38,-184.324418578914,-56.2174316323978,0,26,26,26,4,-56.2174316323978
01-Aug-2026 01:41:40,-184.322814720017,-56.2158277735011,0,26,26,26,4,-56.2158277735011
01-Aug-2026 01:41:42,-184.041533489913,-55.9345465433974,0,26,26,26,4,-55.9345465433974
01-Aug-2026 01:41:44,-157.668858957695,-29.5618720111794,0,25,25,25,5,-29.5618720111794
01-Aug-2026 01:41:46,-183.838403476976,-55.7314165304603,0,25,25,25,4,-55.7314165304603
01-Aug-2026 01:41:48,-157.16564828439,-29.0586613378738,0,25,25,25,5,-29.0586613378738
01-Aug-2026 01:41:50,-162.572673468721,-34.465686522205,0,25,25,25,4,-34.465686522205
01-Aug-2026 01:41:52,-162.979646284295,-34.8726593377791,0,25,25,25,4,-34.8726593377791
01-Aug-2026 01:41:54,-163.64722495672,-35.5402380102041,0,25,25,25,4,-35.5402380102041
01-Aug-2026 01:41:56,-164.976043274344,-36.8690563278286,0,25,25,25,4,-36.8690563278286
01-Aug-2026 01:41:58,-164.146025555092,-36.0390386085764,0,25,25,25,4,-36.0390386085764
01-Aug-2026 01:42:00,-163.699465338862,-35.5924783923459,0,25,25,25,4,-35.5924783923459
01-Aug-2026 01:42:02,-163.675558062072,-35.5685711155565,0,25,25,25,4,-35.5685711155565
01-Aug-2026 01:42:04,-163.606558357977,-35.499571411461,0,25,25,25,4,-35.499571411461
01-Aug-2026 01:42:06,-162.924139154685,-34.817152208169,0,25,25,25,5,-34.817152208169
01-Aug-2026 01:42:08,-162.525383540303,-34.4183965937876,0,25,25,25,4,-34.4183965937876
01-Aug-2026 01:42:10,-162.221898239354,-34.1149112928378,0,25,25,25,5,-34.1149112928378
01-Aug-2026 01:42:12,-163.484385255781,-35.3773983092654,0,25,25,25,5,-35.3773983092654
01-Aug-2026 01:42:14,-164.02936494573,-35.9223779992144,0,25,25,25,5,-35.9223779992144
01-Aug-2026 01:42:16,-163.277173919771,-35.1701869732551,0,25,25,25,5,-35.1701869732551
01-Aug-2026 01:42:18,-162.619134757642,-34.5121478111265,0,25,25,25,6,-34.5121478111265
01-Aug-2026 01:42:20,-162.48398735579,-34.3770004092746,0,25,25,25,6,-34.3770004092746
01-Aug-2026 01:42:22,-162.61381276835,-34.5068258218343,0,25,25,25,6,-34.5068258218343
01-Aug-2026 01:42:24,-163.027953714998,-34.9209667684818,0,25,25,25,5,-34.9209667684818
01-Aug-2026 01:42:26,-162.579609672182,-34.4726227256664,0,25,25,25,5,-34.4726227256664
01-Aug-2026 01:42:28,-162.455853233155,-34.3488662866394,0,25,25,25,7,-34.3488662866394
01-Aug-2026 01:42:30,-162.04614991478,-33.9391629682638,0,25,25,25,7,-33.9391629682638
01-Aug-2026 01:42:32,-161.878827337033,-33.7718403905176,0,25,25,25,7,-33.7718403905176
01-Aug-2026 01:42:34,-162.328910039951,-34.2219230934347,0,25,25,25,7,-34.2219230934347
01-Aug-2026 01:42:36,-162.346912849012,-34.2399259024966,0,24,24,24,6,-34.2399259024966
01-Aug-2026 01:42:38,-162.662199163235,-34.5552122167189,0,24,24,24,6,-34.5552122167189
01-Aug-2026 01:42:40,-162.97089573987,-34.8639087933543,0,24,24,24,6,-34.8639087933543
01-Aug-2026 01:42:42,-163.026418405006,-34.9194314584898,0,24,24,24,6,-34.9194314584898
01-Aug-2026 01:42:44,-163.54209031956,-35.4351033730442,0,24,24,24,6,-35.4351033730442
01-Aug-2026 01:42:46,-163.884952439168,-35.7779654926519,0,25,25,25,7,-35.7779654926519
01-Aug-2026 01:42:48,-164.057973922651,-35.9509869761351,0,25,25,25,7,-35.9509869761351
01-Aug-2026 01:42:50,-164.392469597489,-36.2854826509731,0,25,25,25,7,-36.2854826509731
01-Aug-2026 01:42:52,-164.224249073269,-36.117262126753,0,25,25,25,6,-36.117262126753
01-Aug-2026 01:42:54,-176.199635679213,-48.0926487326968,0,25,25,25,6,-48.0926487326968
01-Aug-2026 01:42:56,-176.947746378321,-48.8407594318053,0,25,25,25,5,-48.8407594318053
01-Aug-2026 01:42:58,-179.91300813871,-51.8060211921944,0,25,25,25,4,-51.8060211921944
01-Aug-2026 01:43:00,-180.100198420455,-51.9932114739389,0,25,25,25,4,-51.9932114739389
01-Aug-2026 01:43:02,-180.426755335276,-52.3197683887598,0,25,25,25,3,-52.3197683887598
01-Aug-2026 01:43:04,-180.151886508812,-52.0448995622962,0,24,24,24,3,-52.0448995622962
01-Aug-2026 01:43:06,-180.404858641392,-52.2978716948764,0,25,25,25,3,-52.2978716948764
01-Aug-2026 01:43:08,-180.452577027581,-52.3455900810648,0,25,25,25,3,-52.3455900810648
01-Aug-2026 01:43:10,-180.339031927977,-52.2320449814609,0,25,25,25,3,-52.2320449814609
01-Aug-2026 01:43:12,-180.175378861016,-52.0683919144997,0,25,25,25,3,-52.0683919144997
01-Aug-2026 01:43:14,-180.268952072616,-52.1619651260997,0,25,25,25,3,-52.1619651260997
01-Aug-2026 01:43:16,-180.44407556569,-52.3370886191739,0,25,25,25,3,-52.3370886191739
01-Aug-2026 01:43:18,-181.725019920606,-53.6180329740897,0,26,26,26,2,-53.6180329740897
01-Aug-2026 01:43:20,-186.262816877004,-58.1558299304884,0,25,25,25,2,-58.1558299304884
01-Aug-2026 01:43:22,-186.279972176044,-58.1729852295285,0,25,25,25,2,-58.1729852295285
01-Aug-2026 01:43:24,-186.308714606937,-58.2017276604214,0,25,25,25,2,-58.2017276604214
01-Aug-2026 01:43:26,-186.702004853637,-58.5950179071207,0,25,25,25,2,-58.5950179071207
01-Aug-2026 01:43:28,-186.528926657033,-58.4219397105171,0,25,25,25,2,-58.4219397105171
01-Aug-2026 01:43:30,-185.464354373054,-57.3573674265381,0,25,25,25,3,-57.3573674265381
01-Aug-2026 01:43:32,-185.297119057393,-57.1901321108774,0,25,25,25,3,-57.1901321108774
01-Aug-2026 01:43:34,-186.193068143669,-58.0860811971536,0,25,25,25,2,-58.0860811971536
01-Aug-2026 01:43:36,-186.53332188656,-58.4263349400439,0,25,25,25,2,-58.4263349400439
01-Aug-2026 01:43:38,-186.255708771838,-58.1487218253224,0,25,25,25,2,-58.1487218253224
01-Aug-2026 01:43:40,-186.91873326183,-58.8117463153137,0,26,26,26,2,-58.8117463153137
01-Aug-2026 01:43:42,-186.643970219973,-58.5369832734569,0,25,25,25,2,-58.5369832734569
01-Aug-2026 01:43:44,-190.596981115172,-62.489994168656,0,25,25,25,1,-62.489994168656
01-Aug-2026 01:43:46,-168.770825689298,-40.6638387427824,0,25,25,25,2,-40.6638387427824
01-Aug-2026 01:43:48,-169.496889940262,-41.3899029937458,0,25,25,25,2,-41.3899029937458
01-Aug-2026 01:43:50,-169.884399306149,-41.7774123596327,0,25,25,25,1,-41.7774123596327
01-Aug-2026 01:43:52,-163.407209168514,-35.3002222219977,0,25,25,25,2,-35.3002222219977
01-Aug-2026 01:43:54,-162.947051871031,-34.840064924515,0,25,25,25,3,-34.840064924515
01-Aug-2026 01:43:56,-162.83929591402,-34.7323089675037,0,25,25,25,4,-34.7323089675037
01-Aug-2026 01:43:58,-163.389837550795,-35.2828506042787,0,25,25,25,2,-35.2828506042787
01-Aug-2026 01:44:00,-163.140977430211,-35.0339904836955,0,25,25,25,2,-35.0339904836955
01-Aug-2026 01:44:02,-186.194390711243,-58.087403764727,0,25,25,25,1,-58.087403764727
01-Aug-2026 01:44:04,-3076.52655568589,-2948.41956873937,0,25,25,25,0,-2948.41956873937
01-Aug-2026 01:44:06,-3076.52655568589,-2948.41956873937,0,25,25,25,0,-2948.41956873937
01-Aug-2026 01:44:08,-3076.52655568589,-2948.41956873937,0,25,25,25,0,-2948.41956873937
01-Aug-2026 01:44:10,-3076.52655568589,-2948.41956873937,0,25,25,25,0,-2948.41956873937
01-Aug-2026 01:44:12,-3076.52655568589,-2948.41956873937,0,25,25,25,0,-2948.41956873937
01-Aug-2026 01:44:14,-3076.52655568589,-2948.41956873937,0,24,24,24,0,-2948.41956873937
01-Aug-2026 01:44:16,-3076.52655568589,-2948.41956873937,0,24,24,24,0,-2948.41956873937
01-Aug-2026 01:44:18,-3076.52655568589,-2948.41956873937,0,25,25,25,0,-2948.41956873937
01-Aug-2026 01:44:20,-165.216914599546,-37.1099276530305,0,25,25,25,1,-37.1099276530305
01-Aug-2026 01:44:22,-164.586516258183,-36.4795293116669,0,25,25,25,2,-36.4795293116669
01-Aug-2026 01:44:24,-164.679432864964,-36.5724459184482,0,25,25,25,2,-36.5724459184482
01-Aug-2026 01:44:26,-164.278863737652,-36.1718767911363,0,25,25,25,4,-36.1718767911363
01-Aug-2026 01:44:28,-164.130156305262,-36.0231693587463,0,25,25,25,4,-36.0231693587463
01-Aug-2026 01:44:30,-163.542438281559,-35.435451335043,0,25,25,25,4,-35.435451335043
01-Aug-2026 01:44:32,-163.380974054628,-35.2739871081124,0,24,24,24,5,-35.2739871081124
01-Aug-2026 01:44:34,-163.491109789543,-35.3841228430274,0,24,24,24,5,-35.3841228430274
01-Aug-2026 01:44:36,-162.715201121587,-34.6082141750715,0,24,24,24,6,-34.6082141750715
01-Aug-2026 01:44:38,-163.085079286817,-34.9780923403015,0,24,24,24,5,-34.9780923403015
01-Aug-2026 01:44:40,-162.823528989411,-34.7165420428956,0,24,24,24,5,-34.7165420428956
01-Aug-2026 01:44:42,-162.766737668024,-34.6597507215084,0,24,24,24,5,-34.6597507215084
01-Aug-2026 01:44:44,-162.53597931062,-34.4289923641039,0,24,24,24,5,-34.4289923641039
01-Aug-2026 01:44:46,-158.125021873522,-30.0180349270066,0,24,24,24,6,-30.0180349270066
01-Aug-2026 01:44:48,-158.287856248872,-30.1808693023561,0,25,25,25,8,-30.1808693023561
01-Aug-2026 01:44:50,-158.640981487358,-30.5339945408418,0,25,25,25,9,-30.5339945408418
01-Aug-2026 01:44:52,-158.671979407107,-30.5649924605913,0,25,25,25,10,-30.5649924605913
01-Aug-2026 01:44:54,-158.593179216755,-30.4861922702394,0,25,25,25,11,-30.4861922702394
01-Aug-2026 01:44:56,-163.620847501211,-35.5138605546947,0,25,25,25,10,-35.5138605546947
01-Aug-2026 01:44:58,-163.681746999747,-35.5747600532313,0,25,25,25,9,-35.5747600532313
01-Aug-2026 01:45:00,-177.554587776733,-49.4476008302171,0,25,25,25,6,-49.4476008302171
01-Aug-2026 01:45:02,-177.605821828487,-49.4988348819709,0,26,26,26,7,-49.4988348819709
01-Aug-2026 01:45:04,-177.896013965166,-49.7890270186498,0,26,26,26,7,-49.7890270186498
01-Aug-2026 01:45:06,-178.644500723071,-50.5375137765549,0,25,25,25,5,-50.5375137765549
01-Aug-2026 01:45:08,-178.654428038193,-50.5474410916773,0,25,25,25,5,-50.5474410916773
01-Aug-2026 01:45:10,-178.871521076784,-50.764534130268,0,24,24,24,5,-50.764534130268
01-Aug-2026 01:45:12,-178.861580794754,-50.7545938482378,0,24,24,24,5,-50.7545938482378
01-Aug-2026 01:45:14,-179.217205382987,-51.1102184364713,0,24,24,24,5,-51.1102184364713
01-Aug-2026 01:45:16,-178.8696707071,-50.762683760584,0,24,24,24,5,-50.762683760584
01-Aug-2026 01:45:18,-179.020629770111,-50.9136428235952,0,24,24,24,5,-50.9136428235952
01-Aug-2026 01:45:20,-179.019668270038,-50.9126813235218,0,24,24,24,5,-50.9126813235218
01-Aug-2026 01:45:22,-180.604873864803,-52.497886918287,0,25,25,25,4,-52.497886918287
01-Aug-2026 01:45:24,-180.91045804095,-52.8034710944345,0,25,25,25,4,-52.8034710944345
01-Aug-2026 01:45:26,-179.690378857473,-51.5833919109572,0,25,25,25,5,-51.5833919109572
01-Aug-2026 01:45:28,-179.639793032711,-51.5328060861952,0,26,26,26,5,-51.5328060861952
01-Aug-2026 01:45:30,-176.046700407368,-47.9397134608521,0,26,26,26,6,-47.9397134608521
01-Aug-2026 01:45:32,-176.905396115426,-48.7984091689103,0,26,26,26,5,-48.7984091689103
01-Aug-2026 01:45:34,-181.405306217917,-53.2983192714011,0,25,25,25,4,-53.2983192714011
01-Aug-2026 01:45:36,-181.406325459638,-53.2993385131218,0,25,25,25,4,-53.2993385131218
01-Aug-2026 01:45:38,-181.222880456914,-53.115893510398,0,25,25,25,4,-53.115893510398
01-Aug-2026 01:45:40,-181.384685954502,-53.2776990079859,0,25,25,25,4,-53.2776990079859
01-Aug-2026 01:45:42,-177.526882743316,-49.4198957968003,0,25,25,25,5,-49.4198957968003
01-Aug-2026 01:45:44,-177.613540097778,-49.506553151262,0,25,25,25,5,-49.506553151262
01-Aug-2026 01:45:46,-177.036802847246,-48.9298159007297,0,25,25,25,6,-48.9298159007297
01-Aug-2026 01:45:48,-176.142308338047,-48.0353213915308,0,25,25,25,6,-48.0353213915308
01-Aug-2026 01:45:50,-175.624234887783,-47.5172479412666,0,25,25,25,6,-47.5172479412666
01-Aug-2026 01:45:52,-180.371635211628,-52.2646482651119,0,25,25,25,5,-52.2646482651119
01-Aug-2026 01:45:54,-180.380575704987,-52.2735887584711,0,25,25,25,5,-52.2735887584711
01-Aug-2026 01:45:56,-180.016581135983,-51.9095941894667,0,25,25,25,5,-51.9095941894667
01-Aug-2026 01:45:58,-178.285640534529,-50.1786535880134,0,25,25,25,6,-50.1786535880134
01-Aug-2026 01:46:00,-179.837722966343,-51.7307360198275,0,25,25,25,4,-51.7307360198275
01-Aug-2026 01:46:02,-182.278142375919,-54.171155429403,0,25,25,25,3,-54.171155429403
01-Aug-2026 01:46:04,-182.21428900856,-54.1073020620445,0,25,25,25,3,-54.1073020620445
01-Aug-2026 01:46:06,-179.199874551836,-51.0928876053203,0,25,25,25,5,-51.0928876053203
01-Aug-2026 01:46:08,-181.955973435879,-53.8489864893631,0,25,25,25,3,-53.8489864893631
01-Aug-2026 01:46:10,-181.597499630048,-53.4905126835324,0,25,25,25,3,-53.4905126835324
01-Aug-2026 01:46:12,-181.626134295997,-53.5191473494811,0,25,25,25,3,-53.5191473494811
01-Aug-2026 01:46:14,-181.550311621799,-53.443324675283,0,25,25,25,2,-53.443324675283
01-Aug-2026 01:46:16,-180.131604622239,-52.0246176757229,0,25,25,25,3,-52.0246176757229
01-Aug-2026 01:46:18,-179.854640372568,-51.7476534260518,0,25,25,25,4,-51.7476534260518
01-Aug-2026 01:46:20,-179.932330039024,-51.8253430925086,0,24,24,24,3,-51.8253430925086
01-Aug-2026 01:46:22,-179.753472200554,-51.6464852540383,0,23,23,23,3,-51.6464852540383
01-Aug-2026 01:46:24,-179.62583046555,-51.5188435190343,0,23,23,23,3,-51.5188435190343
01-Aug-2026 01:46:26,-179.180490604147,-51.0735036576307,0,24,24,24,4,-51.0735036576307
01-Aug-2026 01:46:28,-179.259027326385,-51.1520403798687,0,24,24,24,4,-51.1520403798687
01-Aug-2026 01:46:30,-178.799119154805,-50.6921322082896,0,24,24,24,4,-50.6921322082896
01-Aug-2026 01:46:32,-178.791004450739,-50.6840175042229,0,24,24,24,4,-50.6840175042229
01-Aug-2026 01:46:34,-178.331882229759,-50.2248952832435,0,24,24,24,4,-50.2248952832435
01-Aug-2026 01:46:36,-177.693549471586,-49.58656252507,0,25,25,25,5,-49.58656252507
01-Aug-2026 01:46:38,-177.48339019391,-49.3764032473945,0,26,26,26,5,-49.3764032473945
01-Aug-2026 01:46:40,-167.565983381284,-39.4589964347677,0,26,26,26,6,-39.4589964347677
01-Aug-2026 01:46:42,-167.630816065488,-39.5238291189717,0,26,26,26,5,-39.5238291189717
01-Aug-2026 01:46:44,-176.342760018583,-48.2357730720667,0,26,26,26,3,-48.2357730720667
01-Aug-2026 01:46:46,-168.991176762043,-40.8841898155275,0,26,26,26,4,-40.8841898155275
01-Aug-2026 01:46:48,-168.486878965113,-40.379892018597,0,26,26,26,4,-40.379892018597
01-Aug-2026 01:46:50,-168.198670748342,-40.0916838018262,0,26,26,26,4,-40.0916838018262
01-Aug-2026 01:46:52,-168.060156200768,-39.953169254252,0,26,26,26,5,-39.953169254252
01-Aug-2026 01:46:54,-167.427678363101,-39.3206914165852,0,26,26,26,4,-39.3206914165852
01-Aug-2026 01:46:56,-166.653519844771,-38.546532898255,0,25,25,25,3,-38.546532898255
01-Aug-2026 01:46:58,-166.331096416526,-38.2241094700098,0,24,24,24,2,-38.2241094700098
01-Aug-2026 01:47:00,-178.037242373002,-49.9302554264859,0,25,25,25,3,-49.9302554264859
01-Aug-2026 01:47:02,-178.284958290147,-50.1779713436315,0,25,25,25,3,-50.1779713436315
01-Aug-2026 01:47:04,-178.558041246855,-50.4510543003396,0,25,25,25,3,-50.4510543003396
01-Aug-2026 01:47:06,-178.103815536979,-49.9968285904631,0,25,25,25,3,-49.9968285904631
01-Aug-2026 01:47:08,-177.909537728972,-49.8025507824563,0,25,25,25,3,-49.8025507824563
01-Aug-2026 01:47:10,-177.70087114348,-49.5938841969639,0,26,26,26,4,-49.5938841969639
01-Aug-2026 01:47:12,-177.345776005893,-49.2387890593769,0,25,25,25,6,-49.2387890593769
01-Aug-2026 01:47:14,-169.639276421945,-41.5322894754289,0,25,25,25,7,-41.5322894754289
01-Aug-2026 01:47:16,-169.878659052331,-41.7716721058152,0,25,25,25,8,-41.7716721058152
01-Aug-2026 01:47:18,-169.535488806267,-41.4285018597516,0,25,25,25,8,-41.4285018597516
01-Aug-2026 01:47:20,-170.242117370835,-42.1351304243192,0,25,25,25,6,-42.1351304243192
01-Aug-2026 01:47:22,-170.22568236772,-42.1186954212043,0,25,25,25,5,-42.1186954212043
01-Aug-2026 01:47:24,-169.906080483019,-41.799093536503,0,25,25,25,6,-41.799093536503
01-Aug-2026 01:47:26,-170.092717175586,-41.9857302290702,0,26,26,26,7,-41.9857302290702
01-Aug-2026 01:47:28,-169.951677213834,-41.8446902673186,0,26,26,26,8,-41.8446902673186
01-Aug-2026 01:47:30,-174.454310701734,-46.3473237552185,0,25,25,25,7,-46.3473237552185
01-Aug-2026 01:47:32,-175.142210409471,-47.0352234629553,0,25,25,25,6,-47.0352234629553
01-Aug-2026 01:47:34,-175.814501572234,-47.707514625718,0,25,25,25,6,-47.707514625718
01-Aug-2026 01:47:36,-175.537110554707,-47.4301236081908,0,25,25,25,7,-47.4301236081908
01-Aug-2026 01:47:38,-176.03398463123,-47.9269976847142,0,25,25,25,6,-47.9269976847142
01-Aug-2026 01:47:40,-175.785156736001,-47.6781697894855,0,25,25,25,6,-47.6781697894855
01-Aug-2026 01:47:42,-175.975785893556,-47.8687989470399,0,25,25,25,5,-47.8687989470399
01-Aug-2026 01:47:44,-178.163447180699,-50.0564602341833,0,25,25,25,4,-50.0564602341833
01-Aug-2026 01:47:46,-178.664732184232,-50.5577452377158,0,25,25,25,4,-50.5577452377158
01-Aug-2026 01:47:48,-178.970003203433,-50.8630162569168,0,25,25,25,4,-50.8630162569168
01-Aug-2026 01:47:50,-178.780846178557,-50.6738592320415,0,25,25,25,4,-50.6738592320415
01-Aug-2026 01:47:52,-179.654707141478,-51.547720194962,0,25,25,25,3,-51.547720194962
01-Aug-2026 01:47:54,-179.604029997828,-51.497043051312,0,25,25,25,3,-51.497043051312
01-Aug-2026 01:47:56,-179.521869585056,-51.4148826385403,0,25,25,25,3,-51.4148826385403
01-Aug-2026 01:47:58,-179.746365896813,-51.6393789502969,0,25,25,25,3,-51.6393789502969
01-Aug-2026 01:48:00,-180.208425146761,-52.1014382002456,0,25,25,25,3,-52.1014382002456
01-Aug-2026 01:48:02,-180.597302618707,-52.4903156721909,0,25,25,25,3,-52.4903156721909
01-Aug-2026 01:48:04,-180.67625511102,-52.5692681645045,0,25,25,25,3,-52.5692681645045
01-Aug-2026 01:48:06,-180.339093531392,-52.2321065848759,0,26,26,26,5,-52.2321065848759
01-Aug-2026 01:48:08,-164.671077067874,-36.5640901213577,0,26,26,26,8,-36.5640901213577
01-Aug-2026 01:48:10,-164.087001848912,-35.9800149023966,0,26,26,26,7,-35.9800149023966
01-Aug-2026 01:48:12,-163.549352872465,-35.4423659259488,0,26,26,26,6,-35.4423659259488
01-Aug-2026 01:48:14,-163.321728455667,-35.2147415091515,0,26,26,26,6,-35.2147415091515
01-Aug-2026 01:48:16,-162.807468435148,-34.7004814886326,0,25,25,25,6,-34.7004814886326
01-Aug-2026 01:48:18,-162.349498554387,-34.2425116078709,0,25,25,25,6,-34.2425116078709
01-Aug-2026 01:48:20,-162.115391656993,-34.0084047104773,0,25,25,25,6,-34.0084047104773
01-Aug-2026 01:48:22,-162.001969587929,-33.8949826414135,0,25,25,25,6,-33.8949826414135
01-Aug-2026 01:48:24,-162.543224161602,-34.4362372150858,0,24,24,24,6,-34.4362372150858
01-Aug-2026 01:48:26,-162.212299211026,-34.1053122645101,0,24,24,24,5,-34.1053122645101
01-Aug-2026 01:48:28,-161.99412641986,-33.8871394733442,0,24,24,24,6,-33.8871394733442
01-Aug-2026 01:48:30,-160.029327178444,-31.9223402319281,0,24,24,24,7,-31.9223402319281
01-Aug-2026 01:48:32,-159.855392561864,-31.7484056153479,0,24,24,24,7,-31.7484056153479
01-Aug-2026 01:48:34,-162.924271681167,-34.8172847346508,0,24,24,24,6,-34.8172847346508
01-Aug-2026 01:48:36,-162.756264819982,-34.649277873466,0,25,25,25,5,-34.649277873466
01-Aug-2026 01:48:38,-162.412940711427,-34.3059537649115,0,25,25,25,5,-34.3059537649115
01-Aug-2026 01:48:40,-162.16188292449,-34.054895977974,0,25,25,25,6,-34.054895977974
01-Aug-2026 01:48:42,-161.984947846472,-33.8779608999561,0,25,25,25,6,-33.8779608999561
01-Aug-2026 01:48:44,-161.80406374902,-33.6970768025043,0,25,25,25,7,-33.6970768025043
01-Aug-2026 01:48:46,-161.527992280761,-33.4210053342452,0,25,25,25,7,-33.4210053342452
01-Aug-2026 01:48:48,-161.461995264552,-33.3550083180366,0,25,25,25,7,-33.3550083180366
01-Aug-2026 01:48:50,-171.836129724007,-43.729142777491,0,25,25,25,6,-43.729142777491
01-Aug-2026 01:48:52,-172.74489654026,-44.6379095937439,0,25,25,25,6,-44.6379095937439
01-Aug-2026 01:48:54,-172.51201194387,-44.4050249973538,0,26,26,26,7,-44.4050249973538
01-Aug-2026 01:48:56,-180.108010817034,-52.0010238705178,0,26,26,26,6,-52.0010238705178
01-Aug-2026 01:48:58,-180.932845801686,-52.8258588551703,0,25,25,25,5,-52.8258588551703
01-Aug-2026 01:49:00,-180.870982544381,-52.7639955978654,0,24,24,24,5,-52.7639955978654
01-Aug-2026 01:49:02,-180.456752783424,-52.349765836908,0,24,24,24,6,-52.349765836908
01-Aug-2026 01:49:04,-180.906614619397,-52.7996276728814,0,24,24,24,6,-52.7996276728814
01-Aug-2026 01:49:06,-180.802564520125,-52.6955775736089,0,24,24,24,5,-52.6955775736089
01-Aug-2026 01:49:08,-180.557020701877,-52.4500337553616,0,25,25,25,5,-52.4500337553616
01-Aug-2026 01:49:10,-180.552441684931,-52.4454547384153,0,25,25,25,4,-52.4454547384153
01-Aug-2026 01:49:12,-180.245926593053,-52.1389396465373,0,25,25,25,4,-52.1389396465373
01-Aug-2026 01:49:14,-180.171364031957,-52.0643770854407,0,25,25,25,4,-52.0643770854407
01-Aug-2026 01:49:16,-180.162968337199,-52.0559813906833,0,25,25,25,4,-52.0559813906833
01-Aug-2026 01:49:18,-177.748607257712,-49.6416203111966,0,25,25,25,4,-49.6416203111966
01-Aug-2026 01:49:20,-178.366653347161,-50.2596664006449,0,25,25,25,3,-50.2596664006449
01-Aug-2026 01:49:22,-182.402024456248,-54.2950375097319,0,26,26,26,2,-54.2950375097319
01-Aug-2026 01:49:24,-181.701957191468,-53.5949702449523,0,26,26,26,3,-53.5949702449523
01-Aug-2026 01:49:26,-182.289293367615,-54.1823064210989,0,25,25,25,2,-54.1823064210989
01-Aug-2026 01:49:28,-181.650466734038,-53.5434797875221,0,25,25,25,3,-53.5434797875221
01-Aug-2026 01:49:30,-181.159679818287,-53.0526928717709,0,25,25,25,3,-53.0526928717709
01-Aug-2026 01:49:32,-180.707596737659,-52.6006097911428,0,25,25,25,4,-52.6006097911428
01-Aug-2026 01:49:34,-180.228936813356,-52.1219498668399,0,25,25,25,5,-52.1219498668399
01-Aug-2026 01:49:36,-179.840696329849,-51.7337093833335,0,25,25,25,6,-51.7337093833335
01-Aug-2026 01:49:38,-179.481177887894,-51.3741909413779,0,25,25,25,6,-51.3741909413779
01-Aug-2026 01:49:40,-179.515816967992,-51.4088300214764,0,25,25,25,5,-51.4088300214764
01-Aug-2026 01:49:42,-179.259777468093,-51.1527905215767,0,25,25,25,6,-51.1527905215767
01-Aug-2026 01:49:44,-179.481362913293,-51.374375966777,0,25,25,25,6,-51.374375966777
01-Aug-2026 01:49:46,-178.955420381138,-50.8484334346225,0,25,25,25,7,-50.8484334346225
01-Aug-2026 01:49:48,-179.07994969951,-50.9729627529937,0,25,25,25,7,-50.9729627529937
01-Aug-2026 01:49:50,-179.118663815312,-51.0116768687962,0,25,25,25,7,-51.0116768687962
01-Aug-2026 01:49:52,-179.40136917359,-51.2943822270745,0,25,25,25,7,-51.2943822270745
01-Aug-2026 01:49:54,-179.284070609001,-51.1770836624853,0,25,25,25,7,-51.1770836624853
01-Aug-2026 01:49:56,-179.279023404313,-51.1720364577969,0,25,25,25,7,-51.1720364577969
01-Aug-2026 01:49:58,-179.414811420495,-51.3078244739788,0,25,25,25,7,-51.3078244739788
01-Aug-2026 01:50:00,-179.540555548114,-51.4335686015985,0,25,25,25,7,-51.4335686015985
01-Aug-2026 01:50:02,-179.642121069471,-51.5351341229549,0,25,25,25,6,-51.5351341229549
01-Aug-2026 01:50:04,-179.810752584601,-51.7037656380856,0,24,24,24,6,-51.7037656380856
01-Aug-2026 01:50:06,-180.044993697304,-51.938006750788,0,24,24,24,6,-51.938006750788
01-Aug-2026 01:50:08,-185.03362696588,-56.9266400193638,0,23,23,23,4,-56.9266400193638
01-Aug-2026 01:50:10,-184.144168322403,-56.0371813758868,0,24,24,24,5,-56.0371813758868
01-Aug-2026 01:50:12,-184.058554865923,-55.9515679194068,0,24,24,24,5,-55.9515679194068
01-Aug-2026 01:50:14,-184.389806466729,-56.2828195202129,0,24,24,24,5,-56.2828195202129
01-Aug-2026 01:50:16,-184.588767342002,-56.4817803954865,0,25,25,25,5,-56.4817803954865
01-Aug-2026 01:50:18,-185.114110776974,-57.0071238304585,0,25,25,25,4,-57.0071238304585
01-Aug-2026 01:50:20,-185.057414158201,-56.9504272116851,0,25,25,25,4,-56.9504272116851
01-Aug-2026 01:50:22,-184.250722481615,-56.1437355350987,0,25,25,25,5,-56.1437355350987
01-Aug-2026 01:50:24,-184.088404224717,-55.9814172782014,0,25,25,25,5,-55.9814172782014
01-Aug-2026 01:50:26,-185.419637324957,-57.3126503784408,0,25,25,25,3,-57.3126503784408
01-Aug-2026 01:50:28,-185.922350771059,-57.8153638245435,0,26,26,26,3,-57.8153638245435
01-Aug-2026 01:50:30,-185.776441741785,-57.6694547952696,0,26,26,26,3,-57.6694547952696
01-Aug-2026 01:50:32,-185.72741295853,-57.6204260120146,0,26,26,26,3,-57.6204260120146
01-Aug-2026 01:50:34,-184.659530978712,-56.5525440321956,0,26,26,26,4,-56.5525440321956
01-Aug-2026 01:50:36,-184.720215323062,-56.6132283765464,0,26,26,26,4,-56.6132283765464
01-Aug-2026 01:50:38,-185.384629693861,-57.2776427473453,0,26,26,26,3,-57.2776427473453
01-Aug-2026 01:50:40,-185.502659366181,-57.3956724196648,0,26,26,26,3,-57.3956724196648
01-Aug-2026 01:50:42,-185.096236092702,-56.9892491461863,0,26,26,26,3,-56.9892491461863
01-Aug-2026 01:50:44,-184.993912971229,-56.8869260247135,0,26,26,26,3,-56.8869260247135
01-Aug-2026 01:50:46,-184.628662763441,-56.5216758169254,0,25,25,25,3,-56.5216758169254
01-Aug-2026 01:50:48,-184.376640080697,-56.2696531341807,0,24,24,24,4,-56.2696531341807
01-Aug-2026 01:50:50,-166.091215419523,-37.9842284730072,0,24,24,24,5,-37.9842284730072
01-Aug-2026 01:50:52,-165.175674933272,-37.068687986756,0,25,25,25,5,-37.068687986756
01-Aug-2026 01:50:54,-184.388716297492,-56.281729350976,0,25,25,25,4,-56.281729350976
01-Aug-2026 01:50:56,-184.270240078334,-56.1632531318181,0,25,25,25,4,-56.1632531318181
01-Aug-2026 01:50:58,-181.584692452505,-53.4777055059887,0,25,25,25,4,-53.4777055059887
01-Aug-2026 01:51:00,-181.706229859055,-53.599242912539,0,25,25,25,4,-53.599242912539
01-Aug-2026 01:51:02,-180.21185429337,-52.1048673468542,0,25,25,25,5,-52.1048673468542
01-Aug-2026 01:51:04,-179.764588769099,-51.6576018225836,0,25,25,25,4,-51.6576018225836
01-Aug-2026 01:51:06,-179.644091436112,-51.5371044895958,0,25,25,25,3,-51.5371044895958
01-Aug-2026 01:51:08,-180.742076768844,-52.6350898223277,0,25,25,25,2,-52.6350898223277
01-Aug-2026 01:51:10,-189.941572189906,-61.8345852433901,0,25,25,25,1,-61.8345852433901
01-Aug-2026 01:51:12,-189.559779273117,-61.4527923266008,0,25,25,25,2,-61.4527923266008
01-Aug-2026 01:51:14,-187.475062597673,-59.3680756511567,0,26,26,26,3,-59.3680756511567
01-Aug-2026 01:51:16,-177.129846896718,-49.0228599502022,0,25,25,25,4,-49.0228599502022
01-Aug-2026 01:51:18,-176.268013174187,-48.1610262276715,0,25,25,25,4,-48.1610262276715
01-Aug-2026 01:51:20,-175.463842416817,-47.3568554703015,0,25,25,25,5,-47.3568554703015
01-Aug-2026 01:51:22,-175.364542904476,-47.2575559579598,0,25,25,25,5,-47.2575559579598
01-Aug-2026 01:51:24,-175.098809616033,-46.9918226695174,0,25,25,25,4,-46.9918226695174
01-Aug-2026 01:51:26,-188.832582649241,-60.7255957027256,0,25,25,25,2,-60.7255957027256
01-Aug-2026 01:51:28,-163.438253520402,-35.331266573886,0,25,25,25,4,-35.331266573886
01-Aug-2026 01:51:30,-163.040336389347,-34.9333494428313,0,25,25,25,4,-34.9333494428313
01-Aug-2026 01:51:32,-162.733362947977,-34.6263760014606,0,25,25,25,4,-34.6263760014606
01-Aug-2026 01:51:34,-162.721469440094,-34.6144824935776,0,25,25,25,4,-34.6144824935776
01-Aug-2026 01:51:36,-162.809858151114,-34.7028712045978,0,25,25,25,4,-34.7028712045978
01-Aug-2026 01:51:38,-162.289884796495,-34.182897849979,0,25,25,25,5,-34.182897849979
01-Aug-2026 01:51:40,-162.349266776457,-34.2422798299408,0,25,25,25,5,-34.2422798299408
01-Aug-2026 01:51:42,-162.17049536138,-34.0635084148641,0,25,25,25,5,-34.0635084148641
01-Aug-2026 01:51:44,-161.979412255271,-33.8724253087548,0,25,25,25,5,-33.8724253087548
01-Aug-2026 01:51:46,-161.007188415311,-32.9002014687954,0,25,25,25,6,-32.9002014687954
01-Aug-2026 01:51:48,-161.127832200703,-33.0208452541868,0,25,25,25,6,-33.0208452541868
01-Aug-2026 01:51:50,-160.982788467046,-32.8758015205298,0,25,25,25,6,-32.8758015205298
01-Aug-2026 01:51:52,-161.25482101869,-33.1478340721738,0,25,25,25,7,-33.1478340721738
01-Aug-2026 01:51:54,-161.1547934591,-33.0478065125846,0,25,25,25,6,-33.0478065125846
01-Aug-2026 01:51:56,-161.409755405433,-33.3027684589168,0,26,26,26,6,-33.3027684589168
01-Aug-2026 01:51:58,-162.235097298955,-34.1281103524393,0,26,26,26,5,-34.1281103524393
01-Aug-2026 01:52:00,-162.786528180155,-34.6795412336394,0,26,26,26,6,-34.6795412336394
01-Aug-2026 01:52:02,-162.996103598913,-34.8891166523969,0,26,26,26,7,-34.8891166523969
01-Aug-2026 01:52:04,-162.648379222548,-34.5413922760324,0,26,26,26,8,-34.5413922760324
01-Aug-2026 01:52:06,-162.453441492695,-34.3464545461791,0,26,26,26,7,-34.3464545461791
01-Aug-2026 01:52:08,-162.759212712078,-34.6522257655623,0,26,26,26,7,-34.6522257655623
01-Aug-2026 01:52:10,-162.382151118691,-34.275164172175,0,26,26,26,7,-34.275164172175
01-Aug-2026 01:52:12,-162.434498674103,-34.3275117275868,0,26,26,26,6,-34.3275117275868
01-Aug-2026 01:52:14,-161.989515173753,-33.8825282272367,0,26,26,26,5,-33.8825282272367
01-Aug-2026 01:52:16,-162.38030664776,-34.2733197012439,0,25,25,25,5,-34.2733197012439
01-Aug-2026 01:52:18,-162.801811602138,-34.6948246556225,0,24,24,24,5,-34.6948246556225
01-Aug-2026 01:52:20,-162.751995396421,-34.6450084499052,0,24,24,24,5,-34.6450084499052
01-Aug-2026 01:52:22,-163.284368973045,-35.177382026529,0,24,24,24,5,-35.177382026529
01-Aug-2026 01:52:24,-163.917738031015,-35.810751084499,0,25,25,25,5,-35.810751084499
01-Aug-2026 01:52:26,-164.412545529178,-36.3055585826618,0,25,25,25,5,-36.3055585826618
01-Aug-2026 01:52:28,-164.517334862153,-36.4103479156371,0,25,25,25,4,-36.4103479156371
01-Aug-2026 01:52:30,-164.282551774955,-36.1755648284394,0,25,25,25,4,-36.1755648284394
01-Aug-2026 01:52:32,-164.453064093744,-36.3460771472283,0,25,25,25,5,-36.3460771472283
01-Aug-2026 01:52:34,-164.731458150895,-36.624471204379,0,25,25,25,4,-36.624471204379
01-Aug-2026 01:52:36,-151.424471141749,-23.3174841952335,0,25,25,25,6,-23.3174841952335
01-Aug-2026 01:52:38,-151.190104078986,-23.08311713247,0,25,25,25,7,-23.08311713247
01-Aug-2026 01:52:40,-151.309616601168,-23.2026296546522,0,25,25,25,7,-23.2026296546522
01-Aug-2026 01:52:42,-150.867390742527,-22.7604037960111,0,25,25,25,6,-22.7604037960111
01-Aug-2026 01:52:44,-149.880505779734,-21.7735188332181,0,25,25,25,5,-21.7735188332181
01-Aug-2026 01:52:46,-149.870714861222,-21.7637279147062,0,26,26,26,5,-21.7637279147062
01-Aug-2026 01:52:48,-149.345080586842,-21.2380936403266,0,26,26,26,5,-21.2380936403266
01-Aug-2026 01:52:50,-164.570997438447,-36.4640104919314,0,24,24,24,5,-36.4640104919314
01-Aug-2026 01:52:52,-164.304281415156,-36.1972944686405,0,24,24,24,5,-36.1972944686405
01-Aug-2026 01:52:54,-164.493446162716,-36.3864592162001,0,24,24,24,5,-36.3864592162001
01-Aug-2026 01:52:56,-164.618575470822,-36.5115885243058,0,25,25,25,5,-36.5115885243058
01-Aug-2026 01:52:58,-164.962356417777,-36.8553694712609,0,25,25,25,5,-36.8553694712609
01-Aug-2026 01:53:00,-165.721633119976,-37.6146461734599,0,25,25,25,5,-37.6146461734599
01-Aug-2026 01:53:02,-165.647490632971,-37.5405036864555,0,25,25,25,6,-37.5405036864555
01-Aug-2026 01:53:04,-165.345975922312,-37.2389889757961,0,25,25,25,6,-37.2389889757961
01-Aug-2026 01:53:06,-165.35670715782,-37.2497202113045,0,25,25,25,5,-37.2497202113045
01-Aug-2026 01:53:08,-165.626026483165,-37.5190395366494,0,25,25,25,5,-37.5190395366494
01-Aug-2026 01:53:10,-165.512246724862,-37.4052597783465,0,25,25,25,5,-37.4052597783465
01-Aug-2026 01:53:12,-165.363376392854,-37.256389446338,0,25,25,25,5,-37.256389446338
01-Aug-2026 01:53:14,-165.520670425296,-37.4136834787806,0,25,25,25,5,-37.4136834787806
01-Aug-2026 01:53:16,-165.76773739757,-37.6607504510546,0,25,25,25,4,-37.6607504510546
01-Aug-2026 01:53:18,-165.709039212725,-37.6020522662089,0,25,25,25,4,-37.6020522662089
01-Aug-2026 01:53:20,-166.324650192335,-38.217663245819,0,25,25,25,5,-38.217663245819
01-Aug-2026 01:53:22,-166.76024724606,-38.6532602995438,0,25,25,25,5,-38.6532602995438
01-Aug-2026 01:53:24,-166.975360232707,-38.8683732861912,0,25,25,25,5,-38.8683732861912
01-Aug-2026 01:53:26,-166.407828510709,-38.3008415641931,0,25,25,25,6,-38.3008415641931
01-Aug-2026 01:53:28,-167.273403996714,-39.1664170501977,0,25,25,25,6,-39.1664170501977
01-Aug-2026 01:53:30,-167.325939760424,-39.2189528139082,0,25,25,25,6,-39.2189528139082
01-Aug-2026 01:53:32,-180.430092651902,-52.3231057053858,0,25,25,25,5,-52.3231057053858
01-Aug-2026 01:53:34,-180.688590431135,-52.5816034846188,0,25,25,25,5,-52.5816034846188
01-Aug-2026 01:53:36,-180.575522601984,-52.468535655468,0,25,25,25,5,-52.468535655468
01-Aug-2026 01:53:38,-181.05329752272,-52.9463105762046,0,25,25,25,4,-52.9463105762046
01-Aug-2026 01:53:40,-182.169719015597,-54.0627320690814,0,25,25,25,3,-54.0627320690814
01-Aug-2026 01:53:42,-182.233687031006,-54.12670008449,0,25,25,25,3,-54.12670008449
01-Aug-2026 01:53:44,-182.05445174396,-53.9474647974438,0,26,26,26,4,-53.9474647974438
01-Aug-2026 01:53:46,-182.971455215722,-54.864468269206,0,26,26,26,4,-54.864468269206
01-Aug-2026 01:53:48,-183.413745156765,-55.3067582102494,0,25,25,25,3,-55.3067582102494
01-Aug-2026 01:53:50,-154.384836915735,-26.2778499692192,0,25,25,25,4,-26.2778499692192
01-Aug-2026 01:53:52,-154.583667916291,-26.4766809697755,0,25,25,25,4,-26.4766809697755
01-Aug-2026 01:53:54,-155.685163291271,-27.5781763447556,0,24,24,24,3,-27.5781763447556
01-Aug-2026 01:53:56,-156.387038975604,-28.2800520290882,0,24,24,24,2,-28.2800520290882
01-Aug-2026 01:53:58,-156.747161758072,-28.6401748115557,0,24,24,24,3,-28.6401748115557
01-Aug-2026 01:54:00,-156.191447690506,-28.0844607439898,0,24,24,24,5,-28.0844607439898
01-Aug-2026 01:54:02,-156.470534859202,-28.363547912686,0,24,24,24,7,-28.363547912686
01-Aug-2026 01:54:04,-156.263276911204,-28.1562899646881,0,24,24,24,6,-28.1562899646881
01-Aug-2026 01:54:06,-156.755223920127,-28.6482369736111,0,25,25,25,6,-28.6482369736111
01-Aug-2026 01:54:08,-156.534334527644,-28.4273475811283,0,25,25,25,6,-28.4273475811283
01-Aug-2026 01:54:10,-156.844534396486,-28.7375474499705,0,25,25,25,8,-28.7375474499705
01-Aug-2026 01:54:12,-156.800050207559,-28.6930632610432,0,25,25,25,8,-28.6930632610432
01-Aug-2026 01:54:14,-157.057559300368,-28.9505723538526,0,25,25,25,8,-28.9505723538526
01-Aug-2026 01:54:16,-156.818925884694,-28.7119389381778,0,25,25,25,7,-28.7119389381778
01-Aug-2026 01:54:18,-157.354955674912,-29.2479687283956,0,25,25,25,7,-29.2479687283956
01-Aug-2026 01:54:20,-157.13224217965,-29.0252552331343,0,26,26,26,7,-29.0252552331343
01-Aug-2026 01:54:22,-157.061558076066,-28.9545711295505,0,26,26,26,8,-28.9545711295505
01-Aug-2026 01:54:24,-156.624552588547,-28.5175656420316,0,26,26,26,8,-28.5175656420316
01-Aug-2026 01:54:26,-156.959392638476,-28.8524056919599,0,26,26,26,7,-28.8524056919599
01-Aug-2026 01:54:28,-157.656557394046,-29.5495704475305,0,26,26,26,6,-29.5495704475305
01-Aug-2026 01:54:30,-157.722791848808,-29.6158049022918,0,26,26,26,6,-29.6158049022918
01-Aug-2026 01:54:32,-157.747007456114,-29.6400205095979,0,26,26,26,6,-29.6400205095979
01-Aug-2026 01:54:34,-158.041198117768,-29.9342111712521,0,25,25,25,6,-29.9342111712521
01-Aug-2026 01:54:36,-158.240558367134,-30.1335714206184,0,25,25,25,6,-30.1335714206184
01-Aug-2026 01:54:38,-158.710062340624,-30.6030753941079,0,25,25,25,6,-30.6030753941079
01-Aug-2026 01:54:40,-159.382408898387,-31.2754219518715,0,24,24,24,6,-31.2754219518715
01-Aug-2026 01:54:42,-159.61029351452,-31.5033065680038,0,25,25,25,5,-31.5033065680038
01-Aug-2026 01:54:44,-159.375152964796,-31.2681660182806,0,25,25,25,4,-31.2681660182806
01-Aug-2026 01:54:46,-170.298274579822,-42.1912876333063,0,25,25,25,3,-42.1912876333063
01-Aug-2026 01:54:48,-169.676505059417,-41.5695181129015,0,25,25,25,3,-41.5695181129015
01-Aug-2026 01:54:50,-170.300017052834,-42.193030106318,0,25,25,25,3,-42.193030106318
01-Aug-2026 01:54:52,-169.445581508287,-41.3385945617712,0,25,25,25,3,-41.3385945617712
01-Aug-2026 01:54:54,-168.87288957419,-40.7659026276743,0,25,25,25,4,-40.7659026276743
01-Aug-2026 01:54:56,-168.47147307217,-40.3644861256538,0,25,25,25,5,-40.3644861256538
01-Aug-2026 01:54:58,-168.394175180866,-40.2871882343501,0,25,25,25,4,-40.2871882343501
01-Aug-2026 01:55:00,-167.851724884402,-39.7447379378865,0,26,26,26,4,-39.7447379378865
01-Aug-2026 01:55:02,-167.783745050101,-39.6767581035852,0,26,26,26,4,-39.6767581035852
01-Aug-2026 01:55:04,-166.967878126454,-38.8608911799383,0,25,25,25,5,-38.8608911799383
01-Aug-2026 01:55:06,-166.281421931158,-38.1744349846426,0,25,25,25,6,-38.1744349846426
01-Aug-2026 01:55:08,-166.050335826674,-37.943348880158,0,25,25,25,6,-37.943348880158
01-Aug-2026 01:55:10,-166.328653234249,-38.2216662877329,0,25,25,25,4,-38.2216662877329
01-Aug-2026 01:55:12,-166.681595421754,-38.5746084752382,0,25,25,25,3,-38.5746084752382
01-Aug-2026 01:55:14,-166.938752302733,-38.8317653562167,0,25,25,25,3,-38.8317653562167
01-Aug-2026 01:55:16,-166.909486533521,-38.8024995870052,0,25,25,25,3,-38.8024995870052
01-Aug-2026 01:55:18,-166.995612985797,-38.8886260392814,0,25,25,25,3,-38.8886260392814
01-Aug-2026 01:55:20,-166.977358159399,-38.8703712128834,0,25,25,25,4,-38.8703712128834
01-Aug-2026 01:55:22,-167.000939065854,-38.8939521193386,0,25,25,25,4,-38.8939521193386
01-Aug-2026 01:55:24,-166.304568347817,-38.1975814013012,0,25,25,25,4,-38.1975814013012
01-Aug-2026 01:55:26,-166.547525784437,-38.4405388379216,0,25,25,25,3,-38.4405388379216
01-Aug-2026 01:55:28,-166.402117488824,-38.2951305423077,0,25,25,25,4,-38.2951305423077
01-Aug-2026 01:55:30,-165.769676770245,-37.6626898237291,0,25,25,25,4,-37.6626898237291
01-Aug-2026 01:55:32,-165.670867607052,-37.5638806605366,0,25,25,25,4,-37.5638806605366
01-Aug-2026 01:55:34,-164.82298665306,-36.715999706544,0,25,25,25,4,-36.715999706544
01-Aug-2026 01:55:36,-164.370635242097,-36.2636482955814,0,25,25,25,5,-36.2636482955814
01-Aug-2026 01:55:38,-164.08442420417,-35.9774372576546,0,25,25,25,5,-35.9774372576546
01-Aug-2026 01:55:40,-163.634562590452,-35.5275756439359,0,25,25,25,6,-35.5275756439359
01-Aug-2026 01:55:42,-163.479474049971,-35.3724871034549,0,25,25,25,7,-35.3724871034549
01-Aug-2026 01:55:44,-162.952198639682,-34.8452116931657,0,26,26,26,8,-34.8452116931657
01-Aug-2026 01:55:46,-163.418195220891,-35.3112082743756,0,26,26,26,8,-35.3112082743756
01-Aug-2026 01:55:48,-163.468328670218,-35.3613417237021,0,26,26,26,10,-35.3613417237021
01-Aug-2026 01:55:50,-162.982422083596,-34.8754351370798,0,26,26,26,10,-34.8754351370798
01-Aug-2026 01:55:52,-162.420724595269,-34.313737648753,0,26,26,26,9,-34.313737648753
01-Aug-2026 01:55:54,-161.279984446937,-33.1729975004211,0,26,26,26,9,-33.1729975004211
01-Aug-2026 01:55:56,-161.09940532034,-32.9924183738239,0,26,26,26,8,-32.9924183738239
01-Aug-2026 01:55:58,-160.935151434222,-32.8281644877063,0,26,26,26,6,-32.8281644877063
01-Aug-2026 01:56:00,-160.118388111898,-32.0114011653824,0,26,26,26,6,-32.0114011653824
01-Aug-2026 01:56:02,-159.960821918551,-31.8538349720354,0,26,26,26,5,-31.8538349720354
01-Aug-2026 01:56:04,-159.939973148322,-31.8329862018062,0,26,26,26,5,-31.8329862018062
01-Aug-2026 01:56:06,-159.259933002468,-31.1529460559525,0,26,26,26,5,-31.1529460559525
01-Aug-2026 01:56:08,-159.159479819932,-31.0524928734159,0,26,26,26,6,-31.0524928734159
01-Aug-2026 01:56:10,-158.938894301956,-30.8319073554403,0,25,25,25,6,-30.8319073554403
01-Aug-2026 01:56:12,-157.920817875689,-29.8138309291732,0,26,26,26,7,-29.8138309291732
01-Aug-2026 01:56:14,-157.729712816933,-29.6227258704173,0,25,25,25,6,-29.6227258704173
01-Aug-2026 01:56:16,-156.967921233076,-28.8609342865599,0,25,25,25,7,-28.8609342865599
01-Aug-2026 01:56:18,-154.750478100956,-26.6434911544403,0,25,25,25,8,-26.6434911544403
01-Aug-2026 01:56:20,-153.991033096029,-25.8840461495135,0,25,25,25,8,-25.8840461495135
01-Aug-2026 01:56:22,-154.018616518721,-25.9116295722052,0,25,25,25,8,-25.9116295722052
01-Aug-2026 01:56:24,-153.269398239959,-25.1624112934436,0,25,25,25,8,-25.1624112934436
01-Aug-2026 01:56:26,-153.111559731914,-25.0045727853986,0,25,25,25,10,-25.0045727853986
01-Aug-2026 01:56:28,-152.517508522609,-24.4105215760933,0,25,25,25,10,-24.4105215760933
01-Aug-2026 01:56:30,-152.150831198829,-24.0438442523132,0,25,25,25,9,-24.0438442523132
01-Aug-2026 01:56:32,-150.727562170192,-22.6205752236763,0,25,25,25,11,-22.6205752236763
01-Aug-2026 01:56:34,-150.473985661203,-22.3669987146876,0,25,25,25,11,-22.3669987146876
01-Aug-2026 01:56:36,-149.814936758876,-21.7079498123606,0,26,26,26,12,-21.7079498123606
01-Aug-2026 01:56:38,-150.118418058669,-22.011431112153,0,26,26,26,11,-22.011431112153
01-Aug-2026 01:56:40,-149.92879811877,-21.8218111722546,0,26,26,26,9,-21.8218111722546
01-Aug-2026 01:56:42,-149.946914507054,-21.8399275605385,0,24,24,24,9,-21.8399275605385
01-Aug-2026 01:56:44,-149.70196499967,-21.5949780531539,0,25,25,25,9,-21.5949780531539
01-Aug-2026 01:56:46,-149.172553256054,-21.0655663095381,0,25,25,25,9,-21.0655663095381
01-Aug-2026 01:56:48,-149.049080714951,-20.942093768435,0,25,25,25,9,-20.942093768435
01-Aug-2026 01:56:50,-148.449439575921,-20.3424526294049,0,25,25,25,9,-20.3424526294049
01-Aug-2026 01:56:52,-148.584675154054,-20.477688207538,0,25,25,25,8,-20.477688207538
01-Aug-2026 01:56:54,-148.93320413747,-20.8262171909541,0,25,25,25,7,-20.8262171909541
01-Aug-2026 01:56:56,-148.419502352079,-20.312515405563,0,25,25,25,8,-20.312515405563
01-Aug-2026 01:56:58,-162.693841422682,-34.5868544761658,0,25,25,25,6,-34.5868544761658
01-Aug-2026 01:57:00,-163.040370508681,-34.9333835621647,0,25,25,25,6,-34.9333835621647
01-Aug-2026 01:57:02,-163.918046834728,-35.8110598882121,0,25,25,25,6,-35.8110598882121
01-Aug-2026 01:57:04,-163.41739597153,-35.3104090250146,0,25,25,25,6,-35.3104090250146
01-Aug-2026 01:57:06,-163.330810179508,-35.2238232329925,0,24,24,24,7,-35.2238232329925
01-Aug-2026 01:57:08,-163.231589142324,-35.1246021958081,0,24,24,24,7,-35.1246021958081
01-Aug-2026 01:57:10,-172.115510355299,-44.0085234087829,0,25,25,25,6,-44.0085234087829
01-Aug-2026 01:57:12,-172.103421326627,-43.9964343801109,0,25,25,25,6,-43.9964343801109
01-Aug-2026 01:57:14,-172.030897765763,-43.9239108192468,0,25,25,25,6,-43.9239108192468
01-Aug-2026 01:57:16,-171.904579479232,-43.7975925327161,0,25,25,25,7,-43.7975925327161
01-Aug-2026 01:57:18,-163.519008947434,-35.4120220009178,0,26,26,26,10,-35.4120220009178
01-Aug-2026 01:57:20,-164.165973786681,-36.0589868401656,0,26,26,26,9,-36.0589868401656
01-Aug-2026 01:57:22,-164.228556894455,-36.1215699479388,0,26,26,26,8,-36.1215699479388
01-Aug-2026 01:57:24,-164.685726089436,-36.5787391429197,0,26,26,26,7,-36.5787391429197
01-Aug-2026 01:57:26,-163.875430689999,-35.7684437434831,0,26,26,26,7,-35.7684437434831
01-Aug-2026 01:57:28,-163.66528200536,-35.5582950588446,0,26,26,26,7,-35.5582950588446
01-Aug-2026 01:57:30,-163.652991862152,-35.5460049156361,0,26,26,26,6,-35.5460049156361
01-Aug-2026 01:57:32,-163.061567646518,-34.9545807000025,0,25,25,25,6,-34.9545807000025
01-Aug-2026 01:57:34,-162.468203711458,-34.3612167649423,0,25,25,25,8,-34.3612167649423
01-Aug-2026 01:57:36,-162.399537619228,-34.2925506727124,0,25,25,25,8,-34.2925506727124
01-Aug-2026 01:57:38,-167.542987248247,-39.4360003017312,0,25,25,25,7,-39.4360003017312
01-Aug-2026 01:57:40,-166.700813347564,-38.5938264010477,0,24,24,24,7,-38.5938264010477
01-Aug-2026 01:57:42,-166.263444955054,-38.1564580085386,0,24,24,24,9,-38.1564580085386
01-Aug-2026 01:57:44,-165.689854795793,-37.5828678492769,0,24,24,24,9,-37.5828678492769
01-Aug-2026 01:57:46,-165.649251740081,-37.5422647935651,0,24,24,24,8,-37.5422647935651
01-Aug-2026 01:57:48,-165.578546661167,-37.4715597146514,0,24,24,24,8,-37.4715597146514
01-Aug-2026 01:57:50,-164.370580684697,-36.2635937381815,0,24,24,24,8,-36.2635937381815
01-Aug-2026 01:57:52,-163.095573535124,-34.9885865886077,0,24,24,24,8,-34.9885865886077
01-Aug-2026 01:57:54,-164.271405248081,-36.164418301565,0,24,24,24,8,-36.164418301565
01-Aug-2026 01:57:56,-163.983823863897,-35.8768369173807,0,25,25,25,6,-35.8768369173807
01-Aug-2026 01:57:58,-163.40789793477,-35.3009109882545,0,25,25,25,6,-35.3009109882545
01-Aug-2026 01:58:00,-163.665295260545,-35.5583083140289,0,25,25,25,5,-35.5583083140289
01-Aug-2026 01:58:02,-163.319843784044,-35.2128568375279,0,25,25,25,6,-35.2128568375279
01-Aug-2026 01:58:04,-163.075551122651,-34.9685641761354,0,25,25,25,5,-34.9685641761354
01-Aug-2026 01:58:06,-162.868247669104,-34.7612607225877,0,25,25,25,5,-34.7612607225877
01-Aug-2026 01:58:08,-177.776889281752,-49.669902335236,0,25,25,25,3,-49.669902335236
01-Aug-2026 01:58:10,-167.458063772769,-39.3510768262529,0,25,25,25,3,-39.3510768262529
01-Aug-2026 01:58:12,-178.628085149336,-50.5210982028206,0,26,26,26,2,-50.5210982028206
01-Aug-2026 01:58:14,-165.391359414645,-37.2843724681288,0,26,26,26,2,-37.2843724681288
01-Aug-2026 01:58:16,-164.922381972029,-36.8153950255128,0,26,26,26,2,-36.8153950255128
01-Aug-2026 01:58:18,-164.473290383847,-36.3663034373308,0,26,26,26,2,-36.3663034373308
01-Aug-2026 01:58:20,-164.505436430268,-36.3984494837518,0,26,26,26,3,-36.3984494837518
01-Aug-2026 01:58:22,-164.778351520727,-36.6713645742109,0,25,25,25,3,-36.6713645742109
01-Aug-2026 01:58:24,-165.431555591204,-37.3245686446882,0,25,25,25,3,-37.3245686446882
01-Aug-2026 01:58:26,-165.319031314234,-37.212044367718,0,25,25,25,3,-37.212044367718
01-Aug-2026 01:58:28,-165.947430155818,-37.8404432093021,0,25,25,25,3,-37.8404432093021
01-Aug-2026 01:58:30,-165.969775819723,-37.8627888732075,0,25,25,25,5,-37.8627888732075
01-Aug-2026 01:58:32,-165.914269566115,-37.8072826195992,0,25,25,25,6,-37.8072826195992
01-Aug-2026 01:58:34,-166.139058895301,-38.0320719487847,0,25,25,25,6,-38.0320719487847
01-Aug-2026 01:58:36,-166.700324872302,-38.5933379257866,0,25,25,25,6,-38.5933379257866
01-Aug-2026 01:58:38,-166.230275719946,-38.1232887734305,0,25,25,25,6,-38.1232887734305
01-Aug-2026 01:58:40,-165.623940951769,-37.516954005253,0,25,25,25,6,-37.516954005253
01-Aug-2026 01:58:42,-165.754365346901,-37.6473784003853,0,25,25,25,5,-37.6473784003853
01-Aug-2026 01:58:44,-165.584195858534,-37.477208912018,0,25,25,25,5,-37.477208912018
01-Aug-2026 01:58:46,-166.000316993955,-37.8933300474394,0,25,25,25,6,-37.8933300474394
01-Aug-2026 01:58:48,-165.604703718393,-37.4977167718767,0,25,25,25,6,-37.4977167718767
01-Aug-2026 01:58:50,-166.049419479419,-37.9424325329034,0,26,26,26,6,-37.9424325329034
01-Aug-2026 01:58:52,-166.431605762281,-38.3246188157648,0,25,25,25,5,-38.3246188157648
01-Aug-2026 01:58:54,-167.102224168409,-38.9952372218934,0,25,25,25,5,-38.9952372218934
01-Aug-2026 01:58:56,-167.344533852746,-39.2375469062297,0,25,25,25,5,-39.2375469062297
01-Aug-2026 01:58:58,-166.43141378079,-38.3244268342746,0,25,25,25,5,-38.3244268342746
01-Aug-2026 01:59:00,-166.94651118378,-38.8395242372644,0,25,25,25,5,-38.8395242372644
01-Aug-2026 01:59:02,-166.853244968637,-38.7462580221211,0,25,25,25,6,-38.7462580221211
01-Aug-2026 01:59:04,-167.16162971547,-39.0546427689544,0,25,25,25,5,-39.0546427689544
01-Aug-2026 01:59:06,-180.923060049682,-52.8160731031665,0,25,25,25,5,-52.8160731031665
01-Aug-2026 01:59:08,-183.668087946056,-55.5611009995403,0,25,25,25,4,-55.5611009995403
01-Aug-2026 01:59:10,-170.097130121268,-41.9901431747517,0,25,25,25,5,-41.9901431747517
01-Aug-2026 01:59:12,-170.341764506014,-42.2347775594978,0,25,25,25,5,-42.2347775594978
01-Aug-2026 01:59:14,-169.736863210464,-41.6298762639485,0,25,25,25,5,-41.6298762639485
01-Aug-2026 01:59:16,-170.373228639967,-42.2662416934512,0,25,25,25,5,-42.2662416934512
01-Aug-2026 01:59:18,-170.959454907097,-42.8524679605807,0,25,25,25,5,-42.8524679605807
01-Aug-2026 01:59:20,-170.653003294445,-42.5460163479287,0,25,25,25,5,-42.5460163479287
01-Aug-2026 01:59:22,-171.154289964783,-43.0473030182671,0,25,25,25,5,-43.0473030182671
01-Aug-2026 01:59:24,-170.468970107267,-42.3619831607511,0,25,25,25,4,-42.3619831607511
01-Aug-2026 01:59:26,-170.510741458704,-42.4037545121886,0,25,25,25,3,-42.4037545121886
01-Aug-2026 01:59:28,-171.124836663307,-43.0178497167913,0,25,25,25,2,-43.0178497167913
01-Aug-2026 01:59:30,-171.368211760905,-43.2612248143894,0,25,25,25,1,-43.2612248143894
01-Aug-2026 01:59:32,-172.314559192516,-44.2075722460004,0,25,25,25,1,-44.2075722460004
01-Aug-2026 01:59:34,-165.098569906374,-36.9915829598586,0,26,26,26,2,-36.9915829598586
01-Aug-2026 01:59:36,-164.47566485589,-36.3686779093746,0,26,26,26,2,-36.3686779093746
01-Aug-2026 01:59:38,-163.789453406772,-35.6824664602559,0,26,26,26,3,-35.6824664602559
01-Aug-2026 01:59:40,-163.361677857157,-35.2546909106412,0,26,26,26,2,-35.2546909106412
01-Aug-2026 01:59:42,-162.737038838446,-34.6300518919303,0,26,26,26,3,-34.6300518919303
01-Aug-2026 01:59:44,-162.026374648751,-33.9193877022355,0,26,26,26,3,-33.9193877022355
01-Aug-2026 01:59:46,-161.282802817557,-33.1758158710414,0,26,26,26,3,-33.1758158710414
01-Aug-2026 01:59:48,-160.427935669312,-32.3209487227957,0,26,26,26,3,-32.3209487227957
01-Aug-2026 01:59:50,-160.029824281496,-31.92283733498,0,26,26,26,3,-31.92283733498
01-Aug-2026 01:59:52,-184.288364396771,-56.1813774502556,0,26,26,26,1,-56.1813774502556
01-Aug-2026 01:59:54,-183.999928865207,-55.8929419186911,0,26,26,26,1,-55.8929419186911
01-Aug-2026 01:59:56,-183.3512004102,-55.2442134636846,0,26,26,26,2,-55.2442134636846
01-Aug-2026 01:59:58,-183.232585633437,-55.1255986869213,0,26,26,26,2,-55.1255986869213
01-Aug-2026 02:00:00,-183.672265183621,-55.5652782371049,0,27,27,27,2,-55.5652782371049
