OuterAngleDeg,InnerAngleDeg,WorstExceedancePercent,RobustExceedancePercent,MedianExceedancePercent,MaximumIOverNDb,P95IOverNDb,PracticalPercentileIOverNDb,RobustAvailabilityPercent,RetaskDutyPercent,ShutdownDutyPercent,Feasible,PracticalFeasible,Score,SearchStage
0,0,0.194390447098028,0.194390447098028,0.0694251596778673,7.77299100864575,-27.4362003044638,3.24427996389486,99.805609552902,0,0,0,0,0,coarse
0.5,0,0.194390447098028,0.194390447098028,0.0694251596778673,7.77299100864575,-27.4362003044638,3.24427996389486,99.805609552902,0,0,0,0,0.5,coarse
0.5,0.5,0.194390447098028,0.194390447098028,0.0694251596778673,7.77299100864575,-27.4362003044638,3.24427996389486,99.805609552902,0,0,0,0,1,coarse
1,0,0.194390447098028,0.194390447098028,0.0694251596778673,7.77299100864575,-27.4362003044638,3.24427996389486,99.805609552902,0,0,0,0,1,coarse
1,0.5,0.194390447098028,0.194390447098028,0.0694251596778673,7.77299100864575,-27.4362003044638,3.24427996389486,99.805609552902,0,0,0,0,1.5,coarse
1,1,0.194390447098028,0.194390447098028,0.0694251596778673,7.77299100864575,-27.4362003044638,3.24427996389486,99.805609552902,0,0,0,0,2,coarse
2,0,0.194390447098028,0.194390447098028,0.0694251596778673,7.77299100864575,-27.4362003044638,3.24427996389486,99.805609552902,0.0217793749319395,0,0,0,2,coarse
2,0.5,0.194390447098028,0.194390447098028,0.0694251596778673,7.77299100864575,-27.4362003044638,3.24427996389486,99.805609552902,0.0217793749319395,0,0,0,2.5,coarse
2,1,0.194390447098028,0.194390447098028,0.0694251596778673,7.77299100864575,-27.4362003044638,3.24427996389486,99.805609552902,0.0217793749319395,0,0,0,3,coarse
2,2,0.194390447098028,0.194390447098028,0.0555401277422938,7.77299100864575,-27.4362003044638,3.24427996389486,99.805609552902,0,0.0217793749319395,0,0,4,coarse
3,0,0.194390447098028,0.194390447098028,0.0694251596778673,7.77299100864575,-27.4362003044638,3.24427996389486,99.805609552902,0.081672655994773,0,0,0,3,coarse
3,0.5,0.194390447098028,0.194390447098028,0.0694251596778673,7.77299100864575,-27.4362003044638,3.24427996389486,99.805609552902,0.081672655994773,0,0,0,3.5,coarse
3,1,0.194390447098028,0.194390447098028,0.0694251596778673,7.77299100864575,-27.4362003044638,3.24427996389486,99.805609552902,0.081672655994773,0,0,0,4,coarse
3,2,0.194390447098028,0.194390447098028,0.0555401277422938,7.77299100864575,-27.4362003044638,3.24427996389486,99.805609552902,0.0598932810628335,0.0217793749319395,0,0,5,coarse
3,3,0.194390447098028,0.194390447098028,0.0555401277422938,7.77299100864575,-27.6233847628913,3.24427996389486,99.805609552902,0,0.081672655994773,0,0,6,coarse
5,0,0.194390447098028,0.194390447098028,0.0694251596778673,7.77299100864575,-27.4362003044638,3.24427996389486,99.805609552902,0.288938559668538,0,0,0,5,coarse
5,0.5,0.194390447098028,0.194390447098028,0.0694251596778673,7.77299100864575,-27.4362003044638,3.24427996389486,99.805609552902,0.288938559668538,0,0,0,5.5,coarse
5,1,0.194390447098028,0.194390447098028,0.0694251596778673,7.77299100864575,-27.4362003044638,3.24427996389486,99.805609552902,0.288938559668538,0,0,0,6,coarse
5,2,0.194390447098028,0.194390447098028,0.0555401277422938,7.77299100864575,-27.4362003044638,3.24427996389486,99.805609552902,0.278035217794254,0.0217793749319395,0,0,7,coarse
5,3,0.194390447098028,0.194390447098028,0.0555401277422938,7.77299100864575,-27.6233847628913,3.24427996389486,99.805609552902,0.245325192171401,0.081672655994773,0,0,8,coarse
5,5,0.194390447098028,0.194390447098028,0.0555401277422938,7.77299100864575,-28.6222941678415,3.24427996389486,99.805609552902,0,0.288938559668538,0,0,10,coarse
10,0,0.194390447098028,0.194390447098028,0.0694251596778673,7.77299100864575,-27.4362003044638,3.24427996389486,99.805609552902,0.948590743062749,0,0,0,10,coarse
10,0.5,0.194390447098028,0.194390447098028,0.0694251596778673,7.77299100864575,-27.4362003044638,3.24427996389486,99.805609552902,0.948590743062749,0,0,0,10.5,coarse
10,1,0.194390447098028,0.194390447098028,0.0694251596778673,7.77299100864575,-27.4362003044638,3.24427996389486,99.805609552902,0.948590743062749,0,0,0,11,coarse
10,2,0.194390447098028,0.194390447098028,0.0555401277422938,7.77299100864575,-27.4362003044638,3.24427996389486,99.805609552902,0.937687401188464,0.0217793749319395,0,0,12,coarse
10,3,0.194390447098028,0.194390447098028,0.0555401277422938,7.77299100864575,-27.6233847628913,3.24427996389486,99.805609552902,0.904977375565611,0.081672655994773,0,0,13,coarse
10,5,0.194390447098028,0.194390447098028,0.0555401277422938,7.77299100864575,-28.6222941678415,3.24427996389486,99.805609552902,0.65965218339421,0.288938559668538,0,0,15,coarse
10,10,0.194390447098028,0.194390447098028,0.0555401277422938,7.77299100864575,-30.2516539303321,3.24427996389486,99.805609552902,0,0.948590743062749,0,0,20,coarse
15,0,0.194390447098028,0.194390447098028,0.0694251596778673,7.77299100864575,-27.4362003044638,3.24427996389486,99.805609552902,1.76088971269694,0,0,0,15,coarse
15,0.5,0.194390447098028,0.194390447098028,0.0694251596778673,7.77299100864575,-27.4362003044638,3.24427996389486,99.805609552902,1.76088971269694,0,0,0,15.5,coarse
15,1,0.194390447098028,0.194390447098028,0.0694251596778673,7.77299100864575,-27.4362003044638,3.24427996389486,99.805609552902,1.76088971269694,0,0,0,16,coarse
15,2,0.194390447098028,0.194390447098028,0.0555401277422938,7.77299100864575,-27.4362003044638,3.24427996389486,99.805609552902,1.74998637082266,0.0217793749319395,0,0,17,coarse
15,3,0.194390447098028,0.194390447098028,0.0555401277422938,7.77299100864575,-27.6233847628913,3.24427996389486,99.805609552902,1.7172763451998,0.081672655994773,0,0,18,coarse
15,5,0.194390447098028,0.194390447098028,0.0555401277422938,7.77299100864575,-28.6222941678415,3.24427996389486,99.805609552902,1.4719511530284,0.288938559668538,0,0,20,coarse
15,10,0.194390447098028,0.194390447098028,0.0555401277422938,7.77299100864575,-30.2516539303321,3.24427996389486,99.805609552902,0.812298969634193,0.948590743062749,0,0,25,coarse
15,15,0.194390447098028,0.194390447098028,0.0555401277422938,7.77299100864575,-31.6574004781088,3.24427996389486,99.805609552902,0,1.76088971269694,0,0,30,coarse
20,0,0.194390447098028,0.194390447098028,0.0694251596778673,7.77299100864575,-27.4362003044638,3.24427996389486,99.805609552902,2.69312544294826,0,0,0,20,coarse
20,0.5,0.194390447098028,0.194390447098028,0.0694251596778673,7.77299100864575,-27.4362003044638,3.24427996389486,99.805609552902,2.69312544294826,0,0,0,20.5,coarse
20,1,0.194390447098028,0.194390447098028,0.0694251596778673,7.77299100864575,-27.4362003044638,3.24427996389486,99.805609552902,2.69312544294826,0,0,0,21,coarse
20,2,0.194390447098028,0.194390447098028,0.0555401277422938,7.77299100864575,-27.4362003044638,3.24427996389486,99.805609552902,2.68222210107398,0.0217793749319395,0,0,22,coarse
20,3,0.194390447098028,0.194390447098028,0.0555401277422938,7.77299100864575,-27.6233847628913,3.24427996389486,99.805609552902,2.64951207545113,0.081672655994773,0,0,23,coarse
20,5,0.194390447098028,0.194390447098028,0.0555401277422938,7.77299100864575,-28.6222941678415,3.24427996389486,99.805609552902,2.40418688327973,0.288938559668538,0,0,25,coarse
20,10,0.194390447098028,0.194390447098028,0.0555401277422938,7.77299100864575,-30.2516539303321,3.24427996389486,99.805609552902,1.90809529185955,0.948590743062749,0,0,30,coarse
20,15,0.194390447098028,0.194390447098028,0.0555401277422938,7.77299100864575,-31.6574004781088,3.24427996389486,99.805609552902,1.11211471152761,1.76088971269694,0,0,35,coarse
20,20,0.194390447098028,0.194390447098028,0.0555401277422938,7.77299100864575,-32.2136478997015,3.24427996389486,99.805609552902,0,2.69312544294826,0,0,40,coarse
25,0,0.194390447098028,0.194390447098028,0.0694251596778673,7.77299100864575,-27.4362003044638,3.24427996389486,99.805609552902,4.10974370554364,0,0,0,25,coarse
25,0.5,0.194390447098028,0.194390447098028,0.0694251596778673,7.77299100864575,-27.4362003044638,3.24427996389486,99.805609552902,4.10974370554364,0,0,0,25.5,coarse
25,1,0.194390447098028,0.194390447098028,0.0694251596778673,7.77299100864575,-27.4362003044638,3.24427996389486,99.805609552902,4.10974370554364,0,0,0,26,coarse
25,2,0.194390447098028,0.194390447098028,0.0555401277422938,7.77299100864575,-27.4362003044638,3.24427996389486,99.805609552902,4.10974370554364,0.0217793749319395,0,0,27,coarse
25,3,0.194390447098028,0.194390447098028,0.0555401277422938,7.77299100864575,-27.6233847628913,3.24427996389486,99.805609552902,4.0928079485153,0.081672655994773,0,0,28,coarse
25,5,0.194390447098028,0.194390447098028,0.0555401277422938,7.77299100864575,-28.6222941678415,3.24427996389486,99.805609552902,3.99119340634526,0.288938559668538,0,0,30,coarse
25,10,0.194390447098028,0.194390447098028,0.0555401277422938,7.77299100864575,-30.2516539303321,3.24427996389486,99.805609552902,3.65812351812126,0.948590743062749,0,0,35,coarse
25,15,0.194390447098028,0.194390447098028,0.0555401277422938,7.77299100864575,-31.6574004781088,3.24427996389486,99.805609552902,2.86214293778932,1.76088971269694,0,0,40,coarse
25,20,0.194390447098028,0.194390447098028,0.0555401277422938,7.77299100864575,-32.2136478997015,3.24427996389486,99.805609552902,1.75002822626171,2.69312544294826,0,0,45,coarse
25,25,0.194390447098028,0.194390447098028,0.0555401277422938,7.77287253928939,-33.8564253258447,3.2442003589623,99.805609552902,0,4.10974370554364,0,0,50,coarse
30,0,0.194390447098028,0.194390447098028,0.0694251596778673,7.77299100864575,-27.5518283276017,3.24427996389486,99.805609552902,6.94930563396184,0,0,0,30,coarse
30,0.5,0.194390447098028,0.194390447098028,0.0694251596778673,7.77299100864575,-27.5518283276017,3.24427996389486,99.805609552902,6.94930563396184,0,0,0,30.5,coarse
30,1,0.194390447098028,0.194390447098028,0.0694251596778673,7.77299100864575,-27.5518283276017,3.24427996389486,99.805609552902,6.94930563396184,0,0,0,31,coarse
30,2,0.194390447098028,0.194390447098028,0.0416550958067204,7.77299100864575,-27.5518283276017,3.24427996389486,99.805609552902,6.94930563396184,0.0217793749319395,0,0,32,coarse
30,3,0.194390447098028,0.194390447098028,0.0416550958067204,7.77299100864575,-27.6663178927497,3.24427996389486,99.805609552902,6.9323698769335,0.081672655994773,0,0,33,coarse
30,5,0.194390447098028,0.194390447098028,0.0416550958067204,7.77299100864575,-28.6222941678415,3.24427996389486,99.805609552902,6.83075533476346,0.288938559668538,0,0,35,coarse
30,10,0.194390447098028,0.194390447098028,0.0416550958067204,7.77299100864575,-30.2516539303321,3.24427996389486,99.805609552902,6.49768544653946,0.948590743062749,0,0,40,coarse
30,15,0.194390447098028,0.194390447098028,0.0416550958067204,7.77299100864575,-31.6574004781088,3.24427996389486,99.805609552902,5.70170486620752,1.76088971269694,0,0,45,coarse
30,20,0.194390447098028,0.194390447098028,0.0416550958067204,7.77299100864575,-32.2136478997015,3.24427996389486,99.805609552902,4.58959015467991,2.69312544294826,0,0,50,coarse
30,25,0.194390447098028,0.194390447098028,0.0416550958067204,7.77287253928939,-33.8564253258447,3.2442003589623,99.805609552902,2.8395619284182,4.10974370554364,0,0,55,coarse
30,30,0.194390447098028,0.194390447098028,0.0416550958067204,7.77287253928939,-35.4581509784977,3.24394588081387,99.805609552902,0,6.94930563396184,0,0,60,coarse
35,0,0.166620383226881,0.166620383226881,0.0694251596778673,7.77299100864575,-27.5518283276017,3.24427996389486,99.8333796167731,11.019532573106,0,0,0,35,coarse
35,0.5,0.166620383226881,0.166620383226881,0.0694251596778673,7.77299100864575,-27.5518283276017,3.24427996389486,99.8333796167731,11.019532573106,0,0,0,35.5,coarse
35,1,0.166620383226881,0.166620383226881,0.0694251596778673,7.77299100864575,-27.5518283276017,3.24427996389486,99.8333796167731,11.019532573106,0,0,0,36,coarse
35,2,0.166620383226881,0.166620383226881,0.0416550958067204,7.77299100864575,-27.5518283276017,3.24427996389486,99.8333796167731,11.019532573106,0.0217793749319395,0,0,37,coarse
35,3,0.166620383226881,0.166620383226881,0.0416550958067204,7.77299100864575,-27.6663178927497,3.24427996389486,99.8333796167731,11.0025968160777,0.081672655994773,0,0,38,coarse
35,5,0.166620383226881,0.166620383226881,0.0416550958067204,7.77299100864575,-28.6222941678415,3.24427996389486,99.8333796167731,10.9009822739076,0.288938559668538,0,0,40,coarse
35,10,0.166620383226881,0.166620383226881,0.0416550958067204,7.77299100864575,-30.2516539303321,3.24427996389486,99.8333796167731,10.5679123856836,0.948590743062749,0,0,45,coarse
35,15,0.166620383226881,0.166620383226881,0.0416550958067204,7.77299100864575,-31.6574004781088,3.24427996389486,99.8333796167731,9.7719318053517,1.76088971269694,0,0,50,coarse
35,20,0.166620383226881,0.166620383226881,0.0416550958067204,7.77299100864575,-32.2136478997015,3.24427996389486,99.8333796167731,8.65981709382409,2.69312544294826,0,0,55,coarse
35,25,0.166620383226881,0.166620383226881,0.0416550958067204,7.77287253928939,-33.8564253258447,3.2442003589623,99.8333796167731,6.90978886756238,4.10974370554364,0,0,60,coarse
35,30,0.166620383226881,0.166620383226881,0.0416550958067204,7.77287253928939,-35.4581509784977,3.24394588081387,99.8333796167731,4.33744096411704,6.94930563396184,0,0,65,coarse
35,35,0.166620383226881,0.166620383226881,0.0416550958067204,7.77285268580322,-36.7099119919072,3.24393281160726,99.8333796167731,0,11.019532573106,0,0,70,coarse
40,0,0.0833101916134407,0.0833101916134407,0.0416550958067204,5.82155629240643,-27.618568442991,-7.07280002369766,99.9166898083866,16.3542960370329,0,0,1,40,coarse
40,0.5,0.0833101916134407,0.0833101916134407,0.0416550958067204,5.82155629240643,-27.618568442991,-7.07280002369766,99.9166898083866,16.3542960370329,0,0,1,40.5,coarse
40,1,0.0833101916134407,0.0833101916134407,0.0416550958067204,5.82155629240643,-27.618568442991,-7.07280002369766,99.9166898083866,16.3542960370329,0,0,1,41,coarse
40,2,0.0833101916134407,0.0833101916134407,0.0138850319355735,5.82155629240643,-27.618568442991,-7.07280002369766,99.9166898083866,16.3542960370329,0.0217793749319395,0,1,42,coarse
40,3,0.0833101916134407,0.0833101916134407,0.0138850319355735,5.82155629240643,-27.730696286229,-7.07280002369766,99.9166898083866,16.3373602800045,0.081672655994773,0,1,43,coarse
40,5,0.0833101916134407,0.0833101916134407,0.0138850319355735,5.82155629240643,-28.7229448103482,-7.07280002369766,99.9166898083866,16.2357457378345,0.288938559668538,0,1,45,coarse
40,10,0.0833101916134407,0.0833101916134407,0.0138850319355735,5.82155629240643,-30.2516539303321,-7.07280002369766,99.9166898083866,15.9026758496105,0.948590743062749,0,1,50,coarse
40,15,0.0833101916134407,0.0833101916134407,0.0138850319355735,5.82155629240643,-31.6574004781088,-7.07280002369766,99.9166898083866,15.1066952692785,1.76088971269694,0,1,55,coarse
40,20,0.0833101916134407,0.0833101916134407,0.0138850319355735,5.82155629240643,-32.2136478997015,-7.07280002369766,99.9166898083866,13.9945805577509,2.69312544294826,0,1,60,coarse
40,25,0.0833101916134407,0.0833101916134407,0.0138850319355735,5.82155629240643,-33.8564253258447,-7.07280002369766,99.9166898083866,12.2445523314892,4.10974370554364,0,1,65,coarse
40,30,0.0833101916134407,0.0833101916134407,0.0138850319355735,5.82155629240643,-35.4581509784977,-7.07280002369766,99.9166898083866,9.40499040307102,6.94930563396184,0,1,70,coarse
40,35,0.0833101916134407,0.0833101916134407,0.0138850319355735,5.82155629240643,-36.7099119919072,-7.07280002369766,99.9166898083866,5.45712260807938,11.019532573106,0,1,75,coarse
40,40,0.0833101916134407,0.0833101916134407,0.0138850319355735,5.82155629240643,-39.8751724530645,-7.07280002369766,99.9166898083866,0,16.3542960370329,0,1,80,coarse
45,0,0.0555401277422938,0.0555401277422938,0,-0.372173002560658,-27.730696286229,-8.40508187733414,99.9444598722577,20.0745173309247,0,0,1,45,coarse
45,0.5,0.0555401277422938,0.0555401277422938,0,-0.372173002560658,-27.730696286229,-8.40508187733414,99.9444598722577,20.0745173309247,0,0,1,45.5,coarse
45,1,0.0555401277422938,0.0555401277422938,0,-0.372173002560658,-27.730696286229,-8.40508187733414,99.9444598722577,20.0745173309247,0,0,1,46,coarse
45,2,0,0,0,-7.98289489905389,-27.730696286229,-10.2189618797943,100,20.0745173309247,0.0217793749319395,1,1,47,coarse
45,3,0,0,0,-10.570475092159,-27.936924628179,-13.7478697312993,100,20.0575815738964,0.081672655994773,1,1,48,coarse
45,5,0,0,0,-10.570475092159,-28.8665418535132,-14.0044236131156,100,19.9559670317263,0.288938559668538,1,1,50,coarse
45,10,0,0,0,-10.570475092159,-30.2516539303321,-15.7326232547632,100,19.6228971435023,0.948590743062749,1,1,55,coarse
45,15,0,0,0,-10.570475092159,-31.6574004781088,-15.7326232547632,100,18.8269165631704,1.76088971269694,1,1,60,coarse
45,20,0,0,0,-10.570475092159,-32.2136478997015,-15.7326232547632,100,17.7148018516428,2.69312544294826,1,1,65,coarse
45,25,0,0,0,-10.570475092159,-33.8564253258447,-15.7326232547632,100,15.9647736253811,4.10974370554364,1,1,70,coarse
45,30,0,0,0,-10.570475092159,-35.4581509784977,-15.7326232547632,100,13.5637572916099,6.94930563396184,1,1,75,coarse
45,35,0,0,0,-10.570475092159,-36.7099119919072,-15.7326232547632,100,9.73123262279889,11.019532573106,1,1,80,coarse
45,40,0,0,0,-10.570475092159,-39.8751724530645,-15.7326232547632,100,4.27411001471951,16.3542960370329,1,1,85,coarse
45,45,0,0,0,-10.5717359651732,-43.9560865332779,-15.7326232547632,100,0,20.0745173309247,1,1,90,coarse
50,0,0.0555401277422938,0.0555401277422938,0,-0.372173002560658,-27.730696286229,-8.40508187733414,99.9444598722577,24.1616800270972,0,0,1,50,coarse
50,0.5,0.0555401277422938,0.0555401277422938,0,-0.372173002560658,-27.730696286229,-8.40508187733414,99.9444598722577,24.1616800270972,0,0,1,50.5,coarse
50,1,0.0555401277422938,0.0555401277422938,0,-0.372173002560658,-27.730696286229,-8.40508187733414,99.9444598722577,24.1616800270972,0,0,1,51,coarse
50,2,0,0,0,-7.98289489905389,-27.730696286229,-10.2189618797943,100,24.1616800270972,0.0217793749319395,1,1,52,coarse
50,3,0,0,0,-10.570475092159,-27.936924628179,-13.7478697312993,100,24.1447442700689,0.081672655994773,1,1,53,coarse
50,5,0,0,0,-10.570475092159,-28.8665418535132,-14.0044236131156,100,24.0431297278988,0.288938559668538,1,1,55,coarse
50,10,0,0,0,-10.570475092159,-30.2516539303321,-15.7326232547632,100,23.7100598396748,0.948590743062749,1,1,60,coarse
50,15,0,0,0,-10.570475092159,-31.6574004781088,-15.7326232547632,100,22.9140792593429,1.76088971269694,1,1,65,coarse
50,20,0,0,0,-10.570475092159,-32.2136478997015,-15.7326232547632,100,21.8019645478153,2.69312544294826,1,1,70,coarse
50,25,0,0,0,-10.570475092159,-33.8564253258447,-15.7326232547632,100,20.0519363215536,4.10974370554364,1,1,75,coarse
50,30,0,0,0,-10.570475092159,-35.4581509784977,-15.7326232547632,100,17.2123743931354,6.94930563396184,1,1,80,coarse
50,35,0,0,0,-10.570475092159,-36.7099119919072,-15.7326232547632,100,13.1421474539912,11.019532573106,1,1,85,coarse
50,40,0,0,0,-10.570475092159,-39.8751724530645,-15.7326232547632,100,7.80738399006436,16.3542960370329,1,1,90,coarse
50,45,0,0,0,-10.5717359651732,-43.9560865332779,-15.7326232547632,100,4.09858313880897,20.0745173309247,1,1,95,coarse
50,50,0,0,0,-10.5717359651732,-47.2494724054114,-15.7326232547632,100,0,24.1616800270972,1,1,100,coarse
55,0,0.0555401277422938,0.0555401277422938,0,-0.372173002560658,-27.730696286229,-8.40508187733414,99.9444598722577,27.881901320989,0,0,1,55,coarse
55,0.5,0.0555401277422938,0.0555401277422938,0,-0.372173002560658,-27.730696286229,-8.40508187733414,99.9444598722577,27.881901320989,0,0,1,55.5,coarse
55,1,0.0555401277422938,0.0555401277422938,0,-0.372173002560658,-27.730696286229,-8.40508187733414,99.9444598722577,27.881901320989,0,0,1,56,coarse
55,2,0,0,0,-7.98289489905389,-27.730696286229,-10.2189618797943,100,27.881901320989,0.0217793749319395,1,1,57,coarse
55,3,0,0,0,-10.570475092159,-27.936924628179,-13.7478697312993,100,27.8649655639607,0.081672655994773,1,1,58,coarse
55,5,0,0,0,-10.570475092159,-28.8665418535132,-14.0044236131156,100,27.7633510217907,0.288938559668538,1,1,60,coarse
55,10,0,0,0,-10.570475092159,-30.2516539303321,-15.7326232547632,100,27.4302811335667,0.948590743062749,1,1,65,coarse
55,15,0,0,0,-10.570475092159,-31.6574004781088,-15.7326232547632,100,26.6343005532347,1.76088971269694,1,1,70,coarse
55,20,0,0,0,-10.570475092159,-32.2136478997015,-15.7326232547632,100,25.5221858417071,2.69312544294826,1,1,75,coarse
55,25,0,0,0,-10.570475092159,-33.8564253258447,-15.7326232547632,100,23.7721576154454,4.10974370554364,1,1,80,coarse
55,30,0,0,0,-10.570475092159,-35.4581509784977,-15.7326232547632,100,20.9325956870272,6.94930563396184,1,1,85,coarse
55,35,0,0,0,-10.570475092159,-36.7099119919072,-15.7326232547632,100,16.862368747883,11.019532573106,1,1,90,coarse
55,40,0,0,0,-10.570475092159,-39.8751724530645,-15.7326232547632,100,11.5276052839562,16.3542960370329,1,1,95,coarse
55,45,0,0,0,-10.5717359651732,-43.9560865332779,-15.7326232547632,100,7.93116551761576,20.0745173309247,1,1,100,coarse
55,50,0,0,0,-10.5717359651732,-47.2956694709418,-15.7326232547632,100,3.8325823788068,24.1616800270972,1,1,105,coarse
55,55,0,0,0,-10.5717359651732,-47.6903842477446,-15.7326232547632,100,0,27.881901320989,1,1,110,coarse
60,0,0.0555401277422938,0.0555401277422938,0,-0.372173002560658,-27.730696286229,-8.40508187733414,99.9444598722577,31.5626058484814,0,0,1,60,coarse
60,0.5,0.0555401277422938,0.0555401277422938,0,-0.372173002560658,-27.730696286229,-8.40508187733414,99.9444598722577,31.5626058484814,0,0,1,60.5,coarse
60,1,0.0555401277422938,0.0555401277422938,0,-0.372173002560658,-27.730696286229,-8.40508187733414,99.9444598722577,31.5626058484814,0,0,1,61,coarse
60,2,0,0,0,-7.98289489905389,-27.730696286229,-10.2189618797943,100,31.5626058484814,0.0217793749319395,1,1,62,coarse
60,3,0,0,0,-10.570475092159,-27.936924628179,-13.7478697312993,100,31.5456700914531,0.081672655994773,1,1,63,coarse
60,5,0,0,0,-10.570475092159,-28.8665418535132,-14.0044236131156,100,31.4440555492831,0.288938559668538,1,1,65,coarse
60,10,0,0,0,-10.570475092159,-30.2516539303321,-15.7326232547632,100,31.1109856610591,0.948590743062749,1,1,70,coarse
60,15,0,0,0,-10.570475092159,-31.6574004781088,-15.7326232547632,100,30.3150050807271,1.76088971269694,1,1,75,coarse
60,20,0,0,0,-10.570475092159,-32.2136478997015,-15.7326232547632,100,29.2028903691995,2.69312544294826,1,1,80,coarse
60,25,0,0,0,-10.570475092159,-33.8564253258447,-15.7326232547632,100,27.4528621429378,4.10974370554364,1,1,85,coarse
60,30,0,0,0,-10.570475092159,-35.4581509784977,-15.7326232547632,100,24.6133002145196,6.94930563396184,1,1,90,coarse
60,35,0,0,0,-10.570475092159,-36.7099119919072,-15.7326232547632,100,20.5430732753754,11.019532573106,1,1,95,coarse
60,40,0,0,0,-10.570475092159,-39.8751724530645,-15.7326232547632,100,15.2083098114486,16.3542960370329,1,1,100,coarse
60,45,0,0,0,-10.5717359651732,-44.2146076287593,-15.7326232547632,100,11.5357472449921,20.0745173309247,1,1,105,coarse
60,50,0,0,0,-10.5717359651732,-47.3472988042157,-15.7326232547632,100,7.43716410618316,24.1616800270972,1,1,110,coarse
60,55,0,0,0,-10.5717359651732,-47.6903842477446,-15.7326232547632,100,3.68070452749238,27.881901320989,1,1,115,coarse
60,60,0,0,0,-10.5717359651732,-48.0526195471342,-15.7326232547632,100,0,31.5626058484814,1,1,120,coarse
65,0,0.0555401277422938,0.0555401277422938,0,-0.372173002560658,-27.730696286229,-8.40508187733414,99.9444598722577,35.0626623010049,0,0,1,65,coarse
65,0.5,0.0555401277422938,0.0555401277422938,0,-0.372173002560658,-27.730696286229,-8.40508187733414,99.9444598722577,35.0626623010049,0,0,1,65.5,coarse
65,1,0.0555401277422938,0.0555401277422938,0,-0.372173002560658,-27.730696286229,-8.40508187733414,99.9444598722577,35.0626623010049,0,0,1,66,coarse
65,2,0,0,0,-7.98289489905389,-27.730696286229,-10.2189618797943,100,35.0626623010049,0.0217793749319395,1,1,67,coarse
65,3,0,0,0,-10.570475092159,-27.936924628179,-13.7478697312993,100,35.0457265439765,0.081672655994773,1,1,68,coarse
65,5,0,0,0,-10.570475092159,-28.8665418535132,-14.0044236131156,100,34.9441120018065,0.288938559668538,1,1,70,coarse
65,10,0,0,0,-10.570475092159,-30.2516539303321,-15.7326232547632,100,34.6110421135825,0.948590743062749,1,1,75,coarse
65,15,0,0,0,-10.570475092159,-31.6574004781088,-15.7326232547632,100,33.8150615332505,1.76088971269694,1,1,80,coarse
65,20,0,0,0,-10.570475092159,-32.2136478997015,-15.7326232547632,100,32.7029468217229,2.69312544294826,1,1,85,coarse
65,25,0,0,0,-10.570475092159,-33.8943966922279,-15.7326232547632,100,30.9529185954612,4.10974370554364,1,1,90,coarse
65,30,0,0,0,-10.570475092159,-35.4581509784977,-15.7326232547632,100,28.1852233863525,6.94930563396184,1,1,95,coarse
65,35,0,0,0,-10.570475092159,-36.7212063192131,-15.7326232547632,100,24.0431297278988,11.019532573106,1,1,100,coarse
65,40,0,0,0,-10.570475092159,-40.0236990483942,-15.7326232547632,100,19.1791976548504,16.3542960370329,1,1,105,coarse
65,45,0,0,0,-10.5717359651732,-44.2457487232488,-15.7326232547632,100,15.6994734270669,20.0745173309247,1,1,110,coarse
65,50,0,0,0,-10.5717359651732,-47.3472988042157,-15.7326232547632,100,11.600890288258,24.1616800270972,1,1,115,coarse
65,55,0,0,0,-10.5717359651732,-47.6903842477446,-15.7326232547632,100,7.76830790945117,27.881901320989,1,1,120,coarse
65,60,0,0,0,-10.5717359651732,-48.0700548597687,-15.7326232547632,100,4.16372618207481,31.5626058484814,1,1,125,coarse
65,65,0,0,0,-10.5717359651732,-48.3528353007803,-15.7326232547632,100,0,35.0626623010049,1,1,130,coarse
70,0,0.0555401277422938,0.0555401277422938,0,-0.372173002560658,-27.9046673243636,-8.40508187733414,99.9444598722577,39.4038613526025,0,0,1,70,coarse
70,0.5,0.0555401277422938,0.0555401277422938,0,-0.372173002560658,-27.9046673243636,-8.40508187733414,99.9444598722577,39.4038613526025,0,0,1,70.5,coarse
70,1,0.0555401277422938,0.0555401277422938,0,-0.372173002560658,-27.9046673243636,-8.40508187733414,99.9444598722577,39.4038613526025,0,0,1,71,coarse
70,2,0,0,0,-7.98289489905389,-27.9046673243636,-10.2189618797943,100,39.4038613526025,0.0217793749319395,1,1,72,coarse
70,3,0,0,0,-10.570475092159,-28.0322635196001,-13.7478697312993,100,39.3869255955741,0.081672655994773,1,1,73,coarse
70,5,0,0,0,-10.570475092159,-28.9611748290342,-14.0044236131156,100,39.2853110534041,0.288938559668538,1,1,75,coarse
70,10,0,0,0,-10.570475092159,-30.5054751975481,-15.7326232547632,100,38.9522411651801,0.948590743062749,1,1,80,coarse
70,15,0,0,0,-10.570475092159,-31.6574004781088,-15.7326232547632,100,38.1562605848481,1.76088971269694,1,1,85,coarse
70,20,0,0,0,-10.570475092159,-32.2136478997015,-15.7326232547632,100,37.0441458733205,2.69312544294826,1,1,90,coarse
70,25,0,0,0,-10.570475092159,-34.0885986395595,-15.7326232547632,100,35.2941176470588,4.10974370554364,1,1,95,coarse
70,30,0,0,0,-10.570475092159,-35.4581509784977,-15.7326232547632,100,32.4545557186406,6.94930563396184,1,1,100,coarse
70,35,0,0,0,-10.570475092159,-36.8200017077796,-15.7326232547632,100,28.3843287794964,11.019532573106,1,1,105,coarse
70,40,0,0,0,-10.570475092159,-40.0236990483942,-15.7326232547632,100,23.4297812279464,16.3542960370329,1,1,110,coarse
70,45,0,0,0,-10.5717359651732,-44.2457487232488,-15.7326232547632,100,19.9500570001629,20.0745173309247,1,1,115,coarse
70,50,0,0,0,-10.5717359651732,-47.3472988042157,-15.7326232547632,100,15.8514738613539,24.1616800270972,1,1,120,coarse
70,55,0,0,0,-10.5717359651732,-47.6903842477446,-15.7326232547632,100,12.0188914825471,27.881901320989,1,1,125,coarse
70,60,0,0,0,-10.5717359651732,-48.0700548597687,-15.7326232547632,100,8.41430975517073,31.5626058484814,1,1,130,coarse
70,65,0,0,0,-10.5717359651732,-48.3528353007803,-15.7326232547632,100,4.39398889251878,35.0626623010049,1,1,135,coarse
70,70,0,0,0,-10.571748073797,-48.5237741568227,-15.7326232547632,100,0,39.4038613526025,1,1,140,coarse
75,0,0.0555401277422938,0.0555401277422938,0,-0.372173002560658,-28.0008232576059,-8.40508187733414,99.9444598722577,46.2402619397087,0,0,1,75,coarse
75,0.5,0.0555401277422938,0.0555401277422938,0,-0.372173002560658,-28.0008232576059,-8.40508187733414,99.9444598722577,46.2402619397087,0,0,1,75.5,coarse
75,1,0.0555401277422938,0.0555401277422938,0,-0.372173002560658,-28.0008232576059,-8.40508187733414,99.9444598722577,46.2402619397087,0,0,1,76,coarse
75,2,0,0,0,-7.98289489905389,-28.0008232576059,-10.2189618797943,100,46.2402619397087,0.0217793749319395,1,1,77,coarse
75,3,0,0,0,-10.570475092159,-28.187915956274,-13.7478697312993,100,46.2233261826804,0.081672655994773,1,1,78,coarse
75,5,0,0,0,-10.570475092159,-29.0210269224686,-14.0044236131156,100,46.1217116405103,0.288938559668538,1,1,80,coarse
75,10,0,0,0,-10.570475092159,-30.7249172571289,-15.7326232547632,100,45.7886417522863,0.948590743062749,1,1,85,coarse
75,15,0,0,0,-10.570475092159,-31.6574004781088,-15.7326232547632,100,44.9926611719544,1.76088971269694,1,1,90,coarse
75,20,0,0,0,-10.570475092159,-32.2136478997015,-15.7326232547632,100,43.8805464604268,2.69312544294826,1,1,95,coarse
75,25,0,0,0,-10.570475092159,-34.0885986395595,-15.7326232547632,100,42.1305182341651,4.10974370554364,1,1,100,coarse
75,30,0,0,0,-10.570475092159,-35.4581509784977,-15.7326232547632,100,39.4658270452201,6.94930563396184,1,1,105,coarse
75,35,0,0,0,-10.570475092159,-36.8200017077796,-15.7326232547632,100,35.2207293666027,11.019532573106,1,1,110,coarse
75,40,0,0,0,-10.570475092159,-40.0236990483942,-15.7326232547632,100,30.459801313718,16.3542960370329,1,1,115,coarse
75,45,0,0,0,-10.5717359651732,-44.2457487232488,-15.7326232547632,100,26.9800770859345,20.0745173309247,1,1,120,coarse
75,50,0,0,0,-10.5717359651732,-47.3472988042157,-15.7326232547632,100,22.8814939471256,24.1616800270972,1,1,125,coarse
75,55,0,0,0,-10.5717359651732,-47.6903842477446,-15.7326232547632,100,19.0489115683188,27.881901320989,1,1,130,coarse
75,60,0,0,0,-10.5717359651732,-48.0700548597687,-15.7326232547632,100,15.4443298409424,31.5626058484814,1,1,135,coarse
75,65,0,0,0,-10.5717359651732,-48.3528353007803,-15.7326232547632,100,11.2806036588676,35.0626623010049,1,1,140,coarse
75,70,0,0,0,-10.571748073797,-48.5237741568227,-15.7326232547632,100,7.03002008577167,39.4038613526025,1,1,145,coarse
75,75,0,0,0,-10.5717617476273,-48.6414129300178,-15.7326529732359,100,0,46.2402619397087,1,1,150,coarse
80,0,0.0555401277422938,0.0555401277422938,0,-0.372173002560658,-28.0019515041856,-8.40508187733414,99.9444598722577,50.3443603929096,0,0,1,80,coarse
80,0.5,0.0555401277422938,0.0555401277422938,0,-0.372173002560658,-28.0019515041856,-8.40508187733414,99.9444598722577,50.3443603929096,0,0,1,80.5,coarse
80,1,0.0555401277422938,0.0555401277422938,0,-0.372173002560658,-28.0019515041856,-8.40508187733414,99.9444598722577,50.3443603929096,0,0,1,81,coarse
80,2,0,0,0,-7.98289489905389,-28.0019515041856,-10.2189618797943,100,50.3443603929096,0.0217793749319395,1,1,82,coarse
80,3,0,0,0,-10.570475092159,-28.187915956274,-13.7478697312993,100,50.3274246358812,0.081672655994773,1,1,83,coarse
80,5,0,0,0,-10.570475092159,-29.022537995129,-14.0044236131156,100,50.2258100937112,0.288938559668538,1,1,85,coarse
80,10,0,0,0,-10.570475092159,-30.7337209471034,-16.0733844820179,100,49.8927402054872,0.948590743062749,1,1,90,coarse
80,15,0,0,0,-10.570475092159,-31.6574004781088,-16.0733844820179,100,49.0967596251552,1.76088971269694,1,1,95,coarse
80,20,0,0,0,-10.570475092159,-32.2136478997015,-16.0733844820179,100,47.9846449136276,2.69312544294826,1,1,100,coarse
80,25,0,0,0,-10.570475092159,-34.0885986395595,-16.0733844820179,100,46.2346166873659,4.10974370554364,1,1,105,coarse
80,30,0,0,0,-10.570475092159,-35.4581509784977,-16.0733844820179,100,43.3950547589477,6.94930563396184,1,1,110,coarse
80,35,0,0,0,-10.570475092159,-36.8200017077796,-16.0733844820179,100,39.3248278198035,11.019532573106,1,1,115,coarse
80,40,0,0,0,-10.570475092159,-40.0236990483942,-16.0740355361353,100,34.3738124966071,16.3542960370329,1,1,120,coarse
80,45,0,0,0,-10.5717359651732,-44.2457487232488,-16.0740355361353,100,30.8940882688236,20.0745173309247,1,1,125,coarse
80,50,0,0,0,-10.5717359651732,-47.3472988042157,-16.0740355361353,100,26.7955051300147,24.1616800270972,1,1,130,coarse
80,55,0,0,0,-10.5717359651732,-47.6903842477446,-16.0740355361353,100,22.9629227512079,27.881901320989,1,1,135,coarse
80,60,0,0,0,-10.5717359651732,-48.0700548597687,-16.0740355361353,100,19.3583410238315,31.5626058484814,1,1,140,coarse
80,65,0,0,0,-10.5717359651732,-48.3528353007803,-16.0740355361353,100,15.2816980919047,35.0626623010049,1,1,145,coarse
80,70,0,0,0,-10.571748073797,-48.5237741568227,-16.0740355361353,100,10.9440312686608,39.4038613526025,1,1,150,coarse
80,75,0,0,0,-10.5717617476273,-48.6949437352578,-16.0741270107429,100,4.10409845320086,46.2402619397087,1,1,155,coarse
80,80,0,0,0,-10.5717617476273,-48.7287241642184,-16.0741917494151,100,0,50.3443603929096,1,1,160,coarse
85,0,0.0555401277422938,0.0555401277422938,0,-0.372173002560658,-28.0019515041856,-8.40508187733414,99.9444598722577,53.4323134244101,0,0,1,85,coarse
85,0.5,0.0555401277422938,0.0555401277422938,0,-0.372173002560658,-28.0019515041856,-8.40508187733414,99.9444598722577,53.4323134244101,0,0,1,85.5,coarse
85,1,0.0555401277422938,0.0555401277422938,0,-0.372173002560658,-28.0019515041856,-8.40508187733414,99.9444598722577,53.4323134244101,0,0,1,86,coarse
85,2,0,0,0,-7.98289489905389,-28.0019515041856,-10.2189618797943,100,53.4323134244101,0.0217793749319395,1,1,87,coarse
85,3,0,0,0,-12.3396105506122,-28.187915956274,-14.2858575053577,100,53.4153776673817,0.081672655994773,1,1,88,coarse
85,5,0,0,0,-13.5416346267779,-29.0379846163208,-15.0926851805533,100,53.3137631252117,0.288938559668538,1,1,90,coarse
85,10,0,0,0,-13.5416346267779,-30.799470935914,-17.2512675744609,100,52.9806932369877,0.948590743062749,1,1,95,coarse
85,15,0,0,0,-13.5416346267779,-31.6574004781088,-17.2512675744609,100,52.1847126566558,1.76088971269694,1,1,100,coarse
85,20,0,0,0,-13.5416346267779,-32.2136478997015,-17.2512675744609,100,51.0725979451281,2.69312544294826,1,1,105,coarse
85,25,0,0,0,-13.5416346267779,-34.0885986395595,-17.2512675744609,100,49.3225697188664,4.10974370554364,1,1,110,coarse
85,30,0,0,0,-13.5416346267779,-35.4581509784977,-17.2512675744609,100,46.4830077904482,6.94930563396184,1,1,115,coarse
85,35,0,0,0,-13.5416346267779,-36.8200017077796,-17.2535720739731,100,42.4127808513041,11.019532573106,1,1,120,coarse
85,40,0,0,0,-13.5416346267779,-40.0236990483942,-17.2535720739731,100,37.2346778133652,16.3542960370329,1,1,125,coarse
85,45,0,0,0,-13.5416346267779,-44.2567567841787,-17.2535720739731,100,33.7549535855817,20.0745173309247,1,1,130,coarse
85,50,0,0,0,-13.5416346267779,-47.367740528946,-17.2535720739731,100,29.6563704467727,24.1616800270972,1,1,135,coarse
85,55,0,0,0,-13.5416509814457,-47.7161667993239,-17.2535903750374,100,25.8237880679659,27.881901320989,1,1,140,coarse
85,60,0,0,0,-13.5416621756507,-48.0821027396262,-17.2535903750374,100,22.2192063405895,31.5626058484814,1,1,145,coarse
85,65,0,0,0,-13.5416621756507,-48.4034434709285,-17.2535903750374,100,18.3696511234052,35.0626623010049,1,1,150,coarse
85,70,0,0,0,-13.5416621756507,-48.5329162323874,-17.2535903750374,100,14.0284520718076,39.4038613526025,1,1,155,coarse
85,75,0,0,0,-13.541730812679,-48.828425532845,-17.2539296108,100,7.19205148470137,46.2402619397087,1,1,160,coarse
85,80,0,0,0,-13.541730812679,-48.8978967224044,-17.2539296108,100,3.6317107699009,50.3443603929096,1,1,165,coarse
85,85,0,0,0,-13.5418383876404,-49.0275982371589,-17.2539296108,100,0,53.4323134244101,1,1,170,coarse
90,0,0.0555401277422938,0.0555401277422938,0,-0.372173002560658,-28.0019515041856,-8.40508187733414,99.9444598722577,56.842045839449,0,0,1,90,coarse
90,0.5,0.0555401277422938,0.0555401277422938,0,-0.372173002560658,-28.0019515041856,-8.40508187733414,99.9444598722577,56.842045839449,0,0,1,90.5,coarse
90,1,0.0555401277422938,0.0555401277422938,0,-0.372173002560658,-28.0019515041856,-8.40508187733414,99.9444598722577,56.842045839449,0,0,1,91,coarse
90,2,0,0,0,-7.98289489905389,-28.0019515041856,-10.2189618797943,100,56.842045839449,0.0217793749319395,1,1,92,coarse
90,3,0,0,0,-12.3396105506122,-28.187915956274,-14.2858575053577,100,56.8251100824207,0.081672655994773,1,1,93,coarse
90,5,0,0,0,-13.5416346267779,-29.0726676755175,-15.0926851805533,100,56.7234955402506,0.288938559668538,1,1,95,coarse
90,10,0,0,0,-13.5416346267779,-30.889246866557,-17.2512675744609,100,56.3904256520266,0.948590743062749,1,1,100,coarse
90,15,0,0,0,-13.5416346267779,-31.6574004781088,-17.2512675744609,100,55.5944450716947,1.76088971269694,1,1,105,coarse
90,20,0,0,0,-13.5416346267779,-32.2136478997015,-17.2512675744609,100,54.4823303601671,2.69312544294826,1,1,110,coarse
90,25,0,0,0,-13.5416346267779,-34.0885986395595,-17.2512675744609,100,52.7323021339054,4.10974370554364,1,1,115,coarse
90,30,0,0,0,-13.5416346267779,-35.4581509784977,-17.2512675744609,100,49.8927402054872,6.94930563396184,1,1,120,coarse
90,35,0,0,0,-13.5416346267779,-36.8200017077796,-17.2535720739731,100,45.822513266343,11.019532573106,1,1,125,coarse
90,40,0,0,0,-13.5416346267779,-40.0236990483942,-17.2535720739731,100,40.6112588893111,16.3542960370329,1,1,130,coarse
90,45,0,0,0,-13.5416346267779,-44.2567567841787,-17.2535720739731,100,37.1315346615276,20.0745173309247,1,1,135,coarse
90,50,0,0,0,-13.5416346267779,-47.367740528946,-17.2535720739731,100,33.0329515227186,24.1616800270972,1,1,140,coarse
90,55,0,0,0,-13.5416509814457,-47.7161667993239,-17.2535903750374,100,29.3259283458565,27.881901320989,1,1,145,coarse
90,60,0,0,0,-13.5416621756507,-48.0821027396262,-17.2535903750374,100,25.6833278884896,31.5626058484814,1,1,150,coarse
90,65,0,0,0,-13.5416621756507,-48.4034434709285,-17.2535903750374,100,21.7793835384442,35.0626623010049,1,1,155,coarse
90,70,0,0,0,-13.5416621756507,-48.5329162323874,-17.2535903750374,100,17.4381844868466,39.4038613526025,1,1,160,coarse
90,75,0,0,0,-13.541730812679,-48.828425532845,-17.2539296108,100,10.7535663726451,46.2402619397087,1,1,165,coarse
90,80,0,0,0,-13.541730812679,-48.9385192147683,-17.2539296108,100,7.45943591418926,50.3443603929096,1,1,170,coarse
90,85,0,0,0,-13.5418383876404,-49.0275982371589,-17.2539296108,100,3.82772514428836,53.4323134244101,1,1,175,coarse
90,90,0,0,0,-13.5418383876404,-49.4527321146485,-17.2539296108,100,0,56.842045839449,1,1,180,coarse
95,0,0.0555401277422938,0.0555401277422938,0,-0.372173002560658,-28.0019515041856,-8.40508187733414,99.9444598722577,60.3421022919725,0,0,1,95,coarse
95,0.5,0.0555401277422938,0.0555401277422938,0,-0.372173002560658,-28.0019515041856,-8.40508187733414,99.9444598722577,60.3421022919725,0,0,1,95.5,coarse
95,1,0.0555401277422938,0.0555401277422938,0,-0.372173002560658,-28.0019515041856,-8.40508187733414,99.9444598722577,60.3421022919725,0,0,1,96,coarse
95,2,0,0,0,-7.98289489905389,-28.0019515041856,-10.2189618797943,100,60.3421022919725,0.0217793749319395,1,1,97,coarse
95,3,0,0,0,-12.3396105506122,-28.187915956274,-14.2858575053577,100,60.3251665349441,0.081672655994773,1,1,98,coarse
95,5,0,0,0,-13.5416346267779,-29.0726676755175,-15.0926851805533,100,60.2235519927741,0.288938559668538,1,1,100,coarse
95,10,0,0,0,-13.5416346267779,-30.889246866557,-17.2512675744609,100,59.8904821045501,0.948590743062749,1,1,105,coarse
95,15,0,0,0,-13.5416346267779,-31.6574004781088,-17.2512675744609,100,59.0945015242181,1.76088971269694,1,1,110,coarse
95,20,0,0,0,-13.5416346267779,-32.2136478997015,-17.2512675744609,100,57.9823868126905,2.69312544294826,1,1,115,coarse
95,25,0,0,0,-13.5416346267779,-34.0885986395595,-17.2512675744609,100,56.2323585864288,4.10974370554364,1,1,120,coarse
95,30,0,0,0,-13.5416346267779,-35.4581509784977,-17.2512675744609,100,53.3927966580106,6.94930563396184,1,1,125,coarse
95,35,0,0,0,-13.5416346267779,-36.8200017077796,-17.2535720739731,100,49.3225697188664,11.019532573106,1,1,130,coarse
95,40,0,0,0,-13.5416346267779,-40.0236990483942,-17.2535720739731,100,44.080125943217,16.3542960370329,1,1,135,coarse
95,45,0,0,0,-13.5416346267779,-44.2746324850999,-17.2535720739731,100,40.6004017154335,20.0745173309247,1,1,140,coarse
95,50,0,0,0,-13.5416346267779,-47.396540011297,-17.2535720739731,100,36.5018185766245,24.1616800270972,1,1,145,coarse
95,55,0,0,0,-13.5416509814457,-47.7629038585651,-17.2535903750374,100,32.8650767722966,27.881901320989,1,1,150,coarse
95,60,0,0,0,-13.5416621756507,-48.1200690378159,-17.2535903750374,100,29.2224763149298,31.5626058484814,1,1,155,coarse
95,65,0,0,0,-13.5416621756507,-48.4494427614494,-17.2535903750374,100,25.2794399909676,35.0626623010049,1,1,160,coarse
95,70,0,0,0,-13.5416621756507,-48.5682624305838,-17.2535903750374,100,20.93824093937,39.4038613526025,1,1,165,coarse
95,75,0,0,0,-13.541730812679,-48.8999034122718,-17.2539296108,100,14.2927147990853,46.2402619397087,1,1,170,coarse
95,80,0,0,0,-13.541730812679,-49.0081389232228,-17.2539296108,100,10.9985843406294,50.3443603929096,1,1,175,coarse
95,85,0,0,0,-13.5418383876404,-49.0533691024033,-17.2539296108,100,7.36687357072852,53.4323134244101,1,1,180,coarse
95,90,0,0,0,-13.5418383876404,-49.4943381631664,-17.2539296108,100,3.53914842644016,56.842045839449,1,1,185,coarse
95,95,0,0,0,-13.5418383876404,-49.9409290751964,-17.2539328672718,100,0,60.3421022919725,1,1,190,coarse
100,0,0.0555401277422938,0.0555401277422938,0,-0.372173002560658,-28.0019515041856,-8.40508187733414,99.9444598722577,63.9889353054081,0,0,1,100,coarse
100,0.5,0.0555401277422938,0.0555401277422938,0,-0.372173002560658,-28.0019515041856,-8.40508187733414,99.9444598722577,63.9889353054081,0,0,1,100.5,coarse
100,1,0.0555401277422938,0.0555401277422938,0,-0.372173002560658,-28.0019515041856,-8.40508187733414,99.9444598722577,63.9889353054081,0,0,1,101,coarse
100,2,0,0,0,-7.98289489905389,-28.0019515041856,-10.2189618797943,100,63.9889353054081,0.0217793749319395,1,1,102,coarse
100,3,0,0,0,-12.3396105506122,-28.187915956274,-14.2858575053577,100,63.9719995483798,0.081672655994773,1,1,103,coarse
100,5,0,0,0,-13.5416346267779,-29.0726676755175,-15.0926851805533,100,63.8703850062098,0.288938559668538,1,1,105,coarse
100,10,0,0,0,-13.5416346267779,-30.889246866557,-17.2512675744609,100,63.5373151179858,0.948590743062749,1,1,110,coarse
100,15,0,0,0,-13.5416346267779,-31.6574004781088,-17.2512675744609,100,62.7413345376538,1.76088971269694,1,1,115,coarse
100,20,0,0,0,-13.5416346267779,-32.2136478997015,-17.2512675744609,100,61.6292198261262,2.69312544294826,1,1,120,coarse
100,25,0,0,0,-13.5416346267779,-34.0885986395595,-17.2512675744609,100,59.8791915998645,4.10974370554364,1,1,125,coarse
100,30,0,0,0,-13.5416346267779,-35.4581509784977,-17.2512675744609,100,57.0396296714463,6.94930563396184,1,1,130,coarse
100,35,0,0,0,-13.5416346267779,-36.8200017077796,-17.2535720739731,100,52.9694027323021,11.019532573106,1,1,135,coarse
100,40,0,0,0,-13.5416346267779,-40.0656578746528,-17.2535720739731,100,48.2685396929108,16.3542960370329,1,1,140,coarse
100,45,0,0,0,-13.5416346267779,-44.4693389131586,-17.2535720739731,100,44.6259392355439,20.0745173309247,1,1,145,coarse
100,50,0,0,0,-13.5416346267779,-47.409583328594,-17.2535720739731,100,40.7110965915278,24.1616800270972,1,1,150,coarse
100,55,0,0,0,-13.5416509814457,-47.7926486519817,-17.2535903750374,100,37.1937275400196,27.881901320989,1,1,155,coarse
100,60,0,0,0,-13.5416621756507,-48.1601926015123,-17.2535903750374,100,33.5511270826527,31.5626058484814,1,1,160,coarse
100,65,0,0,0,-13.5416621756507,-48.4610051791255,-17.2535903750374,100,29.5763911575738,35.0626623010049,1,1,165,coarse
100,70,0,0,0,-13.5416621756507,-48.5794166148129,-17.2535903750374,100,25.182402265055,39.4038613526025,1,1,170,coarse
100,75,0,0,0,-13.541730812679,-48.9385192147683,-17.2539296108,100,18.6213655668082,46.2402619397087,1,1,175,coarse
100,80,0,0,0,-13.541730812679,-49.0142693721593,-17.2539296108,100,15.3272351083524,50.3443603929096,1,1,180,coarse
100,85,0,0,0,-13.5418383876404,-49.0533691024033,-17.2539296108,100,11.6955243384515,53.4323134244101,1,1,185,coarse
100,90,0,0,0,-13.5418383876404,-49.4943381631664,-17.2539296108,100,7.86779919416313,56.842045839449,1,1,190,coarse
100,95,0,0,0,-13.5418383876404,-49.9409290751964,-17.2539328672718,100,4.40495011721092,60.3421022919725,1,1,195,coarse
100,100,0,0,0,-13.5418408261455,-51.3586069910488,-17.2539328672718,100,0,63.9889353054081,1,1,200,coarse
105,0,0.0555401277422938,0.0555401277422938,0,-0.372173002560658,-28.187915956274,-8.40508187733414,99.9444598722577,68.7309472733431,0,0,1,105,coarse
105,0.5,0.0555401277422938,0.0555401277422938,0,-0.372173002560658,-28.187915956274,-8.40508187733414,99.9444598722577,68.7309472733431,0,0,1,105.5,coarse
105,1,0.0555401277422938,0.0555401277422938,0,-0.372173002560658,-28.187915956274,-8.40508187733414,99.9444598722577,68.7309472733431,0,0,1,106,coarse
105,2,0,0,0,-7.98289489905389,-28.187915956274,-10.2189618797943,100,68.7309472733431,0.0217793749319395,1,1,107,coarse
105,3,0,0,0,-12.3396105506122,-28.2365463761769,-14.2858575053577,100,68.7140115163148,0.081672655994773,1,1,108,coarse
105,5,0,0,0,-13.5416346267779,-29.1300843774299,-15.0926851805533,100,68.6123969741447,0.288938559668538,1,1,110,coarse
105,10,0,0,0,-13.5416346267779,-31.0434851634569,-17.2512675744609,100,68.2793270859207,0.948590743062749,1,1,115,coarse
105,15,0,0,0,-13.5416346267779,-31.7421131899308,-17.2512675744609,100,67.4833465055888,1.76088971269694,1,1,120,coarse
105,20,0,0,0,-13.5416346267779,-32.5398148096631,-17.2512675744609,100,66.3712317940612,2.69312544294826,1,1,125,coarse
105,25,0,0,0,-13.5416346267779,-34.3248281755698,-17.2512675744609,100,64.6212035677995,4.10974370554364,1,1,130,coarse
105,30,0,0,0,-13.5416346267779,-35.887025564672,-17.2512675744609,100,61.7816416393813,6.94930563396184,1,1,135,coarse
105,35,0,0,0,-13.5416346267779,-37.3923080567955,-17.2535720739731,100,57.8460198192312,11.019532573106,1,1,140,coarse
105,40,0,0,0,-13.5416346267779,-40.399171016304,-17.2535720739731,100,53.5772623325711,16.3542960370329,1,1,145,coarse
105,45,0,0,0,-13.5416346267779,-44.9353650161036,-17.2535720739731,100,49.9346618752042,20.0745173309247,1,1,150,coarse
105,50,0,0,0,-13.5416346267779,-47.4265081354021,-17.2535720739731,100,46.0198192311881,24.1616800270972,1,1,155,coarse
105,55,0,0,0,-13.5416509814457,-47.7926486519817,-17.2535903750374,100,42.5024501796798,27.881901320989,1,1,160,coarse
105,60,0,0,0,-13.5416621756507,-48.1601926015123,-17.2535903750374,100,38.859849722313,31.5626058484814,1,1,165,coarse
105,65,0,0,0,-13.5416621756507,-48.4802970256853,-17.2535903750374,100,34.885113797234,35.0626623010049,1,1,170,coarse
105,70,0,0,0,-13.5416621756507,-48.609238310263,-17.2535903750374,100,30.4911249047152,39.4038613526025,1,1,175,coarse
105,75,0,0,0,-13.541730812679,-48.9892730692365,-17.2539296108,100,23.9300882064685,46.2402619397087,1,1,180,coarse
105,80,0,0,0,-13.541730812679,-49.0174795536525,-17.2539296108,100,20.6359577480126,50.3443603929096,1,1,185,coarse
105,85,0,0,0,-13.5418383876404,-49.1022213743309,-17.2539296108,100,17.0042469781117,53.4323134244101,1,1,190,coarse
105,90,0,0,0,-13.5418383876404,-49.4805657025902,-17.2539296108,100,13.1765218338234,56.842045839449,1,1,195,coarse
105,95,0,0,0,-13.5418383876404,-49.9205104652638,-17.2539328672718,100,9.63737340738321,60.3421022919725,1,1,200,coarse
105,100,0,0,0,-13.5418408261455,-51.3586069910488,-17.2539328672718,100,5.30872263966024,63.9889353054081,1,1,205,coarse
105,105,0,0,0,-13.5418408261455,-52.4026433957162,-17.2539328672718,100,0,68.7309472733431,1,1,210,coarse
110,0,0.0555401277422938,0.0555401277422938,0,-0.372173002560658,-28.466744793691,-8.40508187733414,99.9444598722577,73.4786044936209,0,0,1,110,coarse
110,0.5,0.0555401277422938,0.0555401277422938,0,-0.372173002560658,-28.466744793691,-8.40508187733414,99.9444598722577,73.4786044936209,0,0,1,110.5,coarse
110,1,0.0555401277422938,0.0555401277422938,0,-0.372173002560658,-28.466744793691,-8.40508187733414,99.9444598722577,73.4786044936209,0,0,1,111,coarse
110,2,0,0,0,-7.98289489905389,-28.466744793691,-10.2189618797943,100,73.4786044936209,0.0217793749319395,1,1,112,coarse
110,3,0,0,0,-12.3396105506122,-28.5690419530096,-14.4319092448266,100,73.4616687365925,0.081672655994773,1,1,113,coarse
110,5,0,0,0,-13.7415919478395,-29.4051115595905,-15.0926851805533,100,73.3600541944225,0.288938559668538,1,1,115,coarse
110,10,0,0,0,-17.251229358597,-31.3601024308795,-18.52878866618,100,73.0269843061985,0.948590743062749,1,1,120,coarse
110,15,0,0,0,-17.251229358597,-32.0116576154003,-19.6421633288378,100,72.2310037258665,1.76088971269694,1,1,125,coarse
110,20,0,0,0,-17.251229358597,-33.3841927150107,-20.5912324532492,100,71.1188890143389,2.69312544294826,1,1,130,coarse
110,25,0,0,0,-17.251229358597,-34.8652738388666,-20.636684085195,100,69.3688607880772,4.10974370554364,1,1,135,coarse
110,30,0,0,0,-17.251229358597,-36.3389700066872,-21.637865520727,100,66.529298859659,6.94930563396184,1,1,140,coarse
110,35,0,0,0,-17.251229358597,-37.7310171601024,-22.8582632760079,100,62.4590719205148,11.019532573106,1,1,145,coarse
110,40,0,0,0,-17.251229358597,-40.915867809408,-22.8582632760079,100,57.8623543504301,16.3542960370329,1,1,150,coarse
110,45,0,0,0,-17.251229358597,-45.5892988203278,-22.8606020239893,100,54.2197538930633,20.0745173309247,1,1,155,coarse
110,50,0,0,0,-17.251229358597,-47.5285362768958,-22.8611547147473,100,50.3049112490472,24.1616800270972,1,1,160,coarse
110,55,0,0,0,-17.2512497157319,-47.8574340198776,-22.8611547147473,100,46.7875421975389,27.881901320989,1,1,165,coarse
110,60,0,0,0,-17.2512497157319,-48.2435960082162,-22.8611547147473,100,43.1449417401721,31.5626058484814,1,1,170,coarse
110,65,0,0,0,-17.2512497157319,-48.5106568058863,-22.8611547147473,100,39.1702058150931,35.0626623010049,1,1,175,coarse
110,70,0,0,0,-17.2512497157319,-48.6700037318495,-22.8611547147473,100,34.7762169225743,39.4038613526025,1,1,180,coarse
110,75,0,0,0,-17.2512960151452,-49.0142693721593,-22.8612460586777,100,28.2151802243276,46.2402619397087,1,1,185,coarse
110,80,0,0,0,-17.2512960151452,-49.0297303977752,-22.8612460586777,100,24.9210497658717,50.3443603929096,1,1,190,coarse
110,85,0,0,0,-17.2512960151452,-49.1306764185906,-22.8641437544936,100,21.2893389959708,53.4323134244101,1,1,195,coarse
110,90,0,0,0,-17.2512960151452,-49.4805657025902,-22.8641437544936,100,17.516218721038,56.842045839449,1,1,200,coarse
110,95,0,0,0,-17.2512960151452,-49.9205104652638,-22.8641437544936,100,14.1906994493812,60.3421022919725,1,1,205,coarse
110,100,0,0,0,-17.2512960151452,-51.317913996888,-22.8641437544936,100,9.78574933217031,63.9889353054081,1,1,210,coarse
110,105,0,0,0,-17.2512960151452,-52.3852671612129,-22.8644652172692,100,4.74765722027775,68.7309472733431,1,1,215,coarse
110,110,0,0,0,-17.2513435056895,-53.5031219070822,-22.8644652172692,100,0,73.4786044936209,1,1,220,coarse
115,0,0.0555401277422938,0.0555401277422938,0,-0.372173002560658,-28.6295596698491,-8.40508187733414,99.9444598722577,77.2496330585977,0,0,1,115,coarse
115,0.5,0.0555401277422938,0.0555401277422938,0,-0.372173002560658,-28.6295596698491,-8.40508187733414,99.9444598722577,77.2496330585977,0,0,1,115.5,coarse
115,1,0.0555401277422938,0.0555401277422938,0,-0.372173002560658,-28.6295596698491,-8.40508187733414,99.9444598722577,77.2496330585977,0,0,1,116,coarse
115,2,0,0,0,-7.98289489905389,-28.6295596698491,-10.2189618797943,100,77.2496330585977,0.0217793749319395,1,1,117,coarse
115,3,0,0,0,-12.3396105506122,-28.8066019866609,-14.4319092448266,100,77.2326973015694,0.081672655994773,1,1,118,coarse
115,5,0,0,0,-13.7415919478395,-29.5987048575484,-15.0926851805533,100,77.1310827593993,0.288938559668538,1,1,120,coarse
115,10,0,0,0,-17.729583831364,-31.5533813564374,-18.52878866618,100,76.7980128711753,0.948590743062749,1,1,125,coarse
115,15,0,0,0,-19.1947917434086,-32.4395170183469,-19.6421633288378,100,76.0020322908434,1.76088971269694,1,1,130,coarse
115,20,0,0,0,-19.4658216693275,-33.7079571203032,-20.6382957186634,100,74.8899175793158,2.69312544294826,1,1,135,coarse
115,25,0,0,0,-19.4658216693275,-35.329970471573,-21.839884671537,100,73.1398893530541,4.10974370554364,1,1,140,coarse
115,30,0,0,0,-19.678684287535,-36.7546022875902,-23.8430868949523,100,70.3003274246359,6.94930563396184,1,1,145,coarse
115,35,0,0,0,-23.8218959308567,-37.8967121450151,-24.3394723965089,100,66.2301004854917,11.019532573106,1,1,150,coarse
115,40,0,0,0,-25.1507134529849,-41.2275720016899,-25.5720843857464,100,61.8207557443101,16.3542960370329,1,1,155,coarse
115,45,0,0,0,-25.2609643031393,-45.7213021451105,-26.3049298309287,100,58.1781552869433,20.0745173309247,1,1,160,coarse
115,50,0,0,0,-35.6987119904483,-47.6029084406718,-40.735259827129,100,54.2633126429271,24.1616800270972,1,1,165,coarse
115,55,0,0,0,-35.6987119904483,-48.0266808337875,-40.963288419718,100,50.7459435914189,27.881901320989,1,1,170,coarse
115,60,0,0,0,-35.6987119904483,-48.2917351821402,-40.963288419718,100,47.1033431340521,31.5626058484814,1,1,175,coarse
115,65,0,0,0,-35.6987119904483,-48.5585802170985,-40.963288419718,100,43.1286072089731,35.0626623010049,1,1,180,coarse
115,70,0,0,0,-35.6987119904483,-48.7794204229339,-40.963288419718,100,38.7346183164543,39.4038613526025,1,1,185,coarse
115,75,0,0,0,-35.6987119904483,-49.0752300958472,-40.9974170926888,100,32.1735816182076,46.2402619397087,1,1,190,coarse
115,80,0,0,0,-35.6987119904483,-49.2157735055572,-40.9974170926888,100,28.8794511597517,50.3443603929096,1,1,195,coarse
115,85,0,0,0,-35.6987119904483,-49.288780307252,-41.0033368684393,100,25.2477403898508,53.4323134244101,1,1,200,coarse
115,90,0,0,0,-35.7139806116845,-49.519964712483,-41.0033368684393,100,22.3409475004089,56.842045839449,1,1,205,coarse
115,95,0,0,0,-35.7139806116845,-49.9672568187918,-41.0033368684393,100,19.0154282287521,60.3421022919725,1,1,210,coarse
115,100,0,0,0,-35.7139806116845,-51.3586069910488,-41.0033368684393,100,14.6104781115412,63.9889353054081,1,1,215,coarse
115,105,0,0,0,-35.7139806116845,-52.3540095361206,-41.0033368684393,100,9.54587581093605,68.7309472733431,1,1,220,coarse
115,110,0,0,0,-35.7139806116845,-53.4868773407825,-41.0035454409354,100,4.82472877937088,73.4786044936209,1,1,225,coarse
115,115,0,0,0,-35.7139806116845,-54.8811186957888,-42.4789759572971,100,0,77.2496330585977,1,1,230,coarse
120,0,0.0555401277422938,0.0555401277422938,0,-0.372173002560658,-28.6295596698491,-8.40508187733414,99.9444598722577,81.8730947273343,0,0,1,120,coarse
120,0.5,0.0555401277422938,0.0555401277422938,0,-0.372173002560658,-28.6295596698491,-8.40508187733414,99.9444598722577,81.8730947273343,0,0,1,120.5,coarse
120,1,0.0555401277422938,0.0555401277422938,0,-0.372173002560658,-28.6295596698491,-8.40508187733414,99.9444598722577,81.8730947273343,0,0,1,121,coarse
120,2,0,0,0,-7.98289489905389,-28.6295596698491,-10.2189618797943,100,81.8730947273343,0.0217793749319395,1,1,122,coarse
120,3,0,0,0,-12.3396105506122,-28.8066019866609,-14.4319092448266,100,81.856158970306,0.081672655994773,1,1,123,coarse
120,5,0,0,0,-13.7415919478395,-29.5987048575484,-15.0926851805533,100,81.7545444281359,0.288938559668538,1,1,125,coarse
120,10,0,0,0,-17.729583831364,-31.5533813564374,-18.52878866618,100,81.4214745399119,0.948590743062749,1,1,130,coarse
120,15,0,0,0,-19.1947917434086,-32.4395170183469,-19.6421633288378,100,80.62549395958,1.76088971269694,1,1,135,coarse
120,20,0,0,0,-19.4658216693275,-33.7079571203032,-20.6382957186634,100,79.5133792480524,2.69312544294826,1,1,140,coarse
120,25,0,0,0,-19.4658216693275,-35.329970471573,-21.839884671537,100,77.7633510217907,4.10974370554364,1,1,145,coarse
120,30,0,0,0,-19.678684287535,-36.7546022875902,-23.8430868949523,100,74.9237890933725,6.94930563396184,1,1,150,coarse
120,35,0,0,0,-23.8218959308567,-37.9574249399191,-24.3394723965089,100,70.8535621542283,11.019532573106,1,1,155,coarse
120,40,0,0,0,-25.1507134529849,-41.2275720016899,-25.5720843857464,100,65.9261679189807,16.3542960370329,1,1,160,coarse
120,45,0,0,0,-25.2609643031393,-45.8099174638829,-26.3049298309287,100,62.2835674616138,20.0745173309247,1,1,165,coarse
120,50,0,0,0,-39.6995151131067,-47.6029084406718,-40.735259827129,100,58.3687248175977,24.1616800270972,1,1,170,coarse
120,55,0,0,0,-39.6995151131067,-48.0266808337875,-41.0153576023078,100,54.8513557660895,27.881901320989,1,1,175,coarse
120,60,0,0,0,-39.7038595696602,-48.2917351821402,-41.0153576023078,100,51.2087553087226,31.5626058484814,1,1,180,coarse
120,65,0,0,0,-39.7038595696602,-48.5585802170985,-41.0153576023078,100,47.2340193836437,35.0626623010049,1,1,185,coarse
120,70,0,0,0,-39.7190826501144,-48.7794204229339,-41.0201711507225,100,43.3953006596522,39.4038613526025,1,1,190,coarse
120,75,0,0,0,-39.7190826501144,-49.0752300958472,-41.0241653856015,100,37.0768140435043,46.2402619397087,1,1,195,coarse
120,80,0,0,0,-39.7190826501144,-49.2157735055572,-41.0241653856015,100,33.2988060840648,50.3443603929096,1,1,200,coarse
120,85,0,0,0,-39.7190826501144,-49.288780307252,-41.1169697173708,100,30.202256991768,53.4323134244101,1,1,205,coarse
120,90,0,0,0,-39.7484180442781,-49.519964712483,-41.1224615523956,100,27.443711497574,56.842045839449,1,1,210,coarse
120,95,0,0,0,-39.7484180442781,-49.9672568187918,-41.1224615523956,100,24.1181922259172,60.3421022919725,1,1,215,coarse
120,100,0,0,0,-39.750308054157,-51.3586069910488,-41.30951174535,100,19.7132421087063,63.9889353054081,1,1,220,coarse
120,105,0,0,0,-39.750308054157,-52.3540095361206,-41.30951174535,100,14.6486398081012,68.7309472733431,1,1,225,coarse
120,110,0,0,0,-40.2823265434677,-53.4868773407825,-41.4707500500232,100,9.92749277653601,73.4786044936209,1,1,230,coarse
120,115,0,0,0,-42.3398533818628,-54.8811186957888,-43.223555423733,100,5.10276399716513,77.2496330585977,1,1,235,coarse
120,120,0,0,0,-45.8233848028573,-55.3955310561298,-46.3176724946785,100,0,81.8730947273343,1,1,240,coarse
125,0,0.0555401277422938,0.0555401277422938,0,-0.372173002560658,-28.6295596698491,-8.40508187733414,99.9444598722577,86.8973693124083,0,0,1,125,coarse
125,0.5,0.0555401277422938,0.0555401277422938,0,-0.372173002560658,-28.6295596698491,-8.40508187733414,99.9444598722577,86.8973693124083,0,0,1,125.5,coarse
125,1,0.0555401277422938,0.0555401277422938,0,-0.372173002560658,-28.6295596698491,-8.40508187733414,99.9444598722577,86.8973693124083,0,0,1,126,coarse
125,2,0,0,0,-7.98289489905389,-28.6295596698491,-10.2189618797943,100,86.8973693124083,0.0217793749319395,1,1,127,coarse
125,3,0,0,0,-12.3396105506122,-28.8066019866609,-14.4319092448266,100,86.8804335553799,0.081672655994773,1,1,128,coarse
125,5,0,0,0,-13.7415919478395,-29.5987048575484,-15.0926851805533,100,86.7788190132099,0.288938559668538,1,1,130,coarse
125,10,0,0,0,-17.729583831364,-31.5533813564374,-18.52878866618,100,86.4457491249859,0.948590743062749,1,1,135,coarse
125,15,0,0,0,-19.1947917434086,-32.4395170183469,-19.6421633288378,100,85.649768544654,1.76088971269694,1,1,140,coarse
125,20,0,0,0,-19.4658216693275,-33.7079571203032,-20.6382957186634,100,84.5376538331263,2.69312544294826,1,1,145,coarse
125,25,0,0,0,-19.4658216693275,-35.329970471573,-21.839884671537,100,82.7876256068646,4.10974370554364,1,1,150,coarse
125,30,0,0,0,-19.678684287535,-36.7546022875902,-23.8430868949523,100,80.4721147031565,6.94930563396184,1,1,155,coarse
125,35,0,0,0,-23.8218959308567,-37.9574249399191,-24.3394723965089,100,76.6395900343455,11.019532573106,1,1,160,coarse
125,40,0,0,0,-25.1507134529849,-41.2275720016899,-25.5720843857464,100,71.577915713819,16.3542960370329,1,1,165,coarse
125,45,0,0,0,-25.2609643031393,-45.8099174638829,-26.3049298309287,100,67.9353152564521,20.0745173309247,1,1,170,coarse
125,50,0,0,0,-39.6995151131067,-47.6029084406718,-40.735259827129,100,64.020472612436,24.1616800270972,1,1,175,coarse
125,55,0,0,0,-39.6995151131067,-48.0266808337875,-41.0153576023078,100,60.5408057569645,27.881901320989,1,1,180,coarse
125,60,0,0,0,-39.7038595696602,-48.2917351821402,-41.0153576023078,100,57.1389630921878,31.5626058484814,1,1,185,coarse
125,65,0,0,0,-39.7038595696602,-48.5585802170985,-41.0153576023078,100,53.1919533336968,35.0626623010049,1,1,190,coarse
125,70,0,0,0,-39.7190826501144,-48.7794204229339,-41.0201711507225,100,49.5338821348743,39.4038613526025,1,1,195,coarse
125,75,0,0,0,-39.7190826501144,-49.0752300958472,-41.0241653856015,100,43.2153955187265,46.2402619397087,1,1,200,coarse
125,80,0,0,0,-39.7190826501144,-49.2157735055572,-41.0241653856015,100,39.4373875592869,50.3443603929096,1,1,205,coarse
125,85,0,0,0,-39.7190826501144,-49.288780307252,-41.1169697173708,100,36.3408384669901,53.4323134244101,1,1,210,coarse
125,90,0,0,0,-39.7484180442781,-49.519964712483,-41.1224615523956,100,33.5822929727962,56.842045839449,1,1,215,coarse
125,95,0,0,0,-39.7484180442781,-49.9672568187918,-41.1224615523956,100,30.2567737011394,60.3421022919725,1,1,220,coarse
125,100,0,0,0,-39.750308054157,-51.3586069910488,-41.30951174535,100,25.8518235839285,63.9889353054081,1,1,225,coarse
125,105,0,0,0,-39.750308054157,-52.3540095361206,-41.30951174535,100,20.7872212833233,68.7309472733431,1,1,230,coarse
125,110,0,0,0,-40.2823265434677,-53.4868773407825,-41.4707500500232,100,16.0660742517582,73.4786044936209,1,1,235,coarse
125,115,0,0,0,-42.3398533818628,-54.8811186957888,-43.223555423733,100,11.2413454723873,77.2496330585977,1,1,240,coarse
125,120,0,0,0,-45.8233848028573,-55.3955310561298,-46.3176724946785,100,6.13858147522216,81.8730947273343,1,1,245,coarse
125,125,0,0,0,-47.2476717892861,-55.927286458051,-47.6014148971539,100,0,86.8973693124083,1,1,250,coarse
130,0,0.0555401277422938,0.0555401277422938,0,-0.372173002560658,-28.6295596698491,-8.40508187733414,99.9444598722577,91.5935234149267,0,0,1,130,coarse
130,0.5,0.0555401277422938,0.0555401277422938,0,-0.372173002560658,-28.6295596698491,-8.40508187733414,99.9444598722577,91.5935234149267,0,0,1,130.5,coarse
130,1,0.0555401277422938,0.0555401277422938,0,-0.372173002560658,-28.6295596698491,-8.40508187733414,99.9444598722577,91.5935234149267,0,0,1,131,coarse
130,2,0,0,0,-7.98289489905389,-28.6295596698491,-10.2189618797943,100,91.5826200730524,0.0217793749319395,1,1,132,coarse
130,3,0,0,0,-12.3396105506122,-28.8066019866609,-14.4319092448266,100,91.5499100474295,0.081672655994773,1,1,133,coarse
130,5,0,0,0,-13.7415919478395,-29.5987048575484,-15.0926851805533,100,91.3045848552581,0.288938559668538,1,1,135,coarse
130,10,0,0,0,-17.729583831364,-31.5533813564374,-18.52878866618,100,90.9054984757819,0.948590743062749,1,1,140,coarse
130,15,0,0,0,-19.1947917434086,-32.4395170183469,-19.6421633288378,100,90.1095178954499,1.76088971269694,1,1,145,coarse
130,20,0,0,0,-19.4658216693275,-33.7079571203032,-20.6382957186634,100,89.1156831876662,2.69312544294826,1,1,150,coarse
130,25,0,0,0,-19.4658216693275,-35.329970471573,-21.839884671537,100,87.6683203401843,4.10974370554364,1,1,155,coarse
130,30,0,0,0,-19.678684287535,-36.7546022875902,-23.8430868949523,100,85.5530720165731,6.94930563396184,1,1,160,coarse
130,35,0,0,0,-23.8218959308567,-37.9574249399191,-24.3394723965089,100,81.7205473477621,11.019532573106,1,1,165,coarse
130,40,0,0,0,-25.1507134529849,-41.2275720016899,-25.5720843857464,100,76.8049656974845,16.3542960370329,1,1,170,coarse
130,45,0,0,0,-25.2609643031393,-45.8099174638829,-26.3049298309287,100,73.1623652401176,20.0745173309247,1,1,175,coarse
130,50,0,0,0,-39.6995151131067,-47.6029084406718,-40.735259827129,100,69.2475225961015,24.1616800270972,1,1,180,coarse
130,55,0,0,0,-39.6995151131067,-48.0266808337875,-41.0153576023078,100,65.7301535445933,27.881901320989,1,1,185,coarse
130,60,0,0,0,-39.7038595696602,-48.2917351821402,-41.0153576023078,100,62.2199204056043,31.5626058484814,1,1,190,coarse
130,65,0,0,0,-39.7038595696602,-48.5585802170985,-41.0153576023078,100,58.2729106471133,35.0626623010049,1,1,195,coarse
130,70,0,0,0,-39.7190826501144,-48.7794204229339,-41.0201711507225,100,54.6148394482909,39.4038613526025,1,1,200,coarse
130,75,0,0,0,-39.7190826501144,-49.0752300958472,-41.0241653856015,100,48.2963528321431,46.2402619397087,1,1,205,coarse
130,80,0,0,0,-39.7190826501144,-49.2157735055572,-41.0241653856015,100,44.5183448727035,50.3443603929096,1,1,210,coarse
130,85,0,0,0,-39.7190826501144,-49.288780307252,-41.1169697173708,100,41.4217957804067,53.4323134244101,1,1,215,coarse
130,90,0,0,0,-39.7484180442781,-49.519964712483,-41.1224615523956,100,38.6632502862127,56.842045839449,1,1,220,coarse
130,95,0,0,0,-39.7484180442781,-49.9672568187918,-41.1224615523956,100,35.337731014556,60.3421022919725,1,1,225,coarse
130,100,0,0,0,-39.750308054157,-51.3586069910488,-41.30951174535,100,30.932780897345,63.9889353054081,1,1,230,coarse
130,105,0,0,0,-39.750308054157,-52.3540095361206,-41.30951174535,100,25.8681785967399,68.7309472733431,1,1,235,coarse
130,110,0,0,0,-40.2823265434677,-53.4868773407825,-41.4707500500232,100,21.1470315651747,73.4786044936209,1,1,240,coarse
130,115,0,0,0,-42.3398533818628,-54.8811186957888,-43.223555423733,100,16.3223027858038,77.2496330585977,1,1,245,coarse
130,120,0,0,0,-45.8233848028573,-55.3955310561298,-46.3176724946785,100,11.2195387886387,81.8730947273343,1,1,250,coarse
130,125,0,0,0,-47.2476717892861,-55.927286458051,-47.6014148971539,100,5.22704998366547,86.8973693124083,1,1,255,coarse
130,130,0,0,0,-49.6313946833253,-57.6945066073683,-50.3808694394732,100,0,91.5935234149267,1,1,260,coarse
135,0,0.0555401277422938,0.0555401277422938,0,-0.372173002560658,-28.6295596698491,-8.40508187733414,99.9444598722577,94.9644349102405,0,0,1,135,coarse
135,0.5,0.0555401277422938,0.0555401277422938,0,-0.372173002560658,-28.6295596698491,-8.40508187733414,99.9444598722577,94.9644349102405,0,0,1,135.5,coarse
135,1,0.0555401277422938,0.0555401277422938,0,-0.372173002560658,-28.6295596698491,-8.40508187733414,99.9444598722577,94.9644349102405,0,0,1,136,coarse
135,2,0,0,0,-7.98289489905389,-28.6295596698491,-10.2189618797943,100,94.9644349102405,0.0217793749319395,1,1,137,coarse
135,3,0,0,0,-12.3396105506122,-28.8066019866609,-14.4319092448266,100,94.9474991532121,0.081672655994773,1,1,138,coarse
135,5,0,0,0,-13.7415919478395,-29.5987048575484,-15.0926851805533,100,94.8458846110421,0.288938559668538,1,1,140,coarse
135,10,0,0,0,-17.729583831364,-31.5533813564374,-18.52878866618,100,94.5128147228181,0.948590743062749,1,1,145,coarse
135,15,0,0,0,-19.1947917434086,-32.4395170183469,-19.6421633288378,100,93.7168341424862,1.76088971269694,1,1,150,coarse
135,20,0,0,0,-19.4658216693275,-33.7079571203032,-20.6382957186634,100,92.6821300228683,2.69312544294826,1,1,155,coarse
135,25,0,0,0,-19.4658216693275,-35.329970471573,-21.839884671537,100,91.2664706522923,4.10974370554364,1,1,160,coarse
135,30,0,0,0,-19.678684287535,-36.7546022875902,-23.8430868949523,100,88.8731396172927,6.94930563396184,1,1,165,coarse
135,35,0,0,0,-23.8218959308567,-37.9574249399191,-24.3394723965089,100,85.7399542633126,11.019532573106,1,1,170,coarse
135,40,0,0,0,-25.1507134529849,-41.2275720016899,-25.5720843857464,100,81.4711967766525,16.3542960370329,1,1,175,coarse
135,45,0,0,0,-25.2609643031393,-45.8099174638829,-26.3049298309287,100,77.8285963192856,20.0745173309247,1,1,180,coarse
135,50,0,0,0,-39.6995151131067,-47.6029084406718,-40.735259827129,100,73.9137536752695,24.1616800270972,1,1,185,coarse
135,55,0,0,0,-39.6995151131067,-48.0266808337875,-41.0153576023078,100,70.3963846237613,27.881901320989,1,1,190,coarse
135,60,0,0,0,-39.7038595696602,-48.2917351821402,-41.0153576023078,100,66.7537841663944,31.5626058484814,1,1,195,coarse
135,65,0,0,0,-39.7038595696602,-48.5585802170985,-41.0153576023078,100,62.7790482413155,35.0626623010049,1,1,200,coarse
135,70,0,0,0,-39.7190826501144,-48.7794204229339,-41.0201711507225,100,58.3850593487967,39.4038613526025,1,1,205,coarse
135,75,0,0,0,-39.7190826501144,-49.0752300958472,-41.0241653856015,100,51.8240226505499,46.2402619397087,1,1,210,coarse
135,80,0,0,0,-39.7190826501144,-49.2157735055572,-41.0241653856015,100,48.5298921920941,50.3443603929096,1,1,215,coarse
135,85,0,0,0,-39.7190826501144,-49.288780307252,-41.1169697173708,100,44.8981814221932,53.4323134244101,1,1,220,coarse
135,90,0,0,0,-39.7484180442781,-49.519964712483,-41.1224615523956,100,41.9833178869323,56.842045839449,1,1,225,coarse
135,95,0,0,0,-39.7484180442781,-49.9672568187918,-41.1224615523956,100,38.6577986152756,60.3421022919725,1,1,230,coarse
135,100,0,0,0,-39.750308054157,-51.3586069910488,-41.30951174535,100,34.2528484980647,63.9889353054081,1,1,235,coarse
135,105,0,0,0,-39.750308054157,-52.3540095361206,-41.30951174535,100,29.1882461974595,68.7309472733431,1,1,240,coarse
135,110,0,0,0,-40.2823265434677,-53.4868773407825,-41.4707500500232,100,24.4670991658943,73.4786044936209,1,1,245,coarse
135,115,0,0,0,-42.3398533818628,-54.8811186957888,-43.223555423733,100,19.6504410323424,77.2496330585977,1,1,250,coarse
135,120,0,0,0,-45.8233848028573,-55.3955310561298,-46.3176724946785,100,15.5450288576718,81.8730947273343,1,1,255,coarse
135,125,0,0,0,-47.2476717892861,-55.927286458051,-47.6014148971539,100,9.8932810628335,86.8973693124083,1,1,260,coarse
135,130,0,0,0,-49.6313946833253,-57.6945066073683,-50.3808694394732,100,4.66623107916803,91.5935234149267,1,1,265,coarse
135,135,0,0,0,-49.6313946833253,-61.8278352821326,-50.3808694394732,100,0,94.9644349102405,1,1,270,coarse
140,0,0.0555401277422938,0.0555401277422938,0,-0.372173002560658,-28.6295596698491,-8.40508187733414,99.9444598722577,99.0471523467276,0,0,1,140,coarse
140,0.5,0.0555401277422938,0.0555401277422938,0,-0.372173002560658,-28.6295596698491,-8.40508187733414,99.9444598722577,99.0471523467276,0,0,1,140.5,coarse
140,1,0.0555401277422938,0.0555401277422938,0,-0.372173002560658,-28.6295596698491,-8.40508187733414,99.9444598722577,99.0471523467276,0,0,1,141,coarse
140,2,0,0,0,-7.98289489905389,-28.6295596698491,-10.2189618797943,100,99.0253729717957,0.0217793749319395,1,1,142,coarse
140,3,0,0,0,-12.3396105506122,-28.8066019866609,-14.4319092448266,100,98.9859892056915,0.081672655994773,1,1,143,coarse
140,5,0,0,0,-13.7415919478395,-29.5987048575484,-15.0926851805533,100,98.911031253403,0.288938559668538,1,1,145,coarse
140,10,0,0,0,-17.729583831364,-31.5533813564374,-18.52878866618,100,98.5407818795601,0.948590743062749,1,1,150,coarse
140,15,0,0,0,-19.1947917434086,-32.4395170183469,-19.6421633288378,100,97.8819557878689,1.76088971269694,1,1,155,coarse
140,20,0,0,0,-19.4658216693275,-33.7079571203032,-20.6382957186634,100,96.8474354786018,2.69312544294826,1,1,160,coarse
140,25,0,0,0,-19.4658216693275,-35.329970471573,-21.839884671537,100,95.4317761080257,4.10974370554364,1,1,165,coarse
140,30,0,0,0,-19.678684287535,-36.7546022875902,-23.8430868949523,100,93.0033758031145,6.94930563396184,1,1,170,coarse
140,35,0,0,0,-23.8218959308567,-37.9574249399191,-24.3394723965089,100,89.9052597190461,11.019532573106,1,1,175,coarse
140,40,0,0,0,-25.1507134529849,-41.2275720016899,-25.5720843857464,100,85.6365022323859,16.3542960370329,1,1,180,coarse
140,45,0,0,0,-25.2609643031393,-45.8099174638829,-26.3049298309287,100,81.9939017750191,20.0745173309247,1,1,185,coarse
140,50,0,0,0,-39.6995151131067,-47.6029084406718,-40.735259827129,100,78.0790591310029,24.1616800270972,1,1,190,coarse
140,55,0,0,0,-39.6995151131067,-48.0266808337875,-41.0153576023078,100,74.5616900794947,27.881901320989,1,1,195,coarse
140,60,0,0,0,-39.7038595696602,-48.2917351821402,-41.0153576023078,100,70.9190896221278,31.5626058484814,1,1,200,coarse
140,65,0,0,0,-39.7038595696602,-48.5585802170985,-41.0153576023078,100,66.9443536970489,35.0626623010049,1,1,205,coarse
140,70,0,0,0,-39.7190826501144,-48.7794204229339,-41.0201711507225,100,62.5503648045301,39.4038613526025,1,1,210,coarse
140,75,0,0,0,-39.7190826501144,-49.0752300958472,-41.0241653856015,100,55.9893281062834,46.2402619397087,1,1,215,coarse
140,80,0,0,0,-39.7190826501144,-49.2157735055572,-41.0241653856015,100,52.6951976478275,50.3443603929096,1,1,220,coarse
140,85,0,0,0,-39.7190826501144,-49.288780307252,-41.1169697173708,100,49.0634868779266,53.4323134244101,1,1,225,coarse
140,90,0,0,0,-39.7484180442781,-49.519964712483,-41.1224615523956,100,46.0993294444747,56.842045839449,1,1,230,coarse
140,95,0,0,0,-39.7484180442781,-49.9672568187918,-41.1224615523956,100,42.773810172818,60.3421022919725,1,1,235,coarse
140,100,0,0,0,-39.750308054157,-51.3586069910488,-41.30951174535,100,38.368860055607,63.9889353054081,1,1,240,coarse
140,105,0,0,0,-39.750308054157,-52.3540095361206,-41.30951174535,100,33.3042577550019,68.7309472733431,1,1,245,coarse
140,110,0,0,0,-40.2823265434677,-53.4868773407825,-41.4707500500232,100,28.5831107234367,73.4786044936209,1,1,250,coarse
140,115,0,0,0,-42.3398533818628,-54.8811186957888,-43.223555423733,100,23.8157464880758,77.2496330585977,1,1,255,coarse
140,120,0,0,0,-45.8233848028573,-55.3955310561298,-46.3176724946785,100,19.7103343134052,81.8730947273343,1,1,260,coarse
140,125,0,0,0,-47.2476717892861,-55.927286458051,-47.6014148971539,100,14.0585865185669,86.8973693124083,1,1,265,coarse
140,130,0,0,0,-49.6313946833253,-57.6945066073683,-50.3808694394732,100,8.83153653490145,91.5935234149267,1,1,270,coarse
140,135,0,0,0,-49.6313946833253,-61.8278352821326,-50.3808694394732,100,4.67944194126269,94.9644349102405,1,1,275,coarse
140,140,0,0,0,-59.1866121509465,-74.3192619741862,-59.9396964833729,100,0,99.0471523467276,1,1,280,coarse
142.036693120764,0,0.0555401277422938,0.0555401277422938,0,-0.372173002560658,-28.6295596698491,-8.40508187733414,99.9444598722577,100,0,0,1,142.036693120764,coarse
142.036693120764,0.5,0.0555401277422938,0.0555401277422938,0,-0.372173002560658,-28.6295596698491,-8.40508187733414,99.9444598722577,100,0,0,1,142.536693120764,coarse
142.036693120764,1,0.0555401277422938,0.0555401277422938,0,-0.372173002560658,-28.6295596698491,-8.40508187733414,99.9444598722577,100,0,0,1,143.036693120764,coarse
142.036693120764,2,0,0,0,-7.98289489905389,-28.6295596698491,-10.2189618797943,100,100,0.0217793749319395,1,1,144.036693120764,coarse
142.036693120764,3,0,0,0,-12.3396105506122,-28.8066019866609,-14.4319092448266,100,99.9830642429717,0.081672655994773,1,1,145.036693120764,coarse
142.036693120764,5,0,0,0,-13.7415919478395,-29.5987048575484,-15.0926851805533,100,99.8814497008016,0.288938559668538,1,1,147.036693120764,coarse
142.036693120764,10,0,0,0,-17.729583831364,-31.5533813564374,-18.52878866618,100,99.5483798125776,0.948590743062749,1,1,152.036693120764,coarse
142.036693120764,15,0,0,0,-19.1947917434086,-32.4395170183469,-19.6421633288378,100,98.8348034411412,1.76088971269694,1,1,157.036693120764,coarse
142.036693120764,20,0,0,0,-19.4658216693275,-33.7079571203032,-20.6382957186634,100,97.8002831318741,2.69312544294826,1,1,162.036693120764,coarse
142.036693120764,25,0,0,0,-19.4658216693275,-35.329970471573,-21.839884671537,100,96.384623761298,4.10974370554364,1,1,167.036693120764,coarse
142.036693120764,30,0,0,0,-19.678684287535,-36.7546022875902,-23.8430868949523,100,93.9595486016464,6.94930563396184,1,1,172.036693120764,coarse
142.036693120764,35,0,0,0,-23.8218959308567,-37.9574249399191,-24.3394723965089,100,90.8581073723184,11.019532573106,1,1,177.036693120764,coarse
142.036693120764,40,0,0,0,-25.1507134529849,-41.2275720016899,-25.5720843857464,100,86.5893498856583,16.3542960370329,1,1,182.036693120764,coarse
142.036693120764,45,0,0,0,-25.2609643031393,-45.8099174638829,-26.3049298309287,100,82.9467494282914,20.0745173309247,1,1,187.036693120764,coarse
142.036693120764,50,0,0,0,-39.6995151131067,-47.6029084406718,-40.735259827129,100,79.0319067842753,24.1616800270972,1,1,192.036693120764,coarse
142.036693120764,55,0,0,0,-39.6995151131067,-48.0266808337875,-41.0153576023078,100,75.5145377327671,27.881901320989,1,1,197.036693120764,coarse
142.036693120764,60,0,0,0,-39.7038595696602,-48.2917351821402,-41.0153576023078,100,71.8719372754002,31.5626058484814,1,1,202.036693120764,coarse
142.036693120764,65,0,0,0,-39.7038595696602,-48.5585802170985,-41.0153576023078,100,67.8972013503212,35.0626623010049,1,1,207.036693120764,coarse
142.036693120764,70,0,0,0,-39.7190826501144,-48.7794204229339,-41.0201711507225,100,63.5032124578025,39.4038613526025,1,1,212.036693120764,coarse
142.036693120764,75,0,0,0,-39.7190826501144,-49.0752300958472,-41.0241653856015,100,56.9421757595557,46.2402619397087,1,1,217.036693120764,coarse
142.036693120764,80,0,0,0,-39.7190826501144,-49.2157735055572,-41.0241653856015,100,53.6480453010999,50.3443603929096,1,1,222.036693120764,coarse
142.036693120764,85,0,0,0,-39.7190826501144,-49.288780307252,-41.1169697173708,100,50.016334531199,53.4323134244101,1,1,227.036693120764,coarse
142.036693120764,90,0,0,0,-39.7484180442781,-49.519964712483,-41.1224615523956,100,47.0697268712861,56.842045839449,1,1,232.036693120764,coarse
142.036693120764,95,0,0,0,-39.7484180442781,-49.9672568187918,-41.1224615523956,100,43.7442075996293,60.3421022919725,1,1,237.036693120764,coarse
142.036693120764,100,0,0,0,-39.750308054157,-51.3586069910488,-41.30951174535,100,39.3392574824184,63.9889353054081,1,1,242.036693120764,coarse
142.036693120764,105,0,0,0,-39.750308054157,-52.3540095361206,-41.30951174535,100,34.2746551818132,68.7309472733431,1,1,247.036693120764,coarse
142.036693120764,110,0,0,0,-40.2823265434677,-53.4868773407825,-41.4707500500232,100,29.553508150248,73.4786044936209,1,1,252.036693120764,coarse
142.036693120764,115,0,0,0,-42.3398533818628,-54.8811186957888,-43.223555423733,100,24.7685941413481,77.2496330585977,1,1,257.036693120764,coarse
142.036693120764,120,0,0,0,-45.8233848028573,-55.3955310561298,-46.3176724946785,100,20.6631819666776,81.8730947273343,1,1,262.036693120764,coarse
142.036693120764,125,0,0,0,-47.2476717892861,-55.927286458051,-47.6014148971539,100,15.0114341718393,86.8973693124083,1,1,267.036693120764,coarse
142.036693120764,130,0,0,0,-49.6313946833253,-57.6945066073683,-50.3808694394732,100,9.7843841881738,91.5935234149267,1,1,272.036693120764,coarse
142.036693120764,135,0,0,0,-49.6313946833253,-61.8278352821326,-50.3808694394732,100,5.68373052494436,94.9644349102405,1,1,277.036693120764,coarse
142.036693120764,140,0,0,0,-59.1866121509465,-74.3192619741862,-59.9396964833729,100,1.07824319747093,99.0471523467276,1,1,282.036693120764,coarse
142.036693120764,142.036693120764,0,0,0,-2948.41956873937,-2948.41956873937,-2948.41956873937,100,0,100,1,1,284.073386241528,coarse
33,0,0.194390447098028,0.194390447098028,0.0694251596778673,7.77299100864575,-27.5518283276017,3.24427996389486,99.805609552902,9.20740657107373,0,0,0,33,refinement
33,1,0.194390447098028,0.194390447098028,0.0694251596778673,7.77299100864575,-27.5518283276017,3.24427996389486,99.805609552902,9.20740657107373,0,0,0,34,refinement
33,2,0.194390447098028,0.194390447098028,0.0416550958067204,7.77299100864575,-27.5518283276017,3.24427996389486,99.805609552902,9.20740657107373,0.0217793749319395,0,0,35,refinement
33,3,0.194390447098028,0.194390447098028,0.0416550958067204,7.77299100864575,-27.6663178927497,3.24427996389486,99.805609552902,9.19047081404539,0.081672655994773,0,0,36,refinement
33,4,0.194390447098028,0.194390447098028,0.0416550958067204,7.77299100864575,-28.0203852103249,3.24427996389486,99.805609552902,9.15659929998871,0.174453469988551,0,0,37,refinement
33,5,0.194390447098028,0.194390447098028,0.0416550958067204,7.77299100864575,-28.6222941678415,3.24427996389486,99.805609552902,9.08885627187535,0.288938559668538,0,0,38,refinement
33,6,0.194390447098028,0.194390447098028,0.0416550958067204,7.77299100864575,-28.9719523197968,3.24427996389486,99.805609552902,9.06063001016145,0.425230333097094,0,0,39,refinement
33,7,0.194390447098028,0.194390447098028,0.0416550958067204,7.77299100864575,-29.0726676755175,3.24427996389486,99.805609552902,9.02675849610478,0.539715422777081,0,0,40,refinement
33,8,0.194390447098028,0.194390447098028,0.0416550958067204,7.77299100864575,-29.4420449797037,3.24427996389486,99.805609552902,8.93078920627752,0.70871722182849,0,0,41,refinement
33,9,0.194390447098028,0.194390447098028,0.0416550958067204,7.77299100864575,-29.8251954371966,3.24427996389486,99.805609552902,8.87433668284972,0.806847298697051,0,0,42,refinement
34,0,0.194390447098028,0.194390447098028,0.0694251596778673,7.77299100864575,-27.5518283276017,3.24427996389486,99.805609552902,10.121937450604,0,0,0,34,refinement
34,1,0.194390447098028,0.194390447098028,0.0694251596778673,7.77299100864575,-27.5518283276017,3.24427996389486,99.805609552902,10.121937450604,0,0,0,35,refinement
34,2,0.194390447098028,0.194390447098028,0.0416550958067204,7.77299100864575,-27.5518283276017,3.24427996389486,99.805609552902,10.121937450604,0.0217793749319395,0,0,36,refinement
34,3,0.194390447098028,0.194390447098028,0.0416550958067204,7.77299100864575,-27.6663178927497,3.24427996389486,99.805609552902,10.1050016935757,0.081672655994773,0,0,37,refinement
34,4,0.194390447098028,0.194390447098028,0.0416550958067204,7.77299100864575,-28.0203852103249,3.24427996389486,99.805609552902,10.071130179519,0.174453469988551,0,0,38,refinement
34,5,0.194390447098028,0.194390447098028,0.0416550958067204,7.77299100864575,-28.6222941678415,3.24427996389486,99.805609552902,10.0033871514057,0.288938559668538,0,0,39,refinement
34,6,0.194390447098028,0.194390447098028,0.0416550958067204,7.77299100864575,-28.9719523197968,3.24427996389486,99.805609552902,9.97516088969177,0.425230333097094,0,0,40,refinement
34,7,0.194390447098028,0.194390447098028,0.0416550958067204,7.77299100864575,-29.0726676755175,3.24427996389486,99.805609552902,9.94128937563509,0.539715422777081,0,0,41,refinement
34,8,0.194390447098028,0.194390447098028,0.0416550958067204,7.77299100864575,-29.4420449797037,3.24427996389486,99.805609552902,9.84532008580784,0.70871722182849,0,0,42,refinement
34,9,0.194390447098028,0.194390447098028,0.0416550958067204,7.77299100864575,-29.8251954371966,3.24427996389486,99.805609552902,9.78886756238004,0.806847298697051,0,0,43,refinement
35,0,0.166620383226881,0.166620383226881,0.0694251596778673,7.77299100864575,-27.5518283276017,3.24427996389486,99.8333796167731,11.019532573106,0,0,0,35,refinement
35,1,0.166620383226881,0.166620383226881,0.0694251596778673,7.77299100864575,-27.5518283276017,3.24427996389486,99.8333796167731,11.019532573106,0,0,0,36,refinement
35,2,0.166620383226881,0.166620383226881,0.0416550958067204,7.77299100864575,-27.5518283276017,3.24427996389486,99.8333796167731,11.019532573106,0.0217793749319395,0,0,37,refinement
35,3,0.166620383226881,0.166620383226881,0.0416550958067204,7.77299100864575,-27.6663178927497,3.24427996389486,99.8333796167731,11.0025968160777,0.081672655994773,0,0,38,refinement
35,4,0.166620383226881,0.166620383226881,0.0416550958067204,7.77299100864575,-28.0203852103249,3.24427996389486,99.8333796167731,10.968725302021,0.174453469988551,0,0,39,refinement
35,5,0.166620383226881,0.166620383226881,0.0416550958067204,7.77299100864575,-28.6222941678415,3.24427996389486,99.8333796167731,10.9009822739076,0.288938559668538,0,0,40,refinement
35,6,0.166620383226881,0.166620383226881,0.0416550958067204,7.77299100864575,-28.9719523197968,3.24427996389486,99.8333796167731,10.8727560121937,0.425230333097094,0,0,41,refinement
35,7,0.166620383226881,0.166620383226881,0.0416550958067204,7.77299100864575,-29.0726676755175,3.24427996389486,99.8333796167731,10.8388844981371,0.539715422777081,0,0,42,refinement
35,8,0.166620383226881,0.166620383226881,0.0416550958067204,7.77299100864575,-29.4420449797037,3.24427996389486,99.8333796167731,10.7429152083098,0.70871722182849,0,0,43,refinement
35,9,0.166620383226881,0.166620383226881,0.0416550958067204,7.77299100864575,-29.8251954371966,3.24427996389486,99.8333796167731,10.686462684882,0.806847298697051,0,0,44,refinement
36,0,0.138850319355735,0.138850319355735,0.0694251596778673,7.77299100864575,-27.5518283276017,3.1298064915296,99.8611496806443,12.2784238455459,0,0,0,36,refinement
36,1,0.138850319355735,0.138850319355735,0.0694251596778673,7.77299100864575,-27.5518283276017,3.1298064915296,99.8611496806443,12.2784238455459,0,0,0,37,refinement
36,2,0.138850319355735,0.138850319355735,0.0416550958067204,7.77299100864575,-27.5518283276017,3.1298064915296,99.8611496806443,12.2784238455459,0.0217793749319395,0,0,38,refinement
36,3,0.138850319355735,0.138850319355735,0.0416550958067204,7.77299100864575,-27.6663178927497,3.1298064915296,99.8611496806443,12.2614880885176,0.081672655994773,0,0,39,refinement
36,4,0.138850319355735,0.138850319355735,0.0416550958067204,7.77299100864575,-28.0203852103249,3.1298064915296,99.8611496806443,12.2276165744609,0.174453469988551,0,0,40,refinement
36,5,0.138850319355735,0.138850319355735,0.0416550958067204,7.77299100864575,-28.6222941678415,3.1298064915296,99.8611496806443,12.1598735463475,0.288938559668538,0,0,41,refinement
36,6,0.138850319355735,0.138850319355735,0.0416550958067204,7.77299100864575,-28.9719523197968,3.1298064915296,99.8611496806443,12.1316472846336,0.425230333097094,0,0,42,refinement
36,7,0.138850319355735,0.138850319355735,0.0416550958067204,7.77299100864575,-29.0726676755175,3.1298064915296,99.8611496806443,12.0977757705769,0.539715422777081,0,0,43,refinement
36,8,0.138850319355735,0.138850319355735,0.0416550958067204,7.77299100864575,-29.4420449797037,3.1298064915296,99.8611496806443,12.0018064807497,0.70871722182849,0,0,44,refinement
36,9,0.138850319355735,0.138850319355735,0.0416550958067204,7.77299100864575,-29.8251954371966,3.1298064915296,99.8611496806443,11.9453539573219,0.806847298697051,0,0,45,refinement
37,0,0.111080255484588,0.111080255484588,0.0694251596778673,7.77299100864575,-27.5518283276017,-2.168176200232,99.8889197445154,13.5147341086147,0,0,0,37,refinement
37,1,0.111080255484588,0.111080255484588,0.0694251596778673,7.77299100864575,-27.5518283276017,-2.168176200232,99.8889197445154,13.5147341086147,0,0,0,38,refinement
37,2,0.111080255484588,0.111080255484588,0.0416550958067204,7.77299100864575,-27.5518283276017,-2.168176200232,99.8889197445154,13.5147341086147,0.0217793749319395,0,0,39,refinement
37,3,0.111080255484588,0.111080255484588,0.0416550958067204,7.77299100864575,-27.6663178927497,-2.168176200232,99.8889197445154,13.4977983515863,0.081672655994773,0,0,40,refinement
37,4,0.111080255484588,0.111080255484588,0.0416550958067204,7.77299100864575,-28.0203852103249,-2.168176200232,99.8889197445154,13.4639268375296,0.174453469988551,0,0,41,refinement
37,5,0.111080255484588,0.111080255484588,0.0416550958067204,7.77299100864575,-28.6222941678415,-2.168176200232,99.8889197445154,13.3961838094163,0.288938559668538,0,0,42,refinement
37,6,0.111080255484588,0.111080255484588,0.0416550958067204,7.77299100864575,-28.9719523197968,-2.168176200232,99.8889197445154,13.3679575477024,0.425230333097094,0,0,43,refinement
37,7,0.111080255484588,0.111080255484588,0.0416550958067204,7.77299100864575,-29.0726676755175,-2.168176200232,99.8889197445154,13.3340860336457,0.539715422777081,0,0,44,refinement
37,8,0.111080255484588,0.111080255484588,0.0416550958067204,7.77299100864575,-29.4420449797037,-2.168176200232,99.8889197445154,13.2381167438184,0.70871722182849,0,0,45,refinement
37,9,0.111080255484588,0.111080255484588,0.0416550958067204,7.77299100864575,-29.8251954371966,-2.168176200232,99.8889197445154,13.1816642203907,0.806847298697051,0,0,46,refinement
38,0,0.0833101916134407,0.0833101916134407,0.0694251596778673,7.43469791838749,-27.5745424499276,-7.07280002369766,99.9166898083866,14.5252342779722,0,0,1,38,refinement
38,1,0.0833101916134407,0.0833101916134407,0.0694251596778673,7.43469791838749,-27.5745424499276,-7.07280002369766,99.9166898083866,14.5252342779722,0,0,1,39,refinement
38,2,0.0833101916134407,0.0833101916134407,0.0416550958067204,7.43469791838749,-27.5745424499276,-7.07280002369766,99.9166898083866,14.5252342779722,0.0217793749319395,0,1,40,refinement
38,3,0.0833101916134407,0.0833101916134407,0.0416550958067204,7.43469791838749,-27.6855785954496,-7.07280002369766,99.9166898083866,14.5082985209439,0.081672655994773,0,1,41,refinement
38,4,0.0833101916134407,0.0833101916134407,0.0416550958067204,7.43469791838749,-28.0203852103249,-7.07280002369766,99.9166898083866,14.4744270068872,0.174453469988551,0,1,42,refinement
38,5,0.0833101916134407,0.0833101916134407,0.0416550958067204,7.43469791838749,-28.6222941678415,-7.07280002369766,99.9166898083866,14.4066839787739,0.288938559668538,0,1,43,refinement
38,6,0.0833101916134407,0.0833101916134407,0.0416550958067204,7.43469791838749,-28.9719523197968,-7.07280002369766,99.9166898083866,14.37845771706,0.425230333097094,0,1,44,refinement
38,7,0.0833101916134407,0.0833101916134407,0.0416550958067204,7.43469791838749,-29.0726676755175,-7.07280002369766,99.9166898083866,14.3445862030033,0.539715422777081,0,1,45,refinement
38,8,0.0833101916134407,0.0833101916134407,0.0416550958067204,7.43469791838749,-29.4420449797037,-7.07280002369766,99.9166898083866,14.248616913176,0.70871722182849,0,1,46,refinement
38,9,0.0833101916134407,0.0833101916134407,0.0416550958067204,7.43469791838749,-29.8251954371966,-7.07280002369766,99.9166898083866,14.1921643897482,0.806847298697051,0,1,47,refinement
39,0,0.0833101916134407,0.0833101916134407,0.0555401277422938,5.82155629240643,-27.5745424499276,-7.07280002369766,99.9166898083866,15.5187986903015,0,0,1,39,refinement
39,1,0.0833101916134407,0.0833101916134407,0.0555401277422938,5.82155629240643,-27.5745424499276,-7.07280002369766,99.9166898083866,15.5187986903015,0,0,1,40,refinement
39,2,0.0833101916134407,0.0833101916134407,0.0277700638711469,5.82155629240643,-27.5745424499276,-7.07280002369766,99.9166898083866,15.5187986903015,0.0217793749319395,0,1,41,refinement
39,3,0.0833101916134407,0.0833101916134407,0.0277700638711469,5.82155629240643,-27.6855785954496,-7.07280002369766,99.9166898083866,15.5018629332731,0.081672655994773,0,1,42,refinement
39,4,0.0833101916134407,0.0833101916134407,0.0277700638711469,5.82155629240643,-28.0203852103249,-7.07280002369766,99.9166898083866,15.4679914192164,0.174453469988551,0,1,43,refinement
39,5,0.0833101916134407,0.0833101916134407,0.0277700638711469,5.82155629240643,-28.6222941678415,-7.07280002369766,99.9166898083866,15.4002483911031,0.288938559668538,0,1,44,refinement
39,6,0.0833101916134407,0.0833101916134407,0.0277700638711469,5.82155629240643,-28.9719523197968,-7.07280002369766,99.9166898083866,15.3720221293892,0.425230333097094,0,1,45,refinement
39,7,0.0833101916134407,0.0833101916134407,0.0277700638711469,5.82155629240643,-29.0726676755175,-7.07280002369766,99.9166898083866,15.3381506153325,0.539715422777081,0,1,46,refinement
39,8,0.0833101916134407,0.0833101916134407,0.0277700638711469,5.82155629240643,-29.4420449797037,-7.07280002369766,99.9166898083866,15.2421813255052,0.70871722182849,0,1,47,refinement
39,9,0.0833101916134407,0.0833101916134407,0.0277700638711469,5.82155629240643,-29.8251954371966,-7.07280002369766,99.9166898083866,15.1857288020775,0.806847298697051,0,1,48,refinement
40,0,0.0833101916134407,0.0833101916134407,0.0416550958067204,5.82155629240643,-27.618568442991,-7.07280002369766,99.9166898083866,16.3542960370329,0,0,1,40,refinement
40,1,0.0833101916134407,0.0833101916134407,0.0416550958067204,5.82155629240643,-27.618568442991,-7.07280002369766,99.9166898083866,16.3542960370329,0,0,1,41,refinement
40,2,0.0833101916134407,0.0833101916134407,0.0138850319355735,5.82155629240643,-27.618568442991,-7.07280002369766,99.9166898083866,16.3542960370329,0.0217793749319395,0,1,42,refinement
40,3,0.0833101916134407,0.0833101916134407,0.0138850319355735,5.82155629240643,-27.730696286229,-7.07280002369766,99.9166898083866,16.3373602800045,0.081672655994773,0,1,43,refinement
40,4,0.0833101916134407,0.0833101916134407,0.0138850319355735,5.82155629240643,-28.0574666397504,-7.07280002369766,99.9166898083866,16.3034887659478,0.174453469988551,0,1,44,refinement
40,5,0.0833101916134407,0.0833101916134407,0.0138850319355735,5.82155629240643,-28.7229448103482,-7.07280002369766,99.9166898083866,16.2357457378345,0.288938559668538,0,1,45,refinement
40,6,0.0833101916134407,0.0833101916134407,0.0138850319355735,5.82155629240643,-29.001802112097,-7.07280002369766,99.9166898083866,16.2075194761206,0.425230333097094,0,1,46,refinement
40,7,0.0833101916134407,0.0833101916134407,0.0138850319355735,5.82155629240643,-29.0726676755175,-7.07280002369766,99.9166898083866,16.1736479620639,0.539715422777081,0,1,47,refinement
40,8,0.0833101916134407,0.0833101916134407,0.0138850319355735,5.82155629240643,-29.4420449797037,-7.07280002369766,99.9166898083866,16.0776786722366,0.70871722182849,0,1,48,refinement
40,9,0.0833101916134407,0.0833101916134407,0.0138850319355735,5.82155629240643,-29.8251954371966,-7.07280002369766,99.9166898083866,16.0212261488089,0.806847298697051,0,1,49,refinement
41,0,0.0555401277422938,0.0555401277422938,0.0277700638711469,0.659828906988864,-27.6380982360417,-8.40508187733414,99.9444598722577,17.0147905611381,0,0,1,41,refinement
41,1,0.0555401277422938,0.0555401277422938,0.0277700638711469,0.659828906988864,-27.6380982360417,-8.40508187733414,99.9444598722577,17.0147905611381,0,0,1,42,refinement
41,2,0.0555401277422938,0.0555401277422938,0,0.659828906988864,-27.6380982360417,-10.2189618797943,99.9444598722577,17.0147905611381,0.0217793749319395,0,1,43,refinement
41,3,0.0555401277422938,0.0555401277422938,0,0.659828906988864,-27.7814825369902,-10.3891548924131,99.9444598722577,16.9978548041097,0.081672655994773,0,1,44,refinement
41,4,0.0555401277422938,0.0555401277422938,0,0.659828906988864,-28.0777532775429,-10.3891548924131,99.9444598722577,16.9639832900531,0.174453469988551,0,1,45,refinement
41,5,0.0555401277422938,0.0555401277422938,0,0.659828906988864,-28.7842419306175,-10.3891548924131,99.9444598722577,16.8962402619397,0.288938559668538,0,1,46,refinement
41,6,0.0555401277422938,0.0555401277422938,0,0.659828906988864,-29.001802112097,-10.3891548924131,99.9444598722577,16.8680140002258,0.425230333097094,0,1,47,refinement
41,7,0.0555401277422938,0.0555401277422938,0,0.659828906988864,-29.0726676755175,-10.3891548924131,99.9444598722577,16.8341424861691,0.539715422777081,0,1,48,refinement
41,8,0.0555401277422938,0.0555401277422938,0,0.659828906988864,-29.4420449797037,-10.3891548924131,99.9444598722577,16.7381731963419,0.70871722182849,0,1,49,refinement
41,9,0.0555401277422938,0.0555401277422938,0,0.659828906988864,-29.8251954371966,-10.3891548924131,99.9444598722577,16.6817206729141,0.806847298697051,0,1,50,refinement
42,0,0.0555401277422938,0.0555401277422938,0.0138850319355735,-0.372173002560658,-27.6663178927497,-8.40508187733414,99.9444598722577,17.8841594219262,0,0,1,42,refinement
42,1,0.0555401277422938,0.0555401277422938,0.0138850319355735,-0.372173002560658,-27.6663178927497,-8.40508187733414,99.9444598722577,17.8841594219262,0,0,1,43,refinement
42,2,0.0277700638711469,0.0277700638711469,0,-2.87721086526733,-27.6663178927497,-10.2189618797943,99.9722299361289,17.8841594219262,0.0217793749319395,0,1,44,refinement
42,3,0.0277700638711469,0.0277700638711469,0,-2.87721086526733,-27.8504005051534,-10.9272909801574,99.9722299361289,17.8672236648978,0.081672655994773,0,1,45,refinement
42,4,0.0277700638711469,0.0277700638711469,0,-2.87721086526733,-28.40843346119,-10.9272909801574,99.9722299361289,17.8333521508411,0.174453469988551,0,1,46,refinement
42,5,0.0277700638711469,0.0277700638711469,0,-2.87721086526733,-28.8665418535132,-10.9272909801574,99.9722299361289,17.7656091227278,0.288938559668538,0,1,47,refinement
42,6,0.0277700638711469,0.0277700638711469,0,-2.87721086526733,-29.001802112097,-10.9272909801574,99.9722299361289,17.7373828610139,0.425230333097094,0,1,48,refinement
42,7,0.0277700638711469,0.0277700638711469,0,-2.87721086526733,-29.0726676755175,-10.9272909801574,99.9722299361289,17.7035113469572,0.539715422777081,0,1,49,refinement
42,8,0.0277700638711469,0.0277700638711469,0,-2.87721086526733,-29.4420449797037,-10.9272909801574,99.9722299361289,17.60754205713,0.70871722182849,0,1,50,refinement
42,9,0.0277700638711469,0.0277700638711469,0,-2.87721086526733,-29.8251954371966,-10.9272909801574,99.9722299361289,17.5510895337022,0.806847298697051,0,1,51,refinement
43,0,0.0555401277422938,0.0555401277422938,0,-0.372173002560658,-27.6855785954496,-8.40508187733414,99.9444598722577,18.5841707124308,0,0,1,43,refinement
43,1,0.0555401277422938,0.0555401277422938,0,-0.372173002560658,-27.6855785954496,-8.40508187733414,99.9444598722577,18.5841707124308,0,0,1,44,refinement
43,2,0,0,0,-6.70250592808807,-27.6855785954496,-10.2189618797943,100,18.5841707124308,0.0217793749319395,1,1,45,refinement
43,3,0,0,0,-6.70250592808807,-27.8829419110756,-13.7478697312993,100,18.5672349554025,0.081672655994773,1,1,46,refinement
43,4,0,0,0,-6.70250592808807,-28.4168905321084,-14.0044236131156,100,18.5333634413458,0.174453469988551,1,1,47,refinement
43,5,0,0,0,-6.70250592808807,-28.8665418535132,-14.0044236131156,100,18.4656204132325,0.288938559668538,1,1,48,refinement
43,6,0,0,0,-6.70250592808807,-29.001802112097,-14.1219717264778,100,18.4373941515186,0.425230333097094,1,1,49,refinement
43,7,0,0,0,-6.70250592808807,-29.0726676755175,-14.1219717264778,100,18.4035226374619,0.539715422777081,1,1,50,refinement
43,8,0,0,0,-6.70250592808807,-29.4420449797037,-14.1219717264778,100,18.3075533476346,0.70871722182849,1,1,51,refinement
43,9,0,0,0,-6.70250592808807,-29.8251954371966,-14.1219717264778,100,18.2511008242068,0.806847298697051,1,1,52,refinement
44,0,0.0555401277422938,0.0555401277422938,0,-0.372173002560658,-27.705265848907,-8.40508187733414,99.9444598722577,19.222084227165,0,0,1,44,refinement
44,1,0.0555401277422938,0.0555401277422938,0,-0.372173002560658,-27.705265848907,-8.40508187733414,99.9444598722577,19.222084227165,0,0,1,45,refinement
44,2,0,0,0,-7.98289489905389,-27.705265848907,-10.2189618797943,100,19.222084227165,0.0217793749319395,1,1,46,refinement
44,3,0,0,0,-10.3687841024528,-27.9046673243636,-13.7478697312993,100,19.2051484701366,0.081672655994773,1,1,47,refinement
44,4,0,0,0,-10.3687841024528,-28.4168905321084,-14.0044236131156,100,19.1712769560799,0.174453469988551,1,1,48,refinement
44,5,0,0,0,-10.3687841024528,-28.8665418535132,-14.0044236131156,100,19.1035339279666,0.288938559668538,1,1,49,refinement
44,6,0,0,0,-10.3687841024528,-29.001802112097,-15.6608409260161,100,19.0753076662527,0.425230333097094,1,1,50,refinement
44,7,0,0,0,-10.3687841024528,-29.0726676755175,-15.7326232547632,100,19.041436152196,0.539715422777081,1,1,51,refinement
44,8,0,0,0,-10.3687841024528,-29.4420449797037,-15.7326232547632,100,18.9454668623687,0.70871722182849,1,1,52,refinement
44,9,0,0,0,-10.3687841024528,-29.8251954371966,-15.7326232547632,100,18.8890143389409,0.806847298697051,1,1,53,refinement
45,0,0.0555401277422938,0.0555401277422938,0,-0.372173002560658,-27.730696286229,-8.40508187733414,99.9444598722577,20.0745173309247,0,0,1,45,refinement
45,1,0.0555401277422938,0.0555401277422938,0,-0.372173002560658,-27.730696286229,-8.40508187733414,99.9444598722577,20.0745173309247,0,0,1,46,refinement
45,2,0,0,0,-7.98289489905389,-27.730696286229,-10.2189618797943,100,20.0745173309247,0.0217793749319395,1,1,47,refinement
45,3,0,0,0,-10.570475092159,-27.936924628179,-13.7478697312993,100,20.0575815738964,0.081672655994773,1,1,48,refinement
45,4,0,0,0,-10.570475092159,-28.4168905321084,-14.0044236131156,100,20.0237100598397,0.174453469988551,1,1,49,refinement
45,5,0,0,0,-10.570475092159,-28.8665418535132,-14.0044236131156,100,19.9559670317263,0.288938559668538,1,1,50,refinement
45,6,0,0,0,-10.570475092159,-29.001802112097,-15.6608409260161,100,19.9277407700124,0.425230333097094,1,1,51,refinement
45,7,0,0,0,-10.570475092159,-29.0726676755175,-15.7326232547632,100,19.8938692559557,0.539715422777081,1,1,52,refinement
45,8,0,0,0,-10.570475092159,-29.4420449797037,-15.7326232547632,100,19.7978999661285,0.70871722182849,1,1,53,refinement
45,9,0,0,0,-10.570475092159,-29.8251954371966,-15.7326232547632,100,19.7414474427007,0.806847298697051,1,1,54,refinement
46,0,0.0555401277422938,0.0555401277422938,0,-0.372173002560658,-27.730696286229,-8.40508187733414,99.9444598722577,21.0567912385684,0,0,1,46,refinement
46,1,0.0555401277422938,0.0555401277422938,0,-0.372173002560658,-27.730696286229,-8.40508187733414,99.9444598722577,21.0567912385684,0,0,1,47,refinement
46,2,0,0,0,-7.98289489905389,-27.730696286229,-10.2189618797943,100,21.0567912385684,0.0217793749319395,1,1,48,refinement
46,3,0,0,0,-10.570475092159,-27.936924628179,-13.7478697312993,100,21.03985548154,0.081672655994773,1,1,49,refinement
46,4,0,0,0,-10.570475092159,-28.4168905321084,-14.0044236131156,100,21.0059839674833,0.174453469988551,1,1,50,refinement
46,5,0,0,0,-10.570475092159,-28.8665418535132,-14.0044236131156,100,20.93824093937,0.288938559668538,1,1,51,refinement
46,6,0,0,0,-10.570475092159,-29.001802112097,-15.6608409260161,100,20.9100146776561,0.425230333097094,1,1,52,refinement
46,7,0,0,0,-10.570475092159,-29.0726676755175,-15.7326232547632,100,20.8761431635994,0.539715422777081,1,1,53,refinement
46,8,0,0,0,-10.570475092159,-29.4420449797037,-15.7326232547632,100,20.7801738737722,0.70871722182849,1,1,54,refinement
46,9,0,0,0,-10.570475092159,-29.8251954371966,-15.7326232547632,100,20.7237213503444,0.806847298697051,1,1,55,refinement
47,0,0.0555401277422938,0.0555401277422938,0,-0.372173002560658,-27.730696286229,-8.40508187733414,99.9444598722577,21.9430958563848,0,0,1,47,refinement
47,1,0.0555401277422938,0.0555401277422938,0,-0.372173002560658,-27.730696286229,-8.40508187733414,99.9444598722577,21.9430958563848,0,0,1,48,refinement
47,2,0,0,0,-7.98289489905389,-27.730696286229,-10.2189618797943,100,21.9430958563848,0.0217793749319395,1,1,49,refinement
47,3,0,0,0,-10.570475092159,-27.936924628179,-13.7478697312993,100,21.9261600993564,0.081672655994773,1,1,50,refinement
47,4,0,0,0,-10.570475092159,-28.4168905321084,-14.0044236131156,100,21.8922885852998,0.174453469988551,1,1,51,refinement
47,5,0,0,0,-10.570475092159,-28.8665418535132,-14.0044236131156,100,21.8245455571864,0.288938559668538,1,1,52,refinement
47,6,0,0,0,-10.570475092159,-29.001802112097,-15.6608409260161,100,21.7963192954725,0.425230333097094,1,1,53,refinement
47,7,0,0,0,-10.570475092159,-29.0726676755175,-15.7326232547632,100,21.7624477814158,0.539715422777081,1,1,54,refinement
47,8,0,0,0,-10.570475092159,-29.4420449797037,-15.7326232547632,100,21.6664784915886,0.70871722182849,1,1,55,refinement
47,9,0,0,0,-10.570475092159,-29.8251954371966,-15.7326232547632,100,21.6100259681608,0.806847298697051,1,1,56,refinement
48,0,0.0555401277422938,0.0555401277422938,0,-0.372173002560658,-27.730696286229,-8.40508187733414,99.9444598722577,22.6882691656317,0,0,1,48,refinement
48,1,0.0555401277422938,0.0555401277422938,0,-0.372173002560658,-27.730696286229,-8.40508187733414,99.9444598722577,22.6882691656317,0,0,1,49,refinement
48,2,0,0,0,-7.98289489905389,-27.730696286229,-10.2189618797943,100,22.6882691656317,0.0217793749319395,1,1,50,refinement
48,3,0,0,0,-10.570475092159,-27.936924628179,-13.7478697312993,100,22.6713334086034,0.081672655994773,1,1,51,refinement
48,4,0,0,0,-10.570475092159,-28.4168905321084,-14.0044236131156,100,22.6374618945467,0.174453469988551,1,1,52,refinement
48,5,0,0,0,-10.570475092159,-28.8665418535132,-14.0044236131156,100,22.5697188664333,0.288938559668538,1,1,53,refinement
48,6,0,0,0,-10.570475092159,-29.001802112097,-15.6608409260161,100,22.5414926047194,0.425230333097094,1,1,54,refinement
48,7,0,0,0,-10.570475092159,-29.0726676755175,-15.7326232547632,100,22.5076210906628,0.539715422777081,1,1,55,refinement
48,8,0,0,0,-10.570475092159,-29.4420449797037,-15.7326232547632,100,22.4116518008355,0.70871722182849,1,1,56,refinement
48,9,0,0,0,-10.570475092159,-29.8251954371966,-15.7326232547632,100,22.3551992774077,0.806847298697051,1,1,57,refinement
49,0,0.0555401277422938,0.0555401277422938,0,-0.372173002560658,-27.730696286229,-8.40508187733414,99.9444598722577,23.3261826803658,0,0,1,49,refinement
49,1,0.0555401277422938,0.0555401277422938,0,-0.372173002560658,-27.730696286229,-8.40508187733414,99.9444598722577,23.3261826803658,0,0,1,50,refinement
49,2,0,0,0,-7.98289489905389,-27.730696286229,-10.2189618797943,100,23.3261826803658,0.0217793749319395,1,1,51,refinement
49,3,0,0,0,-10.570475092159,-27.936924628179,-13.7478697312993,100,23.3092469233375,0.081672655994773,1,1,52,refinement
49,4,0,0,0,-10.570475092159,-28.4168905321084,-14.0044236131156,100,23.2753754092808,0.174453469988551,1,1,53,refinement
49,5,0,0,0,-10.570475092159,-28.8665418535132,-14.0044236131156,100,23.2076323811674,0.288938559668538,1,1,54,refinement
49,6,0,0,0,-10.570475092159,-29.001802112097,-15.6608409260161,100,23.1794061194535,0.425230333097094,1,1,55,refinement
49,7,0,0,0,-10.570475092159,-29.0726676755175,-15.7326232547632,100,23.1455346053969,0.539715422777081,1,1,56,refinement
49,8,0,0,0,-10.570475092159,-29.4420449797037,-15.7326232547632,100,23.0495653155696,0.70871722182849,1,1,57,refinement
49,9,0,0,0,-10.570475092159,-29.8251954371966,-15.7326232547632,100,22.9931127921418,0.806847298697051,1,1,58,refinement
50,0,0.0555401277422938,0.0555401277422938,0,-0.372173002560658,-27.730696286229,-8.40508187733414,99.9444598722577,24.1616800270972,0,0,1,50,refinement
50,1,0.0555401277422938,0.0555401277422938,0,-0.372173002560658,-27.730696286229,-8.40508187733414,99.9444598722577,24.1616800270972,0,0,1,51,refinement
50,2,0,0,0,-7.98289489905389,-27.730696286229,-10.2189618797943,100,24.1616800270972,0.0217793749319395,1,1,52,refinement
50,3,0,0,0,-10.570475092159,-27.936924628179,-13.7478697312993,100,24.1447442700689,0.081672655994773,1,1,53,refinement
50,4,0,0,0,-10.570475092159,-28.4168905321084,-14.0044236131156,100,24.1108727560122,0.174453469988551,1,1,54,refinement
50,5,0,0,0,-10.570475092159,-28.8665418535132,-14.0044236131156,100,24.0431297278988,0.288938559668538,1,1,55,refinement
50,6,0,0,0,-10.570475092159,-29.001802112097,-15.6608409260161,100,24.0149034661849,0.425230333097094,1,1,56,refinement
50,7,0,0,0,-10.570475092159,-29.0726676755175,-15.7326232547632,100,23.9810319521283,0.539715422777081,1,1,57,refinement
50,8,0,0,0,-10.570475092159,-29.4420449797037,-15.7326232547632,100,23.885062662301,0.70871722182849,1,1,58,refinement
50,9,0,0,0,-10.570475092159,-29.8251954371966,-15.7326232547632,100,23.8286101388732,0.806847298697051,1,1,59,refinement
51,0,0.0555401277422938,0.0555401277422938,0,-0.372173002560658,-27.730696286229,-8.40508187733414,99.9444598722577,24.9971773738286,0,0,1,51,refinement
51,1,0.0555401277422938,0.0555401277422938,0,-0.372173002560658,-27.730696286229,-8.40508187733414,99.9444598722577,24.9971773738286,0,0,1,52,refinement
51,2,0,0,0,-7.98289489905389,-27.730696286229,-10.2189618797943,100,24.9971773738286,0.0217793749319395,1,1,53,refinement
51,3,0,0,0,-10.570475092159,-27.936924628179,-13.7478697312993,100,24.9802416168003,0.081672655994773,1,1,54,refinement
51,4,0,0,0,-10.570475092159,-28.4168905321084,-14.0044236131156,100,24.9463701027436,0.174453469988551,1,1,55,refinement
51,5,0,0,0,-10.570475092159,-28.8665418535132,-14.0044236131156,100,24.8786270746302,0.288938559668538,1,1,56,refinement
51,6,0,0,0,-10.570475092159,-29.001802112097,-15.6608409260161,100,24.8504008129163,0.425230333097094,1,1,57,refinement
51,7,0,0,0,-10.570475092159,-29.0726676755175,-15.7326232547632,100,24.8165292988597,0.539715422777081,1,1,58,refinement
51,8,0,0,0,-10.570475092159,-29.4420449797037,-15.7326232547632,100,24.7205600090324,0.70871722182849,1,1,59,refinement
51,9,0,0,0,-10.570475092159,-29.8251954371966,-15.7326232547632,100,24.6641074856046,0.806847298697051,1,1,60,refinement
52,0,0.0555401277422938,0.0555401277422938,0,-0.372173002560658,-27.730696286229,-8.40508187733414,99.9444598722577,25.9399345150728,0,0,1,52,refinement
52,1,0.0555401277422938,0.0555401277422938,0,-0.372173002560658,-27.730696286229,-8.40508187733414,99.9444598722577,25.9399345150728,0,0,1,53,refinement
52,2,0,0,0,-7.98289489905389,-27.730696286229,-10.2189618797943,100,25.9399345150728,0.0217793749319395,1,1,54,refinement
52,3,0,0,0,-10.570475092159,-27.936924628179,-13.7478697312993,100,25.9229987580445,0.081672655994773,1,1,55,refinement
52,4,0,0,0,-10.570475092159,-28.4168905321084,-14.0044236131156,100,25.8891272439878,0.174453469988551,1,1,56,refinement
52,5,0,0,0,-10.570475092159,-28.8665418535132,-14.0044236131156,100,25.8213842158744,0.288938559668538,1,1,57,refinement
52,6,0,0,0,-10.570475092159,-29.001802112097,-15.6608409260161,100,25.7931579541606,0.425230333097094,1,1,58,refinement
52,7,0,0,0,-10.570475092159,-29.0726676755175,-15.7326232547632,100,25.7592864401039,0.539715422777081,1,1,59,refinement
52,8,0,0,0,-10.570475092159,-29.4420449797037,-15.7326232547632,100,25.6633171502766,0.70871722182849,1,1,60,refinement
52,9,0,0,0,-10.570475092159,-29.8251954371966,-15.7326232547632,100,25.6068646268488,0.806847298697051,1,1,61,refinement
142.036693120764,0,0.0555401277422938,0.0555401277422938,0,-0.372173002560658,-28.6295596698491,-8.40508187733414,99.9444598722577,100,0,0,1,142.036693120764,refinement
142.036693120764,1,0.0555401277422938,0.0555401277422938,0,-0.372173002560658,-28.6295596698491,-8.40508187733414,99.9444598722577,100,0,0,1,143.036693120764,refinement
142.036693120764,2,0,0,0,-7.98289489905389,-28.6295596698491,-10.2189618797943,100,100,0.0217793749319395,1,1,144.036693120764,refinement
142.036693120764,3,0,0,0,-12.3396105506122,-28.8066019866609,-14.4319092448266,100,99.9830642429717,0.081672655994773,1,1,145.036693120764,refinement
142.036693120764,4,0,0,0,-13.7415919478395,-29.1553118071559,-14.9698643382744,100,99.949192728915,0.174453469988551,1,1,146.036693120764,refinement
142.036693120764,5,0,0,0,-13.7415919478395,-29.5987048575484,-15.0926851805533,100,99.8814497008016,0.288938559668538,1,1,147.036693120764,refinement
142.036693120764,6,0,0,0,-14.0857303609017,-29.8251954371966,-15.9270300604622,100,99.8532234390877,0.425230333097094,1,1,148.036693120764,refinement
142.036693120764,7,0,0,0,-14.9284567791444,-30.0457548819502,-16.990677023847,100,99.819351925031,0.539715422777081,1,1,149.036693120764,refinement
142.036693120764,8,0,0,0,-16.6021060545499,-30.6512642516848,-17.7866343600029,100,99.7233826352038,0.70871722182849,1,1,150.036693120764,refinement
142.036693120764,9,0,0,0,-17.5493884044012,-31.2375892190323,-18.0301604878994,100,99.666930111776,0.806847298697051,1,1,151.036693120764,refinement
142.036693120764,142.036693120764,0,0,0,-2948.41956873937,-2948.41956873937,-2948.41956873937,100,0,100,1,1,284.073386241528,refinement
36.5,0,0.111080255484588,0.111080255484588,0.0694251596778673,7.77299100864575,-27.5518283276017,-2.168176200232,99.8889197445154,12.8203680704527,0,0,0,36.5,final
36.5,0.5,0.111080255484588,0.111080255484588,0.0694251596778673,7.77299100864575,-27.5518283276017,-2.168176200232,99.8889197445154,12.8203680704527,0,0,0,37,final
36.5,1,0.111080255484588,0.111080255484588,0.0694251596778673,7.77299100864575,-27.5518283276017,-2.168176200232,99.8889197445154,12.8203680704527,0,0,0,37.5,final
36.5,1.5,0.111080255484588,0.111080255484588,0.0416550958067204,7.77299100864575,-27.5518283276017,-2.168176200232,99.8889197445154,12.8203680704527,0.0217793749319395,0,0,38,final
36.5,2,0.111080255484588,0.111080255484588,0.0416550958067204,7.77299100864575,-27.5518283276017,-2.168176200232,99.8889197445154,12.8203680704527,0.0217793749319395,0,0,38.5,final
36.5,2.5,0.111080255484588,0.111080255484588,0.0416550958067204,7.77299100864575,-27.6380982360417,-2.168176200232,99.8889197445154,12.8203680704527,0.0490035935968638,0,0,39,final
36.5,3,0.111080255484588,0.111080255484588,0.0416550958067204,7.77299100864575,-27.6663178927497,-2.168176200232,99.8889197445154,12.8034323134244,0.081672655994773,0,0,39.5,final
36.5,3.5,0.111080255484588,0.111080255484588,0.0416550958067204,7.77299100864575,-27.8504005051534,-2.168176200232,99.8889197445154,12.7977870610816,0.119936760617129,0,0,40,final
37,0,0.111080255484588,0.111080255484588,0.0694251596778673,7.77299100864575,-27.5518283276017,-2.168176200232,99.8889197445154,13.5147341086147,0,0,0,37,final
37,0.5,0.111080255484588,0.111080255484588,0.0694251596778673,7.77299100864575,-27.5518283276017,-2.168176200232,99.8889197445154,13.5147341086147,0,0,0,37.5,final
37,1,0.111080255484588,0.111080255484588,0.0694251596778673,7.77299100864575,-27.5518283276017,-2.168176200232,99.8889197445154,13.5147341086147,0,0,0,38,final
37,1.5,0.111080255484588,0.111080255484588,0.0416550958067204,7.77299100864575,-27.5518283276017,-2.168176200232,99.8889197445154,13.5147341086147,0.0217793749319395,0,0,38.5,final
37,2,0.111080255484588,0.111080255484588,0.0416550958067204,7.77299100864575,-27.5518283276017,-2.168176200232,99.8889197445154,13.5147341086147,0.0217793749319395,0,0,39,final
37,2.5,0.111080255484588,0.111080255484588,0.0416550958067204,7.77299100864575,-27.6380982360417,-2.168176200232,99.8889197445154,13.5147341086147,0.0490035935968638,0,0,39.5,final
37,3,0.111080255484588,0.111080255484588,0.0416550958067204,7.77299100864575,-27.6663178927497,-2.168176200232,99.8889197445154,13.4977983515863,0.081672655994773,0,0,40,final
37,3.5,0.111080255484588,0.111080255484588,0.0416550958067204,7.77299100864575,-27.8504005051534,-2.168176200232,99.8889197445154,13.4921530992435,0.119936760617129,0,0,40.5,final
37.5,0,0.0833101916134407,0.0833101916134407,0.0694251596778673,7.43469791838749,-27.5745424499276,-7.07280002369766,99.9166898083866,14.0849045952354,0,0,1,37.5,final
37.5,0.5,0.0833101916134407,0.0833101916134407,0.0694251596778673,7.43469791838749,-27.5745424499276,-7.07280002369766,99.9166898083866,14.0849045952354,0,0,1,38,final
37.5,1,0.0833101916134407,0.0833101916134407,0.0694251596778673,7.43469791838749,-27.5745424499276,-7.07280002369766,99.9166898083866,14.0849045952354,0,0,1,38.5,final
37.5,1.5,0.0833101916134407,0.0833101916134407,0.0416550958067204,7.43469791838749,-27.5745424499276,-7.07280002369766,99.9166898083866,14.0849045952354,0.0217793749319395,0,1,39,final
37.5,2,0.0833101916134407,0.0833101916134407,0.0416550958067204,7.43469791838749,-27.5745424499276,-7.07280002369766,99.9166898083866,14.0849045952354,0.0217793749319395,0,1,39.5,final
37.5,2.5,0.0833101916134407,0.0833101916134407,0.0416550958067204,7.43469791838749,-27.6463313584097,-7.07280002369766,99.9166898083866,14.0849045952354,0.0490035935968638,0,1,40,final
37.5,3,0.0833101916134407,0.0833101916134407,0.0416550958067204,7.43469791838749,-27.6855785954496,-7.07280002369766,99.9166898083866,14.0679688382071,0.081672655994773,0,1,40.5,final
37.5,3.5,0.0833101916134407,0.0833101916134407,0.0416550958067204,7.43469791838749,-27.8504005051534,-7.07280002369766,99.9166898083866,14.0623235858643,0.119936760617129,0,1,41,final
38,0,0.0833101916134407,0.0833101916134407,0.0694251596778673,7.43469791838749,-27.5745424499276,-7.07280002369766,99.9166898083866,14.5252342779722,0,0,1,38,final
38,0.5,0.0833101916134407,0.0833101916134407,0.0694251596778673,7.43469791838749,-27.5745424499276,-7.07280002369766,99.9166898083866,14.5252342779722,0,0,1,38.5,final
38,1,0.0833101916134407,0.0833101916134407,0.0694251596778673,7.43469791838749,-27.5745424499276,-7.07280002369766,99.9166898083866,14.5252342779722,0,0,1,39,final
38,1.5,0.0833101916134407,0.0833101916134407,0.0416550958067204,7.43469791838749,-27.5745424499276,-7.07280002369766,99.9166898083866,14.5252342779722,0.0217793749319395,0,1,39.5,final
38,2,0.0833101916134407,0.0833101916134407,0.0416550958067204,7.43469791838749,-27.5745424499276,-7.07280002369766,99.9166898083866,14.5252342779722,0.0217793749319395,0,1,40,final
38,2.5,0.0833101916134407,0.0833101916134407,0.0416550958067204,7.43469791838749,-27.6463313584097,-7.07280002369766,99.9166898083866,14.5252342779722,0.0490035935968638,0,1,40.5,final
38,3,0.0833101916134407,0.0833101916134407,0.0416550958067204,7.43469791838749,-27.6855785954496,-7.07280002369766,99.9166898083866,14.5082985209439,0.081672655994773,0,1,41,final
38,3.5,0.0833101916134407,0.0833101916134407,0.0416550958067204,7.43469791838749,-27.8504005051534,-7.07280002369766,99.9166898083866,14.5026532686011,0.119936760617129,0,1,41.5,final
38.5,0,0.0833101916134407,0.0833101916134407,0.0694251596778673,7.43469791838749,-27.5745424499276,-7.07280002369766,99.9166898083866,14.9542734560235,0,0,1,38.5,final
38.5,0.5,0.0833101916134407,0.0833101916134407,0.0694251596778673,7.43469791838749,-27.5745424499276,-7.07280002369766,99.9166898083866,14.9542734560235,0,0,1,39,final
38.5,1,0.0833101916134407,0.0833101916134407,0.0694251596778673,7.43469791838749,-27.5745424499276,-7.07280002369766,99.9166898083866,14.9542734560235,0,0,1,39.5,final
38.5,1.5,0.0833101916134407,0.0833101916134407,0.0416550958067204,7.43469791838749,-27.5745424499276,-7.07280002369766,99.9166898083866,14.9542734560235,0.0217793749319395,0,1,40,final
38.5,2,0.0833101916134407,0.0833101916134407,0.0416550958067204,7.43469791838749,-27.5745424499276,-7.07280002369766,99.9166898083866,14.9542734560235,0.0217793749319395,0,1,40.5,final
38.5,2.5,0.0833101916134407,0.0833101916134407,0.0416550958067204,7.43469791838749,-27.6463313584097,-7.07280002369766,99.9166898083866,14.9542734560235,0.0490035935968638,0,1,41,final
38.5,3,0.0833101916134407,0.0833101916134407,0.0416550958067204,7.43469791838749,-27.6855785954496,-7.07280002369766,99.9166898083866,14.9373376989951,0.081672655994773,0,1,41.5,final
38.5,3.5,0.0833101916134407,0.0833101916134407,0.0416550958067204,7.43469791838749,-27.8504005051534,-7.07280002369766,99.9166898083866,14.9316924466524,0.119936760617129,0,1,42,final
39,0,0.0833101916134407,0.0833101916134407,0.0555401277422938,5.82155629240643,-27.5745424499276,-7.07280002369766,99.9166898083866,15.5187986903015,0,0,1,39,final
39,0.5,0.0833101916134407,0.0833101916134407,0.0555401277422938,5.82155629240643,-27.5745424499276,-7.07280002369766,99.9166898083866,15.5187986903015,0,0,1,39.5,final
39,1,0.0833101916134407,0.0833101916134407,0.0555401277422938,5.82155629240643,-27.5745424499276,-7.07280002369766,99.9166898083866,15.5187986903015,0,0,1,40,final
39,1.5,0.0833101916134407,0.0833101916134407,0.0277700638711469,5.82155629240643,-27.5745424499276,-7.07280002369766,99.9166898083866,15.5187986903015,0.0217793749319395,0,1,40.5,final
39,2,0.0833101916134407,0.0833101916134407,0.0277700638711469,5.82155629240643,-27.5745424499276,-7.07280002369766,99.9166898083866,15.5187986903015,0.0217793749319395,0,1,41,final
39,2.5,0.0833101916134407,0.0833101916134407,0.0277700638711469,5.82155629240643,-27.6463313584097,-7.07280002369766,99.9166898083866,15.5187986903015,0.0490035935968638,0,1,41.5,final
39,3,0.0833101916134407,0.0833101916134407,0.0277700638711469,5.82155629240643,-27.6855785954496,-7.07280002369766,99.9166898083866,15.5018629332731,0.081672655994773,0,1,42,final
39,3.5,0.0833101916134407,0.0833101916134407,0.0277700638711469,5.82155629240643,-27.8504005051534,-7.07280002369766,99.9166898083866,15.4962176809303,0.119936760617129,0,1,42.5,final
39.5,0,0.0833101916134407,0.0833101916134407,0.0555401277422938,5.82155629240643,-27.618568442991,-7.07280002369766,99.9166898083866,15.992999887095,0,0,1,39.5,final
39.5,0.5,0.0833101916134407,0.0833101916134407,0.0555401277422938,5.82155629240643,-27.618568442991,-7.07280002369766,99.9166898083866,15.992999887095,0,0,1,40,final
39.5,1,0.0833101916134407,0.0833101916134407,0.0555401277422938,5.82155629240643,-27.618568442991,-7.07280002369766,99.9166898083866,15.992999887095,0,0,1,40.5,final
39.5,1.5,0.0833101916134407,0.0833101916134407,0.0277700638711469,5.82155629240643,-27.618568442991,-7.07280002369766,99.9166898083866,15.992999887095,0.0217793749319395,0,1,41,final
39.5,2,0.0833101916134407,0.0833101916134407,0.0277700638711469,5.82155629240643,-27.618568442991,-7.07280002369766,99.9166898083866,15.992999887095,0.0217793749319395,0,1,41.5,final
39.5,2.5,0.0833101916134407,0.0833101916134407,0.0277700638711469,5.82155629240643,-27.6855785954496,-7.07280002369766,99.9166898083866,15.992999887095,0.0490035935968638,0,1,42,final
39.5,3,0.0833101916134407,0.0833101916134407,0.0277700638711469,5.82155629240643,-27.730696286229,-7.07280002369766,99.9166898083866,15.9760641300666,0.081672655994773,0,1,42.5,final
39.5,3.5,0.0833101916134407,0.0833101916134407,0.0277700638711469,5.82155629240643,-27.9293534981839,-7.07280002369766,99.9166898083866,15.9704188777238,0.119936760617129,0,1,43,final
41.5,0,0.0555401277422938,0.0555401277422938,0.0277700638711469,0.659828906988864,-27.6463313584097,-8.40508187733414,99.9444598722577,17.4607654962177,0,0,1,41.5,final
41.5,0.5,0.0555401277422938,0.0555401277422938,0.0277700638711469,0.659828906988864,-27.6463313584097,-8.40508187733414,99.9444598722577,17.4607654962177,0,0,1,42,final
41.5,1,0.0555401277422938,0.0555401277422938,0.0277700638711469,0.659828906988864,-27.6463313584097,-8.40508187733414,99.9444598722577,17.4607654962177,0,0,1,42.5,final
41.5,1.5,0.0555401277422938,0.0555401277422938,0,0.659828906988864,-27.6463313584097,-10.2189618797943,99.9444598722577,17.4607654962177,0.0217793749319395,0,1,43,final
41.5,2,0.0555401277422938,0.0555401277422938,0,0.659828906988864,-27.6463313584097,-10.2189618797943,99.9444598722577,17.4607654962177,0.0217793749319395,0,1,43.5,final
41.5,2.5,0.0555401277422938,0.0555401277422938,0,0.659828906988864,-27.730696286229,-10.3891548924131,99.9444598722577,17.4607654962177,0.0490035935968638,0,1,44,final
41.5,3,0.0555401277422938,0.0555401277422938,0,0.659828906988864,-27.8221175147305,-10.3891548924131,99.9444598722577,17.4438297391893,0.081672655994773,0,1,44.5,final
41.5,3.5,0.0555401277422938,0.0555401277422938,0,0.659828906988864,-27.9984057053539,-10.3891548924131,99.9444598722577,17.4381844868466,0.119936760617129,0,1,45,final
42,0,0.0555401277422938,0.0555401277422938,0.0138850319355735,-0.372173002560658,-27.6663178927497,-8.40508187733414,99.9444598722577,17.8841594219262,0,0,1,42,final
42,0.5,0.0555401277422938,0.0555401277422938,0.0138850319355735,-0.372173002560658,-27.6663178927497,-8.40508187733414,99.9444598722577,17.8841594219262,0,0,1,42.5,final
42,1,0.0555401277422938,0.0555401277422938,0.0138850319355735,-0.372173002560658,-27.6663178927497,-8.40508187733414,99.9444598722577,17.8841594219262,0,0,1,43,final
42,1.5,0.0277700638711469,0.0277700638711469,0,-2.87721086526733,-27.6663178927497,-10.2189618797943,99.9722299361289,17.8841594219262,0.0217793749319395,0,1,43.5,final
42,2,0.0277700638711469,0.0277700638711469,0,-2.87721086526733,-27.6663178927497,-10.2189618797943,99.9722299361289,17.8841594219262,0.0217793749319395,0,1,44,final
42,2.5,0.0277700638711469,0.0277700638711469,0,-2.87721086526733,-27.7814825369902,-10.9272909801574,99.9722299361289,17.8841594219262,0.0490035935968638,0,1,44.5,final
42,3,0.0277700638711469,0.0277700638711469,0,-2.87721086526733,-27.8504005051534,-10.9272909801574,99.9722299361289,17.8672236648978,0.081672655994773,0,1,45,final
42,3.5,0.0277700638711469,0.0277700638711469,0,-2.87721086526733,-28.0008232576059,-10.9272909801574,99.9722299361289,17.861578412555,0.119936760617129,0,1,45.5,final
42.5,0,0.0555401277422938,0.0555401277422938,0.0138850319355735,-0.372173002560658,-27.6663178927497,-8.40508187733414,99.9444598722577,18.2906175906063,0,0,1,42.5,final
42.5,0.5,0.0555401277422938,0.0555401277422938,0.0138850319355735,-0.372173002560658,-27.6663178927497,-8.40508187733414,99.9444598722577,18.2906175906063,0,0,1,43,final
42.5,1,0.0555401277422938,0.0555401277422938,0.0138850319355735,-0.372173002560658,-27.6663178927497,-8.40508187733414,99.9444598722577,18.2906175906063,0,0,1,43.5,final
42.5,1.5,0.0277700638711469,0.0277700638711469,0,-2.87721086526733,-27.6663178927497,-10.2189618797943,99.9722299361289,18.2906175906063,0.0217793749319395,0,1,44,final
42.5,2,0.0277700638711469,0.0277700638711469,0,-2.87721086526733,-27.6663178927497,-10.2189618797943,99.9722299361289,18.2906175906063,0.0217793749319395,0,1,44.5,final
42.5,2.5,0.0277700638711469,0.0277700638711469,0,-2.87721086526733,-27.7814825369902,-10.9272909801574,99.9722299361289,18.2906175906063,0.0490035935968638,0,1,45,final
42.5,3,0.0277700638711469,0.0277700638711469,0,-2.87721086526733,-27.8504005051534,-10.9272909801574,99.9722299361289,18.273681833578,0.081672655994773,0,1,45.5,final
42.5,3.5,0.0277700638711469,0.0277700638711469,0,-2.87721086526733,-28.0008232576059,-10.9272909801574,99.9722299361289,18.2680365812352,0.119936760617129,0,1,46,final
43,0,0.0555401277422938,0.0555401277422938,0,-0.372173002560658,-27.6855785954496,-8.40508187733414,99.9444598722577,18.5841707124308,0,0,1,43,final
43,0.5,0.0555401277422938,0.0555401277422938,0,-0.372173002560658,-27.6855785954496,-8.40508187733414,99.9444598722577,18.5841707124308,0,0,1,43.5,final
43,1,0.0555401277422938,0.0555401277422938,0,-0.372173002560658,-27.6855785954496,-8.40508187733414,99.9444598722577,18.5841707124308,0,0,1,44,final
43,1.5,0,0,0,-6.70250592808807,-27.6855785954496,-10.2189618797943,100,18.5841707124308,0.0217793749319395,1,1,44.5,final
43,2,0,0,0,-6.70250592808807,-27.6855785954496,-10.2189618797943,100,18.5841707124308,0.0217793749319395,1,1,45,final
43,2.5,0,0,0,-6.70250592808807,-27.8221175147305,-12.3980592321533,100,18.5841707124308,0.0490035935968638,1,1,45.5,final
43,3,0,0,0,-6.70250592808807,-27.8829419110756,-13.7478697312993,100,18.5672349554025,0.081672655994773,1,1,46,final
43,3.5,0,0,0,-6.70250592808807,-28.0203852103249,-13.8197565480931,100,18.5615897030597,0.119936760617129,1,1,46.5,final
43.5,0,0.0555401277422938,0.0555401277422938,0,-0.372173002560658,-27.705265848907,-8.40508187733414,99.9444598722577,18.8607880772271,0,0,1,43.5,final
43.5,0.5,0.0555401277422938,0.0555401277422938,0,-0.372173002560658,-27.705265848907,-8.40508187733414,99.9444598722577,18.8607880772271,0,0,1,44,final
43.5,1,0.0555401277422938,0.0555401277422938,0,-0.372173002560658,-27.705265848907,-8.40508187733414,99.9444598722577,18.8607880772271,0,0,1,44.5,final
43.5,1.5,0,0,0,-7.98289489905389,-27.705265848907,-10.2189618797943,100,18.8607880772271,0.0217793749319395,1,1,45,final
43.5,2,0,0,0,-7.98289489905389,-27.705265848907,-10.2189618797943,100,18.8607880772271,0.0217793749319395,1,1,45.5,final
43.5,2.5,0,0,0,-9.64275954578031,-27.8504005051534,-12.3980592321533,100,18.8607880772271,0.0490035935968638,1,1,46,final
43.5,3,0,0,0,-10.3687841024528,-27.9046673243636,-13.7478697312993,100,18.8438523201987,0.081672655994773,1,1,46.5,final
43.5,3.5,0,0,0,-10.3687841024528,-28.0203852103249,-13.8197565480931,100,18.8382070678559,0.119936760617129,1,1,47,final
44,0,0.0555401277422938,0.0555401277422938,0,-0.372173002560658,-27.705265848907,-8.40508187733414,99.9444598722577,19.222084227165,0,0,1,44,final
44,0.5,0.0555401277422938,0.0555401277422938,0,-0.372173002560658,-27.705265848907,-8.40508187733414,99.9444598722577,19.222084227165,0,0,1,44.5,final
44,1,0.0555401277422938,0.0555401277422938,0,-0.372173002560658,-27.705265848907,-8.40508187733414,99.9444598722577,19.222084227165,0,0,1,45,final
44,1.5,0,0,0,-7.98289489905389,-27.705265848907,-10.2189618797943,100,19.222084227165,0.0217793749319395,1,1,45.5,final
44,2,0,0,0,-7.98289489905389,-27.705265848907,-10.2189618797943,100,19.222084227165,0.0217793749319395,1,1,46,final
44,2.5,0,0,0,-9.64275954578031,-27.8504005051534,-12.3980592321533,100,19.222084227165,0.0490035935968638,1,1,46.5,final
44,3,0,0,0,-10.3687841024528,-27.9046673243636,-13.7478697312993,100,19.2051484701366,0.081672655994773,1,1,47,final
44,3.5,0,0,0,-10.3687841024528,-28.0203852103249,-13.8197565480931,100,19.1995032177938,0.119936760617129,1,1,47.5,final
44.5,0,0.0555401277422938,0.0555401277422938,0,-0.372173002560658,-27.730696286229,-8.40508187733414,99.9444598722577,19.6285423958451,0,0,1,44.5,final
44.5,0.5,0.0555401277422938,0.0555401277422938,0,-0.372173002560658,-27.730696286229,-8.40508187733414,99.9444598722577,19.6285423958451,0,0,1,45,final
44.5,1,0.0555401277422938,0.0555401277422938,0,-0.372173002560658,-27.730696286229,-8.40508187733414,99.9444598722577,19.6285423958451,0,0,1,45.5,final
44.5,1.5,0,0,0,-7.98289489905389,-27.730696286229,-10.2189618797943,100,19.6285423958451,0.0217793749319395,1,1,46,final
44.5,2,0,0,0,-7.98289489905389,-27.730696286229,-10.2189618797943,100,19.6285423958451,0.0217793749319395,1,1,46.5,final
44.5,2.5,0,0,0,-9.64275954578031,-27.8829419110756,-12.3980592321533,100,19.6285423958451,0.0490035935968638,1,1,47,final
44.5,3,0,0,0,-10.570475092159,-27.936924628179,-13.7478697312993,100,19.6116066388168,0.081672655994773,1,1,47.5,final
44.5,3.5,0,0,0,-10.570475092159,-28.0322635196001,-13.8197565480931,100,19.605961386474,0.119936760617129,1,1,48,final
142.036693120764,0,0.0555401277422938,0.0555401277422938,0,-0.372173002560658,-28.6295596698491,-8.40508187733414,99.9444598722577,100,0,0,1,142.036693120764,final
142.036693120764,0.5,0.0555401277422938,0.0555401277422938,0,-0.372173002560658,-28.6295596698491,-8.40508187733414,99.9444598722577,100,0,0,1,142.536693120764,final
142.036693120764,1,0.0555401277422938,0.0555401277422938,0,-0.372173002560658,-28.6295596698491,-8.40508187733414,99.9444598722577,100,0,0,1,143.036693120764,final
142.036693120764,1.5,0,0,0,-7.98289489905389,-28.6295596698491,-10.2189618797943,100,100,0.0217793749319395,1,1,143.536693120764,final
142.036693120764,2,0,0,0,-7.98289489905389,-28.6295596698491,-10.2189618797943,100,100,0.0217793749319395,1,1,144.036693120764,final
142.036693120764,2.5,0,0,0,-9.64275954578031,-28.6407840067933,-12.4443039658594,100,100,0.0490035935968638,1,1,144.536693120764,final
142.036693120764,3,0,0,0,-12.3396105506122,-28.8066019866609,-14.4319092448266,100,99.9830642429717,0.081672655994773,1,1,145.036693120764,final
142.036693120764,3.5,0,0,0,-12.3396105506122,-29.0521894720192,-14.9020625764322,100,99.9774189906289,0.119936760617129,1,1,145.536693120764,final
142.036693120764,142.036693120764,0,0,0,-2948.41956873937,-2948.41956873937,-2948.41956873937,100,0,100,1,1,284.073386241528,final
