OuterAngleDeg,InnerAngleDeg,WorstExceedancePercent,RobustExceedancePercent,MedianExceedancePercent,MaximumIOverNDb,P95IOverNDb,PracticalPercentileIOverNDb,RobustAvailabilityPercent,RetaskDutyPercent,ShutdownDutyPercent,Feasible,PracticalFeasible,Score,SearchStage
0,0,1.91613440710914,1.91613440710914,1.72174396001111,30.496562207681,-16.2004461954027,26.5700433558274,98.0838655928909,0,0,0,0,0,coarse
0.5,0,1.91613440710914,1.91613440710914,1.72174396001111,30.496562207681,-16.2004461954027,26.5700433558274,98.0838655928909,0,0,0,0,0.5,coarse
0.5,0.5,1.91613440710914,1.91613440710914,1.72174396001111,30.496562207681,-16.2004461954027,26.5700433558274,98.0838655928909,0,0,0,0,1,coarse
1,0,1.91613440710914,1.91613440710914,1.72174396001111,30.496562207681,-16.2004461954027,26.5700433558274,98.0838655928909,0.016857720836143,0,0,0,1,coarse
1,0.5,1.91613440710914,1.91613440710914,1.72174396001111,30.496562207681,-16.2004461954027,26.5700433558274,98.0838655928909,0.016857720836143,0,0,0,1.5,coarse
1,1,1.86059427936684,1.86059427936684,1.72174396001111,30.496562207681,-16.2004461954027,26.5700433558274,98.1394057206332,0,0.016857720836143,0,0,2,coarse
2,0,1.91613440710914,1.91613440710914,1.72174396001111,30.496562207681,-16.2004461954027,26.5700433558274,98.0838655928909,0.0291273447512525,0,0,0,2,coarse
2,0.5,1.91613440710914,1.91613440710914,1.72174396001111,30.496562207681,-16.2004461954027,26.5700433558274,98.0838655928909,0.0291273447512525,0,0,0,2.5,coarse
2,1,1.86059427936684,1.86059427936684,1.72174396001111,30.496562207681,-16.2004461954027,26.5700433558274,98.1394057206332,0.0291273447512525,0.016857720836143,0,0,3,coarse
2,2,1.8328242154957,1.8328242154957,1.72174396001111,30.496562207681,-16.2004461954027,26.5700433558274,98.1671757845043,0,0.0291273447512525,0,0,4,coarse
3,0,1.86059427936684,1.86059427936684,1.70785892807553,30.496562207681,-16.2004461954027,25.1957024383601,98.1394057206332,0.151462192706513,0,0,0,3,coarse
3,0.5,1.86059427936684,1.86059427936684,1.70785892807553,30.496562207681,-16.2004461954027,25.1957024383601,98.1394057206332,0.151462192706513,0,0,0,3.5,coarse
3,1,1.80505415162455,1.80505415162455,1.70785892807553,30.496562207681,-16.2004461954027,25.1957024383601,98.1949458483755,0.151462192706513,0.016857720836143,0,0,4,coarse
3,2,1.7772840877534,1.7772840877534,1.70785892807553,30.496562207681,-16.2004461954027,25.1957024383601,98.2227159122466,0.12233484795526,0.0291273447512525,0,0,5,coarse
3,3,1.66620383226881,1.66620383226881,1.48569841710636,30.496562207681,-16.4873393715722,25.1957024383601,98.3337961677312,0,0.151462192706513,0,0,6,coarse
5,0,1.80505415162455,1.80505415162455,1.65231880033324,29.253051949507,-16.2004461954027,22.44319927058,98.1949458483755,0.359631377837716,0,0,0,5,coarse
5,0.5,1.80505415162455,1.80505415162455,1.65231880033324,29.253051949507,-16.2004461954027,22.44319927058,98.1949458483755,0.359631377837716,0,0,0,5.5,coarse
5,1,1.74951402388225,1.74951402388225,1.65231880033324,29.253051949507,-16.2004461954027,22.44319927058,98.2504859761177,0.342773657001573,0.016857720836143,0,0,6,coarse
5,2,1.72174396001111,1.72174396001111,1.65231880033324,29.253051949507,-16.2004461954027,22.44319927058,98.2782560399889,0.331535176444145,0.0291273447512525,0,0,7,coarse
5,3,1.55512357678423,1.55512357678423,1.45792835323521,29.253051949507,-16.4873393715722,22.44319927058,98.4448764232158,0.222612770943175,0.151462192706513,0,0,8,coarse
5,5,1.3051930019439,1.3051930019439,1.06914745903916,29.253051949507,-17.9503195083201,22.44319927058,98.6948069980561,0,0.359631377837716,0,0,10,coarse
10,0,1.58289364065537,1.58289364065537,1.41627325742849,29.253051949507,-16.2004461954027,19.6137932375048,98.4171063593446,0.884592852958407,0,0,0,10,coarse
10,0.5,1.58289364065537,1.58289364065537,1.41627325742849,29.253051949507,-16.2004461954027,19.6137932375048,98.4171063593446,0.884592852958407,0,0,0,10.5,coarse
10,1,1.52735351291308,1.52735351291308,1.41627325742849,29.253051949507,-16.2004461954027,19.6137932375048,98.4726464870869,0.884592852958407,0.016857720836143,0,0,11,coarse
10,2,1.49958344904193,1.49958344904193,1.41627325742849,29.253051949507,-16.2004461954027,19.6137932375048,98.5004165509581,0.872876391329818,0.0291273447512525,0,0,12,coarse
10,3,1.33296306581505,1.33296306581505,1.22188281033046,29.253051949507,-16.4873393715722,19.6137932375048,98.6670369341849,0.796719390743995,0.151462192706513,0,0,13,coarse
10,5,1.13857261871702,1.13857261871702,0.80533185226326,29.253051949507,-17.9503195083201,19.6137932375048,98.861427381283,0.57410661980082,0.359631377837716,0,0,15,coarse
10,10,0.833101916134407,0.833101916134407,0.388780894196057,29.253051949507,-19.3964535035462,19.6137932375048,99.1668980838656,0,0.884592852958407,0,0,20,coarse
15,0,1.41627325742849,1.41627325742849,1.19411274645932,13.0332200619116,-16.2004461954027,9.79955317533609,98.5837267425715,1.93405569148316,0,0,0,15,coarse
15,0.5,1.41627325742849,1.41627325742849,1.19411274645932,13.0332200619116,-16.2004461954027,9.79955317533609,98.5837267425715,1.93405569148316,0,0,0,15.5,coarse
15,1,1.3607331296862,1.3607331296862,1.19411274645932,13.0332200619116,-16.2004461954027,9.63360484206561,98.6392668703138,1.93405569148316,0.016857720836143,0,0,16,coarse
15,2,1.33296306581505,1.33296306581505,1.19411274645932,13.0332200619116,-16.2004461954027,9.63360484206561,98.6670369341849,1.90492834673191,0.0291273447512525,0,0,17,coarse
15,3,1.08303249097473,1.08303249097473,1.04137739516801,13.0332200619116,-16.4873393715722,9.11698847571065,98.9169675090253,1.78259349877665,0.151462192706513,0,0,18,coarse
15,5,0.888642043876701,0.888642043876701,0.624826437100805,13.0332200619116,-17.9503195083201,7.69847855073391,99.1113579561233,1.64278224397064,0.359631377837716,0,0,20,coarse
15,10,0.583171341294085,0.583171341294085,0.222160510969175,13.0332200619116,-19.3964535035462,6.68637035821258,99.4168286587059,1.13596644529885,0.884592852958407,0,0,25,coarse
15,15,0.222160510969175,0.222160510969175,0.0555401277422938,13.0332200619116,-21.3702745502895,6.68637035821258,99.7778394890308,0,1.93405569148316,0,0,30,coarse
20,0,1.44404332129964,1.44404332129964,1.08303249097473,11.7510793804706,-16.2521485104567,9.79955317533609,98.5559566787004,3.71082372130957,0,0,0,20,coarse
20,0.5,1.44404332129964,1.44404332129964,1.08303249097473,11.7510793804706,-16.2521485104567,9.79955317533609,98.5559566787004,3.71082372130957,0,0,0,20.5,coarse
20,1,1.38850319355735,1.38850319355735,1.08303249097473,11.0680907692383,-16.2521485104567,9.63360484206561,98.6114968064427,3.71082372130957,0.016857720836143,0,0,21,coarse
20,2,1.3607331296862,1.3607331296862,1.08303249097473,11.0680907692383,-16.2521485104567,9.63360484206561,98.6392668703138,3.68169637655831,0.0291273447512525,0,0,22,coarse
20,3,1.05526242710358,1.05526242710358,0.958067203554568,10.7360962896489,-16.5655919594625,8.73643248948064,98.9447375728964,3.55936152860305,0.151462192706513,0,0,23,coarse
20,5,0.666481532907526,0.666481532907526,0.638711469036379,7.77587634729164,-18.1006952149473,2.96978342658924,99.3335184670925,3.41955027379704,0.359631377837716,0,0,25,coarse
20,10,0.36101083032491,0.36101083032491,0.236045542904749,-1.37117152967573,-19.4742307038693,-2.42364161209598,99.6389891696751,3.03159173754557,0.884592852958407,0,0,30,coarse
20,15,0.111080255484588,0.111080255484588,0.0138850319355735,-2.18197106461571,-21.3702745502895,-6.17550936126464,99.8889197445154,1.99878493317132,1.93405569148316,0,0,35,coarse
20,20,0.111080255484588,0.111080255484588,0,-2.18197106461571,-23.9320106894054,-6.17550936126464,99.8889197445154,0,3.71082372130957,0,0,40,coarse
25,0,1.44404332129964,1.44404332129964,1.08303249097473,11.7510793804706,-16.2103800915737,9.79955317533609,98.5559566787004,5.84447144592953,0,0,0,25,coarse
25,0.5,1.44404332129964,1.44404332129964,1.08303249097473,11.7510793804706,-16.2103800915737,9.79955317533609,98.5559566787004,5.84447144592953,0,0,0,25.5,coarse
25,1,1.38850319355735,1.38850319355735,1.08303249097473,11.0680907692383,-16.2103800915737,9.63360484206561,98.6114968064427,5.84447144592953,0.016857720836143,0,0,26,coarse
25,2,1.3607331296862,1.3607331296862,1.08303249097473,11.0680907692383,-16.2103800915737,9.63360484206561,98.6392668703138,5.84447144592953,0.0291273447512525,0,0,27,coarse
25,3,1.05526242710358,1.05526242710358,0.958067203554568,10.7360962896489,-16.5655919594625,8.73643248948064,98.9447375728964,5.78371810449575,0.151462192706513,0,0,28,coarse
25,5,0.666481532907526,0.666481532907526,0.638711469036379,7.77587634729164,-18.0949935966257,2.96978342658924,99.3335184670925,5.6318347509113,0.359631377837716,0,0,30,coarse
25,10,0.36101083032491,0.36101083032491,0.236045542904749,-1.37117152967573,-19.4742307038693,-2.42364161209598,99.6389891696751,5.29769137302552,0.884592852958407,0,0,35,coarse
25,15,0.111080255484588,0.111080255484588,0.0138850319355735,-2.18197106461571,-21.3702745502895,-6.17550936126464,99.8889197445154,4.26488456865128,1.93405569148316,0,0,40,coarse
25,20,0.111080255484588,0.111080255484588,0,-2.18197106461571,-23.9320106894054,-6.17550936126464,99.8889197445154,2.52489748096075,3.71082372130957,0,0,45,coarse
25,25,0.111080255484588,0.111080255484588,0,-2.18197106461571,-25.6234228293716,-6.17550936126464,99.8889197445154,0,5.84447144592953,0,0,50,coarse
30,0,1.44404332129964,1.44404332129964,1.08303249097473,11.7510793804706,-16.2103800915737,9.79955317533609,98.5559566787004,10.7594167679222,0,0,0,30,coarse
30,0.5,1.44404332129964,1.44404332129964,1.08303249097473,11.7510793804706,-16.2103800915737,9.79955317533609,98.5559566787004,10.7594167679222,0,0,0,30.5,coarse
30,1,1.38850319355735,1.38850319355735,1.08303249097473,11.0680907692383,-16.2103800915737,9.63360484206561,98.6114968064427,10.7594167679222,0.016857720836143,0,0,31,coarse
30,2,1.3607331296862,1.3607331296862,1.08303249097473,11.0680907692383,-16.2103800915737,9.63360484206561,98.6392668703138,10.7594167679222,0.0291273447512525,0,0,32,coarse
30,3,1.05526242710358,1.05526242710358,0.958067203554568,10.7360962896489,-16.5655919594625,8.73643248948064,98.9447375728964,10.6986634264885,0.151462192706513,0,0,33,coarse
30,5,0.666481532907526,0.666481532907526,0.638711469036379,7.77587634729164,-18.0949935966257,2.96978342658924,99.3335184670925,10.546780072904,0.359631377837716,0,0,35,coarse
30,10,0.36101083032491,0.36101083032491,0.236045542904749,-1.37117152967573,-19.4742307038693,-2.42364161209598,99.6389891696751,10.2126366950182,0.884592852958407,0,0,40,coarse
30,15,0.111080255484588,0.111080255484588,0.0138850319355735,-2.18197106461571,-21.3702745502895,-6.17550936126464,99.8889197445154,9.17982989064399,1.93405569148316,0,0,45,coarse
30,20,0.111080255484588,0.111080255484588,0,-2.18197106461571,-23.9320106894054,-6.17550936126464,99.8889197445154,7.18104495747266,3.71082372130957,0,0,50,coarse
30,25,0.111080255484588,0.111080255484588,0,-2.18197106461571,-25.6234228293716,-6.17550936126464,99.8889197445154,4.91494532199271,5.84447144592953,0,0,55,coarse
30,30,0.111080255484588,0.111080255484588,0,-2.2049489913297,-28.0717182161309,-6.23487872358294,99.8889197445154,0,10.7594167679222,0,0,60,coarse
35,0,1.44404332129964,1.44404332129964,1.08303249097473,11.7510793804706,-16.2103800915737,9.79955317533609,98.5559566787004,17.1445929526124,0,0,0,35,coarse
35,0.5,1.44404332129964,1.44404332129964,1.08303249097473,11.7510793804706,-16.2103800915737,9.79955317533609,98.5559566787004,17.1445929526124,0,0,0,35.5,coarse
35,1,1.38850319355735,1.38850319355735,1.08303249097473,11.0680907692383,-16.2103800915737,9.63360484206561,98.6114968064427,17.1445929526124,0.016857720836143,0,0,36,coarse
35,2,1.3607331296862,1.3607331296862,1.08303249097473,11.0680907692383,-16.2103800915737,9.63360484206561,98.6392668703138,17.1445929526124,0.0291273447512525,0,0,37,coarse
35,3,1.05526242710358,1.05526242710358,0.958067203554568,10.7360962896489,-16.5655919594625,8.73643248948064,98.9447375728964,17.0838396111786,0.151462192706513,0,0,38,coarse
35,5,0.666481532907526,0.666481532907526,0.638711469036379,7.77587634729164,-18.0949935966257,2.96978342658924,99.3335184670925,16.9319562575942,0.359631377837716,0,0,40,coarse
35,10,0.36101083032491,0.36101083032491,0.236045542904749,-1.37117152967573,-19.4742307038693,-2.42364161209598,99.6389891696751,16.5978128797084,0.884592852958407,0,0,45,coarse
35,15,0.111080255484588,0.111080255484588,0.0138850319355735,-2.18197106461571,-21.3702745502895,-6.17550936126464,99.8889197445154,15.5650060753341,1.93405569148316,0,0,50,coarse
35,20,0.111080255484588,0.111080255484588,0,-2.18197106461571,-23.9320106894054,-6.17550936126464,99.8889197445154,13.5817037536525,3.71082372130957,0,0,55,coarse
35,25,0.111080255484588,0.111080255484588,0,-2.18197106461571,-25.6234228293716,-6.17550936126464,99.8889197445154,11.4576309282985,5.84447144592953,0,0,60,coarse
35,30,0.111080255484588,0.111080255484588,0,-2.2049489913297,-28.0717182161309,-6.23487872358294,99.8889197445154,6.69813441222747,10.7594167679222,0,0,65,coarse
35,35,0.111080255484588,0.111080255484588,0,-2.2049489913297,-31.0384784348778,-6.24136195743831,99.8889197445154,0,17.1445929526124,0,0,70,coarse
40,0,1.44404332129964,1.44404332129964,1.08303249097473,11.7510793804706,-16.2103800915737,9.79955317533609,98.5559566787004,23.8031591737546,0,0,0,40,coarse
40,0.5,1.44404332129964,1.44404332129964,1.08303249097473,11.7510793804706,-16.2103800915737,9.79955317533609,98.5559566787004,23.8031591737546,0,0,0,40.5,coarse
40,1,1.38850319355735,1.38850319355735,1.08303249097473,11.0680907692383,-16.2103800915737,9.63360484206561,98.6114968064427,23.8031591737546,0.016857720836143,0,0,41,coarse
40,2,1.3607331296862,1.3607331296862,1.08303249097473,11.0680907692383,-16.2103800915737,9.63360484206561,98.6392668703138,23.8031591737546,0.0291273447512525,0,0,42,coarse
40,3,1.05526242710358,1.05526242710358,0.958067203554568,10.7360962896489,-16.5655919594625,8.73643248948064,98.9447375728964,23.7424058323208,0.151462192706513,0,0,43,coarse
40,5,0.666481532907526,0.666481532907526,0.638711469036379,7.77587634729164,-18.0949935966257,2.96978342658924,99.3335184670925,23.5905224787363,0.359631377837716,0,0,45,coarse
40,10,0.36101083032491,0.36101083032491,0.236045542904749,-1.37117152967573,-19.4742307038693,-2.42364161209598,99.6389891696751,23.2563791008505,0.884592852958407,0,0,50,coarse
40,15,0.111080255484588,0.111080255484588,0.0138850319355735,-2.18197106461571,-21.3953492114151,-6.17550936126464,99.8889197445154,22.2235722964763,1.93405569148316,0,0,55,coarse
40,20,0.111080255484588,0.111080255484588,0,-2.18197106461571,-23.9320106894054,-6.17550936126464,99.8889197445154,20.224787363305,3.71082372130957,0,0,60,coarse
40,25,0.111080255484588,0.111080255484588,0,-2.18197106461571,-25.6234228293716,-6.17550936126464,99.8889197445154,17.958687727825,5.84447144592953,0,0,65,coarse
40,30,0.111080255484588,0.111080255484588,0,-2.2049489913297,-28.0717182161309,-6.23487872358294,99.8889197445154,13.0437424058323,10.7594167679222,0,0,70,coarse
40,35,0.111080255484588,0.111080255484588,0,-2.2049489913297,-31.0384784348778,-6.24136195743831,99.8889197445154,6.65856622114216,17.1445929526124,0,0,75,coarse
40,40,0.111080255484588,0.111080255484588,0,-2.20534676588798,-35.4708225143838,-6.2423402072344,99.8889197445154,0,23.8031591737546,0,0,80,coarse
45,0,1.44404332129964,1.44404332129964,1.08303249097473,11.7510793804706,-16.2103800915737,9.79955317533609,98.5559566787004,29.1555285540705,0,0,0,45,coarse
45,0.5,1.44404332129964,1.44404332129964,1.08303249097473,11.7510793804706,-16.2103800915737,9.79955317533609,98.5559566787004,29.1555285540705,0,0,0,45.5,coarse
45,1,1.38850319355735,1.38850319355735,1.08303249097473,11.0680907692383,-16.2103800915737,9.63360484206561,98.6114968064427,29.1555285540705,0.016857720836143,0,0,46,coarse
45,2,1.3607331296862,1.3607331296862,1.08303249097473,11.0680907692383,-16.2103800915737,9.63360484206561,98.6392668703138,29.1555285540705,0.0291273447512525,0,0,47,coarse
45,3,1.05526242710358,1.05526242710358,0.958067203554568,10.7360962896489,-16.5655919594625,8.73643248948064,98.9447375728964,29.0947752126367,0.151462192706513,0,0,48,coarse
45,5,0.666481532907526,0.666481532907526,0.638711469036379,7.77587634729164,-18.0949935966257,2.96978342658924,99.3335184670925,28.9428918590522,0.359631377837716,0,0,50,coarse
45,10,0.36101083032491,0.36101083032491,0.236045542904749,-1.37117152967573,-19.4742307038693,-2.42364161209598,99.6389891696751,28.6087484811665,0.884592852958407,0,0,55,coarse
45,15,0.111080255484588,0.111080255484588,0.0138850319355735,-2.18197106461571,-21.3953492114151,-6.17550936126464,99.8889197445154,27.5759416767922,1.93405569148316,0,0,60,coarse
45,20,0.111080255484588,0.111080255484588,0,-2.18197106461571,-23.9320106894054,-6.17550936126464,99.8889197445154,25.5771567436209,3.71082372130957,0,0,65,coarse
45,25,0.111080255484588,0.111080255484588,0,-2.18197106461571,-25.6234228293716,-6.17550936126464,99.8889197445154,23.3110571081409,5.84447144592953,0,0,70,coarse
45,30,0.111080255484588,0.111080255484588,0,-2.2049489913297,-28.0717182161309,-6.23487872358294,99.8889197445154,18.3961117861482,10.7594167679222,0,0,75,coarse
45,35,0.111080255484588,0.111080255484588,0,-2.2049489913297,-31.0384784348778,-6.24136195743831,99.8889197445154,12.0109356014581,17.1445929526124,0,0,80,coarse
45,40,0.111080255484588,0.111080255484588,0,-2.20534676588798,-35.4708225143838,-6.2423402072344,99.8889197445154,5.35236938031592,23.8031591737546,0,0,85,coarse
45,45,0.111080255484588,0.111080255484588,0,-2.20628714753602,-41.8320854822897,-6.24471179017892,99.8889197445154,0,29.1555285540705,0,0,90,coarse
50,0,1.44404332129964,1.44404332129964,1.08303249097473,11.7510793804706,-16.2103800915737,9.79955317533609,98.5559566787004,33.6391251518834,0,0,0,50,coarse
50,0.5,1.44404332129964,1.44404332129964,1.08303249097473,11.7510793804706,-16.2103800915737,9.79955317533609,98.5559566787004,33.6391251518834,0,0,0,50.5,coarse
50,1,1.38850319355735,1.38850319355735,1.08303249097473,11.0680907692383,-16.2103800915737,9.63360484206561,98.6114968064427,33.6391251518834,0.016857720836143,0,0,51,coarse
50,2,1.3607331296862,1.3607331296862,1.08303249097473,11.0680907692383,-16.2103800915737,9.63360484206561,98.6392668703138,33.6391251518834,0.0291273447512525,0,0,52,coarse
50,3,1.05526242710358,1.05526242710358,0.958067203554568,10.7360962896489,-16.5655919594625,8.73643248948064,98.9447375728964,33.5783718104496,0.151462192706513,0,0,53,coarse
50,5,0.666481532907526,0.666481532907526,0.638711469036379,7.77587634729164,-18.0949935966257,2.96978342658924,99.3335184670925,33.4264884568651,0.359631377837716,0,0,55,coarse
50,10,0.36101083032491,0.36101083032491,0.236045542904749,-1.37117152967573,-19.4742307038693,-2.42364161209598,99.6389891696751,33.0923450789793,0.884592852958407,0,0,60,coarse
50,15,0.111080255484588,0.111080255484588,0.0138850319355735,-2.18197106461571,-21.3953492114151,-6.17550936126464,99.8889197445154,32.0595382746051,1.93405569148316,0,0,65,coarse
50,20,0.111080255484588,0.111080255484588,0,-2.18197106461571,-23.9320106894054,-6.17550936126464,99.8889197445154,30.0607533414338,3.71082372130957,0,0,70,coarse
50,25,0.111080255484588,0.111080255484588,0,-2.18197106461571,-25.6234228293716,-6.17550936126464,99.8889197445154,27.7946537059538,5.84447144592953,0,0,75,coarse
50,30,0.111080255484588,0.111080255484588,0,-2.2049489913297,-28.0717182161309,-6.23487872358294,99.8889197445154,22.993931220499,10.7594167679222,0,0,80,coarse
50,35,0.111080255484588,0.111080255484588,0,-2.2049489913297,-31.0604363092899,-6.24136195743831,99.8889197445154,16.494532199271,17.1445929526124,0,0,85,coarse
50,40,0.111080255484588,0.111080255484588,0,-2.20534676588798,-35.5008856959262,-6.2423402072344,99.8889197445154,10.5641717239829,23.8031591737546,0,0,90,coarse
50,45,0.111080255484588,0.111080255484588,0,-2.20628714753602,-41.8757695645694,-6.24471179017892,99.8889197445154,5.63609799955046,29.1555285540705,0,0,95,coarse
50,50,0.111080255484588,0.111080255484588,0,-2.20628714753602,-45.1994385986514,-6.24471179017892,99.8889197445154,0,33.6391251518834,0,0,100,coarse
55,0,1.44404332129964,1.44404332129964,1.08303249097473,11.7510793804706,-16.2103800915737,9.79955317533609,98.5559566787004,38.4693189480782,0,0,0,55,coarse
55,0.5,1.44404332129964,1.44404332129964,1.08303249097473,11.7510793804706,-16.2103800915737,9.79955317533609,98.5559566787004,38.4693189480782,0,0,0,55.5,coarse
55,1,1.38850319355735,1.38850319355735,1.08303249097473,11.0680907692383,-16.2103800915737,9.63360484206561,98.6114968064427,38.4524612272421,0.016857720836143,0,0,56,coarse
55,2,1.3607331296862,1.3607331296862,1.08303249097473,11.0680907692383,-16.2103800915737,9.63360484206561,98.6392668703138,38.4412227466847,0.0291273447512525,0,0,57,coarse
55,3,1.05526242710358,1.05526242710358,0.958067203554568,10.7360962896489,-16.5655919594625,8.73643248948064,98.9447375728964,38.3232187008316,0.151462192706513,0,0,58,coarse
55,5,0.666481532907526,0.666481532907526,0.638711469036379,7.77587634729164,-18.0949935966257,2.96978342658924,99.3335184670925,38.1096875702405,0.359631377837716,0,0,60,coarse
55,10,0.36101083032491,0.36101083032491,0.236045542904749,-1.37117152967573,-19.4847548530674,-2.42364161209598,99.6389891696751,37.7837716340751,0.884592852958407,0,0,65,coarse
55,15,0.111080255484588,0.111080255484588,0.0138850319355735,-2.18197106461571,-21.3953492114151,-6.17550936126464,99.8889197445154,36.8285007866936,1.93405569148316,0,0,70,coarse
55,20,0.111080255484588,0.111080255484588,0,-2.18197106461571,-23.9401153385617,-6.17550936126464,99.8889197445154,35.5304562823106,3.71082372130957,0,0,75,coarse
55,25,0.111080255484588,0.111080255484588,0,-2.18197106461571,-25.6518729992033,-6.17550936126464,99.8889197445154,33.4063834569566,5.84447144592953,0,0,80,coarse
55,30,0.111080255484588,0.111080255484588,0,-2.2049489913297,-28.1129515675498,-6.23487872358294,99.8889197445154,28.6468869408856,10.7594167679222,0,0,85,coarse
55,35,0.111080255484588,0.111080255484588,0,-2.2049489913297,-31.1256998902571,-6.24136195743831,99.8889197445154,21.9487525286581,17.1445929526124,0,0,90,coarse
55,40,0.111080255484588,0.111080255484588,0,-2.20534676588798,-35.5369270216362,-6.2423402072344,99.8889197445154,16.2171274443695,23.8031591737546,0,0,95,coarse
55,45,0.111080255484588,0.111080255484588,0,-2.20628714753602,-41.8955974739764,-6.24471179017892,99.8889197445154,11.2890537199371,29.1555285540705,0,0,100,coarse
55,50,0.111080255484588,0.111080255484588,0,-2.20628714753602,-45.3339954752418,-6.24471179017892,99.8889197445154,5.6529557203866,33.6391251518834,0,0,105,coarse
55,55,0.111080255484588,0.111080255484588,0,-2.20628714753602,-45.4947256957673,-6.24471179017892,99.8889197445154,0,38.4693189480782,0,0,110,coarse
60,0,1.44404332129964,1.44404332129964,1.08303249097473,11.7510793804706,-16.2103800915737,9.79955317533609,98.5559566787004,43.4142503933468,0,0,0,60,coarse
60,0.5,1.44404332129964,1.44404332129964,1.08303249097473,11.7510793804706,-16.2103800915737,9.79955317533609,98.5559566787004,43.4142503933468,0,0,0,60.5,coarse
60,1,1.38850319355735,1.38850319355735,1.08303249097473,11.0680907692383,-16.2103800915737,9.63360484206561,98.6114968064427,43.3973926725107,0.016857720836143,0,0,61,coarse
60,2,1.3607331296862,1.3607331296862,1.08303249097473,11.0680907692383,-16.2103800915737,9.63360484206561,98.6392668703138,43.3861541919532,0.0291273447512525,0,0,62,coarse
60,3,1.05526242710358,1.05526242710358,0.958067203554568,10.7360962896489,-16.5655919594625,8.73643248948064,98.9447375728964,43.2681501461002,0.151462192706513,0,0,63,coarse
60,5,0.666481532907526,0.666481532907526,0.638711469036379,7.77587634729164,-18.0949935966257,2.96978342658924,99.3335184670925,43.0546190155091,0.359631377837716,0,0,65,coarse
60,10,0.36101083032491,0.36101083032491,0.236045542904749,-1.37117152967573,-19.4847548530674,-2.42364161209598,99.6389891696751,42.7287030793437,0.884592852958407,0,0,70,coarse
60,15,0.111080255484588,0.111080255484588,0.0138850319355735,-2.18197106461571,-21.4213892400489,-6.17550936126464,99.8889197445154,41.7734322319622,1.93405569148316,0,0,75,coarse
60,20,0.111080255484588,0.111080255484588,0,-2.18197106461571,-23.9481246048998,-6.17550936126464,99.8889197445154,40.4753877275792,3.71082372130957,0,0,80,coarse
60,25,0.111080255484588,0.111080255484588,0,-2.18197106461571,-25.7034453429617,-6.17550936126464,99.8889197445154,38.3513149022252,5.84447144592953,0,0,85,coarse
60,30,0.111080255484588,0.111080255484588,0,-2.2049489913297,-28.1409686041688,-6.23487872358294,99.8889197445154,33.5918183861542,10.7594167679222,0,0,90,coarse
60,35,0.111080255484588,0.111080255484588,0,-2.2049489913297,-31.274133305266,-6.24136195743831,99.8889197445154,26.8936839739267,17.1445929526124,0,0,95,coarse
60,40,0.111080255484588,0.111080255484588,0,-2.20534676588798,-35.5369270216362,-6.2423402072344,99.8889197445154,21.1620588896381,23.8031591737546,0,0,100,coarse
60,45,0.111080255484588,0.111080255484588,0,-2.20628714753602,-41.8955974739764,-6.24471179017892,99.8889197445154,16.2339851652057,29.1555285540705,0,0,105,coarse
60,50,0.111080255484588,0.111080255484588,0,-2.20628714753602,-45.4061947925141,-6.24471179017892,99.8889197445154,10.5978871656552,33.6391251518834,0,0,110,coarse
60,55,0.111080255484588,0.111080255484588,0,-2.20628714753602,-45.5795979942272,-6.24471179017892,99.8889197445154,5.09666080843585,38.4693189480782,0,0,115,coarse
60,60,0.111080255484588,0.111080255484588,0,-2.20628714753602,-46.2316284268534,-6.24471179017892,99.8889197445154,0,43.4142503933468,0,0,120,coarse
65,0,1.44404332129964,1.44404332129964,1.08303249097473,11.7510793804706,-16.2103800915737,9.79955317533609,98.5559566787004,48.7637671386829,0,0,0,65,coarse
65,0.5,1.44404332129964,1.44404332129964,1.08303249097473,11.7510793804706,-16.2103800915737,9.79955317533609,98.5559566787004,48.7637671386829,0,0,0,65.5,coarse
65,1,1.38850319355735,1.38850319355735,1.08303249097473,11.0680907692383,-16.2103800915737,9.63360484206561,98.6114968064427,48.7469094178467,0.016857720836143,0,0,66,coarse
65,2,1.3607331296862,1.3607331296862,1.08303249097473,11.0680907692383,-16.2103800915737,9.63360484206561,98.6392668703138,48.7356709372893,0.0291273447512525,0,0,67,coarse
65,3,1.05526242710358,1.05526242710358,0.958067203554568,10.7360962896489,-16.5655919594625,8.73643248948064,98.9447375728964,48.6176668914363,0.151462192706513,0,0,68,coarse
65,5,0.666481532907526,0.666481532907526,0.638711469036379,7.77587634729164,-18.1006952149473,2.96978342658924,99.3335184670925,48.4041357608451,0.359631377837716,0,0,70,coarse
65,10,0.36101083032491,0.36101083032491,0.236045542904749,-1.37117152967573,-19.4847548530674,-2.42364161209598,99.6389891696751,48.0782198246797,0.884592852958407,0,0,75,coarse
65,15,0.111080255484588,0.111080255484588,0.0138850319355735,-2.18197106461571,-21.488974290499,-6.17550936126464,99.8889197445154,47.1229489772983,1.93405569148316,0,0,80,coarse
65,20,0.111080255484588,0.111080255484588,0,-2.18197106461571,-23.9481246048998,-6.17550936126464,99.8889197445154,45.8249044729153,3.71082372130957,0,0,85,coarse
65,25,0.111080255484588,0.111080255484588,0,-2.18197106461571,-25.7603598084488,-6.17550936126464,99.8889197445154,43.7008316475613,5.84447144592953,0,0,90,coarse
65,30,0.111080255484588,0.111080255484588,0,-2.2049489913297,-28.1696227045782,-6.23487872358294,99.8889197445154,38.9413351314902,10.7594167679222,0,0,95,coarse
65,35,0.111080255484588,0.111080255484588,0,-2.2049489913297,-31.2946947591753,-6.24136195743831,99.8889197445154,32.2432007192628,17.1445929526124,0,0,100,coarse
65,40,0.111080255484588,0.111080255484588,0,-2.20534676588798,-35.5579908129356,-6.2423402072344,99.8889197445154,26.5115756349742,23.8031591737546,0,0,105,coarse
65,45,0.111080255484588,0.111080255484588,0,-2.20628714753602,-41.913258724582,-6.24471179017892,99.8889197445154,21.5835019105417,29.1555285540705,0,0,110,coarse
65,50,0.111080255484588,0.111080255484588,0,-2.20628714753602,-45.4061947925141,-6.24471179017892,99.8889197445154,15.9474039109912,33.6391251518834,0,0,115,coarse
65,55,0.111080255484588,0.111080255484588,0,-2.20628714753602,-45.5795979942272,-6.24471179017892,99.8889197445154,10.2944481906046,38.4693189480782,0,0,120,coarse
65,60,0.111080255484588,0.111080255484588,0,-2.20628714753602,-46.2316284268534,-6.24471179017892,99.8889197445154,5.34951674533603,43.4142503933468,0,0,125,coarse
65,65,0.111080255484588,0.111080255484588,0,-2.20628714753602,-46.273317783188,-6.24471179017892,99.8889197445154,0,48.7637671386829,0,0,130,coarse
70,0,1.44404332129964,1.44404332129964,1.08303249097473,11.7510793804706,-16.2844409276584,9.79955317533609,98.5559566787004,54.090806922904,0,0,0,70,coarse
70,0.5,1.44404332129964,1.44404332129964,1.08303249097473,11.7510793804706,-16.2844409276584,9.79955317533609,98.5559566787004,54.090806922904,0,0,0,70.5,coarse
70,1,1.38850319355735,1.38850319355735,1.08303249097473,11.0680907692383,-16.2844409276584,9.63360484206561,98.6114968064427,54.0739492020679,0.016857720836143,0,0,71,coarse
70,2,1.3607331296862,1.3607331296862,1.08303249097473,11.0680907692383,-16.2844409276584,9.63360484206561,98.6392668703138,54.0627107215104,0.0291273447512525,0,0,72,coarse
70,3,1.05526242710358,1.05526242710358,0.958067203554568,10.7360962896489,-16.6691310756599,8.73643248948064,98.9447375728964,53.9447066756575,0.151462192706513,0,0,73,coarse
70,5,0.666481532907526,0.666481532907526,0.638711469036379,7.77587634729164,-18.233758534645,2.96978342658924,99.3335184670925,53.7311755450663,0.359631377837716,0,0,75,coarse
70,10,0.36101083032491,0.36101083032491,0.236045542904749,-1.37117152967573,-19.4847548530674,-2.42364161209598,99.6389891696751,53.4052596089009,0.884592852958407,0,0,80,coarse
70,15,0.111080255484588,0.111080255484588,0.0138850319355735,-2.18197106461571,-21.5374186481676,-6.17550936126464,99.8889197445154,52.4499887615194,1.93405569148316,0,0,85,coarse
70,20,0.111080255484588,0.111080255484588,0,-2.18197106461571,-23.9481246048998,-6.17550936126464,99.8889197445154,51.1519442571364,3.71082372130957,0,0,90,coarse
70,25,0.111080255484588,0.111080255484588,0,-2.18197106461571,-25.7603598084488,-6.17550936126464,99.8889197445154,49.0278714317824,5.84447144592953,0,0,95,coarse
70,30,0.111080255484588,0.111080255484588,0,-2.2049489913297,-28.1696227045782,-6.23487872358294,99.8889197445154,44.2683749157114,10.7594167679222,0,0,100,coarse
70,35,0.111080255484588,0.111080255484588,0,-2.2049489913297,-31.2946947591753,-6.24136195743831,99.8889197445154,37.5702405034839,17.1445929526124,0,0,105,coarse
70,40,0.111080255484588,0.111080255484588,0,-2.20534676588798,-35.6424852790836,-6.2423402072344,99.8889197445154,31.8386154191953,23.8031591737546,0,0,110,coarse
70,45,0.111080255484588,0.111080255484588,0,-2.20628714753602,-42.0408768985465,-6.24471179017892,99.8889197445154,26.9105416947629,29.1555285540705,0,0,115,coarse
70,50,0.111080255484588,0.111080255484588,0,-2.20628714753602,-45.420449526563,-6.24471179017892,99.8889197445154,21.2744436952124,33.6391251518834,0,0,120,coarse
70,55,0.111080255484588,0.111080255484588,0,-2.20628714753602,-45.6053326538399,-6.24471179017892,99.8889197445154,15.6214879748258,38.4693189480782,0,0,125,coarse
70,60,0.111080255484588,0.111080255484588,0,-2.20628714753602,-46.2316284268534,-6.24471179017892,99.8889197445154,10.6765565295572,43.4142503933468,0,0,130,coarse
70,65,0.111080255484588,0.111080255484588,0,-2.20628714753602,-46.273317783188,-6.24471179017892,99.8889197445154,5.32703978422117,48.7637671386829,0,0,135,coarse
70,70,0.111080255484588,0.111080255484588,0,-2.20628714753602,-46.4381884744717,-6.24471179017892,99.8889197445154,0,54.090806922904,0,0,140,coarse
75,0,1.44404332129964,1.44404332129964,1.08303249097473,11.7510793804706,-16.4032559694583,9.79955317533609,98.5559566787004,57.355585524837,0,0,0,75,coarse
75,0.5,1.44404332129964,1.44404332129964,1.08303249097473,11.7510793804706,-16.4032559694583,9.79955317533609,98.5559566787004,57.355585524837,0,0,0,75.5,coarse
75,1,1.38850319355735,1.38850319355735,1.08303249097473,11.0680907692383,-16.4032559694583,9.63360484206561,98.6114968064427,57.3387278040009,0.016857720836143,0,0,76,coarse
75,2,1.3607331296862,1.3607331296862,1.08303249097473,11.0680907692383,-16.4259707293973,9.63360484206561,98.6392668703138,57.3274893234435,0.0291273447512525,0,0,77,coarse
75,3,1.05526242710358,1.05526242710358,0.958067203554568,10.7360962896489,-16.8730971450176,8.73643248948064,98.9447375728964,57.2094852775905,0.151462192706513,0,0,78,coarse
75,5,0.666481532907526,0.666481532907526,0.638711469036379,7.77587634729164,-18.2345257974449,2.96978342658924,99.3335184670925,56.9959541469993,0.359631377837716,0,0,80,coarse
75,10,0.36101083032491,0.36101083032491,0.236045542904749,-1.37117152967573,-19.4847548530674,-2.42364161209598,99.6389891696751,56.6700382108339,0.884592852958407,0,0,85,coarse
75,15,0.111080255484588,0.111080255484588,0.0138850319355735,-2.18197106461571,-21.5374186481676,-6.17550936126464,99.8889197445154,55.7147673634525,1.93405569148316,0,0,90,coarse
75,20,0.111080255484588,0.111080255484588,0,-2.18197106461571,-23.9481246048998,-6.17550936126464,99.8889197445154,54.4167228590695,3.71082372130957,0,0,95,coarse
75,25,0.111080255484588,0.111080255484588,0,-2.18197106461571,-25.7603598084488,-6.17550936126464,99.8889197445154,52.2926500337154,5.84447144592953,0,0,100,coarse
75,30,0.111080255484588,0.111080255484588,0,-2.2049489913297,-28.1696227045782,-6.23487872358294,99.8889197445154,47.5331535176444,10.7594167679222,0,0,105,coarse
75,35,0.111080255484588,0.111080255484588,0,-2.2049489913297,-31.2946947591753,-6.24136195743831,99.8889197445154,40.8350191054169,17.1445929526124,0,0,110,coarse
75,40,0.111080255484588,0.111080255484588,0,-2.20534676588798,-35.7475713138062,-6.2423402072344,99.8889197445154,35.1033940211283,23.8031591737546,0,0,115,coarse
75,45,0.111080255484588,0.111080255484588,0,-2.20628714753602,-42.2206422735577,-6.24471179017892,99.8889197445154,30.1753202966959,29.1555285540705,0,0,120,coarse
75,50,0.111080255484588,0.111080255484588,0,-2.20628714753602,-45.5131276745547,-6.24471179017892,99.8889197445154,24.5392222971454,33.6391251518834,0,0,125,coarse
75,55,0.111080255484588,0.111080255484588,0,-2.20628714753602,-45.8296801812575,-6.24471179017892,99.8889197445154,18.8862665767588,38.4693189480782,0,0,130,coarse
75,60,0.111080255484588,0.111080255484588,0,-2.20628714753602,-46.3360697222998,-6.24471179017892,99.8889197445154,13.9413351314902,43.4142503933468,0,0,135,coarse
75,65,0.111080255484588,0.111080255484588,0,-2.20628714753602,-46.361537746286,-6.24471179017892,99.8889197445154,8.59181838615419,48.7637671386829,0,0,140,coarse
75,70,0.111080255484588,0.111080255484588,0,-2.20628714753602,-46.4902086642515,-6.24471179017892,99.8889197445154,3.26477860193302,54.090806922904,0,0,145,coarse
75,75,0.111080255484588,0.111080255484588,0,-2.20628714753602,-46.8551225295885,-6.24471179017892,99.8889197445154,0,57.355585524837,0,0,150,coarse
80,0,1.44404332129964,1.44404332129964,1.08303249097473,11.7510793804706,-16.4032559694583,9.79955317533609,98.5559566787004,60.0977747808496,0,0,0,80,coarse
80,0.5,1.44404332129964,1.44404332129964,1.08303249097473,11.7510793804706,-16.4032559694583,9.79955317533609,98.5559566787004,60.0977747808496,0,0,0,80.5,coarse
80,1,1.38850319355735,1.38850319355735,1.08303249097473,11.0680907692383,-16.4032559694583,9.63360484206561,98.6114968064427,60.0809170600135,0.016857720836143,0,0,81,coarse
80,2,1.3607331296862,1.3607331296862,1.08303249097473,11.0680907692383,-16.4259707293973,9.63360484206561,98.6392668703138,60.0696785794561,0.0291273447512525,0,0,82,coarse
80,3,1.05526242710358,1.05526242710358,0.958067203554568,10.7360962896489,-16.8730971450176,8.73643248948064,98.9447375728964,59.9516745336031,0.151462192706513,0,0,83,coarse
80,5,0.666481532907526,0.666481532907526,0.638711469036379,7.77587634729164,-18.2345257974449,2.96978342658924,99.3335184670925,59.7381434030119,0.359631377837716,0,0,85,coarse
80,10,0.36101083032491,0.36101083032491,0.236045542904749,-1.37117152967573,-19.4847548530674,-2.42364161209598,99.6389891696751,59.4122274668465,0.884592852958407,0,0,90,coarse
80,15,0.111080255484588,0.111080255484588,0.0138850319355735,-2.18197106461571,-21.5374186481676,-6.17550936126464,99.8889197445154,58.456956619465,1.93405569148316,0,0,95,coarse
80,20,0.111080255484588,0.111080255484588,0,-2.18197106461571,-23.9538557666263,-6.17550936126464,99.8889197445154,57.158912115082,3.71082372130957,0,0,100,coarse
80,25,0.111080255484588,0.111080255484588,0,-2.18197106461571,-25.8258166346306,-6.17550936126464,99.8889197445154,55.034839289728,5.84447144592953,0,0,105,coarse
80,30,0.111080255484588,0.111080255484588,0,-2.2049489913297,-28.2020861559752,-6.23487872358294,99.8889197445154,50.275342773657,10.7594167679222,0,0,110,coarse
80,35,0.111080255484588,0.111080255484588,0,-2.2049489913297,-31.398946355994,-6.24136195743831,99.8889197445154,43.5772083614295,17.1445929526124,0,0,115,coarse
80,40,0.111080255484588,0.111080255484588,0,-2.20534676588798,-35.8455628919693,-6.2423402072344,99.8889197445154,37.8455832771409,23.8031591737546,0,0,120,coarse
80,45,0.111080255484588,0.111080255484588,0,-2.20628714753602,-42.3683309878312,-6.24471179017892,99.8889197445154,32.9175095527085,29.1555285540705,0,0,125,coarse
80,50,0.111080255484588,0.111080255484588,0,-2.20628714753602,-45.5618216917989,-6.24471179017892,99.8889197445154,27.281411553158,33.6391251518834,0,0,130,coarse
80,55,0.111080255484588,0.111080255484588,0,-2.20628714753602,-45.8720646292679,-6.24471179017892,99.8889197445154,21.6284558327714,38.4693189480782,0,0,135,coarse
80,60,0.111080255484588,0.111080255484588,0,-2.20628714753602,-46.361537746286,-6.24471179017892,99.8889197445154,16.6835243875028,43.4142503933468,0,0,140,coarse
80,65,0.111080255484588,0.111080255484588,0,-2.20628714753602,-46.3976697321116,-6.24471179017892,99.8889197445154,11.3340076421668,48.7637671386829,0,0,145,coarse
80,70,0.111080255484588,0.111080255484588,0,-2.20628714753602,-46.5357035093046,-6.24471179017892,99.8889197445154,6.01188395665851,54.090806922904,0,0,150,coarse
80,75,0.111080255484588,0.111080255484588,0,-2.20628714753602,-46.8797879407664,-6.24471179017892,99.8889197445154,3.11664641555286,57.355585524837,0,0,155,coarse
80,80,0.111080255484588,0.111080255484588,0,-2.20628874079674,-47.0336256650129,-6.24471683872857,99.8889197445154,0,60.0977747808496,0,0,160,coarse
85,0,1.44404332129964,1.44404332129964,1.08303249097473,11.7510793804706,-16.4032559694583,9.79955317533609,98.5559566787004,63.1546414924702,0,0,0,85,coarse
85,0.5,1.44404332129964,1.44404332129964,1.08303249097473,11.7510793804706,-16.4032559694583,9.79955317533609,98.5559566787004,63.1546414924702,0,0,0,85.5,coarse
85,1,1.38850319355735,1.38850319355735,1.08303249097473,11.0680907692383,-16.4032559694583,9.63360484206561,98.6114968064427,63.1377837716341,0.016857720836143,0,0,86,coarse
85,2,1.3607331296862,1.3607331296862,1.08303249097473,11.0680907692383,-16.4259707293973,9.63360484206561,98.6392668703138,63.1265452910766,0.0291273447512525,0,0,87,coarse
85,3,1.05526242710358,1.05526242710358,0.958067203554568,10.7360962896489,-16.8730971450176,8.73643248948064,98.9447375728964,63.0085412452236,0.151462192706513,0,0,88,coarse
85,5,0.666481532907526,0.666481532907526,0.638711469036379,7.77587634729164,-18.2345257974449,2.96978342658924,99.3335184670925,62.7950101146325,0.359631377837716,0,0,90,coarse
85,10,0.36101083032491,0.36101083032491,0.236045542904749,-1.37117152967573,-19.4847548530674,-2.42364161209598,99.6389891696751,62.4690941784671,0.884592852958407,0,0,95,coarse
85,15,0.111080255484588,0.111080255484588,0.0138850319355735,-2.18197106461571,-21.5374186481676,-6.17550936126464,99.8889197445154,61.5138233310856,1.93405569148316,0,0,100,coarse
85,20,0.111080255484588,0.111080255484588,0,-2.18197106461571,-23.9538557666263,-6.17550936126464,99.8889197445154,60.2157788267026,3.71082372130957,0,0,105,coarse
85,25,0.111080255484588,0.111080255484588,0,-2.18197106461571,-25.8258166346306,-6.17550936126464,99.8889197445154,58.0917060013486,5.84447144592953,0,0,110,coarse
85,30,0.111080255484588,0.111080255484588,0,-2.2049489913297,-28.2020861559752,-6.23487872358294,99.8889197445154,53.3322094852776,10.7594167679222,0,0,115,coarse
85,35,0.111080255484588,0.111080255484588,0,-2.2049489913297,-31.398946355994,-6.24136195743831,99.8889197445154,46.6340750730501,17.1445929526124,0,0,120,coarse
85,40,0.111080255484588,0.111080255484588,0,-2.20534676588798,-36.1265862745528,-6.2423402072344,99.8889197445154,40.9024499887615,23.8031591737546,0,0,125,coarse
85,45,0.111080255484588,0.111080255484588,0,-2.20628714753602,-42.3023252876286,-6.24471179017892,99.8889197445154,35.9743762643291,29.1555285540705,0,0,130,coarse
85,50,0.111080255484588,0.111080255484588,0,-2.20628714753602,-45.5618216917989,-6.24471179017892,99.8889197445154,30.3382782647786,33.6391251518834,0,0,135,coarse
85,55,0.111080255484588,0.111080255484588,0,-2.20628714753602,-45.8720646292679,-6.24471179017892,99.8889197445154,24.685322544392,38.4693189480782,0,0,140,coarse
85,60,0.111080255484588,0.111080255484588,0,-2.20628714753602,-46.361537746286,-6.24471179017892,99.8889197445154,19.7403910991234,43.4142503933468,0,0,145,coarse
85,65,0.111080255484588,0.111080255484588,0,-2.20628714753602,-46.3976697321116,-6.24471179017892,99.8889197445154,14.3908743537874,48.7637671386829,0,0,150,coarse
85,70,0.111080255484588,0.111080255484588,0,-2.20628714753602,-46.5357035093046,-6.24471179017892,99.8889197445154,9.9324245601771,54.090806922904,0,0,155,coarse
85,75,0.111080255484588,0.111080255484588,0,-2.20628714753602,-46.8797879407664,-6.24471179017892,99.8889197445154,6.93813351974834,57.355585524837,0,0,160,coarse
85,80,0.111080255484588,0.111080255484588,0,-2.20628874079674,-47.0336256650129,-6.24471683872857,99.8889197445154,3.92054060351858,60.0977747808496,0,0,165,coarse
85,85,0.111080255484588,0.111080255484588,0,-2.20628874079674,-47.9295654762599,-6.24471683872857,99.8889197445154,0,63.1546414924702,0,0,170,coarse
90,0,1.44404332129964,1.44404332129964,1.08303249097473,11.7510793804706,-16.4032559694583,9.79955317533609,98.5559566787004,66.5879973027647,0,0,0,90,coarse
90,0.5,1.44404332129964,1.44404332129964,1.08303249097473,11.7510793804706,-16.4032559694583,9.79955317533609,98.5559566787004,66.5879973027647,0,0,0,90.5,coarse
90,1,1.38850319355735,1.38850319355735,1.08303249097473,11.0680907692383,-16.4032559694583,9.63360484206561,98.6114968064427,66.5711395819285,0.016857720836143,0,0,91,coarse
90,2,1.3607331296862,1.3607331296862,1.08303249097473,11.0680907692383,-16.4259707293973,9.63360484206561,98.6392668703138,66.5599011013711,0.0291273447512525,0,0,92,coarse
90,3,1.05526242710358,1.05526242710358,0.958067203554568,10.7360962896489,-16.8730971450176,8.73643248948064,98.9447375728964,66.4418970555181,0.151462192706513,0,0,93,coarse
90,5,0.666481532907526,0.666481532907526,0.638711469036379,7.77587634729164,-18.2345257974449,2.96978342658924,99.3335184670925,66.2283659249269,0.359631377837716,0,0,95,coarse
90,10,0.36101083032491,0.36101083032491,0.222160510969175,-1.37117152967573,-19.4847548530674,-2.42364161209598,99.6389891696751,65.9024499887615,0.884592852958407,0,0,100,coarse
90,15,0.0277700638711469,0.0277700638711469,0,-5.86529889330706,-21.5374186481676,-9.37769964530181,99.9722299361289,64.9471791413801,1.93405569148316,0,1,105,coarse
90,20,0,0,0,-12.5280129199558,-23.9538557666263,-13.7592001260222,100,63.6491346369971,3.71082372130957,1,1,110,coarse
90,25,0,0,0,-14.2326008735488,-25.8258166346306,-15.9433428849114,100,61.5250618116431,5.84447144592953,1,1,115,coarse
90,30,0,0,0,-14.2326008735488,-28.2020861559752,-18.9057173260791,100,56.765565295572,10.7594167679222,1,1,120,coarse
90,35,0,0,0,-14.3980103699744,-31.398946355994,-22.3036896654728,100,50.0674308833446,17.1445929526124,1,1,125,coarse
90,40,0,0,0,-14.404656171915,-36.1395111923389,-23.6344688521945,100,44.335805799056,23.8031591737546,1,1,130,coarse
90,45,0,0,0,-14.4207622480793,-42.4913653970632,-23.6344688521945,100,39.4077320746235,29.1555285540705,1,1,135,coarse
90,50,0,0,0,-14.4207622480793,-45.5618216917989,-23.6344688521945,100,33.7716340750731,33.6391251518834,1,1,140,coarse
90,55,0,0,0,-14.4207622480793,-45.8720646292679,-23.6344688521945,100,28.1186783546864,38.4693189480782,1,1,145,coarse
90,60,0,0,0,-14.4207622480793,-46.361537746286,-23.6344688521945,100,23.1737469094178,43.4142503933468,1,1,150,coarse
90,65,0,0,0,-14.4207622480793,-46.3976697321116,-23.6344688521945,100,18.2045904695328,48.7637671386829,1,1,155,coarse
90,70,0,0,0,-14.4207622480793,-46.5357035093046,-23.6344688521945,100,13.8180123499942,54.090806922904,1,1,160,coarse
90,75,0,0,0,-14.4207622480793,-46.8797879407664,-23.6344688521945,100,11.0631834750911,57.355585524837,1,1,165,coarse
90,80,0,0,0,-14.4207622480793,-47.0336256650129,-23.6344688521945,100,7.94653705953827,60.0977747808496,1,1,170,coarse
90,85,0,0,0,-14.4207900698874,-47.9295654762599,-23.6344688521945,100,4.27703523693803,63.1546414924702,1,1,175,coarse
90,90,0,0,0,-14.4208345465717,-49.0214242534982,-23.6344688521945,100,0,66.5879973027647,1,1,180,coarse
95,0,1.44404332129964,1.44404332129964,1.08303249097473,11.7510793804706,-16.4032559694583,9.79955317533609,98.5559566787004,70.3641267700607,0,0,0,95,coarse
95,0.5,1.44404332129964,1.44404332129964,1.08303249097473,11.7510793804706,-16.4032559694583,9.79955317533609,98.5559566787004,70.3641267700607,0,0,0,95.5,coarse
95,1,1.38850319355735,1.38850319355735,1.08303249097473,11.0680907692383,-16.4032559694583,9.63360484206561,98.6114968064427,70.3472690492246,0.016857720836143,0,0,96,coarse
95,2,1.3607331296862,1.3607331296862,1.08303249097473,11.0680907692383,-16.4259707293973,9.63360484206561,98.6392668703138,70.3360305686671,0.0291273447512525,0,0,97,coarse
95,3,1.05526242710358,1.05526242710358,0.958067203554568,10.7360962896489,-16.8730971450176,8.73643248948064,98.9447375728964,70.2180265228141,0.151462192706513,0,0,98,coarse
95,5,0.666481532907526,0.666481532907526,0.638711469036379,7.77587634729164,-18.2345257974449,2.96978342658924,99.3335184670925,70.004495392223,0.359631377837716,0,0,100,coarse
95,10,0.36101083032491,0.36101083032491,0.222160510969175,-1.37117152967573,-19.4847548530674,-2.42364161209598,99.6389891696751,69.6785794560575,0.884592852958407,0,0,105,coarse
95,15,0.0277700638711469,0.0277700638711469,0,-5.86529889330706,-21.5374186481676,-9.37769964530181,99.9722299361289,68.7233086086761,1.93405569148316,0,1,110,coarse
95,20,0,0,0,-12.5280129199558,-23.9538557666263,-13.7592001260222,100,67.4252641042931,3.71082372130957,1,1,115,coarse
95,25,0,0,0,-15.3319865849756,-25.8389189485257,-15.9433428849114,100,65.3011912789391,5.84447144592953,1,1,120,coarse
95,30,0,0,0,-18.1494430559334,-28.2167369028669,-18.9057173260791,100,60.5416947628681,10.7594167679222,1,1,125,coarse
95,35,0,0,0,-21.0247459050809,-31.452873995767,-22.3036896654728,100,53.9263660724688,17.1445929526124,1,1,130,coarse
95,40,0,0,0,-21.9551031763137,-36.1395111923389,-24.6712531684439,100,48.111935266352,23.8031591737546,1,1,135,coarse
95,45,0,0,0,-21.9551031763137,-42.464965241111,-28.5292262455152,100,43.1838615419195,29.1555285540705,1,1,140,coarse
95,50,0,0,0,-21.9551031763137,-45.5618216917989,-28.5292262455152,100,38.2267272515437,33.6391251518834,1,1,145,coarse
95,55,0,0,0,-21.9551031763137,-45.8720646292679,-28.5292262455152,100,32.8672958173133,38.4693189480782,1,1,150,coarse
95,60,0,0,0,-21.9551031763137,-46.361537746286,-28.5292262455152,100,27.9797273680531,43.4142503933468,1,1,155,coarse
95,65,0,0,0,-21.9551031763137,-46.3976697321116,-28.5297858226006,100,23.0513806361412,48.7637671386829,1,1,160,coarse
95,70,0,0,0,-21.9551031763137,-46.5357035093046,-28.5297858226006,100,19.0765492102066,54.090806922904,1,1,165,coarse
95,75,0,0,0,-21.9551031763137,-46.8797879407664,-28.5297858226006,100,16.3791008505468,57.355585524837,1,1,170,coarse
95,80,0,0,0,-21.9551031763137,-47.0336256650129,-28.5297858226006,100,13.2624544349939,60.0977747808496,1,1,175,coarse
95,85,0,0,0,-21.9551031763137,-47.9295654762599,-28.5297858226006,100,9.59295261239368,63.1546414924702,1,1,180,coarse
95,90,0,0,0,-21.9551031763137,-49.0214242534982,-28.5297858226006,100,5.31591737545565,66.5879973027647,1,1,185,coarse
95,95,0,0,0,-21.9551031763137,-49.5469359357404,-28.5297858226006,100,0,70.3641267700607,1,1,190,coarse
100,0,1.44404332129964,1.44404332129964,1.08303249097473,11.7510793804706,-16.4032559694583,9.79955317533609,98.5559566787004,74.4324567318499,0,0,0,100,coarse
100,0.5,1.44404332129964,1.44404332129964,1.08303249097473,11.7510793804706,-16.4032559694583,9.79955317533609,98.5559566787004,74.4324567318499,0,0,0,100.5,coarse
100,1,1.38850319355735,1.38850319355735,1.08303249097473,11.0680907692383,-16.4032559694583,9.63360484206561,98.6114968064427,74.4155990110137,0.016857720836143,0,0,101,coarse
100,2,1.3607331296862,1.3607331296862,1.08303249097473,11.0680907692383,-16.4259707293973,9.63360484206561,98.6392668703138,74.4043605304563,0.0291273447512525,0,0,102,coarse
100,3,1.05526242710358,1.05526242710358,0.958067203554568,10.7360962896489,-16.8730971450176,8.73643248948064,98.9447375728964,74.2863564846033,0.151462192706513,0,0,103,coarse
100,5,0.666481532907526,0.666481532907526,0.638711469036379,7.77587634729164,-18.2345257974449,2.96978342658924,99.3335184670925,74.0728253540121,0.359631377837716,0,0,105,coarse
100,10,0.36101083032491,0.36101083032491,0.222160510969175,-1.37117152967573,-19.4847548530674,-2.42364161209598,99.6389891696751,73.7469094178467,0.884592852958407,0,0,110,coarse
100,15,0.0277700638711469,0.0277700638711469,0,-5.86529889330706,-21.5374186481676,-9.37769964530181,99.9722299361289,72.7916385704653,1.93405569148316,0,1,115,coarse
100,20,0,0,0,-12.5280129199558,-23.9538557666263,-13.7592001260222,100,71.4935940660823,3.71082372130957,1,1,120,coarse
100,25,0,0,0,-15.3319865849756,-25.8389189485257,-15.9433428849114,100,69.3695212407282,5.84447144592953,1,1,125,coarse
100,30,0,0,0,-18.1494430559334,-28.2167369028669,-18.9057173260791,100,65.4840964697658,10.7594167679222,1,1,130,coarse
100,35,0,0,0,-21.0247459050809,-31.452873995767,-22.3036896654728,100,59.8159151811721,17.1445929526124,1,1,135,coarse
100,40,0,0,0,-24.4141909706623,-36.2285197103737,-24.6712531684439,100,53.303040894792,23.8031591737546,1,1,140,coarse
100,45,0,0,0,-28.4511510388519,-42.4913653970632,-32.1188748675932,100,48.4038215076314,29.1555285540705,1,1,145,coarse
100,50,0,0,0,-33.499052077973,-45.5618216917989,-35.9020458932753,100,44.116276360247,33.6391251518834,1,1,150,coarse
100,55,0,0,0,-33.499052077973,-45.8720646292679,-35.9020458932753,100,38.7568449260165,38.4693189480782,1,1,155,coarse
100,60,0,0,0,-33.499052077973,-46.361537746286,-35.9020458932753,100,33.8692764767564,43.4142503933468,1,1,160,coarse
100,65,0,0,0,-33.499052077973,-46.3976697321116,-35.908125717025,100,28.9409297448445,48.7637671386829,1,1,165,coarse
100,70,0,0,0,-33.499052077973,-46.5357035093046,-35.908125717025,100,24.5543516253058,54.090806922904,1,1,170,coarse
100,75,0,0,0,-33.499052077973,-46.8797879407664,-35.9127010240859,100,21.6767922235723,57.355585524837,1,1,175,coarse
100,80,0,0,0,-33.499052077973,-47.0336256650129,-36.0729076085465,100,18.5601458080194,60.0977747808496,1,1,180,coarse
100,85,0,0,0,-33.499052077973,-47.9295654762599,-36.8016380244375,100,14.8906439854192,63.1546414924702,1,1,185,coarse
100,90,0,0,0,-33.499052077973,-49.0214242534982,-36.877971674121,100,10.7363392753117,66.5879973027647,1,1,190,coarse
100,95,0,0,0,-36.6687874982041,-49.5469359357404,-37.5659564284199,100,5.88954910870325,70.3641267700607,1,1,195,coarse
100,100,0,0,0,-37.3812154502825,-50.7087832030713,-37.7305358443654,100,0,74.4324567318499,1,1,200,coarse
105,0,1.44404332129964,1.44404332129964,1.08303249097473,11.7510793804706,-16.4032559694583,9.79955317533609,98.5559566787004,78.068105192178,0,0,0,105,coarse
105,0.5,1.44404332129964,1.44404332129964,1.08303249097473,11.7510793804706,-16.4032559694583,9.79955317533609,98.5559566787004,78.068105192178,0,0,0,105.5,coarse
105,1,1.38850319355735,1.38850319355735,1.08303249097473,11.0680907692383,-16.4032559694583,9.63360484206561,98.6114968064427,78.0512474713419,0.016857720836143,0,0,106,coarse
105,2,1.3607331296862,1.3607331296862,1.08303249097473,11.0680907692383,-16.4259707293973,9.63360484206561,98.6392668703138,78.0400089907844,0.0291273447512525,0,0,107,coarse
105,3,1.05526242710358,1.05526242710358,0.958067203554568,10.7360962896489,-16.8730971450176,8.73643248948064,98.9447375728964,77.9220049449314,0.151462192706513,0,0,108,coarse
105,5,0.666481532907526,0.666481532907526,0.638711469036379,7.77587634729164,-18.2345257974449,2.96978342658924,99.3335184670925,77.7084738143403,0.359631377837716,0,0,110,coarse
105,10,0.36101083032491,0.36101083032491,0.222160510969175,-1.37117152967573,-19.4847548530674,-2.42364161209598,99.6389891696751,77.3825578781749,0.884592852958407,0,0,115,coarse
105,15,0.0277700638711469,0.0277700638711469,0,-5.86529889330706,-21.5374186481676,-9.37769964530181,99.9722299361289,76.4272870307934,1.93405569148316,0,1,120,coarse
105,20,0,0,0,-12.5280129199558,-23.9538557666263,-13.7592001260222,100,75.1292425264104,3.71082372130957,1,1,125,coarse
105,25,0,0,0,-15.3319865849756,-25.8389189485257,-15.9433428849114,100,73.0051697010564,5.84447144592953,1,1,130,coarse
105,30,0,0,0,-18.1494430559334,-28.2167369028669,-18.9057173260791,100,69.1657928463241,10.7594167679222,1,1,135,coarse
105,35,0,0,0,-21.0247459050809,-31.452873995767,-22.3036896654728,100,63.4976115577304,17.1445929526124,1,1,140,coarse
105,40,0,0,0,-24.4141909706623,-36.2285197103737,-24.6712531684439,100,56.9847372713503,23.8031591737546,1,1,145,coarse
105,45,0,0,0,-28.4511510388519,-42.4913653970632,-32.1188748675932,100,52.0855178841897,29.1555285540705,1,1,150,coarse
105,50,0,0,0,-33.499052077973,-45.5618216917989,-34.5646314586775,100,47.7979727368053,33.6391251518834,1,1,155,coarse
105,55,0,0,0,-33.499052077973,-45.8720646292679,-34.5646314586775,100,42.4385413025749,38.4693189480782,1,1,160,coarse
105,60,0,0,0,-33.499052077973,-46.361537746286,-34.5733918966617,100,37.5509728533147,43.4142503933468,1,1,165,coarse
105,65,0,0,0,-33.499052077973,-46.3976697321116,-34.5733918966617,100,32.6226261214028,48.7637671386829,1,1,170,coarse
105,70,0,0,0,-33.499052077973,-46.5357035093046,-34.5733918966617,100,29.1433778857837,54.090806922904,1,1,175,coarse
105,75,0,0,0,-33.499052077973,-46.8797879407664,-34.5733918966617,100,26.4459295261239,57.355585524837,1,1,180,coarse
105,80,0,0,0,-33.499052077973,-47.0336256650129,-34.5733918966617,100,23.3292831105711,60.0977747808496,1,1,185,coarse
105,85,0,0,0,-33.499052077973,-47.9295654762599,-34.5733918966617,100,19.6597812879708,63.1546414924702,1,1,190,coarse
105,90,0,0,0,-33.499052077973,-49.0214242534982,-34.5733918966617,100,15.3827460510328,66.5879973027647,1,1,195,coarse
105,95,0,0,0,-34.2441423151821,-49.5469359357404,-34.8302573617114,100,10.0668286755772,70.3641267700607,1,1,200,coarse
105,100,0,0,0,-34.2441423151821,-50.7087832030713,-34.8302573617114,100,4.76913730255164,74.4324567318499,1,1,205,coarse
105,105,0,0,0,-40.8753362088339,-52.0225049436047,-41.3648263732289,100,0,78.068105192178,1,1,210,coarse
110,0,1.44404332129964,1.44404332129964,1.08303249097473,11.7510793804706,-16.4032559694583,9.79955317533609,98.5559566787004,82.1688942891859,0,0,0,110,coarse
110,0.5,1.44404332129964,1.44404332129964,1.08303249097473,11.7510793804706,-16.4032559694583,9.79955317533609,98.5559566787004,82.1688942891859,0,0,0,110.5,coarse
110,1,1.38850319355735,1.38850319355735,1.08303249097473,11.0680907692383,-16.4032559694583,9.63360484206561,98.6114968064427,82.1688942891859,0.016857720836143,0,0,111,coarse
110,2,1.3607331296862,1.3607331296862,1.08303249097473,11.0680907692383,-16.4259707293973,9.63360484206561,98.6392668703138,82.1688942891859,0.0291273447512525,0,0,112,coarse
110,3,1.05526242710358,1.05526242710358,0.958067203554568,10.7360962896489,-16.8730971450176,8.73643248948064,98.9447375728964,82.1081409477521,0.151462192706513,0,0,113,coarse
110,5,0.666481532907526,0.666481532907526,0.638711469036379,7.77587634729164,-18.2345257974449,2.96978342658924,99.3335184670925,81.9562575941677,0.359631377837716,0,0,115,coarse
110,10,0.36101083032491,0.36101083032491,0.222160510969175,-1.37117152967573,-19.4847548530674,-2.42364161209598,99.6389891696751,81.6221142162819,0.884592852958407,0,0,120,coarse
110,15,0.0277700638711469,0.0277700638711469,0,-5.86529889330706,-21.5374186481676,-9.37769964530181,99.9722299361289,80.5893074119077,1.93405569148316,0,1,125,coarse
110,20,0,0,0,-12.5280129199558,-23.9538557666263,-13.7592001260222,100,78.7030793436727,3.71082372130957,1,1,130,coarse
110,25,0,0,0,-15.3319865849756,-25.8389189485257,-15.9433428849114,100,76.5790065183187,5.84447144592953,1,1,135,coarse
110,30,0,0,0,-18.1494430559334,-28.2167369028669,-18.9057173260791,100,72.8824420365839,10.7594167679222,1,1,140,coarse
110,35,0,0,0,-21.0247459050809,-31.452873995767,-22.3036896654728,100,67.2142607479902,17.1445929526124,1,1,145,coarse
110,40,0,0,0,-24.4141909706623,-36.2285197103737,-24.6712531684439,100,60.7013864616102,23.8031591737546,1,1,150,coarse
110,45,0,0,0,-28.4511510388519,-42.4913653970632,-32.1188748675932,100,55.8021670744495,29.1555285540705,1,1,155,coarse
110,50,0,0,0,-33.499052077973,-45.5618216917989,-34.5646314586775,100,51.5146219270651,33.6391251518834,1,1,160,coarse
110,55,0,0,0,-33.499052077973,-45.8720646292679,-34.5646314586775,100,46.1551904928347,38.4693189480782,1,1,165,coarse
110,60,0,0,0,-33.499052077973,-46.361537746286,-34.5733918966617,100,41.2676220435745,43.4142503933468,1,1,170,coarse
110,65,0,0,0,-33.499052077973,-46.3976697321116,-34.5733918966617,100,36.3392753116626,48.7637671386829,1,1,175,coarse
110,70,0,0,0,-33.499052077973,-46.5357035093046,-34.5733918966617,100,33.4264884568651,54.090806922904,1,1,180,coarse
110,75,0,0,0,-33.499052077973,-46.8797879407664,-34.5733918966617,100,30.7290400972053,57.355585524837,1,1,185,coarse
110,80,0,0,0,-33.499052077973,-47.0336256650129,-34.5733918966617,100,27.6123936816525,60.0977747808496,1,1,190,coarse
110,85,0,0,0,-33.499052077973,-47.9295654762599,-34.5733918966617,100,23.9428918590522,63.1546414924702,1,1,195,coarse
110,90,0,0,0,-33.499052077973,-49.0214242534982,-34.5733918966617,100,19.6658566221142,66.5879973027647,1,1,200,coarse
110,95,0,0,0,-34.2441423151821,-49.5469359357404,-34.8302573617114,100,14.3499392466586,70.3641267700607,1,1,205,coarse
110,100,0,0,0,-34.2441423151821,-50.7087832030713,-34.8302573617114,100,9.05224787363305,74.4324567318499,1,1,210,coarse
110,105,0,0,0,-40.8753362088339,-52.0225049436047,-41.3648263732289,100,4.28311057108141,78.068105192178,1,1,215,coarse
110,110,0,0,0,-42.1595139348738,-53.5566897526912,-46.7898616930376,100,0,82.1688942891859,1,1,220,coarse
115,0,1.44404332129964,1.44404332129964,1.08303249097473,11.7510793804706,-16.4032559694583,9.79955317533609,98.5559566787004,86.3730255164034,0,0,0,115,coarse
115,0.5,1.44404332129964,1.44404332129964,1.08303249097473,11.7510793804706,-16.4032559694583,9.79955317533609,98.5559566787004,86.3730255164034,0,0,0,115.5,coarse
115,1,1.38850319355735,1.38850319355735,1.08303249097473,11.0680907692383,-16.4032559694583,9.63360484206561,98.6114968064427,86.3730255164034,0.016857720836143,0,0,116,coarse
115,2,1.3607331296862,1.3607331296862,1.08303249097473,11.0680907692383,-16.4259707293973,9.63360484206561,98.6392668703138,86.3730255164034,0.0291273447512525,0,0,117,coarse
115,3,1.05526242710358,1.05526242710358,0.958067203554568,10.7360962896489,-16.8730971450176,8.73643248948064,98.9447375728964,86.3122721749696,0.151462192706513,0,0,118,coarse
115,5,0.666481532907526,0.666481532907526,0.638711469036379,7.77587634729164,-18.2345257974449,2.96978342658924,99.3335184670925,86.1603888213852,0.359631377837716,0,0,120,coarse
115,10,0.36101083032491,0.36101083032491,0.222160510969175,-1.37117152967573,-19.4847548530674,-2.42364161209598,99.6389891696751,85.8262454434994,0.884592852958407,0,0,125,coarse
115,15,0.0277700638711469,0.0277700638711469,0,-5.86529889330706,-21.5374186481676,-9.37769964530181,99.9722299361289,84.7934386391252,1.93405569148316,0,1,130,coarse
115,20,0,0,0,-12.5280129199558,-23.9538557666263,-13.7592001260222,100,82.7946537059538,3.71082372130957,1,1,135,coarse
115,25,0,0,0,-15.3319865849756,-25.8389189485257,-15.9433428849114,100,80.5285540704739,5.84447144592953,1,1,140,coarse
115,30,0,0,0,-18.1494430559334,-28.2167369028669,-18.9057173260791,100,76.185482931376,10.7594167679222,1,1,145,coarse
115,35,0,0,0,-21.0247459050809,-31.452873995767,-22.3036896654728,100,70.5173016427822,17.1445929526124,1,1,150,coarse
115,40,0,0,0,-24.4141909706623,-36.2285197103737,-24.6712531684439,100,64.0044273564022,23.8031591737546,1,1,155,coarse
115,45,0,0,0,-28.4511510388519,-42.4913653970632,-32.1188748675932,100,59.1052079692415,29.1555285540705,1,1,160,coarse
115,50,0,0,0,-33.499052077973,-45.5618216917989,-34.5646314586775,100,54.8176628218572,33.6391251518834,1,1,165,coarse
115,55,0,0,0,-33.499052077973,-45.8720646292679,-34.5646314586775,100,49.4582313876267,38.4693189480782,1,1,170,coarse
115,60,0,0,0,-33.499052077973,-46.361537746286,-34.5733918966617,100,44.5706629383665,43.4142503933468,1,1,175,coarse
115,65,0,0,0,-33.499052077973,-46.3976697321116,-34.5733918966617,100,40.4860267314702,48.7637671386829,1,1,180,coarse
115,70,0,0,0,-33.499052077973,-46.5357035093046,-34.5733918966617,100,37.6306196840826,54.090806922904,1,1,185,coarse
115,75,0,0,0,-33.499052077973,-46.8797879407664,-34.5733918966617,100,34.9331713244228,57.355585524837,1,1,190,coarse
115,80,0,0,0,-33.499052077973,-47.0336256650129,-34.5733918966617,100,31.81652490887,60.0977747808496,1,1,195,coarse
115,85,0,0,0,-33.499052077973,-47.9295654762599,-34.5733918966617,100,28.1470230862697,63.1546414924702,1,1,200,coarse
115,90,0,0,0,-33.499052077973,-49.0214242534982,-34.5733918966617,100,23.8699878493317,66.5879973027647,1,1,205,coarse
115,95,0,0,0,-34.2441423151821,-49.5469359357404,-34.8302573617114,100,18.5540704738761,70.3641267700607,1,1,210,coarse
115,100,0,0,0,-34.2441423151821,-50.7087832030713,-34.8302573617114,100,13.2563791008505,74.4324567318499,1,1,215,coarse
115,105,0,0,0,-40.8753362088339,-52.0225049436047,-41.3648263732289,100,8.48724179829891,78.068105192178,1,1,220,coarse
115,110,0,0,0,-42.1595139348738,-53.5566897526912,-46.7898616930376,100,4.2041312272175,82.1688942891859,1,1,225,coarse
115,115,0,0,0,-47.104601506959,-55.572370697192,-48.6554390587536,100,0,86.3730255164034,1,1,230,coarse
120,0,1.44404332129964,1.44404332129964,1.08303249097473,11.7510793804706,-16.4032559694583,9.79955317533609,98.5559566787004,89.4228432563791,0,0,0,120,coarse
120,0.5,1.44404332129964,1.44404332129964,1.08303249097473,11.7510793804706,-16.4032559694583,9.79955317533609,98.5559566787004,89.4228432563791,0,0,0,120.5,coarse
120,1,1.38850319355735,1.38850319355735,1.08303249097473,11.0680907692383,-16.4032559694583,9.63360484206561,98.6114968064427,89.4228432563791,0.016857720836143,0,0,121,coarse
120,2,1.3607331296862,1.3607331296862,1.08303249097473,11.0680907692383,-16.4259707293973,9.63360484206561,98.6392668703138,89.4228432563791,0.0291273447512525,0,0,122,coarse
120,3,1.05526242710358,1.05526242710358,0.958067203554568,10.7360962896489,-16.8730971450176,8.73643248948064,98.9447375728964,89.3620899149453,0.151462192706513,0,0,123,coarse
120,5,0.666481532907526,0.666481532907526,0.638711469036379,7.77587634729164,-18.2345257974449,2.96978342658924,99.3335184670925,89.2102065613609,0.359631377837716,0,0,125,coarse
120,10,0.36101083032491,0.36101083032491,0.222160510969175,-1.37117152967573,-19.4847548530674,-2.42364161209598,99.6389891696751,88.8760631834751,0.884592852958407,0,0,130,coarse
120,15,0.0277700638711469,0.0277700638711469,0,-5.86529889330706,-21.5374186481676,-9.37769964530181,99.9722299361289,87.8432563791009,1.93405569148316,0,1,135,coarse
120,20,0,0,0,-12.5280129199558,-23.9538557666263,-13.7592001260222,100,85.8444714459295,3.71082372130957,1,1,140,coarse
120,25,0,0,0,-15.3319865849756,-25.8389189485257,-15.9433428849114,100,83.5783718104496,5.84447144592953,1,1,145,coarse
120,30,0,0,0,-18.1494430559334,-28.2167369028669,-18.9057173260791,100,79.4535710124665,10.7594167679222,1,1,150,coarse
120,35,0,0,0,-21.0247459050809,-31.452873995767,-22.3036896654728,100,73.7853897238728,17.1445929526124,1,1,155,coarse
120,40,0,0,0,-24.4141909706623,-36.2285197103737,-24.6712531684439,100,67.2725154374927,23.8031591737546,1,1,160,coarse
120,45,0,0,0,-28.4511510388519,-42.4913653970632,-32.1188748675932,100,62.3732960503321,29.1555285540705,1,1,165,coarse
120,50,0,0,0,-33.499052077973,-45.5618216917989,-34.5646314586775,100,58.0857509029477,33.6391251518834,1,1,170,coarse
120,55,0,0,0,-33.499052077973,-45.8720646292679,-34.5646314586775,100,52.7263194687172,38.4693189480782,1,1,175,coarse
120,60,0,0,0,-33.499052077973,-46.361537746286,-34.5733918966617,100,47.8387510194571,43.4142503933468,1,1,180,coarse
120,65,0,0,0,-33.499052077973,-46.3976697321116,-34.5733918966617,100,43.5358444714459,48.7637671386829,1,1,185,coarse
120,70,0,0,0,-33.499052077973,-46.5357035093046,-34.5733918966617,100,40.6804374240583,54.090806922904,1,1,190,coarse
120,75,0,0,0,-33.499052077973,-46.8797879407664,-34.5733918966617,100,37.9829890643985,57.355585524837,1,1,195,coarse
120,80,0,0,0,-33.499052077973,-47.0336256650129,-34.5733918966617,100,34.8663426488457,60.0977747808496,1,1,200,coarse
120,85,0,0,0,-33.499052077973,-47.9295654762599,-34.5733918966617,100,31.1968408262454,63.1546414924702,1,1,205,coarse
120,90,0,0,0,-33.499052077973,-49.0214242534982,-34.5733918966617,100,26.9198055893074,66.5879973027647,1,1,210,coarse
120,95,0,0,0,-34.2441423151821,-49.5469359357404,-34.8302573617114,100,21.6038882138518,70.3641267700607,1,1,215,coarse
120,100,0,0,0,-34.2441423151821,-50.7087832030713,-34.8302573617114,100,16.3061968408262,74.4324567318499,1,1,220,coarse
120,105,0,0,0,-40.8753362088339,-52.0225049436047,-41.3648263732289,100,11.5370595382746,78.068105192178,1,1,225,coarse
120,110,0,0,0,-42.1595139348738,-53.5566897526912,-46.7898616930376,100,7.2539489671932,82.1688942891859,1,1,230,coarse
120,115,0,0,0,-47.104601506959,-55.572370697192,-48.6554390587536,100,3.26808808109053,86.3730255164034,1,1,235,coarse
120,120,0,0,0,-48.6552672901434,-56.9215452658899,-49.3346800185323,100,0,89.4228432563791,1,1,240,coarse
125,0,1.44404332129964,1.44404332129964,1.08303249097473,11.7510793804706,-16.4032559694583,9.79955317533609,98.5559566787004,91.640340218712,0,0,0,125,coarse
125,0.5,1.44404332129964,1.44404332129964,1.08303249097473,11.7510793804706,-16.4032559694583,9.79955317533609,98.5559566787004,91.640340218712,0,0,0,125.5,coarse
125,1,1.38850319355735,1.38850319355735,1.08303249097473,11.0680907692383,-16.4032559694583,9.63360484206561,98.6114968064427,91.640340218712,0.016857720836143,0,0,126,coarse
125,2,1.3607331296862,1.3607331296862,1.08303249097473,11.0680907692383,-16.4259707293973,9.63360484206561,98.6392668703138,91.640340218712,0.0291273447512525,0,0,127,coarse
125,3,1.05526242710358,1.05526242710358,0.958067203554568,10.7360962896489,-16.8730971450176,8.73643248948064,98.9447375728964,91.5795868772782,0.151462192706513,0,0,128,coarse
125,5,0.666481532907526,0.666481532907526,0.638711469036379,7.77587634729164,-18.2345257974449,2.96978342658924,99.3335184670925,91.4277035236938,0.359631377837716,0,0,130,coarse
125,10,0.36101083032491,0.36101083032491,0.222160510969175,-1.37117152967573,-19.4847548530674,-2.42364161209598,99.6389891696751,91.093560145808,0.884592852958407,0,0,135,coarse
125,15,0.0277700638711469,0.0277700638711469,0,-5.86529889330706,-21.5374186481676,-9.37769964530181,99.9722299361289,90.0607533414338,1.93405569148316,0,1,140,coarse
125,20,0,0,0,-12.5280129199558,-23.9538557666263,-13.7592001260222,100,88.0619684082625,3.71082372130957,1,1,145,coarse
125,25,0,0,0,-15.3319865849756,-25.8389189485257,-15.9433428849114,100,85.7958687727825,5.84447144592953,1,1,150,coarse
125,30,0,0,0,-18.1494430559334,-28.2167369028669,-18.9057173260791,100,82.0983339158802,10.7594167679222,1,1,155,coarse
125,35,0,0,0,-21.0247459050809,-31.452873995767,-22.3036896654728,100,76.4301526272865,17.1445929526124,1,1,160,coarse
125,40,0,0,0,-24.4141909706623,-36.2285197103737,-24.6712531684439,100,69.9172783409064,23.8031591737546,1,1,165,coarse
125,45,0,0,0,-28.4511510388519,-42.4913653970632,-32.1188748675932,100,65.0180589537458,29.1555285540705,1,1,170,coarse
125,50,0,0,0,-33.499052077973,-45.5618216917989,-34.5646314586775,100,60.7305138063614,33.6391251518834,1,1,175,coarse
125,55,0,0,0,-33.499052077973,-45.8720646292679,-34.5646314586775,100,55.371082372131,38.4693189480782,1,1,180,coarse
125,60,0,0,0,-33.499052077973,-46.361537746286,-34.5733918966617,100,50.4835139228708,43.4142503933468,1,1,185,coarse
125,65,0,0,0,-33.499052077973,-46.3976697321116,-34.5733918966617,100,45.7533414337789,48.7637671386829,1,1,190,coarse
125,70,0,0,0,-33.499052077973,-46.5357035093046,-34.5733918966617,100,42.8979343863912,54.090806922904,1,1,195,coarse
125,75,0,0,0,-33.499052077973,-46.8797879407664,-34.5733918966617,100,40.2004860267315,57.355585524837,1,1,200,coarse
125,80,0,0,0,-33.499052077973,-47.0336256650129,-34.5733918966617,100,37.0838396111786,60.0977747808496,1,1,205,coarse
125,85,0,0,0,-33.499052077973,-47.9295654762599,-34.5733918966617,100,33.4143377885784,63.1546414924702,1,1,210,coarse
125,90,0,0,0,-33.499052077973,-49.0214242534982,-34.5733918966617,100,29.1373025516403,66.5879973027647,1,1,215,coarse
125,95,0,0,0,-34.2441423151821,-49.5469359357404,-34.8302573617114,100,23.8213851761847,70.3641267700607,1,1,220,coarse
125,100,0,0,0,-34.2441423151821,-50.7087832030713,-34.8302573617114,100,18.5236938031592,74.4324567318499,1,1,225,coarse
125,105,0,0,0,-40.8753362088339,-52.0225049436047,-41.3648263732289,100,13.7545565006075,78.068105192178,1,1,230,coarse
125,110,0,0,0,-42.1595139348738,-53.5566897526912,-46.7898616930376,100,9.47144592952612,82.1688942891859,1,1,235,coarse
125,115,0,0,0,-47.104601506959,-55.572370697192,-48.6554390587536,100,5.91285098450425,86.3730255164034,1,1,240,coarse
125,120,0,0,0,-48.6552672901434,-56.9215452658899,-49.3346800185323,100,2.64476290341372,89.4228432563791,1,1,245,coarse
125,125,0,0,0,-50.7797795349349,-58.6519351985505,-51.4338641427449,100,0,91.640340218712,1,1,250,coarse
130,0,1.44404332129964,1.44404332129964,1.08303249097473,11.7510793804706,-16.4032559694583,9.79955317533609,98.5559566787004,94.2162818955043,0,0,0,130,coarse
130,0.5,1.44404332129964,1.44404332129964,1.08303249097473,11.7510793804706,-16.4032559694583,9.79955317533609,98.5559566787004,94.2162818955043,0,0,0,130.5,coarse
130,1,1.38850319355735,1.38850319355735,1.08303249097473,11.0680907692383,-16.4032559694583,9.63360484206561,98.6114968064427,94.2162818955043,0.016857720836143,0,0,131,coarse
130,2,1.3607331296862,1.3607331296862,1.08303249097473,11.0680907692383,-16.4259707293973,9.63360484206561,98.6392668703138,94.2162818955043,0.0291273447512525,0,0,132,coarse
130,3,1.05526242710358,1.05526242710358,0.958067203554568,10.7360962896489,-16.8730971450176,8.73643248948064,98.9447375728964,94.1555285540705,0.151462192706513,0,0,133,coarse
130,5,0.666481532907526,0.666481532907526,0.638711469036379,7.77587634729164,-18.2345257974449,2.96978342658924,99.3335184670925,94.003645200486,0.359631377837716,0,0,135,coarse
130,10,0.36101083032491,0.36101083032491,0.222160510969175,-1.37117152967573,-19.4847548530674,-2.42364161209598,99.6389891696751,93.6695018226002,0.884592852958407,0,0,140,coarse
130,15,0.0277700638711469,0.0277700638711469,0,-5.86529889330706,-21.5374186481676,-9.37769964530181,99.9722299361289,92.636695018226,1.93405569148316,0,1,145,coarse
130,20,0,0,0,-12.5280129199558,-23.9538557666263,-13.7592001260222,100,91.1777927624185,3.71082372130957,1,1,150,coarse
130,25,0,0,0,-15.3319865849756,-25.8389189485257,-15.9433428849114,100,89.0537199370645,5.84447144592953,1,1,155,coarse
130,30,0,0,0,-18.1494430559334,-28.2167369028669,-18.9057173260791,100,84.7372713503437,10.7594167679222,1,1,160,coarse
130,35,0,0,0,-21.0247459050809,-31.452873995767,-22.3036896654728,100,79.06909006175,17.1445929526124,1,1,165,coarse
130,40,0,0,0,-24.4141909706623,-36.2285197103737,-24.6712531684439,100,72.5562157753699,23.8031591737546,1,1,170,coarse
130,45,0,0,0,-28.4511510388519,-42.4913653970632,-32.1188748675932,100,67.6569963882093,29.1555285540705,1,1,175,coarse
130,50,0,0,0,-33.499052077973,-45.5618216917989,-34.5646314586775,100,63.3694512408249,33.6391251518834,1,1,180,coarse
130,55,0,0,0,-33.499052077973,-45.8720646292679,-34.5646314586775,100,58.0100198065944,38.4693189480782,1,1,185,coarse
130,60,0,0,0,-33.499052077973,-46.361537746286,-34.5733918966617,100,53.1224513573343,43.4142503933468,1,1,190,coarse
130,65,0,0,0,-33.499052077973,-46.3976697321116,-34.5733918966617,100,48.3292831105711,48.7637671386829,1,1,195,coarse
130,70,0,0,0,-33.499052077973,-46.5357035093046,-34.5733918966617,100,45.4738760631835,54.090806922904,1,1,200,coarse
130,75,0,0,0,-33.499052077973,-46.8797879407664,-34.5733918966617,100,42.7764277035237,57.355585524837,1,1,205,coarse
130,80,0,0,0,-33.499052077973,-47.0336256650129,-34.5733918966617,100,39.6597812879708,60.0977747808496,1,1,210,coarse
130,85,0,0,0,-33.499052077973,-47.9295654762599,-34.5733918966617,100,35.9902794653706,63.1546414924702,1,1,215,coarse
130,90,0,0,0,-33.499052077973,-49.0214242534982,-34.5733918966617,100,31.7132442284326,66.5879973027647,1,1,220,coarse
130,95,0,0,0,-34.2441423151821,-49.5469359357404,-34.8302573617114,100,26.6022261277094,70.3641267700607,1,1,225,coarse
130,100,0,0,0,-34.2441423151821,-50.7087832030713,-34.8302573617114,100,21.0996354799514,74.4324567318499,1,1,230,coarse
130,105,0,0,0,-40.8753362088339,-52.0225049436047,-41.3648263732289,100,16.5377855887522,78.068105192178,1,1,235,coarse
130,110,0,0,0,-42.1595139348738,-53.5566897526912,-46.7898616930376,100,12.4747134187458,82.1688942891859,1,1,240,coarse
130,115,0,0,0,-47.104601506959,-55.572370697192,-48.6554390587536,100,8.73462214411248,86.3730255164034,1,1,245,coarse
130,120,0,0,0,-48.6552672901434,-56.9215452658899,-49.3346800185323,100,5.88752196836555,89.4228432563791,1,1,250,coarse
130,125,0,0,0,-50.7797795349349,-58.6519351985505,-51.4338641427449,100,3.34344796583502,91.640340218712,1,1,255,coarse
130,130,0,0,0,-52.8396879104097,-61.3585515953681,-53.3797771942061,100,0,94.2162818955043,1,1,260,coarse
135,0,1.44404332129964,1.44404332129964,1.08303249097473,11.7510793804706,-16.4032559694583,9.79955317533609,98.5559566787004,97.4969623329283,0,0,0,135,coarse
135,0.5,1.44404332129964,1.44404332129964,1.08303249097473,11.7510793804706,-16.4032559694583,9.79955317533609,98.5559566787004,97.4969623329283,0,0,0,135.5,coarse
135,1,1.38850319355735,1.38850319355735,1.08303249097473,11.0680907692383,-16.4032559694583,9.63360484206561,98.6114968064427,97.4969623329283,0.016857720836143,0,0,136,coarse
135,2,1.3607331296862,1.3607331296862,1.08303249097473,11.0680907692383,-16.4259707293973,9.63360484206561,98.6392668703138,97.4969623329283,0.0291273447512525,0,0,137,coarse
135,3,1.05526242710358,1.05526242710358,0.958067203554568,10.7360962896489,-16.8730971450176,8.73643248948064,98.9447375728964,97.4362089914945,0.151462192706513,0,0,138,coarse
135,5,0.666481532907526,0.666481532907526,0.638711469036379,7.77587634729164,-18.2345257974449,2.96978342658924,99.3335184670925,97.2843256379101,0.359631377837716,0,0,140,coarse
135,10,0.36101083032491,0.36101083032491,0.222160510969175,-1.37117152967573,-19.4847548530674,-2.42364161209598,99.6389891696751,96.9501822600243,0.884592852958407,0,0,145,coarse
135,15,0.0277700638711469,0.0277700638711469,0,-5.86529889330706,-21.5374186481676,-9.37769964530176,99.9722299361289,95.9173754556501,1.93405569148316,0,1,150,coarse
135,20,0,0,0,-12.5280129199558,-23.9538557666263,-13.7592001260222,100,94.3976174421218,3.71082372130957,1,1,155,coarse
135,25,0,0,0,-15.3319865849756,-25.8389189485257,-15.9433428849114,100,92.2735446167678,5.84447144592953,1,1,160,coarse
135,30,0,0,0,-18.1494430559334,-28.2167369028669,-18.9057173260791,100,88.13934521729,10.7594167679222,1,1,165,coarse
135,35,0,0,0,-21.0247459050809,-31.452873995767,-22.3036896654728,100,82.4711639286963,17.1445929526124,1,1,170,coarse
135,40,0,0,0,-24.4141909706623,-36.2285197103737,-24.6712531684439,100,75.9582896423162,23.8031591737546,1,1,175,coarse
135,45,0,0,0,-28.4511510388519,-42.4913653970632,-32.1188748675932,100,71.0590702551555,29.1555285540705,1,1,180,coarse
135,50,0,0,0,-33.499052077973,-45.5618216917989,-34.5646314586775,100,66.7715251077712,33.6391251518834,1,1,185,coarse
135,55,0,0,0,-33.499052077973,-45.8720646292679,-34.5646314586775,100,61.4120936735407,38.4693189480782,1,1,190,coarse
135,60,0,0,0,-33.499052077973,-46.361537746286,-34.5733918966617,100,56.5245252242806,43.4142503933468,1,1,195,coarse
135,65,0,0,0,-33.499052077973,-46.3976697321116,-34.5733918966617,100,51.6099635479951,48.7637671386829,1,1,200,coarse
135,70,0,0,0,-33.499052077973,-46.5357035093046,-34.5733918966617,100,48.7545565006075,54.090806922904,1,1,205,coarse
135,75,0,0,0,-33.499052077973,-46.8797879407664,-34.5733918966617,100,46.0571081409478,57.355585524837,1,1,210,coarse
135,80,0,0,0,-33.499052077973,-47.0336256650129,-34.5733918966617,100,42.9404617253949,60.0977747808496,1,1,215,coarse
135,85,0,0,0,-33.499052077973,-47.9295654762599,-34.5733918966617,100,39.2709599027947,63.1546414924702,1,1,220,coarse
135,90,0,0,0,-33.499052077973,-49.0214242534982,-34.5733918966617,100,35.1025190392501,66.5879973027647,1,1,225,coarse
135,95,0,0,0,-34.2441423151821,-49.5469359357404,-34.8302573617114,100,30.5038078500293,70.3641267700607,1,1,230,coarse
135,100,0,0,0,-34.2441423151821,-50.7087832030713,-34.8302573617114,100,24.9619214997071,74.4324567318499,1,1,235,coarse
135,105,0,0,0,-40.8753362088339,-52.0225049436047,-41.3648263732289,100,20.4393673110721,78.068105192178,1,1,240,coarse
135,110,0,0,0,-42.1595139348738,-53.5566897526912,-46.7898616930376,100,16.3503222026948,82.1688942891859,1,1,245,coarse
135,115,0,0,0,-47.104601506959,-55.572370697192,-48.6554390587536,100,12.6362038664323,86.3730255164034,1,1,250,coarse
135,120,0,0,0,-48.6552672901434,-56.9215452658899,-49.3346800185323,100,9.78910369068541,89.4228432563791,1,1,255,coarse
135,125,0,0,0,-50.7797795349349,-58.6519351985505,-51.4338641427449,100,7.24077328646749,91.640340218712,1,1,260,coarse
135,130,0,0,0,-52.8396879104097,-61.3585515953681,-53.3797771942061,100,3.90158172231986,94.2162818955043,1,1,265,coarse
135,135,0,0,0,-56.7554243669264,-64.6130620266049,-57.3822739509104,100,0,97.4969623329283,1,1,270,coarse
140,0,1.44404332129964,1.44404332129964,1.08303249097473,11.7510793804706,-16.4032559694583,9.79955317533609,98.5559566787004,100,0,0,0,140,coarse
140,0.5,1.44404332129964,1.44404332129964,1.08303249097473,11.7510793804706,-16.4032559694583,9.79955317533609,98.5559566787004,100,0,0,0,140.5,coarse
140,1,1.38850319355735,1.38850319355735,1.08303249097473,11.0680907692383,-16.4032559694583,9.63360484206561,98.6114968064427,100,0.016857720836143,0,0,141,coarse
140,2,1.3607331296862,1.3607331296862,1.08303249097473,11.0680907692383,-16.4259707293973,9.63360484206561,98.6392668703138,100,0.0291273447512525,0,0,142,coarse
140,3,1.05526242710358,1.05526242710358,0.958067203554568,10.7360962896489,-16.8730971450176,8.73643248948064,98.9447375728964,99.9392466585662,0.151462192706513,0,0,143,coarse
140,5,0.666481532907526,0.666481532907526,0.638711469036379,7.77587634729164,-18.2345257974449,2.96978342658924,99.3335184670925,99.7873633049818,0.359631377837716,0,0,145,coarse
140,10,0.36101083032491,0.36101083032491,0.222160510969175,-1.37117152967573,-19.4847548530674,-2.42364161209598,99.6389891696751,99.453219927096,0.884592852958407,0,0,150,coarse
140,15,0.0277700638711469,0.0277700638711469,0,-5.86529889330706,-21.5374186481676,-9.37769964530176,99.9722299361289,98.4204131227218,1.93405569148316,0,1,155,coarse
140,20,0,0,0,-12.5280129199558,-23.9538557666263,-13.7592001260222,100,97.0611373342324,3.71082372130957,1,1,160,coarse
140,25,0,0,0,-15.3319865849756,-25.8389189485257,-15.9433428849114,100,94.9370645088784,5.84447144592953,1,1,165,coarse
140,30,0,0,0,-18.1494430559334,-28.2167369028669,-18.9057173260791,100,91.349178608878,10.7594167679222,1,1,170,coarse
140,35,0,0,0,-21.0247459050809,-31.452873995767,-22.3036896654728,100,85.6809973202843,17.1445929526124,1,1,175,coarse
140,40,0,0,0,-24.4141909706623,-36.2285197103737,-24.6712531684439,100,79.1681230339042,23.8031591737546,1,1,180,coarse
140,45,0,0,0,-28.4511510388519,-42.4913653970632,-32.1188748675932,100,74.2689036467436,29.1555285540705,1,1,185,coarse
140,50,0,0,0,-33.499052077973,-45.5618216917989,-34.5646314586775,100,69.9813584993592,33.6391251518834,1,1,190,coarse
140,55,0,0,0,-33.499052077973,-45.8720646292679,-34.5646314586775,100,64.6219270651287,38.4693189480782,1,1,195,coarse
140,60,0,0,0,-33.499052077973,-46.361537746286,-34.5733918966617,100,59.7343586158686,43.4142503933468,1,1,200,coarse
140,65,0,0,0,-33.499052077973,-46.3976697321116,-34.5733918966617,100,54.8060118839567,48.7637671386829,1,1,205,coarse
140,70,0,0,0,-33.499052077973,-46.5357035093046,-34.5733918966617,100,51.2575941676792,54.090806922904,1,1,210,coarse
140,75,0,0,0,-33.499052077973,-46.8797879407664,-34.5733918966617,100,48.5601458080194,57.355585524837,1,1,215,coarse
140,80,0,0,0,-33.499052077973,-47.0336256650129,-34.5733918966617,100,45.4434993924666,60.0977747808496,1,1,220,coarse
140,85,0,0,0,-33.499052077973,-47.9295654762599,-34.5733918966617,100,42.0738137082601,63.1546414924702,1,1,225,coarse
140,90,0,0,0,-33.499052077973,-49.0214242534982,-34.5733918966617,100,38.107791446983,66.5879973027647,1,1,230,coarse
140,95,0,0,0,-34.2441423151821,-49.5469359357404,-34.8302573617114,100,33.5090802577622,70.3641267700607,1,1,235,coarse
140,100,0,0,0,-34.2441423151821,-50.7087832030713,-34.8302573617114,100,27.96719390744,74.4324567318499,1,1,240,coarse
140,105,0,0,0,-40.8753362088339,-52.0225049436047,-41.3648263732289,100,23.4446397188049,78.068105192178,1,1,245,coarse
140,110,0,0,0,-42.1595139348738,-53.5566897526912,-46.7898616930376,100,19.3555946104277,82.1688942891859,1,1,250,coarse
140,115,0,0,0,-47.104601506959,-55.572370697192,-48.6554390587536,100,15.6414762741652,86.3730255164034,1,1,255,coarse
140,120,0,0,0,-48.6552672901434,-56.9215452658899,-49.3346800185323,100,12.7943760984183,89.4228432563791,1,1,260,coarse
140,125,0,0,0,-50.7797795349349,-58.6519351985505,-51.4338641427449,100,10.2460456942004,91.640340218712,1,1,265,coarse
140,130,0,0,0,-52.8396879104097,-61.3585515953681,-53.3797771942061,100,6.90685413005272,94.2162818955043,1,1,270,coarse
140,135,0,0,0,-56.7554243669264,-64.6130620266049,-57.3822739509104,100,3.20983339158802,97.4969623329283,1,1,275,coarse
140,140,0,0,0,-2948.41956873937,-2948.41956873937,-2948.41956873937,100,0,100,1,1,280,coarse
144.63891418811,0,1.44404332129964,1.44404332129964,1.08303249097473,11.7510793804706,-16.4032559694583,9.79955317533609,98.5559566787004,100,0,0,0,144.63891418811,coarse
144.63891418811,0.5,1.44404332129964,1.44404332129964,1.08303249097473,11.7510793804706,-16.4032559694583,9.79955317533609,98.5559566787004,100,0,0,0,145.13891418811,coarse
144.63891418811,1,1.38850319355735,1.38850319355735,1.08303249097473,11.0680907692383,-16.4032559694583,9.63360484206561,98.6114968064427,100,0.016857720836143,0,0,145.63891418811,coarse
144.63891418811,2,1.3607331296862,1.3607331296862,1.08303249097473,11.0680907692383,-16.4259707293973,9.63360484206561,98.6392668703138,100,0.0291273447512525,0,0,146.63891418811,coarse
144.63891418811,3,1.05526242710358,1.05526242710358,0.958067203554568,10.7360962896489,-16.8730971450176,8.73643248948064,98.9447375728964,99.9392466585662,0.151462192706513,0,0,147.63891418811,coarse
144.63891418811,5,0.666481532907526,0.666481532907526,0.638711469036379,7.77587634729164,-18.2345257974449,2.96978342658924,99.3335184670925,99.7873633049818,0.359631377837716,0,0,149.63891418811,coarse
144.63891418811,10,0.36101083032491,0.36101083032491,0.222160510969175,-1.37117152967573,-19.4847548530674,-2.42364161209598,99.6389891696751,99.453219927096,0.884592852958407,0,0,154.63891418811,coarse
144.63891418811,15,0.0277700638711469,0.0277700638711469,0,-5.86529889330706,-21.5374186481676,-9.37769964530176,99.9722299361289,98.4204131227218,1.93405569148316,0,1,159.63891418811,coarse
144.63891418811,20,0,0,0,-12.5280129199558,-23.9538557666263,-13.7592001260222,100,97.0611373342324,3.71082372130957,1,1,164.63891418811,coarse
144.63891418811,25,0,0,0,-15.3319865849756,-25.8389189485257,-15.9433428849114,100,94.9370645088784,5.84447144592953,1,1,169.63891418811,coarse
144.63891418811,30,0,0,0,-18.1494430559334,-28.2167369028669,-18.9057173260791,100,91.349178608878,10.7594167679222,1,1,174.63891418811,coarse
144.63891418811,35,0,0,0,-21.0247459050809,-31.452873995767,-22.3036896654728,100,85.6809973202843,17.1445929526124,1,1,179.63891418811,coarse
144.63891418811,40,0,0,0,-24.4141909706623,-36.2285197103737,-24.6712531684439,100,79.1681230339042,23.8031591737546,1,1,184.63891418811,coarse
144.63891418811,45,0,0,0,-28.4511510388519,-42.4913653970632,-32.1188748675932,100,74.2689036467436,29.1555285540705,1,1,189.63891418811,coarse
144.63891418811,50,0,0,0,-33.499052077973,-45.5618216917989,-34.5646314586775,100,69.9813584993592,33.6391251518834,1,1,194.63891418811,coarse
144.63891418811,55,0,0,0,-33.499052077973,-45.8720646292679,-34.5646314586775,100,64.6219270651287,38.4693189480782,1,1,199.63891418811,coarse
144.63891418811,60,0,0,0,-33.499052077973,-46.361537746286,-34.5733918966617,100,59.7343586158686,43.4142503933468,1,1,204.63891418811,coarse
144.63891418811,65,0,0,0,-33.499052077973,-46.3976697321116,-34.5733918966617,100,54.8060118839567,48.7637671386829,1,1,209.63891418811,coarse
144.63891418811,70,0,0,0,-33.499052077973,-46.5357035093046,-34.5733918966617,100,51.2575941676792,54.090806922904,1,1,214.63891418811,coarse
144.63891418811,75,0,0,0,-33.499052077973,-46.8797879407664,-34.5733918966617,100,48.5601458080194,57.355585524837,1,1,219.63891418811,coarse
144.63891418811,80,0,0,0,-33.499052077973,-47.0336256650129,-34.5733918966617,100,45.4434993924666,60.0977747808496,1,1,224.63891418811,coarse
144.63891418811,85,0,0,0,-33.499052077973,-47.9295654762599,-34.5733918966617,100,42.0738137082601,63.1546414924702,1,1,229.63891418811,coarse
144.63891418811,90,0,0,0,-33.499052077973,-49.0214242534982,-34.5733918966617,100,38.107791446983,66.5879973027647,1,1,234.63891418811,coarse
144.63891418811,95,0,0,0,-34.2441423151821,-49.5469359357404,-34.8302573617114,100,33.5090802577622,70.3641267700607,1,1,239.63891418811,coarse
144.63891418811,100,0,0,0,-34.2441423151821,-50.7087832030713,-34.8302573617114,100,27.96719390744,74.4324567318499,1,1,244.63891418811,coarse
144.63891418811,105,0,0,0,-40.8753362088339,-52.0225049436047,-41.3648263732289,100,23.4446397188049,78.068105192178,1,1,249.63891418811,coarse
144.63891418811,110,0,0,0,-42.1595139348738,-53.5566897526912,-46.7898616930376,100,19.3555946104277,82.1688942891859,1,1,254.63891418811,coarse
144.63891418811,115,0,0,0,-47.104601506959,-55.572370697192,-48.6554390587536,100,15.6414762741652,86.3730255164034,1,1,259.63891418811,coarse
144.63891418811,120,0,0,0,-48.6552672901434,-56.9215452658899,-49.3346800185323,100,12.7943760984183,89.4228432563791,1,1,264.63891418811,coarse
144.63891418811,125,0,0,0,-50.7797795349349,-58.6519351985505,-51.4338641427449,100,10.2460456942004,91.640340218712,1,1,269.63891418811,coarse
144.63891418811,130,0,0,0,-52.8396879104097,-61.3585515953681,-53.3797771942061,100,6.90685413005272,94.2162818955043,1,1,274.63891418811,coarse
144.63891418811,135,0,0,0,-56.7554243669264,-64.6130620266049,-57.3822739509104,100,3.20983339158802,97.4969623329283,1,1,279.63891418811,coarse
144.63891418811,140,0,0,0,-2948.41956873937,-2948.41956873937,-2948.41956873937,100,0,100,1,1,284.63891418811,coarse
144.63891418811,144.63891418811,0,0,0,-2948.41956873937,-2948.41956873937,-2948.41956873937,100,0,100,1,1,289.277828376221,coarse
83,8,0.416550958067203,0.416550958067203,0.305470702582616,-1.37117152967573,-18.9310815049191,-2.42364161209598,99.5834490419328,61.3845808046752,0.644405389572349,0,0,91,refinement
83,9,0.388780894196057,0.388780894196057,0.249930574840322,-1.37117152967573,-19.202154410896,-2.42364161209598,99.6112191058039,61.3396268824455,0.749853544229643,0,0,92,refinement
83,10,0.36101083032491,0.36101083032491,0.236045542904749,-1.37117152967573,-19.4847548530674,-2.42364161209598,99.6389891696751,61.2384805574286,0.884592852958407,0,0,93,refinement
83,11,0.333240766453763,0.333240766453763,0.0694251596778673,-1.37117152967573,-19.9078949109443,-2.51407520900984,99.6667592335462,61.0361879073949,1.03110800419434,0,0,94,refinement
83,12,0.333240766453763,0.333240766453763,0.0694251596778673,-1.37117152967573,-20.3062853588377,-2.51407520900984,99.6667592335462,60.9125646212632,1.1767447279506,0,0,95,refinement
83,13,0.305470702582616,0.305470702582616,0.0694251596778673,-1.37117152967573,-20.5822048561054,-2.51407520900984,99.6945292974174,60.7833220948528,1.35150879645811,0,0,96,refinement
83,14,0.166620383226881,0.166620383226881,0.0694251596778673,-1.37117152967573,-21.2947637376686,-5.21948049724396,99.8333796167731,60.4630253989661,1.67190958872189,0,0,97,refinement
83,15,0.111080255484588,0.111080255484588,0.0138850319355735,-2.18197106461571,-21.5374186481676,-6.17550936126464,99.8889197445154,60.2832097100472,1.93405569148316,0,0,98,refinement
83,16,0.111080255484588,0.111080255484588,0.0138850319355735,-2.18197106461571,-21.7693609886433,-6.17550936126464,99.8889197445154,60.0415823780625,2.13794710474193,0,0,99,refinement
83,17,0.111080255484588,0.111080255484588,0,-2.18197106461571,-22.3027754185246,-6.17550936126464,99.8889197445154,59.8055742863565,2.44087149015496,0,0,100,refinement
83,18,0.111080255484588,0.111080255484588,0,-2.18197106461571,-22.9503458375811,-6.17550936126464,99.8889197445154,59.6369970779951,3.00594197832926,0,0,101,refinement
83,19,0.111080255484588,0.111080255484588,0,-2.18197106461571,-23.5886880605111,-6.17550936126464,99.8889197445154,59.2829849404361,3.42537574274729,0,0,102,refinement
83,20,0.111080255484588,0.111080255484588,0,-2.18197106461571,-23.9538557666263,-6.17550936126464,99.8889197445154,58.9851652056642,3.71082372130957,0,0,103,refinement
83,21,0.111080255484588,0.111080255484588,0,-2.18197106461571,-24.2540487718005,-6.17550936126464,99.8889197445154,58.6817262306136,4.14773389257835,0,0,104,refinement
83,22,0.111080255484588,0.111080255484588,0,-2.18197106461571,-24.4752492817707,-6.17550936126464,99.8889197445154,58.3895257361205,4.45648374694163,0,0,105,refinement
83,23,0.111080255484588,0.111080255484588,0,-2.18197106461571,-24.8490968081033,-6.17550936126464,99.8889197445154,58.0130366374466,4.80601188395666,0,0,106,refinement
83,24,0.111080255484588,0.111080255484588,0,-2.18197106461571,-25.2522438984017,-6.17550936126464,99.8889197445154,57.47358957069,5.19441069258809,0,0,107,refinement
83,25,0.111080255484588,0.111080255484588,0,-2.18197106461571,-25.8258166346306,-6.17550936126464,99.8889197445154,56.8610923803102,5.84447144592953,0,0,108,refinement
83,26,0.111080255484588,0.111080255484588,0,-2.18197106461571,-26.3968619312547,-6.23487872358294,99.8889197445154,56.0350640593392,6.61603888213852,0,0,109,refinement
83,27,0.111080255484588,0.111080255484588,0,-2.2049489913297,-26.6641594021013,-6.23487872358294,99.8889197445154,55.2427511800405,7.64277035236938,0,0,110,refinement
84,8,0.416550958067203,0.416550958067203,0.305470702582616,-1.37117152967573,-18.9310815049191,-2.42364161209598,99.5834490419328,61.9802202742189,0.644405389572349,0,0,92,refinement
84,9,0.388780894196057,0.388780894196057,0.249930574840322,-1.37117152967573,-19.202154410896,-2.42364161209598,99.6112191058039,61.9352663519892,0.749853544229643,0,0,93,refinement
84,10,0.36101083032491,0.36101083032491,0.236045542904749,-1.37117152967573,-19.4847548530674,-2.42364161209598,99.6389891696751,61.8341200269724,0.884592852958407,0,0,94,refinement
84,11,0.333240766453763,0.333240766453763,0.0694251596778673,-1.37117152967573,-19.9078949109443,-2.51407520900984,99.6667592335462,61.6318273769386,1.03110800419434,0,0,95,refinement
84,12,0.333240766453763,0.333240766453763,0.0694251596778673,-1.37117152967573,-20.3062853588377,-2.51407520900984,99.6667592335462,61.5082040908069,1.1767447279506,0,0,96,refinement
84,13,0.305470702582616,0.305470702582616,0.0694251596778673,-1.37117152967573,-20.5822048561054,-2.51407520900984,99.6945292974174,61.3789615643965,1.35150879645811,0,0,97,refinement
84,14,0.166620383226881,0.166620383226881,0.0694251596778673,-1.37117152967573,-21.2947637376686,-5.21948049724396,99.8333796167731,61.0586648685098,1.67190958872189,0,0,98,refinement
84,15,0.111080255484588,0.111080255484588,0.0138850319355735,-2.18197106461571,-21.5374186481676,-6.17550936126464,99.8889197445154,60.8788491795909,1.93405569148316,0,0,99,refinement
84,16,0.111080255484588,0.111080255484588,0.0138850319355735,-2.18197106461571,-21.7693609886433,-6.17550936126464,99.8889197445154,60.6372218476062,2.13794710474193,0,0,100,refinement
84,17,0.111080255484588,0.111080255484588,0,-2.18197106461571,-22.3027754185246,-6.17550936126464,99.8889197445154,60.4012137559002,2.44087149015496,0,0,101,refinement
84,18,0.111080255484588,0.111080255484588,0,-2.18197106461571,-22.9503458375811,-6.17550936126464,99.8889197445154,60.2326365475388,3.00594197832926,0,0,102,refinement
84,19,0.111080255484588,0.111080255484588,0,-2.18197106461571,-23.5886880605111,-6.17550936126464,99.8889197445154,59.8786244099798,3.42537574274729,0,0,103,refinement
84,20,0.111080255484588,0.111080255484588,0,-2.18197106461571,-23.9538557666263,-6.17550936126464,99.8889197445154,59.5808046752079,3.71082372130957,0,0,104,refinement
84,21,0.111080255484588,0.111080255484588,0,-2.18197106461571,-24.2540487718005,-6.17550936126464,99.8889197445154,59.2773657001573,4.14773389257835,0,0,105,refinement
84,22,0.111080255484588,0.111080255484588,0,-2.18197106461571,-24.4752492817707,-6.17550936126464,99.8889197445154,58.9851652056642,4.45648374694163,0,0,106,refinement
84,23,0.111080255484588,0.111080255484588,0,-2.18197106461571,-24.8490968081033,-6.17550936126464,99.8889197445154,58.6086761069903,4.80601188395666,0,0,107,refinement
84,24,0.111080255484588,0.111080255484588,0,-2.18197106461571,-25.2522438984017,-6.17550936126464,99.8889197445154,58.0692290402338,5.19441069258809,0,0,108,refinement
84,25,0.111080255484588,0.111080255484588,0,-2.18197106461571,-25.8258166346306,-6.17550936126464,99.8889197445154,57.4567318498539,5.84447144592953,0,0,109,refinement
84,26,0.111080255484588,0.111080255484588,0,-2.18197106461571,-26.3968619312547,-6.23487872358294,99.8889197445154,56.6307035288829,6.61603888213852,0,0,110,refinement
84,27,0.111080255484588,0.111080255484588,0,-2.2049489913297,-26.6641594021013,-6.23487872358294,99.8889197445154,55.8383906495842,7.64277035236938,0,0,111,refinement
85,8,0.416550958067203,0.416550958067203,0.305470702582616,-1.37117152967573,-18.9310815049191,-2.42364161209598,99.5834490419328,62.6151944257136,0.644405389572349,0,0,93,refinement
85,9,0.388780894196057,0.388780894196057,0.249930574840322,-1.37117152967573,-19.202154410896,-2.42364161209598,99.6112191058039,62.5702405034839,0.749853544229643,0,0,94,refinement
85,10,0.36101083032491,0.36101083032491,0.236045542904749,-1.37117152967573,-19.4847548530674,-2.42364161209598,99.6389891696751,62.4690941784671,0.884592852958407,0,0,95,refinement
85,11,0.333240766453763,0.333240766453763,0.0694251596778673,-1.37117152967573,-19.9078949109443,-2.51407520900984,99.6667592335462,62.2668015284334,1.03110800419434,0,0,96,refinement
85,12,0.333240766453763,0.333240766453763,0.0694251596778673,-1.37117152967573,-20.3062853588377,-2.51407520900984,99.6667592335462,62.1431782423016,1.1767447279506,0,0,97,refinement
85,13,0.305470702582616,0.305470702582616,0.0694251596778673,-1.37117152967573,-20.5822048561054,-2.51407520900984,99.6945292974174,62.0139357158912,1.35150879645811,0,0,98,refinement
85,14,0.166620383226881,0.166620383226881,0.0694251596778673,-1.37117152967573,-21.2947637376686,-5.21948049724396,99.8333796167731,61.6936390200045,1.67190958872189,0,0,99,refinement
85,15,0.111080255484588,0.111080255484588,0.0138850319355735,-2.18197106461571,-21.5374186481676,-6.17550936126464,99.8889197445154,61.5138233310856,1.93405569148316,0,0,100,refinement
85,16,0.111080255484588,0.111080255484588,0.0138850319355735,-2.18197106461571,-21.7693609886433,-6.17550936126464,99.8889197445154,61.2721959991009,2.13794710474193,0,0,101,refinement
85,17,0.111080255484588,0.111080255484588,0,-2.18197106461571,-22.3027754185246,-6.17550936126464,99.8889197445154,61.0361879073949,2.44087149015496,0,0,102,refinement
85,18,0.111080255484588,0.111080255484588,0,-2.18197106461571,-22.9503458375811,-6.17550936126464,99.8889197445154,60.8676106990335,3.00594197832926,0,0,103,refinement
85,19,0.111080255484588,0.111080255484588,0,-2.18197106461571,-23.5886880605111,-6.17550936126464,99.8889197445154,60.5135985614745,3.42537574274729,0,0,104,refinement
85,20,0.111080255484588,0.111080255484588,0,-2.18197106461571,-23.9538557666263,-6.17550936126464,99.8889197445154,60.2157788267026,3.71082372130957,0,0,105,refinement
85,21,0.111080255484588,0.111080255484588,0,-2.18197106461571,-24.2540487718005,-6.17550936126464,99.8889197445154,59.9123398516521,4.14773389257835,0,0,106,refinement
85,22,0.111080255484588,0.111080255484588,0,-2.18197106461571,-24.4752492817707,-6.17550936126464,99.8889197445154,59.6201393571589,4.45648374694163,0,0,107,refinement
85,23,0.111080255484588,0.111080255484588,0,-2.18197106461571,-24.8490968081033,-6.17550936126464,99.8889197445154,59.2436502584851,4.80601188395666,0,0,108,refinement
85,24,0.111080255484588,0.111080255484588,0,-2.18197106461571,-25.2522438984017,-6.17550936126464,99.8889197445154,58.7042031917285,5.19441069258809,0,0,109,refinement
85,25,0.111080255484588,0.111080255484588,0,-2.18197106461571,-25.8258166346306,-6.17550936126464,99.8889197445154,58.0917060013486,5.84447144592953,0,0,110,refinement
85,26,0.111080255484588,0.111080255484588,0,-2.18197106461571,-26.3968619312547,-6.23487872358294,99.8889197445154,57.2656776803776,6.61603888213852,0,0,111,refinement
85,27,0.111080255484588,0.111080255484588,0,-2.2049489913297,-26.6641594021013,-6.23487872358294,99.8889197445154,56.4733648010789,7.64277035236938,0,0,112,refinement
86,8,0.416550958067203,0.416550958067203,0.305470702582616,-1.37117152967573,-18.9310815049191,-2.42364161209598,99.5834490419328,63.0422566868959,0.644405389572349,0,0,94,refinement
86,9,0.388780894196057,0.388780894196057,0.249930574840322,-1.37117152967573,-19.202154410896,-2.42364161209598,99.6112191058039,62.9973027646662,0.749853544229643,0,0,95,refinement
86,10,0.36101083032491,0.36101083032491,0.236045542904749,-1.37117152967573,-19.4847548530674,-2.42364161209598,99.6389891696751,62.8961564396494,0.884592852958407,0,0,96,refinement
86,11,0.333240766453763,0.333240766453763,0.0694251596778673,-1.37117152967573,-19.9078949109443,-2.51407520900984,99.6667592335462,62.6938637896156,1.03110800419434,0,0,97,refinement
86,12,0.333240766453763,0.333240766453763,0.0694251596778673,-1.37117152967573,-20.3062853588377,-2.51407520900984,99.6667592335462,62.5702405034839,1.1767447279506,0,0,98,refinement
86,13,0.305470702582616,0.305470702582616,0.0694251596778673,-1.37117152967573,-20.5822048561054,-2.51407520900984,99.6945292974174,62.4409979770735,1.35150879645811,0,0,99,refinement
86,14,0.166620383226881,0.166620383226881,0.0694251596778673,-1.37117152967573,-21.2947637376686,-5.21948049724396,99.8333796167731,62.1207012811868,1.67190958872189,0,0,100,refinement
86,15,0.111080255484588,0.111080255484588,0.0138850319355735,-2.18197106461571,-21.5374186481676,-6.17550936126464,99.8889197445154,61.9408855922679,1.93405569148316,0,0,101,refinement
86,16,0.111080255484588,0.111080255484588,0.0138850319355735,-2.18197106461571,-21.7693609886433,-6.17550936126464,99.8889197445154,61.6992582602832,2.13794710474193,0,0,102,refinement
86,17,0.111080255484588,0.111080255484588,0,-2.18197106461571,-22.3027754185246,-6.17550936126464,99.8889197445154,61.4632501685772,2.44087149015496,0,0,103,refinement
86,18,0.111080255484588,0.111080255484588,0,-2.18197106461571,-22.9503458375811,-6.17550936126464,99.8889197445154,61.2946729602158,3.00594197832926,0,0,104,refinement
86,19,0.111080255484588,0.111080255484588,0,-2.18197106461571,-23.5886880605111,-6.17550936126464,99.8889197445154,60.9406608226568,3.42537574274729,0,0,105,refinement
86,20,0.111080255484588,0.111080255484588,0,-2.18197106461571,-23.9538557666263,-6.17550936126464,99.8889197445154,60.6428410878849,3.71082372130957,0,0,106,refinement
86,21,0.111080255484588,0.111080255484588,0,-2.18197106461571,-24.2540487718005,-6.17550936126464,99.8889197445154,60.3394021128343,4.14773389257835,0,0,107,refinement
86,22,0.111080255484588,0.111080255484588,0,-2.18197106461571,-24.4752492817707,-6.17550936126464,99.8889197445154,60.0472016183412,4.45648374694163,0,0,108,refinement
86,23,0.111080255484588,0.111080255484588,0,-2.18197106461571,-24.8490968081033,-6.17550936126464,99.8889197445154,59.6707125196673,4.80601188395666,0,0,109,refinement
86,24,0.111080255484588,0.111080255484588,0,-2.18197106461571,-25.2522438984017,-6.17550936126464,99.8889197445154,59.1312654529108,5.19441069258809,0,0,110,refinement
86,25,0.111080255484588,0.111080255484588,0,-2.18197106461571,-25.8258166346306,-6.17550936126464,99.8889197445154,58.5187682625309,5.84447144592953,0,0,111,refinement
86,26,0.111080255484588,0.111080255484588,0,-2.18197106461571,-26.3968619312547,-6.23487872358294,99.8889197445154,57.6927399415599,6.61603888213852,0,0,112,refinement
86,27,0.111080255484588,0.111080255484588,0,-2.2049489913297,-26.6641594021013,-6.23487872358294,99.8889197445154,56.9004270622612,7.64277035236938,0,0,113,refinement
87,8,0.416550958067203,0.416550958067203,0.305470702582616,-1.37117152967573,-18.9310815049191,-2.42364161209598,99.5834490419328,63.6884693189481,0.644405389572349,0,0,95,refinement
87,9,0.388780894196057,0.388780894196057,0.249930574840322,-1.37117152967573,-19.202154410896,-2.42364161209598,99.6112191058039,63.6435153967184,0.749853544229643,0,0,96,refinement
87,10,0.36101083032491,0.36101083032491,0.222160510969175,-1.37117152967573,-19.4847548530674,-2.42364161209598,99.6389891696751,63.5423690717015,0.884592852958407,0,0,97,refinement
87,11,0.333240766453763,0.333240766453763,0.0416550958067204,-1.37117152967573,-19.9078949109443,-2.51407520900984,99.6667592335462,63.3400764216678,1.03110800419434,0,0,98,refinement
87,12,0.333240766453763,0.333240766453763,0.0416550958067204,-1.37117152967573,-20.3062853588377,-2.51407520900984,99.6667592335462,63.2164531355361,1.1767447279506,0,0,99,refinement
87,13,0.305470702582616,0.305470702582616,0.0416550958067204,-1.37117152967573,-20.5822048561054,-2.51407520900984,99.6945292974174,63.0872106091256,1.35150879645811,0,0,100,refinement
87,14,0.166620383226881,0.166620383226881,0.0416550958067204,-1.37117152967573,-21.2947637376686,-5.21948049724396,99.8333796167731,62.7669139132389,1.67190958872189,0,0,101,refinement
87,15,0.0555401277422938,0.0555401277422938,0.0138850319355735,-2.47838731714504,-21.5374186481676,-9.37769964530181,99.9444598722577,62.5870982243201,1.93405569148316,0,1,102,refinement
87,16,0.0555401277422938,0.0555401277422938,0.0138850319355735,-2.47838731714504,-21.7693609886433,-10.4458653684705,99.9444598722577,62.3454708923354,2.13794710474193,0,1,103,refinement
87,17,0.0555401277422938,0.0555401277422938,0,-2.47838731714504,-22.3027754185246,-12.1531011678275,99.9444598722577,62.1094628006294,2.44087149015496,0,1,104,refinement
87,18,0.0555401277422938,0.0555401277422938,0,-2.47838731714504,-22.9503458375811,-12.8835385585693,99.9444598722577,61.9408855922679,3.00594197832926,0,1,105,refinement
87,19,0.0555401277422938,0.0555401277422938,0,-2.47838731714504,-23.5886880605111,-13.5376901064178,99.9444598722577,61.5868734547089,3.42537574274729,0,1,106,refinement
87,20,0.0555401277422938,0.0555401277422938,0,-2.47838731714504,-23.9538557666263,-13.7592001260222,99.9444598722577,61.2890537199371,3.71082372130957,0,1,107,refinement
87,21,0.0555401277422938,0.0555401277422938,0,-2.47838731714504,-24.2540487718005,-14.0511560789531,99.9444598722577,60.9856147448865,4.14773389257835,0,1,108,refinement
87,22,0.0555401277422938,0.0555401277422938,0,-2.47838731714504,-24.4752492817707,-14.5130540265478,99.9444598722577,60.6934142503933,4.45648374694163,0,1,109,refinement
87,23,0.0555401277422938,0.0555401277422938,0,-2.47838731714504,-24.8490968081033,-14.5130540265478,99.9444598722577,60.3169251517195,4.80601188395666,0,1,110,refinement
87,24,0.0555401277422938,0.0555401277422938,0,-2.47838731714504,-25.2522438984017,-14.5130540265478,99.9444598722577,59.7774780849629,5.19441069258809,0,1,111,refinement
87,25,0.0555401277422938,0.0555401277422938,0,-2.47838731714504,-25.8258166346306,-14.670475064981,99.9444598722577,59.1649808945831,5.84447144592953,0,1,112,refinement
87,26,0.0555401277422938,0.0555401277422938,0,-2.47838731714504,-26.3968619312547,-14.670475064981,99.9444598722577,58.338952573612,6.61603888213852,0,1,113,refinement
87,27,0.0555401277422938,0.0555401277422938,0,-2.47838731714504,-26.6641594021013,-14.670475064981,99.9444598722577,57.5466396943133,7.64277035236938,0,1,114,refinement
88,8,0.416550958067203,0.416550958067203,0.305470702582616,-1.37117152967573,-18.9310815049191,-2.42364161209598,99.5834490419328,64.3683973926725,0.644405389572349,0,0,96,refinement
88,9,0.388780894196057,0.388780894196057,0.249930574840322,-1.37117152967573,-19.202154410896,-2.42364161209598,99.6112191058039,64.3234434704428,0.749853544229643,0,0,97,refinement
88,10,0.36101083032491,0.36101083032491,0.222160510969175,-1.37117152967573,-19.4847548530674,-2.42364161209598,99.6389891696751,64.2222971454259,0.884592852958407,0,0,98,refinement
88,11,0.333240766453763,0.333240766453763,0.0277700638711469,-1.37117152967573,-19.9078949109443,-2.51407520900984,99.6667592335462,64.0200044953922,1.03110800419434,0,0,99,refinement
88,12,0.333240766453763,0.333240766453763,0.0277700638711469,-1.37117152967573,-20.3062853588377,-2.51407520900984,99.6667592335462,63.8963812092605,1.1767447279506,0,0,100,refinement
88,13,0.305470702582616,0.305470702582616,0.0277700638711469,-1.37117152967573,-20.5822048561054,-2.51407520900984,99.6945292974174,63.7671386828501,1.35150879645811,0,0,101,refinement
88,14,0.166620383226881,0.166620383226881,0.0277700638711469,-1.37117152967573,-21.2947637376686,-5.21948049724396,99.8333796167731,63.4468419869634,1.67190958872189,0,0,102,refinement
88,15,0.0277700638711469,0.0277700638711469,0.0138850319355735,-2.9880578461227,-21.5374186481676,-9.37769964530181,99.9722299361289,63.2670262980445,1.93405569148316,0,1,103,refinement
88,16,0.0277700638711469,0.0277700638711469,0.0138850319355735,-2.9880578461227,-21.7693609886433,-10.4458653684705,99.9722299361289,63.0253989660598,2.13794710474193,0,1,104,refinement
88,17,0.0277700638711469,0.0277700638711469,0,-2.9880578461227,-22.3027754185246,-12.1531011678275,99.9722299361289,62.7893908743538,2.44087149015496,0,1,105,refinement
88,18,0.0277700638711469,0.0277700638711469,0,-2.9880578461227,-22.9503458375811,-12.8835385585693,99.9722299361289,62.6208136659924,3.00594197832926,0,1,106,refinement
88,19,0.0277700638711469,0.0277700638711469,0,-2.9880578461227,-23.5886880605111,-13.5376901064178,99.9722299361289,62.2668015284334,3.42537574274729,0,1,107,refinement
88,20,0.0277700638711469,0.0277700638711469,0,-2.9880578461227,-23.9538557666263,-13.7592001260222,99.9722299361289,61.9689817936615,3.71082372130957,0,1,108,refinement
88,21,0.0277700638711469,0.0277700638711469,0,-2.9880578461227,-24.2540487718005,-14.0511560789531,99.9722299361289,61.6655428186109,4.14773389257835,0,1,109,refinement
88,22,0.0277700638711469,0.0277700638711469,0,-2.9880578461227,-24.4752492817707,-14.9798577573467,99.9722299361289,61.3733423241178,4.45648374694163,0,1,110,refinement
88,23,0.0277700638711469,0.0277700638711469,0,-2.9880578461227,-24.8490968081033,-15.2743554180941,99.9722299361289,60.9968532254439,4.80601188395666,0,1,111,refinement
88,24,0.0277700638711469,0.0277700638711469,0,-2.9880578461227,-25.2522438984017,-15.4799064730194,99.9722299361289,60.4574061586873,5.19441069258809,0,1,112,refinement
88,25,0.0277700638711469,0.0277700638711469,0,-2.9880578461227,-25.8258166346306,-15.9433428849114,99.9722299361289,59.8449089683075,5.84447144592953,0,1,113,refinement
88,26,0.0277700638711469,0.0277700638711469,0,-2.9880578461227,-26.3968619312547,-17.4956909576067,99.9722299361289,59.0188806473365,6.61603888213852,0,1,114,refinement
88,27,0.0277700638711469,0.0277700638711469,0,-2.9880578461227,-26.6641594021013,-18.662743011946,99.9722299361289,58.2265677680378,7.64277035236938,0,1,115,refinement
89,8,0.416550958067203,0.416550958067203,0.305470702582616,-1.37117152967573,-18.9310815049191,-2.42364161209598,99.5834490419328,65.1944257136435,0.644405389572349,0,0,97,refinement
89,9,0.388780894196057,0.388780894196057,0.249930574840322,-1.37117152967573,-19.202154410896,-2.42364161209598,99.6112191058039,65.1494717914138,0.749853544229643,0,0,98,refinement
89,10,0.36101083032491,0.36101083032491,0.222160510969175,-1.37117152967573,-19.4847548530674,-2.42364161209598,99.6389891696751,65.0483254663969,0.884592852958407,0,0,99,refinement
89,11,0.333240766453763,0.333240766453763,0.0138850319355735,-1.37117152967573,-19.9078949109443,-2.51407520900984,99.6667592335462,64.8460328163632,1.03110800419434,0,0,100,refinement
89,12,0.333240766453763,0.333240766453763,0.0138850319355735,-1.37117152967573,-20.3062853588377,-2.51407520900984,99.6667592335462,64.7224095302315,1.1767447279506,0,0,101,refinement
89,13,0.305470702582616,0.305470702582616,0.0138850319355735,-1.37117152967573,-20.5822048561054,-2.51407520900984,99.6945292974174,64.5931670038211,1.35150879645811,0,0,102,refinement
89,14,0.166620383226881,0.166620383226881,0.0138850319355735,-1.37117152967573,-21.2947637376686,-5.21948049724396,99.8333796167731,64.2728703079344,1.67190958872189,0,0,103,refinement
89,15,0.0277700638711469,0.0277700638711469,0,-5.86529889330706,-21.5374186481676,-9.37769964530181,99.9722299361289,64.0930546190155,1.93405569148316,0,1,104,refinement
89,16,0.0277700638711469,0.0277700638711469,0,-5.86529889330706,-21.7693609886433,-10.4458653684705,99.9722299361289,63.8514272870308,2.13794710474193,0,1,105,refinement
89,17,0,0,0,-7.64736515645498,-22.3027754185246,-12.1531011678275,100,63.6154191953248,2.44087149015496,1,1,106,refinement
89,18,0,0,0,-7.95132043030173,-22.9503458375811,-12.8835385585693,100,63.4468419869634,3.00594197832926,1,1,107,refinement
89,19,0,0,0,-8.9595329007002,-23.5886880605111,-13.5376901064178,100,63.0928298494044,3.42537574274729,1,1,108,refinement
89,20,0,0,0,-8.9595329007002,-23.9538557666263,-13.7592001260222,100,62.7950101146325,3.71082372130957,1,1,109,refinement
89,21,0,0,0,-8.9595329007002,-24.2540487718005,-14.0511560789531,100,62.4915711395819,4.14773389257835,1,1,110,refinement
89,22,0,0,0,-8.9595329007002,-24.4752492817707,-14.9798577573467,100,62.1993706450888,4.45648374694163,1,1,111,refinement
89,23,0,0,0,-8.9595329007002,-24.8490968081033,-15.2743554180941,100,61.8228815464149,4.80601188395666,1,1,112,refinement
89,24,0,0,0,-8.9595329007002,-25.2522438984017,-15.4799064730194,100,61.2834344796584,5.19441069258809,1,1,113,refinement
89,25,0,0,0,-8.9595329007002,-25.8258166346306,-15.9433428849114,100,60.6709372892785,5.84447144592953,1,1,114,refinement
89,26,0,0,0,-8.9595329007002,-26.3968619312547,-17.4956909576067,100,59.8449089683075,6.61603888213852,1,1,115,refinement
89,27,0,0,0,-8.9595329007002,-26.6641594021013,-18.662743011946,100,59.0525960890088,7.64277035236938,1,1,116,refinement
90,8,0.416550958067203,0.416550958067203,0.305470702582616,-1.37117152967573,-18.9310815049191,-2.42364161209598,99.5834490419328,66.0485502360081,0.644405389572349,0,0,98,refinement
90,9,0.388780894196057,0.388780894196057,0.249930574840322,-1.37117152967573,-19.202154410896,-2.42364161209598,99.6112191058039,66.0035963137784,0.749853544229643,0,0,99,refinement
90,10,0.36101083032491,0.36101083032491,0.222160510969175,-1.37117152967573,-19.4847548530674,-2.42364161209598,99.6389891696751,65.9024499887615,0.884592852958407,0,0,100,refinement
90,11,0.333240766453763,0.333240766453763,0.0138850319355735,-1.37117152967573,-19.9078949109443,-2.51407520900984,99.6667592335462,65.7001573387278,1.03110800419434,0,0,101,refinement
90,12,0.333240766453763,0.333240766453763,0.0138850319355735,-1.37117152967573,-20.3062853588377,-2.51407520900984,99.6667592335462,65.5765340525961,1.1767447279506,0,0,102,refinement
90,13,0.305470702582616,0.305470702582616,0.0138850319355735,-1.37117152967573,-20.5822048561054,-2.51407520900984,99.6945292974174,65.4472915261857,1.35150879645811,0,0,103,refinement
90,14,0.166620383226881,0.166620383226881,0.0138850319355735,-1.37117152967573,-21.2947637376686,-5.21948049724396,99.8333796167731,65.1269948302989,1.67190958872189,0,0,104,refinement
90,15,0.0277700638711469,0.0277700638711469,0,-5.86529889330706,-21.5374186481676,-9.37769964530181,99.9722299361289,64.9471791413801,1.93405569148316,0,1,105,refinement
90,16,0.0277700638711469,0.0277700638711469,0,-5.86529889330706,-21.7693609886433,-10.4458653684705,99.9722299361289,64.7055518093954,2.13794710474193,0,1,106,refinement
90,17,0,0,0,-7.64736515645498,-22.3027754185246,-12.1531011678275,100,64.4695437176894,2.44087149015496,1,1,107,refinement
90,18,0,0,0,-7.95132043030173,-22.9503458375811,-12.8835385585693,100,64.3009665093279,3.00594197832926,1,1,108,refinement
90,19,0,0,0,-11.254847735886,-23.5886880605111,-13.5376901064178,100,63.9469543717689,3.42537574274729,1,1,109,refinement
90,20,0,0,0,-12.5280129199558,-23.9538557666263,-13.7592001260222,100,63.6491346369971,3.71082372130957,1,1,110,refinement
90,21,0,0,0,-12.5280129199558,-24.2540487718005,-14.0511560789531,100,63.3456956619465,4.14773389257835,1,1,111,refinement
90,22,0,0,0,-14.0272369159983,-24.4752492817707,-14.9798577573467,100,63.0534951674534,4.45648374694163,1,1,112,refinement
90,23,0,0,0,-14.0431950525926,-24.8490968081033,-15.2743554180941,100,62.6770060687795,4.80601188395666,1,1,113,refinement
90,24,0,0,0,-14.2326008735488,-25.2522438984017,-15.4799064730194,100,62.1375590020229,5.19441069258809,1,1,114,refinement
90,25,0,0,0,-14.2326008735488,-25.8258166346306,-15.9433428849114,100,61.5250618116431,5.84447144592953,1,1,115,refinement
90,26,0,0,0,-14.2326008735488,-26.3968619312547,-17.4956909576067,100,60.6990334906721,6.61603888213852,1,1,116,refinement
90,27,0,0,0,-14.2326008735488,-26.6641594021013,-18.662743011946,100,59.9067206113733,7.64277035236938,1,1,117,refinement
91,8,0.416550958067203,0.416550958067203,0.305470702582616,-1.37117152967573,-18.9310815049191,-2.42364161209598,99.5834490419328,66.9307709597662,0.644405389572349,0,0,99,refinement
91,9,0.388780894196057,0.388780894196057,0.249930574840322,-1.37117152967573,-19.202154410896,-2.42364161209598,99.6112191058039,66.8858170375365,0.749853544229643,0,0,100,refinement
91,10,0.36101083032491,0.36101083032491,0.222160510969175,-1.37117152967573,-19.4847548530674,-2.42364161209598,99.6389891696751,66.7846707125197,0.884592852958407,0,0,101,refinement
91,11,0.333240766453763,0.333240766453763,0.0138850319355735,-1.37117152967573,-19.9078949109443,-2.51407520900984,99.6667592335462,66.582378062486,1.03110800419434,0,0,102,refinement
91,12,0.333240766453763,0.333240766453763,0.0138850319355735,-1.37117152967573,-20.3062853588377,-2.51407520900984,99.6667592335462,66.4587547763542,1.1767447279506,0,0,103,refinement
91,13,0.305470702582616,0.305470702582616,0.0138850319355735,-1.37117152967573,-20.5822048561054,-2.51407520900984,99.6945292974174,66.3295122499438,1.35150879645811,0,0,104,refinement
91,14,0.166620383226881,0.166620383226881,0.0138850319355735,-1.37117152967573,-21.2947637376686,-5.21948049724396,99.8333796167731,66.0092155540571,1.67190958872189,0,0,105,refinement
91,15,0.0277700638711469,0.0277700638711469,0,-5.86529889330706,-21.5374186481676,-9.37769964530181,99.9722299361289,65.8293998651382,1.93405569148316,0,1,106,refinement
91,16,0.0277700638711469,0.0277700638711469,0,-5.86529889330706,-21.7693609886433,-10.4458653684705,99.9722299361289,65.5877725331535,2.13794710474193,0,1,107,refinement
91,17,0,0,0,-7.64736515645498,-22.3027754185246,-12.1531011678275,100,65.3517644414475,2.44087149015496,1,1,108,refinement
91,18,0,0,0,-7.95132043030173,-22.9503458375811,-12.8835385585693,100,65.1831872330861,3.00594197832926,1,1,109,refinement
91,19,0,0,0,-11.254847735886,-23.5886880605111,-13.5376901064178,100,64.8291750955271,3.42537574274729,1,1,110,refinement
91,20,0,0,0,-12.5280129199558,-23.9538557666263,-13.7592001260222,100,64.5313553607552,3.71082372130957,1,1,111,refinement
91,21,0,0,0,-12.5280129199558,-24.2540487718005,-14.0511560789531,100,64.2279163857047,4.14773389257835,1,1,112,refinement
91,22,0,0,0,-14.0272369159983,-24.4752492817707,-14.9798577573467,100,63.9357158912115,4.45648374694163,1,1,113,refinement
91,23,0,0,0,-14.0431950525926,-24.8490968081033,-15.2743554180941,100,63.5592267925377,4.80601188395666,1,1,114,refinement
91,24,0,0,0,-15.2678807263756,-25.2522438984017,-15.4799064730194,100,63.0197797257811,5.19441069258809,1,1,115,refinement
91,25,0,0,0,-15.3319865849756,-25.8258166346306,-15.9433428849114,100,62.4072825354012,5.84447144592953,1,1,116,refinement
91,26,0,0,0,-15.8726189769093,-26.3968619312547,-17.4956909576067,100,61.5812542144302,6.61603888213852,1,1,117,refinement
91,27,0,0,0,-16.7154962277596,-26.6641594021013,-18.662743011946,100,60.7889413351315,7.64277035236938,1,1,118,refinement
92,8,0.416550958067203,0.416550958067203,0.305470702582616,-1.37117152967573,-18.9310815049191,-2.42364161209598,99.5834490419328,67.6949876376714,0.644405389572349,0,0,100,refinement
92,9,0.388780894196057,0.388780894196057,0.249930574840322,-1.37117152967573,-19.202154410896,-2.42364161209598,99.6112191058039,67.6500337154417,0.749853544229643,0,0,101,refinement
92,10,0.36101083032491,0.36101083032491,0.222160510969175,-1.37117152967573,-19.4847548530674,-2.42364161209598,99.6389891696751,67.5488873904248,0.884592852958407,0,0,102,refinement
92,11,0.333240766453763,0.333240766453763,0.0138850319355735,-1.37117152967573,-19.9078949109443,-2.51407520900984,99.6667592335462,67.3465947403911,1.03110800419434,0,0,103,refinement
92,12,0.333240766453763,0.333240766453763,0.0138850319355735,-1.37117152967573,-20.3062853588377,-2.51407520900984,99.6667592335462,67.2229714542594,1.1767447279506,0,0,104,refinement
92,13,0.305470702582616,0.305470702582616,0.0138850319355735,-1.37117152967573,-20.5822048561054,-2.51407520900984,99.6945292974174,67.093728927849,1.35150879645811,0,0,105,refinement
92,14,0.166620383226881,0.166620383226881,0.0138850319355735,-1.37117152967573,-21.2947637376686,-5.21948049724396,99.8333796167731,66.7734322319622,1.67190958872189,0,0,106,refinement
92,15,0.0277700638711469,0.0277700638711469,0,-5.86529889330706,-21.5374186481676,-9.37769964530181,99.9722299361289,66.5936165430434,1.93405569148316,0,1,107,refinement
92,16,0.0277700638711469,0.0277700638711469,0,-5.86529889330706,-21.7693609886433,-10.4458653684705,99.9722299361289,66.3519892110587,2.13794710474193,0,1,108,refinement
92,17,0,0,0,-7.64736515645498,-22.3027754185246,-12.1531011678275,100,66.1159811193527,2.44087149015496,1,1,109,refinement
92,18,0,0,0,-7.95132043030173,-22.9503458375811,-12.8835385585693,100,65.9474039109912,3.00594197832926,1,1,110,refinement
92,19,0,0,0,-11.254847735886,-23.5886880605111,-13.5376901064178,100,65.5933917734322,3.42537574274729,1,1,111,refinement
92,20,0,0,0,-12.5280129199558,-23.9538557666263,-13.7592001260222,100,65.2955720386604,3.71082372130957,1,1,112,refinement
92,21,0,0,0,-12.5280129199558,-24.2540487718005,-14.0511560789531,100,64.9921330636098,4.14773389257835,1,1,113,refinement
92,22,0,0,0,-14.0272369159983,-24.4752492817707,-14.9798577573467,100,64.6999325691167,4.45648374694163,1,1,114,refinement
92,23,0,0,0,-14.0431950525926,-24.8490968081033,-15.2743554180941,100,64.3234434704428,4.80601188395666,1,1,115,refinement
92,24,0,0,0,-15.2678807263756,-25.2522438984017,-15.4799064730194,100,63.7839964036862,5.19441069258809,1,1,116,refinement
92,25,0,0,0,-15.3319865849756,-25.8258166346306,-15.9433428849114,100,63.1714992133064,5.84447144592953,1,1,117,refinement
92,26,0,0,0,-15.8726189769093,-26.3968619312547,-17.4956909576067,100,62.3454708923354,6.61603888213852,1,1,118,refinement
92,27,0,0,0,-16.7154962277596,-26.6641594021013,-18.662743011946,100,61.5531580130366,7.64277035236938,1,1,119,refinement
93,8,0.416550958067203,0.416550958067203,0.305470702582616,-1.37117152967573,-18.9310815049191,-2.42364161209598,99.5834490419328,68.391773432232,0.644405389572349,0,0,101,refinement
93,9,0.388780894196057,0.388780894196057,0.249930574840322,-1.37117152967573,-19.202154410896,-2.42364161209598,99.6112191058039,68.3468195100022,0.749853544229643,0,0,102,refinement
93,10,0.36101083032491,0.36101083032491,0.222160510969175,-1.37117152967573,-19.4847548530674,-2.42364161209598,99.6389891696751,68.2456731849854,0.884592852958407,0,0,103,refinement
93,11,0.333240766453763,0.333240766453763,0.0138850319355735,-1.37117152967573,-19.9078949109443,-2.51407520900984,99.6667592335462,68.0433805349517,1.03110800419434,0,0,104,refinement
93,12,0.333240766453763,0.333240766453763,0.0138850319355735,-1.37117152967573,-20.3062853588377,-2.51407520900984,99.6667592335462,67.91975724882,1.1767447279506,0,0,105,refinement
93,13,0.305470702582616,0.305470702582616,0.0138850319355735,-1.37117152967573,-20.5822048561054,-2.51407520900984,99.6945292974174,67.7905147224095,1.35150879645811,0,0,106,refinement
93,14,0.166620383226881,0.166620383226881,0.0138850319355735,-1.37117152967573,-21.2947637376686,-5.21948049724396,99.8333796167731,67.4702180265228,1.67190958872189,0,0,107,refinement
93,15,0.0277700638711469,0.0277700638711469,0,-5.86529889330706,-21.5374186481676,-9.37769964530181,99.9722299361289,67.290402337604,1.93405569148316,0,1,108,refinement
93,16,0.0277700638711469,0.0277700638711469,0,-5.86529889330706,-21.7693609886433,-10.4458653684705,99.9722299361289,67.0487750056192,2.13794710474193,0,1,109,refinement
93,17,0,0,0,-7.64736515645498,-22.3027754185246,-12.1531011678275,100,66.8127669139132,2.44087149015496,1,1,110,refinement
93,18,0,0,0,-7.95132043030173,-22.9503458375811,-12.8835385585693,100,66.6441897055518,3.00594197832926,1,1,111,refinement
93,19,0,0,0,-11.254847735886,-23.5886880605111,-13.5376901064178,100,66.2901775679928,3.42537574274729,1,1,112,refinement
93,20,0,0,0,-12.5280129199558,-23.9538557666263,-13.7592001260222,100,65.992357833221,3.71082372130957,1,1,113,refinement
93,21,0,0,0,-12.5280129199558,-24.2540487718005,-14.0511560789531,100,65.6889188581704,4.14773389257835,1,1,114,refinement
93,22,0,0,0,-14.0272369159983,-24.4752492817707,-14.9798577573467,100,65.3967183636772,4.45648374694163,1,1,115,refinement
93,23,0,0,0,-14.0431950525926,-24.8490968081033,-15.2743554180941,100,65.0202292650034,4.80601188395666,1,1,116,refinement
93,24,0,0,0,-15.2678807263756,-25.2522438984017,-15.4799064730194,100,64.4807821982468,5.19441069258809,1,1,117,refinement
93,25,0,0,0,-15.3319865849756,-25.8258166346306,-15.9433428849114,100,63.8682850078669,5.84447144592953,1,1,118,refinement
93,26,0,0,0,-15.8726189769093,-26.3968619312547,-17.4956909576067,100,63.0422566868959,6.61603888213852,1,1,119,refinement
93,27,0,0,0,-16.7154962277596,-26.6641594021013,-18.662743011946,100,62.2499438075972,7.64277035236938,1,1,120,refinement
94,8,0.416550958067203,0.416550958067203,0.305470702582616,-1.37117152967573,-18.9310815049191,-2.42364161209598,99.5834490419328,69.0492245448415,0.644405389572349,0,0,102,refinement
94,9,0.388780894196057,0.388780894196057,0.249930574840322,-1.37117152967573,-19.202154410896,-2.42364161209598,99.6112191058039,69.0042706226118,0.749853544229643,0,0,103,refinement
94,10,0.36101083032491,0.36101083032491,0.222160510969175,-1.37117152967573,-19.4847548530674,-2.42364161209598,99.6389891696751,68.903124297595,0.884592852958407,0,0,104,refinement
94,11,0.333240766453763,0.333240766453763,0.0138850319355735,-1.37117152967573,-19.9078949109443,-2.51407520900984,99.6667592335462,68.7008316475612,1.03110800419434,0,0,105,refinement
94,12,0.333240766453763,0.333240766453763,0.0138850319355735,-1.37117152967573,-20.3062853588377,-2.51407520900984,99.6667592335462,68.5772083614295,1.1767447279506,0,0,106,refinement
94,13,0.305470702582616,0.305470702582616,0.0138850319355735,-1.37117152967573,-20.5822048561054,-2.51407520900984,99.6945292974174,68.4479658350191,1.35150879645811,0,0,107,refinement
94,14,0.166620383226881,0.166620383226881,0.0138850319355735,-1.37117152967573,-21.2947637376686,-5.21948049724396,99.8333796167731,68.1276691391324,1.67190958872189,0,0,108,refinement
94,15,0.0277700638711469,0.0277700638711469,0,-5.86529889330706,-21.5374186481676,-9.37769964530181,99.9722299361289,67.9478534502135,1.93405569148316,0,1,109,refinement
94,16,0.0277700638711469,0.0277700638711469,0,-5.86529889330706,-21.7693609886433,-10.4458653684705,99.9722299361289,67.7062261182288,2.13794710474193,0,1,110,refinement
94,17,0,0,0,-7.64736515645498,-22.3027754185246,-12.1531011678275,100,67.4702180265228,2.44087149015496,1,1,111,refinement
94,18,0,0,0,-7.95132043030173,-22.9503458375811,-12.8835385585693,100,67.3016408181614,3.00594197832926,1,1,112,refinement
94,19,0,0,0,-11.254847735886,-23.5886880605111,-13.5376901064178,100,66.9476286806024,3.42537574274729,1,1,113,refinement
94,20,0,0,0,-12.5280129199558,-23.9538557666263,-13.7592001260222,100,66.6498089458305,3.71082372130957,1,1,114,refinement
94,21,0,0,0,-12.5280129199558,-24.2540487718005,-14.0511560789531,100,66.3463699707799,4.14773389257835,1,1,115,refinement
94,22,0,0,0,-14.0272369159983,-24.4752492817707,-14.9798577573467,100,66.0541694762868,4.45648374694163,1,1,116,refinement
94,23,0,0,0,-14.0431950525926,-24.8490968081033,-15.2743554180941,100,65.6776803776129,4.80601188395666,1,1,117,refinement
94,24,0,0,0,-15.2678807263756,-25.2522438984017,-15.4799064730194,100,65.1382333108564,5.19441069258809,1,1,118,refinement
94,25,0,0,0,-15.3319865849756,-25.8389189485257,-15.9433428849114,100,64.5257361204765,5.84447144592953,1,1,119,refinement
94,26,0,0,0,-15.8726189769093,-26.3968619312547,-17.4956909576067,100,63.6997077995055,6.61603888213852,1,1,120,refinement
94,27,0,0,0,-16.7154962277596,-26.6641594021013,-18.662743011946,100,62.9073949202068,7.64277035236938,1,1,121,refinement
95,8,0.416550958067203,0.416550958067203,0.305470702582616,-1.37117152967573,-18.9310815049191,-2.42364161209598,99.5834490419328,69.8246797033041,0.644405389572349,0,0,103,refinement
95,9,0.388780894196057,0.388780894196057,0.249930574840322,-1.37117152967573,-19.202154410896,-2.42364161209598,99.6112191058039,69.7797257810744,0.749853544229643,0,0,104,refinement
95,10,0.36101083032491,0.36101083032491,0.222160510969175,-1.37117152967573,-19.4847548530674,-2.42364161209598,99.6389891696751,69.6785794560575,0.884592852958407,0,0,105,refinement
95,11,0.333240766453763,0.333240766453763,0.0138850319355735,-1.37117152967573,-19.9078949109443,-2.51407520900984,99.6667592335462,69.4762868060238,1.03110800419434,0,0,106,refinement
95,12,0.333240766453763,0.333240766453763,0.0138850319355735,-1.37117152967573,-20.3062853588377,-2.51407520900984,99.6667592335462,69.3526635198921,1.1767447279506,0,0,107,refinement
95,13,0.305470702582616,0.305470702582616,0.0138850319355735,-1.37117152967573,-20.5822048561054,-2.51407520900984,99.6945292974174,69.2234209934817,1.35150879645811,0,0,108,refinement
95,14,0.166620383226881,0.166620383226881,0.0138850319355735,-1.37117152967573,-21.2947637376686,-5.21948049724396,99.8333796167731,68.903124297595,1.67190958872189,0,0,109,refinement
95,15,0.0277700638711469,0.0277700638711469,0,-5.86529889330706,-21.5374186481676,-9.37769964530181,99.9722299361289,68.7233086086761,1.93405569148316,0,1,110,refinement
95,16,0.0277700638711469,0.0277700638711469,0,-5.86529889330706,-21.7693609886433,-10.4458653684705,99.9722299361289,68.4816812766914,2.13794710474193,0,1,111,refinement
95,17,0,0,0,-7.64736515645498,-22.3027754185246,-12.1531011678275,100,68.2456731849854,2.44087149015496,1,1,112,refinement
95,18,0,0,0,-7.95132043030173,-22.9503458375811,-12.8835385585693,100,68.077095976624,3.00594197832926,1,1,113,refinement
95,19,0,0,0,-11.254847735886,-23.5886880605111,-13.5376901064178,100,67.723083839065,3.42537574274729,1,1,114,refinement
95,20,0,0,0,-12.5280129199558,-23.9538557666263,-13.7592001260222,100,67.4252641042931,3.71082372130957,1,1,115,refinement
95,21,0,0,0,-12.5280129199558,-24.2540487718005,-14.0511560789531,100,67.1218251292425,4.14773389257835,1,1,116,refinement
95,22,0,0,0,-14.0272369159983,-24.4752492817707,-14.9798577573467,100,66.8296246347494,4.45648374694163,1,1,117,refinement
95,23,0,0,0,-14.0431950525926,-24.8490968081033,-15.2743554180941,100,66.4531355360755,4.80601188395666,1,1,118,refinement
95,24,0,0,0,-15.2678807263756,-25.2522438984017,-15.4799064730194,100,65.9136884693189,5.19441069258809,1,1,119,refinement
95,25,0,0,0,-15.3319865849756,-25.8389189485257,-15.9433428849114,100,65.3011912789391,5.84447144592953,1,1,120,refinement
95,26,0,0,0,-15.8726189769093,-26.3968619312547,-17.4956909576067,100,64.4751629579681,6.61603888213852,1,1,121,refinement
95,27,0,0,0,-16.7154962277596,-26.6641594021013,-18.662743011946,100,63.6828500786694,7.64277035236938,1,1,122,refinement
96,8,0.416550958067203,0.416550958067203,0.305470702582616,-1.37117152967573,-18.9310815049191,-2.42364161209598,99.5834490419328,70.4259384131265,0.644405389572349,0,0,104,refinement
96,9,0.388780894196057,0.388780894196057,0.249930574840322,-1.37117152967573,-19.202154410896,-2.42364161209598,99.6112191058039,70.3809844908968,0.749853544229643,0,0,105,refinement
96,10,0.36101083032491,0.36101083032491,0.222160510969175,-1.37117152967573,-19.4847548530674,-2.42364161209598,99.6389891696751,70.27983816588,0.884592852958407,0,0,106,refinement
96,11,0.333240766453763,0.333240766453763,0.0138850319355735,-1.37117152967573,-19.9078949109443,-2.51407520900984,99.6667592335462,70.0775455158463,1.03110800419434,0,0,107,refinement
96,12,0.333240766453763,0.333240766453763,0.0138850319355735,-1.37117152967573,-20.3062853588377,-2.51407520900984,99.6667592335462,69.9539222297145,1.1767447279506,0,0,108,refinement
96,13,0.305470702582616,0.305470702582616,0.0138850319355735,-1.37117152967573,-20.5822048561054,-2.51407520900984,99.6945292974174,69.8246797033041,1.35150879645811,0,0,109,refinement
96,14,0.166620383226881,0.166620383226881,0.0138850319355735,-1.37117152967573,-21.2947637376686,-5.21948049724396,99.8333796167731,69.5043830074174,1.67190958872189,0,0,110,refinement
96,15,0.0277700638711469,0.0277700638711469,0,-5.86529889330706,-21.5374186481676,-9.37769964530181,99.9722299361289,69.3245673184985,1.93405569148316,0,1,111,refinement
96,16,0.0277700638711469,0.0277700638711469,0,-5.86529889330706,-21.7693609886433,-10.4458653684705,99.9722299361289,69.0829399865138,2.13794710474193,0,1,112,refinement
96,17,0,0,0,-7.64736515645498,-22.3027754185246,-12.1531011678275,100,68.8469318948078,2.44087149015496,1,1,113,refinement
96,18,0,0,0,-7.95132043030173,-22.9503458375811,-12.8835385585693,100,68.6783546864464,3.00594197832926,1,1,114,refinement
96,19,0,0,0,-11.254847735886,-23.5886880605111,-13.5376901064178,100,68.3243425488874,3.42537574274729,1,1,115,refinement
96,20,0,0,0,-12.5280129199558,-23.9538557666263,-13.7592001260222,100,68.0265228141155,3.71082372130957,1,1,116,refinement
96,21,0,0,0,-12.5280129199558,-24.2540487718005,-14.0511560789531,100,67.723083839065,4.14773389257835,1,1,117,refinement
96,22,0,0,0,-14.0272369159983,-24.4752492817707,-14.9798577573467,100,67.4308833445718,4.45648374694163,1,1,118,refinement
96,23,0,0,0,-14.0431950525926,-24.8490968081033,-15.2743554180941,100,67.054394245898,4.80601188395666,1,1,119,refinement
96,24,0,0,0,-15.2678807263756,-25.2522438984017,-15.4799064730194,100,66.5149471791414,5.19441069258809,1,1,120,refinement
96,25,0,0,0,-15.3319865849756,-25.8389189485257,-15.9433428849114,100,65.9024499887615,5.84447144592953,1,1,121,refinement
96,26,0,0,0,-15.8726189769093,-26.3968619312547,-17.4956909576067,100,65.0764216677905,6.61603888213852,1,1,122,refinement
96,27,0,0,0,-16.7154962277596,-26.6641594021013,-18.662743011946,100,64.2841087884918,7.64277035236938,1,1,123,refinement
97,8,0.416550958067203,0.416550958067203,0.305470702582616,-1.37117152967573,-18.9310815049191,-2.42364161209598,99.5834490419328,71.2070128118678,0.644405389572349,0,0,105,refinement
97,9,0.388780894196057,0.388780894196057,0.249930574840322,-1.37117152967573,-19.202154410896,-2.42364161209598,99.6112191058039,71.1620588896381,0.749853544229643,0,0,106,refinement
97,10,0.36101083032491,0.36101083032491,0.222160510969175,-1.37117152967573,-19.4847548530674,-2.42364161209598,99.6389891696751,71.0609125646213,0.884592852958407,0,0,107,refinement
97,11,0.333240766453763,0.333240766453763,0.0138850319355735,-1.37117152967573,-19.9078949109443,-2.51407520900984,99.6667592335462,70.8586199145875,1.03110800419434,0,0,108,refinement
97,12,0.333240766453763,0.333240766453763,0.0138850319355735,-1.37117152967573,-20.3062853588377,-2.51407520900984,99.6667592335462,70.7349966284558,1.1767447279506,0,0,109,refinement
97,13,0.305470702582616,0.305470702582616,0.0138850319355735,-1.37117152967573,-20.5822048561054,-2.51407520900984,99.6945292974174,70.6057541020454,1.35150879645811,0,0,110,refinement
97,14,0.166620383226881,0.166620383226881,0.0138850319355735,-1.37117152967573,-21.2947637376686,-5.21948049724396,99.8333796167731,70.2854574061587,1.67190958872189,0,0,111,refinement
97,15,0.0277700638711469,0.0277700638711469,0,-5.86529889330706,-21.5374186481676,-9.37769964530181,99.9722299361289,70.1056417172398,1.93405569148316,0,1,112,refinement
97,16,0.0277700638711469,0.0277700638711469,0,-5.86529889330706,-21.7693609886433,-10.4458653684705,99.9722299361289,69.8640143852551,2.13794710474193,0,1,113,refinement
97,17,0,0,0,-7.64736515645498,-22.3027754185246,-12.1531011678275,100,69.6280062935491,2.44087149015496,1,1,114,refinement
97,18,0,0,0,-7.95132043030173,-22.9503458375811,-12.8835385585693,100,69.4594290851877,3.00594197832926,1,1,115,refinement
97,19,0,0,0,-11.254847735886,-23.5886880605111,-13.5376901064178,100,69.1054169476287,3.42537574274729,1,1,116,refinement
97,20,0,0,0,-12.5280129199558,-23.9538557666263,-13.7592001260222,100,68.8075972128568,3.71082372130957,1,1,117,refinement
97,21,0,0,0,-12.5280129199558,-24.2540487718005,-14.0511560789531,100,68.5041582378063,4.14773389257835,1,1,118,refinement
97,22,0,0,0,-14.0272369159983,-24.4752492817707,-14.9798577573467,100,68.2119577433131,4.45648374694163,1,1,119,refinement
97,23,0,0,0,-14.0431950525926,-24.8490968081033,-15.2743554180941,100,67.8354686446392,4.80601188395666,1,1,120,refinement
97,24,0,0,0,-15.2678807263756,-25.2522438984017,-15.4799064730194,100,67.2960215778827,5.19441069258809,1,1,121,refinement
97,25,0,0,0,-15.3319865849756,-25.8389189485257,-15.9433428849114,100,66.6835243875028,5.84447144592953,1,1,122,refinement
97,26,0,0,0,-15.8726189769093,-26.3968619312547,-17.4956909576067,100,65.8574960665318,6.61603888213852,1,1,123,refinement
97,27,0,0,0,-16.7154962277596,-26.6641594021013,-18.662743011946,100,65.0651831872331,7.64277035236938,1,1,124,refinement
144.63891418811,8,0.416550958067203,0.416550958067203,0.305470702582616,-1.37117152967573,-18.9310815049191,-2.42364161209598,99.5834490419328,99.6051032806804,0.644405389572349,0,0,152.63891418811,refinement
144.63891418811,9,0.388780894196057,0.388780894196057,0.249930574840322,-1.37117152967573,-19.202154410896,-2.42364161209598,99.6112191058039,99.5565006075334,0.749853544229643,0,0,153.63891418811,refinement
144.63891418811,10,0.36101083032491,0.36101083032491,0.222160510969175,-1.37117152967573,-19.4847548530674,-2.42364161209598,99.6389891696751,99.453219927096,0.884592852958407,0,0,154.63891418811,refinement
144.63891418811,11,0.333240766453763,0.333240766453763,0.0138850319355735,-1.37117152967573,-19.9078949109443,-2.51407520900984,99.6667592335462,99.3317132442284,1.03110800419434,0,0,155.63891418811,refinement
144.63891418811,12,0.333240766453763,0.333240766453763,0.0138850319355735,-1.37117152967573,-20.3062853588377,-2.51407520900984,99.6667592335462,99.0947752126367,1.1767447279506,0,0,156.63891418811,refinement
144.63891418811,13,0.305470702582616,0.305470702582616,0.0138850319355735,-1.37117152967573,-20.5822048561054,-2.51407520900984,99.6945292974174,98.8821385176185,1.35150879645811,0,0,157.63891418811,refinement
144.63891418811,14,0.166620383226881,0.166620383226881,0.0138850319355735,-1.37117152967573,-21.2947637376686,-5.21948049724396,99.8333796167731,98.7059538274605,1.67190958872189,0,0,158.63891418811,refinement
144.63891418811,15,0.0277700638711469,0.0277700638711469,0,-5.86529889330706,-21.5374186481676,-9.37769964530176,99.9722299361289,98.4204131227218,1.93405569148316,0,1,159.63891418811,refinement
144.63891418811,16,0.0277700638711469,0.0277700638711469,0,-5.86529889330706,-21.7693609886433,-10.4458653684705,99.9722299361289,98.1409477521264,2.13794710474193,0,1,160.63891418811,refinement
144.63891418811,17,0,0,0,-7.64736515645498,-22.3027754185246,-12.1531011678276,100,97.8815464149247,2.44087149015496,1,1,161.63891418811,refinement
144.63891418811,18,0,0,0,-7.95132043030173,-22.9503458375811,-12.8835385585693,100,97.7129692065633,3.00594197832926,1,1,162.63891418811,refinement
144.63891418811,19,0,0,0,-11.254847735886,-23.5886880605111,-13.5376901064178,100,97.3589570690043,3.42537574274729,1,1,163.63891418811,refinement
144.63891418811,20,0,0,0,-12.5280129199558,-23.9538557666263,-13.7592001260222,100,97.0611373342324,3.71082372130957,1,1,164.63891418811,refinement
144.63891418811,21,0,0,0,-12.5280129199558,-24.2540487718005,-14.0511560789531,100,96.7576983591818,4.14773389257835,1,1,165.63891418811,refinement
144.63891418811,22,0,0,0,-14.0272369159983,-24.4752492817707,-14.9798577573467,100,96.4654978646887,4.45648374694163,1,1,166.63891418811,refinement
144.63891418811,23,0,0,0,-14.0431950525926,-24.8490968081033,-15.2743554180941,100,96.0890087660148,4.80601188395666,1,1,167.63891418811,refinement
144.63891418811,24,0,0,0,-15.2678807263756,-25.2522438984017,-15.4799064730194,100,95.5495616992583,5.19441069258809,1,1,168.63891418811,refinement
144.63891418811,25,0,0,0,-15.3319865849756,-25.8389189485257,-15.9433428849114,100,94.9370645088784,5.84447144592953,1,1,169.63891418811,refinement
144.63891418811,26,0,0,0,-15.8726189769093,-26.3968619312547,-17.4956909576067,100,94.1110361879074,6.61603888213852,1,1,170.63891418811,refinement
144.63891418811,27,0,0,0,-16.7154962277596,-26.6641594021013,-18.662743011946,100,93.4055691483164,7.64277035236938,1,1,171.63891418811,refinement
144.63891418811,144.63891418811,0,0,0,-2948.41956873937,-2948.41956873937,-2948.41956873937,100,0,100,1,1,289.277828376221,refinement
85.5,13.5,0.277700638711469,0.277700638711469,0.0694251596778673,-1.37117152967573,-20.8592308529086,-2.51407520900984,99.7222993612885,62.0926050797932,1.40976348596062,0,0,99,final
85.5,14,0.166620383226881,0.166620383226881,0.0694251596778673,-1.37117152967573,-21.2947637376686,-5.21948049724396,99.8333796167731,61.9240278714318,1.67190958872189,0,0,99.5,final
85.5,14.5,0.111080255484588,0.111080255484588,0.0277700638711469,-2.18197106461571,-21.4094936080151,-6.17550936126464,99.8889197445154,61.8397392672511,1.82919725037866,0,0,100,final
85.5,15,0.111080255484588,0.111080255484588,0.0138850319355735,-2.18197106461571,-21.5374186481676,-6.17550936126464,99.8889197445154,61.7442121825129,1.93405569148316,0,0,100.5,final
85.5,15.5,0.111080255484588,0.111080255484588,0.0138850319355735,-2.18197106461571,-21.6941742701376,-6.17550936126464,99.8889197445154,61.6037311755451,2.07386694628918,0,0,101,final
85.5,16,0.111080255484588,0.111080255484588,0.0138850319355735,-2.18197106461571,-21.7693609886433,-6.17550936126464,99.8889197445154,61.5025848505282,2.13794710474193,0,0,101.5,final
85.5,16.5,0.111080255484588,0.111080255484588,0,-2.18197106461571,-22.0281518746059,-6.17550936126464,99.8889197445154,61.3733423241178,2.32436211114995,0,0,102,final
85.5,17,0.111080255484588,0.111080255484588,0,-2.18197106461571,-22.3027754185246,-6.17550936126464,99.8889197445154,61.2665767588222,2.44087149015496,0,0,102.5,final
85.5,17.5,0.111080255484588,0.111080255484588,0,-2.18197106461571,-22.8803181051553,-6.17550936126464,99.8889197445154,61.1879073949202,2.81952697192124,0,0,103,final
85.5,18,0.111080255484588,0.111080255484588,0,-2.18197106461571,-22.9503458375811,-6.17550936126464,99.8889197445154,61.0979995504608,3.00594197832926,0,0,103.5,final
85.5,18.5,0.111080255484588,0.111080255484588,0,-2.18197106461571,-23.4007858068167,-6.17550936126464,99.8889197445154,60.8957069004271,3.20983339158802,0,0,104,final
86,13.5,0.277700638711469,0.277700638711469,0.0694251596778673,-1.37117152967573,-20.8592308529086,-2.51407520900984,99.7222993612885,62.2892784895482,1.40976348596062,0,0,99.5,final
86,14,0.166620383226881,0.166620383226881,0.0694251596778673,-1.37117152967573,-21.2947637376686,-5.21948049724396,99.8333796167731,62.1207012811868,1.67190958872189,0,0,100,final
86,14.5,0.111080255484588,0.111080255484588,0.0277700638711469,-2.18197106461571,-21.4094936080151,-6.17550936126464,99.8889197445154,62.0364126770061,1.82919725037866,0,0,100.5,final
86,15,0.111080255484588,0.111080255484588,0.0138850319355735,-2.18197106461571,-21.5374186481676,-6.17550936126464,99.8889197445154,61.9408855922679,1.93405569148316,0,0,101,final
86,15.5,0.111080255484588,0.111080255484588,0.0138850319355735,-2.18197106461571,-21.6941742701376,-6.17550936126464,99.8889197445154,61.8004045853001,2.07386694628918,0,0,101.5,final
86,16,0.111080255484588,0.111080255484588,0.0138850319355735,-2.18197106461571,-21.7693609886433,-6.17550936126464,99.8889197445154,61.6992582602832,2.13794710474193,0,0,102,final
86,16.5,0.111080255484588,0.111080255484588,0,-2.18197106461571,-22.0281518746059,-6.17550936126464,99.8889197445154,61.5700157338728,2.32436211114995,0,0,102.5,final
86,17,0.111080255484588,0.111080255484588,0,-2.18197106461571,-22.3027754185246,-6.17550936126464,99.8889197445154,61.4632501685772,2.44087149015496,0,0,103,final
86,17.5,0.111080255484588,0.111080255484588,0,-2.18197106461571,-22.8803181051553,-6.17550936126464,99.8889197445154,61.3845808046752,2.81952697192124,0,0,103.5,final
86,18,0.111080255484588,0.111080255484588,0,-2.18197106461571,-22.9503458375811,-6.17550936126464,99.8889197445154,61.2946729602158,3.00594197832926,0,0,104,final
86,18.5,0.111080255484588,0.111080255484588,0,-2.18197106461571,-23.4007858068167,-6.17550936126464,99.8889197445154,61.0923803101821,3.20983339158802,0,0,104.5,final
86.5,13.5,0.277700638711469,0.277700638711469,0.0555401277422938,-1.37117152967573,-20.8592308529086,-2.51407520900984,99.7222993612885,62.6039559451562,1.40976348596062,0,0,100,final
86.5,14,0.166620383226881,0.166620383226881,0.0555401277422938,-1.37117152967573,-21.2947637376686,-5.21948049724396,99.8333796167731,62.4353787367948,1.67190958872189,0,0,100.5,final
86.5,14.5,0.0833101916134407,0.0833101916134407,0.0277700638711469,-2.18197106461571,-21.4094936080151,-7.6780646391134,99.9166898083866,62.3510901326141,1.82919725037866,0,1,101,final
86.5,15,0.0833101916134407,0.0833101916134407,0.0138850319355735,-2.18197106461571,-21.5374186481676,-9.26796823994189,99.9166898083866,62.2555630478759,1.93405569148316,0,1,101.5,final
86.5,15.5,0.0833101916134407,0.0833101916134407,0.0138850319355735,-2.18197106461571,-21.6941742701376,-9.41402888811428,99.9166898083866,62.1150820409081,2.07386694628918,0,1,102,final
86.5,16,0.0833101916134407,0.0833101916134407,0.0138850319355735,-2.18197106461571,-21.7693609886433,-9.41402888811428,99.9166898083866,62.0139357158912,2.13794710474193,0,1,102.5,final
86.5,16.5,0.0833101916134407,0.0833101916134407,0,-2.18197106461571,-22.0281518746059,-9.41402888811428,99.9166898083866,61.8846931894808,2.32436211114995,0,1,103,final
86.5,17,0.0833101916134407,0.0833101916134407,0,-2.18197106461571,-22.3027754185246,-9.41402888811428,99.9166898083866,61.7779276241852,2.44087149015496,0,1,103.5,final
86.5,17.5,0.0833101916134407,0.0833101916134407,0,-2.18197106461571,-22.8803181051553,-9.4921127659561,99.9166898083866,61.6992582602832,2.81952697192124,0,1,104,final
86.5,18,0.0833101916134407,0.0833101916134407,0,-2.18197106461571,-22.9503458375811,-9.4921127659561,99.9166898083866,61.6093504158238,3.00594197832926,0,1,104.5,final
86.5,18.5,0.0833101916134407,0.0833101916134407,0,-2.18197106461571,-23.4007858068167,-9.4921127659561,99.9166898083866,61.4070577657901,3.20983339158802,0,1,105,final
87,13.5,0.277700638711469,0.277700638711469,0.0416550958067204,-1.37117152967573,-20.8592308529086,-2.51407520900984,99.7222993612885,62.9354911216004,1.40976348596062,0,0,100.5,final
87,14,0.166620383226881,0.166620383226881,0.0416550958067204,-1.37117152967573,-21.2947637376686,-5.21948049724396,99.8333796167731,62.7669139132389,1.67190958872189,0,0,101,final
87,14.5,0.0555401277422938,0.0555401277422938,0.0277700638711469,-2.47838731714504,-21.4094936080151,-7.6780646391134,99.9444598722577,62.6826253090582,1.82919725037866,0,1,101.5,final
87,15,0.0555401277422938,0.0555401277422938,0.0138850319355735,-2.47838731714504,-21.5374186481676,-9.37769964530181,99.9444598722577,62.5870982243201,1.93405569148316,0,1,102,final
87,15.5,0.0555401277422938,0.0555401277422938,0.0138850319355735,-2.47838731714504,-21.6941742701376,-10.124873539473,99.9444598722577,62.4466172173522,2.07386694628918,0,1,102.5,final
87,16,0.0555401277422938,0.0555401277422938,0.0138850319355735,-2.47838731714504,-21.7693609886433,-10.4458653684705,99.9444598722577,62.3454708923354,2.13794710474193,0,1,103,final
87,16.5,0.0555401277422938,0.0555401277422938,0,-2.47838731714504,-22.0281518746059,-11.3996671208279,99.9444598722577,62.2162283659249,2.32436211114995,0,1,103.5,final
87,17,0.0555401277422938,0.0555401277422938,0,-2.47838731714504,-22.3027754185246,-12.1531011678275,99.9444598722577,62.1094628006294,2.44087149015496,0,1,104,final
87,17.5,0.0555401277422938,0.0555401277422938,0,-2.47838731714504,-22.8803181051553,-12.6110533866704,99.9444598722577,62.0307934367274,2.81952697192124,0,1,104.5,final
87,18,0.0555401277422938,0.0555401277422938,0,-2.47838731714504,-22.9503458375811,-12.8835385585693,99.9444598722577,61.9408855922679,3.00594197832926,0,1,105,final
87,18.5,0.0555401277422938,0.0555401277422938,0,-2.47838731714504,-23.4007858068167,-13.5376901064178,99.9444598722577,61.7385929422342,3.20983339158802,0,1,105.5,final
87.5,13.5,0.277700638711469,0.277700638711469,0.0416550958067204,-1.37117152967573,-20.8592308529086,-2.51407520900984,99.7222993612885,63.2389300966509,1.40976348596062,0,0,101,final
87.5,14,0.166620383226881,0.166620383226881,0.0416550958067204,-1.37117152967573,-21.2947637376686,-5.21948049724396,99.8333796167731,63.0703528882895,1.67190958872189,0,0,101.5,final
87.5,14.5,0.0555401277422938,0.0555401277422938,0.0277700638711469,-2.47838731714504,-21.4094936080151,-7.6780646391134,99.9444598722577,62.9860642841088,1.82919725037866,0,1,102,final
87.5,15,0.0555401277422938,0.0555401277422938,0.0138850319355735,-2.47838731714504,-21.5374186481676,-9.37769964530181,99.9444598722577,62.8905371993706,1.93405569148316,0,1,102.5,final
87.5,15.5,0.0555401277422938,0.0555401277422938,0.0138850319355735,-2.47838731714504,-21.6941742701376,-10.124873539473,99.9444598722577,62.7500561924028,2.07386694628918,0,1,103,final
87.5,16,0.0555401277422938,0.0555401277422938,0.0138850319355735,-2.47838731714504,-21.7693609886433,-10.4458653684705,99.9444598722577,62.6489098673859,2.13794710474193,0,1,103.5,final
87.5,16.5,0.0555401277422938,0.0555401277422938,0,-2.47838731714504,-22.0281518746059,-11.3996671208279,99.9444598722577,62.5196673409755,2.32436211114995,0,1,104,final
87.5,17,0.0555401277422938,0.0555401277422938,0,-2.47838731714504,-22.3027754185246,-12.1531011678275,99.9444598722577,62.4129017756799,2.44087149015496,0,1,104.5,final
87.5,17.5,0.0555401277422938,0.0555401277422938,0,-2.47838731714504,-22.8803181051553,-12.6110533866704,99.9444598722577,62.3342324117779,2.81952697192124,0,1,105,final
87.5,18,0.0555401277422938,0.0555401277422938,0,-2.47838731714504,-22.9503458375811,-12.8835385585693,99.9444598722577,62.2443245673185,3.00594197832926,0,1,105.5,final
87.5,18.5,0.0555401277422938,0.0555401277422938,0,-2.47838731714504,-23.4007858068167,-13.5376901064178,99.9444598722577,62.0420319172848,3.20983339158802,0,1,106,final
88,13.5,0.277700638711469,0.277700638711469,0.0277700638711469,-1.37117152967573,-20.8592308529086,-2.51407520900984,99.7222993612885,63.6154191953248,1.40976348596062,0,0,101.5,final
88,14,0.166620383226881,0.166620383226881,0.0277700638711469,-1.37117152967573,-21.2947637376686,-5.21948049724396,99.8333796167731,63.4468419869634,1.67190958872189,0,0,102,final
88,14.5,0.0277700638711469,0.0277700638711469,0.0277700638711469,-2.9880578461227,-21.4094936080151,-7.6780646391134,99.9722299361289,63.3625533827827,1.82919725037866,0,1,102.5,final
88,15,0.0277700638711469,0.0277700638711469,0.0138850319355735,-2.9880578461227,-21.5374186481676,-9.37769964530181,99.9722299361289,63.2670262980445,1.93405569148316,0,1,103,final
88,15.5,0.0277700638711469,0.0277700638711469,0.0138850319355735,-2.9880578461227,-21.6941742701376,-10.124873539473,99.9722299361289,63.1265452910766,2.07386694628918,0,1,103.5,final
88,16,0.0277700638711469,0.0277700638711469,0.0138850319355735,-2.9880578461227,-21.7693609886433,-10.4458653684705,99.9722299361289,63.0253989660598,2.13794710474193,0,1,104,final
88,16.5,0.0277700638711469,0.0277700638711469,0,-2.9880578461227,-22.0281518746059,-11.3996671208279,99.9722299361289,62.8961564396494,2.32436211114995,0,1,104.5,final
88,17,0.0277700638711469,0.0277700638711469,0,-2.9880578461227,-22.3027754185246,-12.1531011678275,99.9722299361289,62.7893908743538,2.44087149015496,0,1,105,final
88,17.5,0.0277700638711469,0.0277700638711469,0,-2.9880578461227,-22.8803181051553,-12.6110533866704,99.9722299361289,62.7107215104518,2.81952697192124,0,1,105.5,final
88,18,0.0277700638711469,0.0277700638711469,0,-2.9880578461227,-22.9503458375811,-12.8835385585693,99.9722299361289,62.6208136659924,3.00594197832926,0,1,106,final
88,18.5,0.0277700638711469,0.0277700638711469,0,-2.9880578461227,-23.4007858068167,-13.5376901064178,99.9722299361289,62.4185210159586,3.20983339158802,0,1,106.5,final
88.5,13.5,0.277700638711469,0.277700638711469,0.0277700638711469,-1.37117152967573,-20.8592308529086,-2.51407520900984,99.7222993612885,64.0649584176219,1.40976348596062,0,0,102,final
88.5,14,0.166620383226881,0.166620383226881,0.0277700638711469,-1.37117152967573,-21.2947637376686,-5.21948049724396,99.8333796167731,63.8963812092605,1.67190958872189,0,0,102.5,final
88.5,14.5,0.0277700638711469,0.0277700638711469,0.0277700638711469,-2.9880578461227,-21.4094936080151,-7.6780646391134,99.9722299361289,63.8120926050798,1.82919725037866,0,1,103,final
88.5,15,0.0277700638711469,0.0277700638711469,0.0138850319355735,-2.9880578461227,-21.5374186481676,-9.37769964530181,99.9722299361289,63.7165655203416,1.93405569148316,0,1,103.5,final
88.5,15.5,0.0277700638711469,0.0277700638711469,0.0138850319355735,-2.9880578461227,-21.6941742701376,-10.124873539473,99.9722299361289,63.5760845133738,2.07386694628918,0,1,104,final
88.5,16,0.0277700638711469,0.0277700638711469,0.0138850319355735,-2.9880578461227,-21.7693609886433,-10.4458653684705,99.9722299361289,63.4749381883569,2.13794710474193,0,1,104.5,final
88.5,16.5,0.0277700638711469,0.0277700638711469,0,-2.9880578461227,-22.0281518746059,-11.3996671208279,99.9722299361289,63.3456956619465,2.32436211114995,0,1,105,final
88.5,17,0.0277700638711469,0.0277700638711469,0,-2.9880578461227,-22.3027754185246,-12.1531011678275,99.9722299361289,63.2389300966509,2.44087149015496,0,1,105.5,final
88.5,17.5,0.0277700638711469,0.0277700638711469,0,-2.9880578461227,-22.8803181051553,-12.6110533866704,99.9722299361289,63.1602607327489,2.81952697192124,0,1,106,final
88.5,18,0.0277700638711469,0.0277700638711469,0,-2.9880578461227,-22.9503458375811,-12.8835385585693,99.9722299361289,63.0703528882895,3.00594197832926,0,1,106.5,final
88.5,18.5,0.0277700638711469,0.0277700638711469,0,-2.9880578461227,-23.4007858068167,-13.5376901064178,99.9722299361289,62.8680602382558,3.20983339158802,0,1,107,final
89,13.5,0.277700638711469,0.277700638711469,0.0138850319355735,-1.37117152967573,-20.8592308529086,-2.51407520900984,99.7222993612885,64.4414475162958,1.40976348596062,0,0,102.5,final
89,14,0.166620383226881,0.166620383226881,0.0138850319355735,-1.37117152967573,-21.2947637376686,-5.21948049724396,99.8333796167731,64.2728703079344,1.67190958872189,0,0,103,final
89,14.5,0.0277700638711469,0.0277700638711469,0.0138850319355735,-5.32350056135417,-21.4094936080151,-7.6780646391134,99.9722299361289,64.1885817037537,1.82919725037866,0,1,103.5,final
89,15,0.0277700638711469,0.0277700638711469,0,-5.86529889330706,-21.5374186481676,-9.37769964530181,99.9722299361289,64.0930546190155,1.93405569148316,0,1,104,final
89,15.5,0.0277700638711469,0.0277700638711469,0,-5.86529889330706,-21.6941742701376,-10.124873539473,99.9722299361289,63.9525736120477,2.07386694628918,0,1,104.5,final
89,16,0.0277700638711469,0.0277700638711469,0,-5.86529889330706,-21.7693609886433,-10.4458653684705,99.9722299361289,63.8514272870308,2.13794710474193,0,1,105,final
89,16.5,0,0,0,-6.39594158293775,-22.0281518746059,-11.3996671208279,100,63.7221847606204,2.32436211114995,1,1,105.5,final
89,17,0,0,0,-7.64736515645498,-22.3027754185246,-12.1531011678275,100,63.6154191953248,2.44087149015496,1,1,106,final
89,17.5,0,0,0,-7.95132043030173,-22.8803181051553,-12.6110533866704,100,63.5367498314228,2.81952697192124,1,1,106.5,final
89,18,0,0,0,-7.95132043030173,-22.9503458375811,-12.8835385585693,100,63.4468419869634,3.00594197832926,1,1,107,final
89,18.5,0,0,0,-8.9595329007002,-23.4007858068167,-13.5376901064178,100,63.2445493369296,3.20983339158802,1,1,107.5,final
89.5,13.5,0.277700638711469,0.277700638711469,0.0138850319355735,-1.37117152967573,-20.8592308529086,-2.51407520900984,99.7222993612885,64.8628905371994,1.40976348596062,0,0,103,final
89.5,14,0.166620383226881,0.166620383226881,0.0138850319355735,-1.37117152967573,-21.2947637376686,-5.21948049724396,99.8333796167731,64.6943133288379,1.67190958872189,0,0,103.5,final
89.5,14.5,0.0277700638711469,0.0277700638711469,0.0138850319355735,-5.32350056135417,-21.4094936080151,-7.6780646391134,99.9722299361289,64.6100247246572,1.82919725037866,0,1,104,final
89.5,15,0.0277700638711469,0.0277700638711469,0,-5.86529889330706,-21.5374186481676,-9.37769964530181,99.9722299361289,64.5144976399191,1.93405569148316,0,1,104.5,final
89.5,15.5,0.0277700638711469,0.0277700638711469,0,-5.86529889330706,-21.6941742701376,-10.124873539473,99.9722299361289,64.3740166329512,2.07386694628918,0,1,105,final
89.5,16,0.0277700638711469,0.0277700638711469,0,-5.86529889330706,-21.7693609886433,-10.4458653684705,99.9722299361289,64.2728703079344,2.13794710474193,0,1,105.5,final
89.5,16.5,0,0,0,-6.39594158293775,-22.0281518746059,-11.3996671208279,100,64.1436277815239,2.32436211114995,1,1,106,final
89.5,17,0,0,0,-7.64736515645498,-22.3027754185246,-12.1531011678275,100,64.0368622162284,2.44087149015496,1,1,106.5,final
89.5,17.5,0,0,0,-7.95132043030173,-22.8803181051553,-12.6110533866704,100,63.9581928523264,2.81952697192124,1,1,107,final
89.5,18,0,0,0,-7.95132043030173,-22.9503458375811,-12.8835385585693,100,63.8682850078669,3.00594197832926,1,1,107.5,final
89.5,18.5,0,0,0,-11.254847735886,-23.4007858068167,-13.5376901064178,100,63.6659923578332,3.20983339158802,1,1,108,final
90,13.5,0.277700638711469,0.277700638711469,0.0138850319355735,-1.37117152967573,-20.8592308529086,-2.51407520900984,99.7222993612885,65.2955720386604,1.40976348596062,0,0,103.5,final
90,14,0.166620383226881,0.166620383226881,0.0138850319355735,-1.37117152967573,-21.2947637376686,-5.21948049724396,99.8333796167731,65.1269948302989,1.67190958872189,0,0,104,final
90,14.5,0.0277700638711469,0.0277700638711469,0.0138850319355735,-5.32350056135417,-21.4094936080151,-7.6780646391134,99.9722299361289,65.0427062261182,1.82919725037866,0,1,104.5,final
90,15,0.0277700638711469,0.0277700638711469,0,-5.86529889330706,-21.5374186481676,-9.37769964530181,99.9722299361289,64.9471791413801,1.93405569148316,0,1,105,final
90,15.5,0.0277700638711469,0.0277700638711469,0,-5.86529889330706,-21.6941742701376,-10.124873539473,99.9722299361289,64.8066981344122,2.07386694628918,0,1,105.5,final
90,16,0.0277700638711469,0.0277700638711469,0,-5.86529889330706,-21.7693609886433,-10.4458653684705,99.9722299361289,64.7055518093954,2.13794710474193,0,1,106,final
90,16.5,0,0,0,-6.39594158293775,-22.0281518746059,-11.3996671208279,100,64.5763092829849,2.32436211114995,1,1,106.5,final
90,17,0,0,0,-7.64736515645498,-22.3027754185246,-12.1531011678275,100,64.4695437176894,2.44087149015496,1,1,107,final
90,17.5,0,0,0,-7.95132043030173,-22.8803181051553,-12.6110533866704,100,64.3908743537874,2.81952697192124,1,1,107.5,final
90,18,0,0,0,-7.95132043030173,-22.9503458375811,-12.8835385585693,100,64.3009665093279,3.00594197832926,1,1,108,final
90,18.5,0,0,0,-11.254847735886,-23.4007858068167,-13.5376901064178,100,64.0986738592942,3.20983339158802,1,1,108.5,final
90.5,13.5,0.277700638711469,0.277700638711469,0.0138850319355735,-1.37117152967573,-20.8592308529086,-2.51407520900984,99.7222993612885,65.7394920206788,1.40976348596062,0,0,104,final
90.5,14,0.166620383226881,0.166620383226881,0.0138850319355735,-1.37117152967573,-21.2947637376686,-5.21948049724396,99.8333796167731,65.5709148123174,1.67190958872189,0,0,104.5,final
90.5,14.5,0.0277700638711469,0.0277700638711469,0.0138850319355735,-5.32350056135417,-21.4094936080151,-7.6780646391134,99.9722299361289,65.4866262081367,1.82919725037866,0,1,105,final
90.5,15,0.0277700638711469,0.0277700638711469,0,-5.86529889330706,-21.5374186481676,-9.37769964530181,99.9722299361289,65.3910991233985,1.93405569148316,0,1,105.5,final
90.5,15.5,0.0277700638711469,0.0277700638711469,0,-5.86529889330706,-21.6941742701376,-10.124873539473,99.9722299361289,65.2506181164307,2.07386694628918,0,1,106,final
90.5,16,0.0277700638711469,0.0277700638711469,0,-5.86529889330706,-21.7693609886433,-10.4458653684705,99.9722299361289,65.1494717914138,2.13794710474193,0,1,106.5,final
90.5,16.5,0,0,0,-6.39594158293775,-22.0281518746059,-11.3996671208279,100,65.0202292650034,2.32436211114995,1,1,107,final
90.5,17,0,0,0,-7.64736515645498,-22.3027754185246,-12.1531011678275,100,64.9134636997078,2.44087149015496,1,1,107.5,final
90.5,17.5,0,0,0,-7.95132043030173,-22.8803181051553,-12.6110533866704,100,64.8347943358058,2.81952697192124,1,1,108,final
90.5,18,0,0,0,-7.95132043030173,-22.9503458375811,-12.8835385585693,100,64.7448864913464,3.00594197832926,1,1,108.5,final
90.5,18.5,0,0,0,-11.254847735886,-23.4007858068167,-13.5376901064178,100,64.5425938413127,3.20983339158802,1,1,109,final
144.63891418811,13.5,0.277700638711469,0.277700638711469,0.0138850319355735,-1.37117152967573,-20.8592308529086,-2.51407520900984,99.7222993612885,98.8092345078979,1.40976348596062,0,0,158.13891418811,final
144.63891418811,14,0.166620383226881,0.166620383226881,0.0138850319355735,-1.37117152967573,-21.2947637376686,-5.21948049724396,99.8333796167731,98.7059538274605,1.67190958872189,0,0,158.63891418811,final
144.63891418811,14.5,0.0277700638711469,0.0277700638711469,0.0138850319355735,-5.32350056135417,-21.4094936080151,-7.6780646391134,99.9722299361289,98.5176184690158,1.82919725037866,0,1,159.13891418811,final
144.63891418811,15,0.0277700638711469,0.0277700638711469,0,-5.86529889330706,-21.5374186481676,-9.37769964530176,99.9722299361289,98.4204131227218,1.93405569148316,0,1,159.63891418811,final
144.63891418811,15.5,0.0277700638711469,0.0277700638711469,0,-5.86529889330706,-21.6941742701376,-10.124873539473,99.9722299361289,98.2187008316476,2.07386694628918,0,1,160.13891418811,final
144.63891418811,16,0.0277700638711469,0.0277700638711469,0,-5.86529889330706,-21.7693609886433,-10.4458653684705,99.9722299361289,98.1409477521264,2.13794710474193,0,1,160.63891418811,final
144.63891418811,16.5,0,0,0,-6.39594158293775,-22.0281518746059,-11.3996671208279,100,97.9883119802203,2.32436211114995,1,1,161.13891418811,final
144.63891418811,17,0,0,0,-7.64736515645498,-22.3027754185246,-12.1531011678276,100,97.8815464149247,2.44087149015496,1,1,161.63891418811,final
144.63891418811,17.5,0,0,0,-7.95132043030173,-22.8803181051553,-12.6110533866704,100,97.8028770510227,2.81952697192124,1,1,162.13891418811,final
144.63891418811,18,0,0,0,-7.95132043030173,-22.9503458375811,-12.8835385585693,100,97.7129692065633,3.00594197832926,1,1,162.63891418811,final
144.63891418811,18.5,0,0,0,-11.254847735886,-23.4007858068167,-13.5376901064178,100,97.5106765565296,3.20983339158802,1,1,163.13891418811,final
144.63891418811,144.63891418811,0,0,0,-2948.41956873937,-2948.41956873937,-2948.41956873937,100,0,100,1,1,289.277828376221,final
