Time,AggregateInterferenceDbm,IOverNDb,DominantSatelliteIndex,VisibleSatelliteCount,EligibleCandidateCount,CandidateSatelliteCount,EffectiveContributorCount,PracticalSelectedIOverNDb
01-Aug-2026 00:00:00,-170.993396551822,-42.8864096053059,0,26,26,26,5,-42.8864096053059
01-Aug-2026 00:00:02,-184.201021210352,-56.0940342638361,0,25,25,25,4,-56.0940342638361
01-Aug-2026 00:00:04,-184.050100141091,-55.9431131945752,0,25,25,25,4,-55.9431131945752
01-Aug-2026 00:00:06,-183.925827055119,-55.8188401086032,0,25,25,25,4,-55.8188401086032
01-Aug-2026 00:00:08,-189.930020877972,-61.8230339314566,0,26,26,26,4,-61.8230339314566
01-Aug-2026 00:00:10,-185.419899171115,-57.3129122245992,0,26,26,26,4,-57.3129122245992
01-Aug-2026 00:00:12,-184.820676718008,-56.713689771492,0,26,26,26,5,-56.713689771492
01-Aug-2026 00:00:14,-184.563624517329,-56.4566375708128,0,26,26,26,5,-56.4566375708128
01-Aug-2026 00:00:16,-175.549177958079,-47.4421910115627,0,26,26,26,6,-47.4421910115627
01-Aug-2026 00:00:18,-175.510553401464,-47.4035664549484,0,26,26,26,6,-47.4035664549484
01-Aug-2026 00:00:20,-184.517125385817,-56.4101384393007,0,26,26,26,5,-56.4101384393007
01-Aug-2026 00:00:22,-184.567878604551,-56.4608916580353,0,26,26,26,5,-56.4608916580353
01-Aug-2026 00:00:24,-185.100963104007,-56.9939761574916,0,26,26,26,4,-56.9939761574916
01-Aug-2026 00:00:26,-184.471467288446,-56.3644803419305,0,25,25,25,4,-56.3644803419305
01-Aug-2026 00:00:28,-184.292339691226,-56.1853527447106,0,25,25,25,4,-56.1853527447106
01-Aug-2026 00:00:30,-184.167076968448,-56.0600900219318,0,25,25,25,4,-56.0600900219318
01-Aug-2026 00:00:32,-184.170646612648,-56.0636596661322,0,25,25,25,4,-56.0636596661322
01-Aug-2026 00:00:34,-166.439557098094,-38.3325701515785,0,25,25,25,4,-38.3325701515785
01-Aug-2026 00:00:36,-166.519015476196,-38.4120285296805,0,25,25,25,4,-38.4120285296805
01-Aug-2026 00:00:38,-166.484331629275,-38.3773446827596,0,24,24,24,4,-38.3773446827596
01-Aug-2026 00:00:40,-165.666322333457,-37.5593353869409,0,24,24,24,4,-37.5593353869409
01-Aug-2026 00:00:42,-165.499908634296,-37.3929216877798,0,24,24,24,3,-37.3929216877798
01-Aug-2026 00:00:44,-165.359035130699,-37.2520481841827,0,24,24,24,2,-37.2520481841827
01-Aug-2026 00:00:46,-165.599429758396,-37.4924428118801,0,24,24,24,1,-37.4924428118801
01-Aug-2026 00:00:48,-166.144265795401,-38.0372788488851,0,24,24,24,2,-38.0372788488851
01-Aug-2026 00:00:50,-166.146200050946,-38.0392131044301,0,23,23,23,2,-38.0392131044301
01-Aug-2026 00:00:52,-189.653831151063,-61.5468442045472,0,23,23,23,1,-61.5468442045472
01-Aug-2026 00:00:54,-160.581725910261,-32.474738963745,0,24,24,24,3,-32.474738963745
01-Aug-2026 00:00:56,-160.03734574812,-31.9303588016044,0,23,23,23,4,-31.9303588016044
01-Aug-2026 00:00:58,-160.047298589265,-31.9403116427495,0,23,23,23,3,-31.9403116427495
01-Aug-2026 00:01:00,-159.955585182616,-31.8485982361004,0,23,23,23,2,-31.8485982361004
01-Aug-2026 00:01:02,-159.213844886509,-31.106857939993,0,23,23,23,3,-31.106857939993
01-Aug-2026 00:01:04,-158.402235964349,-30.2952490178327,0,23,23,23,3,-30.2952490178327
01-Aug-2026 00:01:06,-157.886700042726,-29.7797130962105,0,23,23,23,4,-29.7797130962105
01-Aug-2026 00:01:08,-157.122033698046,-29.0150467515297,0,23,23,23,4,-29.0150467515297
01-Aug-2026 00:01:10,-156.919835113167,-28.8128481666516,0,23,23,23,4,-28.8128481666516
01-Aug-2026 00:01:12,-156.357160472208,-28.2501735256926,0,23,23,23,4,-28.2501735256926
01-Aug-2026 00:01:14,-155.965095154408,-27.8581082078919,0,23,23,23,4,-27.8581082078919
01-Aug-2026 00:01:16,-187.777008351681,-59.6700214051652,0,23,23,23,3,-59.6700214051652
01-Aug-2026 00:01:18,-185.425601033939,-57.3186140874231,0,23,23,23,4,-57.3186140874231
01-Aug-2026 00:01:20,-177.060886908194,-48.953899961678,0,23,23,23,4,-48.953899961678
01-Aug-2026 00:01:22,-175.830609602172,-47.7236226556565,0,23,23,23,5,-47.7236226556565
01-Aug-2026 00:01:24,-175.801177459286,-47.6941905127706,0,23,23,23,5,-47.6941905127706
01-Aug-2026 00:01:26,-176.124199570114,-48.0172126235981,0,23,23,23,5,-48.0172126235981
01-Aug-2026 00:01:28,-175.791018962853,-47.6840320163371,0,23,23,23,5,-47.6840320163371
01-Aug-2026 00:01:30,-174.59595776433,-46.4889708178141,0,23,23,23,4,-46.4889708178141
01-Aug-2026 00:01:32,-174.802113276522,-46.695126330006,0,23,23,23,4,-46.695126330006
01-Aug-2026 00:01:34,-174.691032446432,-46.5840454999158,0,23,23,23,4,-46.5840454999158
01-Aug-2026 00:01:36,-174.597694711106,-46.4907077645902,0,23,23,23,4,-46.4907077645902
01-Aug-2026 00:01:38,-173.989461164966,-45.8824742184504,0,24,24,24,4,-45.8824742184504
01-Aug-2026 00:01:40,-173.897486456657,-45.7904995101414,0,24,24,24,4,-45.7904995101414
01-Aug-2026 00:01:42,-174.509731395292,-46.4027444487761,0,24,24,24,4,-46.4027444487761
01-Aug-2026 00:01:44,-174.494533279658,-46.3875463331423,0,24,24,24,3,-46.3875463331423
01-Aug-2026 00:01:46,-174.003459081178,-45.8964721346621,0,24,24,24,3,-45.8964721346621
01-Aug-2026 00:01:48,-173.77715032903,-45.6701633825141,0,23,23,23,4,-45.6701633825141
01-Aug-2026 00:01:50,-173.517541825132,-45.4105548786158,0,23,23,23,3,-45.4105548786158
01-Aug-2026 00:01:52,-173.564640034827,-45.4576530883115,0,23,23,23,3,-45.4576530883115
01-Aug-2026 00:01:54,-153.599678516523,-25.4926915700069,0,23,23,23,3,-25.4926915700069
01-Aug-2026 00:01:56,-153.441744672964,-25.3347577264483,0,24,24,24,2,-25.3347577264483
01-Aug-2026 00:01:58,-153.599113829332,-25.4921268828165,0,24,24,24,3,-25.4921268828165
01-Aug-2026 00:02:00,-152.884089034402,-24.7771020878861,0,24,24,24,3,-24.7771020878861
01-Aug-2026 00:02:02,-152.967317667422,-24.8603307209064,0,24,24,24,3,-24.8603307209064
01-Aug-2026 00:02:04,-152.93490575131,-24.8279188047943,0,23,23,23,2,-24.8279188047943
01-Aug-2026 00:02:06,-152.700567614665,-24.5935806681487,0,23,23,23,2,-24.5935806681487
01-Aug-2026 00:02:08,-152.114675522976,-24.0076885764601,0,23,23,23,2,-24.0076885764601
01-Aug-2026 00:02:10,-152.461735805502,-24.3547488589865,0,23,23,23,2,-24.3547488589865
01-Aug-2026 00:02:12,-151.935865069611,-23.8288781230947,0,23,23,23,2,-23.8288781230947
01-Aug-2026 00:02:14,-151.627733103522,-23.5207461570058,0,23,23,23,2,-23.5207461570058
01-Aug-2026 00:02:16,-151.72304097971,-23.6160540331939,0,23,23,23,2,-23.6160540331939
01-Aug-2026 00:02:18,-149.909264461581,-21.8022775150654,0,23,23,23,2,-21.8022775150654
01-Aug-2026 00:02:20,-149.431410845871,-21.3244238993553,0,23,23,23,2,-21.3244238993553
01-Aug-2026 00:02:22,-148.501693065159,-20.3947061186427,0,23,23,23,3,-20.3947061186427
01-Aug-2026 00:02:24,-170.062805109255,-41.9558181627394,0,23,23,23,2,-41.9558181627394
01-Aug-2026 00:02:26,-169.568353171232,-41.461366224716,0,23,23,23,3,-41.461366224716
01-Aug-2026 00:02:28,-169.177502812629,-41.0705158661127,0,24,24,24,2,-41.0705158661127
01-Aug-2026 00:02:30,-170.395876279153,-42.2888893326368,0,24,24,24,1,-42.2888893326368
01-Aug-2026 00:02:32,-169.32983568426,-41.2228487377445,0,25,25,25,1,-41.2228487377445
01-Aug-2026 00:02:34,-168.501440235231,-40.3944532887154,0,25,25,25,1,-40.3944532887154
01-Aug-2026 00:02:36,-167.396342957287,-39.2893560107713,0,25,25,25,1,-39.2893560107713
01-Aug-2026 00:02:38,-167.565881213497,-39.4588942669812,0,25,25,25,2,-39.4588942669812
01-Aug-2026 00:02:40,-167.126179100598,-39.0191921540822,0,25,25,25,4,-39.0191921540822
01-Aug-2026 00:02:42,-165.242156549339,-37.1351696028234,0,24,24,24,4,-37.1351696028234
01-Aug-2026 00:02:44,-166.674043790438,-38.5670568439219,0,24,24,24,3,-38.5670568439219
01-Aug-2026 00:02:46,-166.387880082313,-38.2808931357969,0,24,24,24,3,-38.2808931357969
01-Aug-2026 00:02:48,-166.668665296584,-38.5616783500683,0,25,25,25,3,-38.5616783500683
01-Aug-2026 00:02:50,-186.778296144849,-58.6713091983327,0,25,25,25,3,-58.6713091983327
01-Aug-2026 00:02:52,-172.643657748729,-44.5366708022127,0,25,25,25,5,-44.5366708022127
01-Aug-2026 00:02:54,-173.437234038076,-45.3302470915605,0,25,25,25,4,-45.3302470915605
01-Aug-2026 00:02:56,-174.388261006453,-46.2812740599376,0,25,25,25,4,-46.2812740599376
01-Aug-2026 00:02:58,-173.750865753792,-45.6438788072763,0,26,26,26,5,-45.6438788072763
01-Aug-2026 00:03:00,-173.869701456869,-45.7627145103536,0,26,26,26,5,-45.7627145103536
01-Aug-2026 00:03:02,-168.087121100636,-39.9801341541202,0,26,26,26,4,-39.9801341541202
01-Aug-2026 00:03:04,-177.955561069862,-49.8485741233459,0,26,26,26,3,-49.8485741233459
01-Aug-2026 00:03:06,-190.222060188937,-62.115073242421,0,26,26,26,2,-62.115073242421
01-Aug-2026 00:03:08,-3076.52655568589,-2948.41956873937,0,26,26,26,0,-2948.41956873937
01-Aug-2026 00:03:10,-3076.52655568589,-2948.41956873937,0,26,26,26,0,-2948.41956873937
01-Aug-2026 00:03:12,-3076.52655568589,-2948.41956873937,0,26,26,26,0,-2948.41956873937
01-Aug-2026 00:03:14,-3076.52655568589,-2948.41956873937,0,26,26,26,0,-2948.41956873937
01-Aug-2026 00:03:16,-195.113824960566,-67.0068380140502,0,26,26,26,1,-67.0068380140502
01-Aug-2026 00:03:18,-195.961743519181,-67.8547565726656,0,25,25,25,1,-67.8547565726656
01-Aug-2026 00:03:20,-154.429170560828,-26.3221836143119,0,25,25,25,2,-26.3221836143119
01-Aug-2026 00:03:22,-154.120266394992,-26.0132794484763,0,25,25,25,2,-26.0132794484763
01-Aug-2026 00:03:24,-154.754478582714,-26.6474916361977,0,24,24,24,2,-26.6474916361977
01-Aug-2026 00:03:26,-155.286625491264,-27.1796385447485,0,24,24,24,2,-27.1796385447485
01-Aug-2026 00:03:28,-154.952571774937,-26.8455848284211,0,24,24,24,3,-26.8455848284211
01-Aug-2026 00:03:30,-154.322582895649,-26.2155959491329,0,25,25,25,3,-26.2155959491329
01-Aug-2026 00:03:32,-154.362131992223,-26.255145045707,0,25,25,25,4,-26.255145045707
01-Aug-2026 00:03:34,-154.572909918112,-26.465922971596,0,25,25,25,4,-26.465922971596
01-Aug-2026 00:03:36,-155.394818327809,-27.2878313812934,0,25,25,25,4,-27.2878313812934
01-Aug-2026 00:03:38,-155.171122754778,-27.0641358082617,0,25,25,25,4,-27.0641358082617
01-Aug-2026 00:03:40,-155.624069001857,-27.517082055341,0,25,25,25,3,-27.517082055341
01-Aug-2026 00:03:42,-156.842309351272,-28.7353224047563,0,25,25,25,2,-28.7353224047563
01-Aug-2026 00:03:44,-156.482073282638,-28.3750863361226,0,25,25,25,2,-28.3750863361226
01-Aug-2026 00:03:46,-156.882993673164,-28.7760067266486,0,25,25,25,2,-28.7760067266486
01-Aug-2026 00:03:48,-157.111012054347,-29.004025107831,0,25,25,25,2,-29.004025107831
01-Aug-2026 00:03:50,-157.39088776499,-29.283900818474,0,24,24,24,2,-29.283900818474
01-Aug-2026 00:03:52,-157.628831024352,-29.5218440778359,0,24,24,24,2,-29.5218440778359
01-Aug-2026 00:03:54,-157.819427875741,-29.7124409292251,0,24,24,24,2,-29.7124409292251
01-Aug-2026 00:03:56,-158.366995386271,-30.2600084397555,0,24,24,24,3,-30.2600084397555
01-Aug-2026 00:03:58,-158.522158118731,-30.4151711722152,0,24,24,24,3,-30.4151711722152
01-Aug-2026 00:04:00,-171.829547467971,-43.7225605214547,0,24,24,24,3,-43.7225605214547
01-Aug-2026 00:04:02,-172.130389546156,-44.0234025996401,0,26,26,26,2,-44.0234025996401
01-Aug-2026 00:04:04,-171.774730807159,-43.6677438606436,0,26,26,26,2,-43.6677438606436
01-Aug-2026 00:04:06,-191.219779549854,-63.1127926033378,0,25,25,25,1,-63.1127926033378
01-Aug-2026 00:04:08,-191.27412472822,-63.1671377817043,0,25,25,25,1,-63.1671377817043
01-Aug-2026 00:04:10,-190.681800795349,-62.5748138488334,0,25,25,25,2,-62.5748138488334
01-Aug-2026 00:04:12,-168.455976394078,-40.348989447562,0,25,25,25,2,-40.348989447562
01-Aug-2026 00:04:14,-168.073041943664,-39.966054997148,0,25,25,25,3,-39.966054997148
01-Aug-2026 00:04:16,-167.878098405095,-39.7711114585788,0,25,25,25,3,-39.7711114585788
01-Aug-2026 00:04:18,-168.48180847062,-40.3748215241042,0,25,25,25,3,-40.3748215241042
01-Aug-2026 00:04:20,-168.415063121863,-40.3080761753469,0,25,25,25,3,-40.3080761753469
01-Aug-2026 00:04:22,-164.631875184763,-36.5248882382467,0,25,25,25,4,-36.5248882382467
01-Aug-2026 00:04:24,-164.714083679906,-36.6070967333899,0,25,25,25,4,-36.6070967333899
01-Aug-2026 00:04:26,-164.510485323431,-36.4034983769153,0,24,24,24,4,-36.4034983769153
01-Aug-2026 00:04:28,-164.264741509459,-36.1577545629434,0,24,24,24,4,-36.1577545629434
01-Aug-2026 00:04:30,-163.842700603963,-35.7357136574468,0,24,24,24,4,-35.7357136574468
01-Aug-2026 00:04:32,-168.895864260844,-40.7888773143285,0,24,24,24,3,-40.7888773143285
01-Aug-2026 00:04:34,-168.811648250234,-40.7046613037185,0,24,24,24,3,-40.7046613037185
01-Aug-2026 00:04:36,-169.019599058152,-40.9126121116362,0,24,24,24,3,-40.9126121116362
01-Aug-2026 00:04:38,-168.846464642414,-40.7394776958977,0,23,23,23,3,-40.7394776958977
01-Aug-2026 00:04:40,-163.065220064101,-34.9582331175848,0,23,23,23,4,-34.9582331175848
01-Aug-2026 00:04:42,-161.445132025242,-33.3381450787262,0,23,23,23,4,-33.3381450787262
01-Aug-2026 00:04:44,-160.975406792061,-32.8684198455455,0,23,23,23,4,-32.8684198455455
01-Aug-2026 00:04:46,-161.107515749236,-33.0005288027197,0,23,23,23,4,-33.0005288027197
01-Aug-2026 00:04:48,-160.825260865061,-32.7182739185454,0,22,22,22,4,-32.7182739185454
01-Aug-2026 00:04:50,-160.350030221083,-32.2430432745671,0,22,22,22,4,-32.2430432745671
01-Aug-2026 00:04:52,-160.8827157102,-32.7757287636844,0,22,22,22,4,-32.7757287636844
01-Aug-2026 00:04:54,-158.895562623903,-30.7885756773874,0,22,22,22,4,-30.7885756773874
01-Aug-2026 00:04:56,-158.800434707271,-30.6934477607555,0,22,22,22,4,-30.6934477607555
01-Aug-2026 00:04:58,-159.161379221891,-31.0543922753751,0,22,22,22,4,-31.0543922753751
01-Aug-2026 00:05:00,-158.453141162622,-30.3461542161058,0,22,22,22,5,-30.3461542161058
01-Aug-2026 00:05:02,-153.505562397216,-25.3985754506997,0,22,22,22,5,-25.3985754506997
01-Aug-2026 00:05:04,-154.370445291951,-26.2634583454354,0,22,22,22,5,-26.2634583454354
01-Aug-2026 00:05:06,-154.270384562392,-26.163397615876,0,22,22,22,5,-26.163397615876
01-Aug-2026 00:05:08,-154.974735470845,-26.8677485243295,0,22,22,22,5,-26.8677485243295
01-Aug-2026 00:05:10,-156.270749752556,-28.1637628060403,0,22,22,22,5,-28.1637628060403
01-Aug-2026 00:05:12,-155.995998203668,-27.8890112571524,0,22,22,22,5,-27.8890112571524
01-Aug-2026 00:05:14,-156.814389718922,-28.7074027724057,0,22,22,22,6,-28.7074027724057
01-Aug-2026 00:05:16,-157.137774109981,-29.0307871634655,0,22,22,22,6,-29.0307871634655
01-Aug-2026 00:05:18,-156.696368805025,-28.5893818585089,0,22,22,22,6,-28.5893818585089
01-Aug-2026 00:05:20,-156.344441895406,-28.2374549488898,0,22,22,22,6,-28.2374549488898
01-Aug-2026 00:05:22,-157.448789277369,-29.3418023308535,0,22,22,22,7,-29.3418023308535
01-Aug-2026 00:05:24,-157.418079547912,-29.3110926013958,0,22,22,22,7,-29.3110926013958
01-Aug-2026 00:05:26,-170.971353094695,-42.8643661481789,0,23,23,23,6,-42.8643661481789
01-Aug-2026 00:05:28,-170.605251548229,-42.4982646017134,0,23,23,23,5,-42.4982646017134
01-Aug-2026 00:05:30,-170.819915753183,-42.7129288066674,0,23,23,23,5,-42.7129288066674
01-Aug-2026 00:05:32,-170.984381291475,-42.8773943449594,0,23,23,23,5,-42.8773943449594
01-Aug-2026 00:05:34,-171.304283546,-43.1972965994845,0,23,23,23,5,-43.1972965994845
01-Aug-2026 00:05:36,-171.487005135337,-43.3800181888211,0,23,23,23,4,-43.3800181888211
01-Aug-2026 00:05:38,-172.280327332673,-44.1733403861573,0,23,23,23,3,-44.1733403861573
01-Aug-2026 00:05:40,-184.282992572383,-56.1760056258671,0,23,23,23,3,-56.1760056258671
01-Aug-2026 00:05:42,-184.20853748772,-56.1015505412039,0,23,23,23,3,-56.1015505412039
01-Aug-2026 00:05:44,-183.87672450202,-55.7697375555037,0,24,24,24,4,-55.7697375555037
01-Aug-2026 00:05:46,-183.331043584383,-55.2240566378672,0,24,24,24,3,-55.2240566378672
01-Aug-2026 00:05:48,-183.190730667446,-55.0837437209299,0,24,24,24,3,-55.0837437209299
01-Aug-2026 00:05:50,-181.626042825453,-53.5190558789371,0,24,24,24,4,-53.5190558789371
01-Aug-2026 00:05:52,-181.330301234843,-53.2233142883267,0,24,24,24,4,-53.2233142883267
01-Aug-2026 00:05:54,-181.237091925543,-53.1301049790267,0,24,24,24,4,-53.1301049790267
01-Aug-2026 00:05:56,-183.533973145292,-55.4269861987763,0,24,24,24,3,-55.4269861987763
01-Aug-2026 00:05:58,-183.951916663192,-55.8449297166764,0,23,23,23,2,-55.8449297166764
01-Aug-2026 00:06:00,-182.580467752513,-54.4734808059971,0,23,23,23,3,-54.4734808059971
01-Aug-2026 00:06:02,-182.716407774304,-54.609420827788,0,23,23,23,3,-54.609420827788
01-Aug-2026 00:06:04,-182.652404272266,-54.5454173257504,0,23,23,23,3,-54.5454173257504
01-Aug-2026 00:06:06,-182.680158943635,-54.5731719971191,0,23,23,23,3,-54.5731719971191
01-Aug-2026 00:06:08,-183.53371390955,-55.4267269630336,0,23,23,23,2,-55.4267269630336
01-Aug-2026 00:06:10,-179.033270287572,-50.9262833410558,0,23,23,23,3,-50.9262833410558
01-Aug-2026 00:06:12,-179.016715810542,-50.9097288640264,0,24,24,24,4,-50.9097288640264
01-Aug-2026 00:06:14,-183.70264859171,-55.5956616451939,0,24,24,24,3,-55.5956616451939
01-Aug-2026 00:06:16,-182.359509835846,-54.2525228893304,0,25,25,25,4,-54.2525228893304
01-Aug-2026 00:06:18,-184.070501306956,-55.9635143604399,0,25,25,25,3,-55.9635143604399
01-Aug-2026 00:06:20,-184.12992220135,-56.0229352548337,0,25,25,25,3,-56.0229352548337
01-Aug-2026 00:06:22,-166.064616711679,-37.9576297651636,0,25,25,25,4,-37.9576297651636
01-Aug-2026 00:06:24,-166.444406058456,-38.3374191119398,0,25,25,25,4,-38.3374191119398
01-Aug-2026 00:06:26,-166.57675863689,-38.4697716903745,0,25,25,25,4,-38.4697716903745
01-Aug-2026 00:06:28,-167.052579934841,-38.9455929883249,0,25,25,25,5,-38.9455929883249
01-Aug-2026 00:06:30,-166.971861038679,-38.8648740921628,0,25,25,25,7,-38.8648740921628
01-Aug-2026 00:06:32,-167.577923093414,-39.4709361468984,0,24,24,24,7,-39.4709361468984
01-Aug-2026 00:06:34,-167.284091638957,-39.1771046924416,0,24,24,24,7,-39.1771046924416
01-Aug-2026 00:06:36,-180.974326362329,-52.8673394158127,0,24,24,24,6,-52.8673394158127
01-Aug-2026 00:06:38,-161.077556395755,-32.9705694492392,0,24,24,24,9,-32.9705694492392
01-Aug-2026 00:06:40,-161.921492878051,-33.8145059315347,0,25,25,25,9,-33.8145059315347
01-Aug-2026 00:06:42,-162.814812175961,-34.7078252294449,0,25,25,25,9,-34.7078252294449
01-Aug-2026 00:06:44,-162.624322203861,-34.5173352573452,0,25,25,25,12,-34.5173352573452
01-Aug-2026 00:06:46,-162.337860342365,-34.2308733958489,0,25,25,25,11,-34.2308733958489
01-Aug-2026 00:06:48,-162.220566475368,-34.1135795288521,0,26,26,26,11,-34.113579528852
01-Aug-2026 00:06:50,-162.290112821237,-34.1831258747215,0,26,26,26,10,-34.1831258747215
01-Aug-2026 00:06:52,-162.2597024162,-34.1527154696838,0,26,26,26,9,-34.1527154696838
01-Aug-2026 00:06:54,-162.712558346135,-34.6055713996193,0,26,26,26,8,-34.6055713996193
01-Aug-2026 00:06:56,-162.871369828296,-34.7643828817798,0,26,26,26,8,-34.7643828817798
01-Aug-2026 00:06:58,-162.387316296729,-34.280329350213,0,26,26,26,8,-34.280329350213
01-Aug-2026 00:07:00,-168.87003023796,-40.763043291444,0,26,26,26,7,-40.763043291444
01-Aug-2026 00:07:02,-168.92120725166,-40.8142203051445,0,26,26,26,8,-40.8142203051445
01-Aug-2026 00:07:04,-168.369744652196,-40.2627577056798,0,26,26,26,8,-40.2627577056798
01-Aug-2026 00:07:06,-167.785812266019,-39.6788253195028,0,26,26,26,7,-39.6788253195028
01-Aug-2026 00:07:08,-167.979433775557,-39.8724468290413,0,25,25,25,6,-39.8724468290413
01-Aug-2026 00:07:10,-168.061357932434,-39.9543709859183,0,25,25,25,5,-39.9543709859183
01-Aug-2026 00:07:12,-168.566763190463,-40.4597762439473,0,25,25,25,5,-40.4597762439473
01-Aug-2026 00:07:14,-171.88997932179,-43.7829923752745,0,25,25,25,4,-43.7829923752745
01-Aug-2026 00:07:16,-171.34930600313,-43.2423190566145,0,24,24,24,5,-43.2423190566145
01-Aug-2026 00:07:18,-170.751739363232,-42.6447524167163,0,24,24,24,5,-42.6447524167163
01-Aug-2026 00:07:20,-170.084818783046,-41.9778318365299,0,25,25,25,6,-41.9778318365299
01-Aug-2026 00:07:22,-180.12926139894,-52.0222744524242,0,25,25,25,5,-52.0222744524242
01-Aug-2026 00:07:24,-169.663993192278,-41.5570062457626,0,25,25,25,6,-41.5570062457626
01-Aug-2026 00:07:26,-170.163587251246,-42.0566003047299,0,25,25,25,6,-42.0566003047299
01-Aug-2026 00:07:28,-170.544755356714,-42.4377684101977,0,25,25,25,5,-42.4377684101977
01-Aug-2026 00:07:30,-170.05627950219,-41.9492925556744,0,25,25,25,6,-41.9492925556744
01-Aug-2026 00:07:32,-170.160083823553,-42.053096877037,0,25,25,25,6,-42.053096877037
01-Aug-2026 00:07:34,-185.101626676089,-56.9946397295727,0,25,25,25,3,-56.9946397295727
01-Aug-2026 00:07:36,-185.260252073783,-57.1532651272671,0,25,25,25,3,-57.1532651272671
01-Aug-2026 00:07:38,-185.485207967722,-57.3782210212062,0,24,24,24,3,-57.3782210212062
01-Aug-2026 00:07:40,-184.967033686148,-56.8600467396321,0,24,24,24,3,-56.8600467396321
01-Aug-2026 00:07:42,-184.436709229207,-56.3297222826908,0,24,24,24,3,-56.3297222826908
01-Aug-2026 00:07:44,-171.329964113362,-43.2229771668464,0,24,24,24,4,-43.2229771668464
01-Aug-2026 00:07:46,-171.025218603365,-42.9182316568491,0,23,23,23,4,-42.9182316568491
01-Aug-2026 00:07:48,-170.56245396559,-42.4554670190741,0,23,23,23,3,-42.4554670190741
01-Aug-2026 00:07:50,-170.482567758781,-42.3755808122649,0,23,23,23,3,-42.3755808122649
01-Aug-2026 00:07:52,-170.013664810756,-41.9066778642398,0,23,23,23,3,-41.9066778642398
01-Aug-2026 00:07:54,-170.03033585267,-41.9233489061537,0,24,24,24,4,-41.9233489061537
01-Aug-2026 00:07:56,-170.186205147158,-42.0792182006425,0,24,24,24,4,-42.0792182006425
01-Aug-2026 00:07:58,-169.78849162226,-41.6815046757444,0,24,24,24,4,-41.6815046757444
01-Aug-2026 00:08:00,-170.783311916647,-42.6763249701307,0,24,24,24,4,-42.6763249701307
01-Aug-2026 00:08:02,-170.78404654968,-42.677059603164,0,24,24,24,4,-42.677059603164
01-Aug-2026 00:08:04,-170.739240554228,-42.6322536077124,0,24,24,24,3,-42.6322536077124
01-Aug-2026 00:08:06,-170.496297594367,-42.389310647851,0,24,24,24,4,-42.389310647851
01-Aug-2026 00:08:08,-155.990601673899,-27.8836147273833,0,24,24,24,5,-27.8836147273833
01-Aug-2026 00:08:10,-155.970683498568,-27.8636965520517,0,24,24,24,5,-27.8636965520517
01-Aug-2026 00:08:12,-156.305402987728,-28.1984160412125,0,24,24,24,5,-28.1984160412125
01-Aug-2026 00:08:14,-156.20589806049,-28.0989111139737,0,23,23,23,5,-28.0989111139737
01-Aug-2026 00:08:16,-156.734457914816,-28.6274709682999,0,23,23,23,5,-28.6274709682999
01-Aug-2026 00:08:18,-156.872184976217,-28.7651980297014,0,23,23,23,5,-28.7651980297014
01-Aug-2026 00:08:20,-157.769148380576,-29.6621614340605,0,23,23,23,5,-29.6621614340605
01-Aug-2026 00:08:22,-157.598015839015,-29.4910288924996,0,23,23,23,7,-29.4910288924996
01-Aug-2026 00:08:24,-157.185391134334,-29.0784041878177,0,23,23,23,7,-29.0784041878177
01-Aug-2026 00:08:26,-157.337634626335,-29.2306476798193,0,23,23,23,6,-29.2306476798193
01-Aug-2026 00:08:28,-157.277683446801,-29.1706965002848,0,22,22,22,7,-29.1706965002848
01-Aug-2026 00:08:30,-154.138052089893,-26.0310651433767,0,22,22,22,8,-26.0310651433767
01-Aug-2026 00:08:32,-154.994877497307,-26.8878905507907,0,21,21,21,6,-26.8878905507907
01-Aug-2026 00:08:34,-154.892781608564,-26.7857946620485,0,22,22,22,6,-26.7857946620485
01-Aug-2026 00:08:36,-154.555519559137,-26.4485326126209,0,22,22,22,5,-26.4485326126209
01-Aug-2026 00:08:38,-154.317967547926,-26.2109806014103,0,22,22,22,6,-26.2109806014103
01-Aug-2026 00:08:40,-154.527994229375,-26.4210072828587,0,22,22,22,6,-26.4210072828587
01-Aug-2026 00:08:42,-154.8765081816,-26.7695212350843,0,22,22,22,8,-26.7695212350843
01-Aug-2026 00:08:44,-155.024550565372,-26.9175636188566,0,22,22,22,8,-26.9175636188566
01-Aug-2026 00:08:46,-155.056382192062,-26.9493952455463,0,22,22,22,10,-26.9493952455463
01-Aug-2026 00:08:48,-155.277463129745,-27.1704761832295,0,22,22,22,10,-27.1704761832295
01-Aug-2026 00:08:50,-155.733009646415,-27.6260226998996,0,22,22,22,10,-27.6260226998996
01-Aug-2026 00:08:52,-155.530138293548,-27.4231513470326,0,22,22,22,11,-27.4231513470326
01-Aug-2026 00:08:54,-155.295276901034,-27.1882899545186,0,22,22,22,11,-27.1882899545186
01-Aug-2026 00:08:56,-155.168604375671,-27.0616174291553,0,22,22,22,11,-27.0616174291553
01-Aug-2026 00:08:58,-155.663614440587,-27.5566274940712,0,22,22,22,9,-27.5566274940712
01-Aug-2026 00:09:00,-155.084619954159,-26.977633007643,0,22,22,22,10,-26.977633007643
01-Aug-2026 00:09:02,-157.286414258492,-29.1794273119766,0,22,22,22,8,-29.1794273119766
01-Aug-2026 00:09:04,-158.021273497533,-29.9142865510173,0,22,22,22,7,-29.9142865510173
01-Aug-2026 00:09:06,-158.190738666195,-30.0837517196787,0,22,22,22,7,-30.0837517196787
01-Aug-2026 00:09:08,-158.63862627503,-30.5316393285143,0,22,22,22,8,-30.5316393285143
01-Aug-2026 00:09:10,-158.910290376026,-30.8033034295098,0,23,23,23,7,-30.8033034295098
01-Aug-2026 00:09:12,-158.791547788139,-30.6845608416234,0,22,22,22,6,-30.6845608416234
01-Aug-2026 00:09:14,-158.391794230874,-30.2848072843582,0,22,22,22,5,-30.2848072843582
01-Aug-2026 00:09:16,-158.0922729751,-29.9852860285837,0,23,23,23,5,-29.9852860285837
01-Aug-2026 00:09:18,-190.263425993989,-62.1564390474732,0,23,23,23,3,-62.1564390474732
01-Aug-2026 00:09:20,-191.533665765117,-63.426678818601,0,23,23,23,2,-63.426678818601
01-Aug-2026 00:09:22,-195.11960769191,-67.0126207453945,0,23,23,23,1,-67.0126207453945
01-Aug-2026 00:09:24,-164.924697368282,-36.8177104217666,0,23,23,23,3,-36.8177104217666
01-Aug-2026 00:09:26,-164.502776546696,-36.3957896001801,0,23,23,23,2,-36.3957896001801
01-Aug-2026 00:09:28,-165.211930930314,-37.1049439837984,0,23,23,23,2,-37.1049439837984
01-Aug-2026 00:09:30,-185.412595352754,-57.3056084062378,0,24,24,24,2,-57.3056084062378
01-Aug-2026 00:09:32,-185.264840892048,-57.1578539455325,0,24,24,24,2,-57.1578539455325
01-Aug-2026 00:09:34,-184.055917241528,-55.948930295012,0,24,24,24,3,-55.948930295012
01-Aug-2026 00:09:36,-191.123019114697,-63.0160321681807,0,24,24,24,2,-63.0160321681807
01-Aug-2026 00:09:38,-190.797793056636,-62.6908061101198,0,24,24,24,2,-62.6908061101198
01-Aug-2026 00:09:40,-161.612509128327,-33.5055221818108,0,24,24,24,3,-33.5055221818108
01-Aug-2026 00:09:42,-161.519808737875,-33.4128217913594,0,24,24,24,3,-33.4128217913594
01-Aug-2026 00:09:44,-161.720366099737,-33.613379153221,0,24,24,24,3,-33.613379153221
01-Aug-2026 00:09:46,-161.845754597421,-33.7387676509048,0,24,24,24,3,-33.7387676509048
01-Aug-2026 00:09:48,-162.191307345141,-34.0843203986251,0,24,24,24,3,-34.0843203986251
01-Aug-2026 00:09:50,-162.663379177653,-34.5563922311371,0,25,25,25,4,-34.5563922311371
01-Aug-2026 00:09:52,-162.713837507878,-34.6068505613617,0,24,24,24,4,-34.6068505613617
01-Aug-2026 00:09:54,-163.294834338654,-35.1878473921379,0,24,24,24,4,-35.1878473921379
01-Aug-2026 00:09:56,-163.710916713293,-35.6039297667776,0,24,24,24,5,-35.6039297667776
01-Aug-2026 00:09:58,-163.308342808018,-35.2013558615024,0,24,24,24,5,-35.2013558615024
01-Aug-2026 00:10:00,-163.706672432001,-35.5996854854853,0,24,24,24,5,-35.5996854854853
01-Aug-2026 00:10:02,-163.803071429348,-35.6960844828326,0,24,24,24,5,-35.6960844828326
01-Aug-2026 00:10:04,-163.498136583871,-35.3911496373547,0,25,25,25,5,-35.3911496373547
01-Aug-2026 00:10:06,-163.796812309187,-35.689825362671,0,25,25,25,4,-35.689825362671
01-Aug-2026 00:10:08,-163.959905413127,-35.8529184666113,0,25,25,25,4,-35.8529184666113
01-Aug-2026 00:10:10,-164.267444918836,-36.1604579723196,0,25,25,25,4,-36.1604579723196
01-Aug-2026 00:10:12,-164.337785038641,-36.2307980921248,0,25,25,25,4,-36.2307980921248
01-Aug-2026 00:10:14,-164.670629151158,-36.5636422046426,0,25,25,25,4,-36.5636422046426
01-Aug-2026 00:10:16,-164.980393777753,-36.8734068312373,0,25,25,25,4,-36.8734068312373
01-Aug-2026 00:10:18,-164.698401807593,-36.5914148610776,0,25,25,25,4,-36.5914148610776
01-Aug-2026 00:10:20,-164.86222862377,-36.7552416772542,0,25,25,25,5,-36.7552416772542
01-Aug-2026 00:10:22,-165.242162908317,-37.1351759618016,0,25,25,25,5,-37.1351759618016
01-Aug-2026 00:10:24,-165.265342833864,-37.1583558873481,0,24,24,24,6,-37.1583558873481
01-Aug-2026 00:10:26,-165.7125355557,-37.6055486091843,0,24,24,24,6,-37.6055486091843
01-Aug-2026 00:10:28,-165.894645716286,-37.7876587697698,0,24,24,24,7,-37.7876587697698
01-Aug-2026 00:10:30,-165.560798288022,-37.4538113415064,0,24,24,24,7,-37.4538113415064
01-Aug-2026 00:10:32,-165.051864524751,-36.9448775782352,0,25,25,25,8,-36.9448775782352
01-Aug-2026 00:10:34,-166.790536362207,-38.6835494156916,0,25,25,25,5,-38.6835494156916
01-Aug-2026 00:10:36,-166.514907749312,-38.4079208027962,0,25,25,25,5,-38.4079208027962
01-Aug-2026 00:10:38,-167.051407369634,-38.944420423118,0,26,26,26,4,-38.944420423118
01-Aug-2026 00:10:40,-166.88580357392,-38.7788166274046,0,26,26,26,4,-38.7788166274046
01-Aug-2026 00:10:42,-166.620023078026,-38.5130361315103,0,26,26,26,3,-38.5130361315103
01-Aug-2026 00:10:44,-167.297207832299,-39.190220885783,0,26,26,26,3,-39.190220885783
01-Aug-2026 00:10:46,-167.426960897905,-39.3199739513893,0,26,26,26,3,-39.3199739513893
01-Aug-2026 00:10:48,-167.558355509019,-39.4513685625027,0,26,26,26,3,-39.4513685625027
01-Aug-2026 00:10:50,-167.635783279783,-39.5287963332673,0,26,26,26,3,-39.5287963332673
01-Aug-2026 00:10:52,-187.156110619091,-59.0491236725754,0,26,26,26,2,-59.0491236725754
01-Aug-2026 00:10:54,-189.879649243868,-61.7726622973522,0,26,26,26,1,-61.7726622973522
01-Aug-2026 00:10:56,-189.916139739456,-61.8091527929399,0,26,26,26,1,-61.8091527929399
01-Aug-2026 00:10:58,-177.314245919018,-49.2072589725026,0,25,25,25,3,-49.2072589725026
01-Aug-2026 00:11:00,-178.421653332551,-50.3146663860354,0,25,25,25,3,-50.3146663860354
01-Aug-2026 00:11:02,-168.574980148179,-40.4679932016632,0,25,25,25,3,-40.4679932016632
01-Aug-2026 00:11:04,-156.701484853681,-28.5944979071647,0,25,25,25,6,-28.5944979071647
01-Aug-2026 00:11:06,-156.9952906884,-28.8883037418843,0,25,25,25,5,-28.8883037418843
01-Aug-2026 00:11:08,-157.579427046375,-29.4724400998591,0,24,24,24,6,-29.4724400998591
01-Aug-2026 00:11:10,-158.034946195808,-29.927959249292,0,24,24,24,5,-29.927959249292
01-Aug-2026 00:11:12,-158.845161010097,-30.7381740635808,0,25,25,25,5,-30.7381740635808
01-Aug-2026 00:11:14,-158.983599683968,-30.8766127374526,0,25,25,25,5,-30.8766127374526
01-Aug-2026 00:11:16,-159.518638541856,-31.4116515953398,0,25,25,25,4,-31.4116515953398
01-Aug-2026 00:11:18,-159.550919071839,-31.4439321253233,0,25,25,25,4,-31.4439321253233
01-Aug-2026 00:11:20,-159.957005703485,-31.8500187569695,0,25,25,25,4,-31.8500187569695
01-Aug-2026 00:11:22,-160.266180296743,-32.1591933502272,0,25,25,25,4,-32.1591933502272
01-Aug-2026 00:11:24,-160.855371011494,-32.7483840649784,0,24,24,24,4,-32.7483840649784
01-Aug-2026 00:11:26,-159.608632915392,-31.5016459688759,0,23,23,23,5,-31.5016459688759
01-Aug-2026 00:11:28,-158.549421539083,-30.4424345925667,0,23,23,23,5,-30.4424345925667
01-Aug-2026 00:11:30,-160.33422654622,-32.2272395997039,0,23,23,23,4,-32.2272395997039
01-Aug-2026 00:11:32,-161.041052605433,-32.9340656589168,0,23,23,23,4,-32.9340656589168
01-Aug-2026 00:11:34,-161.116568225121,-33.0095812786049,0,23,23,23,4,-33.0095812786049
01-Aug-2026 00:11:36,-161.188580282891,-33.0815933363748,0,23,23,23,5,-33.0815933363748
01-Aug-2026 00:11:38,-155.466256732072,-27.359269785556,0,23,23,23,5,-27.359269785556
01-Aug-2026 00:11:40,-155.510600440808,-27.4036134942922,0,23,23,23,5,-27.4036134942922
01-Aug-2026 00:11:42,-155.493775419861,-27.3867884733454,0,23,23,23,5,-27.3867884733454
01-Aug-2026 00:11:44,-155.557116536479,-27.4501295899631,0,23,23,23,5,-27.4501295899631
01-Aug-2026 00:11:46,-155.896886021008,-27.7898990744922,0,23,23,23,5,-27.7898990744922
01-Aug-2026 00:11:48,-155.915125787336,-27.8081388408201,0,24,24,24,5,-27.8081388408201
01-Aug-2026 00:11:50,-155.426826903913,-27.3198399573967,0,24,24,24,5,-27.3198399573967
01-Aug-2026 00:11:52,-155.270110625587,-27.1631236790711,0,24,24,24,5,-27.1631236790711
01-Aug-2026 00:11:54,-156.343311861794,-28.2363249152784,0,24,24,24,4,-28.2363249152784
01-Aug-2026 00:11:56,-156.412416923705,-28.3054299771892,0,24,24,24,5,-28.3054299771892
01-Aug-2026 00:11:58,-156.751710110634,-28.6447231641184,0,24,24,24,6,-28.6447231641184
01-Aug-2026 00:12:00,-156.695990299631,-28.5890033531149,0,23,23,23,4,-28.5890033531149
01-Aug-2026 00:12:02,-148.108646578754,-20.0016596322382,0,23,23,23,6,-20.0016596322382
01-Aug-2026 00:12:04,-155.932544344649,-27.8255573981332,0,23,23,23,5,-27.8255573981332
01-Aug-2026 00:12:06,-182.557236566069,-54.4502496195529,0,23,23,23,4,-54.4502496195529
01-Aug-2026 00:12:08,-182.597829953523,-54.4908430070074,0,23,23,23,4,-54.4908430070074
01-Aug-2026 00:12:10,-183.381926160706,-55.2749392141905,0,23,23,23,3,-55.2749392141905
01-Aug-2026 00:12:12,-183.227914953731,-55.1209280072151,0,23,23,23,3,-55.1209280072151
01-Aug-2026 00:12:14,-183.193179219639,-55.0861922731231,0,23,23,23,4,-55.0861922731231
01-Aug-2026 00:12:16,-183.436328210196,-55.3293412636799,0,22,22,22,4,-55.3293412636799
01-Aug-2026 00:12:18,-183.798205905202,-55.6912189586865,0,23,23,23,4,-55.6912189586865
01-Aug-2026 00:12:20,-183.99050234287,-55.883515396354,0,23,23,23,4,-55.883515396354
01-Aug-2026 00:12:22,-186.332087328475,-58.2251003819588,0,22,22,22,3,-58.2251003819588
01-Aug-2026 00:12:24,-166.706334382343,-38.599347435827,0,22,22,22,5,-38.599347435827
01-Aug-2026 00:12:26,-166.171609023442,-38.0646220769266,0,23,23,23,5,-38.0646220769266
01-Aug-2026 00:12:28,-166.121228988243,-38.014242041727,0,23,23,23,4,-38.014242041727
01-Aug-2026 00:12:30,-166.299771383507,-38.1927844369911,0,23,23,23,3,-38.1927844369911
01-Aug-2026 00:12:32,-166.345365152475,-38.2383782059588,0,23,23,23,3,-38.2383782059588
01-Aug-2026 00:12:34,-185.771642743268,-57.6646557967522,0,23,23,23,2,-57.6646557967522
01-Aug-2026 00:12:36,-185.562558545946,-57.4555715994305,0,23,23,23,2,-57.4555715994305
01-Aug-2026 00:12:38,-185.305449699276,-57.1984627527606,0,23,23,23,2,-57.1984627527606
01-Aug-2026 00:12:40,-183.163944795453,-55.0569578489376,0,23,23,23,4,-55.0569578489376
01-Aug-2026 00:12:42,-182.741599211256,-54.6346122647404,0,23,23,23,4,-54.6346122647404
01-Aug-2026 00:12:44,-182.593948126976,-54.4869611804604,0,23,23,23,4,-54.4869611804604
01-Aug-2026 00:12:46,-182.187774636458,-54.0807876899426,0,23,23,23,4,-54.0807876899426
01-Aug-2026 00:12:48,-182.074271723048,-53.9672847765318,0,23,23,23,4,-53.9672847765318
01-Aug-2026 00:12:50,-181.978335511144,-53.8713485646279,0,23,23,23,4,-53.8713485646279
01-Aug-2026 00:12:52,-181.696448040064,-53.5894610935484,0,23,23,23,4,-53.5894610935484
01-Aug-2026 00:12:54,-164.042590967759,-35.9356040212434,0,23,23,23,5,-35.9356040212434
01-Aug-2026 00:12:56,-163.138109566187,-35.0311226196715,0,23,23,23,5,-35.0311226196715
01-Aug-2026 00:12:58,-162.879939906934,-34.7729529604183,0,24,24,24,5,-34.7729529604183
01-Aug-2026 00:13:00,-162.428401456877,-34.3214145103611,0,24,24,24,7,-34.3214145103611
01-Aug-2026 00:13:02,-161.881561825549,-33.7745748790335,0,23,23,23,7,-33.7745748790335
01-Aug-2026 00:13:04,-161.740148702554,-33.6331617560379,0,24,24,24,7,-33.6331617560379
01-Aug-2026 00:13:06,-160.956772798457,-32.8497858519416,0,24,24,24,7,-32.8497858519416
01-Aug-2026 00:13:08,-161.07591287765,-32.9689259311345,0,24,24,24,8,-32.9689259311345
01-Aug-2026 00:13:10,-161.304742978457,-33.1977560319407,0,24,24,24,8,-33.1977560319407
01-Aug-2026 00:13:12,-160.989283561269,-32.8822966147533,0,24,24,24,8,-32.8822966147533
01-Aug-2026 00:13:14,-160.186626172201,-32.0796392256852,0,24,24,24,7,-32.0796392256852
01-Aug-2026 00:13:16,-160.171027724074,-32.0640407775578,0,24,24,24,7,-32.0640407775578
01-Aug-2026 00:13:18,-159.791811725999,-31.6848247794832,0,25,25,25,7,-31.6848247794832
01-Aug-2026 00:13:20,-159.560102307634,-31.4531153611186,0,25,25,25,8,-31.4531153611186
01-Aug-2026 00:13:22,-158.813489117215,-30.706502170699,0,25,25,25,8,-30.706502170699
01-Aug-2026 00:13:24,-159.473567544156,-31.3665805976403,0,25,25,25,8,-31.3665805976403
01-Aug-2026 00:13:26,-159.40926589324,-31.3022789467244,0,25,25,25,7,-31.3022789467244
01-Aug-2026 00:13:28,-158.671356637869,-30.5643696913529,0,25,25,25,8,-30.5643696913529
01-Aug-2026 00:13:30,-157.509516066566,-29.4025291200505,0,26,26,26,9,-29.4025291200505
01-Aug-2026 00:13:32,-157.695472904566,-29.5884859580504,0,26,26,26,9,-29.5884859580504
01-Aug-2026 00:13:34,-157.894997340328,-29.7880103938118,0,26,26,26,8,-29.7880103938118
01-Aug-2026 00:13:36,-158.426157911813,-30.3191709652972,0,26,26,26,8,-30.3191709652972
01-Aug-2026 00:13:38,-158.441075001412,-30.3340880548957,0,26,26,26,8,-30.3340880548957
01-Aug-2026 00:13:40,-158.083971823141,-29.9769848766254,0,26,26,26,8,-29.9769848766254
01-Aug-2026 00:13:42,-156.675966282013,-28.5689793354973,0,26,26,26,9,-28.5689793354973
01-Aug-2026 00:13:44,-156.935978181476,-28.8289912349599,0,25,25,25,8,-28.8289912349599
01-Aug-2026 00:13:46,-167.489163631119,-39.3821766846033,0,25,25,25,6,-28.1742532650378
01-Aug-2026 00:13:48,-167.413519828449,-39.3065328819334,0,25,25,25,6,-27.4405469158109
01-Aug-2026 00:13:50,-167.555639131843,-39.4486521853274,0,25,25,25,6,-26.596301200572
01-Aug-2026 00:13:52,-167.542767230475,-39.4357802839594,0,26,26,26,7,-25.8124968042665
01-Aug-2026 00:13:54,-168.157519315878,-40.0505323693622,0,26,26,26,6,-25.5702636599026
01-Aug-2026 00:13:56,-168.479896269061,-40.3729093225448,0,26,26,26,6,-26.0901229970643
01-Aug-2026 00:13:58,-168.518946796745,-40.4119598502294,0,26,26,26,6,-25.5139984153732
01-Aug-2026 00:14:00,-169.020339913351,-40.9133529668349,0,26,26,26,4,-25.0609791833239
01-Aug-2026 00:14:02,-168.664076969919,-40.5570900234029,0,26,26,26,3,-40.5570900234029
01-Aug-2026 00:14:04,-186.381084405868,-58.2740974593517,0,26,26,26,2,-58.2740974593517
01-Aug-2026 00:14:06,-186.144219618571,-58.0372326720555,0,26,26,26,2,-58.0372326720555
01-Aug-2026 00:14:08,-184.101151240947,-55.9941642944307,0,26,26,26,3,-55.9941642944307
01-Aug-2026 00:14:10,-183.872254191356,-55.7652672448399,0,26,26,26,3,-55.7652672448399
01-Aug-2026 00:14:12,-181.44491492661,-53.3379279800943,0,26,26,26,4,-53.3379279800943
01-Aug-2026 00:14:14,-182.790486486098,-54.6834995395822,0,25,25,25,3,-54.6834995395822
01-Aug-2026 00:14:16,-182.800533844415,-54.6935468978987,0,25,25,25,4,-54.6935468978987
01-Aug-2026 00:14:18,-182.86989386847,-54.7629069219537,0,25,25,25,4,-54.7629069219537
01-Aug-2026 00:14:20,-182.883655756332,-54.7766688098161,0,25,25,25,4,-54.7766688098161
01-Aug-2026 00:14:22,-182.617421502154,-54.5104345556381,0,24,24,24,4,-54.5104345556381
01-Aug-2026 00:14:24,-182.335659334215,-54.2286723876987,0,25,25,25,6,-54.2286723876987
01-Aug-2026 00:14:26,-182.137810613622,-54.030823667106,0,25,25,25,6,-54.030823667106
01-Aug-2026 00:14:28,-181.997363990238,-53.8903770437218,0,26,26,26,5,-53.8903770437218
01-Aug-2026 00:14:30,-182.15312497079,-54.0461380242745,0,26,26,26,5,-54.0461380242745
01-Aug-2026 00:14:32,-182.095871580982,-53.9888846344666,0,26,26,26,5,-53.9888846344666
01-Aug-2026 00:14:34,-181.988473706134,-53.8814867596181,0,26,26,26,5,-53.8814867596181
01-Aug-2026 00:14:36,-181.974028857713,-53.8670419111971,0,26,26,26,5,-53.8670419111971
01-Aug-2026 00:14:38,-181.910477144908,-53.8034901983925,0,26,26,26,5,-53.8034901983925
01-Aug-2026 00:14:40,-182.110854796071,-54.0038678495551,0,26,26,26,5,-54.0038678495551
01-Aug-2026 00:14:42,-182.216417882971,-54.1094309364551,0,26,26,26,5,-54.1094309364551
01-Aug-2026 00:14:44,-181.425719099812,-53.3187321532964,0,26,26,26,6,-53.3187321532964
01-Aug-2026 00:14:46,-181.648997746439,-53.5420107999232,0,26,26,26,6,-53.5420107999232
01-Aug-2026 00:14:48,-181.819485104849,-53.712498158333,0,25,25,25,6,-53.712498158333
01-Aug-2026 00:14:50,-181.641985465991,-53.5349985194754,0,25,25,25,6,-53.5349985194754
01-Aug-2026 00:14:52,-167.364453880129,-39.2574669336135,0,25,25,25,7,-39.2574669336135
01-Aug-2026 00:14:54,-167.606178837825,-39.4991918913089,0,25,25,25,7,-39.4991918913089
01-Aug-2026 00:14:56,-167.468319019223,-39.3613320727069,0,25,25,25,7,-39.3613320727069
01-Aug-2026 00:14:58,-169.786865174238,-41.6798782277222,0,25,25,25,6,-41.6798782277222
01-Aug-2026 00:15:00,-183.670314951946,-55.5633280054304,0,24,24,24,5,-55.5633280054304
01-Aug-2026 00:15:02,-186.533298046929,-58.4263111004126,0,24,24,24,2,-58.4263111004126
01-Aug-2026 00:15:04,-186.452303752392,-58.3453168058762,0,24,24,24,3,-58.3453168058762
01-Aug-2026 00:15:06,-187.164997227797,-59.0580102812808,0,24,24,24,3,-59.0580102812808
01-Aug-2026 00:15:08,-187.2458621045,-59.1388751579842,0,24,24,24,3,-59.1388751579842
01-Aug-2026 00:15:10,-186.481548384453,-58.3745614379368,0,24,24,24,4,-58.3745614379368
01-Aug-2026 00:15:12,-186.499043340292,-58.392056393776,0,24,24,24,4,-58.392056393776
01-Aug-2026 00:15:14,-186.360337791174,-58.2533508446579,0,23,23,23,4,-58.2533508446579
01-Aug-2026 00:15:16,-185.946214187791,-57.8392272412748,0,23,23,23,4,-57.8392272412748
01-Aug-2026 00:15:18,-185.439932459361,-57.3329455128449,0,23,23,23,4,-57.3329455128449
01-Aug-2026 00:15:20,-185.018933440001,-56.9119464934855,0,23,23,23,4,-56.9119464934855
01-Aug-2026 00:15:22,-183.794610303487,-55.6876233569709,0,23,23,23,5,-55.6876233569709
01-Aug-2026 00:15:24,-181.789513696262,-53.6825267497463,0,23,23,23,7,-53.6825267497463
01-Aug-2026 00:15:26,-165.567167964367,-37.4601810178514,0,23,23,23,7,-37.4601810178514
01-Aug-2026 00:15:28,-150.644588095456,-22.5376011489406,0,23,23,23,9,-22.5376011489406
01-Aug-2026 00:15:30,-150.601881101876,-22.4948941553603,0,23,23,23,9,-22.4948941553603
01-Aug-2026 00:15:32,-150.432233460094,-22.325246513578,0,23,23,23,8,-22.325246513578
01-Aug-2026 00:15:34,-150.392767419348,-22.2857804728317,0,23,23,23,8,-22.2857804728317
01-Aug-2026 00:15:36,-150.134564133303,-22.0275771867868,0,23,23,23,8,-22.0275771867868
01-Aug-2026 00:15:38,-150.175522541584,-22.0685355950679,0,24,24,24,7,-22.0685355950679
01-Aug-2026 00:15:40,-149.581843147664,-21.4748562011486,0,24,24,24,7,-21.4748562011486
01-Aug-2026 00:15:42,-149.590523265344,-21.4835363188282,0,25,25,25,7,-21.4835363188282
01-Aug-2026 00:15:44,-149.007711776954,-20.9007248304384,0,25,25,25,7,-20.9007248304384
01-Aug-2026 00:15:46,-149.273366782057,-21.1663798355412,0,25,25,25,7,-21.1663798355412
01-Aug-2026 00:15:48,-149.097871542247,-20.9908845957314,0,24,24,24,7,-20.9908845957314
01-Aug-2026 00:15:50,-149.452995440465,-21.3460084939495,0,24,24,24,7,-21.3460084939495
01-Aug-2026 00:15:52,-148.932819134562,-20.8258321880464,0,24,24,24,6,-20.8258321880464
01-Aug-2026 00:15:54,-149.302853344942,-21.1958663984266,0,24,24,24,6,-21.1958663984266
01-Aug-2026 00:15:56,-149.423352653524,-21.3163657070081,0,24,24,24,6,-21.3163657070081
01-Aug-2026 00:15:58,-149.172828127417,-21.0658411809015,0,24,24,24,6,-21.0658411809015
01-Aug-2026 00:16:00,-149.981356132684,-21.8743691861684,0,24,24,24,5,-21.8743691861684
01-Aug-2026 00:16:02,-151.093129910414,-22.9861429638979,0,24,24,24,5,-22.9861429638979
01-Aug-2026 00:16:04,-151.362198037755,-23.2552110912389,0,23,23,23,4,-23.2552110912389
01-Aug-2026 00:16:06,-151.36909762411,-23.2621106775943,0,23,23,23,5,-23.2621106775943
01-Aug-2026 00:16:08,-151.233692386221,-23.1267054397055,0,23,23,23,5,-23.1267054397055
01-Aug-2026 00:16:10,-150.651357632767,-22.5443706862513,0,22,22,22,5,-22.5443706862513
01-Aug-2026 00:16:12,-159.870950655289,-31.7639637087731,0,22,22,22,4,-31.7639637087731
01-Aug-2026 00:16:14,-162.399806635343,-34.2928196888275,0,22,22,22,3,-34.2928196888275
01-Aug-2026 00:16:16,-161.833005156867,-33.7260182103508,0,23,23,23,3,-33.7260182103508
01-Aug-2026 00:16:18,-161.990028142724,-33.8830411962079,0,23,23,23,3,-33.8830411962079
01-Aug-2026 00:16:20,-161.805016664451,-33.6980297179352,0,23,23,23,3,-33.6980297179352
01-Aug-2026 00:16:22,-161.739754691572,-33.6327677450566,0,23,23,23,2,-33.6327677450566
01-Aug-2026 00:16:24,-161.544026974692,-33.4370400281765,0,23,23,23,2,-33.4370400281765
01-Aug-2026 00:16:26,-161.111086458557,-33.0040995120414,0,23,23,23,2,-33.0040995120414
01-Aug-2026 00:16:28,-180.652317790428,-52.5453308439126,0,23,23,23,1,-52.5453308439126
01-Aug-2026 00:16:30,-181.345444742934,-53.2384577964185,0,23,23,23,1,-53.2384577964185
01-Aug-2026 00:16:32,-182.013413537425,-53.9064265909089,0,23,23,23,1,-53.9064265909089
01-Aug-2026 00:16:34,-182.530975265756,-54.4239883192401,0,23,23,23,1,-54.4239883192401
01-Aug-2026 00:16:36,-182.828272960701,-54.7212860141849,0,23,23,23,1,-54.7212860141849
01-Aug-2026 00:16:38,-163.483854395937,-35.3768674494215,0,23,23,23,3,-35.3768674494215
01-Aug-2026 00:16:40,-163.227351282973,-35.1203643364574,0,23,23,23,3,-35.1203643364574
01-Aug-2026 00:16:42,-164.151041648767,-36.0440547022515,0,23,23,23,4,-36.0440547022515
01-Aug-2026 00:16:44,-164.218987369868,-36.1120004233519,0,23,23,23,4,-36.1120004233519
01-Aug-2026 00:16:46,-163.84655664685,-35.7395697003342,0,23,23,23,4,-35.7395697003342
01-Aug-2026 00:16:48,-161.659223458337,-33.5522365118215,0,24,24,24,5,-33.5522365118215
01-Aug-2026 00:16:50,-162.401727573635,-34.2947406271194,0,24,24,24,5,-34.2947406271194
01-Aug-2026 00:16:52,-161.658194192564,-33.5512072460477,0,25,25,25,5,-33.5512072460477
01-Aug-2026 00:16:54,-159.377174971561,-31.2701880250453,0,24,24,24,6,-31.2701880250453
01-Aug-2026 00:16:56,-156.949584271611,-28.8425973250947,0,24,24,24,7,-28.8425973250947
01-Aug-2026 00:16:58,-156.689862160429,-28.5828752139128,0,24,24,24,7,-28.5828752139128
01-Aug-2026 00:17:00,-156.686472314359,-28.5794853678433,0,24,24,24,7,-28.5794853678433
01-Aug-2026 00:17:02,-156.782320739707,-28.6753337931912,0,24,24,24,7,-28.6753337931912
01-Aug-2026 00:17:04,-157.376621895383,-29.2696349488668,0,24,24,24,7,-29.2696349488668
01-Aug-2026 00:17:06,-157.221438429949,-29.1144514834334,0,25,25,25,7,-29.1144514834334
01-Aug-2026 00:17:08,-156.79893351074,-28.6919465642243,0,25,25,25,5,-28.6919465642243
01-Aug-2026 00:17:10,-156.286708491711,-28.1797215451949,0,26,26,26,5,-28.1797215451949
01-Aug-2026 00:17:12,-156.377410311103,-28.2704233645872,0,26,26,26,6,-28.2704233645872
01-Aug-2026 00:17:14,-156.047960106457,-27.9409731599408,0,26,26,26,7,-27.9409731599408
01-Aug-2026 00:17:16,-155.54482564613,-27.4378386996142,0,26,26,26,8,-27.4378386996142
01-Aug-2026 00:17:18,-155.863773806056,-27.7567868595397,0,26,26,26,8,-27.7567868595397
01-Aug-2026 00:17:20,-155.657959338983,-27.5509723924675,0,26,26,26,6,-27.5509723924675
01-Aug-2026 00:17:22,-155.163807086808,-27.0568201402918,0,26,26,26,6,-27.0568201402918
01-Aug-2026 00:17:24,-154.396991602213,-26.290004655697,0,26,26,26,6,-26.290004655697
01-Aug-2026 00:17:26,-153.746528457315,-25.6395415107993,0,26,26,26,5,-25.6395415107993
01-Aug-2026 00:17:28,-153.18884959221,-25.0818626456937,0,26,26,26,6,-25.0818626456937
01-Aug-2026 00:17:30,-164.208620579724,-36.1016336332085,0,26,26,26,4,-36.1016336332085
01-Aug-2026 00:17:32,-163.98119837784,-35.8742114313246,0,26,26,26,4,-35.8742114313246
01-Aug-2026 00:17:34,-165.556116016908,-37.4491290703921,0,26,26,26,3,-37.4491290703921
01-Aug-2026 00:17:36,-191.414086239082,-63.3070992925661,0,25,25,25,1,-63.3070992925661
01-Aug-2026 00:17:38,-191.53494612688,-63.4279591803645,0,25,25,25,2,-24.4571587515902
01-Aug-2026 00:17:40,-191.59542235437,-63.488435407854,0,26,26,26,3,-24.2024017376235
01-Aug-2026 00:17:42,-191.833728587954,-63.7267416414382,0,26,26,26,3,-63.7267416414382
01-Aug-2026 00:17:44,-192.074911801395,-63.9679248548793,0,26,26,26,3,-63.9679248548793
01-Aug-2026 00:17:46,-191.852817363435,-63.7458304169196,0,26,26,26,3,-63.7458304169196
01-Aug-2026 00:17:48,-192.145754162526,-64.0387672160105,0,26,26,26,3,-64.0387672160105
01-Aug-2026 00:17:50,-192.535458138564,-64.4284711920486,0,26,26,26,3,-64.4284711920486
01-Aug-2026 00:17:52,-192.58752838845,-64.4805414419338,0,26,26,26,3,-64.4805414419338
01-Aug-2026 00:17:54,-188.957379696066,-60.8503927495499,0,26,26,26,4,-60.8503927495499
01-Aug-2026 00:17:56,-188.799853667493,-60.6928667209773,0,26,26,26,4,-60.6928667209773
01-Aug-2026 00:17:58,-188.767849210296,-60.6608622637802,0,26,26,26,4,-60.6608622637802
01-Aug-2026 00:18:00,-192.986674934635,-64.8796879881191,0,26,26,26,3,-64.8796879881191
01-Aug-2026 00:18:02,-185.409369234757,-57.3023822882413,0,26,26,26,4,-57.3023822882413
01-Aug-2026 00:18:04,-185.324915961822,-57.2179290153057,0,25,25,25,4,-57.2179290153057
01-Aug-2026 00:18:06,-184.734547949192,-56.6275610026765,0,25,25,25,5,-56.6275610026765
01-Aug-2026 00:18:08,-184.639171478889,-56.5321845323732,0,25,25,25,5,-56.5321845323732
01-Aug-2026 00:18:10,-163.655387961077,-35.5484010145612,0,25,25,25,6,-35.5484010145612
01-Aug-2026 00:18:12,-163.838872844511,-35.7318858979955,0,25,25,25,6,-35.7318858979955
01-Aug-2026 00:18:14,-164.214173038273,-36.1071860917573,0,25,25,25,6,-36.1071860917573
01-Aug-2026 00:18:16,-164.795984546107,-36.6889975995909,0,26,26,26,5,-21.5874074039307
01-Aug-2026 00:18:18,-164.55659788442,-36.449610937904,0,26,26,26,3,-36.449610937904
01-Aug-2026 00:18:20,-164.188491109234,-36.0815041627182,0,27,27,27,4,-36.0815041627182
01-Aug-2026 00:18:22,-164.667107431151,-36.560120484635,0,27,27,27,4,-36.560120484635
01-Aug-2026 00:18:24,-164.663479026114,-36.5564920795982,0,27,27,27,4,-36.5564920795982
01-Aug-2026 00:18:26,-164.190499081753,-36.0835121352374,0,27,27,27,4,-36.0835121352374
01-Aug-2026 00:18:28,-164.372926447601,-36.2659395010851,0,27,27,27,4,-36.2659395010851
01-Aug-2026 00:18:30,-164.487284609087,-36.3802976625716,0,27,27,27,4,-36.3802976625716
01-Aug-2026 00:18:32,-164.533506715209,-36.4265197686927,0,27,27,27,4,-36.4265197686927
01-Aug-2026 00:18:34,-188.699221153297,-60.5922342067814,0,27,27,27,3,-60.5922342067814
01-Aug-2026 00:18:36,-188.960570691415,-60.8535837448989,0,27,27,27,3,-60.8535837448989
01-Aug-2026 00:18:38,-190.404692880631,-62.2977059341152,0,26,26,26,3,-62.2977059341152
01-Aug-2026 00:18:40,-183.00566762578,-54.8986806792638,0,24,24,24,4,-54.8986806792638
01-Aug-2026 00:18:42,-183.023845119687,-54.9168581731709,0,24,24,24,5,-54.9168581731709
01-Aug-2026 00:18:44,-182.551608857221,-54.4446219107052,0,24,24,24,5,-54.4446219107052
01-Aug-2026 00:18:46,-165.992933769708,-37.8859468231917,0,24,24,24,6,-37.8859468231917
01-Aug-2026 00:18:48,-166.302266300655,-38.1952793541396,0,24,24,24,6,-38.1952793541396
01-Aug-2026 00:18:50,-166.744959151206,-38.6379722046904,0,23,23,23,6,-38.6379722046904
01-Aug-2026 00:18:52,-167.177041739413,-39.0700547928971,0,23,23,23,6,-39.0700547928971
01-Aug-2026 00:18:54,-167.461590264754,-39.3546033182377,0,24,24,24,6,-39.3546033182377
01-Aug-2026 00:18:56,-168.004766718299,-39.8977797717835,0,24,24,24,7,-39.8977797717835
01-Aug-2026 00:18:58,-167.513966582321,-39.4069796358054,0,24,24,24,7,-39.4069796358054
01-Aug-2026 00:19:00,-168.007501936257,-39.9005149897414,0,24,24,24,7,-39.9005149897414
01-Aug-2026 00:19:02,-168.497387048003,-40.3904001014868,0,23,23,23,6,-40.3904001014868
01-Aug-2026 00:19:04,-169.59555180823,-41.4885648617145,0,24,24,24,5,-41.4885648617145
01-Aug-2026 00:19:06,-168.988867286173,-40.8818803396573,0,24,24,24,5,-40.8818803396573
01-Aug-2026 00:19:08,-152.90513321116,-24.7981462646443,0,24,24,24,5,-24.7981462646443
01-Aug-2026 00:19:10,-151.998462295406,-23.8914753488901,0,24,24,24,5,-23.8914753488901
01-Aug-2026 00:19:12,-151.196824887215,-23.0898379406995,0,24,24,24,5,-23.0898379406995
01-Aug-2026 00:19:14,-150.579140334904,-22.4721533883877,0,24,24,24,5,-22.4721533883877
01-Aug-2026 00:19:16,-150.074965388319,-21.9679784418026,0,24,24,24,6,-21.9679784418026
01-Aug-2026 00:19:18,-161.467436517888,-33.3604495713726,0,24,24,24,5,-33.3604495713726
01-Aug-2026 00:19:20,-161.662662501767,-33.5556755552511,0,24,24,24,5,-33.5556755552511
01-Aug-2026 00:19:22,-162.732382178675,-34.6253952321591,0,24,24,24,5,-34.6253952321591
01-Aug-2026 00:19:24,-176.464503230115,-48.3575162835988,0,24,24,24,6,-48.3575162835988
01-Aug-2026 00:19:26,-177.336476779224,-49.2294898327078,0,24,24,24,5,-49.2294898327078
01-Aug-2026 00:19:28,-177.773241183075,-49.6662542365588,0,24,24,24,5,-49.6662542365588
01-Aug-2026 00:19:30,-178.374066222851,-50.2670792763349,0,24,24,24,5,-50.2670792763349
01-Aug-2026 00:19:32,-180.152555964825,-52.0455690183096,0,24,24,24,4,-52.0455690183096
01-Aug-2026 00:19:34,-179.907620767389,-51.8006338208733,0,23,23,23,4,-51.8006338208733
01-Aug-2026 00:19:36,-178.335084877643,-50.2280979311273,0,23,23,23,4,-50.2280979311273
01-Aug-2026 00:19:38,-178.366865173597,-50.2598782270811,0,24,24,24,5,-50.2598782270811
01-Aug-2026 00:19:40,-178.076828119135,-49.9698411726187,0,24,24,24,5,-49.9698411726187
01-Aug-2026 00:19:42,-178.043866999307,-49.9368800527915,0,24,24,24,4,-49.9368800527915
01-Aug-2026 00:19:44,-177.387430246794,-49.2804433002782,0,24,24,24,5,-49.2804433002782
01-Aug-2026 00:19:46,-177.115531740022,-49.0085447935064,0,24,24,24,5,-49.0085447935064
01-Aug-2026 00:19:48,-177.609424864859,-49.5024379183433,0,24,24,24,5,-49.5024379183433
01-Aug-2026 00:19:50,-177.866130318293,-49.759143371777,0,24,24,24,5,-49.759143371777
01-Aug-2026 00:19:52,-178.812512187852,-50.7055252413364,0,23,23,23,4,-50.7055252413364
01-Aug-2026 00:19:54,-178.713606222967,-50.6066192764513,0,23,23,23,5,-50.6066192764513
01-Aug-2026 00:19:56,-178.640680174834,-50.533693228318,0,23,23,23,5,-50.533693228318
01-Aug-2026 00:19:58,-178.493030508622,-50.3860435621058,0,22,22,22,4,-50.3860435621058
01-Aug-2026 00:20:00,-178.732120910863,-50.6251339643472,0,22,22,22,4,-50.6251339643472
01-Aug-2026 00:20:02,-178.758244086884,-50.651257140368,0,22,22,22,3,-50.651257140368
01-Aug-2026 00:20:04,-178.517245603732,-50.4102586572166,0,22,22,22,3,-50.4102586572166
01-Aug-2026 00:20:06,-178.762156338749,-50.6551693922329,0,23,23,23,3,-50.6551693922329
01-Aug-2026 00:20:08,-178.547537392913,-50.4405504463971,0,23,23,23,3,-50.4405504463971
01-Aug-2026 00:20:10,-178.777275831545,-50.6702888850287,0,23,23,23,3,-50.6702888850287
01-Aug-2026 00:20:12,-159.825205710459,-31.7182187639428,0,23,23,23,5,-31.7182187639428
01-Aug-2026 00:20:14,-159.980393615901,-31.8734066693852,0,23,23,23,5,-31.8734066693852
01-Aug-2026 00:20:16,-161.163293162182,-33.0563062156659,0,23,23,23,4,-33.0563062156659
01-Aug-2026 00:20:18,-162.209464856688,-34.1024779101725,0,23,23,23,4,-34.1024779101725
01-Aug-2026 00:20:20,-161.432104733017,-33.3251177865009,0,23,23,23,4,-33.3251177865009
01-Aug-2026 00:20:22,-161.562408416962,-33.4554214704463,0,23,23,23,4,-33.4554214704463
01-Aug-2026 00:20:24,-162.774157574918,-34.6671706284017,0,23,23,23,4,-34.6671706284017
01-Aug-2026 00:20:26,-162.697988104985,-34.5910011584696,0,23,23,23,3,-34.5910011584696
01-Aug-2026 00:20:28,-163.413471267441,-35.3064843209251,0,23,23,23,4,-35.3064843209251
01-Aug-2026 00:20:30,-161.900432298293,-33.7934453517772,0,23,23,23,4,-33.7934453517772
01-Aug-2026 00:20:32,-179.491966815053,-51.3849798685368,0,23,23,23,4,-51.3849798685368
01-Aug-2026 00:20:34,-186.126337793553,-58.0193508470375,0,23,23,23,3,-58.0193508470375
01-Aug-2026 00:20:36,-185.939252445018,-57.8322654985018,0,24,24,24,2,-57.8322654985018
01-Aug-2026 00:20:38,-185.996437221352,-57.8894502748361,0,24,24,24,2,-57.8894502748361
01-Aug-2026 00:20:40,-185.792183485775,-57.6851965392587,0,24,24,24,2,-57.6851965392587
01-Aug-2026 00:20:42,-185.698999999155,-57.5920130526388,0,25,25,25,2,-57.5920130526388
01-Aug-2026 00:20:44,-185.416302754319,-57.3093158078035,0,24,24,24,2,-57.3093158078035
01-Aug-2026 00:20:46,-185.46093406832,-57.3539471218039,0,24,24,24,2,-57.3539471218039
01-Aug-2026 00:20:48,-168.03159077446,-39.9246038279442,0,24,24,24,3,-39.9246038279442
01-Aug-2026 00:20:50,-167.923471872605,-39.8164849260891,0,24,24,24,4,-39.8164849260891
01-Aug-2026 00:20:52,-169.049664844863,-40.9426778983475,0,25,25,25,6,-40.9426778983475
01-Aug-2026 00:20:54,-169.38640559395,-41.2794186474339,0,26,26,26,6,-41.2794186474339
01-Aug-2026 00:20:56,-169.659509819231,-41.5525228727155,0,26,26,26,7,-41.5525228727155
01-Aug-2026 00:20:58,-178.248725851838,-50.1417389053226,0,26,26,26,9,-50.1417389053226
01-Aug-2026 00:21:00,-174.136128674611,-46.0291417280954,0,26,26,26,9,-46.0291417280954
01-Aug-2026 00:21:02,-164.786500201603,-36.6795132550868,0,26,26,26,8,-36.6795132550868
01-Aug-2026 00:21:04,-165.204464430225,-37.0974774837092,0,26,26,26,7,-37.0974774837092
01-Aug-2026 00:21:06,-164.697028912637,-36.5900419661214,0,26,26,26,7,-36.5900419661214
01-Aug-2026 00:21:08,-165.713568345475,-37.6065813989595,0,26,26,26,7,-37.6065813989595
01-Aug-2026 00:21:10,-165.283672968797,-37.1766860222815,0,26,26,26,8,-37.1766860222815
01-Aug-2026 00:21:12,-157.893857827739,-29.7868708812227,0,26,26,26,9,-29.7868708812227
01-Aug-2026 00:21:14,-159.082998660958,-30.9760117144419,0,26,26,26,8,-30.9760117144419
01-Aug-2026 00:21:16,-159.293553159783,-31.1865662132667,0,26,26,26,8,-31.1865662132667
01-Aug-2026 00:21:18,-159.541886851698,-31.4348999051823,0,26,26,26,8,-31.4348999051823
01-Aug-2026 00:21:20,-159.748207846963,-31.6412209004474,0,26,26,26,8,-31.6412209004474
01-Aug-2026 00:21:22,-160.446094833733,-32.3391078872176,0,26,26,26,7,-32.3391078872176
01-Aug-2026 00:21:24,-159.882779326762,-31.7757923802466,0,26,26,26,7,-31.7757923802466
01-Aug-2026 00:21:26,-159.582383421451,-31.4753964749352,0,26,26,26,5,-31.4753964749352
01-Aug-2026 00:21:28,-159.880255578464,-31.7732686319484,0,26,26,26,7,-31.7732686319484
01-Aug-2026 00:21:30,-157.743706305641,-29.6367193591251,0,26,26,26,7,-29.6367193591251
01-Aug-2026 00:21:32,-157.411045952823,-29.3040590063075,0,26,26,26,8,-29.3040590063075
01-Aug-2026 00:21:34,-161.938288374495,-33.8313014279795,0,26,26,26,5,-33.8313014279795
01-Aug-2026 00:21:36,-162.103280952696,-33.99629400618,0,26,26,26,5,-33.99629400618
01-Aug-2026 00:21:38,-162.1425087474,-34.0355218008843,0,26,26,26,5,-34.0355218008843
01-Aug-2026 00:21:40,-190.587278801221,-62.4802918547055,0,26,26,26,4,-62.4802918547055
01-Aug-2026 00:21:42,-191.042477063802,-62.9354901172857,0,26,26,26,4,-62.9354901172857
01-Aug-2026 00:21:44,-191.500132126523,-63.3931451800072,0,26,26,26,4,-63.3931451800072
01-Aug-2026 00:21:46,-193.287820114375,-65.1808331678595,0,26,26,26,3,-65.1808331678595
01-Aug-2026 00:21:48,-193.243775675516,-65.1367887290003,0,26,26,26,2,-65.1367887290003
01-Aug-2026 00:21:50,-193.94274017943,-65.8357532329139,0,26,26,26,2,-65.8357532329139
01-Aug-2026 00:21:52,-193.747367357164,-65.6403804106481,0,26,26,26,2,-65.6403804106481
01-Aug-2026 00:21:54,-193.200503209174,-65.0935162626585,0,26,26,26,2,-65.0935162626585
01-Aug-2026 00:21:56,-193.021590275674,-64.9146033291581,0,25,25,25,2,-64.9146033291581
01-Aug-2026 00:21:58,-190.823516618844,-62.7165296723284,0,25,25,25,3,-62.7165296723284
01-Aug-2026 00:22:00,-193.61321170974,-65.5062247632238,0,25,25,25,2,-65.5062247632238
01-Aug-2026 00:22:02,-193.472695926939,-65.3657089804231,0,25,25,25,2,-65.3657089804231
01-Aug-2026 00:22:04,-193.576878540214,-65.4698915936982,0,25,25,25,2,-65.4698915936982
01-Aug-2026 00:22:06,-188.15454747308,-60.0475605265638,0,25,25,25,3,-60.0475605265638
01-Aug-2026 00:22:08,-184.585303357239,-56.4783164107236,0,26,26,26,4,-56.4783164107236
01-Aug-2026 00:22:10,-185.722733772824,-57.6157468263079,0,27,27,27,3,-17.4310353809285
01-Aug-2026 00:22:12,-185.640435267029,-57.5334483205132,0,27,27,27,2,-57.5334483205132
01-Aug-2026 00:22:14,-192.711225130569,-64.6042381840535,0,27,27,27,1,-64.6042381840535
01-Aug-2026 00:22:16,-193.052202146899,-64.9452152003835,0,27,27,27,1,-64.9452152003835
01-Aug-2026 00:22:18,-192.838814119348,-64.7318271728324,0,26,26,26,1,-64.7318271728324
01-Aug-2026 00:22:20,-193.232175648909,-65.1251887023929,0,26,26,26,1,-65.1251887023929
01-Aug-2026 00:22:22,-3076.52655568589,-2948.41956873937,0,26,26,26,0,-2948.41956873937
01-Aug-2026 00:22:24,-182.1719874112,-54.0650004646843,0,26,26,26,1,-54.0650004646843
01-Aug-2026 00:22:26,-174.144233267387,-46.0372463208709,0,26,26,26,2,-46.0372463208709
01-Aug-2026 00:22:28,-174.865288997825,-46.7583020513089,0,26,26,26,2,-46.7583020513089
01-Aug-2026 00:22:30,-174.915358225823,-46.8083712793075,0,25,25,25,2,-46.8083712793075
01-Aug-2026 00:22:32,-173.952240950039,-45.8452540035227,0,25,25,25,2,-45.8452540035227
01-Aug-2026 00:22:34,-174.364353627367,-46.2573666808507,0,25,25,25,2,-46.2573666808507
01-Aug-2026 00:22:36,-154.621230445591,-26.5142434990747,0,26,26,26,2,-26.5142434990747
01-Aug-2026 00:22:38,-154.225809730224,-26.1188227837079,0,26,26,26,3,-26.1188227837079
01-Aug-2026 00:22:40,-154.29597171697,-26.1889847704538,0,26,26,26,3,-26.1889847704538
01-Aug-2026 00:22:42,-151.083058910632,-22.9760719641156,0,25,25,25,4,-22.9760719641156
01-Aug-2026 00:22:44,-150.777227666651,-22.6702407201356,0,26,26,26,4,-22.6702407201356
01-Aug-2026 00:22:46,-151.312954144928,-23.205967198412,0,25,25,25,3,-23.205967198412
01-Aug-2026 00:22:48,-151.185931597525,-23.0789446510094,0,25,25,25,3,-23.0789446510094
01-Aug-2026 00:22:50,-150.888468001928,-22.7814810554118,0,24,24,24,4,-22.7814810554118
01-Aug-2026 00:22:52,-150.985398728883,-22.8784117823667,0,24,24,24,4,-22.8784117823667
01-Aug-2026 00:22:54,-158.404381801616,-30.2973948551003,0,24,24,24,2,-30.2973948551003
01-Aug-2026 00:22:56,-154.65706359808,-26.5500766515644,0,24,24,24,3,-26.5500766515644
01-Aug-2026 00:22:58,-154.836539951472,-26.729553004956,0,24,24,24,3,-26.729553004956
01-Aug-2026 00:23:00,-154.738097116292,-26.6311101697763,0,24,24,24,4,-26.6311101697763
01-Aug-2026 00:23:02,-154.586425436752,-26.4794384902365,0,24,24,24,5,-26.4794384902365
01-Aug-2026 00:23:04,-154.707401937806,-26.6004149912901,0,24,24,24,5,-26.6004149912901
01-Aug-2026 00:23:06,-150.325565686448,-22.2185787399324,0,24,24,24,5,-22.2185787399324
01-Aug-2026 00:23:08,-149.607493954971,-21.5005070084556,0,24,24,24,4,-21.5005070084556
01-Aug-2026 00:23:10,-148.577377359196,-20.4703904126806,0,24,24,24,5,-20.4703904126806
01-Aug-2026 00:23:12,-154.559256740738,-26.452269794222,0,24,24,24,5,-26.452269794222
01-Aug-2026 00:23:14,-154.397619472773,-26.2906325262576,0,24,24,24,6,-26.2906325262576
01-Aug-2026 00:23:16,-154.014728726517,-25.9077417800016,0,24,24,24,6,-25.9077417800016
01-Aug-2026 00:23:18,-154.594809945219,-26.4878229987028,0,24,24,24,3,-26.4878229987028
01-Aug-2026 00:23:20,-154.507379924178,-26.4003929776622,0,24,24,24,3,-26.4003929776622
01-Aug-2026 00:23:22,-154.409558156343,-26.3025712098272,0,23,23,23,3,-26.3025712098272
01-Aug-2026 00:23:24,-154.16276197738,-26.0557750308639,0,23,23,23,3,-26.0557750308639
01-Aug-2026 00:23:26,-154.279032795281,-26.1720458487654,0,23,23,23,3,-26.1720458487654
01-Aug-2026 00:23:28,-154.250631872686,-26.1436449261702,0,23,23,23,3,-26.1436449261702
01-Aug-2026 00:23:30,-154.747086779702,-26.6400998331864,0,23,23,23,3,-26.6400998331864
01-Aug-2026 00:23:32,-154.458288304127,-26.3513013576108,0,23,23,23,4,-26.3513013576108
01-Aug-2026 00:23:34,-154.603292178761,-26.4963052322447,0,24,24,24,5,-26.4963052322447
01-Aug-2026 00:23:36,-155.144187554793,-27.0372006082767,0,24,24,24,6,-27.0372006082767
01-Aug-2026 00:23:38,-155.042761938472,-26.9357749919558,0,24,24,24,8,-26.9357749919558
01-Aug-2026 00:23:40,-155.04476365595,-26.9377767094344,0,23,23,23,8,-26.9377767094344
01-Aug-2026 00:23:42,-155.302859528574,-27.1958725820578,0,23,23,23,7,-27.1958725820578
01-Aug-2026 00:23:44,-155.101337244188,-26.9943502976726,0,23,23,23,7,-26.9943502976726
01-Aug-2026 00:23:46,-155.014406590173,-26.9074196436574,0,23,23,23,7,-26.9074196436574
01-Aug-2026 00:23:48,-155.146401251356,-27.0394143048405,0,22,22,22,7,-27.0394143048405
01-Aug-2026 00:23:50,-155.007207862415,-26.9002209158986,0,22,22,22,7,-26.9002209158986
01-Aug-2026 00:23:52,-155.199493889536,-27.09250694302,0,22,22,22,6,-27.09250694302
01-Aug-2026 00:23:54,-155.066587067415,-26.9596001208989,0,22,22,22,6,-26.9596001208989
01-Aug-2026 00:23:56,-155.030366129289,-26.9233791827733,0,22,22,22,6,-26.9233791827733
01-Aug-2026 00:23:58,-155.121564647179,-27.0145777006629,0,23,23,23,6,-27.0145777006629
01-Aug-2026 00:24:00,-154.727469407783,-26.6204824612667,0,23,23,23,6,-26.6204824612667
01-Aug-2026 00:24:02,-150.052476620855,-21.9454896743391,0,23,23,23,7,-21.9454896743391
01-Aug-2026 00:24:04,-150.513524733322,-22.4065377868056,0,23,23,23,7,-22.4065377868056
01-Aug-2026 00:24:06,-150.56205456549,-22.4550676189738,0,23,23,23,8,-22.4550676189738
01-Aug-2026 00:24:08,-150.379788498933,-22.2728015524173,0,23,23,23,8,-22.2728015524173
01-Aug-2026 00:24:10,-151.041626527683,-22.9346395811675,0,23,23,23,7,-22.9346395811675
01-Aug-2026 00:24:12,-151.346034075313,-23.2390471287976,0,23,23,23,7,-23.2390471287976
01-Aug-2026 00:24:14,-151.505407982449,-23.3984210359328,0,23,23,23,7,-23.3984210359328
01-Aug-2026 00:24:16,-152.014065787039,-23.9070788405233,0,23,23,23,7,-23.9070788405233
01-Aug-2026 00:24:18,-155.34578169478,-27.2387947482643,0,23,23,23,6,-27.2387947482643
01-Aug-2026 00:24:20,-155.20808899863,-27.1011020521139,0,23,23,23,6,-27.1011020521139
01-Aug-2026 00:24:22,-155.189790072844,-27.0828031263277,0,23,23,23,5,-27.0828031263277
01-Aug-2026 00:24:24,-155.628166663162,-27.5211797166461,0,24,24,24,5,-27.5211797166461
01-Aug-2026 00:24:26,-156.228580115495,-28.1215931689794,0,24,24,24,5,-28.1215931689794
01-Aug-2026 00:24:28,-156.752502427276,-28.6455154807604,0,24,24,24,5,-28.6455154807604
01-Aug-2026 00:24:30,-156.950917902631,-28.8439309561151,0,25,25,25,5,-28.8439309561151
01-Aug-2026 00:24:32,-156.739076493771,-28.6320895472551,0,25,25,25,5,-28.6320895472551
01-Aug-2026 00:24:34,-157.431450478851,-29.3244635323353,0,25,25,25,5,-29.3244635323353
01-Aug-2026 00:24:36,-158.297139358876,-30.1901524123602,0,25,25,25,5,-30.1901524123602
01-Aug-2026 00:24:38,-158.657402293081,-30.5504153465655,0,25,25,25,6,-30.5504153465655
01-Aug-2026 00:24:40,-174.562314403078,-46.4553274565625,0,25,25,25,5,-46.4553274565625
01-Aug-2026 00:24:42,-175.048291095827,-46.9413041493113,0,26,26,26,7,-46.9413041493113
01-Aug-2026 00:24:44,-184.965265324636,-56.8582783781199,0,26,26,26,7,-56.8582783781199
01-Aug-2026 00:24:46,-185.255149493631,-57.1481625471147,0,26,26,26,5,-57.1481625471147
01-Aug-2026 00:24:48,-185.379630800472,-57.2726438539565,0,26,26,26,5,-57.2726438539565
01-Aug-2026 00:24:50,-185.504491574372,-57.3975046278561,0,26,26,26,4,-57.3975046278561
01-Aug-2026 00:24:52,-176.39161055887,-48.2846236123542,0,26,26,26,5,-48.2846236123542
01-Aug-2026 00:24:54,-167.114617251444,-39.0076303049281,0,26,26,26,5,-39.0076303049281
01-Aug-2026 00:24:56,-166.508929180685,-38.4019422341692,0,26,26,26,5,-38.4019422341692
01-Aug-2026 00:24:58,-165.912647722223,-37.8056607757067,0,26,26,26,5,-37.8056607757067
01-Aug-2026 00:25:00,-159.561344156346,-31.4543572098306,0,26,26,26,6,-31.4543572098306
01-Aug-2026 00:25:02,-159.437238981488,-31.3302520349726,0,26,26,26,6,-31.3302520349726
01-Aug-2026 00:25:04,-159.298317031872,-31.1913300853566,0,26,26,26,6,-31.1913300853566
01-Aug-2026 00:25:06,-159.082419825141,-30.9754328786251,0,26,26,26,6,-30.9754328786251
01-Aug-2026 00:25:08,-159.162489260919,-31.0555023144034,0,26,26,26,6,-31.0555023144034
01-Aug-2026 00:25:10,-159.319341912801,-31.2123549662847,0,26,26,26,5,-31.2123549662847
01-Aug-2026 00:25:12,-157.336707994226,-29.22972104771,0,26,26,26,7,-29.22972104771
01-Aug-2026 00:25:14,-158.929313645692,-30.8223266991763,0,26,26,26,7,-28.76533215177
01-Aug-2026 00:25:16,-159.266739208462,-31.1597522619466,0,27,27,27,7,-28.6453086004031
01-Aug-2026 00:25:18,-158.821053154428,-30.7140662079123,0,27,27,27,7,-30.7140662079123
01-Aug-2026 00:25:20,-158.925813671786,-30.8188267252704,0,26,26,26,7,-30.8188267252704
01-Aug-2026 00:25:22,-158.746393972082,-30.639407025566,0,26,26,26,5,-30.639407025566
01-Aug-2026 00:25:24,-158.499965769001,-30.3929788224852,0,26,26,26,4,-30.3929788224852
01-Aug-2026 00:25:26,-158.907134709802,-30.8001477632861,0,26,26,26,5,-30.8001477632861
01-Aug-2026 00:25:28,-158.951893022448,-30.8449060759317,0,26,26,26,5,-30.8449060759317
01-Aug-2026 00:25:30,-159.170806937871,-31.0638199913553,0,26,26,26,5,-31.0638199913553
01-Aug-2026 00:25:32,-159.473577388554,-31.3665904420379,0,26,26,26,5,-31.3665904420379
01-Aug-2026 00:25:34,-159.751533320495,-31.6445463739792,0,26,26,26,5,-31.6445463739792
01-Aug-2026 00:25:36,-160.082864596676,-31.9758776501602,0,26,26,26,5,-31.9758776501602
01-Aug-2026 00:25:38,-160.262069262739,-32.1550823162233,0,26,26,26,5,-32.1550823162233
01-Aug-2026 00:25:40,-160.42390061926,-32.3169136727446,0,26,26,26,6,-32.3169136727446
01-Aug-2026 00:25:42,-160.696992419394,-32.5900054728778,0,26,26,26,6,-32.5900054728778
01-Aug-2026 00:25:44,-161.045183491218,-32.9381965447026,0,26,26,26,6,-32.9381965447026
01-Aug-2026 00:25:46,-161.165710742964,-33.0587237964486,0,25,25,25,6,-33.0587237964486
01-Aug-2026 00:25:48,-161.66989218872,-33.5629052422042,0,25,25,25,7,-33.5629052422042
01-Aug-2026 00:25:50,-164.943060261873,-36.8360733153575,0,25,25,25,6,-36.8360733153575
01-Aug-2026 00:25:52,-165.153339932602,-37.0463529860858,0,24,24,24,5,-37.0463529860858
01-Aug-2026 00:25:54,-165.007786693339,-36.9007997468233,0,24,24,24,4,-36.9007997468233
01-Aug-2026 00:25:56,-165.366997203569,-37.2600102570535,0,24,24,24,4,-37.2600102570535
01-Aug-2026 00:25:58,-165.441520119929,-37.3345331734129,0,24,24,24,5,-37.3345331734129
01-Aug-2026 00:26:00,-175.892711535962,-47.7857245894465,0,26,26,26,4,-47.7857245894465
01-Aug-2026 00:26:02,-175.363587080899,-47.2566001343836,0,26,26,26,5,-47.2566001343836
01-Aug-2026 00:26:04,-174.453195446584,-46.3462085000686,0,26,26,26,5,-46.3462085000686
01-Aug-2026 00:26:06,-174.267004056477,-46.1600171099611,0,26,26,26,5,-46.1600171099611
01-Aug-2026 00:26:08,-173.675257427147,-45.5682704806313,0,26,26,26,5,-45.5682704806313
01-Aug-2026 00:26:10,-171.531236893288,-43.4242499467717,0,27,27,27,7,-43.4242499467717
01-Aug-2026 00:26:12,-165.811426224623,-37.7044392781072,0,27,27,27,8,-37.7044392781072
01-Aug-2026 00:26:14,-164.554106067985,-36.4471191214693,0,27,27,27,8,-36.4471191214693
01-Aug-2026 00:26:16,-176.131917585765,-48.0249306392488,0,27,27,27,6,-48.0249306392488
01-Aug-2026 00:26:18,-176.199527794631,-48.0925408481149,0,27,27,27,7,-48.0925408481149
01-Aug-2026 00:26:20,-171.353092769178,-43.2461058226626,0,26,26,26,8,-43.2461058226626
01-Aug-2026 00:26:22,-171.72318121257,-43.6161942660545,0,26,26,26,8,-43.6161942660545
01-Aug-2026 00:26:24,-171.936036827594,-43.8290498810786,0,26,26,26,7,-43.8290498810786
01-Aug-2026 00:26:26,-173.299986952016,-45.1930000055004,0,26,26,26,6,-45.1930000055004
01-Aug-2026 00:26:28,-153.924006091115,-25.817019144599,0,26,26,26,7,-25.817019144599
01-Aug-2026 00:26:30,-153.233926654554,-25.1269397080382,0,26,26,26,6,-25.1269397080382
01-Aug-2026 00:26:32,-153.015009147771,-24.9080222012552,0,26,26,26,5,-24.9080222012552
01-Aug-2026 00:26:34,-152.713131462391,-24.6061445158751,0,26,26,26,5,-24.6061445158751
01-Aug-2026 00:26:36,-152.385411415757,-24.2784244692408,0,26,26,26,5,-24.2784244692408
01-Aug-2026 00:26:38,-186.291615737633,-58.1846287911169,0,25,25,25,4,-24.0887010093217
01-Aug-2026 00:26:40,-186.442659235236,-58.3356722887202,0,25,25,25,4,-23.3067907780454
01-Aug-2026 00:26:42,-185.542974999862,-57.4359880533465,0,25,25,25,5,-57.4359880533465
01-Aug-2026 00:26:44,-185.66898054675,-57.5619936002338,0,25,25,25,5,-57.5619936002338
01-Aug-2026 00:26:46,-158.775195772461,-30.6682088259454,0,25,25,25,6,-30.6682088259454
01-Aug-2026 00:26:48,-158.982569802409,-30.8755828558934,0,25,25,25,6,-30.8755828558934
01-Aug-2026 00:26:50,-159.355906191795,-31.2489192452792,0,25,25,25,6,-31.2489192452792
01-Aug-2026 00:26:52,-159.739877404169,-31.6328904576527,0,24,24,24,5,-31.6328904576527
01-Aug-2026 00:26:54,-160.675867293389,-32.5688803468731,0,24,24,24,6,-32.5688803468731
01-Aug-2026 00:26:56,-160.891010836696,-32.7840238901802,0,24,24,24,6,-32.7840238901802
01-Aug-2026 00:26:58,-160.98925233913,-32.8822653926145,0,24,24,24,7,-32.8822653926145
01-Aug-2026 00:27:00,-161.755992313537,-33.6490053670211,0,24,24,24,6,-33.6490053670211
01-Aug-2026 00:27:02,-162.056675277245,-33.9496883307294,0,24,24,24,6,-33.9496883307294
01-Aug-2026 00:27:04,-161.812630656425,-33.7056437099091,0,24,24,24,6,-33.7056437099091
01-Aug-2026 00:27:06,-158.258968632534,-30.1519816860184,0,24,24,24,7,-30.1519816860184
01-Aug-2026 00:27:08,-157.692371021688,-29.5853840751726,0,23,23,23,6,-29.5853840751726
01-Aug-2026 00:27:10,-157.376093535164,-29.2691065886485,0,23,23,23,8,-29.2691065886485
01-Aug-2026 00:27:12,-156.848405905602,-28.7414189590866,0,23,23,23,8,-28.7414189590866
01-Aug-2026 00:27:14,-156.103355049264,-27.9963681027481,0,23,23,23,8,-27.9963681027481
01-Aug-2026 00:27:16,-157.208518843233,-29.1015318967172,0,23,23,23,7,-29.1015318967172
01-Aug-2026 00:27:18,-166.565357963186,-38.4583710166698,0,23,23,23,6,-38.4583710166698
01-Aug-2026 00:27:20,-166.656134892182,-38.5491479456665,0,23,23,23,6,-38.5491479456665
01-Aug-2026 00:27:22,-167.493549226132,-39.3865622796159,0,23,23,23,5,-39.3865622796159
01-Aug-2026 00:27:24,-168.104982948496,-39.9979960019801,0,23,23,23,5,-39.9979960019801
01-Aug-2026 00:27:26,-167.850684864532,-39.7436979180158,0,22,22,22,5,-39.7436979180158
01-Aug-2026 00:27:28,-167.973943761074,-39.866956814558,0,22,22,22,5,-39.866956814558
01-Aug-2026 00:27:30,-167.93342580703,-39.8264388605139,0,22,22,22,5,-39.8264388605139
01-Aug-2026 00:27:32,-167.017214175255,-38.9102272287396,0,23,23,23,6,-38.9102272287396
01-Aug-2026 00:27:34,-166.907730698014,-38.8007437514983,0,23,23,23,6,-38.8007437514983
01-Aug-2026 00:27:36,-166.312240442263,-38.2052534957473,0,22,22,22,6,-38.2052534957473
01-Aug-2026 00:27:38,-182.344481434194,-54.2374944876786,0,22,22,22,5,-54.2374944876786
01-Aug-2026 00:27:40,-184.826867877556,-56.7198809310397,0,22,22,22,4,-56.7198809310397
01-Aug-2026 00:27:42,-184.906841074606,-56.7998541280904,0,22,22,22,4,-56.7998541280904
01-Aug-2026 00:27:44,-185.209708981166,-57.1027220346498,0,22,22,22,4,-57.1027220346498
01-Aug-2026 00:27:46,-185.605680197874,-57.4986932513584,0,22,22,22,3,-57.4986932513584
01-Aug-2026 00:27:48,-185.000159048511,-56.8931721019951,0,23,23,23,4,-56.8931721019951
01-Aug-2026 00:27:50,-185.163466397446,-57.0564794509303,0,23,23,23,4,-57.0564794509303
01-Aug-2026 00:27:52,-183.679357756461,-55.5723708099452,0,23,23,23,5,-55.5723708099452
01-Aug-2026 00:27:54,-183.560354213846,-55.4533672673306,0,23,23,23,5,-55.4533672673306
01-Aug-2026 00:27:56,-183.45408384036,-55.347096893844,0,23,23,23,6,-55.347096893844
01-Aug-2026 00:27:58,-183.247998252557,-55.1410113060411,0,23,23,23,6,-55.1410113060411
01-Aug-2026 00:28:00,-183.324232352006,-55.21724540549,0,23,23,23,6,-55.21724540549
01-Aug-2026 00:28:02,-183.701442678318,-55.594455731802,0,23,23,23,5,-55.594455731802
01-Aug-2026 00:28:04,-183.627316629397,-55.5203296828813,0,23,23,23,5,-55.5203296828813
01-Aug-2026 00:28:06,-172.976332468565,-44.8693455220489,0,23,23,23,6,-44.8693455220489
01-Aug-2026 00:28:08,-173.26928892131,-45.1623019747942,0,23,23,23,5,-45.1623019747942
01-Aug-2026 00:28:10,-172.990419977813,-44.883433031297,0,23,23,23,5,-44.883433031297
01-Aug-2026 00:28:12,-172.950841655155,-44.8438547086396,0,24,24,24,6,-44.8438547086396
01-Aug-2026 00:28:14,-173.324646394051,-45.2176594475348,0,25,25,25,7,-45.2176594475348
01-Aug-2026 00:28:16,-173.025839162389,-44.9188522158734,0,25,25,25,7,-44.9188522158734
01-Aug-2026 00:28:18,-173.4021020865,-45.2951151399841,0,25,25,25,7,-45.2951151399841
01-Aug-2026 00:28:20,-181.597193790943,-53.4902068444268,0,26,26,26,8,-53.4902068444268
01-Aug-2026 00:28:22,-181.435343562226,-53.3283566157099,0,26,26,26,8,-53.3283566157099
01-Aug-2026 00:28:24,-181.359363449623,-53.252376503107,0,26,26,26,8,-53.252376503107
01-Aug-2026 00:28:26,-182.749537930024,-54.6425509835083,0,25,25,25,5,-54.6425509835083
01-Aug-2026 00:28:28,-176.203148831401,-48.0961618848847,0,25,25,25,5,-48.0961618848847
01-Aug-2026 00:28:30,-176.161263041046,-48.0542760945299,0,26,26,26,5,-48.0542760945299
01-Aug-2026 00:28:32,-176.893678022231,-48.7866910757155,0,26,26,26,4,-48.7866910757155
01-Aug-2026 00:28:34,-177.894001503581,-49.787014557065,0,26,26,26,4,-49.787014557065
01-Aug-2026 00:28:36,-184.98314247134,-56.8761555248238,0,26,26,26,3,-56.8761555248238
01-Aug-2026 00:28:38,-185.286716523481,-57.1797295769654,0,26,26,26,3,-57.1797295769654
01-Aug-2026 00:28:40,-185.196194818363,-57.0892078718475,0,26,26,26,4,-57.0892078718475
01-Aug-2026 00:28:42,-185.358077853204,-57.2510909066878,0,26,26,26,3,-57.2510909066878
01-Aug-2026 00:28:44,-188.511476920606,-60.4044899740903,0,26,26,26,2,-60.4044899740903
01-Aug-2026 00:28:46,-188.546860821328,-60.4398738748125,0,26,26,26,2,-60.4398738748125
01-Aug-2026 00:28:48,-188.921143257252,-60.8141563107362,0,26,26,26,2,-60.8141563107362
01-Aug-2026 00:28:50,-189.212358148645,-61.1053712021288,0,26,26,26,2,-61.1053712021288
01-Aug-2026 00:28:52,-189.362942851944,-61.2559559054282,0,26,26,26,2,-61.2559559054282
01-Aug-2026 00:28:54,-189.346403376486,-61.2394164299697,0,26,26,26,2,-61.2394164299697
01-Aug-2026 00:28:56,-174.34182370152,-46.2348367550044,0,26,26,26,3,-46.2348367550044
01-Aug-2026 00:28:58,-174.855096183915,-46.7481092373993,0,26,26,26,3,-46.7481092373993
01-Aug-2026 00:29:00,-175.729700334386,-47.6227133878705,0,26,26,26,3,-47.6227133878705
01-Aug-2026 00:29:02,-176.032659656886,-47.9256727103698,0,26,26,26,3,-47.9256727103698
01-Aug-2026 00:29:04,-175.134732702801,-47.0277457562849,0,27,27,27,5,-47.0277457562849
01-Aug-2026 00:29:06,-175.316494156783,-47.2095072102667,0,27,27,27,5,-47.2095072102667
01-Aug-2026 00:29:08,-175.306882873778,-47.1998959272622,0,27,27,27,5,-47.1998959272622
01-Aug-2026 00:29:10,-175.090875185701,-46.9838882391851,0,26,26,26,5,-46.9838882391851
01-Aug-2026 00:29:12,-175.787367213069,-47.6803802665533,0,26,26,26,4,-47.6803802665533
01-Aug-2026 00:29:14,-175.287697475979,-47.1807105294635,0,26,26,26,4,-47.1807105294635
01-Aug-2026 00:29:16,-175.863324569851,-47.7563376233352,0,26,26,26,4,-47.7563376233352
01-Aug-2026 00:29:18,-176.160582662474,-48.0535957159578,0,26,26,26,3,-48.0535957159578
01-Aug-2026 00:29:20,-176.384641405708,-48.2776544591921,0,26,26,26,3,-48.2776544591921
01-Aug-2026 00:29:22,-176.599547404086,-48.4925604575704,0,26,26,26,4,-48.4925604575704
01-Aug-2026 00:29:24,-176.812941164095,-48.7059542175789,0,26,26,26,3,-48.7059542175789
01-Aug-2026 00:29:26,-176.828674789487,-48.7216878429708,0,26,26,26,3,-48.7216878429708
01-Aug-2026 00:29:28,-176.867752805179,-48.7607658586631,0,25,25,25,3,-48.7607658586631
01-Aug-2026 00:29:30,-176.656732106971,-48.5497451604552,0,25,25,25,3,-48.5497451604552
01-Aug-2026 00:29:32,-187.268561250868,-59.1615743043521,0,25,25,25,2,-59.1615743043521
01-Aug-2026 00:29:34,-186.712547142125,-58.6055601956094,0,25,25,25,2,-58.6055601956094
01-Aug-2026 00:29:36,-179.051245799168,-50.9442588526524,0,24,24,24,3,-50.9442588526524
01-Aug-2026 00:29:38,-178.897825870844,-50.7908389243279,0,24,24,24,3,-50.7908389243279
01-Aug-2026 00:29:40,-178.93376284831,-50.8267759017939,0,24,24,24,3,-50.8267759017939
01-Aug-2026 00:29:42,-178.740351763656,-50.6333648171405,0,24,24,24,3,-50.6333648171405
01-Aug-2026 00:29:44,-178.697300986002,-50.5903140394865,0,24,24,24,3,-50.5903140394865
01-Aug-2026 00:29:46,-178.914987710568,-50.8080007640519,0,25,25,25,4,-50.8080007640519
01-Aug-2026 00:29:48,-179.075309266084,-50.9683223195678,0,25,25,25,4,-50.9683223195678
01-Aug-2026 00:29:50,-167.495836147337,-39.3888492008211,0,26,26,26,4,-39.3888492008211
01-Aug-2026 00:29:52,-167.318796664329,-39.2118097178127,0,27,27,27,6,-39.2118097178127
01-Aug-2026 00:29:54,-167.857505003399,-39.750518056883,0,27,27,27,6,-39.750518056883
01-Aug-2026 00:29:56,-178.550315796904,-50.4433288503881,0,27,27,27,4,-50.4433288503881
01-Aug-2026 00:29:58,-178.869324246533,-50.762337300017,0,27,27,27,3,-30.8558117321627
01-Aug-2026 00:30:00,-159.681018168424,-31.5740312219079,0,27,27,27,3,-31.5740312219079
01-Aug-2026 00:30:02,-159.68884994819,-31.5818630016744,0,27,27,27,3,-31.5818630016744
01-Aug-2026 00:30:04,-160.236657571772,-32.129670625256,0,27,27,27,3,-32.129670625256
01-Aug-2026 00:30:06,-160.539908934248,-32.4329219877321,0,27,27,27,5,-32.4329219877321
01-Aug-2026 00:30:08,-184.767615452501,-56.6606285059854,0,27,27,27,3,-56.6606285059854
01-Aug-2026 00:30:10,-153.107859937538,-25.0008729910224,0,26,26,26,4,-25.0008729910224
01-Aug-2026 00:30:12,-153.531648548952,-25.4246616024366,0,26,26,26,3,-25.4246616024366
01-Aug-2026 00:30:14,-154.415536985249,-26.3085500387328,0,26,26,26,3,-26.3085500387328
01-Aug-2026 00:30:16,-154.557583244274,-26.4505962977586,0,26,26,26,3,-26.4505962977586
01-Aug-2026 00:30:18,-154.728842442902,-26.6218554963863,0,26,26,26,3,-26.6218554963863
01-Aug-2026 00:30:20,-155.643439770466,-27.5364528239498,0,26,26,26,3,-27.5364528239498
01-Aug-2026 00:30:22,-156.152048964885,-28.0450620183695,0,26,26,26,3,-28.0450620183695
01-Aug-2026 00:30:24,-156.596081244117,-28.4890942976009,0,25,25,25,3,-28.4890942976009
01-Aug-2026 00:30:26,-156.679550371696,-28.5725634251806,0,25,25,25,4,-28.5725634251806
01-Aug-2026 00:30:28,-157.137468211358,-29.0304812648419,0,25,25,25,4,-29.0304812648419
01-Aug-2026 00:30:30,-157.833629579703,-29.7266426331874,0,25,25,25,3,-29.7266426331874
01-Aug-2026 00:30:32,-158.319944969577,-30.2129580230609,0,25,25,25,3,-30.2129580230609
01-Aug-2026 00:30:34,-158.363169070501,-30.2561821239855,0,25,25,25,5,-30.2561821239855
01-Aug-2026 00:30:36,-159.075348504961,-30.9683615584447,0,25,25,25,5,-30.9683615584447
01-Aug-2026 00:30:38,-159.278419043207,-31.1714320966912,0,25,25,25,5,-31.1714320966912
01-Aug-2026 00:30:40,-160.201786941815,-32.0947999952987,0,25,25,25,6,-32.0947999952987
01-Aug-2026 00:30:42,-160.964155357818,-32.8571684113019,0,25,25,25,6,-32.8571684113019
01-Aug-2026 00:30:44,-161.183801835976,-33.0768148894598,0,25,25,25,4,-33.0768148894598
01-Aug-2026 00:30:46,-161.537131517566,-33.4301445710506,0,25,25,25,5,-33.4301445710506
01-Aug-2026 00:30:48,-161.564690294558,-33.4577033480423,0,25,25,25,5,-33.4577033480423
01-Aug-2026 00:30:50,-171.277758262297,-43.1707713157811,0,25,25,25,6,-43.1707713157811
01-Aug-2026 00:30:52,-171.843978322834,-43.7369913763179,0,25,25,25,6,-43.7369913763179
01-Aug-2026 00:30:54,-172.281321348318,-44.1743344018024,0,23,23,23,7,-44.1743344018024
01-Aug-2026 00:30:56,-171.925321540908,-43.8183345943923,0,23,23,23,7,-43.8183345943923
01-Aug-2026 00:30:58,-163.699971469562,-35.5929845230457,0,23,23,23,7,-35.5929845230457
01-Aug-2026 00:31:00,-163.801906746283,-35.6949197997671,0,23,23,23,7,-35.6949197997671
01-Aug-2026 00:31:02,-163.594223170811,-35.4872362242954,0,23,23,23,7,-35.4872362242954
01-Aug-2026 00:31:04,-163.629815875565,-35.5228289290493,0,23,23,23,6,-35.5228289290493
01-Aug-2026 00:31:06,-164.595551344216,-36.4885643976999,0,23,23,23,6,-36.4885643976999
01-Aug-2026 00:31:08,-164.63988064348,-36.5328936969639,0,23,23,23,6,-36.5328936969639
01-Aug-2026 00:31:10,-164.482219281996,-36.3752323354797,0,23,23,23,5,-36.3752323354797
01-Aug-2026 00:31:12,-164.642763785497,-36.5357768389811,0,23,23,23,5,-36.5357768389811
01-Aug-2026 00:31:14,-156.987161519519,-28.8801745730029,0,22,22,22,6,-28.8801745730029
01-Aug-2026 00:31:16,-157.499161284247,-29.3921743377308,0,22,22,22,6,-29.3921743377308
01-Aug-2026 00:31:18,-178.453824972094,-50.3468380255777,0,22,22,22,4,-50.3468380255777
01-Aug-2026 00:31:20,-178.682978199457,-50.5759912529416,0,22,22,22,4,-50.5759912529416
01-Aug-2026 00:31:22,-178.447992285205,-50.3410053386891,0,22,22,22,4,-50.3410053386891
01-Aug-2026 00:31:24,-178.481266606248,-50.3742796597317,0,22,22,22,4,-50.3742796597317
01-Aug-2026 00:31:26,-174.12263138868,-46.0156444421642,0,21,21,21,5,-46.0156444421642
01-Aug-2026 00:31:28,-174.151713355749,-46.0447264092335,0,21,21,21,5,-46.0447264092335
01-Aug-2026 00:31:30,-174.329271665226,-46.2222847187104,0,22,22,22,5,-46.2222847187104
01-Aug-2026 00:31:32,-174.283637615397,-46.1766506688813,0,22,22,22,5,-46.1766506688813
01-Aug-2026 00:31:34,-174.183037480474,-46.0760505339581,0,22,22,22,5,-46.0760505339581
01-Aug-2026 00:31:36,-173.96778390646,-45.8607969599441,0,22,22,22,6,-45.8607969599441
01-Aug-2026 00:31:38,-175.048833714485,-46.9418467679693,0,23,23,23,4,-46.9418467679693
01-Aug-2026 00:31:40,-174.611605907077,-46.5046189605609,0,23,23,23,4,-46.5046189605609
01-Aug-2026 00:31:42,-174.621109947038,-46.5141230005221,0,23,23,23,4,-46.5141230005221
01-Aug-2026 00:31:44,-175.723600550695,-47.616613604179,0,23,23,23,3,-47.616613604179
01-Aug-2026 00:31:46,-176.106420767099,-47.9994338205828,0,23,23,23,4,-47.9994338205828
01-Aug-2026 00:31:48,-176.220133323751,-48.1131463772347,0,23,23,23,5,-48.1131463772347
01-Aug-2026 00:31:50,-176.259682160079,-48.152695213563,0,23,23,23,6,-48.152695213563
01-Aug-2026 00:31:52,-176.241238274175,-48.1342513276594,0,23,23,23,6,-48.1342513276594
01-Aug-2026 00:31:54,-184.858529938767,-56.7515429922515,0,23,23,23,4,-56.7515429922515
01-Aug-2026 00:31:56,-184.250896210962,-56.1439092644463,0,23,23,23,5,-56.1439092644463
01-Aug-2026 00:31:58,-165.971839033731,-37.8648520872156,0,24,24,24,8,-37.8648520872156
01-Aug-2026 00:32:00,-165.789708002588,-37.6827210560722,0,25,25,25,8,-37.6827210560722
01-Aug-2026 00:32:02,-165.461050728913,-37.354063782397,0,25,25,25,8,-37.354063782397
01-Aug-2026 00:32:04,-165.08081174153,-36.9738247950144,0,25,25,25,7,-36.9738247950144
01-Aug-2026 00:32:06,-164.437920375127,-36.3309334286107,0,25,25,25,6,-36.3309334286107
01-Aug-2026 00:32:08,-164.286743456256,-36.17975650974,0,26,26,26,6,-36.17975650974
01-Aug-2026 00:32:10,-164.085619065558,-35.9786321190426,0,26,26,26,6,-35.9786321190426
01-Aug-2026 00:32:12,-154.343328797942,-26.2363418514265,0,26,26,26,7,-26.2363418514265
01-Aug-2026 00:32:14,-163.637952372851,-35.5309654263349,0,26,26,26,5,-35.5309654263349
01-Aug-2026 00:32:16,-163.577221669378,-35.470234722862,0,25,25,25,5,-35.470234722862
01-Aug-2026 00:32:18,-163.222414974567,-35.1154280280512,0,26,26,26,5,-35.1154280280512
01-Aug-2026 00:32:20,-162.993308236292,-34.8863212897766,0,26,26,26,5,-34.8863212897766
01-Aug-2026 00:32:22,-162.6616465504,-34.5546596038841,0,26,26,26,5,-34.5546596038841
01-Aug-2026 00:32:24,-162.256356884746,-34.1493699382301,0,26,26,26,5,-34.1493699382301
01-Aug-2026 00:32:26,-176.797293562607,-48.6903066160916,0,26,26,26,6,-48.6903066160916
01-Aug-2026 00:32:28,-177.083236908275,-48.9762499617596,0,26,26,26,5,-48.9762499617596
01-Aug-2026 00:32:30,-177.1091057241,-49.0021187775839,0,26,26,26,5,-49.0021187775839
01-Aug-2026 00:32:32,-177.087694613388,-48.9807076668721,0,26,26,26,5,-48.9807076668721
01-Aug-2026 00:32:34,-176.998494969901,-48.8915080233854,0,26,26,26,5,-48.8915080233854
01-Aug-2026 00:32:36,-179.575511345442,-51.4685243989259,0,26,26,26,5,-51.4685243989259
01-Aug-2026 00:32:38,-180.375850143357,-52.2688631968415,0,26,26,26,5,-52.2688631968415
01-Aug-2026 00:32:40,-180.785343843624,-52.6783568971085,0,26,26,26,5,-52.6783568971085
01-Aug-2026 00:32:42,-180.486953806734,-52.3799668602184,0,26,26,26,6,-52.3799668602184
01-Aug-2026 00:32:44,-188.190962724034,-60.083975777518,0,26,26,26,4,-60.083975777518
01-Aug-2026 00:32:46,-193.835185048822,-65.7281981023066,0,26,26,26,3,-65.7281981023066
01-Aug-2026 00:32:48,-181.501911867881,-53.3949249213652,0,26,26,26,3,-53.3949249213652
01-Aug-2026 00:32:50,-180.541017893063,-52.4340309465469,0,26,26,26,3,-52.4340309465469
01-Aug-2026 00:32:52,-180.577658115118,-52.4706711686019,0,27,27,27,3,-52.4706711686019
01-Aug-2026 00:32:54,-180.635624281739,-52.5286373352234,0,27,27,27,3,-52.5286373352234
01-Aug-2026 00:32:56,-181.021602887458,-52.9146159409422,0,27,27,27,3,-52.9146159409422
01-Aug-2026 00:32:58,-180.406140872859,-52.2991539263432,0,27,27,27,2,-52.2991539263432
01-Aug-2026 00:33:00,-179.670231634052,-51.5632446875362,0,26,26,26,3,-51.5632446875362
01-Aug-2026 00:33:02,-179.776396965202,-51.6694100186858,0,25,25,25,2,-51.6694100186858
01-Aug-2026 00:33:04,-179.385916858578,-51.2789299120622,0,25,25,25,2,-51.2789299120622
01-Aug-2026 00:33:06,-179.234764819488,-51.1277778729721,0,25,25,25,2,-51.1277778729721
01-Aug-2026 00:33:08,-162.421543608602,-34.3145566620864,0,25,25,25,4,-34.3145566620864
01-Aug-2026 00:33:10,-163.105712299786,-34.9987253532706,0,25,25,25,4,-34.9987253532706
01-Aug-2026 00:33:12,-163.873975891617,-35.766988945101,0,25,25,25,3,-35.766988945101
01-Aug-2026 00:33:14,-163.824446738096,-35.7174597915806,0,25,25,25,3,-35.7174597915806
01-Aug-2026 00:33:16,-164.259533486276,-36.1525465397603,0,25,25,25,3,-36.1525465397603
01-Aug-2026 00:33:18,-162.886367145512,-34.7793801989963,0,25,25,25,3,-34.7793801989963
01-Aug-2026 00:33:20,-162.48755321397,-34.3805662674539,0,25,25,25,3,-34.3805662674539
01-Aug-2026 00:33:22,-163.793241439344,-35.6862544928283,0,26,26,26,3,-35.6862544928283
01-Aug-2026 00:33:24,-163.643514822897,-35.5365278763808,0,26,26,26,3,-35.5365278763808
01-Aug-2026 00:33:26,-163.088463141879,-34.9814761953628,0,26,26,26,2,-34.9814761953628
01-Aug-2026 00:33:28,-160.422821610577,-32.3158346640612,0,25,25,25,3,-32.3158346640612
01-Aug-2026 00:33:30,-159.13657407235,-31.0295871258342,0,25,25,25,4,-31.0295871258342
01-Aug-2026 00:33:32,-159.599450274929,-31.4924633284135,0,25,25,25,3,-31.4924633284135
01-Aug-2026 00:33:34,-159.459741994494,-31.3527550479785,0,25,25,25,3,-31.3527550479785
01-Aug-2026 00:33:36,-159.449249788366,-31.3422628418502,0,25,25,25,3,-31.3422628418502
01-Aug-2026 00:33:38,-159.322711043489,-31.215724096973,0,25,25,25,3,-31.215724096973
01-Aug-2026 00:33:40,-158.881387873175,-30.774400926659,0,25,25,25,3,-30.774400926659
01-Aug-2026 00:33:42,-158.553956436674,-30.4469694901584,0,26,26,26,4,-30.4469694901584
01-Aug-2026 00:33:44,-158.589760510835,-30.4827735643194,0,26,26,26,4,-30.4827735643194
01-Aug-2026 00:33:46,-158.584016852369,-30.4770299058528,0,27,27,27,4,-30.4770299058528
01-Aug-2026 00:33:48,-159.054862035625,-30.9478750891096,0,27,27,27,4,-30.9478750891096
01-Aug-2026 00:33:50,-159.008923450393,-30.9019365038766,0,27,27,27,5,-30.9019365038766
01-Aug-2026 00:33:52,-158.544179850241,-30.4371929037248,0,27,27,27,5,-30.4371929037248
01-Aug-2026 00:33:54,-158.405642378538,-30.2986554320224,0,27,27,27,5,-30.2986554320224
01-Aug-2026 00:33:56,-154.119136290346,-26.0121493438303,0,27,27,27,5,-26.0121493438303
01-Aug-2026 00:33:58,-153.92993629353,-25.8229493470144,0,27,27,27,4,-25.8229493470144
01-Aug-2026 00:34:00,-153.391989047892,-25.2850021013763,0,26,26,26,4,-25.2850021013763
01-Aug-2026 00:34:02,-153.178292030578,-25.0713050840624,0,26,26,26,3,-25.0713050840624
01-Aug-2026 00:34:04,-152.713132718527,-24.6061457720112,0,26,26,26,3,-24.6061457720112
01-Aug-2026 00:34:06,-151.977906660382,-23.8709197138657,0,26,26,26,3,-23.8709197138657
01-Aug-2026 00:34:08,-151.540999402696,-23.4340124561799,0,26,26,26,4,-23.4340124561799
01-Aug-2026 00:34:10,-156.302587635458,-28.1956006889423,0,26,26,26,3,-28.1956006889423
01-Aug-2026 00:34:12,-144.558098716993,-16.4511117704767,0,25,25,25,4,-16.4511117704767
01-Aug-2026 00:34:14,-190.739807078625,-62.6328201321093,0,25,25,25,3,-15.3584937074523
01-Aug-2026 00:34:16,-174.441985151547,-46.3349982050312,0,25,25,25,3,-46.3349982050312
01-Aug-2026 00:34:18,-174.320622248531,-46.2136353020149,0,25,25,25,3,-46.2136353020149
01-Aug-2026 00:34:20,-174.842919114496,-46.7359321679806,0,25,25,25,3,-46.7359321679806
01-Aug-2026 00:34:22,-174.191082830315,-46.0840958837995,0,25,25,25,2,-46.0840958837995
01-Aug-2026 00:34:24,-173.517177642188,-45.4101906956716,0,25,25,25,2,-45.4101906956716
01-Aug-2026 00:34:26,-173.221990839598,-45.1150038930824,0,25,25,25,2,-45.1150038930824
01-Aug-2026 00:34:28,-172.682566096227,-44.5755791497111,0,25,25,25,2,-44.5755791497111
01-Aug-2026 00:34:30,-157.855173654993,-29.7481867084772,0,25,25,25,3,-29.7481867084772
01-Aug-2026 00:34:32,-157.656894270698,-29.5499073241824,0,25,25,25,3,-29.5499073241824
01-Aug-2026 00:34:34,-157.286247672672,-29.1792607261561,0,25,25,25,3,-29.1792607261561
01-Aug-2026 00:34:36,-157.240129321879,-29.133142375363,0,25,25,25,4,-29.133142375363
01-Aug-2026 00:34:38,-188.394562154675,-60.2875752081591,0,25,25,25,3,-60.2875752081591
01-Aug-2026 00:34:40,-188.303458003286,-60.1964710567705,0,24,24,24,3,-60.1964710567705
01-Aug-2026 00:34:42,-189.188095197385,-61.0811082508694,0,24,24,24,2,-61.0811082508694
01-Aug-2026 00:34:44,-187.089098927061,-58.9821119805451,0,24,24,24,3,-58.9821119805451
01-Aug-2026 00:34:46,-185.966342438198,-57.8593554916818,0,24,24,24,5,-57.8593554916818
01-Aug-2026 00:34:48,-183.837064277358,-55.7300773308417,0,24,24,24,6,-55.7300773308417
01-Aug-2026 00:34:50,-183.89534901677,-55.7883620702544,0,24,24,24,6,-55.7883620702544
01-Aug-2026 00:34:52,-169.027848211312,-40.9208612647966,0,24,24,24,7,-40.9208612647966
01-Aug-2026 00:34:54,-166.098377591764,-37.9913906452482,0,24,24,24,7,-37.9913906452482
01-Aug-2026 00:34:56,-162.169859727421,-34.0628727809047,0,23,23,23,8,-34.0628727809047
01-Aug-2026 00:34:58,-162.164565941932,-34.0575789954165,0,23,23,23,7,-34.0575789954165
01-Aug-2026 00:35:00,-161.492111011238,-33.3851240647223,0,23,23,23,8,-33.3851240647223
01-Aug-2026 00:35:02,-165.643446215885,-37.5364592693692,0,22,22,22,6,-37.5364592693692
01-Aug-2026 00:35:04,-165.456735057397,-37.3497481108815,0,22,22,22,6,-37.3497481108815
01-Aug-2026 00:35:06,-164.888565852428,-36.7815789059122,0,22,22,22,6,-36.7815789059122
01-Aug-2026 00:35:08,-164.488782573121,-36.3817956266055,0,22,22,22,6,-36.3817956266055
01-Aug-2026 00:35:10,-164.366839136158,-36.2598521896425,0,22,22,22,6,-36.2598521896425
01-Aug-2026 00:35:12,-164.380665888234,-36.2736789417183,0,22,22,22,6,-36.2736789417183
01-Aug-2026 00:35:14,-164.5774119354,-36.4704249888844,0,22,22,22,6,-36.4704249888844
01-Aug-2026 00:35:16,-164.963982512697,-36.8569955661808,0,21,21,21,4,-36.8569955661808
01-Aug-2026 00:35:18,-168.632489155984,-40.5255022094682,0,21,21,21,3,-40.5255022094682
01-Aug-2026 00:35:20,-169.718956296648,-41.6119693501324,0,21,21,21,3,-41.6119693501324
01-Aug-2026 00:35:22,-169.676538223986,-41.5695512774698,0,21,21,21,3,-41.5695512774698
01-Aug-2026 00:35:24,-169.753447969576,-41.6464610230599,0,21,21,21,3,-41.6464610230599
01-Aug-2026 00:35:26,-169.613470992349,-41.5064840458334,0,21,21,21,4,-41.5064840458334
01-Aug-2026 00:35:28,-161.064450238625,-32.9574632921093,0,22,22,22,7,-32.9574632921093
01-Aug-2026 00:35:30,-161.108449668884,-33.0014627223678,0,23,23,23,7,-33.0014627223678
01-Aug-2026 00:35:32,-161.803523648243,-33.6965367017268,0,23,23,23,7,-33.6965367017268
01-Aug-2026 00:35:34,-162.080085044097,-33.9730980975808,0,23,23,23,5,-33.9730980975808
01-Aug-2026 00:35:36,-162.321951686494,-34.214964739978,0,23,23,23,6,-34.214964739978
01-Aug-2026 00:35:38,-167.849302394563,-39.7423154480468,0,23,23,23,5,-39.7423154480468
01-Aug-2026 00:35:40,-167.662053181112,-39.5550662345966,0,24,24,24,7,-39.5550662345966
01-Aug-2026 00:35:42,-167.273903594375,-39.1669166478589,0,24,24,24,8,-39.1669166478589
01-Aug-2026 00:35:44,-162.586029442698,-34.479042496182,0,24,24,24,8,-34.479042496182
01-Aug-2026 00:35:46,-162.91399394908,-34.8070070025646,0,24,24,24,7,-34.8070070025646
01-Aug-2026 00:35:48,-163.53991254306,-35.4329255965444,0,25,25,25,7,-35.4329255965444
01-Aug-2026 00:35:50,-164.048508486003,-35.9415215394874,0,25,25,25,7,-35.9415215394874
01-Aug-2026 00:35:52,-163.925890125336,-35.8189031788199,0,25,25,25,7,-35.8189031788199
01-Aug-2026 00:35:54,-164.083537546582,-35.9765506000664,0,25,25,25,7,-35.9765506000664
01-Aug-2026 00:35:56,-164.035212777602,-35.9282258310864,0,25,25,25,8,-35.9282258310864
01-Aug-2026 00:35:58,-164.210445652802,-36.1034587062858,0,26,26,26,9,-36.1034587062858
01-Aug-2026 00:36:00,-164.573837854954,-36.466850908438,0,26,26,26,9,-36.466850908438
01-Aug-2026 00:36:02,-164.96084558841,-36.8538586418945,0,26,26,26,10,-36.8538586418945
01-Aug-2026 00:36:04,-164.948616409044,-36.8416294625277,0,26,26,26,7,-36.8416294625277
01-Aug-2026 00:36:06,-165.279105738848,-37.1721187923317,0,26,26,26,6,-37.1721187923317
01-Aug-2026 00:36:08,-165.216910057227,-37.1099231107116,0,26,26,26,6,-37.1099231107116
01-Aug-2026 00:36:10,-167.170957311855,-39.0639703653392,0,26,26,26,6,-39.0639703653392
01-Aug-2026 00:36:12,-167.267895550104,-39.1609086035884,0,26,26,26,7,-39.1609086035884
01-Aug-2026 00:36:14,-167.567348479117,-39.4603615326012,0,26,26,26,7,-39.4603615326012
01-Aug-2026 00:36:16,-168.422505588392,-40.3155186418761,0,26,26,26,7,-40.3155186418761
01-Aug-2026 00:36:18,-168.817752870267,-40.7107659237516,0,26,26,26,7,-40.7107659237516
01-Aug-2026 00:36:20,-169.115114619702,-41.0081276731862,0,26,26,26,7,-41.0081276731862
01-Aug-2026 00:36:22,-169.768810720448,-41.6618237739323,0,26,26,26,7,-41.6618237739323
01-Aug-2026 00:36:24,-158.89450670919,-30.787519762674,0,26,26,26,8,-30.787519762674
01-Aug-2026 00:36:26,-168.484563641564,-40.3775766950486,0,26,26,26,8,-40.3775766950486
01-Aug-2026 00:36:28,-168.769790450581,-40.6628035040652,0,26,26,26,8,-40.6628035040652
01-Aug-2026 00:36:30,-169.032054684838,-40.9250677383217,0,26,26,26,8,-40.9250677383217
01-Aug-2026 00:36:32,-168.73506051873,-40.6280735722146,0,25,25,25,8,-40.6280735722146
01-Aug-2026 00:36:34,-169.085535332002,-40.9785483854862,0,25,25,25,6,-40.9785483854862
01-Aug-2026 00:36:36,-168.327723661399,-40.2207367148827,0,25,25,25,6,-40.2207367148827
01-Aug-2026 00:36:38,-168.502224511806,-40.3952375652902,0,25,25,25,6,-40.3952375652902
01-Aug-2026 00:36:40,-168.646701528884,-40.5397145823684,0,26,26,26,6,-40.5397145823684
01-Aug-2026 00:36:42,-143.474273465155,-15.3672865186388,0,26,26,26,7,-15.3672865186388
01-Aug-2026 00:36:44,-184.87169812988,-56.7647111833637,0,26,26,26,6,-14.2521393457213
01-Aug-2026 00:36:46,-185.123446905621,-57.0164599591047,0,26,26,26,6,-57.0164599591047
01-Aug-2026 00:36:48,-185.309771037743,-57.2027840912271,0,26,26,26,6,-57.2027840912271
01-Aug-2026 00:36:50,-184.987899353983,-56.8809124074669,0,26,26,26,6,-56.8809124074669
01-Aug-2026 00:36:52,-184.795948551519,-56.6889616050034,0,25,25,25,6,-56.6889616050034
01-Aug-2026 00:36:54,-184.565766544,-56.4587795974837,0,25,25,25,6,-56.4587795974837
01-Aug-2026 00:36:56,-184.396928825953,-56.2899418794374,0,25,25,25,6,-56.2899418794374
01-Aug-2026 00:36:58,-186.205423058798,-58.0984361122821,0,25,25,25,5,-58.0984361122821
01-Aug-2026 00:37:00,-186.33697138763,-58.2299844411137,0,26,26,26,5,-58.2299844411137
01-Aug-2026 00:37:02,-181.27393346967,-53.1669465231543,0,26,26,26,6,-53.1669465231543
01-Aug-2026 00:37:04,-181.32560680213,-53.2186198556144,0,26,26,26,4,-53.2186198556144
01-Aug-2026 00:37:06,-161.807558372145,-33.7005714256294,0,26,26,26,6,-33.7005714256294
01-Aug-2026 00:37:08,-162.121391998766,-34.0144050522497,0,26,26,26,6,-34.0144050522497
01-Aug-2026 00:37:10,-162.206312825312,-34.0993258787958,0,26,26,26,7,-34.0993258787958
01-Aug-2026 00:37:12,-162.31446318191,-34.2074762353946,0,26,26,26,7,-34.2074762353946
01-Aug-2026 00:37:14,-161.948047651563,-33.8410607050475,0,26,26,26,7,-33.8410607050475
01-Aug-2026 00:37:16,-161.94263387017,-33.835646923654,0,26,26,26,7,-33.835646923654
01-Aug-2026 00:37:18,-162.212386780794,-34.1053998342779,0,25,25,25,7,-34.1053998342779
01-Aug-2026 00:37:20,-162.73105588634,-34.6240689398238,0,25,25,25,7,-34.6240689398238
01-Aug-2026 00:37:22,-163.196780709038,-35.0897937625225,0,25,25,25,7,-35.0897937625225
01-Aug-2026 00:37:24,-163.735540777818,-35.6285538313023,0,25,25,25,8,-35.6285538313023
01-Aug-2026 00:37:26,-163.902169532848,-35.7951825863325,0,25,25,25,8,-35.7951825863325
01-Aug-2026 00:37:28,-164.257334128843,-36.1503471823268,0,25,25,25,7,-36.1503471823268
01-Aug-2026 00:37:30,-163.79177016479,-35.6847832182743,0,25,25,25,8,-35.6847832182743
01-Aug-2026 00:37:32,-183.199975180275,-55.0929882337596,0,26,26,26,8,-55.0929882337596
01-Aug-2026 00:37:34,-183.35758761394,-55.2506006674245,0,26,26,26,8,-55.2506006674245
01-Aug-2026 00:37:36,-160.572854513354,-32.4658675668385,0,26,26,26,9,-32.4658675668385
01-Aug-2026 00:37:38,-159.514921308593,-31.4079343620772,0,27,27,27,11,-31.4079343620772
01-Aug-2026 00:37:40,-159.46861906837,-31.3616321218543,0,27,27,27,12,-31.3616321218543
01-Aug-2026 00:37:42,-159.242470491267,-31.1354835447509,0,27,27,27,12,-31.1354835447509
01-Aug-2026 00:37:44,-159.419202683383,-31.312215736867,0,27,27,27,10,-31.312215736867
01-Aug-2026 00:37:46,-159.344632192684,-31.2376452461685,0,27,27,27,9,-31.2376452461685
01-Aug-2026 00:37:48,-159.06161136756,-30.9546244210442,0,27,27,27,9,-30.9546244210442
01-Aug-2026 00:37:50,-158.900431957814,-30.7934450112979,0,26,26,26,8,-30.7934450112979
01-Aug-2026 00:37:52,-159.541208577156,-31.4342216306406,0,26,26,26,7,-13.5105098494251
01-Aug-2026 00:37:54,-167.109196412356,-39.00220946584,0,26,26,26,6,-14.6347548978307
01-Aug-2026 00:37:56,-143.6506056562,-15.5436187096845,0,26,26,26,6,-15.5436187096845
01-Aug-2026 00:37:58,-144.38872172976,-16.2817347832443,0,26,26,26,7,-16.2817347832443
01-Aug-2026 00:38:00,-145.24651512539,-17.1395281788739,0,25,25,25,6,-17.1395281788739
01-Aug-2026 00:38:02,-146.350576940636,-18.2435899941203,0,25,25,25,5,-18.2435899941203
01-Aug-2026 00:38:04,-147.132508348666,-19.0255214021498,0,25,25,25,3,-19.0255214021498
01-Aug-2026 00:38:06,-147.931274630562,-19.8242876840462,0,25,25,25,3,-19.8242876840462
01-Aug-2026 00:38:08,-148.418863453373,-20.3118765068572,0,25,25,25,3,-20.3118765068572
01-Aug-2026 00:38:10,-194.825169445528,-66.7181824990124,0,25,25,25,1,-66.7181824990124
01-Aug-2026 00:38:12,-196.013854895089,-67.9068679485728,0,25,25,25,1,-67.9068679485728
01-Aug-2026 00:38:14,-191.718886879752,-63.6118999332364,0,25,25,25,2,-63.6118999332364
01-Aug-2026 00:38:16,-191.436745502306,-63.3297585557902,0,25,25,25,2,-63.3297585557902
01-Aug-2026 00:38:18,-171.225251800583,-43.1182648540668,0,25,25,25,3,-43.1182648540668
01-Aug-2026 00:38:20,-170.877860559738,-42.7708736132221,0,25,25,25,3,-42.7708736132221
01-Aug-2026 00:38:22,-165.408759258729,-37.3017723122134,0,25,25,25,3,-37.3017723122134
01-Aug-2026 00:38:24,-167.157256243598,-39.0502692970822,0,24,24,24,2,-39.0502692970822
01-Aug-2026 00:38:26,-167.457412456142,-39.3504255096265,0,24,24,24,3,-39.3504255096265
01-Aug-2026 00:38:28,-160.070465635285,-31.9634786887695,0,24,24,24,4,-31.9634786887695
01-Aug-2026 00:38:30,-160.307977872736,-32.2009909262197,0,24,24,24,5,-32.2009909262197
01-Aug-2026 00:38:32,-160.607459396083,-32.5004724495671,0,24,24,24,5,-32.5004724495671
01-Aug-2026 00:38:34,-161.237401176538,-33.1304142300218,0,24,24,24,4,-33.1304142300218
01-Aug-2026 00:38:36,-165.048366743308,-36.9413797967923,0,24,24,24,4,-36.9413797967923
01-Aug-2026 00:38:38,-164.575824279155,-36.4688373326388,0,24,24,24,3,-36.4688373326388
01-Aug-2026 00:38:40,-164.367254876031,-36.2602679295149,0,24,24,24,3,-36.2602679295149
01-Aug-2026 00:38:42,-164.225027326604,-36.1180403800883,0,24,24,24,3,-36.1180403800883
01-Aug-2026 00:38:44,-164.117898544115,-36.0109115975988,0,24,24,24,3,-36.0109115975988
01-Aug-2026 00:38:46,-156.447985395885,-28.3409984493693,0,24,24,24,4,-28.3409984493693
01-Aug-2026 00:38:48,-157.233707322371,-29.1267203758548,0,23,23,23,4,-29.1267203758548
01-Aug-2026 00:38:50,-164.909369059009,-36.8023821124936,0,23,23,23,3,-36.8023821124936
01-Aug-2026 00:38:52,-164.579930158234,-36.4729432117185,0,23,23,23,3,-36.4729432117185
01-Aug-2026 00:38:54,-164.876480946115,-36.7694939995993,0,22,22,22,3,-36.7694939995993
01-Aug-2026 00:38:56,-164.148713040634,-36.0417260941182,0,22,22,22,3,-36.0417260941182
01-Aug-2026 00:38:58,-189.938284197546,-61.8312972510305,0,22,22,22,2,-61.8312972510305
01-Aug-2026 00:39:00,-189.570375819904,-61.4633888733885,0,22,22,22,2,-61.4633888733885
01-Aug-2026 00:39:02,-189.723259073451,-61.6162721269348,0,22,22,22,2,-61.6162721269348
01-Aug-2026 00:39:04,-189.431399804473,-61.3244128579567,0,21,21,21,2,-61.3244128579567
01-Aug-2026 00:39:06,-188.756679007366,-60.6496920608499,0,21,21,21,2,-60.6496920608499
01-Aug-2026 00:39:08,-188.426255668236,-60.3192687217197,0,21,21,21,2,-60.3192687217197
01-Aug-2026 00:39:10,-188.450960603918,-60.3439736574025,0,21,21,21,2,-60.3439736574025
01-Aug-2026 00:39:12,-195.502610227026,-67.3956232805097,0,21,21,21,1,-67.3956232805097
01-Aug-2026 00:39:14,-195.162891239088,-67.0559042925721,0,21,21,21,1,-67.0559042925721
01-Aug-2026 00:39:16,-191.51580654735,-63.4088196008339,0,21,21,21,2,-63.4088196008339
01-Aug-2026 00:39:18,-191.555779245148,-63.4487922986323,0,21,21,21,2,-63.4487922986323
01-Aug-2026 00:39:20,-189.040470750355,-60.9334838038386,0,22,22,22,3,-60.9334838038386
01-Aug-2026 00:39:22,-187.924726148944,-59.8177392024284,0,23,23,23,4,-59.8177392024284
01-Aug-2026 00:39:24,-189.130741397479,-61.0237544509636,0,23,23,23,3,-61.0237544509636
01-Aug-2026 00:39:26,-188.198216868637,-60.0912299221216,0,23,23,23,4,-60.0912299221216
01-Aug-2026 00:39:28,-161.748478119991,-33.641491173475,0,23,23,23,5,-33.641491173475
01-Aug-2026 00:39:30,-161.885493198375,-33.7785062518591,0,23,23,23,4,-33.7785062518591
01-Aug-2026 00:39:32,-161.521232297154,-33.4142453506377,0,23,23,23,5,-33.4142453506377
01-Aug-2026 00:39:34,-188.658311898125,-60.5513249516096,0,24,24,24,3,-60.5513249516096
01-Aug-2026 00:39:36,-187.354780525389,-59.2477935788728,0,25,25,25,4,-59.2477935788728
01-Aug-2026 00:39:38,-187.371596374391,-59.2646094278755,0,25,25,25,4,-59.2646094278755
01-Aug-2026 00:39:40,-189.799902712909,-61.6929157663927,0,25,25,25,3,-61.6929157663927
01-Aug-2026 00:39:42,-190.00540680759,-61.8984198610738,0,25,25,25,3,-61.8984198610738
01-Aug-2026 00:39:44,-189.826491973684,-61.7195050271685,0,25,25,25,3,-61.7195050271685
01-Aug-2026 00:39:46,-190.147635049274,-62.0406481027578,0,25,25,25,3,-62.0406481027578
01-Aug-2026 00:39:48,-190.417169053402,-62.3101821068862,0,26,26,26,3,-62.3101821068862
01-Aug-2026 00:39:50,-190.234737906479,-62.127750959963,0,26,26,26,3,-62.127750959963
01-Aug-2026 00:39:52,-190.300314750718,-62.193327804202,0,26,26,26,3,-62.193327804202
01-Aug-2026 00:39:54,-189.9678469999,-61.8608600533846,0,26,26,26,3,-61.8608600533846
01-Aug-2026 00:39:56,-190.04907061327,-61.9420836667543,0,27,27,27,3,-61.9420836667543
01-Aug-2026 00:39:58,-190.254345223587,-62.1473582770711,0,26,26,26,3,-62.1473582770711
01-Aug-2026 00:40:00,-190.694635413863,-62.5876484673474,0,26,26,26,3,-62.5876484673474
01-Aug-2026 00:40:02,-191.483134962871,-63.3761480163556,0,25,25,25,2,-63.3761480163556
01-Aug-2026 00:40:04,-191.543272123362,-63.4362851768461,0,25,25,25,2,-63.4362851768461
01-Aug-2026 00:40:06,-164.632684114813,-36.5256971682974,0,25,25,25,4,-36.5256971682974
01-Aug-2026 00:40:08,-164.9027166496,-36.7957297030842,0,25,25,25,4,-36.7957297030842
01-Aug-2026 00:40:10,-164.651428276412,-36.5444413298959,0,25,25,25,2,-36.5444413298959
01-Aug-2026 00:40:12,-165.137061899971,-37.0300749534556,0,25,25,25,2,-37.0300749534556
01-Aug-2026 00:40:14,-165.861004221269,-37.7540172747527,0,25,25,25,2,-37.7540172747527
01-Aug-2026 00:40:16,-158.927745544051,-30.8207585975347,0,25,25,25,4,-30.8207585975347
01-Aug-2026 00:40:18,-158.897682689972,-30.7906957434557,0,25,25,25,4,-30.7906957434557
01-Aug-2026 00:40:20,-158.741283816556,-30.6342968700402,0,25,25,25,4,-30.6342968700402
01-Aug-2026 00:40:22,-158.373040290431,-30.2660533439154,0,25,25,25,4,-30.2660533439154
01-Aug-2026 00:40:24,-167.711264445636,-39.6042774991198,0,25,25,25,3,-39.6042774991198
01-Aug-2026 00:40:26,-168.032571470939,-39.9255845244227,0,25,25,25,3,-39.9255845244227
01-Aug-2026 00:40:28,-167.168886588241,-39.0618996417251,0,26,26,26,4,-39.0618996417251
01-Aug-2026 00:40:30,-167.279595817179,-39.1726088706635,0,26,26,26,4,-39.1726088706635
01-Aug-2026 00:40:32,-166.035722687168,-37.9287357406524,0,26,26,26,5,-37.9287357406524
01-Aug-2026 00:40:34,-165.562913114251,-37.4559261677347,0,26,26,26,5,-37.4559261677347
01-Aug-2026 00:40:36,-166.883366517543,-38.7763795710273,0,26,26,26,4,-38.7763795710273
01-Aug-2026 00:40:38,-166.765074884714,-38.6580879381981,0,26,26,26,4,-38.6580879381981
01-Aug-2026 00:40:40,-166.82943141194,-38.7224444654242,0,27,27,27,3,-38.7224444654242
01-Aug-2026 00:40:42,-166.700672936069,-38.5936859895532,0,26,26,26,3,-38.5936859895532
01-Aug-2026 00:40:44,-168.035749962277,-39.9287630157616,0,26,26,26,2,-39.9287630157616
01-Aug-2026 00:40:46,-168.157381456996,-40.0503945104805,0,26,26,26,2,-40.0503945104805
01-Aug-2026 00:40:48,-168.364033823074,-40.2570468765585,0,26,26,26,3,-40.2570468765585
01-Aug-2026 00:40:50,-168.483334075719,-40.3763471292035,0,26,26,26,4,-40.3763471292035
01-Aug-2026 00:40:52,-168.622403223184,-40.5154162766682,0,26,26,26,4,-40.5154162766682
01-Aug-2026 00:40:54,-169.443287172945,-41.3363002264292,0,26,26,26,4,-41.3363002264292
01-Aug-2026 00:40:56,-170.097661744384,-41.9906747978681,0,26,26,26,4,-41.9906747978681
01-Aug-2026 00:40:58,-169.917651873601,-41.8106649270849,0,26,26,26,4,-41.8106649270849
01-Aug-2026 00:41:00,-169.996132025515,-41.8891450789995,0,26,26,26,4,-41.8891450789995
01-Aug-2026 00:41:02,-170.303229205259,-42.1962422587436,0,26,26,26,4,-42.1962422587436
01-Aug-2026 00:41:04,-170.849361695139,-42.7423747486228,0,26,26,26,5,-42.7423747486228
01-Aug-2026 00:41:06,-171.047342492584,-42.9403555460684,0,26,26,26,6,-42.9403555460684
01-Aug-2026 00:41:08,-170.818415809253,-42.7114288627369,0,25,25,25,6,-42.7114288627369
01-Aug-2026 00:41:10,-170.919236490774,-42.8122495442584,0,25,25,25,6,-42.8122495442584
01-Aug-2026 00:41:12,-171.010745639461,-42.9037586929452,0,25,25,25,6,-42.9037586929452
01-Aug-2026 00:41:14,-171.188768850513,-43.0817819039968,0,25,25,25,6,-43.0817819039968
01-Aug-2026 00:41:16,-171.065347165725,-42.9583602192096,0,25,25,25,6,-42.9583602192096
01-Aug-2026 00:41:18,-174.340993132806,-46.2340061862905,0,25,25,25,6,-46.2340061862905
01-Aug-2026 00:41:20,-188.758112865974,-60.6511259194579,0,25,25,25,5,-60.6511259194579
01-Aug-2026 00:41:22,-187.427717387384,-59.3207304408677,0,26,26,26,6,-59.3207304408677
01-Aug-2026 00:41:24,-171.751745281054,-43.6447583345379,0,26,26,26,9,-43.6447583345379
01-Aug-2026 00:41:26,-172.182577186934,-44.0755902404178,0,26,26,26,10,-44.0755902404178
01-Aug-2026 00:41:28,-172.0629263591,-43.9559394125843,0,26,26,26,11,-43.9559394125843
01-Aug-2026 00:41:30,-171.758893946952,-43.6519070004358,0,26,26,26,11,-12.3245223656211
01-Aug-2026 00:41:32,-171.808812542583,-43.7018255960676,0,27,27,27,10,-13.7215056522436
01-Aug-2026 00:41:34,-142.693001641321,-14.586014694805,0,27,27,27,9,-14.586014694805
01-Aug-2026 00:41:36,-143.875660611358,-15.7686736648421,0,27,27,27,9,-15.7686736648421
01-Aug-2026 00:41:38,-145.126317090353,-17.0193301438373,0,27,27,27,8,-17.0193301438373
01-Aug-2026 00:41:40,-146.038096863769,-17.9311099172529,0,26,26,26,8,-17.9311099172529
01-Aug-2026 00:41:42,-147.268207859564,-19.1612209130482,0,26,26,26,9,-19.1612209130482
01-Aug-2026 00:41:44,-148.346203596669,-20.2392166501532,0,26,26,26,9,-20.2392166501532
01-Aug-2026 00:41:46,-149.484880576007,-21.3778936294908,0,26,26,26,10,-17.969945824732
01-Aug-2026 00:41:48,-149.494480266943,-21.3874933204268,0,25,25,25,9,-17.9326405661617
01-Aug-2026 00:41:50,-145.880428367554,-17.7734414210385,0,25,25,25,10,-17.7734414210385
01-Aug-2026 00:41:52,-148.061081772382,-19.954094825866,0,25,25,25,10,-19.954094825866
01-Aug-2026 00:41:54,-148.367939482368,-20.2609525358523,0,25,25,25,10,-20.2609525358523
01-Aug-2026 00:41:56,-148.355483576717,-20.2484966302016,0,26,26,26,10,-20.2484966302016
01-Aug-2026 00:41:58,-148.116044429733,-20.0090574832171,0,25,25,25,9,-20.0090574832171
01-Aug-2026 00:42:00,-151.890263137677,-23.7832761911615,0,25,25,25,9,-20.3999371424149
01-Aug-2026 00:42:02,-152.13166131002,-24.024674363504,0,25,25,25,8,-24.024674363504
01-Aug-2026 00:42:04,-182.636904874894,-54.5299179283783,0,25,25,25,7,-54.5299179283783
01-Aug-2026 00:42:06,-182.597095870274,-54.4901089237585,0,25,25,25,6,-54.4901089237585
01-Aug-2026 00:42:08,-182.94657626184,-54.8395893153243,0,25,25,25,5,-54.8395893153243
01-Aug-2026 00:42:10,-181.169019457443,-53.062032510927,0,24,24,24,6,-53.062032510927
01-Aug-2026 00:42:12,-180.562837323545,-52.4558503770294,0,24,24,24,6,-52.4558503770294
01-Aug-2026 00:42:14,-180.734469484314,-52.6274825377977,0,24,24,24,6,-52.6274825377977
01-Aug-2026 00:42:16,-150.237081650708,-22.1300947041921,0,24,24,24,7,-22.1300947041921
01-Aug-2026 00:42:18,-149.911626227917,-21.8046392814013,0,24,24,24,8,-21.8046392814013
01-Aug-2026 00:42:20,-149.363500243637,-21.2565132971208,0,24,24,24,8,-21.2565132971208
01-Aug-2026 00:42:22,-148.650595624024,-20.5436086775081,0,24,24,24,8,-20.5436086775081
01-Aug-2026 00:42:24,-148.339823266134,-20.2328363196184,0,24,24,24,8,-20.2328363196184
01-Aug-2026 00:42:26,-147.496668018921,-19.3896810724046,0,24,24,24,8,-19.3896810724046
01-Aug-2026 00:42:28,-147.54884734322,-19.4418603967038,0,24,24,24,8,-19.4418603967038
01-Aug-2026 00:42:30,-146.95411656161,-18.8471296150939,0,24,24,24,9,-18.8471296150939
01-Aug-2026 00:42:32,-146.012914093846,-17.9059271473299,0,24,24,24,8,-17.9059271473299
01-Aug-2026 00:42:34,-146.025791919664,-17.9188049731484,0,23,23,23,8,-17.9188049731484
01-Aug-2026 00:42:36,-145.569137458902,-17.4621505123864,0,23,23,23,8,-17.4621505123864
01-Aug-2026 00:42:38,-145.298267744431,-17.1912807979155,0,23,23,23,8,-17.1912807979155
01-Aug-2026 00:42:40,-144.551475636892,-16.4444886903761,0,23,23,23,9,-16.4444886903761
01-Aug-2026 00:42:42,-144.25510412378,-16.1481171772638,0,23,23,23,9,-16.1481171772638
01-Aug-2026 00:42:44,-144.259168305367,-16.1521813588508,0,23,23,23,8,-16.1521813588508
01-Aug-2026 00:42:46,-143.978367429442,-15.8713804829257,0,23,23,23,8,-15.8713804829257
01-Aug-2026 00:42:48,-144.150304814423,-16.0433178679075,0,23,23,23,8,-16.0433178679075
01-Aug-2026 00:42:50,-143.773153844831,-15.6661668983156,0,23,23,23,8,-15.6661668983156
01-Aug-2026 00:42:52,-143.387254780925,-15.280267834409,0,22,22,22,8,-15.280267834409
01-Aug-2026 00:42:54,-143.250770695859,-15.1437837493436,0,21,21,21,8,-15.1437837493436
01-Aug-2026 00:42:56,-143.246659879957,-15.1396729334413,0,21,21,21,7,-15.1396729334413
01-Aug-2026 00:42:58,-143.219558014108,-15.1125710675919,0,21,21,21,6,-15.1125710675919
01-Aug-2026 00:43:00,-143.023552826696,-14.9165658801798,0,21,21,21,6,-14.9165658801798
01-Aug-2026 00:43:02,-142.838408796392,-14.7314218498764,0,21,21,21,5,-14.7314218498764
01-Aug-2026 00:43:04,-142.751796942533,-14.6448099960168,0,21,21,21,5,-14.6448099960168
01-Aug-2026 00:43:06,-142.746930799307,-14.6399438527907,0,22,22,22,5,-14.6399438527907
01-Aug-2026 00:43:08,-142.350872536665,-14.243885590149,0,22,22,22,5,-14.243885590149
01-Aug-2026 00:43:10,-142.979311264679,-14.8723243181627,0,23,23,23,4,-14.8723243181627
01-Aug-2026 00:43:12,-185.032189075416,-56.9252021289002,0,23,23,23,2,-56.9252021289002
01-Aug-2026 00:43:14,-185.196287828165,-57.0893008816493,0,23,23,23,2,-57.0893008816493
01-Aug-2026 00:43:16,-181.118018599944,-53.011031653428,0,23,23,23,3,-53.011031653428
01-Aug-2026 00:43:18,-181.684746260452,-53.5777593139358,0,23,23,23,2,-53.5777593139358
01-Aug-2026 00:43:20,-181.925171437216,-53.8181844907004,0,23,23,23,2,-53.8181844907004
01-Aug-2026 00:43:22,-181.902567866523,-53.7955809200068,0,23,23,23,2,-53.7955809200068
01-Aug-2026 00:43:24,-182.123512989775,-54.0165260432594,0,24,24,24,2,-54.0165260432594
01-Aug-2026 00:43:26,-159.143941240612,-31.0369542940959,0,24,24,24,3,-31.0369542940959
01-Aug-2026 00:43:28,-160.149696756457,-32.0427098099415,0,23,23,23,5,-32.0427098099415
01-Aug-2026 00:43:30,-159.66799420572,-31.5610072592042,0,23,23,23,4,-31.5610072592042
01-Aug-2026 00:43:32,-160.599777139047,-32.4927901925316,0,23,23,23,6,-32.4927901925316
01-Aug-2026 00:43:34,-160.009626508166,-31.9026395616499,0,23,23,23,5,-31.9026395616499
01-Aug-2026 00:43:36,-160.049544757123,-31.9425578106074,0,23,23,23,5,-31.9425578106074
01-Aug-2026 00:43:38,-160.143258240355,-32.0362712938391,0,24,24,24,5,-32.0362712938391
01-Aug-2026 00:43:40,-160.230884508149,-32.1238975616334,0,24,24,24,5,-32.1238975616334
01-Aug-2026 00:43:42,-160.929394176565,-32.8224072300491,0,25,25,25,4,-32.8224072300491
01-Aug-2026 00:43:44,-160.684832285509,-32.5778453389931,0,26,26,26,5,-32.5778453389931
01-Aug-2026 00:43:46,-160.865251065134,-32.7582641186184,0,26,26,26,6,-32.7582641186184
01-Aug-2026 00:43:48,-160.345246774814,-32.2382598282983,0,25,25,25,5,-32.2382598282983
01-Aug-2026 00:43:50,-160.746705201487,-32.6397182549713,0,25,25,25,7,-32.6397182549713
01-Aug-2026 00:43:52,-171.253802192684,-43.1468152461682,0,25,25,25,6,-43.1468152461682
01-Aug-2026 00:43:54,-171.466563347688,-43.3595764011722,0,25,25,25,6,-43.3595764011722
01-Aug-2026 00:43:56,-171.851247143262,-43.7442601967466,0,25,25,25,6,-43.7442601967466
01-Aug-2026 00:43:58,-171.710996180772,-43.6040092342562,0,25,25,25,6,-43.6040092342562
01-Aug-2026 00:44:00,-171.703762577592,-43.5967756310763,0,25,25,25,6,-43.5967756310763
01-Aug-2026 00:44:02,-171.336145093475,-43.229158146959,0,25,25,25,7,-43.229158146959
01-Aug-2026 00:44:04,-171.618814479519,-43.5118275330034,0,25,25,25,7,-43.5118275330034
01-Aug-2026 00:44:06,-172.175878401437,-44.0688914549208,0,25,25,25,7,-44.0688914549208
01-Aug-2026 00:44:08,-168.408514270166,-40.3015273236501,0,25,25,25,6,-40.3015273236501
01-Aug-2026 00:44:10,-172.781577750358,-44.6745908038424,0,25,25,25,5,-44.6745908038424
01-Aug-2026 00:44:12,-173.2065666851,-45.0995797385843,0,25,25,25,6,-45.0995797385843
01-Aug-2026 00:44:14,-172.847184248482,-44.7401973019666,0,25,25,25,6,-44.7401973019666
01-Aug-2026 00:44:16,-173.553228681752,-45.4462417352359,0,26,26,26,5,-45.4462417352359
01-Aug-2026 00:44:18,-173.560572651516,-45.4535857050002,0,26,26,26,4,-45.4535857050002
01-Aug-2026 00:44:20,-180.938562826743,-52.8315758802276,0,27,27,27,4,-52.8315758802276
01-Aug-2026 00:44:22,-182.403756309553,-54.2967693630372,0,27,27,27,3,-54.2967693630372
01-Aug-2026 00:44:24,-185.268634064361,-57.1616471178455,0,27,27,27,2,-57.1616471178455
01-Aug-2026 00:44:26,-185.09621306751,-56.9892261209941,0,27,27,27,2,-56.9892261209941
01-Aug-2026 00:44:28,-185.187093965201,-57.0801070186848,0,27,27,27,2,-57.0801070186848
01-Aug-2026 00:44:30,-185.17104559324,-57.0640586467239,0,27,27,27,2,-57.0640586467239
01-Aug-2026 00:44:32,-184.659284022813,-56.5522970762975,0,26,26,26,2,-56.5522970762975
01-Aug-2026 00:44:34,-184.4849566534,-56.3779697068844,0,26,26,26,2,-56.3779697068844
01-Aug-2026 00:44:36,-186.42709250151,-58.3201055549937,0,26,26,26,1,-58.3201055549937
01-Aug-2026 00:44:38,-187.14052187548,-59.0335349289645,0,26,26,26,1,-59.0335349289645
01-Aug-2026 00:44:40,-186.348732188561,-58.2417452420449,0,26,26,26,1,-58.2417452420449
01-Aug-2026 00:44:42,-186.236213658426,-58.1292267119099,0,26,26,26,1,-58.1292267119099
01-Aug-2026 00:44:44,-183.698049595224,-55.5910626487083,0,26,26,26,3,-55.5910626487083
01-Aug-2026 00:44:46,-183.083314952792,-54.9763280062759,0,26,26,26,3,-54.9763280062759
01-Aug-2026 00:44:48,-183.097076569518,-54.9900896230019,0,26,26,26,3,-54.9900896230019
01-Aug-2026 00:44:50,-182.823157692022,-54.7161707455064,0,26,26,26,3,-54.7161707455064
01-Aug-2026 00:44:52,-182.960510078005,-54.8535231314895,0,26,26,26,3,-54.8535231314895
01-Aug-2026 00:44:54,-182.646885817247,-54.5398988707307,0,26,26,26,3,-54.5398988707307
01-Aug-2026 00:44:56,-182.084990546804,-53.978003600288,0,26,26,26,2,-53.978003600288
01-Aug-2026 00:44:58,-159.371861928639,-31.2648749821226,0,26,26,26,4,-31.2648749821226
01-Aug-2026 00:45:00,-159.408764601275,-31.3017776547591,0,25,25,25,3,-31.3017776547591
01-Aug-2026 00:45:02,-159.355668425052,-31.2486814785361,0,25,25,25,3,-31.2486814785361
01-Aug-2026 00:45:04,-159.157927766058,-31.0509408195425,0,25,25,25,3,-31.0509408195425
01-Aug-2026 00:45:06,-159.403058184038,-31.2960712375226,0,25,25,25,3,-31.2960712375226
01-Aug-2026 00:45:08,-158.566594842362,-30.4596078958458,0,25,25,25,3,-30.4596078958458
01-Aug-2026 00:45:10,-158.437791154536,-30.3308042080204,0,25,25,25,3,-30.3308042080204
01-Aug-2026 00:45:12,-157.844650159746,-29.7376632132306,0,26,26,26,6,-29.7376632132306
01-Aug-2026 00:45:14,-158.272601058462,-30.1656141119456,0,26,26,26,6,-30.1656141119456
01-Aug-2026 00:45:16,-159.078181282844,-30.971194336328,0,26,26,26,5,-30.971194336328
01-Aug-2026 00:45:18,-158.591231107212,-30.4842441606966,0,26,26,26,5,-30.4842441606966
01-Aug-2026 00:45:20,-158.663562713795,-30.5565757672795,0,26,26,26,6,-30.5565757672795
01-Aug-2026 00:45:22,-158.128977763174,-30.021990816658,0,26,26,26,5,-30.021990816658
01-Aug-2026 00:45:24,-157.718575912852,-29.6115889663364,0,27,27,27,5,-29.6115889663364
01-Aug-2026 00:45:26,-158.168155575237,-30.0611686287215,0,27,27,27,7,-30.0611686287215
01-Aug-2026 00:45:28,-174.326633400608,-46.2196464540922,0,26,26,26,6,-46.2196464540922
01-Aug-2026 00:45:30,-186.128192113691,-58.0212051671756,0,26,26,26,5,-58.0212051671756
01-Aug-2026 00:45:32,-186.449381916529,-58.3423949700127,0,26,26,26,5,-58.3423949700127
01-Aug-2026 00:45:34,-187.350201067992,-59.2432141214758,0,26,26,26,4,-59.2432141214758
01-Aug-2026 00:45:36,-187.685965108918,-59.5789781624023,0,25,25,25,4,-59.5789781624023
01-Aug-2026 00:45:38,-186.979536871815,-58.8725499252987,0,25,25,25,4,-58.8725499252987
01-Aug-2026 00:45:40,-186.040296641498,-57.9333096949819,0,25,25,25,5,-25.7948273163342
01-Aug-2026 00:45:42,-186.028870119535,-57.9218831730192,0,25,25,25,5,-26.4142682351325
01-Aug-2026 00:45:44,-185.789759051345,-57.6827721048286,0,25,25,25,5,-27.3526591161854
01-Aug-2026 00:45:46,-155.824965103977,-27.7179781574614,0,26,26,26,5,-27.7179781574614
01-Aug-2026 00:45:48,-156.33131519167,-28.2243282451537,0,25,25,25,5,-28.2243282451537
01-Aug-2026 00:45:50,-156.837615441122,-28.7306284946064,0,25,25,25,5,-28.7306284946064
01-Aug-2026 00:45:52,-157.350643961169,-29.2436570146527,0,25,25,25,4,-29.2436570146527
01-Aug-2026 00:45:54,-157.357557957026,-29.2505710105106,0,24,24,24,3,-29.2505710105106
01-Aug-2026 00:45:56,-186.813743641944,-58.7067566954283,0,24,24,24,2,-58.7067566954283
01-Aug-2026 00:45:58,-185.825552317024,-57.7185653705086,0,24,24,24,3,-57.7185653705086
01-Aug-2026 00:46:00,-185.597697103233,-57.4907101567171,0,24,24,24,3,-57.4907101567171
01-Aug-2026 00:46:02,-161.63091099915,-33.523924052634,0,24,24,24,5,-33.523924052634
01-Aug-2026 00:46:04,-161.977447532551,-33.8704605860349,0,24,24,24,5,-33.8704605860349
01-Aug-2026 00:46:06,-161.522946787231,-33.4159598407154,0,24,24,24,5,-33.4159598407154
01-Aug-2026 00:46:08,-161.20873639285,-33.101749446334,0,24,24,24,6,-33.101749446334
01-Aug-2026 00:46:10,-161.086988003604,-32.9800010570882,0,24,24,24,6,-32.9800010570882
01-Aug-2026 00:46:12,-160.254458857832,-32.147471911316,0,24,24,24,5,-32.147471911316
01-Aug-2026 00:46:14,-160.062609643504,-31.955622696988,0,24,24,24,5,-31.955622696988
01-Aug-2026 00:46:16,-159.040813529884,-30.9338265833684,0,24,24,24,6,-30.9338265833684
01-Aug-2026 00:46:18,-158.946864656643,-30.8398777101272,0,24,24,24,6,-30.8398777101272
01-Aug-2026 00:46:20,-158.591293997326,-30.4843070508105,0,24,24,24,5,-30.4843070508105
01-Aug-2026 00:46:22,-158.469316639965,-30.3623296934489,0,23,23,23,5,-30.3623296934489
01-Aug-2026 00:46:24,-158.340230299027,-30.2332433525114,0,23,23,23,5,-30.2332433525114
01-Aug-2026 00:46:26,-158.062708690936,-29.9557217444206,0,23,23,23,5,-29.9557217444206
01-Aug-2026 00:46:28,-157.932139937426,-29.8251529909097,0,23,23,23,6,-29.8251529909097
01-Aug-2026 00:46:30,-157.92720720414,-29.8202202576241,0,23,23,23,5,-29.8202202576241
01-Aug-2026 00:46:32,-167.113094341077,-39.0061073945613,0,23,23,23,5,-39.0061073945613
01-Aug-2026 00:46:34,-167.440259698894,-39.3332727523784,0,23,23,23,5,-39.3332727523784
01-Aug-2026 00:46:36,-168.149381346679,-40.0423944001632,0,23,23,23,4,-40.0423944001632
01-Aug-2026 00:46:38,-168.317792368347,-40.2108054218312,0,23,23,23,4,-40.2108054218312
01-Aug-2026 00:46:40,-169.271058109999,-41.1640711634831,0,23,23,23,4,-41.1640711634831
01-Aug-2026 00:46:42,-169.150806760132,-41.0438198136164,0,23,23,23,4,-41.0438198136164
01-Aug-2026 00:46:44,-169.220487387729,-41.1135004412133,0,22,22,22,4,-41.1135004412133
01-Aug-2026 00:46:46,-187.882716510159,-59.7757295636434,0,22,22,22,4,-59.7757295636434
01-Aug-2026 00:46:48,-188.121330863987,-60.0143439174709,0,22,22,22,4,-60.0143439174709
01-Aug-2026 00:46:50,-188.311116910755,-60.2041299642387,0,21,21,21,4,-60.2041299642387
01-Aug-2026 00:46:52,-170.954165537659,-42.8471785911433,0,21,21,21,5,-27.420518316314
01-Aug-2026 00:46:54,-171.135633757133,-43.028646810617,0,21,21,21,5,-27.1120040213011
01-Aug-2026 00:46:56,-165.054574146366,-36.9475871998498,0,21,21,21,6,-27.1154159931462
01-Aug-2026 00:46:58,-164.434407360223,-36.327420413707,0,21,21,21,7,-27.2429110735613
01-Aug-2026 00:47:00,-164.716862996497,-36.609876049981,0,22,22,22,7,-27.9201197114187
01-Aug-2026 00:47:02,-165.087153803773,-36.9801668572571,0,22,22,22,7,-27.7926157722301
01-Aug-2026 00:47:04,-165.12602270153,-37.0190357550146,0,22,22,22,7,-37.0190357550146
01-Aug-2026 00:47:06,-172.194445058948,-44.0874581124319,0,22,22,22,5,-44.0874581124319
01-Aug-2026 00:47:08,-171.76728407415,-43.6602971276346,0,22,22,22,4,-43.6602971276346
01-Aug-2026 00:47:10,-186.015832411351,-57.9088454648349,0,22,22,22,3,-57.9088454648349
01-Aug-2026 00:47:12,-186.49691270595,-58.3899257594337,0,23,23,23,3,-58.3899257594337
01-Aug-2026 00:47:14,-186.240662773698,-58.1336758271818,0,23,23,23,3,-58.1336758271818
01-Aug-2026 00:47:16,-186.336399510391,-58.2294125638749,0,23,23,23,3,-58.2294125638749
01-Aug-2026 00:47:18,-186.342199493445,-58.2352125469293,0,23,23,23,3,-58.2352125469293
01-Aug-2026 00:47:20,-186.520862353543,-58.4138754070269,0,23,23,23,4,-58.4138754070269
01-Aug-2026 00:47:22,-186.385348506479,-58.2783615599633,0,23,23,23,4,-58.2783615599633
01-Aug-2026 00:47:24,-186.246611055746,-58.1396241092298,0,23,23,23,4,-58.1396241092298
01-Aug-2026 00:47:26,-186.701298599878,-58.5943116533625,0,23,23,23,3,-58.5943116533625
01-Aug-2026 00:47:28,-187.036756926628,-58.9297699801126,0,24,24,24,3,-58.9297699801126
01-Aug-2026 00:47:30,-187.578728544109,-59.4717415975934,0,24,24,24,2,-59.4717415975934
01-Aug-2026 00:47:32,-187.100239023879,-58.9932520773636,0,25,25,25,2,-58.9932520773636
01-Aug-2026 00:47:34,-186.61170040236,-58.5047134558439,0,25,25,25,2,-58.5047134558439
01-Aug-2026 00:47:36,-186.742462066807,-58.6354751202916,0,25,25,25,2,-58.6354751202916
01-Aug-2026 00:47:38,-197.007705113421,-68.9007181669049,0,24,24,24,1,-68.9007181669049
01-Aug-2026 00:47:40,-3076.52655568589,-2948.41956873937,0,24,24,24,0,-2948.41956873937
01-Aug-2026 00:47:42,-3076.52655568589,-2948.41956873937,0,24,24,24,0,-2948.41956873937
01-Aug-2026 00:47:44,-154.412375274332,-26.3053883278163,0,24,24,24,1,-26.3053883278163
01-Aug-2026 00:47:46,-153.819811705036,-25.7128247585205,0,24,24,24,1,-25.7128247585205
01-Aug-2026 00:47:48,-153.8162247558,-25.7092378092844,0,24,24,24,1,-25.7092378092844
01-Aug-2026 00:47:50,-153.493984702104,-25.386997755588,0,24,24,24,1,-25.386997755588
01-Aug-2026 00:47:52,-152.922684382649,-24.8156974361332,0,24,24,24,2,-24.8156974361332
01-Aug-2026 00:47:54,-152.420099609391,-24.3131126628747,0,24,24,24,2,-24.3131126628747
01-Aug-2026 00:47:56,-152.910316418068,-24.8033294715526,0,24,24,24,2,-24.8033294715526
01-Aug-2026 00:47:58,-152.093571001468,-23.9865840549525,0,24,24,24,3,-23.9865840549525
01-Aug-2026 00:48:00,-151.885788528055,-23.7788015815388,0,26,26,26,3,-23.7788015815388
01-Aug-2026 00:48:02,-151.932689208165,-23.8257022616493,0,26,26,26,3,-23.8257022616493
01-Aug-2026 00:48:04,-152.007378227515,-23.9003912809994,0,26,26,26,3,-23.9003912809994
01-Aug-2026 00:48:06,-160.381155378002,-32.2741684314865,0,27,27,27,4,-23.1799099098444
01-Aug-2026 00:48:08,-160.217393255563,-32.1104063090469,0,27,27,27,4,-22.5373868728806
01-Aug-2026 00:48:10,-160.455065708189,-32.3480787616734,0,27,27,27,4,-32.3480787616734
01-Aug-2026 00:48:12,-160.584439138384,-32.4774521918681,0,27,27,27,4,-32.4774521918681
01-Aug-2026 00:48:14,-159.913935588016,-31.8069486414996,0,27,27,27,5,-31.8069486414996
01-Aug-2026 00:48:16,-170.795816807943,-42.6888298614267,0,27,27,27,3,-42.6888298614267
01-Aug-2026 00:48:18,-170.118192456826,-42.0112055103097,0,27,27,27,4,-42.0112055103097
01-Aug-2026 00:48:20,-171.162658490765,-43.055671544249,0,27,27,27,4,-43.055671544249
01-Aug-2026 00:48:22,-166.679939480261,-38.5729525337454,0,26,26,26,5,-38.5729525337454
01-Aug-2026 00:48:24,-166.599326079838,-38.4923391333224,0,26,26,26,6,-38.4923391333224
01-Aug-2026 00:48:26,-166.428848704328,-38.321861757812,0,26,26,26,8,-38.321861757812
01-Aug-2026 00:48:28,-166.51642862171,-38.4094416751938,0,26,26,26,7,-38.4094416751938
01-Aug-2026 00:48:30,-166.555724516435,-38.4487375699189,0,26,26,26,6,-38.4487375699189
01-Aug-2026 00:48:32,-166.316450922957,-38.2094639764415,0,26,26,26,5,-38.2094639764415
01-Aug-2026 00:48:34,-166.777719459835,-38.6707325133195,0,26,26,26,5,-38.6707325133195
01-Aug-2026 00:48:36,-171.117366082362,-43.0103791358466,0,26,26,26,4,-43.0103791358466
01-Aug-2026 00:48:38,-170.529431345369,-42.4224443988529,0,26,26,26,4,-42.4224443988529
01-Aug-2026 00:48:40,-170.236877031257,-42.1298900847413,0,26,26,26,5,-42.1298900847413
01-Aug-2026 00:48:42,-169.914508821829,-41.8075218753135,0,26,26,26,3,-41.8075218753135
01-Aug-2026 00:48:44,-169.529067064201,-41.4220801176847,0,26,26,26,3,-41.4220801176847
01-Aug-2026 00:48:46,-169.071516817251,-40.9645298707348,0,26,26,26,2,-40.9645298707348
01-Aug-2026 00:48:48,-168.544552092323,-40.4375651458071,0,26,26,26,3,-40.4375651458071
01-Aug-2026 00:48:50,-168.399902102677,-40.2929151561608,0,25,25,25,2,-40.2929151561608
01-Aug-2026 00:48:52,-168.045009137242,-39.9380221907259,0,25,25,25,2,-39.9380221907259
01-Aug-2026 00:48:54,-168.077813381921,-39.9708264354047,0,25,25,25,2,-39.9708264354047
01-Aug-2026 00:48:56,-167.422530284042,-39.3155433375265,0,25,25,25,3,-39.3155433375265
01-Aug-2026 00:48:58,-167.391052823143,-39.2840658766271,0,25,25,25,3,-39.2840658766271
01-Aug-2026 00:49:00,-167.77287615545,-39.6658892089344,0,25,25,25,3,-39.6658892089344
01-Aug-2026 00:49:02,-167.357048045473,-39.2500610989568,0,25,25,25,3,-39.2500610989568
01-Aug-2026 00:49:04,-166.685509035107,-38.5785220885916,0,26,26,26,5,-38.5785220885916
01-Aug-2026 00:49:06,-166.597409668441,-38.4904227219252,0,26,26,26,6,-38.4904227219252
01-Aug-2026 00:49:08,-166.232999879477,-38.1260129329608,0,26,26,26,6,-38.1260129329608
01-Aug-2026 00:49:10,-166.816432373623,-38.7094454271073,0,26,26,26,7,-13.1440967665112
01-Aug-2026 00:49:12,-166.538665335905,-38.4316783893893,0,26,26,26,9,-14.4019549554061
01-Aug-2026 00:49:14,-143.851587350924,-15.7446004044081,0,26,26,26,8,-15.7446004044081
01-Aug-2026 00:49:16,-144.719449502943,-16.612462556427,0,26,26,26,8,-16.612462556427
01-Aug-2026 00:49:18,-145.965639744937,-17.8586527984212,0,26,26,26,7,-17.8586527984212
01-Aug-2026 00:49:20,-146.790818267881,-18.6838313213654,0,26,26,26,7,-18.6838313213654
01-Aug-2026 00:49:22,-148.022630609026,-19.9156436625103,0,26,26,26,7,-19.9156436625103
01-Aug-2026 00:49:24,-148.87646943455,-20.7694824880342,0,25,25,25,6,-20.7694824880342
01-Aug-2026 00:49:26,-165.972363240301,-37.865376293785,0,25,25,25,6,-37.865376293785
01-Aug-2026 00:49:28,-165.285173001233,-37.1781860547171,0,25,25,25,6,-37.1781860547171
01-Aug-2026 00:49:30,-165.005680358292,-36.8986934117763,0,25,25,25,7,-36.8986934117763
01-Aug-2026 00:49:32,-165.280404561725,-37.1734176152087,0,25,25,25,6,-37.1734176152087
01-Aug-2026 00:49:34,-165.109579856184,-37.0025929096681,0,25,25,25,6,-37.0025929096681
01-Aug-2026 00:49:36,-165.134515878048,-37.0275289315321,0,26,26,26,7,-37.0275289315321
01-Aug-2026 00:49:38,-165.299650109924,-37.1926631634078,0,26,26,26,7,-37.1926631634078
01-Aug-2026 00:49:40,-165.30897613033,-37.2019891838137,0,24,24,24,8,-37.2019891838137
01-Aug-2026 00:49:42,-165.20652297695,-37.0995360304338,0,24,24,24,8,-37.0995360304338
01-Aug-2026 00:49:44,-165.257199689392,-37.1502127428764,0,24,24,24,8,-37.1502127428764
01-Aug-2026 00:49:46,-165.146591964209,-37.0396050176929,0,24,24,24,7,-37.0396050176929
01-Aug-2026 00:49:48,-164.552343234314,-36.4453562877981,0,24,24,24,7,-36.4453562877981
01-Aug-2026 00:49:50,-155.389346489253,-27.2823595427371,0,24,24,24,6,-27.2823595427371
01-Aug-2026 00:49:52,-155.701867840458,-27.5948808939416,0,24,24,24,5,-27.5948808939416
01-Aug-2026 00:49:54,-155.073952132708,-26.966965186192,0,24,24,24,5,-26.966965186192
01-Aug-2026 00:49:56,-154.866811964727,-26.7598250182115,0,24,24,24,5,-26.7598250182115
01-Aug-2026 00:49:58,-154.278914133533,-26.1719271870172,0,24,24,24,5,-26.1719271870172
01-Aug-2026 00:50:00,-153.583107726742,-25.4761207802266,0,24,24,24,4,-25.4761207802266
01-Aug-2026 00:50:02,-181.072440287794,-52.9654533412779,0,24,24,24,3,-52.9654533412779
01-Aug-2026 00:50:04,-181.182742351512,-53.0757554049957,0,23,23,23,3,-53.0757554049957
01-Aug-2026 00:50:06,-181.370808311794,-53.2638213652778,0,23,23,23,3,-53.2638213652778
01-Aug-2026 00:50:08,-181.557198736768,-53.4502117902524,0,22,22,22,3,-53.4502117902524
01-Aug-2026 00:50:10,-164.179742537891,-36.0727555913756,0,22,22,22,4,-36.0727555913756
01-Aug-2026 00:50:12,-163.941860767915,-35.8348738213992,0,22,22,22,4,-35.8348738213992
01-Aug-2026 00:50:14,-164.2660286104,-36.1590416638837,0,22,22,22,4,-36.1590416638837
01-Aug-2026 00:50:16,-164.203577851388,-36.0965909048722,0,22,22,22,4,-36.0965909048722
01-Aug-2026 00:50:18,-164.995446509603,-36.8884595630869,0,22,22,22,4,-36.8884595630869
01-Aug-2026 00:50:20,-165.278875804583,-37.1718888580675,0,22,22,22,3,-37.1718888580675
01-Aug-2026 00:50:22,-165.658715304735,-37.5517283582191,0,22,22,22,3,-37.5517283582191
01-Aug-2026 00:50:24,-166.188663443756,-38.0816764972403,0,22,22,22,3,-38.0816764972403
01-Aug-2026 00:50:26,-165.891292722337,-37.7843057758209,0,22,22,22,3,-37.7843057758209
01-Aug-2026 00:50:28,-180.317719279068,-52.2107323325524,0,22,22,22,2,-52.2107323325524
01-Aug-2026 00:50:30,-179.993703831581,-51.8867168850651,0,22,22,22,2,-51.8867168850651
01-Aug-2026 00:50:32,-180.039060152823,-51.9320732063071,0,22,22,22,2,-51.9320732063071
01-Aug-2026 00:50:34,-180.349019280961,-52.2420323344448,0,22,22,22,3,-52.2420323344448
01-Aug-2026 00:50:36,-180.332779182017,-52.2257922355015,0,22,22,22,3,-52.2257922355015
01-Aug-2026 00:50:38,-194.335059801126,-66.22807285461,0,22,22,22,2,-66.22807285461
01-Aug-2026 00:50:40,-187.266826477661,-59.1598395311452,0,22,22,22,3,-59.1598395311452
01-Aug-2026 00:50:42,-188.463935411001,-60.356948464485,0,22,22,22,2,-60.356948464485
01-Aug-2026 00:50:44,-173.676009757019,-45.5690228105027,0,22,22,22,3,-45.5690228105027
01-Aug-2026 00:50:46,-188.633715161525,-60.526728215009,0,21,21,21,2,-60.526728215009
01-Aug-2026 00:50:48,-186.806909546278,-58.6999225997624,0,21,21,21,3,-58.6999225997624
01-Aug-2026 00:50:50,-185.115547278374,-57.0085603318582,0,21,21,21,4,-57.0085603318582
01-Aug-2026 00:50:52,-185.375600041109,-57.2686130945934,0,22,22,22,4,-57.2686130945934
01-Aug-2026 00:50:54,-185.376832689006,-57.2698457424897,0,22,22,22,3,-57.2698457424897
01-Aug-2026 00:50:56,-183.689135973685,-55.5821490271692,0,22,22,22,4,-55.5821490271692
01-Aug-2026 00:50:58,-183.801297800528,-55.6943108540121,0,22,22,22,4,-55.6943108540121
01-Aug-2026 00:51:00,-183.776481571945,-55.6694946254287,0,23,23,23,5,-55.6694946254287
01-Aug-2026 00:51:02,-183.811174333233,-55.7041873867173,0,23,23,23,6,-55.7041873867173
01-Aug-2026 00:51:04,-182.361505964781,-54.2545190182649,0,23,23,23,6,-54.2545190182649
01-Aug-2026 00:51:06,-182.644655461857,-54.5376685153409,0,23,23,23,5,-54.5376685153409
01-Aug-2026 00:51:08,-182.542161478488,-54.435174531972,0,23,23,23,5,-54.435174531972
01-Aug-2026 00:51:10,-182.34765070704,-54.2406637605238,0,23,23,23,5,-54.2406637605238
01-Aug-2026 00:51:12,-181.821358845244,-53.7143718987278,0,23,23,23,5,-53.7143718987278
01-Aug-2026 00:51:14,-183.278147656734,-55.1711607102181,0,23,23,23,4,-55.1711607102181
01-Aug-2026 00:51:16,-183.38147974286,-55.2744927963443,0,23,23,23,4,-55.2744927963443
01-Aug-2026 00:51:18,-183.154784034718,-55.0477970882025,0,24,24,24,4,-55.0477970882025
01-Aug-2026 00:51:20,-185.573335901734,-57.4663489552186,0,24,24,24,3,-57.4663489552186
01-Aug-2026 00:51:22,-186.000420500217,-57.8934335537015,0,25,25,25,3,-57.8934335537015
01-Aug-2026 00:51:24,-186.177761856909,-58.070774910393,0,25,25,25,3,-58.070774910393
01-Aug-2026 00:51:26,-186.671904578955,-58.5649176324389,0,25,25,25,2,-58.5649176324389
01-Aug-2026 00:51:28,-188.650086493857,-60.5430995473413,0,24,24,24,1,-60.5430995473413
01-Aug-2026 00:51:30,-164.931806736548,-36.8248197900318,0,24,24,24,4,-36.8248197900318
01-Aug-2026 00:51:32,-158.62615868361,-30.5191717370944,0,24,24,24,5,-30.5191717370944
01-Aug-2026 00:51:34,-158.724485926519,-30.6174989800033,0,24,24,24,5,-30.6174989800033
01-Aug-2026 00:51:36,-158.678780385498,-30.5717934389817,0,24,24,24,6,-30.5717934389817
01-Aug-2026 00:51:38,-158.835389049141,-30.7284021026254,0,24,24,24,7,-30.7284021026254
01-Aug-2026 00:51:40,-160.172723185141,-32.0657362386252,0,25,25,25,6,-32.0657362386252
01-Aug-2026 00:51:42,-159.643799005884,-31.5368120593679,0,25,25,25,6,-31.5368120593679
01-Aug-2026 00:51:44,-159.238317043306,-31.1313300967906,0,25,25,25,6,-31.1313300967906
01-Aug-2026 00:51:46,-159.14470714533,-31.0377201988138,0,25,25,25,5,-31.0377201988138
01-Aug-2026 00:51:48,-158.847114839217,-30.7401278927007,0,25,25,25,5,-30.7401278927007
01-Aug-2026 00:51:50,-158.362304484437,-30.2553175379211,0,25,25,25,4,-30.2553175379211
01-Aug-2026 00:51:52,-157.644460046958,-29.5374731004426,0,25,25,25,4,-29.5374731004426
01-Aug-2026 00:51:54,-156.289683975456,-28.1826970289397,0,26,26,26,3,-28.1826970289397
01-Aug-2026 00:51:56,-173.158298321821,-45.0513113753054,0,26,26,26,3,-27.353515831316
01-Aug-2026 00:51:58,-173.446851210828,-45.3398642643119,0,26,26,26,3,-27.2434641389624
01-Aug-2026 00:52:00,-173.532691547989,-45.4257046014735,0,26,26,26,3,-45.4257046014735
01-Aug-2026 00:52:02,-173.525724221703,-45.4187372751868,0,26,26,26,3,-45.4187372751868
01-Aug-2026 00:52:04,-172.904105463607,-44.7971185170909,0,26,26,26,2,-44.7971185170909
01-Aug-2026 00:52:06,-173.305315659915,-45.1983287133988,0,26,26,26,2,-45.1983287133988
01-Aug-2026 00:52:08,-173.737946781083,-45.630959834567,0,26,26,26,2,-45.630959834567
01-Aug-2026 00:52:10,-173.857305056386,-45.7503181098706,0,26,26,26,2,-45.7503181098706
01-Aug-2026 00:52:12,-170.896714987897,-42.7897280413816,0,25,25,25,3,-42.7897280413816
01-Aug-2026 00:52:14,-170.79283133809,-42.6858443915741,0,25,25,25,3,-42.6858443915741
01-Aug-2026 00:52:16,-170.964171227067,-42.8571842805509,0,25,25,25,3,-42.8571842805509
01-Aug-2026 00:52:18,-170.884340077219,-42.7773531307031,0,25,25,25,3,-42.7773531307031
01-Aug-2026 00:52:20,-170.777869360796,-42.6708824142798,0,25,25,25,4,-42.6708824142798
01-Aug-2026 00:52:22,-170.708418091598,-42.6014311450821,0,25,25,25,4,-42.6014311450821
01-Aug-2026 00:52:24,-170.590787512099,-42.4838005655836,0,25,25,25,5,-42.4838005655836
01-Aug-2026 00:52:26,-170.90282553997,-42.7958385934541,0,25,25,25,6,-42.7958385934541
01-Aug-2026 00:52:28,-171.043596421754,-42.9366094752376,0,25,25,25,6,-42.9366094752376
01-Aug-2026 00:52:30,-171.146623779382,-43.039636832866,0,25,25,25,6,-43.039636832866
01-Aug-2026 00:52:32,-171.214830547808,-43.1078436012926,0,25,25,25,6,-43.1078436012926
01-Aug-2026 00:52:34,-170.958771776792,-42.8517848302765,0,25,25,25,6,-42.8517848302765
01-Aug-2026 00:52:36,-171.139950601885,-43.032963655369,0,25,25,25,7,-43.032963655369
01-Aug-2026 00:52:38,-175.446478283803,-47.3394913372868,0,25,25,25,7,-47.3394913372868
01-Aug-2026 00:52:40,-175.880665580059,-47.7736786335435,0,24,24,24,7,-47.7736786335435
01-Aug-2026 00:52:42,-175.463411422225,-47.3564244757089,0,24,24,24,8,-47.3564244757089
01-Aug-2026 00:52:44,-175.285107438173,-47.1781204916568,0,24,24,24,8,-47.1781204916568
01-Aug-2026 00:52:46,-174.687276898496,-46.5802899519799,0,24,24,24,8,-46.5802899519799
01-Aug-2026 00:52:48,-174.909851646647,-46.8028647001307,0,24,24,24,7,-46.8028647001307
01-Aug-2026 00:52:50,-175.347483176678,-47.2404962301619,0,24,24,24,5,-47.2404962301619
01-Aug-2026 00:52:52,-175.58296201825,-47.4759750717339,0,24,24,24,5,-47.4759750717339
01-Aug-2026 00:52:54,-175.319609271442,-47.2126223249264,0,25,25,25,5,-47.2126223249264
01-Aug-2026 00:52:56,-176.190839556575,-48.083852610059,0,25,25,25,4,-48.083852610059
01-Aug-2026 00:52:58,-176.404022483193,-48.2970355366775,0,25,25,25,4,-48.2970355366775
01-Aug-2026 00:53:00,-175.921345590904,-47.8143586443878,0,25,25,25,6,-22.3419424831845
01-Aug-2026 00:53:02,-176.264408398472,-48.1574214519564,0,25,25,25,5,-22.7934220776562
01-Aug-2026 00:53:04,-151.882089468999,-23.7751025224835,0,25,25,25,6,-23.7751025224835
01-Aug-2026 00:53:06,-152.194236867351,-24.0872499208349,0,25,25,25,6,-24.0872499208349
01-Aug-2026 00:53:08,-152.446972436745,-24.3399854902293,0,24,24,24,6,-24.3399854902293
01-Aug-2026 00:53:10,-152.716782870543,-24.609795924027,0,24,24,24,7,-24.609795924027
01-Aug-2026 00:53:12,-153.096194953151,-24.9892080066352,0,24,24,24,7,-24.9892080066352
01-Aug-2026 00:53:14,-153.464961654748,-25.3579747082322,0,24,24,24,6,-25.3579747082322
01-Aug-2026 00:53:16,-153.828530166428,-25.7215432199125,0,24,24,24,6,-25.7215432199125
01-Aug-2026 00:53:18,-154.761238130309,-26.6542511837933,0,24,24,24,5,-26.6542511837933
01-Aug-2026 00:53:20,-154.857018964644,-26.7500320181279,0,24,24,24,4,-26.7500320181279
01-Aug-2026 00:53:22,-154.973579723187,-26.8665927766709,0,24,24,24,5,-26.8665927766709
01-Aug-2026 00:53:24,-155.352483886899,-27.2454969403834,0,23,23,23,5,-27.2454969403834
01-Aug-2026 00:53:26,-155.738603422916,-27.6316164763998,0,23,23,23,5,-27.6316164763998
01-Aug-2026 00:53:28,-160.814848944511,-32.7078619979952,0,24,24,24,5,-32.7078619979952
01-Aug-2026 00:53:30,-160.801050940072,-32.694063993556,0,23,23,23,4,-32.694063993556
01-Aug-2026 00:53:32,-160.497166878713,-32.3901799321972,0,23,23,23,4,-32.3901799321972
01-Aug-2026 00:53:34,-160.431621331356,-32.3246343848398,0,23,23,23,4,-32.3246343848398
01-Aug-2026 00:53:36,-160.942658968928,-32.8356720224125,0,23,23,23,4,-32.8356720224125
01-Aug-2026 00:53:38,-161.166899179311,-33.059912232795,0,23,23,23,5,-33.059912232795
01-Aug-2026 00:53:40,-160.763291840544,-32.656304894028,0,23,23,23,6,-32.656304894028
01-Aug-2026 00:53:42,-158.266223790375,-30.1592368438596,0,23,23,23,7,-30.1592368438596
01-Aug-2026 00:53:44,-158.084836845156,-29.9778498986398,0,23,23,23,7,-29.9778498986398
01-Aug-2026 00:53:46,-158.21527103265,-30.1082840861344,0,23,23,23,6,-30.1082840861344
01-Aug-2026 00:53:48,-158.417930165218,-30.3109432187021,0,23,23,23,6,-30.3109432187021
01-Aug-2026 00:53:50,-158.214866078603,-30.1078791320872,0,23,23,23,6,-30.1078791320872
01-Aug-2026 00:53:52,-158.360063584531,-30.2530766380149,0,23,23,23,6,-30.2530766380149
01-Aug-2026 00:53:54,-158.310041930227,-30.2030549837108,0,22,22,22,6,-30.2030549837108
01-Aug-2026 00:53:56,-158.088127807344,-29.9811408608282,0,22,22,22,7,-29.9811408608282
01-Aug-2026 00:53:58,-158.207684910105,-30.100697963589,0,22,22,22,7,-30.100697963589
01-Aug-2026 00:54:00,-158.233630494407,-30.1266435478909,0,22,22,22,7,-30.1266435478909
01-Aug-2026 00:54:02,-158.866769979979,-30.7597830334628,0,22,22,22,6,-30.7597830334628
01-Aug-2026 00:54:04,-159.189800944724,-31.0828139982078,0,22,22,22,7,-31.0828139982078
01-Aug-2026 00:54:06,-158.925480041093,-30.8184930945771,0,22,22,22,7,-30.8184930945771
01-Aug-2026 00:54:08,-158.866232899741,-30.7592459532256,0,22,22,22,6,-30.7592459532256
01-Aug-2026 00:54:10,-158.899110575715,-30.7921236291995,0,22,22,22,5,-30.7921236291995
01-Aug-2026 00:54:12,-158.528815691016,-30.4218287445003,0,22,22,22,5,-30.4218287445003
01-Aug-2026 00:54:14,-158.946236843877,-30.8392498973616,0,22,22,22,6,-30.8392498973616
01-Aug-2026 00:54:16,-159.634390146867,-31.527403200351,0,22,22,22,6,-31.527403200351
01-Aug-2026 00:54:18,-159.401018392629,-31.2940314461127,0,23,23,23,6,-31.2940314461127
01-Aug-2026 00:54:20,-159.408941490612,-31.3019545440964,0,23,23,23,6,-31.3019545440964
01-Aug-2026 00:54:22,-159.55229659476,-31.445309648244,0,22,22,22,5,-31.445309648244
01-Aug-2026 00:54:24,-159.425234593127,-31.3182476466115,0,22,22,22,5,-31.3182476466115
01-Aug-2026 00:54:26,-159.248327727029,-31.141340780513,0,22,22,22,6,-31.141340780513
01-Aug-2026 00:54:28,-159.828178508634,-31.7211915621177,0,22,22,22,6,-31.7211915621177
01-Aug-2026 00:54:30,-160.02124468843,-31.914257741914,0,22,22,22,6,-31.914257741914
01-Aug-2026 00:54:32,-164.134776343871,-36.0277893973555,0,22,22,22,4,-36.0277893973555
01-Aug-2026 00:54:34,-164.051697127651,-35.944710181135,0,22,22,22,4,-35.944710181135
01-Aug-2026 00:54:36,-163.920400891785,-35.8134139452692,0,22,22,22,4,-35.8134139452692
01-Aug-2026 00:54:38,-163.770731073168,-35.6637441266521,0,22,22,22,4,-35.6637441266521
01-Aug-2026 00:54:40,-162.86558429766,-34.758597351144,0,22,22,22,4,-34.758597351144
01-Aug-2026 00:54:42,-163.466426098018,-35.3594391515024,0,22,22,22,4,-35.3594391515024
01-Aug-2026 00:54:44,-155.526558657702,-27.4195717111864,0,22,22,22,4,-27.4195717111864
01-Aug-2026 00:54:46,-155.728279706216,-27.6212927596998,0,22,22,22,4,-27.6212927596998
01-Aug-2026 00:54:48,-155.743830455008,-27.6368435084925,0,23,23,23,5,-27.6368435084925
01-Aug-2026 00:54:50,-155.749803735398,-27.642816788882,0,23,23,23,5,-27.642816788882
01-Aug-2026 00:54:52,-155.71735064529,-27.6103636987741,0,23,23,23,5,-27.6103636987741
01-Aug-2026 00:54:54,-155.793969458804,-27.6869825122878,0,23,23,23,5,-27.6869825122878
01-Aug-2026 00:54:56,-156.210399475038,-28.1034125285221,0,23,23,23,5,-28.1034125285221
01-Aug-2026 00:54:58,-156.669329381658,-28.5623424351421,0,23,23,23,6,-28.5623424351421
01-Aug-2026 00:55:00,-156.805619757291,-28.6986328107749,0,23,23,23,7,-28.6986328107749
01-Aug-2026 00:55:02,-157.157551266,-29.0505643194839,0,23,23,23,6,-29.0505643194839
01-Aug-2026 00:55:04,-157.2608617085,-29.1538747619836,0,23,23,23,6,-29.1538747619836
01-Aug-2026 00:55:06,-157.519872808874,-29.4128858623579,0,23,23,23,5,-29.4128858623579
01-Aug-2026 00:55:08,-157.583962700667,-29.4769757541511,0,24,24,24,5,-29.4769757541511
01-Aug-2026 00:55:10,-158.347965335729,-30.2409783892133,0,25,25,25,5,-30.2409783892133
01-Aug-2026 00:55:12,-158.891142621645,-30.7841556751291,0,25,25,25,5,-30.7841556751291
01-Aug-2026 00:55:14,-160.933888294501,-32.8269013479849,0,25,25,25,3,-32.8269013479849
01-Aug-2026 00:55:16,-160.600415470666,-32.4934285241499,0,25,25,25,3,-32.4934285241499
01-Aug-2026 00:55:18,-160.55709690635,-32.4501099598344,0,25,25,25,3,-32.4501099598344
01-Aug-2026 00:55:20,-160.707598257313,-32.6006113107973,0,24,24,24,3,-32.6006113107973
01-Aug-2026 00:55:22,-160.304252057635,-32.1972651111192,0,25,25,25,3,-32.1972651111192
01-Aug-2026 00:55:24,-159.780308596479,-31.6733216499628,0,25,25,25,2,-31.6733216499628
01-Aug-2026 00:55:26,-160.177400725534,-32.0704137790182,0,25,25,25,2,-32.0704137790182
01-Aug-2026 00:55:28,-160.310850286236,-32.2038633397196,0,25,25,25,3,-32.2038633397196
01-Aug-2026 00:55:30,-160.905199525456,-32.7982125789397,0,25,25,25,3,-32.7982125789397
01-Aug-2026 00:55:32,-161.30240787816,-33.1954209316444,0,25,25,25,4,-33.1954209316444
01-Aug-2026 00:55:34,-161.455710612759,-33.3487236662434,0,25,25,25,5,-33.3487236662434
01-Aug-2026 00:55:36,-162.040744071296,-33.9337571247804,0,25,25,25,6,-33.9337571247804
01-Aug-2026 00:55:38,-162.664575874254,-34.5575889277384,0,25,25,25,6,-34.5575889277384
01-Aug-2026 00:55:40,-179.532602740931,-51.4256157944156,0,25,25,25,5,-51.4256157944156
01-Aug-2026 00:55:42,-179.666640100187,-51.5596531536715,0,26,26,26,5,-51.5596531536715
01-Aug-2026 00:55:44,-179.941981949448,-51.8349950029317,0,26,26,26,5,-51.8349950029317
01-Aug-2026 00:55:46,-162.147744549674,-34.0407576031583,0,26,26,26,5,-34.0407576031583
01-Aug-2026 00:55:48,-161.900558635839,-33.793571689323,0,26,26,26,5,-33.793571689323
01-Aug-2026 00:55:50,-162.214237468986,-34.10725052247,0,26,26,26,5,-34.10725052247
01-Aug-2026 00:55:52,-161.998995346365,-33.8920083998494,0,26,26,26,5,-33.8920083998494
01-Aug-2026 00:55:54,-160.683272707033,-32.5762857605174,0,26,26,26,5,-32.5762857605174
01-Aug-2026 00:55:56,-159.668759304737,-31.5617723582213,0,26,26,26,4,-31.5617723582213
01-Aug-2026 00:55:58,-169.707043960648,-41.6000570141326,0,26,26,26,3,-41.6000570141326
01-Aug-2026 00:56:00,-169.183650499128,-41.076663552612,0,25,25,25,3,-41.076663552612
01-Aug-2026 00:56:02,-179.45967851759,-51.3526915710739,0,25,25,25,3,-51.3526915710739
01-Aug-2026 00:56:04,-179.371207087942,-51.2642201414261,0,25,25,25,3,-51.2642201414261
01-Aug-2026 00:56:06,-180.480653083134,-52.3736661366178,0,25,25,25,2,-52.3736661366178
01-Aug-2026 00:56:08,-180.307407953677,-52.2004210071612,0,25,25,25,2,-52.2004210071612
01-Aug-2026 00:56:10,-167.313222677083,-39.2062357305668,0,25,25,25,4,-39.2062357305668
01-Aug-2026 00:56:12,-166.755352331258,-38.6483653847418,0,25,25,25,5,-38.6483653847418
01-Aug-2026 00:56:14,-159.025189984201,-30.9182030376852,0,25,25,25,6,-30.9182030376852
01-Aug-2026 00:56:16,-159.561290165293,-31.4543032187774,0,25,25,25,6,-31.4543032187774
01-Aug-2026 00:56:18,-159.667921902524,-31.5609349560082,0,25,25,25,5,-31.5609349560082
01-Aug-2026 00:56:20,-159.330958553445,-31.2239716069287,0,25,25,25,5,-31.2239716069287
01-Aug-2026 00:56:22,-160.673023260235,-32.5660363137189,0,25,25,25,5,-32.5660363137189
01-Aug-2026 00:56:24,-160.496728956719,-32.389742010203,0,25,25,25,6,-32.389742010203
01-Aug-2026 00:56:26,-160.826716004294,-32.7197290577783,0,25,25,25,5,-32.7197290577783
01-Aug-2026 00:56:28,-160.376126869921,-32.2691399234048,0,25,25,25,6,-32.2691399234048
01-Aug-2026 00:56:30,-160.275873816136,-32.16888686962,0,25,25,25,6,-32.16888686962
01-Aug-2026 00:56:32,-173.929535498669,-45.8225485521531,0,24,24,24,6,-45.8225485521531
01-Aug-2026 00:56:34,-173.865602393045,-45.7586154465287,0,24,24,24,6,-45.7586154465287
01-Aug-2026 00:56:36,-173.151390816567,-45.044403870051,0,24,24,24,6,-45.044403870051
01-Aug-2026 00:56:38,-172.900517949193,-44.7935310026771,0,24,24,24,6,-44.7935310026771
01-Aug-2026 00:56:40,-172.921822590015,-44.8148356434988,0,24,24,24,7,-44.8148356434988
01-Aug-2026 00:56:42,-173.133023595366,-45.0260366488503,0,24,24,24,6,-45.0260366488503
01-Aug-2026 00:56:44,-169.650106847267,-41.5431199007507,0,25,25,25,7,-41.5431199007507
01-Aug-2026 00:56:46,-172.277729963663,-44.1707430171473,0,25,25,25,5,-44.1707430171473
01-Aug-2026 00:56:48,-171.608232065268,-43.5012451187523,0,25,25,25,5,-43.5012451187523
01-Aug-2026 00:56:50,-165.918865236118,-37.8118782896025,0,25,25,25,7,-37.8118782896025
01-Aug-2026 00:56:52,-165.826036634781,-37.7190496882656,0,25,25,25,8,-37.7190496882656
01-Aug-2026 00:56:54,-161.923003042124,-33.8160160956077,0,25,25,25,7,-33.8160160956077
01-Aug-2026 00:56:56,-161.76051567764,-33.6535287311238,0,25,25,25,7,-33.6535287311238
01-Aug-2026 00:56:58,-161.574133912431,-33.4671469659153,0,23,23,23,6,-33.4671469659153
01-Aug-2026 00:57:00,-161.76162122444,-33.654634277924,0,23,23,23,7,-33.654634277924
01-Aug-2026 00:57:02,-161.51994131209,-33.4129543655741,0,23,23,23,7,-33.4129543655741
01-Aug-2026 00:57:04,-161.095696523665,-32.9887095771489,0,23,23,23,7,-32.9887095771489
01-Aug-2026 00:57:06,-161.122707736968,-33.0157207904518,0,24,24,24,9,-33.0157207904518
01-Aug-2026 00:57:08,-161.133265618102,-33.0262786715866,0,23,23,23,8,-33.0262786715866
01-Aug-2026 00:57:10,-160.82139227745,-32.7144053309346,0,23,23,23,8,-32.7144053309346
01-Aug-2026 00:57:12,-160.383431381966,-32.2764444354503,0,23,23,23,6,-32.2764444354503
01-Aug-2026 00:57:14,-160.734959334921,-32.6279723884051,0,23,23,23,6,-32.6279723884051
01-Aug-2026 00:57:16,-160.835378139839,-32.7283911933233,0,23,23,23,6,-32.7283911933233
01-Aug-2026 00:57:18,-160.746972985288,-32.6399860387722,0,24,24,24,7,-24.4315437480741
01-Aug-2026 00:57:20,-166.919236784604,-38.8122498380884,0,24,24,24,6,-25.888547577674
01-Aug-2026 00:57:22,-157.823804824063,-29.7168178775468,0,23,23,23,6,-25.235398417405
01-Aug-2026 00:57:24,-153.801026220854,-25.6940392743381,0,23,23,23,6,-25.6940392743381
01-Aug-2026 00:57:26,-154.592947925069,-26.4859609785535,0,23,23,23,6,-26.4859609785535
01-Aug-2026 00:57:28,-154.713793893011,-26.6068069464948,0,23,23,23,6,-26.6068069464948
01-Aug-2026 00:57:30,-154.888198307754,-26.7812113612384,0,23,23,23,6,-26.7812113612384
01-Aug-2026 00:57:32,-154.975495163242,-26.8685082167258,0,23,23,23,5,-26.8685082167258
01-Aug-2026 00:57:34,-155.56275756808,-27.4557706215642,0,23,23,23,5,-27.4557706215642
01-Aug-2026 00:57:36,-156.111683225648,-28.0046962791325,0,23,23,23,6,-28.0046962791325
01-Aug-2026 00:57:38,-156.526243958279,-28.4192570117633,0,23,23,23,6,-28.4192570117633
01-Aug-2026 00:57:40,-157.029181025616,-28.9221940791001,0,22,22,22,6,-28.9221940791001
01-Aug-2026 00:57:42,-157.352750886679,-29.2457639401631,0,22,22,22,7,-29.2457639401631
01-Aug-2026 00:57:44,-157.535934267249,-29.4289473207333,0,22,22,22,7,-29.4289473207333
01-Aug-2026 00:57:46,-157.998732825511,-29.8917458789951,0,22,22,22,6,-29.8917458789951
01-Aug-2026 00:57:48,-158.226121874928,-30.1191349284122,0,22,22,22,5,-30.1191349284122
01-Aug-2026 00:57:50,-159.093150266357,-30.9861633198412,0,22,22,22,5,-30.9861633198412
01-Aug-2026 00:57:52,-159.28101106511,-31.174024118594,0,22,22,22,5,-31.174024118594
01-Aug-2026 00:57:54,-159.399837722098,-31.2928507755825,0,22,22,22,4,-31.2928507755825
01-Aug-2026 00:57:56,-159.099255173473,-30.9922682269568,0,22,22,22,4,-30.9922682269568
01-Aug-2026 00:57:58,-159.199748049029,-31.0927611025135,0,22,22,22,3,-31.0927611025135
01-Aug-2026 00:58:00,-159.62347409458,-31.5164871480637,0,22,22,22,3,-31.5164871480637
01-Aug-2026 00:58:02,-159.730010126773,-31.6230231802576,0,22,22,22,5,-31.6230231802576
01-Aug-2026 00:58:04,-159.637587953899,-31.5306010073835,0,23,23,23,6,-31.5306010073835
01-Aug-2026 00:58:06,-162.771238942594,-34.6642519960785,0,23,23,23,6,-34.6642519960785
01-Aug-2026 00:58:08,-153.126768623429,-25.0197816769127,0,23,23,23,7,-25.0197816769127
01-Aug-2026 00:58:10,-167.013879033825,-38.9068920873095,0,23,23,23,7,-38.9068920873095
01-Aug-2026 00:58:12,-166.151968594229,-38.0449816477136,0,22,22,22,5,-38.0449816477136
01-Aug-2026 00:58:14,-166.5014708152,-38.3944838686841,0,22,22,22,5,-38.3944838686841
01-Aug-2026 00:58:16,-159.86272791403,-31.7557409675139,0,22,22,22,5,-31.7557409675139
01-Aug-2026 00:58:18,-159.656183647228,-31.5491967007119,0,22,22,22,5,-31.5491967007119
01-Aug-2026 00:58:20,-159.334733188825,-31.2277462423095,0,22,22,22,6,-31.2277462423095
01-Aug-2026 00:58:22,-159.887490134389,-31.780503187873,0,22,22,22,6,-31.780503187873
01-Aug-2026 00:58:24,-160.39331853209,-32.2863315855746,0,22,22,22,5,-32.2863315855746
01-Aug-2026 00:58:26,-160.265319199776,-32.1583322532605,0,22,22,22,5,-32.1583322532605
01-Aug-2026 00:58:28,-159.858148101247,-31.7511611547313,0,22,22,22,5,-31.7511611547313
01-Aug-2026 00:58:30,-159.722357147201,-31.615370200685,0,22,22,22,4,-31.615370200685
01-Aug-2026 00:58:32,-160.015517322164,-31.9085303756484,0,23,23,23,5,-31.9085303756484
01-Aug-2026 00:58:34,-159.712863316807,-31.6058763702913,0,23,23,23,6,-31.6058763702913
01-Aug-2026 00:58:36,-160.453836784973,-32.3468498384567,0,24,24,24,6,-32.3468498384567
01-Aug-2026 00:58:38,-160.223380425551,-32.1163934790353,0,23,23,23,6,-32.1163934790353
01-Aug-2026 00:58:40,-160.519465439743,-32.4124784932274,0,23,23,23,6,-32.4124784932274
01-Aug-2026 00:58:42,-160.507107551024,-32.4001206045083,0,23,23,23,7,-32.4001206045083
01-Aug-2026 00:58:44,-161.077842300866,-32.9708553543501,0,23,23,23,7,-32.9708553543501
01-Aug-2026 00:58:46,-176.785902599499,-48.6789156529836,0,23,23,23,5,-48.6789156529836
01-Aug-2026 00:58:48,-176.443841297059,-48.3368543505433,0,23,23,23,5,-48.3368543505433
01-Aug-2026 00:58:50,-176.469741069752,-48.362754123236,0,23,23,23,5,-48.362754123236
01-Aug-2026 00:58:52,-159.862227865444,-31.7552409189277,0,23,23,23,5,-31.7552409189277
01-Aug-2026 00:58:54,-160.014023016501,-31.9070360699856,0,23,23,23,4,-31.9070360699856
01-Aug-2026 00:58:56,-160.159213091665,-32.0522261451487,0,23,23,23,4,-32.0522261451487
01-Aug-2026 00:58:58,-159.786032533371,-31.6790455868549,0,24,24,24,4,-31.6790455868549
01-Aug-2026 00:59:00,-160.680814267827,-32.5738273213111,0,25,25,25,5,-24.829821506422
01-Aug-2026 00:59:02,-161.441194758804,-33.3342078122882,0,25,25,25,4,-25.7596913470145
01-Aug-2026 00:59:04,-154.057135982842,-25.9501490363258,0,25,25,25,4,-25.9501490363258
01-Aug-2026 00:59:06,-161.389053406409,-33.2820664598928,0,26,26,26,3,-33.2820664598928
01-Aug-2026 00:59:08,-161.429266973143,-33.3222800266276,0,26,26,26,4,-33.3222800266276
01-Aug-2026 00:59:10,-161.097379779718,-32.9903928332018,0,25,25,25,5,-32.9903928332018
01-Aug-2026 00:59:12,-161.861789253046,-33.75480230653,0,25,25,25,5,-33.75480230653
01-Aug-2026 00:59:14,-161.984991811949,-33.8780048654326,0,25,25,25,5,-33.8780048654326
01-Aug-2026 00:59:16,-162.07884148122,-33.9718545347046,0,25,25,25,5,-33.9718545347046
01-Aug-2026 00:59:18,-161.77898381634,-33.6719968698244,0,25,25,25,5,-33.6719968698244
01-Aug-2026 00:59:20,-162.590948156994,-34.4839612104785,0,25,25,25,4,-34.4839612104785
01-Aug-2026 00:59:22,-163.321005675581,-35.2140187290653,0,25,25,25,4,-35.2140187290653
01-Aug-2026 00:59:24,-163.749142193167,-35.6421552466512,0,25,25,25,5,-35.6421552466512
01-Aug-2026 00:59:26,-163.857386953291,-35.7504000067752,0,25,25,25,5,-35.7504000067752
01-Aug-2026 00:59:28,-164.165570117396,-36.0585831708801,0,25,25,25,5,-36.0585831708801
01-Aug-2026 00:59:30,-164.490927828136,-36.3839408816203,0,25,25,25,5,-36.3839408816203
01-Aug-2026 00:59:32,-163.565988516278,-35.459001569762,0,26,26,26,6,-35.459001569762
01-Aug-2026 00:59:34,-163.385304793831,-35.2783178473147,0,26,26,26,7,-35.2783178473147
01-Aug-2026 00:59:36,-162.816421861428,-34.7094349149117,0,26,26,26,8,-34.7094349149117
01-Aug-2026 00:59:38,-160.274306277217,-32.1673193307016,0,26,26,26,10,-32.1673193307016
01-Aug-2026 00:59:40,-163.018410371279,-34.9114234247631,0,26,26,26,9,-34.9114234247631
01-Aug-2026 00:59:42,-168.422972466807,-40.3159855202912,0,26,26,26,8,-40.3159855202912
01-Aug-2026 00:59:44,-167.865831001267,-39.7588440547513,0,26,26,26,8,-39.7588440547513
01-Aug-2026 00:59:46,-166.255314514141,-38.1483275676252,0,26,26,26,9,-38.1483275676252
01-Aug-2026 00:59:48,-166.403834385498,-38.296847438982,0,26,26,26,8,-38.296847438982
01-Aug-2026 00:59:50,-166.271871099406,-38.1648841528901,0,25,25,25,7,-38.1648841528901
01-Aug-2026 00:59:52,-166.699320576985,-38.5923336304693,0,25,25,25,6,-38.5923336304693
01-Aug-2026 00:59:54,-166.605735594775,-38.498748648259,0,25,25,25,6,-38.498748648259
01-Aug-2026 00:59:56,-163.939288831214,-35.8323018846985,0,25,25,25,7,-35.8323018846985
01-Aug-2026 00:59:58,-163.517335045936,-35.4103480994197,0,25,25,25,7,-35.4103480994197
01-Aug-2026 01:00:00,-163.855850755407,-35.7488638088911,0,25,25,25,8,-35.7488638088911
01-Aug-2026 01:00:02,-164.249446097901,-36.1424591513855,0,25,25,25,8,-36.1424591513855
01-Aug-2026 01:00:04,-164.04343338366,-35.9364464371442,0,25,25,25,9,-35.9364464371442
01-Aug-2026 01:00:06,-165.444447691752,-37.337460745236,0,25,25,25,7,-37.337460745236
01-Aug-2026 01:00:08,-163.685006320306,-35.5780193737899,0,25,25,25,8,-35.5780193737899
01-Aug-2026 01:00:10,-163.613255625214,-35.5062686786986,0,25,25,25,8,-35.5062686786986
01-Aug-2026 01:00:12,-163.802278840953,-35.6952918944373,0,25,25,25,7,-35.6952918944373
01-Aug-2026 01:00:14,-163.692726421469,-35.5857394749531,0,25,25,25,7,-35.5857394749531
01-Aug-2026 01:00:16,-164.010466993968,-35.9034800474523,0,25,25,25,7,-35.9034800474523
01-Aug-2026 01:00:18,-164.045693160449,-35.9387062139329,0,25,25,25,8,-35.9387062139329
01-Aug-2026 01:00:20,-164.533955512635,-36.4269685661187,0,25,25,25,8,-36.4269685661187
01-Aug-2026 01:00:22,-164.590495534671,-36.4835085881556,0,24,24,24,9,-36.4835085881556
01-Aug-2026 01:00:24,-164.902210474031,-36.7952235275148,0,24,24,24,9,-36.7952235275148
01-Aug-2026 01:00:26,-168.67583504533,-40.5688480988142,0,24,24,24,8,-40.5688480988142
01-Aug-2026 01:00:28,-169.214868708584,-41.1078817620678,0,24,24,24,7,-41.1078817620678
01-Aug-2026 01:00:30,-169.532518420632,-41.4255314741158,0,24,24,24,7,-41.4255314741158
01-Aug-2026 01:00:32,-169.583005224997,-41.4760182784815,0,24,24,24,7,-41.4760182784815
01-Aug-2026 01:00:34,-169.291446641488,-41.1844596949721,0,24,24,24,7,-41.1844596949721
01-Aug-2026 01:00:36,-168.828266066435,-40.7212791199193,0,25,25,25,8,-40.7212791199193
01-Aug-2026 01:00:38,-168.980870087738,-40.8738831412223,0,25,25,25,7,-40.8738831412223
01-Aug-2026 01:00:40,-168.807804752303,-40.7008178057869,0,25,25,25,7,-40.7008178057869
01-Aug-2026 01:00:42,-168.630597048457,-40.523610101941,0,25,25,25,6,-40.523610101941
01-Aug-2026 01:00:44,-169.793256599896,-41.6862696533805,0,25,25,25,5,-41.6862696533805
01-Aug-2026 01:00:46,-169.965289218287,-41.8583022717709,0,24,24,24,5,-41.8583022717709
01-Aug-2026 01:00:48,-169.442789377261,-41.3358024307447,0,23,23,23,5,-41.3358024307447
01-Aug-2026 01:00:50,-168.025499923342,-39.9185129768258,0,23,23,23,6,-39.9185129768258
01-Aug-2026 01:00:52,-168.278526063228,-40.171539116712,0,22,22,22,7,-40.171539116712
01-Aug-2026 01:00:54,-168.489188178787,-40.3822012322709,0,22,22,22,7,-40.3822012322709
01-Aug-2026 01:00:56,-162.628475810004,-34.5214888634877,0,22,22,22,8,-34.5214888634877
01-Aug-2026 01:00:58,-162.006182592318,-33.8991956458025,0,22,22,22,8,-33.8991956458025
01-Aug-2026 01:01:00,-161.094359545421,-32.9873725989051,0,23,23,23,8,-32.9873725989051
01-Aug-2026 01:01:02,-161.127028383366,-33.0200414368498,0,23,23,23,8,-33.0200414368498
01-Aug-2026 01:01:04,-169.339807076947,-41.2328201304313,0,23,23,23,6,-41.2328201304313
01-Aug-2026 01:01:06,-183.106548679727,-54.9995617332116,0,23,23,23,4,-54.9995617332116
01-Aug-2026 01:01:08,-183.072169282034,-54.9651823355179,0,24,24,24,4,-54.9651823355179
01-Aug-2026 01:01:10,-183.117929981984,-55.0109430354681,0,24,24,24,4,-55.0109430354681
01-Aug-2026 01:01:12,-183.171275888047,-55.0642889415314,0,23,23,23,4,-55.0642889415314
01-Aug-2026 01:01:14,-183.215887586844,-55.1089006403278,0,23,23,23,4,-55.1089006403278
01-Aug-2026 01:01:16,-158.403742630708,-30.2967556841925,0,23,23,23,4,-30.2967556841925
01-Aug-2026 01:01:18,-158.668443319069,-30.5614563725527,0,23,23,23,4,-30.5614563725527
01-Aug-2026 01:01:20,-160.222852618376,-32.1158656718599,0,23,23,23,4,-32.1158656718599
01-Aug-2026 01:01:22,-162.440280100253,-34.3332931537376,0,23,23,23,4,-34.3332931537376
01-Aug-2026 01:01:24,-161.852465532259,-33.7454785857431,0,22,22,22,4,-33.7454785857431
01-Aug-2026 01:01:26,-161.59263477417,-33.4856478276544,0,22,22,22,4,-33.4856478276544
01-Aug-2026 01:01:28,-162.179739638962,-34.0727526924459,0,22,22,22,4,-34.0727526924459
01-Aug-2026 01:01:30,-163.301771076315,-35.1947841297994,0,22,22,22,4,-35.1947841297994
01-Aug-2026 01:01:32,-163.41603109496,-35.3090441484441,0,22,22,22,4,-35.3090441484441
01-Aug-2026 01:01:34,-164.064066729756,-35.9570797832397,0,22,22,22,4,-35.9570797832397
01-Aug-2026 01:01:36,-164.059055986766,-35.9520690402506,0,22,22,22,4,-35.9520690402506
01-Aug-2026 01:01:38,-164.244755266816,-36.1377683203005,0,22,22,22,4,-36.1377683203005
01-Aug-2026 01:01:40,-165.734434230396,-37.6274472838797,0,22,22,22,3,-37.6274472838797
01-Aug-2026 01:01:42,-165.781612815646,-37.6746258691305,0,22,22,22,2,-37.6746258691305
01-Aug-2026 01:01:44,-165.544047344001,-37.4370603974851,0,22,22,22,3,-37.4370603974851
01-Aug-2026 01:01:46,-165.128962837524,-37.0219758910083,0,22,22,22,4,-37.0219758910083
01-Aug-2026 01:01:48,-164.206072127395,-36.099085180879,0,23,23,23,4,-36.099085180879
01-Aug-2026 01:01:50,-163.687937104101,-35.5809501575856,0,23,23,23,3,-35.5809501575856
01-Aug-2026 01:01:52,-163.98702709073,-35.8800401442146,0,23,23,23,3,-35.8800401442146
01-Aug-2026 01:01:54,-192.971385850465,-64.8643989039489,0,23,23,23,2,-64.8643989039489
01-Aug-2026 01:01:56,-192.941667540365,-64.8346805938489,0,23,23,23,2,-64.8346805938489
01-Aug-2026 01:01:58,-192.820543917383,-64.7135569708673,0,23,23,23,2,-64.7135569708673
01-Aug-2026 01:02:00,-193.105182673617,-64.9981957271012,0,23,23,23,3,-64.9981957271012
01-Aug-2026 01:02:02,-177.438432723745,-49.3314457772295,0,22,22,22,3,-49.3314457772295
01-Aug-2026 01:02:04,-177.530122492213,-49.4231355456967,0,22,22,22,3,-49.4231355456967
01-Aug-2026 01:02:06,-177.207729885117,-49.1007429386007,0,22,22,22,2,-49.1007429386007
01-Aug-2026 01:02:08,-177.115433393556,-49.0084464470405,0,22,22,22,2,-49.0084464470405
01-Aug-2026 01:02:10,-176.556495311753,-48.4495083652375,0,22,22,22,3,-48.4495083652375
01-Aug-2026 01:02:12,-176.830019506862,-48.723032560346,0,22,22,22,3,-48.723032560346
01-Aug-2026 01:02:14,-176.517400669123,-48.4104137226067,0,22,22,22,3,-48.4104137226067
01-Aug-2026 01:02:16,-156.900176035049,-28.793189088533,0,22,22,22,4,-28.793189088533
01-Aug-2026 01:02:18,-157.569074171591,-29.4620872250752,0,22,22,22,3,-29.4620872250752
01-Aug-2026 01:02:20,-157.739192281728,-29.6322053352123,0,22,22,22,4,-29.6322053352123
01-Aug-2026 01:02:22,-157.889653231719,-29.7826662852032,0,22,22,22,4,-29.7826662852032
01-Aug-2026 01:02:24,-158.252751491005,-30.1457645444895,0,24,24,24,4,-30.1457645444895
01-Aug-2026 01:02:26,-157.941428793334,-29.8344418468177,0,24,24,24,4,-29.8344418468177
01-Aug-2026 01:02:28,-157.445629026638,-29.3386420801224,0,24,24,24,5,-29.3386420801224
01-Aug-2026 01:02:30,-157.418454305253,-29.3114673587374,0,24,24,24,4,-29.3114673587374
01-Aug-2026 01:02:32,-157.842199124045,-29.7352121775295,0,24,24,24,3,-29.7352121775295
01-Aug-2026 01:02:34,-157.55597542348,-29.4489884769641,0,23,23,23,3,-29.4489884769641
01-Aug-2026 01:02:36,-157.364308516799,-29.2573215702833,0,23,23,23,3,-29.2573215702833
01-Aug-2026 01:02:38,-157.386848880206,-29.2798619336904,0,23,23,23,3,-29.2798619336904
01-Aug-2026 01:02:40,-157.48657970816,-29.3795927616445,0,23,23,23,4,-29.3795927616445
01-Aug-2026 01:02:42,-157.649614172629,-29.5426272261131,0,23,23,23,4,-29.5426272261131
01-Aug-2026 01:02:44,-157.612374375316,-29.5053874288006,0,23,23,23,4,-29.5053874288006
01-Aug-2026 01:02:46,-157.76404334519,-29.6570563986741,0,23,23,23,3,-29.6570563986741
01-Aug-2026 01:02:48,-158.07632656244,-29.969339615924,0,25,25,25,3,-29.969339615924
01-Aug-2026 01:02:50,-158.444602801891,-30.3376158553751,0,26,26,26,4,-30.3376158553751
01-Aug-2026 01:02:52,-156.694155453848,-28.587168507332,0,26,26,26,5,-28.587168507332
01-Aug-2026 01:02:54,-155.629604306665,-27.5226173601489,0,26,26,26,6,-27.5226173601489
01-Aug-2026 01:02:56,-155.77214423381,-27.6651572872943,0,26,26,26,5,-27.6651572872943
01-Aug-2026 01:02:58,-157.886155813516,-29.7791688669997,0,26,26,26,4,-29.7791688669997
01-Aug-2026 01:03:00,-159.014799620157,-30.9078126736408,0,25,25,25,3,-30.9078126736408
01-Aug-2026 01:03:02,-159.197597247859,-31.090610301343,0,25,25,25,3,-31.090610301343
01-Aug-2026 01:03:04,-159.104167070116,-30.9971801236,0,25,25,25,3,-30.9971801236
01-Aug-2026 01:03:06,-159.538667071575,-31.4316801250596,0,25,25,25,2,-31.4316801250596
01-Aug-2026 01:03:08,-159.637490040953,-31.530503094437,0,25,25,25,3,-31.530503094437
01-Aug-2026 01:03:10,-159.735803250471,-31.6288163039554,0,25,25,25,3,-31.6288163039554
01-Aug-2026 01:03:12,-159.871640436781,-31.7646534902654,0,25,25,25,2,-31.7646534902654
01-Aug-2026 01:03:14,-160.058760024665,-31.9517730781493,0,25,25,25,2,-31.9517730781493
01-Aug-2026 01:03:16,-160.374140774087,-32.2671538275714,0,25,25,25,2,-32.2671538275714
01-Aug-2026 01:03:18,-161.335492791313,-33.2285058447973,0,25,25,25,3,-33.2285058447973
01-Aug-2026 01:03:20,-161.40678096098,-33.299794014464,0,26,26,26,3,-33.299794014464
01-Aug-2026 01:03:22,-162.034788592333,-33.9278016458172,0,26,26,26,3,-33.9278016458172
01-Aug-2026 01:03:24,-162.308494862516,-34.2015079159998,0,26,26,26,3,-34.2015079159998
01-Aug-2026 01:03:26,-162.435567806893,-34.3285808603774,0,26,26,26,3,-34.3285808603774
01-Aug-2026 01:03:28,-163.058451987868,-34.9514650413524,0,26,26,26,2,-34.9514650413524
01-Aug-2026 01:03:30,-163.330626241975,-35.223639295459,0,26,26,26,2,-35.223639295459
01-Aug-2026 01:03:32,-163.5842099022,-35.4772229556843,0,26,26,26,1,-35.4772229556843
01-Aug-2026 01:03:34,-158.035582423482,-29.9285954769665,0,26,26,26,3,-29.9285954769665
01-Aug-2026 01:03:36,-157.792651527852,-29.6856645813358,0,26,26,26,3,-29.6856645813358
01-Aug-2026 01:03:38,-158.217818502384,-30.1108315558679,0,26,26,26,3,-30.1108315558679
01-Aug-2026 01:03:40,-156.721289911756,-28.6143029652399,0,25,25,25,4,-29.4890298093253
01-Aug-2026 01:03:42,-158.028862121528,-29.921875175012,0,25,25,25,4,-29.921875175012
01-Aug-2026 01:03:44,-158.468478944108,-30.3614919975924,0,25,25,25,4,-30.3614919975924
01-Aug-2026 01:03:46,-158.761375538842,-30.654388592326,0,25,25,25,4,-30.654388592326
01-Aug-2026 01:03:48,-158.556123293345,-30.4491363468289,0,25,25,25,4,-30.4491363468289
01-Aug-2026 01:03:50,-158.764914952776,-30.6579280062599,0,25,25,25,4,-30.6579280062599
01-Aug-2026 01:03:52,-159.278310749732,-31.1713238032162,0,25,25,25,5,-31.1713238032162
01-Aug-2026 01:03:54,-159.473875458349,-31.3668885118329,0,25,25,25,5,-31.3668885118329
01-Aug-2026 01:03:56,-159.912930960247,-31.8059440137308,0,25,25,25,5,-31.8059440137308
01-Aug-2026 01:03:58,-159.931245670996,-31.8242587244798,0,25,25,25,6,-31.8242587244798
01-Aug-2026 01:04:00,-160.736100659263,-32.6291137127472,0,25,25,25,5,-32.6291137127472
01-Aug-2026 01:04:02,-161.34661374624,-33.2396267997239,0,25,25,25,6,-33.2396267997239
01-Aug-2026 01:04:04,-161.485939388894,-33.3789524423779,0,25,25,25,6,-33.3789524423779
01-Aug-2026 01:04:06,-161.191806429252,-33.0848194827363,0,25,25,25,4,-33.0848194827363
01-Aug-2026 01:04:08,-161.540374755597,-33.4333878090811,0,25,25,25,4,-33.4333878090811
01-Aug-2026 01:04:10,-162.021602009858,-33.9146150633418,0,25,25,25,3,-33.9146150633418
01-Aug-2026 01:04:12,-162.486632271086,-34.3796453245702,0,24,24,24,4,-34.3796453245702
01-Aug-2026 01:04:14,-162.810019041638,-34.7030320951226,0,24,24,24,3,-34.7030320951226
01-Aug-2026 01:04:16,-163.271817730053,-35.1648307835375,0,24,24,24,3,-35.1648307835375
01-Aug-2026 01:04:18,-170.604884033324,-42.4978970868086,0,24,24,24,2,-42.4978970868086
01-Aug-2026 01:04:20,-170.829024385041,-42.7220374385255,0,24,24,24,3,-42.7220374385255
01-Aug-2026 01:04:22,-171.119138326085,-43.0121513795688,0,24,24,24,3,-43.0121513795688
01-Aug-2026 01:04:24,-171.137165134776,-43.0301781882599,0,24,24,24,4,-43.0301781882599
01-Aug-2026 01:04:26,-170.764969666337,-42.6579827198214,0,25,25,25,4,-42.6579827198214
01-Aug-2026 01:04:28,-171.290631285486,-43.1836443389702,0,25,25,25,4,-43.1836443389702
01-Aug-2026 01:04:30,-171.551263944892,-43.4442769983766,0,25,25,25,4,-43.4442769983766
01-Aug-2026 01:04:32,-171.232697586206,-43.1257106396898,0,25,25,25,4,-43.1257106396898
01-Aug-2026 01:04:34,-171.784773260398,-43.6777863138819,0,23,23,23,4,-43.6777863138819
01-Aug-2026 01:04:36,-190.049691798522,-61.9427048520061,0,22,22,22,3,-61.9427048520061
01-Aug-2026 01:04:38,-190.358093575758,-62.2511066292417,0,22,22,22,3,-62.2511066292417
01-Aug-2026 01:04:40,-191.873468886446,-63.76648193993,0,22,22,22,2,-63.76648193993
01-Aug-2026 01:04:42,-185.102376261053,-56.9953893145373,0,22,22,22,3,-56.9953893145373
01-Aug-2026 01:04:44,-153.633199479439,-25.5262125329236,0,22,22,22,5,-25.5262125329236
01-Aug-2026 01:04:46,-153.449074866127,-25.3420879196107,0,22,22,22,6,-25.3420879196107
01-Aug-2026 01:04:48,-152.732067637583,-24.6250806910673,0,22,22,22,6,-24.6250806910673
01-Aug-2026 01:04:50,-182.913581571686,-54.8065946251705,0,22,22,22,5,-54.8065946251705
01-Aug-2026 01:04:52,-182.972609276234,-54.8656223297177,0,22,22,22,5,-54.8656223297177
01-Aug-2026 01:04:54,-182.670735164269,-54.563748217753,0,22,22,22,5,-54.563748217753
01-Aug-2026 01:04:56,-181.680014575186,-53.5730276286699,0,23,23,23,7,-53.5730276286699
01-Aug-2026 01:04:58,-181.437162257555,-53.3301753110393,0,24,24,24,6,-53.3301753110393
01-Aug-2026 01:05:00,-180.979386232395,-52.8723992858792,0,24,24,24,6,-52.8723992858792
01-Aug-2026 01:05:02,-180.870093574102,-52.7631066275865,0,23,23,23,6,-52.7631066275865
01-Aug-2026 01:05:04,-180.82059908833,-52.713612141814,0,23,23,23,5,-52.713612141814
01-Aug-2026 01:05:06,-180.643763668604,-52.536776722088,0,23,23,23,6,-15.7340452694498
01-Aug-2026 01:05:08,-144.984456940542,-16.8774699940261,0,23,23,23,7,-16.8774699940261
01-Aug-2026 01:05:10,-145.284561074652,-17.1775741281366,0,22,22,22,7,-17.1775741281366
01-Aug-2026 01:05:12,-145.747671253797,-17.6406843072814,0,22,22,22,7,-17.6406843072814
01-Aug-2026 01:05:14,-147.024312737446,-18.9173257909304,0,22,22,22,7,-18.9173257909304
01-Aug-2026 01:05:16,-148.051112726285,-19.9441257797696,0,22,22,22,7,-19.9441257797696
01-Aug-2026 01:05:18,-148.099574772983,-19.9925878264672,0,22,22,22,8,-19.9925878264672
01-Aug-2026 01:05:20,-148.539195405026,-20.4322084585099,0,22,22,22,7,-20.4322084585099
01-Aug-2026 01:05:22,-148.809688752149,-20.7027018056331,0,22,22,22,9,-20.7027018056331
01-Aug-2026 01:05:24,-149.495950282298,-21.3889633357818,0,22,22,22,9,-21.3889633357818
01-Aug-2026 01:05:26,-149.668761675321,-21.5617747288055,0,22,22,22,7,-21.5617747288055
01-Aug-2026 01:05:28,-150.506960223331,-22.3999732768147,0,22,22,22,7,-22.3999732768147
01-Aug-2026 01:05:30,-151.137440566199,-23.0304536196835,0,22,22,22,6,-23.0304536196835
01-Aug-2026 01:05:32,-151.29800507995,-23.1910181334346,0,22,22,22,6,-23.1910181334346
01-Aug-2026 01:05:34,-151.93282196215,-23.8258350156338,0,23,23,23,5,-23.8258350156338
01-Aug-2026 01:05:36,-151.596942843424,-23.489955896908,0,23,23,23,4,-23.489955896908
01-Aug-2026 01:05:38,-152.576447814122,-24.4694608676064,0,23,23,23,3,-24.4694608676064
01-Aug-2026 01:05:40,-152.908182134526,-24.8011951880104,0,23,23,23,3,-24.8011951880104
01-Aug-2026 01:05:42,-152.685689664895,-24.5787027183791,0,23,23,23,4,-24.5787027183791
01-Aug-2026 01:05:44,-153.788576018257,-25.6815890717407,0,23,23,23,4,-25.6815890717407
01-Aug-2026 01:05:46,-153.995143289478,-25.8881563429625,0,23,23,23,4,-25.8881563429625
01-Aug-2026 01:05:48,-154.151325025924,-26.0443380794078,0,23,23,23,4,-26.0443380794078
01-Aug-2026 01:05:50,-154.671236680266,-26.5642497337501,0,23,23,23,4,-26.5642497337501
01-Aug-2026 01:05:52,-155.168432783124,-27.0614458366086,0,22,22,22,4,-27.0614458366086
01-Aug-2026 01:05:54,-155.620284943038,-27.5132979965224,0,22,22,22,4,-27.5132979965224
01-Aug-2026 01:05:56,-155.356216131121,-27.2492291846051,0,22,22,22,3,-27.2492291846051
01-Aug-2026 01:05:58,-155.779846614756,-27.6728596682397,0,22,22,22,3,-27.6728596682397
01-Aug-2026 01:06:00,-155.061642390391,-26.9546554438747,0,22,22,22,3,-26.9546554438747
01-Aug-2026 01:06:02,-156.356043295177,-28.2490563486614,0,22,22,22,2,-28.2490563486614
01-Aug-2026 01:06:04,-156.36507353971,-28.2580865931946,0,22,22,22,2,-28.2580865931946
01-Aug-2026 01:06:06,-192.414849041086,-64.3078620945704,0,22,22,22,1,-64.3078620945704
01-Aug-2026 01:06:08,-192.431663391357,-64.324676444841,0,22,22,22,1,-64.324676444841
01-Aug-2026 01:06:10,-192.518467248568,-64.4114803020518,0,22,22,22,1,-64.4114803020518
01-Aug-2026 01:06:12,-192.489292371174,-64.3823054246585,0,23,23,23,1,-64.3823054246585
01-Aug-2026 01:06:14,-190.687475234485,-62.5804882879691,0,24,24,24,2,-62.5804882879691
01-Aug-2026 01:06:16,-190.679142164012,-62.5721552174961,0,24,24,24,2,-62.5721552174961
01-Aug-2026 01:06:18,-190.516867922882,-62.4098809763658,0,24,24,24,2,-62.4098809763658
01-Aug-2026 01:06:20,-190.941885768813,-62.8348988222971,0,24,24,24,2,-62.8348988222971
01-Aug-2026 01:06:22,-199.064626160532,-70.9576392140165,0,24,24,24,1,-70.9576392140165
01-Aug-2026 01:06:24,-192.436645461346,-64.3296585148302,0,24,24,24,2,-64.3296585148302
01-Aug-2026 01:06:26,-193.142285609659,-65.0352986631428,0,24,24,24,2,-65.0352986631428
01-Aug-2026 01:06:28,-198.676658625492,-70.569671678976,0,23,23,23,1,-70.569671678976
01-Aug-2026 01:06:30,-196.955863722541,-68.8488767760253,0,23,23,23,1,-68.8488767760253
01-Aug-2026 01:06:32,-191.755258266119,-63.6482713196032,0,24,24,24,2,-63.6482713196032
01-Aug-2026 01:06:34,-191.594341303498,-63.4873543569823,0,24,24,24,2,-63.4873543569823
01-Aug-2026 01:06:36,-191.065752811779,-62.9587658652634,0,24,24,24,2,-62.9587658652634
01-Aug-2026 01:06:38,-189.693788602616,-61.5868016561003,0,26,26,26,3,-61.5868016561003
01-Aug-2026 01:06:40,-189.885852240493,-61.7788652939768,0,26,26,26,3,-61.7788652939768
01-Aug-2026 01:06:42,-190.010797565663,-61.9038106191476,0,26,26,26,3,-61.9038106191476
01-Aug-2026 01:06:44,-189.827668663947,-61.7206817174307,0,26,26,26,4,-61.7206817174307
01-Aug-2026 01:06:46,-190.298698108149,-62.1917111616327,0,26,26,26,4,-62.1917111616327
01-Aug-2026 01:06:48,-167.446151767399,-39.3391648208833,0,26,26,26,5,-39.3391648208833
01-Aug-2026 01:06:50,-167.352372408392,-39.2453854618761,0,26,26,26,5,-39.2453854618761
01-Aug-2026 01:06:52,-167.668359562231,-39.5613726157152,0,25,25,25,5,-39.5613726157152
01-Aug-2026 01:06:54,-168.259796765807,-40.1528098192907,0,25,25,25,5,-40.1528098192907
01-Aug-2026 01:06:56,-168.697901941465,-40.5909149949495,0,25,25,25,6,-40.5909149949495
01-Aug-2026 01:06:58,-168.595185101379,-40.488198154863,0,25,25,25,6,-40.488198154863
01-Aug-2026 01:07:00,-168.750705659959,-40.6437187134431,0,25,25,25,5,-40.6437187134431
01-Aug-2026 01:07:02,-169.12641426673,-41.019427320214,0,25,25,25,4,-41.019427320214
01-Aug-2026 01:07:04,-169.249237096323,-41.1422501498075,0,25,25,25,5,-41.1422501498075
01-Aug-2026 01:07:06,-152.152391672424,-24.0454047259078,0,25,25,25,5,-24.0454047259078
01-Aug-2026 01:07:08,-152.566060109117,-24.4590731626011,0,25,25,25,5,-24.4590731626011
01-Aug-2026 01:07:10,-153.505476062073,-25.3984891155572,0,26,26,26,5,-25.3984891155572
01-Aug-2026 01:07:12,-154.518442309643,-26.4114553631269,0,26,26,26,6,-26.4114553631269
01-Aug-2026 01:07:14,-154.69546749015,-26.588480543634,0,26,26,26,6,-26.588480543634
01-Aug-2026 01:07:16,-155.102419854944,-26.9954329084278,0,26,26,26,5,-26.9954329084278
01-Aug-2026 01:07:18,-155.425600281716,-27.3186133351998,0,26,26,26,5,-27.3186133351998
01-Aug-2026 01:07:20,-156.097062853567,-27.9900759070507,0,26,26,26,5,-27.9900759070507
01-Aug-2026 01:07:22,-156.126151055014,-28.0191641084976,0,26,26,26,5,-28.0191641084976
01-Aug-2026 01:07:24,-154.938200300196,-26.8312133536803,0,26,26,26,6,-26.8312133536803
01-Aug-2026 01:07:26,-156.403786429353,-28.2967994828371,0,26,26,26,6,-28.2967994828371
01-Aug-2026 01:07:28,-156.456827756161,-28.3498408096456,0,25,25,25,6,-28.3498408096456
01-Aug-2026 01:07:30,-156.558137985368,-28.4511510388519,0,25,25,25,6,-28.4511510388519
01-Aug-2026 01:07:32,-156.729321722277,-28.6223347757614,0,25,25,25,7,-28.6223347757614
01-Aug-2026 01:07:34,-157.494991190583,-29.3880042440669,0,25,25,25,7,-29.3880042440669
01-Aug-2026 01:07:36,-177.403888838582,-49.2969018920663,0,25,25,25,6,-49.2969018920663
01-Aug-2026 01:07:38,-177.933752864593,-49.8267659180769,0,25,25,25,6,-49.8267659180769
01-Aug-2026 01:07:40,-177.992201155901,-49.8852142093847,0,25,25,25,6,-49.8852142093847
01-Aug-2026 01:07:42,-178.052893423866,-49.9459064773506,0,25,25,25,6,-49.9459064773506
01-Aug-2026 01:07:44,-178.273024039539,-50.1660370930236,0,25,25,25,6,-50.1660370930236
01-Aug-2026 01:07:46,-178.533005615784,-50.4260186692685,0,25,25,25,6,-50.4260186692685
01-Aug-2026 01:07:48,-178.300305713739,-50.1933187672228,0,25,25,25,5,-50.1933187672228
01-Aug-2026 01:07:50,-178.197918257724,-50.0909313112083,0,25,25,25,6,-50.0909313112083
01-Aug-2026 01:07:52,-178.054512870259,-49.9475259237429,0,25,25,25,7,-49.9475259237429
01-Aug-2026 01:07:54,-178.656383362152,-50.5493964156366,0,25,25,25,6,-50.5493964156366
01-Aug-2026 01:07:56,-178.508303393424,-50.401316446908,0,25,25,25,7,-50.401316446908
01-Aug-2026 01:07:58,-178.692223258487,-50.5852363119707,0,25,25,25,7,-50.5852363119707
01-Aug-2026 01:08:00,-161.601412381096,-33.4944254345803,0,25,25,25,9,-33.4944254345803
01-Aug-2026 01:08:02,-161.86494639362,-33.7579594471039,0,24,24,24,8,-33.7579594471039
01-Aug-2026 01:08:04,-161.049073858329,-32.9420869118135,0,24,24,24,7,-32.9420869118135
01-Aug-2026 01:08:06,-161.010549396982,-32.9035624504666,0,24,24,24,7,-32.9035624504666
01-Aug-2026 01:08:08,-160.816223762325,-32.709236815809,0,24,24,24,6,-32.709236815809
01-Aug-2026 01:08:10,-160.056393175476,-31.94940622896,0,24,24,24,7,-31.94940622896
01-Aug-2026 01:08:12,-160.472430279275,-32.3654433327592,0,24,24,24,6,-32.3654433327592
01-Aug-2026 01:08:14,-160.810632681307,-32.7036457347916,0,24,24,24,6,-32.7036457347916
01-Aug-2026 01:08:16,-160.312965596488,-32.2059786499723,0,24,24,24,7,-32.2059786499723
01-Aug-2026 01:08:18,-160.985528028257,-32.8785410817407,0,24,24,24,5,-32.8785410817407
01-Aug-2026 01:08:20,-160.833604574878,-32.7266176283626,0,24,24,24,5,-32.7266176283626
01-Aug-2026 01:08:22,-159.284090611806,-31.1771036652903,0,23,23,23,5,-31.1771036652903
01-Aug-2026 01:08:24,-159.079505116039,-30.972518169523,0,23,23,23,4,-30.972518169523
01-Aug-2026 01:08:26,-158.517646238937,-30.4106592924207,0,22,22,22,4,-30.4106592924207
01-Aug-2026 01:08:28,-158.074623804046,-29.9676368575298,0,22,22,22,4,-29.9676368575298
01-Aug-2026 01:08:30,-180.941910046171,-52.8349230996555,0,22,22,22,3,-52.8349230996555
01-Aug-2026 01:08:32,-181.176023093078,-53.0690361465626,0,22,22,22,2,-53.0690361465626
01-Aug-2026 01:08:34,-181.273292977023,-53.1663060305073,0,22,22,22,2,-53.1663060305073
01-Aug-2026 01:08:36,-166.998459257262,-38.8914723107466,0,22,22,22,3,-38.8914723107466
01-Aug-2026 01:08:38,-165.256028195582,-37.1490412490666,0,22,22,22,3,-37.1490412490666
01-Aug-2026 01:08:40,-164.900657906677,-36.7936709601611,0,22,22,22,3,-36.7936709601611
01-Aug-2026 01:08:42,-164.709692165848,-36.6027052193318,0,22,22,22,3,-36.6027052193318
01-Aug-2026 01:08:44,-164.217446131644,-36.1104591851278,0,22,22,22,4,-36.1104591851278
01-Aug-2026 01:08:46,-164.20323847922,-36.0962515327043,0,22,22,22,5,-36.0962515327043
01-Aug-2026 01:08:48,-164.539768940413,-36.4327819938967,0,23,23,23,5,-36.4327819938967
01-Aug-2026 01:08:50,-164.662362157904,-36.5553752113886,0,24,24,24,5,-36.5553752113886
01-Aug-2026 01:08:52,-164.740641131831,-36.6336541853148,0,24,24,24,5,-36.6336541853148
01-Aug-2026 01:08:54,-166.208102396785,-38.101115450269,0,22,22,22,4,-38.101115450269
01-Aug-2026 01:08:56,-165.75148411356,-37.6444971670441,0,22,22,22,4,-37.6444971670441
01-Aug-2026 01:08:58,-166.076522881616,-37.9695359350997,0,22,22,22,4,-37.9695359350997
01-Aug-2026 01:09:00,-165.157210874493,-37.0502239279771,0,22,22,22,4,-37.0502239279771
01-Aug-2026 01:09:02,-164.887105442809,-36.7801184962928,0,22,22,22,4,-36.7801184962928
01-Aug-2026 01:09:04,-165.062787584033,-36.9558006375168,0,22,22,22,4,-36.9558006375168
01-Aug-2026 01:09:06,-164.582040399585,-36.4750534530692,0,22,22,22,4,-36.4750534530692
01-Aug-2026 01:09:08,-164.209845311078,-36.1028583645626,0,22,22,22,4,-36.1028583645626
01-Aug-2026 01:09:10,-163.97406665402,-35.8670797075039,0,22,22,22,4,-35.8670797075039
01-Aug-2026 01:09:12,-164.389552465033,-36.2825655185172,0,22,22,22,5,-36.2825655185172
01-Aug-2026 01:09:14,-163.832523931552,-35.7255369850362,0,22,22,22,5,-35.7255369850362
01-Aug-2026 01:09:16,-161.732375534087,-33.625388587571,0,22,22,22,7,-33.625388587571
01-Aug-2026 01:09:18,-161.953072700898,-33.8460857543819,0,23,23,23,7,-33.8460857543819
01-Aug-2026 01:09:20,-167.087384426717,-38.9803974802012,0,23,23,23,6,-38.9803974802012
01-Aug-2026 01:09:22,-167.700149427871,-39.593162481355,0,23,23,23,7,-39.593162481355
01-Aug-2026 01:09:24,-167.543613787877,-39.4366268413616,0,23,23,23,7,-39.4366268413616
01-Aug-2026 01:09:26,-168.779495147149,-40.6725082006328,0,23,23,23,8,-40.6725082006328
01-Aug-2026 01:09:28,-169.228957552832,-41.1219706063162,0,23,23,23,8,-41.1219706063162
01-Aug-2026 01:09:30,-169.574245709925,-41.4672587634095,0,23,23,23,7,-41.4672587634095
01-Aug-2026 01:09:32,-169.430089697531,-41.3231027510149,0,23,23,23,7,-41.3231027510149
01-Aug-2026 01:09:34,-169.371852083203,-41.2648651366875,0,23,23,23,8,-41.2648651366875
01-Aug-2026 01:09:36,-182.407547594574,-54.3005606480579,0,23,23,23,7,-54.3005606480579
01-Aug-2026 01:09:38,-165.5494886104,-37.4425016638843,0,23,23,23,7,-37.4425016638843
01-Aug-2026 01:09:40,-162.376748746883,-34.2697618003674,0,23,23,23,8,-34.2697618003674
01-Aug-2026 01:09:42,-164.992117319219,-36.8851303727033,0,22,22,22,7,-36.8851303727033
01-Aug-2026 01:09:44,-165.505467411032,-37.3984804645166,0,22,22,22,7,-37.3984804645166
01-Aug-2026 01:09:46,-165.314145056596,-37.2071581100806,0,22,22,22,7,-37.2071581100806
01-Aug-2026 01:09:48,-165.833495640526,-37.7265086940104,0,22,22,22,7,-37.7265086940104
01-Aug-2026 01:09:50,-166.414452865284,-38.3074659187685,0,22,22,22,6,-38.3074659187685
01-Aug-2026 01:09:52,-182.701907143442,-54.5949201969259,0,22,22,22,5,-54.5949201969259
01-Aug-2026 01:09:54,-187.109703150194,-59.0027162036786,0,22,22,22,4,-59.0027162036786
01-Aug-2026 01:09:56,-185.439915761564,-57.3329288150479,0,22,22,22,5,-57.3329288150479
01-Aug-2026 01:09:58,-185.241510267781,-57.1345233212654,0,22,22,22,5,-57.1345233212654
01-Aug-2026 01:10:00,-166.241479245799,-38.134492299283,0,23,23,23,5,-38.134492299283
01-Aug-2026 01:10:02,-166.847327918265,-38.7403409717488,0,23,23,23,5,-38.7403409717488
01-Aug-2026 01:10:04,-167.066749776431,-38.9597628299153,0,23,23,23,4,-38.9597628299153
01-Aug-2026 01:10:06,-156.272137724436,-28.1651507779197,0,24,24,24,5,-28.1651507779197
01-Aug-2026 01:10:08,-156.738316470321,-28.6313295238048,0,24,24,24,6,-28.6313295238048
01-Aug-2026 01:10:10,-157.771444925374,-29.6644579788585,0,24,24,24,7,-29.6644579788585
01-Aug-2026 01:10:12,-157.766350437982,-29.6593634914657,0,24,24,24,7,-29.6593634914657
01-Aug-2026 01:10:14,-157.316990251992,-29.2100033054759,0,25,25,25,7,-29.2100033054759
01-Aug-2026 01:10:16,-157.354909347276,-29.2479224007605,0,25,25,25,8,-29.2479224007605
01-Aug-2026 01:10:18,-158.21947084267,-30.112483896154,0,25,25,25,8,-30.112483896154
01-Aug-2026 01:10:20,-158.616655941005,-30.5096689944896,0,25,25,25,7,-30.5096689944896
01-Aug-2026 01:10:22,-158.892612646926,-30.7856257004102,0,24,24,24,8,-30.7856257004102
01-Aug-2026 01:10:24,-159.608195333438,-31.5012083869218,0,24,24,24,9,-31.5012083869218
01-Aug-2026 01:10:26,-159.543256550203,-31.4362696036876,0,24,24,24,8,-22.4829107781333
01-Aug-2026 01:10:28,-159.934201756608,-31.8272148100922,0,26,26,26,9,-23.7628193266527
01-Aug-2026 01:10:30,-152.326742238762,-24.2197552922461,0,26,26,26,9,-24.2197552922461
01-Aug-2026 01:10:32,-153.22655326088,-25.1195663143643,0,26,26,26,9,-25.1195663143643
01-Aug-2026 01:10:34,-153.346719706157,-25.2397327596413,0,26,26,26,10,-25.2397327596413
01-Aug-2026 01:10:36,-153.959396533404,-25.8524095868885,0,26,26,26,11,-25.8524095868885
01-Aug-2026 01:10:38,-154.087523243884,-25.9805362973685,0,26,26,26,10,-25.9805362973685
01-Aug-2026 01:10:40,-154.770772677334,-26.6637857308179,0,26,26,26,9,-26.6637857308179
01-Aug-2026 01:10:42,-155.89458238029,-27.7875954337739,0,25,25,25,9,-27.7875954337739
01-Aug-2026 01:10:44,-157.676697063562,-29.5697101170458,0,25,25,25,6,-29.5697101170458
01-Aug-2026 01:10:46,-158.251249700722,-30.1442627542058,0,25,25,25,6,-30.1442627542058
01-Aug-2026 01:10:48,-158.650150759925,-30.543163813409,0,25,25,25,6,-30.543163813409
01-Aug-2026 01:10:50,-158.547548527664,-30.4405615811482,0,25,25,25,6,-30.4405615811482
01-Aug-2026 01:10:52,-159.804570110164,-31.6975831636482,0,25,25,25,6,-31.6975831636482
01-Aug-2026 01:10:54,-159.697273046467,-31.5902860999512,0,25,25,25,6,-31.5902860999512
01-Aug-2026 01:10:56,-159.747367746395,-31.6403807998793,0,25,25,25,7,-31.6403807998793
01-Aug-2026 01:10:58,-160.711269350525,-32.6042824040096,0,26,26,26,7,-32.6042824040096
01-Aug-2026 01:11:00,-160.839243165022,-32.732256218506,0,26,26,26,5,-32.732256218506
01-Aug-2026 01:11:02,-161.659706151661,-33.5527192051447,0,26,26,26,5,-33.5527192051447
01-Aug-2026 01:11:04,-161.657797671338,-33.5508107248224,0,26,26,26,5,-33.5508107248224
01-Aug-2026 01:11:06,-161.928710765655,-33.8217238191391,0,26,26,26,5,-33.8217238191391
01-Aug-2026 01:11:08,-161.607203435062,-33.5002164885459,0,26,26,26,5,-33.5002164885459
01-Aug-2026 01:11:10,-162.501173844704,-34.3941868981884,0,26,26,26,5,-34.3941868981884
01-Aug-2026 01:11:12,-163.096835458743,-34.9898485122267,0,26,26,26,4,-34.9898485122267
01-Aug-2026 01:11:14,-163.908057427266,-35.8010704807503,0,26,26,26,3,-35.8010704807503
01-Aug-2026 01:11:16,-182.883271485093,-54.7762845385776,0,25,25,25,2,-54.7762845385776
01-Aug-2026 01:11:18,-181.536726467576,-53.42973952106,0,25,25,25,3,-53.42973952106
01-Aug-2026 01:11:20,-182.240961373857,-54.1339744273414,0,25,25,25,3,-54.1339744273414
01-Aug-2026 01:11:22,-181.937855774877,-53.8308688283612,0,25,25,25,4,-53.8308688283612
01-Aug-2026 01:11:24,-171.422711929343,-43.315724982827,0,25,25,25,5,-43.315724982827
01-Aug-2026 01:11:26,-171.68196209838,-43.5749751518642,0,25,25,25,5,-43.5749751518642
01-Aug-2026 01:11:28,-171.903386818265,-43.7963998717491,0,25,25,25,7,-43.7963998717491
01-Aug-2026 01:11:30,-171.436838960303,-43.3298520137868,0,25,25,25,7,-43.3298520137868
01-Aug-2026 01:11:32,-171.433936691181,-43.3269497446656,0,25,25,25,5,-43.3269497446656
01-Aug-2026 01:11:34,-171.370536933612,-43.2635499870961,0,25,25,25,5,-43.2635499870961
01-Aug-2026 01:11:36,-183.913062085218,-55.8060751387023,0,25,25,25,4,-55.8060751387023
01-Aug-2026 01:11:38,-184.958413051679,-56.8514261051633,0,25,25,25,3,-56.8514261051633
01-Aug-2026 01:11:40,-185.263690812883,-57.1567038663676,0,25,25,25,3,-57.1567038663676
01-Aug-2026 01:11:42,-185.687317513068,-57.5803305665523,0,25,25,25,3,-57.5803305665523
01-Aug-2026 01:11:44,-185.811268717197,-57.7042817706813,0,25,25,25,3,-57.7042817706813
01-Aug-2026 01:11:46,-184.553305222342,-56.4463182758262,0,25,25,25,4,-56.4463182758262
01-Aug-2026 01:11:48,-184.484190164882,-56.3772032183664,0,25,25,25,4,-56.3772032183664
01-Aug-2026 01:11:50,-184.712740283961,-56.6057533374451,0,25,25,25,4,-56.6057533374451
01-Aug-2026 01:11:52,-172.177894189878,-44.0709072433619,0,24,24,24,6,-44.0709072433619
01-Aug-2026 01:11:54,-172.448589130104,-44.3416021835877,0,24,24,24,5,-44.3416021835877
01-Aug-2026 01:11:56,-172.771124728417,-44.6641377819014,0,24,24,24,4,-44.6641377819014
01-Aug-2026 01:11:58,-173.272669818926,-45.16568287241,0,24,24,24,4,-45.16568287241
01-Aug-2026 01:12:00,-172.959137050577,-44.8521501040616,0,23,23,23,4,-44.8521501040616
01-Aug-2026 01:12:02,-185.44043207635,-57.3334451298346,0,23,23,23,3,-57.3334451298346
01-Aug-2026 01:12:04,-185.706891176089,-57.5999042295734,0,23,23,23,2,-57.5999042295734
01-Aug-2026 01:12:06,-185.501884699972,-57.3948977534559,0,24,24,24,2,-57.3948977534559
01-Aug-2026 01:12:08,-185.765628595359,-57.6586416488435,0,24,24,24,2,-57.6586416488435
01-Aug-2026 01:12:10,-185.711155988866,-57.6041690423505,0,23,23,23,2,-57.6041690423505
01-Aug-2026 01:12:12,-185.771841476161,-57.6648545296454,0,23,23,23,2,-57.6648545296454
01-Aug-2026 01:12:14,-185.463207573967,-57.3562206274513,0,22,22,22,2,-57.3562206274513
01-Aug-2026 01:12:16,-171.436511980213,-43.3295250336968,0,22,22,22,5,-43.3295250336968
01-Aug-2026 01:12:18,-161.367298698014,-33.2603117514983,0,22,22,22,6,-33.2603117514983
01-Aug-2026 01:12:20,-161.804769790835,-33.6977828443189,0,22,22,22,6,-33.6977828443189
01-Aug-2026 01:12:22,-162.11642013914,-34.0094331926241,0,22,22,22,5,-34.0094331926241
01-Aug-2026 01:12:24,-161.5900622291,-33.483075282584,0,22,22,22,6,-33.483075282584
01-Aug-2026 01:12:26,-162.331335202365,-34.2243482558488,0,22,22,22,6,-34.2243482558488
01-Aug-2026 01:12:28,-162.40977826906,-34.3027913225446,0,22,22,22,6,-34.3027913225446
01-Aug-2026 01:12:30,-162.559774188182,-34.4527872416665,0,22,22,22,6,-34.4527872416665
01-Aug-2026 01:12:32,-162.874999955036,-34.7680130085204,0,22,22,22,5,-34.7680130085204
01-Aug-2026 01:12:34,-164.916099438349,-36.8091124918328,0,22,22,22,5,-36.8091124918328
01-Aug-2026 01:12:36,-165.176339811932,-37.0693528654164,0,23,23,23,4,-37.0693528654164
01-Aug-2026 01:12:38,-174.307761031883,-46.2007740853667,0,23,23,23,3,-46.2007740853667
01-Aug-2026 01:12:40,-188.63228546672,-60.5252985202043,0,22,22,22,2,-60.5252985202043
01-Aug-2026 01:12:42,-188.064817136491,-59.957830189975,0,22,22,22,2,-59.957830189975
01-Aug-2026 01:12:44,-187.581198559826,-59.4742116133104,0,21,21,21,2,-59.4742116133104
01-Aug-2026 01:12:46,-158.753680463173,-30.6466935166573,0,22,22,22,3,-30.6466935166573
01-Aug-2026 01:12:48,-158.801913692375,-30.6949267458594,0,22,22,22,1,-30.6949267458594
01-Aug-2026 01:12:50,-158.130456297665,-30.0234693511487,0,22,22,22,1,-30.0234693511487
01-Aug-2026 01:12:52,-157.687654276536,-29.5806673300204,0,22,22,22,2,-29.5806673300204
01-Aug-2026 01:12:54,-157.241224065316,-29.1342371187997,0,22,22,22,2,-29.1342371187997
01-Aug-2026 01:12:56,-157.247685839774,-29.1406988932582,0,22,22,22,3,-29.1406988932582
01-Aug-2026 01:12:58,-193.276096854444,-65.1691099079283,0,22,22,22,2,-65.1691099079283
01-Aug-2026 01:13:00,-193.286027316654,-65.1790403701385,0,22,22,22,2,-65.1790403701385
01-Aug-2026 01:13:02,-193.984441035534,-65.8774540890185,0,22,22,22,2,-65.8774540890185
01-Aug-2026 01:13:04,-190.100606952831,-61.9936200063156,0,23,23,23,2,-61.9936200063156
01-Aug-2026 01:13:06,-145.351171509987,-17.2441845634706,0,23,23,23,3,-17.2441845634706
01-Aug-2026 01:13:08,-144.303668227783,-16.196681281267,0,23,23,23,3,-16.196681281267
01-Aug-2026 01:13:10,-139.361834682402,-11.254847735886,0,23,23,23,3,-11.254847735886
01-Aug-2026 01:13:12,-139.194123243736,-11.08713629722,0,23,23,23,2,-11.08713629722
01-Aug-2026 01:13:14,-139.131883181472,-11.0248962349557,0,23,23,23,2,-11.0248962349557
01-Aug-2026 01:13:16,-166.153055136863,-38.0460681903468,0,23,23,23,2,-11.2344633019046
01-Aug-2026 01:13:18,-157.72723330806,-29.6202463615444,0,23,23,23,3,-29.6202463615444
01-Aug-2026 01:13:20,-157.349713773334,-29.2427268268185,0,23,23,23,3,-29.2427268268185
01-Aug-2026 01:13:22,-155.089172573858,-26.9821856273417,0,23,23,23,5,-26.9821856273417
01-Aug-2026 01:13:24,-155.243000558347,-27.1360136118308,0,23,23,23,5,-27.1360136118308
01-Aug-2026 01:13:26,-155.382886921664,-27.2758999751477,0,23,23,23,6,-27.2758999751477
01-Aug-2026 01:13:28,-154.877168082864,-26.7701811363481,0,23,23,23,6,-26.7701811363481
01-Aug-2026 01:13:30,-155.006004430057,-26.899017483541,0,23,23,23,6,-26.899017483541
01-Aug-2026 01:13:32,-161.760885746515,-33.6538987999989,0,22,22,22,5,-33.6538987999989
01-Aug-2026 01:13:34,-161.675026929825,-33.5680399833089,0,22,22,22,5,-33.5680399833089
01-Aug-2026 01:13:36,-161.760488089768,-33.6535011432518,0,22,22,22,5,-33.6535011432518
01-Aug-2026 01:13:38,-162.236961119403,-34.1299741728873,0,22,22,22,6,-34.1299741728873
01-Aug-2026 01:13:40,-162.556297080158,-34.4493101336425,0,23,23,23,6,-34.4493101336425
01-Aug-2026 01:13:42,-162.673628869475,-34.5666419229593,0,23,23,23,5,-34.5666419229593
01-Aug-2026 01:13:44,-162.695036488743,-34.5880495422275,0,23,23,23,5,-34.5880495422275
01-Aug-2026 01:13:46,-155.924051110564,-27.8170641640477,0,23,23,23,6,-27.8170641640477
01-Aug-2026 01:13:48,-156.483502549717,-28.3765156032015,0,24,24,24,6,-28.3765156032015
01-Aug-2026 01:13:50,-156.432166930868,-28.3251799843522,0,24,24,24,6,-28.3251799843522
01-Aug-2026 01:13:52,-156.661713639545,-28.5547266930296,0,24,24,24,7,-28.5547266930296
01-Aug-2026 01:13:54,-156.495127322752,-28.3881403762362,0,24,24,24,7,-28.3881403762362
01-Aug-2026 01:13:56,-157.21085055054,-29.1038636040238,0,25,25,25,6,-29.1038636040238
01-Aug-2026 01:13:58,-157.058531398368,-28.9515444518518,0,26,26,26,6,-28.9515444518518
01-Aug-2026 01:14:00,-164.922305023197,-36.815318076681,0,26,26,26,4,-36.815318076681
01-Aug-2026 01:14:02,-164.501829138926,-36.3948421924102,0,26,26,26,5,-36.3948421924102
01-Aug-2026 01:14:04,-164.345845050137,-36.2388581036207,0,26,26,26,5,-36.2388581036207
01-Aug-2026 01:14:06,-165.251485883457,-37.1444989369407,0,26,26,26,5,-37.1444989369407
01-Aug-2026 01:14:08,-166.527049549385,-38.4200626028696,0,26,26,26,5,-38.4200626028696
01-Aug-2026 01:14:10,-167.006088605629,-38.8991016591128,0,26,26,26,5,-38.8991016591128
01-Aug-2026 01:14:12,-166.669896076238,-38.5629091297219,0,26,26,26,5,-38.5629091297219
01-Aug-2026 01:14:14,-166.488931616972,-38.3819446704566,0,26,26,26,5,-24.8405832186855
01-Aug-2026 01:14:16,-153.744419273548,-25.6374323270319,0,25,25,25,4,-25.6374323270319
01-Aug-2026 01:14:18,-154.397848969935,-26.2908620234192,0,26,26,26,4,-26.2908620234192
01-Aug-2026 01:14:20,-154.703033556234,-26.5960466097186,0,27,27,27,4,-26.5960466097186
01-Aug-2026 01:14:22,-156.421465958646,-28.3144790121297,0,27,27,27,3,-28.3144790121297
01-Aug-2026 01:14:24,-163.223581126245,-35.116594179729,0,27,27,27,3,-35.116594179729
01-Aug-2026 01:14:26,-163.103873582904,-34.9968866363884,0,27,27,27,4,-34.9968866363884
01-Aug-2026 01:14:28,-163.513789077416,-35.4068021309,0,27,27,27,4,-35.4068021309
01-Aug-2026 01:14:30,-163.472542535603,-35.365555589087,0,27,27,27,5,-35.365555589087
01-Aug-2026 01:14:32,-182.770317820016,-54.6633308735004,0,26,26,26,5,-54.6633308735004
01-Aug-2026 01:14:34,-164.964492553825,-36.857505607309,0,26,26,26,5,-36.857505607309
01-Aug-2026 01:14:36,-165.588562923947,-37.481575977431,0,26,26,26,6,-37.481575977431
01-Aug-2026 01:14:38,-165.894122615578,-37.7871356690619,0,26,26,26,5,-37.7871356690619
01-Aug-2026 01:14:40,-187.095841667007,-58.9888547204912,0,26,26,26,3,-58.9888547204912
01-Aug-2026 01:14:42,-163.483826871626,-35.3768399251098,0,25,25,25,4,-35.3768399251098
01-Aug-2026 01:14:44,-163.66893774064,-35.5619507941238,0,25,25,25,4,-35.5619507941238
01-Aug-2026 01:14:46,-162.826131943924,-34.7191449974081,0,25,25,25,5,-34.7191449974081
01-Aug-2026 01:14:48,-162.921198465804,-34.8142115192878,0,26,26,26,5,-34.8142115192878
01-Aug-2026 01:14:50,-161.233876415728,-33.1268894692122,0,26,26,26,4,-33.1268894692122
01-Aug-2026 01:14:52,-160.387710899009,-32.2807239524935,0,26,26,26,4,-32.2807239524935
01-Aug-2026 01:14:54,-159.721758127459,-31.6147711809436,0,26,26,26,3,-31.6147711809436
01-Aug-2026 01:14:56,-159.271662604783,-31.1646756582666,0,26,26,26,4,-31.1646756582666
01-Aug-2026 01:14:58,-158.825823033261,-30.7188360867448,0,26,26,26,4,-30.7188360867448
01-Aug-2026 01:15:00,-157.909951569257,-29.8029646227413,0,26,26,26,5,-29.8029646227413
01-Aug-2026 01:15:02,-156.779697671086,-28.6727107245698,0,26,26,26,5,-28.6727107245698
01-Aug-2026 01:15:04,-155.702892153088,-27.5959052065725,0,26,26,26,7,-27.5959052065725
01-Aug-2026 01:15:06,-154.581911064321,-26.4749241178056,0,25,25,25,6,-26.4749241178056
01-Aug-2026 01:15:08,-153.253506186459,-25.1465192399431,0,25,25,25,6,-25.1465192399431
01-Aug-2026 01:15:10,-152.60134834351,-24.4943613969946,0,25,25,25,6,-24.4943613969946
01-Aug-2026 01:15:12,-151.311224144472,-23.2042371979564,0,25,25,25,6,-23.2042371979564
01-Aug-2026 01:15:14,-173.490688616378,-45.3837016698619,0,25,25,25,4,-45.3837016698619
01-Aug-2026 01:15:16,-174.170262105815,-46.0632751592996,0,25,25,25,4,-46.0632751592996
01-Aug-2026 01:15:18,-173.937607906602,-45.830620960086,0,25,25,25,2,-45.830620960086
01-Aug-2026 01:15:20,-173.895084719254,-45.7880977727386,0,25,25,25,2,-45.7880977727386
01-Aug-2026 01:15:22,-174.326222128034,-46.2192351815177,0,25,25,25,2,-46.2192351815177
01-Aug-2026 01:15:24,-174.615166315197,-46.508179368681,0,25,25,25,2,-46.508179368681
01-Aug-2026 01:15:26,-174.766526393429,-46.6595394469132,0,25,25,25,2,-46.6595394469132
01-Aug-2026 01:15:28,-175.197573504533,-47.090586558017,0,25,25,25,2,-47.090586558017
01-Aug-2026 01:15:30,-175.594922947439,-47.487936000923,0,25,25,25,2,-47.487936000923
01-Aug-2026 01:15:32,-176.105404859094,-47.9984179125777,0,25,25,25,2,-47.9984179125777
01-Aug-2026 01:15:34,-184.285162251876,-56.17817530536,0,25,25,25,1,-56.17817530536
01-Aug-2026 01:15:36,-184.367788595974,-56.2608016494581,0,25,25,25,1,-56.2608016494581
01-Aug-2026 01:15:38,-183.620948799779,-55.5139618532628,0,25,25,25,3,-55.5139618532628
01-Aug-2026 01:15:40,-193.711422862253,-65.6044359157376,0,24,24,24,1,-65.6044359157376
01-Aug-2026 01:15:42,-186.285552954923,-58.1785660084075,0,23,23,23,1,-58.1785660084075
01-Aug-2026 01:15:44,-186.081694910535,-57.9747079640189,0,23,23,23,2,-57.9747079640189
01-Aug-2026 01:15:46,-186.554678667231,-58.4476917207155,0,23,23,23,2,-58.4476917207155
01-Aug-2026 01:15:48,-186.220067881882,-58.1130809353658,0,23,23,23,1,-58.1130809353658
01-Aug-2026 01:15:50,-171.51853705242,-43.4115501059039,0,23,23,23,2,-43.4115501059039
01-Aug-2026 01:15:52,-170.823109784412,-42.7161228378963,0,23,23,23,2,-42.7161228378963
01-Aug-2026 01:15:54,-171.079962048107,-42.9729751015909,0,23,23,23,3,-42.9729751015909
01-Aug-2026 01:15:56,-171.421788783607,-43.3148018370916,0,23,23,23,3,-43.3148018370916
01-Aug-2026 01:15:58,-171.159510654693,-43.0525237081775,0,23,23,23,3,-43.0525237081775
01-Aug-2026 01:16:00,-171.360887522913,-43.2539005763974,0,23,23,23,4,-43.2539005763974
01-Aug-2026 01:16:02,-167.371652282006,-39.2646653354906,0,23,23,23,5,-39.2646653354906
01-Aug-2026 01:16:04,-170.889145534497,-42.7821585879815,0,22,22,22,4,-42.7821585879815
01-Aug-2026 01:16:06,-170.853180162426,-42.7461932159103,0,22,22,22,4,-42.7461932159103
01-Aug-2026 01:16:08,-170.822814739556,-42.7158277930403,0,22,22,22,4,-42.7158277930403
01-Aug-2026 01:16:10,-171.168322410566,-43.0613354640506,0,22,22,22,5,-43.0613354640506
01-Aug-2026 01:16:12,-171.482160630082,-43.3751736835657,0,22,22,22,5,-43.3751736835657
01-Aug-2026 01:16:14,-171.239976711553,-43.1329897650369,0,22,22,22,5,-43.1329897650369
01-Aug-2026 01:16:16,-171.380026918155,-43.2730399716389,0,22,22,22,6,-43.2730399716389
01-Aug-2026 01:16:18,-171.398366764762,-43.2913798182465,0,22,22,22,7,-43.2913798182465
01-Aug-2026 01:16:20,-171.029929070526,-42.9229421240105,0,22,22,22,7,-42.9229421240105
01-Aug-2026 01:16:22,-171.25011991626,-43.1431329697443,0,22,22,22,7,-43.1431329697443
01-Aug-2026 01:16:24,-179.82161204007,-51.7146250935538,0,21,21,21,6,-51.7146250935538
01-Aug-2026 01:16:26,-179.807501756728,-51.7005148102124,0,22,22,22,7,-51.7005148102124
01-Aug-2026 01:16:28,-179.882070272327,-51.775083325811,0,22,22,22,6,-51.775083325811
01-Aug-2026 01:16:30,-179.702252320533,-51.5952653740173,0,22,22,22,6,-33.130370958279
01-Aug-2026 01:16:32,-181.89569514741,-53.7887082008937,0,22,22,22,5,-34.3438477111201
01-Aug-2026 01:16:34,-181.514109044828,-53.407122098312,0,21,21,21,4,-32.2514017671271
01-Aug-2026 01:16:36,-192.561934518854,-64.4549475723378,0,21,21,21,3,-32.2094147285357
01-Aug-2026 01:16:38,-177.564476226626,-49.4574892801097,0,22,22,22,5,-32.5885967960282
01-Aug-2026 01:16:40,-161.286008113608,-33.1790211670922,0,22,22,22,5,-33.1790211670922
01-Aug-2026 01:16:42,-161.580347773024,-33.4733608265082,0,23,23,23,5,-33.4733608265082
01-Aug-2026 01:16:44,-161.502839710466,-33.3958527639502,0,23,23,23,5,-33.3958527639502
01-Aug-2026 01:16:46,-161.512952293607,-33.4059653470907,0,23,23,23,5,-33.4059653470907
01-Aug-2026 01:16:48,-161.449346824574,-33.3423598780578,0,23,23,23,6,-33.3423598780578
01-Aug-2026 01:16:50,-161.56492095418,-33.457934007664,0,24,24,24,6,-33.457934007664
01-Aug-2026 01:16:52,-162.204158204419,-34.0971712579036,0,24,24,24,6,-34.0971712579036
01-Aug-2026 01:16:54,-159.161297482422,-31.0543105359063,0,24,24,24,6,-31.0543105359063
01-Aug-2026 01:16:56,-159.581751326392,-31.4747643798766,0,24,24,24,6,-31.4747643798766
01-Aug-2026 01:16:58,-160.081599881493,-31.9746129349767,0,24,24,24,6,-31.9746129349767
01-Aug-2026 01:17:00,-159.890267547848,-31.7832806013326,0,24,24,24,6,-31.7832806013326
01-Aug-2026 01:17:02,-160.20110779458,-32.0941208480646,0,24,24,24,6,-32.0941208480646
01-Aug-2026 01:17:04,-160.222122768774,-32.1151358222579,0,24,24,24,6,-32.1151358222579
01-Aug-2026 01:17:06,-161.167250814751,-33.0602638682351,0,24,24,24,4,-33.0602638682351
01-Aug-2026 01:17:08,-160.358532664874,-32.2515457183579,0,24,24,24,3,-32.2515457183579
01-Aug-2026 01:17:10,-160.027640185579,-31.9206532390633,0,24,24,24,3,-31.9206532390633
01-Aug-2026 01:17:12,-160.427375617903,-32.3203886713875,0,24,24,24,2,-32.3203886713875
01-Aug-2026 01:17:14,-160.335155749293,-32.2281688027776,0,24,24,24,2,-32.2281688027776
01-Aug-2026 01:17:16,-176.263781959366,-48.15679501285,0,24,24,24,2,-48.15679501285
01-Aug-2026 01:17:18,-176.1408185118,-48.0338315652841,0,24,24,24,3,-48.0338315652841
01-Aug-2026 01:17:20,-176.575095686523,-48.468108740007,0,24,24,24,3,-48.468108740007
01-Aug-2026 01:17:22,-175.563109083135,-47.4561221366193,0,23,23,23,4,-47.4561221366193
01-Aug-2026 01:17:24,-163.169379405444,-35.0623924589277,0,23,23,23,4,-35.0623924589277
01-Aug-2026 01:17:26,-163.279337764923,-35.1723508184069,0,23,23,23,5,-35.1723508184069
01-Aug-2026 01:17:28,-162.919942120136,-34.8129551736199,0,23,23,23,5,-34.8129551736199
01-Aug-2026 01:17:30,-162.678741635357,-34.5717546888408,0,23,23,23,5,-34.5717546888408
01-Aug-2026 01:17:32,-163.178366396506,-35.0713794499902,0,23,23,23,5,-35.0713794499902
01-Aug-2026 01:17:34,-163.989127393602,-35.8821404470862,0,23,23,23,5,-35.8821404470862
01-Aug-2026 01:17:36,-163.868257575365,-35.7612706288486,0,24,24,24,5,-35.7612706288486
01-Aug-2026 01:17:38,-163.335969705964,-35.2289827594484,0,24,24,24,5,-35.2289827594484
01-Aug-2026 01:17:40,-164.033631577162,-35.9266446306457,0,24,24,24,5,-35.9266446306457
01-Aug-2026 01:17:42,-164.503249105257,-36.3962621587416,0,24,24,24,4,-36.3962621587416
01-Aug-2026 01:17:44,-164.912560249762,-36.8055733032457,0,25,25,25,5,-36.8055733032457
01-Aug-2026 01:17:46,-165.216603324072,-37.1096163775566,0,25,25,25,5,-37.1096163775566
01-Aug-2026 01:17:48,-165.882001064825,-37.7750141183095,0,26,26,26,6,-37.7750141183095
01-Aug-2026 01:17:50,-165.854577403755,-37.7475904572388,0,26,26,26,6,-37.7475904572388
01-Aug-2026 01:17:52,-165.587525416372,-37.4805384698566,0,26,26,26,7,-37.4805384698566
01-Aug-2026 01:17:54,-165.375399475268,-37.2684125287519,0,26,26,26,9,-37.2684125287519
01-Aug-2026 01:17:56,-165.549647200695,-37.4426602541792,0,26,26,26,9,-37.4426602541792
01-Aug-2026 01:17:58,-165.625201621697,-37.518214675181,0,26,26,26,9,-37.518214675181
01-Aug-2026 01:18:00,-165.959729665087,-37.8527427185714,0,26,26,26,9,-37.8527427185714
01-Aug-2026 01:18:02,-166.240608977523,-38.1336220310067,0,26,26,26,9,-38.1336220310067
01-Aug-2026 01:18:04,-166.33616036448,-38.2291734179641,0,26,26,26,10,-38.2291734179641
01-Aug-2026 01:18:06,-164.759799593965,-36.6528126474487,0,26,26,26,10,-36.6528126474487
01-Aug-2026 01:18:08,-166.885037046926,-38.7780501004106,0,27,27,27,9,-38.7780501004106
01-Aug-2026 01:18:10,-167.474775243176,-39.3677882966597,0,27,27,27,6,-39.3677882966597
01-Aug-2026 01:18:12,-166.962802617941,-38.8558156714248,0,27,27,27,6,-38.8558156714248
01-Aug-2026 01:18:14,-166.605698475935,-38.4987115294194,0,27,27,27,5,-38.4987115294194
01-Aug-2026 01:18:16,-166.833206557654,-38.7262196111386,0,27,27,27,5,-38.7262196111386
01-Aug-2026 01:18:18,-164.885762990688,-36.7787760441726,0,27,27,27,4,-36.7787760441726
01-Aug-2026 01:18:20,-165.207846533044,-37.1008595865283,0,27,27,27,4,-37.1008595865283
01-Aug-2026 01:18:22,-165.300962820914,-37.1939758743978,0,27,27,27,4,-37.1939758743978
01-Aug-2026 01:18:24,-165.190434104833,-37.0834471583169,0,26,26,26,4,-37.0834471583169
01-Aug-2026 01:18:26,-165.248420161798,-37.1414332152826,0,26,26,26,3,-37.1414332152826
01-Aug-2026 01:18:28,-165.94290546698,-37.8359185204643,0,26,26,26,4,-37.8359185204643
01-Aug-2026 01:18:30,-165.809137025094,-37.7021500785778,0,26,26,26,5,-37.7021500785778
01-Aug-2026 01:18:32,-166.047866951364,-37.940880004848,0,26,26,26,5,-37.940880004848
01-Aug-2026 01:18:34,-169.294947957177,-41.1879610106614,0,26,26,26,3,-41.1879610106614
01-Aug-2026 01:18:36,-167.970155884862,-39.8631689383464,0,26,26,26,5,-39.8631689383464
01-Aug-2026 01:18:38,-168.871912598001,-40.7649256514849,0,27,27,27,5,-40.7649256514849
01-Aug-2026 01:18:40,-150.674966523873,-22.567979577357,0,27,27,27,6,-22.567979577357
01-Aug-2026 01:18:42,-149.506038079467,-21.3990511329508,0,27,27,27,6,-21.3990511329508
01-Aug-2026 01:18:44,-148.234098091465,-20.1271111449487,0,27,27,27,8,-20.1271111449487
01-Aug-2026 01:18:46,-147.024134974182,-18.9171480276662,0,27,27,27,8,-18.9171480276662
01-Aug-2026 01:18:48,-145.435304400834,-17.3283174543176,0,27,27,27,8,-17.3283174543176
01-Aug-2026 01:18:50,-143.850131739987,-15.7431447934712,0,27,27,27,9,-15.7431447934712
01-Aug-2026 01:18:52,-143.572785670288,-15.4657987237725,0,27,27,27,6,-15.4657987237725
01-Aug-2026 01:18:54,-142.996184938828,-14.8891979923126,0,26,26,26,6,-14.8891979923126
01-Aug-2026 01:18:56,-142.317896185502,-14.210909238986,0,26,26,26,4,-14.210909238986
01-Aug-2026 01:18:58,-182.261298767813,-54.1543118212975,0,26,26,26,6,-13.5781894026628
01-Aug-2026 01:19:00,-172.22324544085,-44.1162584943341,0,26,26,26,7,-44.1162584943341
01-Aug-2026 01:19:02,-164.707295348896,-36.6003084023804,0,26,26,26,7,-36.6003084023804
01-Aug-2026 01:19:04,-165.127323889571,-37.0203369430552,0,26,26,26,6,-37.0203369430552
01-Aug-2026 01:19:06,-172.502275204549,-44.3952882580334,0,26,26,26,6,-44.3952882580334
01-Aug-2026 01:19:08,-172.152136442488,-44.0451494959722,0,26,26,26,6,-44.0451494959722
01-Aug-2026 01:19:10,-171.653026443246,-43.5460394967302,0,26,26,26,6,-43.5460394967302
01-Aug-2026 01:19:12,-171.606844356632,-43.4998574101161,0,26,26,26,6,-43.4998574101161
01-Aug-2026 01:19:14,-171.850674139032,-43.7436871925158,0,25,25,25,6,-43.7436871925158
01-Aug-2026 01:19:16,-171.513636163933,-43.4066492174168,0,25,25,25,6,-43.4066492174168
01-Aug-2026 01:19:18,-171.998739640081,-43.8917526935652,0,25,25,25,5,-43.8917526935652
01-Aug-2026 01:19:20,-171.790345601425,-43.6833586549088,0,25,25,25,4,-43.6833586549088
01-Aug-2026 01:19:22,-172.018901477442,-43.911914530926,0,24,24,24,4,-43.911914530926
01-Aug-2026 01:19:24,-171.768246988744,-43.6612600422286,0,24,24,24,4,-43.6612600422286
01-Aug-2026 01:19:26,-172.116445787384,-44.0094588408684,0,24,24,24,3,-44.0094588408684
01-Aug-2026 01:19:28,-172.47262881607,-44.3656418695546,0,24,24,24,3,-44.3656418695546
01-Aug-2026 01:19:30,-196.286364113125,-68.1793771666087,0,24,24,24,1,-68.1793771666087
01-Aug-2026 01:19:32,-196.508714047911,-68.4017271013951,0,23,23,23,1,-68.4017271013951
01-Aug-2026 01:19:34,-191.898254626151,-63.7912676796352,0,23,23,23,2,-63.7912676796352
01-Aug-2026 01:19:36,-187.257906557363,-59.1509196108469,0,23,23,23,3,-59.1509196108469
01-Aug-2026 01:19:38,-187.095613703919,-58.9886267574027,0,23,23,23,4,-58.9886267574027
01-Aug-2026 01:19:40,-184.188857570119,-56.0818706236035,0,23,23,23,5,-56.0818706236035
01-Aug-2026 01:19:42,-185.352434411501,-57.2454474649855,0,23,23,23,4,-57.2454474649855
01-Aug-2026 01:19:44,-184.934994562271,-56.8280076157554,0,23,23,23,4,-23.0601307374504
01-Aug-2026 01:19:46,-185.129445417227,-57.0224584707111,0,22,22,22,3,-57.0224584707111
01-Aug-2026 01:19:48,-184.50169443836,-56.3947074918444,0,23,23,23,3,-56.3947074918444
01-Aug-2026 01:19:50,-184.56365509845,-56.456668151934,0,23,23,23,3,-56.456668151934
01-Aug-2026 01:19:52,-179.931301375399,-51.8243144288832,0,22,22,22,4,-51.8243144288832
01-Aug-2026 01:19:54,-179.774911716136,-51.6679247696204,0,22,22,22,4,-51.6679247696204
01-Aug-2026 01:19:56,-179.966713355937,-51.8597264094215,0,23,23,23,4,-51.8597264094215
01-Aug-2026 01:19:58,-179.807328195201,-51.7003412486849,0,23,23,23,3,-51.7003412486849
01-Aug-2026 01:20:00,-179.558345277182,-51.4513583306663,0,23,23,23,3,-51.4513583306663
01-Aug-2026 01:20:02,-179.540798586895,-51.4338116403793,0,23,23,23,3,-51.4338116403793
01-Aug-2026 01:20:04,-179.723263298786,-51.6162763522706,0,23,23,23,3,-51.6162763522706
01-Aug-2026 01:20:06,-179.558606439255,-51.4516194927388,0,23,23,23,2,-51.4516194927388
01-Aug-2026 01:20:08,-179.860262228771,-51.7532752822553,0,22,22,22,2,-51.7532752822553
01-Aug-2026 01:20:10,-153.950870629023,-25.8438836825075,0,22,22,22,3,-25.8438836825075
01-Aug-2026 01:20:12,-154.92842779271,-26.8214408461945,0,22,22,22,4,-26.8214408461945
01-Aug-2026 01:20:14,-155.165462093301,-27.0584751467854,0,22,22,22,4,-27.0584751467854
01-Aug-2026 01:20:16,-156.042473295352,-27.9354863488358,0,23,23,23,5,-27.9354863488358
01-Aug-2026 01:20:18,-156.383788852536,-28.2768019060197,0,23,23,23,5,-28.2768019060197
01-Aug-2026 01:20:20,-156.936539344326,-28.8295523978104,0,23,23,23,5,-28.8295523978104
01-Aug-2026 01:20:22,-157.456323408749,-29.3493364622331,0,23,23,23,5,-29.3493364622331
01-Aug-2026 01:20:24,-158.094856170748,-29.987869224232,0,23,23,23,5,-29.987869224232
01-Aug-2026 01:20:26,-158.268047585495,-30.1610606389787,0,22,22,22,6,-30.1610606389787
01-Aug-2026 01:20:28,-158.77008339329,-30.6630964467739,0,22,22,22,6,-30.6630964467739
01-Aug-2026 01:20:30,-149.60290958953,-21.4959226430139,0,22,22,22,8,-21.4959226430139
01-Aug-2026 01:20:32,-149.677570113187,-21.5705831666713,0,22,22,22,9,-21.5705831666713
01-Aug-2026 01:20:34,-150.685032440993,-22.5780454944774,0,22,22,22,9,-22.5780454944774
01-Aug-2026 01:20:36,-150.672257654857,-22.5652707083406,0,23,23,23,9,-22.5652707083406
01-Aug-2026 01:20:38,-151.693242453799,-23.5862555072833,0,23,23,23,9,-23.5862555072833
01-Aug-2026 01:20:40,-155.315129043648,-27.2081420971323,0,24,24,24,8,-27.2081420971323
01-Aug-2026 01:20:42,-155.028082124719,-26.9210951782033,0,24,24,24,8,-26.9210951782033
01-Aug-2026 01:20:44,-154.860347751222,-26.7533608047057,0,24,24,24,8,-26.7533608047057
01-Aug-2026 01:20:46,-154.681472869666,-26.5744859231504,0,24,24,24,8,-26.5744859231504
01-Aug-2026 01:20:48,-154.895855988536,-26.7888690420199,0,24,24,24,7,-26.7888690420199
01-Aug-2026 01:20:50,-154.700363316626,-26.5933763701099,0,24,24,24,7,-26.5933763701099
01-Aug-2026 01:20:52,-155.219311660692,-27.1123247141766,0,24,24,24,8,-27.1123247141766
01-Aug-2026 01:20:54,-155.35754913507,-27.2505621885543,0,24,24,24,8,-27.2505621885543
01-Aug-2026 01:20:56,-153.404900887594,-25.2979139410781,0,24,24,24,6,-25.2979139410781
01-Aug-2026 01:20:58,-153.055616975177,-24.948630028661,0,24,24,24,6,-24.948630028661
01-Aug-2026 01:21:00,-153.138846646348,-25.0318596998322,0,24,24,24,7,-25.0318596998322
01-Aug-2026 01:21:02,-152.806497687788,-24.6995107412721,0,24,24,24,5,-24.6995107412721
01-Aug-2026 01:21:04,-153.420677478347,-25.3136905318306,0,24,24,24,5,-25.3136905318306
01-Aug-2026 01:21:06,-153.506844286068,-25.3998573395525,0,24,24,24,5,-25.3998573395525
01-Aug-2026 01:21:08,-153.907712248133,-25.8007253016175,0,24,24,24,5,-25.8007253016175
01-Aug-2026 01:21:10,-153.276068890598,-25.169081944082,0,24,24,24,5,-25.169081944082
01-Aug-2026 01:21:12,-152.845456500156,-24.7384695536401,0,24,24,24,5,-24.7384695536401
01-Aug-2026 01:21:14,-155.307509187853,-27.2005222413375,0,23,23,23,4,-27.2005222413375
01-Aug-2026 01:21:16,-154.045978279529,-25.9389913330136,0,23,23,23,4,-25.9389913330136
01-Aug-2026 01:21:18,-152.401059746578,-24.2940728000625,0,23,23,23,5,-24.2940728000625
01-Aug-2026 01:21:20,-152.144119827466,-24.0371328809503,0,23,23,23,4,-24.0371328809503
01-Aug-2026 01:21:22,-151.712057457435,-23.6050705109189,0,23,23,23,5,-23.6050705109189
01-Aug-2026 01:21:24,-152.092701651177,-23.985714704661,0,24,24,24,5,-23.985714704661
01-Aug-2026 01:21:26,-152.079314769368,-23.9723278228524,0,24,24,24,5,-23.9723278228524
01-Aug-2026 01:21:28,-152.372708687294,-24.2657217407782,0,25,25,25,6,-24.2657217407782
01-Aug-2026 01:21:30,-152.298878668075,-24.1918917215588,0,25,25,25,7,-24.1918917215588
01-Aug-2026 01:21:32,-159.580348733754,-31.4733617872385,0,25,25,25,5,-31.4733617872385
01-Aug-2026 01:21:34,-159.575474606498,-31.468487659982,0,25,25,25,4,-31.468487659982
01-Aug-2026 01:21:36,-160.186803263431,-32.0798163169152,0,25,25,25,5,-32.0798163169152
01-Aug-2026 01:21:38,-160.299394683385,-32.1924077368687,0,26,26,26,5,-32.1924077368687
01-Aug-2026 01:21:40,-160.856474903324,-32.7494879568082,0,26,26,26,5,-32.7494879568082
01-Aug-2026 01:21:42,-160.978266429114,-32.8712794825986,0,26,26,26,5,-32.8712794825986
01-Aug-2026 01:21:44,-160.50150337994,-32.3945164334245,0,26,26,26,7,-32.3945164334245
01-Aug-2026 01:21:46,-160.746717971276,-32.6397310247605,0,26,26,26,7,-32.6397310247605
01-Aug-2026 01:21:48,-160.847132599457,-32.7401456529415,0,26,26,26,7,-32.7401456529415
01-Aug-2026 01:21:50,-160.926016397161,-32.8190294506456,0,26,26,26,7,-32.8190294506456
01-Aug-2026 01:21:52,-161.233300623917,-33.1263136774012,0,26,26,26,7,-33.1263136774012
01-Aug-2026 01:21:54,-161.41180657145,-33.3048196249343,0,26,26,26,7,-33.3048196249343
01-Aug-2026 01:21:56,-161.594905157168,-33.4879182106524,0,27,27,27,8,-33.4879182106524
01-Aug-2026 01:21:58,-161.512271030581,-33.4052840840655,0,27,27,27,6,-33.4052840840655
01-Aug-2026 01:22:00,-163.494727968816,-35.3877410223005,0,28,28,28,5,-35.3877410223005
01-Aug-2026 01:22:02,-163.439381604105,-35.3323946575887,0,28,28,28,6,-35.3323946575887
01-Aug-2026 01:22:04,-163.110044756173,-35.0030578096574,0,27,27,27,6,-35.0030578096574
01-Aug-2026 01:22:06,-162.602636155823,-34.4956492093069,0,27,27,27,6,-34.4956492093069
01-Aug-2026 01:22:08,-158.724496145306,-30.6175091987905,0,27,27,27,8,-30.6175091987905
01-Aug-2026 01:22:10,-157.686119186289,-29.5791322397733,0,27,27,27,9,-29.5791322397733
01-Aug-2026 01:22:12,-154.995769377336,-26.88878243082,0,27,27,27,8,-26.88878243082
01-Aug-2026 01:22:14,-159.948036177401,-31.8410492308851,0,26,26,26,8,-23.8665933724082
01-Aug-2026 01:22:16,-161.210843756466,-33.1038568099498,0,26,26,26,7,-33.1038568099498
01-Aug-2026 01:22:18,-161.874505648344,-33.7675187018285,0,26,26,26,7,-33.7675187018285
01-Aug-2026 01:22:20,-181.557074557009,-53.4500876104931,0,26,26,26,5,-53.4500876104931
01-Aug-2026 01:22:22,-181.320430062156,-53.2134431156401,0,26,26,26,5,-53.2134431156401
01-Aug-2026 01:22:24,-181.687885249987,-53.5808983034709,0,26,26,26,4,-53.5808983034709
01-Aug-2026 01:22:26,-181.013846160343,-52.9068592138274,0,26,26,26,5,-52.9068592138274
01-Aug-2026 01:22:28,-181.188538093649,-53.0815511471334,0,27,27,27,4,-53.0815511471334
01-Aug-2026 01:22:30,-181.399729176112,-53.292742229596,0,27,27,27,4,-53.292742229596
01-Aug-2026 01:22:32,-162.262722636873,-34.1557356903574,0,27,27,27,5,-34.1557356903574
01-Aug-2026 01:22:34,-162.801032702314,-34.6940457557983,0,27,27,27,6,-34.6940457557983
01-Aug-2026 01:22:36,-162.830613926056,-34.7236269795401,0,27,27,27,5,-34.7236269795401
01-Aug-2026 01:22:38,-162.285362486381,-34.1783755398656,0,27,27,27,6,-34.1783755398656
01-Aug-2026 01:22:40,-162.508708145264,-34.4017211987477,0,27,27,27,5,-34.4017211987477
01-Aug-2026 01:22:42,-162.751693179153,-34.6447062326371,0,26,26,26,5,-34.6447062326371
01-Aug-2026 01:22:44,-162.48806787902,-34.3810809325046,0,26,26,26,6,-34.3810809325046
01-Aug-2026 01:22:46,-160.357185964261,-32.2501990177454,0,26,26,26,6,-32.2501990177454
01-Aug-2026 01:22:48,-161.310830290999,-33.2038433444834,0,26,26,26,5,-33.2038433444834
01-Aug-2026 01:22:50,-159.459665090253,-31.352678143737,0,26,26,26,5,-31.352678143737
01-Aug-2026 01:22:52,-158.629839466725,-30.522852520209,0,26,26,26,5,-30.522852520209
01-Aug-2026 01:22:54,-158.565441066271,-30.4584541197553,0,26,26,26,5,-30.4584541197553
01-Aug-2026 01:22:56,-158.107805329461,-30.0008183829448,0,26,26,26,5,-30.0008183829448
01-Aug-2026 01:22:58,-158.418040485493,-30.3110535389767,0,26,26,26,5,-30.3110535389767
01-Aug-2026 01:23:00,-158.700692104838,-30.5937051583223,0,26,26,26,4,-30.5937051583223
01-Aug-2026 01:23:02,-158.801910403611,-30.6949234570956,0,25,25,25,3,-30.6949234570956
01-Aug-2026 01:23:04,-157.576664957918,-29.4696780114023,0,25,25,25,4,-29.4696780114023
01-Aug-2026 01:23:06,-157.40532185745,-29.2983349109343,0,25,25,25,4,-29.2983349109343
01-Aug-2026 01:23:08,-156.573129599215,-28.4661426526991,0,25,25,25,5,-28.4661426526991
01-Aug-2026 01:23:10,-156.879528249404,-28.7725413028885,0,25,25,25,5,-28.7725413028885
01-Aug-2026 01:23:12,-156.8643086336,-28.7573216870846,0,25,25,25,5,-28.7573216870846
01-Aug-2026 01:23:14,-156.64711232514,-28.5401253786242,0,25,25,25,6,-28.5401253786242
01-Aug-2026 01:23:16,-155.831146241964,-27.724159295448,0,25,25,25,6,-27.724159295448
01-Aug-2026 01:23:18,-156.135121070916,-28.0281341243999,0,25,25,25,5,-28.0281341243999
01-Aug-2026 01:23:20,-155.700654309928,-27.5936673634119,0,26,26,26,5,-27.5936673634119
01-Aug-2026 01:23:22,-155.234633140763,-27.1276461942476,0,25,25,25,5,-27.1276461942476
01-Aug-2026 01:23:24,-155.349374094724,-27.2423871482086,0,25,25,25,5,-27.2423871482086
01-Aug-2026 01:23:26,-154.525452999924,-26.4184660534086,0,24,24,24,4,-26.4184660534086
01-Aug-2026 01:23:28,-154.280223367151,-26.1732364206354,0,24,24,24,4,-26.1732364206354
01-Aug-2026 01:23:30,-153.667675847108,-25.5606889005921,0,24,24,24,4,-25.5606889005921
01-Aug-2026 01:23:32,-174.65850515701,-46.5515182104941,0,24,24,24,3,-46.5515182104941
01-Aug-2026 01:23:34,-169.224993156289,-41.1180062097729,0,23,23,23,4,-41.1180062097729
01-Aug-2026 01:23:36,-169.396247763893,-41.2892608173767,0,23,23,23,4,-41.2892608173767
01-Aug-2026 01:23:38,-169.489591083001,-41.3826041364847,0,24,24,24,5,-41.3826041364847
01-Aug-2026 01:23:40,-173.493763849689,-45.3867769031733,0,24,24,24,4,-45.3867769031733
01-Aug-2026 01:23:42,-173.303491626955,-45.1965046804389,0,23,23,23,4,-45.1965046804389
01-Aug-2026 01:23:44,-173.787040316362,-45.6800533698464,0,23,23,23,4,-45.6800533698464
01-Aug-2026 01:23:46,-173.565026269541,-45.4580393230252,0,23,23,23,4,-45.4580393230252
01-Aug-2026 01:23:48,-173.351417625114,-45.2444306785984,0,23,23,23,4,-45.2444306785984
01-Aug-2026 01:23:50,-173.73912544951,-45.6321385029937,0,22,22,22,4,-45.6321385029937
01-Aug-2026 01:23:52,-173.4951116667,-45.388124720184,0,22,22,22,4,-45.388124720184
01-Aug-2026 01:23:54,-173.079468622696,-44.9724816761798,0,22,22,22,4,-44.9724816761798
01-Aug-2026 01:23:56,-172.92239116431,-44.8154042177937,0,22,22,22,4,-44.8154042177937
01-Aug-2026 01:23:58,-184.494441520967,-56.3874545744507,0,22,22,22,2,-56.3874545744507
01-Aug-2026 01:24:00,-183.938381749103,-55.8313948025871,0,22,22,22,2,-55.8313948025871
01-Aug-2026 01:24:02,-183.538843571074,-55.4318566245578,0,22,22,22,2,-55.4318566245578
01-Aug-2026 01:24:04,-183.993633966943,-55.8866470204267,0,22,22,22,2,-55.8866470204267
01-Aug-2026 01:24:06,-183.433843414537,-55.3268564680215,0,23,23,23,2,-55.3268564680215
01-Aug-2026 01:24:08,-182.940908035495,-54.8339210889792,0,23,23,23,2,-54.8339210889792
01-Aug-2026 01:24:10,-181.327426933297,-53.2204399867813,0,23,23,23,3,-53.2204399867813
01-Aug-2026 01:24:12,-180.424798971698,-52.3178120251818,0,23,23,23,4,-52.3178120251818
01-Aug-2026 01:24:14,-180.34988438613,-52.2428974396144,0,23,23,23,4,-52.2428974396144
01-Aug-2026 01:24:16,-180.157772040928,-52.0507850944117,0,22,22,22,5,-52.0507850944117
01-Aug-2026 01:24:18,-179.780032988838,-51.6730460423221,0,22,22,22,5,-51.6730460423221
01-Aug-2026 01:24:20,-179.769174336132,-51.6621873896164,0,22,22,22,6,-51.6621873896164
01-Aug-2026 01:24:22,-179.500504830578,-51.3935178840618,0,22,22,22,6,-51.3935178840618
01-Aug-2026 01:24:24,-151.421519896235,-23.3145329497187,0,23,23,23,6,-23.3145329497187
01-Aug-2026 01:24:26,-151.333403046657,-23.2264161001409,0,23,23,23,6,-23.2264161001409
01-Aug-2026 01:24:28,-153.180720587089,-25.073733640573,0,23,23,23,6,-25.073733640573
01-Aug-2026 01:24:30,-153.601944115325,-25.4949571688088,0,23,23,23,6,-25.4949571688088
01-Aug-2026 01:24:32,-154.487921513687,-26.3809345671708,0,23,23,23,6,-26.3809345671708
01-Aug-2026 01:24:34,-154.308484664054,-26.201497717538,0,23,23,23,5,-26.201497717538
01-Aug-2026 01:24:36,-154.823792856496,-26.7168059099804,0,23,23,23,4,-26.7168059099804
01-Aug-2026 01:24:38,-155.07322159382,-26.9662346473041,0,24,24,24,4,-26.9662346473041
01-Aug-2026 01:24:40,-155.474146533004,-27.3671595864884,0,24,24,24,4,-27.3671595864884
01-Aug-2026 01:24:42,-157.434930435652,-29.3279434891357,0,24,24,24,4,-29.3279434891357
01-Aug-2026 01:24:44,-158.172077887948,-30.0650909414323,0,24,24,24,4,-30.0650909414323
01-Aug-2026 01:24:46,-154.486424705933,-26.3794377594172,0,24,24,24,5,-26.3794377594172
01-Aug-2026 01:24:48,-153.660554969627,-25.5535680231116,0,24,24,24,5,-25.5535680231116
01-Aug-2026 01:24:50,-153.826016703556,-25.7190297570402,0,24,24,24,5,-25.7190297570402
01-Aug-2026 01:24:52,-153.96397842456,-25.8569914780443,0,24,24,24,4,-25.8569914780443
01-Aug-2026 01:24:54,-153.501692137584,-25.3947051910684,0,24,24,24,4,-25.3947051910684
01-Aug-2026 01:24:56,-153.881446235784,-25.7744592892682,0,24,24,24,4,-25.7744592892682
01-Aug-2026 01:24:58,-152.902681925414,-24.7956949788986,0,24,24,24,4,-24.7956949788986
01-Aug-2026 01:25:00,-152.231592382876,-24.1246054363597,0,24,24,24,4,-24.1246054363597
01-Aug-2026 01:25:02,-152.116858270134,-24.0098713236179,0,24,24,24,5,-24.0098713236179
01-Aug-2026 01:25:04,-151.915947305685,-23.8089603591696,0,23,23,23,6,-23.8089603591696
01-Aug-2026 01:25:06,-151.58765323083,-23.4806662843141,0,23,23,23,5,-23.4806662843141
01-Aug-2026 01:25:08,-152.141655158932,-24.0346682124158,0,23,23,23,6,-24.0346682124158
01-Aug-2026 01:25:10,-152.887574842803,-24.7805878962871,0,24,24,24,7,-24.7805878962871
01-Aug-2026 01:25:12,-153.072171074923,-24.9651841284069,0,24,24,24,8,-24.9651841284069
01-Aug-2026 01:25:14,-153.254168332494,-25.1471813859783,0,25,25,25,9,-25.1471813859783
01-Aug-2026 01:25:16,-153.469121363294,-25.362134416778,0,25,25,25,9,-25.362134416778
01-Aug-2026 01:25:18,-156.005560106164,-27.8985731596482,0,25,25,25,8,-27.8985731596482
01-Aug-2026 01:25:20,-155.252062119227,-27.1450751727113,0,25,25,25,9,-27.1450751727113
01-Aug-2026 01:25:22,-154.20265990218,-26.0956729556638,0,25,25,25,10,-10.0908722553285
01-Aug-2026 01:25:24,-154.048294411793,-25.9413074652771,0,25,25,25,9,-11.1050323402084
01-Aug-2026 01:25:26,-153.8167593643,-25.7097724177846,0,25,25,25,9,-12.2408426172108
01-Aug-2026 01:25:28,-142.240992876164,-14.1340059296477,0,25,25,25,9,-14.1340059296477
01-Aug-2026 01:25:30,-143.312413634072,-15.2054266875564,0,26,26,26,8,-15.2054266875564
01-Aug-2026 01:25:32,-144.322974456899,-16.215987510383,0,26,26,26,8,-16.215987510383
01-Aug-2026 01:25:34,-145.568115862789,-17.4611289162734,0,26,26,26,8,-17.4611289162734
01-Aug-2026 01:25:36,-146.894094375213,-18.7871074286968,0,26,26,26,7,-18.7871074286968
01-Aug-2026 01:25:38,-148.234617763288,-20.1276308167717,0,26,26,26,7,-20.1276308167717
01-Aug-2026 01:25:40,-148.948736001323,-20.8417490548074,0,26,26,26,7,-20.8417490548074
01-Aug-2026 01:25:42,-150.293958100701,-22.1869711541851,0,26,26,26,8,-22.1869711541851
01-Aug-2026 01:25:44,-151.0191659375,-22.9121789909837,0,26,26,26,8,-22.9121789909837
01-Aug-2026 01:25:46,-151.998693798839,-23.891706852323,0,27,27,27,8,-23.891706852323
01-Aug-2026 01:25:48,-152.860261612575,-24.7532746660592,0,27,27,27,7,-24.7532746660592
01-Aug-2026 01:25:50,-153.294892468723,-25.187905522207,0,27,27,27,7,-25.187905522207
01-Aug-2026 01:25:52,-153.651363226492,-25.5443762799761,0,28,28,28,6,-25.5443762799761
01-Aug-2026 01:25:54,-154.068093436632,-25.961106490116,0,28,28,28,6,-25.961106490116
01-Aug-2026 01:25:56,-154.681662969689,-26.5746760231727,0,27,27,27,5,-26.5746760231727
01-Aug-2026 01:25:58,-155.218423430146,-27.1114364836306,0,27,27,27,5,-27.1114364836306
01-Aug-2026 01:26:00,-155.463142735276,-27.3561557887603,0,27,27,27,5,-27.3561557887603
01-Aug-2026 01:26:02,-155.735307863588,-27.6283209170726,0,27,27,27,5,-27.6283209170726
01-Aug-2026 01:26:04,-156.08757731401,-27.9805903674942,0,26,26,26,5,-27.9805903674942
01-Aug-2026 01:26:06,-156.297448542526,-28.19046159601,0,26,26,26,5,-28.19046159601
01-Aug-2026 01:26:08,-156.316040086643,-28.2090531401274,0,26,26,26,5,-28.2090531401274
01-Aug-2026 01:26:10,-156.89558715064,-28.7886002041239,0,26,26,26,5,-28.7886002041239
01-Aug-2026 01:26:12,-157.165699243759,-29.0587122972434,0,26,26,26,4,-29.0587122972434
01-Aug-2026 01:26:14,-159.301901639478,-31.1949146929626,0,26,26,26,5,-31.1949146929626
01-Aug-2026 01:26:16,-159.557398895871,-31.4504119493553,0,26,26,26,5,-31.4504119493553
01-Aug-2026 01:26:18,-159.55767495408,-31.4506880075641,0,27,27,27,6,-31.4506880075641
01-Aug-2026 01:26:20,-160.163462886074,-32.056475939558,0,27,27,27,6,-32.056475939558
01-Aug-2026 01:26:22,-179.250431127979,-51.1434441814627,0,27,27,27,5,-51.1434441814627
01-Aug-2026 01:26:24,-179.0990116984,-50.9920247518844,0,27,27,27,4,-50.9920247518844
01-Aug-2026 01:26:26,-178.4397159891,-50.3327290425845,0,27,27,27,4,-50.3327290425845
01-Aug-2026 01:26:28,-178.293419620058,-50.1864326735417,0,27,27,27,4,-50.1864326735417
01-Aug-2026 01:26:30,-178.010587006995,-49.9036000604791,0,26,26,26,3,-49.9036000604791
01-Aug-2026 01:26:32,-177.819208727981,-49.7122217814655,0,26,26,26,3,-49.7122217814655
01-Aug-2026 01:26:34,-178.473302592239,-50.3663156457234,0,26,26,26,2,-50.3663156457234
01-Aug-2026 01:26:36,-178.119416571279,-50.0124296247628,0,26,26,26,4,-50.0124296247628
01-Aug-2026 01:26:38,-178.309360562633,-50.2023736161169,0,26,26,26,4,-50.2023736161169
01-Aug-2026 01:26:40,-177.89548070152,-49.7884937550039,0,26,26,26,5,-49.7884937550039
01-Aug-2026 01:26:42,-177.309475927637,-49.2024889811215,0,25,25,25,5,-49.2024889811215
01-Aug-2026 01:26:44,-177.252374617483,-49.1453876709674,0,25,25,25,4,-49.1453876709674
01-Aug-2026 01:26:46,-177.241871245327,-49.1348842988109,0,25,25,25,3,-49.1348842988109
01-Aug-2026 01:26:48,-177.739615902837,-49.6326289563206,0,26,26,26,4,-49.6326289563206
01-Aug-2026 01:26:50,-177.766600606916,-49.6596136604004,0,26,26,26,4,-49.6596136604004
01-Aug-2026 01:26:52,-177.778446430366,-49.6714594838497,0,26,26,26,3,-49.6714594838497
01-Aug-2026 01:26:54,-177.201038291259,-49.094051344743,0,26,26,26,2,-49.094051344743
01-Aug-2026 01:26:56,-177.578480680642,-49.4714937341258,0,26,26,26,2,-49.4714937341258
01-Aug-2026 01:26:58,-174.276616858623,-46.1696299121076,0,26,26,26,2,-46.1696299121076
01-Aug-2026 01:27:00,-177.586207422715,-49.4792204761988,0,26,26,26,1,-49.4792204761988
01-Aug-2026 01:27:02,-169.585400839059,-41.478413892543,0,26,26,26,2,-41.478413892543
01-Aug-2026 01:27:04,-177.844857100506,-49.7378701539899,0,26,26,26,1,-49.7378701539899
01-Aug-2026 01:27:06,-177.648037337486,-49.5410503909702,0,26,26,26,1,-49.5410503909702
01-Aug-2026 01:27:08,-177.308103593576,-49.2011166470599,0,26,26,26,1,-49.2011166470599
01-Aug-2026 01:27:10,-175.336630945567,-47.2296439990509,0,26,26,26,2,-47.2296439990509
01-Aug-2026 01:27:12,-175.576969749456,-47.4699828029397,0,25,25,25,2,-47.4699828029397
01-Aug-2026 01:27:14,-175.591149383878,-47.4841624373619,0,25,25,25,2,-47.4841624373619
01-Aug-2026 01:27:16,-175.896050321862,-47.7890633753459,0,25,25,25,2,-47.7890633753459
01-Aug-2026 01:27:18,-175.827289959952,-47.7203030134357,0,25,25,25,2,-47.7203030134357
01-Aug-2026 01:27:20,-176.079281792165,-47.9722948456491,0,25,25,25,2,-47.9722948456491
01-Aug-2026 01:27:22,-171.819009937319,-43.7120229908034,0,24,24,24,4,-43.7120229908034
01-Aug-2026 01:27:24,-171.814586551016,-43.7075996044997,0,24,24,24,5,-43.7075996044997
01-Aug-2026 01:27:26,-171.880163162216,-43.7731762157001,0,24,24,24,5,-43.7731762157001
01-Aug-2026 01:27:28,-172.11070850601,-44.0037215594938,0,24,24,24,3,-44.0037215594938
01-Aug-2026 01:27:30,-182.822903010053,-54.7159160635373,0,24,24,24,1,-54.7159160635373
01-Aug-2026 01:27:32,-183.425648007157,-55.3186610606413,0,23,23,23,1,-55.3186610606413
01-Aug-2026 01:27:34,-184.670784982565,-56.5637980360493,0,22,22,22,1,-56.5637980360493
01-Aug-2026 01:27:36,-185.222111672521,-57.1151247260056,0,22,22,22,1,-57.1151247260056
01-Aug-2026 01:27:38,-185.936955627144,-57.8299686806286,0,22,22,22,1,-57.8299686806286
01-Aug-2026 01:27:40,-185.588303268058,-57.481316321542,0,22,22,22,1,-57.481316321542
01-Aug-2026 01:27:42,-185.546367927415,-57.4393809808989,0,22,22,22,1,-57.4393809808989
01-Aug-2026 01:27:44,-183.808338805037,-55.7013518585208,0,22,22,22,2,-55.7013518585208
01-Aug-2026 01:27:46,-184.071194851879,-55.9642079053631,0,22,22,22,2,-55.9642079053631
01-Aug-2026 01:27:48,-184.430465489216,-56.3234785427003,0,22,22,22,2,-56.3234785427003
01-Aug-2026 01:27:50,-184.421133188329,-56.3141462418131,0,22,22,22,2,-56.3141462418131
01-Aug-2026 01:27:52,-182.840733931015,-54.7337469844991,0,22,22,22,5,-54.7337469844991
01-Aug-2026 01:27:54,-182.873730841487,-54.7667438949715,0,22,22,22,5,-54.7667438949715
01-Aug-2026 01:27:56,-183.262591404685,-55.1556044581692,0,23,23,23,4,-55.1556044581692
01-Aug-2026 01:27:58,-176.706857665576,-48.5998707190605,0,23,23,23,5,-48.5998707190605
01-Aug-2026 01:28:00,-176.912672536865,-48.8056855903495,0,23,23,23,5,-48.8056855903495
01-Aug-2026 01:28:02,-177.108607599319,-49.0016206528029,0,23,23,23,5,-49.0016206528029
01-Aug-2026 01:28:04,-167.748617790368,-39.6416308438524,0,23,23,23,4,-39.6416308438524
01-Aug-2026 01:28:06,-167.463216192545,-39.356229246029,0,22,22,22,3,-39.356229246029
01-Aug-2026 01:28:08,-167.178893232014,-39.0719062854978,0,22,22,22,3,-39.0719062854978
01-Aug-2026 01:28:10,-166.843519706026,-38.7365327595103,0,23,23,23,4,-38.7365327595103
01-Aug-2026 01:28:12,-166.536289448178,-38.4293025016617,0,23,23,23,4,-38.4293025016617
01-Aug-2026 01:28:14,-166.169625206688,-38.0626382601722,0,23,23,23,5,-38.0626382601722
01-Aug-2026 01:28:16,-165.807537948213,-37.700551001697,0,23,23,23,5,-37.700551001697
01-Aug-2026 01:28:18,-165.457937585166,-37.3509506386497,0,23,23,23,5,-37.3509506386497
01-Aug-2026 01:28:20,-177.619166300929,-49.5121793544133,0,23,23,23,4,-49.5121793544133
01-Aug-2026 01:28:22,-177.65526840345,-49.5482814569345,0,23,23,23,4,-49.5482814569345
01-Aug-2026 01:28:24,-177.953570384876,-49.8465834383598,0,23,23,23,3,-49.8465834383598
01-Aug-2026 01:28:26,-158.574106214419,-30.4671192679029,0,23,23,23,4,-30.4671192679029
01-Aug-2026 01:28:28,-171.881918291999,-43.7749313454829,0,23,23,23,5,-43.7749313454829
01-Aug-2026 01:28:30,-171.9778724505,-43.8708855039838,0,23,23,23,4,-43.8708855039838
01-Aug-2026 01:28:32,-171.962717070149,-43.8557301236333,0,23,23,23,5,-43.8557301236333
01-Aug-2026 01:28:34,-171.772031819598,-43.6650448730819,0,23,23,23,5,-43.6650448730819
01-Aug-2026 01:28:36,-172.400191744985,-44.2932047984694,0,24,24,24,4,-44.2932047984694
01-Aug-2026 01:28:38,-172.194928517401,-44.0879415708854,0,24,24,24,5,-44.0879415708854
01-Aug-2026 01:28:40,-162.405425370737,-34.2984384242208,0,24,24,24,5,-34.2984384242208
01-Aug-2026 01:28:42,-162.47670671768,-34.3697197711645,0,24,24,24,6,-34.3697197711645
01-Aug-2026 01:28:44,-162.125480946605,-34.0184940000896,0,24,24,24,6,-34.0184940000896
01-Aug-2026 01:28:46,-162.404897034109,-34.2979100875936,0,24,24,24,7,-34.2979100875936
01-Aug-2026 01:28:48,-162.467296190935,-34.3603092444194,0,24,24,24,7,-34.3603092444194
01-Aug-2026 01:28:50,-161.842571871776,-33.73558492526,0,24,24,24,7,-33.73558492526
01-Aug-2026 01:28:52,-162.359010074458,-34.2520231279423,0,24,24,24,7,-34.2520231279423
01-Aug-2026 01:28:54,-162.728854935918,-34.621867989402,0,23,23,23,7,-34.621867989402
01-Aug-2026 01:28:56,-162.609002118298,-34.5020151717819,0,23,23,23,7,-34.5020151717819
01-Aug-2026 01:28:58,-163.967103908217,-35.8601169617013,0,25,25,25,5,-35.8601169617013
01-Aug-2026 01:29:00,-163.591852284445,-35.4848653379293,0,25,25,25,5,-35.4848653379293
01-Aug-2026 01:29:02,-163.540131192321,-35.4331442458051,0,25,25,25,4,-35.4331442458051
01-Aug-2026 01:29:04,-163.838183175781,-35.7311962292651,0,25,25,25,5,-35.7311962292651
01-Aug-2026 01:29:06,-163.276816293654,-35.1698293471385,0,25,25,25,5,-35.1698293471385
01-Aug-2026 01:29:08,-163.411463651749,-35.304476705233,0,25,25,25,5,-35.304476705233
01-Aug-2026 01:29:10,-163.415139322585,-35.3081523760688,0,25,25,25,5,-35.3081523760688
01-Aug-2026 01:29:12,-163.278449563115,-35.1714626165993,0,25,25,25,5,-35.1714626165993
01-Aug-2026 01:29:14,-185.421662367702,-57.314675421186,0,25,25,25,3,-57.314675421186
01-Aug-2026 01:29:16,-184.594445649992,-56.4874587034759,0,25,25,25,3,-56.4874587034759
01-Aug-2026 01:29:18,-184.878765576922,-56.7717786304064,0,25,25,25,3,-56.7717786304064
01-Aug-2026 01:29:20,-185.525874741248,-57.4188877947322,0,26,26,26,3,-57.4188877947322
01-Aug-2026 01:29:22,-184.707913942292,-56.6009269957761,0,26,26,26,3,-56.6009269957761
01-Aug-2026 01:29:24,-184.393209434887,-56.2862224883708,0,26,26,26,4,-56.2862224883708
01-Aug-2026 01:29:26,-184.263343501796,-56.15635655528,0,26,26,26,5,-56.15635655528
01-Aug-2026 01:29:28,-184.715049369054,-56.6080624225382,0,26,26,26,4,-56.6080624225382
01-Aug-2026 01:29:30,-157.037861497739,-28.9308745512233,0,26,26,26,5,-28.9308745512233
01-Aug-2026 01:29:32,-157.57037811684,-29.4633911703245,0,26,26,26,5,-29.4633911703245
01-Aug-2026 01:29:34,-158.429939671166,-30.3229527246502,0,26,26,26,4,-30.3229527246502
01-Aug-2026 01:29:36,-158.864976100731,-30.7579891542154,0,27,27,27,4,-30.7579891542154
01-Aug-2026 01:29:38,-160.040973244935,-31.9339862984192,0,27,27,27,2,-31.9339862984192
01-Aug-2026 01:29:40,-160.19073556857,-32.0837486220545,0,27,27,27,2,-32.0837486220545
01-Aug-2026 01:29:42,-189.133709476657,-61.0267225301408,0,28,28,28,2,-61.0267225301408
01-Aug-2026 01:29:44,-170.401703927387,-42.2947169808716,0,28,28,28,2,-41.9082003036625
01-Aug-2026 01:29:46,-170.16320348262,-42.0562165361043,0,28,28,28,3,-39.6196971888157
01-Aug-2026 01:29:48,-170.500281144927,-42.3932941984113,0,28,28,28,3,-42.3932941984113
01-Aug-2026 01:29:50,-170.769876112412,-42.6628891658962,0,27,27,27,4,-42.6628891658962
01-Aug-2026 01:29:52,-170.76030939563,-42.6533224491146,0,27,27,27,5,-42.6533224491146
01-Aug-2026 01:29:54,-170.752306857007,-42.6453199104916,0,26,26,26,5,-42.6453199104916
01-Aug-2026 01:29:56,-159.262340199164,-31.1553532526482,0,26,26,26,6,-31.1553532526482
01-Aug-2026 01:29:58,-170.708770262039,-42.601783315523,0,26,26,26,6,-42.601783315523
01-Aug-2026 01:30:00,-171.12194894601,-43.0149619994939,0,26,26,26,6,-43.0149619994939
01-Aug-2026 01:30:02,-170.932061666149,-42.825074719633,0,26,26,26,6,-42.825074719633
01-Aug-2026 01:30:04,-171.346977971456,-43.2399910249403,0,26,26,26,6,-43.2399910249403
01-Aug-2026 01:30:06,-171.451336243504,-43.3443492969881,0,26,26,26,5,-43.3443492969881
01-Aug-2026 01:30:08,-171.364304202442,-43.2573172559257,0,27,27,27,5,-43.2573172559257
01-Aug-2026 01:30:10,-171.09297025259,-42.9859833060741,0,27,27,27,5,-42.9859833060741
01-Aug-2026 01:30:12,-170.709358008641,-42.6023710621256,0,27,27,27,6,-42.6023710621256
01-Aug-2026 01:30:14,-159.912587789955,-31.8056008434391,0,27,27,27,7,-31.8056008434391
01-Aug-2026 01:30:16,-160.639549556153,-32.5325626096376,0,27,27,27,9,-32.5325626096376
01-Aug-2026 01:30:18,-159.051669676202,-30.9446827296858,0,28,28,28,9,-30.9446827296858
01-Aug-2026 01:30:20,-159.357795624008,-31.2508086774926,0,26,26,26,8,-31.2508086774926
01-Aug-2026 01:30:22,-160.004292200626,-31.8973052541104,0,26,26,26,8,-31.8973052541104
01-Aug-2026 01:30:24,-160.366619940212,-32.2596329936964,0,26,26,26,8,-32.2596329936964
01-Aug-2026 01:30:26,-161.551334822405,-33.4443478758893,0,26,26,26,9,-33.4443478758893
01-Aug-2026 01:30:28,-162.311295370982,-34.2043084244666,0,26,26,26,8,-34.2043084244666
01-Aug-2026 01:30:30,-162.427535584333,-34.320548637817,0,26,26,26,8,-34.320548637817
01-Aug-2026 01:30:32,-165.087329176035,-36.9803422295191,0,26,26,26,7,-36.9803422295191
01-Aug-2026 01:30:34,-164.816465156399,-36.7094782098832,0,26,26,26,7,-36.7094782098832
01-Aug-2026 01:30:36,-164.6583584608,-36.551371514284,0,26,26,26,6,-36.551371514284
01-Aug-2026 01:30:38,-163.075952721092,-34.9689657745757,0,26,26,26,6,-34.9689657745757
01-Aug-2026 01:30:40,-162.495525297148,-34.3885383506321,0,26,26,26,5,-28.9985552526361
01-Aug-2026 01:30:42,-162.050775149993,-33.9437882034772,0,26,26,26,6,-28.5412211864155
01-Aug-2026 01:30:44,-161.295090214571,-33.1881032680548,0,26,26,26,6,-27.8719211358017
01-Aug-2026 01:30:46,-160.121164264087,-32.0141773175709,0,26,26,26,6,-26.72672973561
01-Aug-2026 01:30:48,-159.082475666531,-30.9754887200147,0,26,26,26,6,-25.667948953488
01-Aug-2026 01:30:50,-158.529936816782,-30.4229498702666,0,26,26,26,5,-30.4229498702666
01-Aug-2026 01:30:52,-159.139704113032,-31.0327171665161,0,26,26,26,5,-31.0327171665161
01-Aug-2026 01:30:54,-165.874756637876,-37.7677696913604,0,26,26,26,4,-37.7677696913604
01-Aug-2026 01:30:56,-165.583643929194,-37.4766569826784,0,26,26,26,4,-37.4766569826784
01-Aug-2026 01:30:58,-165.456974267628,-37.3499873211125,0,26,26,26,5,-37.3499873211125
01-Aug-2026 01:31:00,-165.726677758196,-37.6196908116803,0,26,26,26,3,-37.6196908116803
01-Aug-2026 01:31:02,-165.465136690055,-37.358149743539,0,25,25,25,3,-37.358149743539
01-Aug-2026 01:31:04,-165.440201717671,-37.3332147711553,0,25,25,25,4,-37.3332147711553
01-Aug-2026 01:31:06,-165.459623740651,-37.3526367941354,0,25,25,25,4,-37.3526367941354
01-Aug-2026 01:31:08,-165.504168533413,-37.3971815868969,0,25,25,25,4,-13.8739068932474
01-Aug-2026 01:31:10,-164.892443492477,-36.785456545961,0,24,24,24,4,-15.4718211310193
01-Aug-2026 01:31:12,-144.510324612495,-16.4033376659788,0,24,24,24,5,-16.4033376659788
01-Aug-2026 01:31:14,-145.687213294651,-17.5802263481352,0,24,24,24,6,-17.5802263481352
01-Aug-2026 01:31:16,-147.203410250397,-19.0964233038808,0,24,24,24,6,-19.0964233038808
01-Aug-2026 01:31:18,-147.578562206715,-19.4715752601994,0,22,22,22,7,-19.4715752601994
01-Aug-2026 01:31:20,-148.373732353938,-20.2667454074218,0,23,23,23,7,-20.2667454074218
01-Aug-2026 01:31:22,-149.616809697466,-21.5098227509503,0,23,23,23,8,-21.5098227509503
01-Aug-2026 01:31:24,-150.715452399205,-22.6084654526892,0,23,23,23,8,-22.6084654526892
01-Aug-2026 01:31:26,-151.563988289967,-23.4570013434516,0,23,23,23,7,-23.4570013434516
01-Aug-2026 01:31:28,-152.268029730825,-24.1610427843096,0,23,23,23,5,-24.1610427843096
01-Aug-2026 01:31:30,-152.900118538361,-24.7931315918453,0,23,23,23,6,-24.7931315918453
01-Aug-2026 01:31:32,-153.864283728662,-25.757296782146,0,23,23,23,5,-25.757296782146
01-Aug-2026 01:31:34,-154.396685484455,-26.289698537939,0,22,22,22,5,-26.289698537939
01-Aug-2026 01:31:36,-155.693757330249,-27.5867703837329,0,22,22,22,5,-27.5867703837329
01-Aug-2026 01:31:38,-156.651134766075,-28.5441478195592,0,22,22,22,6,-28.5441478195592
01-Aug-2026 01:31:40,-156.981537049584,-28.8745501030677,0,22,22,22,6,-28.8745501030677
01-Aug-2026 01:31:42,-157.833692682541,-29.7267057360254,0,22,22,22,6,-29.7267057360254
01-Aug-2026 01:31:44,-157.507382497965,-29.4003955514488,0,23,23,23,8,-29.4003955514488
01-Aug-2026 01:31:46,-158.198112644432,-30.0911256979165,0,23,23,23,8,-30.0911256979165
01-Aug-2026 01:31:48,-158.784033061758,-30.6770461152425,0,23,23,23,8,-30.6770461152425
01-Aug-2026 01:31:50,-158.875957340964,-30.7689703944486,0,23,23,23,8,-30.7689703944486
01-Aug-2026 01:31:52,-159.011351439846,-30.9043644933306,0,23,23,23,7,-30.9043644933306
01-Aug-2026 01:31:54,-159.474194797983,-31.3672078514669,0,23,23,23,7,-31.3672078514669
01-Aug-2026 01:31:56,-159.771233262915,-31.6642463163992,0,24,24,24,8,-31.6642463163992
01-Aug-2026 01:31:58,-174.958516808946,-46.8515298624302,0,23,23,23,6,-46.8515298624302
01-Aug-2026 01:32:00,-175.185854731215,-47.0788677846993,0,23,23,23,6,-47.0788677846993
01-Aug-2026 01:32:02,-174.434050643022,-46.3270636965063,0,23,23,23,5,-46.3270636965063
01-Aug-2026 01:32:04,-154.220957444025,-26.1139704975087,0,23,23,23,5,-26.1139704975087
01-Aug-2026 01:32:06,-153.932883553279,-25.8258966067631,0,23,23,23,6,-25.8258966067631
01-Aug-2026 01:32:08,-153.372127601805,-25.2651406552893,0,23,23,23,6,-25.2651406552893
01-Aug-2026 01:32:10,-153.22305237123,-25.1160654247139,0,23,23,23,6,-25.1160654247139
01-Aug-2026 01:32:12,-152.78630873726,-24.6793217907436,0,23,23,23,6,-24.6793217907436
01-Aug-2026 01:32:14,-152.512435767508,-24.4054488209919,0,23,23,23,7,-24.4054488209919
01-Aug-2026 01:32:16,-151.937267365413,-23.830280418897,0,23,23,23,6,-23.830280418897
01-Aug-2026 01:32:18,-152.03006943486,-23.923082488344,0,23,23,23,6,-23.923082488344
01-Aug-2026 01:32:20,-150.881620956141,-22.7746340096248,0,23,23,23,6,-22.7746340096248
01-Aug-2026 01:32:22,-169.248144990306,-41.14115804379,0,23,23,23,5,-41.14115804379
01-Aug-2026 01:32:24,-169.302828050127,-41.1958411036108,0,23,23,23,5,-41.1958411036108
01-Aug-2026 01:32:26,-188.539192893261,-60.4322059467447,0,23,23,23,3,-60.4322059467447
01-Aug-2026 01:32:28,-188.625138857373,-60.5181519108567,0,23,23,23,3,-60.5181519108567
01-Aug-2026 01:32:30,-188.524429406364,-60.4174424598482,0,23,23,23,3,-60.4174424598482
01-Aug-2026 01:32:32,-188.645150072184,-60.5381631256682,0,23,23,23,3,-60.5381631256682
01-Aug-2026 01:32:34,-188.689725190433,-60.5827382439174,0,23,23,23,3,-60.5827382439174
01-Aug-2026 01:32:36,-188.475352781354,-60.3683658348377,0,24,24,24,3,-60.3683658348377
01-Aug-2026 01:32:38,-188.514349820617,-60.4073628741011,0,24,24,24,3,-60.4073628741011
01-Aug-2026 01:32:40,-157.004558601575,-28.8975716550594,0,24,24,24,3,-28.8975716550594
01-Aug-2026 01:32:42,-156.908576289945,-28.8015893434292,0,24,24,24,3,-28.8015893434292
01-Aug-2026 01:32:44,-156.143326380498,-28.0363394339825,0,24,24,24,4,-28.0363394339825
01-Aug-2026 01:32:46,-156.149231215451,-28.042244268935,0,25,25,25,5,-28.042244268935
01-Aug-2026 01:32:48,-155.817309432004,-27.7103224854883,0,25,25,25,5,-27.7103224854883
01-Aug-2026 01:32:50,-155.02638983112,-26.919402884604,0,25,25,25,6,-26.919402884604
01-Aug-2026 01:32:52,-154.601576567654,-26.4945896211383,0,25,25,25,7,-26.4945896211383
01-Aug-2026 01:32:54,-154.120068624507,-26.0130816779909,0,25,25,25,7,-26.0130816779909
01-Aug-2026 01:32:56,-153.523518513665,-25.4165315671491,0,25,25,25,5,-25.4165315671491
01-Aug-2026 01:32:58,-153.333495524754,-25.2265085782385,0,25,25,25,5,-25.2265085782385
01-Aug-2026 01:33:00,-153.356743633781,-25.2497566872649,0,25,25,25,5,-25.2497566872649
01-Aug-2026 01:33:02,-153.105749650138,-24.9987627036225,0,25,25,25,4,-24.9987627036225
01-Aug-2026 01:33:04,-153.521571993182,-25.4145850466659,0,25,25,25,4,-25.4145850466659
01-Aug-2026 01:33:06,-152.881449697727,-24.7744627512107,0,25,25,25,4,-24.7744627512107
01-Aug-2026 01:33:08,-153.281502940312,-25.1745159937958,0,25,25,25,4,-25.1745159937958
01-Aug-2026 01:33:10,-153.393853374773,-25.2868664282568,0,25,25,25,5,-25.2868664282568
01-Aug-2026 01:33:12,-153.369228507732,-25.2622415612162,0,26,26,26,4,-25.2622415612162
01-Aug-2026 01:33:14,-192.091812640788,-63.9848256942717,0,26,26,26,3,-63.9848256942717
01-Aug-2026 01:33:16,-191.805280750325,-63.6982938038092,0,26,26,26,3,-63.6982938038092
01-Aug-2026 01:33:18,-191.264271529272,-63.1572845827557,0,26,26,26,3,-63.1572845827557
01-Aug-2026 01:33:20,-190.118175524452,-62.0111885779358,0,26,26,26,4,-62.0111885779358
01-Aug-2026 01:33:22,-189.87971387021,-61.7727269236946,0,26,26,26,4,-61.7727269236946
01-Aug-2026 01:33:24,-189.902450550104,-61.7954636035878,0,26,26,26,4,-61.7954636035878
01-Aug-2026 01:33:26,-188.996464506298,-60.8894775597818,0,27,27,27,5,-60.8894775597818
01-Aug-2026 01:33:28,-188.990251389757,-60.8832644432412,0,27,27,27,5,-60.8832644432412
01-Aug-2026 01:33:30,-189.853911332571,-61.7469243860554,0,27,27,27,4,-61.7469243860554
01-Aug-2026 01:33:32,-188.05020093773,-59.9432139912145,0,28,28,28,5,-59.9432139912145
01-Aug-2026 01:33:34,-188.228212017795,-60.1212250712791,0,28,28,28,5,-60.1212250712791
01-Aug-2026 01:33:36,-188.181069309554,-60.0740823630381,0,28,28,28,5,-60.0740823630381
01-Aug-2026 01:33:38,-188.489988935764,-60.3830019892481,0,28,28,28,5,-60.3830019892481
01-Aug-2026 01:33:40,-187.970400031675,-59.8634130851596,0,28,28,28,6,-59.8634130851596
01-Aug-2026 01:33:42,-188.690640503352,-60.5836535568359,0,27,27,27,5,-60.5836535568359
01-Aug-2026 01:33:44,-188.824491975991,-60.717505029475,0,27,27,27,5,-60.717505029475
01-Aug-2026 01:33:46,-188.376014862316,-60.2690279158002,0,26,26,26,5,-60.2690279158002
01-Aug-2026 01:33:48,-166.713518172545,-38.6065312260289,0,26,26,26,6,-38.6065312260289
01-Aug-2026 01:33:50,-166.931000804772,-38.8240138582565,0,27,27,27,6,-38.8240138582565
01-Aug-2026 01:33:52,-167.206470945505,-39.0994839989887,0,27,27,27,6,-39.0994839989887
01-Aug-2026 01:33:54,-168.036762041541,-39.9297750950248,0,27,27,27,6,-39.9297750950248
01-Aug-2026 01:33:56,-167.862183746605,-39.7551968000895,0,27,27,27,6,-39.7551968000895
01-Aug-2026 01:33:58,-168.416854720987,-40.3098677744712,0,27,27,27,6,-40.3098677744712
01-Aug-2026 01:34:00,-168.106287409155,-39.9993004626395,0,27,27,27,6,-39.9993004626395
01-Aug-2026 01:34:02,-168.827484189849,-40.7204972433327,0,27,27,27,7,-40.7204972433327
01-Aug-2026 01:34:04,-169.514126546551,-41.4071396000347,0,27,27,27,7,-41.4071396000347
01-Aug-2026 01:34:06,-171.234612531571,-43.1276255850553,0,27,27,27,6,-43.1276255850553
01-Aug-2026 01:34:08,-169.878346085526,-41.7713591390103,0,26,26,26,5,-41.7713591390103
01-Aug-2026 01:34:10,-170.506702539736,-42.3997155932205,0,26,26,26,6,-42.3997155932205
01-Aug-2026 01:34:12,-170.32345668028,-42.2164697337637,0,26,26,26,6,-42.2164697337637
01-Aug-2026 01:34:14,-186.420846930934,-58.3138599844178,0,26,26,26,5,-58.3138599844178
01-Aug-2026 01:34:16,-186.082453331298,-57.975466384782,0,26,26,26,5,-57.975466384782
01-Aug-2026 01:34:18,-186.902027476914,-58.7950405303985,0,26,26,26,4,-58.7950405303985
01-Aug-2026 01:34:20,-186.962894238171,-58.8559072916548,0,26,26,26,4,-58.8559072916548
01-Aug-2026 01:34:22,-186.479150205171,-58.3721632586548,0,26,26,26,5,-58.3721632586548
01-Aug-2026 01:34:24,-187.764306149476,-59.6573192029602,0,26,26,26,4,-59.6573192029602
01-Aug-2026 01:34:26,-170.745346065876,-42.63835911936,0,26,26,26,5,-42.63835911936
01-Aug-2026 01:34:28,-189.352513531894,-61.2455265853777,0,26,26,26,3,-61.2455265853777
01-Aug-2026 01:34:30,-188.66621039729,-60.5592234507745,0,26,26,26,4,-60.5592234507745
01-Aug-2026 01:34:32,-187.142761487016,-59.0357745405,0,26,26,26,5,-59.0357745405
01-Aug-2026 01:34:34,-188.087565572693,-59.9805786261769,0,26,26,26,4,-59.9805786261769
01-Aug-2026 01:34:36,-188.141847208209,-60.0348602616934,0,26,26,26,4,-60.0348602616934
01-Aug-2026 01:34:38,-170.808542878975,-42.7015559324596,0,26,26,26,4,-42.7015559324596
01-Aug-2026 01:34:40,-170.971479667591,-42.8644927210749,0,26,26,26,3,-42.8644927210749
01-Aug-2026 01:34:42,-171.458357844634,-43.3513708981182,0,26,26,26,3,-43.3513708981182
01-Aug-2026 01:34:44,-171.54309057496,-43.4361036284441,0,26,26,26,4,-43.4361036284441
01-Aug-2026 01:34:46,-171.002597601548,-42.8956106550324,0,26,26,26,3,-42.8956106550324
01-Aug-2026 01:34:48,-147.625900254348,-19.518913307832,0,26,26,26,4,-19.518913307832
01-Aug-2026 01:34:50,-146.478216217136,-18.3712292706204,0,25,25,25,3,-18.3712292706204
01-Aug-2026 01:34:52,-146.487262270008,-18.3802753234922,0,25,25,25,3,-18.3802753234922
01-Aug-2026 01:34:54,-170.680707446556,-42.5737205000403,0,25,25,25,2,-42.5737205000403
01-Aug-2026 01:34:56,-170.641790137722,-42.5348031912058,0,25,25,25,2,-42.5348031912058
01-Aug-2026 01:34:58,-190.440756025077,-62.3337690785608,0,24,24,24,1,-62.3337690785608
01-Aug-2026 01:35:00,-170.677640146298,-42.5706531997826,0,23,23,23,3,-42.5706531997826
01-Aug-2026 01:35:02,-171.195953829914,-43.0889668833978,0,23,23,23,2,-43.0889668833978
01-Aug-2026 01:35:04,-170.659927589875,-42.5529406433593,0,23,23,23,2,-42.5529406433593
01-Aug-2026 01:35:06,-170.733684820168,-42.6266978736525,0,23,23,23,2,-42.6266978736525
01-Aug-2026 01:35:08,-170.302660882087,-42.1956739355716,0,22,22,22,2,-42.1956739355716
01-Aug-2026 01:35:10,-170.731863563485,-42.624876616969,0,23,23,23,2,-42.624876616969
01-Aug-2026 01:35:12,-170.091039944976,-41.9840529984599,0,23,23,23,2,-41.9840529984599
01-Aug-2026 01:35:14,-169.032526571854,-40.925539625338,0,23,23,23,2,-40.925539625338
01-Aug-2026 01:35:16,-168.727463090165,-40.6204761436487,0,23,23,23,2,-40.6204761436487
01-Aug-2026 01:35:18,-168.374007552556,-40.2670206060405,0,23,23,23,2,-40.2670206060405
01-Aug-2026 01:35:20,-188.062819277934,-59.9558323314183,0,23,23,23,1,-59.9558323314183
01-Aug-2026 01:35:22,-187.581499770967,-59.4745128244507,0,23,23,23,1,-59.4745128244507
01-Aug-2026 01:35:24,-3076.52655568589,-2948.41956873937,0,23,23,23,0,-2948.41956873937
01-Aug-2026 01:35:26,-3076.52655568589,-2948.41956873937,0,23,23,23,0,-2948.41956873937
01-Aug-2026 01:35:28,-3076.52655568589,-2948.41956873937,0,23,23,23,0,-2948.41956873937
01-Aug-2026 01:35:30,-3076.52655568589,-2948.41956873937,0,23,23,23,0,-2948.41956873937
01-Aug-2026 01:35:32,-3076.52655568589,-2948.41956873937,0,23,23,23,0,-2948.41956873937
01-Aug-2026 01:35:34,-185.326334988996,-57.2193480424804,0,23,23,23,1,-57.2193480424804
01-Aug-2026 01:35:36,-185.19904700316,-57.0920600566439,0,23,23,23,1,-57.0920600566439
01-Aug-2026 01:35:38,-184.470547112698,-56.3635601661826,0,23,23,23,1,-56.3635601661826
01-Aug-2026 01:35:40,-184.314382591162,-56.2073956446466,0,23,23,23,1,-56.2073956446466
01-Aug-2026 01:35:42,-184.391795840566,-56.2848088940504,0,23,23,23,1,-56.2848088940504
01-Aug-2026 01:35:44,-180.468627617611,-52.3616406710955,0,24,24,24,2,-52.3616406710955
01-Aug-2026 01:35:46,-180.948368190473,-52.8413812439571,0,24,24,24,2,-52.8413812439571
01-Aug-2026 01:35:48,-181.204465579681,-53.0974786331649,0,23,23,23,2,-53.0974786331649
01-Aug-2026 01:35:50,-183.222746646542,-55.1157597000263,0,23,23,23,2,-55.1157597000263
01-Aug-2026 01:35:52,-183.819228984443,-55.7122420379269,0,23,23,23,2,-55.7122420379269
01-Aug-2026 01:35:54,-183.752875649749,-55.6458887032332,0,23,23,23,2,-55.6458887032332
01-Aug-2026 01:35:56,-183.936983358748,-55.8299964122318,0,23,23,23,2,-55.8299964122318
01-Aug-2026 01:35:58,-183.742342338993,-55.6353553924775,0,23,23,23,2,-55.6353553924775
01-Aug-2026 01:36:00,-184.093118654864,-55.9861317083483,0,23,23,23,2,-55.9861317083483
01-Aug-2026 01:36:02,-183.554713826859,-55.4477268803436,0,23,23,23,4,-55.4477268803436
01-Aug-2026 01:36:04,-182.821168711846,-54.7141817653305,0,23,23,23,4,-54.7141817653305
01-Aug-2026 01:36:06,-183.184965077728,-55.0779781312125,0,23,23,23,4,-55.0779781312125
01-Aug-2026 01:36:08,-183.474599912395,-55.3676129658787,0,23,23,23,4,-55.3676129658787
01-Aug-2026 01:36:10,-183.567530915234,-55.460543968718,0,23,23,23,4,-55.460543968718
01-Aug-2026 01:36:12,-184.283827963535,-56.1768410170187,0,23,23,23,3,-56.1768410170187
01-Aug-2026 01:36:14,-192.970988350946,-64.8640014044304,0,23,23,23,2,-64.8640014044304
01-Aug-2026 01:36:16,-192.186606364491,-64.0796194179749,0,23,23,23,2,-64.0796194179749
01-Aug-2026 01:36:18,-191.944604868604,-63.8376179220877,0,23,23,23,2,-63.8376179220877
01-Aug-2026 01:36:20,-191.515212115682,-63.4082251691664,0,23,23,23,2,-63.4082251691664
01-Aug-2026 01:36:22,-191.494615153631,-63.3876282071148,0,23,23,23,2,-63.3876282071148
01-Aug-2026 01:36:24,-187.372166618145,-59.2651796716295,0,23,23,23,3,-59.2651796716295
01-Aug-2026 01:36:26,-169.033045798345,-40.9260588518291,0,23,23,23,4,-40.9260588518291
01-Aug-2026 01:36:28,-167.925773444538,-39.8187864980225,0,23,23,23,4,-39.8187864980225
01-Aug-2026 01:36:30,-167.764385249068,-39.6573983025517,0,24,24,24,5,-39.6573983025517
01-Aug-2026 01:36:32,-153.54357690586,-25.4365899593441,0,24,24,24,5,-25.4365899593441
01-Aug-2026 01:36:34,-149.251007704885,-21.1440207583687,0,24,24,24,5,-21.1440207583687
01-Aug-2026 01:36:36,-149.097746180391,-20.9907592338749,0,24,24,24,5,-20.9907592338749
01-Aug-2026 01:36:38,-150.126994322639,-22.0200073761228,0,25,25,25,5,-22.0200073761228
01-Aug-2026 01:36:40,-149.963677444039,-21.8566904975231,0,25,25,25,5,-21.8566904975231
01-Aug-2026 01:36:42,-144.822483174275,-16.7154962277596,0,25,25,25,8,-16.7154962277596
01-Aug-2026 01:36:44,-145.3306870109,-17.2237000643842,0,25,25,25,9,-17.2237000643842
01-Aug-2026 01:36:46,-144.974739498301,-16.867752551785,0,25,25,25,9,-16.867752551785
01-Aug-2026 01:36:48,-146.973352347511,-18.8663654009952,0,25,25,25,7,-18.8663654009952
01-Aug-2026 01:36:50,-147.362975368145,-19.2559884216296,0,25,25,25,7,-19.2559884216296
01-Aug-2026 01:36:52,-148.316356765465,-20.2093698189489,0,25,25,25,7,-20.2093698189489
01-Aug-2026 01:36:54,-149.131732851597,-21.0247459050809,0,25,25,25,7,-21.0247459050809
01-Aug-2026 01:36:56,-149.845392811726,-21.73840586521,0,25,25,25,6,-21.73840586521
01-Aug-2026 01:36:58,-151.010617071705,-22.9036301251887,0,25,25,25,5,-22.9036301251887
01-Aug-2026 01:37:00,-150.995240666314,-22.8882537197984,0,25,25,25,5,-22.8882537197984
01-Aug-2026 01:37:02,-151.81802521276,-23.7110382662442,0,26,26,26,6,-23.7110382662442
01-Aug-2026 01:37:04,-152.722009768607,-24.6150228220913,0,26,26,26,6,-24.6150228220913
01-Aug-2026 01:37:06,-184.032606267289,-55.9256193207735,0,26,26,26,5,-55.9256193207735
01-Aug-2026 01:37:08,-184.2596934535,-56.1527065069838,0,26,26,26,5,-56.1527065069838
01-Aug-2026 01:37:10,-189.528461431756,-61.4214744852405,0,26,26,26,4,-61.4214744852405
01-Aug-2026 01:37:12,-189.651929842197,-61.5449428956809,0,26,26,26,4,-61.5449428956809
01-Aug-2026 01:37:14,-190.134470942132,-62.0274839956165,0,26,26,26,4,-62.0274839956165
01-Aug-2026 01:37:16,-191.372767627475,-63.2657806809589,0,27,27,27,3,-63.2657806809589
01-Aug-2026 01:37:18,-186.658046508835,-58.5510595623194,0,27,27,27,4,-58.5510595623194
01-Aug-2026 01:37:20,-186.506999280505,-58.4000123339894,0,27,27,27,4,-58.4000123339894
01-Aug-2026 01:37:22,-187.072321230315,-58.9653342837993,0,27,27,27,4,-58.9653342837993
01-Aug-2026 01:37:24,-185.241693463769,-57.1347065172532,0,29,29,29,5,-57.1347065172532
01-Aug-2026 01:37:26,-176.056449053693,-47.9494621071769,0,29,29,29,5,-47.9494621071769
01-Aug-2026 01:37:28,-175.770775936844,-47.6637889903282,0,29,29,29,6,-47.6637889903282
01-Aug-2026 01:37:30,-175.22714795003,-47.120161003514,0,29,29,29,6,-47.120161003514
01-Aug-2026 01:37:32,-175.090371817431,-46.9833848709152,0,29,29,29,6,-46.9833848709152
01-Aug-2026 01:37:34,-175.128631109116,-47.0216441626003,0,27,27,27,5,-47.0216441626003
01-Aug-2026 01:37:36,-175.5509990135,-47.4440120669839,0,26,26,26,4,-47.4440120669839
01-Aug-2026 01:37:38,-175.399563337544,-47.2925763910279,0,26,26,26,4,-47.2925763910279
01-Aug-2026 01:37:40,-174.988882165803,-46.8818952192869,0,26,26,26,3,-46.8818952192869
01-Aug-2026 01:37:42,-174.712544862327,-46.6055579158112,0,26,26,26,3,-46.6055579158112
01-Aug-2026 01:37:44,-171.890695027601,-43.7837080810848,0,26,26,26,4,-43.7837080810848
01-Aug-2026 01:37:46,-172.199939029809,-44.092952083293,0,26,26,26,4,-44.092952083293
01-Aug-2026 01:37:48,-172.01297763178,-43.9059906852646,0,26,26,26,4,-43.9059906852646
01-Aug-2026 01:37:50,-171.996751507635,-43.8897645611188,0,27,27,27,5,-43.8897645611188
01-Aug-2026 01:37:52,-172.067619670959,-43.9606327244427,0,27,27,27,4,-43.9606327244427
01-Aug-2026 01:37:54,-171.815892667055,-43.7089057205396,0,27,27,27,4,-43.7089057205396
01-Aug-2026 01:37:56,-171.997911681345,-43.8909247348295,0,26,26,26,4,-43.8909247348295
01-Aug-2026 01:37:58,-171.034545599106,-42.92755865259,0,26,26,26,5,-42.92755865259
01-Aug-2026 01:38:00,-159.772137058956,-31.6651501124402,0,26,26,26,7,-31.6651501124402
01-Aug-2026 01:38:02,-160.000481376651,-31.8934944301353,0,26,26,26,7,-31.8934944301353
01-Aug-2026 01:38:04,-159.471065570622,-31.3640786241066,0,26,26,26,6,-31.3640786241066
01-Aug-2026 01:38:06,-159.942632152306,-31.8356452057905,0,26,26,26,5,-31.8356452057905
01-Aug-2026 01:38:08,-159.573597367305,-31.4666104207894,0,26,26,26,4,-31.4666104207894
01-Aug-2026 01:38:10,-159.758290515648,-31.6513035691321,0,26,26,26,4,-31.6513035691321
01-Aug-2026 01:38:12,-159.732289556885,-31.6253026103687,0,26,26,26,4,-31.6253026103687
01-Aug-2026 01:38:14,-159.441135419695,-31.3341484731794,0,26,26,26,4,-31.3341484731794
01-Aug-2026 01:38:16,-160.557163476559,-32.4501765300428,0,26,26,26,5,-32.4501765300428
01-Aug-2026 01:38:18,-159.642455873469,-31.5354689269532,0,26,26,26,5,-31.5354689269532
01-Aug-2026 01:38:20,-160.016712288308,-31.909725341792,0,26,26,26,5,-31.909725341792
01-Aug-2026 01:38:22,-160.004429756397,-31.8974428098808,0,26,26,26,5,-31.8974428098808
01-Aug-2026 01:38:24,-149.11163086381,-21.0046439172942,0,26,26,26,6,-21.0046439172942
01-Aug-2026 01:38:26,-148.625007758483,-20.5180208119673,0,26,26,26,6,-20.5180208119673
01-Aug-2026 01:38:28,-147.499482666868,-19.3924957203522,0,26,26,26,8,-19.3924957203522
01-Aug-2026 01:38:30,-147.401803625808,-19.294816679292,0,26,26,26,9,-19.294816679292
01-Aug-2026 01:38:32,-147.464732949418,-19.3577460029018,0,26,26,26,8,-19.3577460029018
01-Aug-2026 01:38:34,-147.206436628195,-19.0994496816787,0,26,26,26,8,-19.0994496816787
01-Aug-2026 01:38:36,-155.404804167386,-27.2978172208699,0,26,26,26,7,-27.2978172208699
01-Aug-2026 01:38:38,-155.771400138555,-27.6644131920393,0,26,26,26,6,-27.6644131920393
01-Aug-2026 01:38:40,-155.779063338267,-27.6720763917509,0,25,25,25,5,-27.6720763917509
01-Aug-2026 01:38:42,-155.789871901521,-27.6828849550048,0,24,24,24,5,-27.6828849550048
01-Aug-2026 01:38:44,-155.018851675435,-26.9118647289191,0,24,24,24,5,-26.9118647289191
01-Aug-2026 01:38:46,-154.426334507921,-26.319347561405,0,23,23,23,7,-26.319347561405
01-Aug-2026 01:38:48,-154.331685097104,-26.2246981505883,0,23,23,23,7,-26.2246981505883
01-Aug-2026 01:38:50,-153.455439159418,-25.3484522129025,0,23,23,23,8,-25.3484522129025
01-Aug-2026 01:38:52,-153.673989580228,-25.5670026337123,0,23,23,23,7,-25.5670026337123
01-Aug-2026 01:38:54,-153.733279315346,-25.6262923688306,0,23,23,23,5,-25.6262923688306
01-Aug-2026 01:38:56,-153.680664916311,-25.573677969795,0,22,22,22,4,-25.573677969795
01-Aug-2026 01:38:58,-153.680538071354,-25.5735511248379,0,22,22,22,4,-25.5735511248379
01-Aug-2026 01:39:00,-153.362947252943,-25.2559603064268,0,22,22,22,4,-25.2559603064268
01-Aug-2026 01:39:02,-153.571937249809,-25.4649503032935,0,23,23,23,5,-25.4649503032935
01-Aug-2026 01:39:04,-153.782490504264,-25.6755035577482,0,23,23,23,5,-25.6755035577482
01-Aug-2026 01:39:06,-154.030579209471,-25.9235922629555,0,23,23,23,5,-25.9235922629555
01-Aug-2026 01:39:08,-153.566429835781,-25.459442889265,0,23,23,23,7,-25.459442889265
01-Aug-2026 01:39:10,-154.173228577215,-26.0662416306986,0,23,23,23,5,-26.0662416306986
01-Aug-2026 01:39:12,-153.959249576061,-25.852262629545,0,23,23,23,5,-25.852262629545
01-Aug-2026 01:39:14,-154.220676960005,-26.1136900134888,0,23,23,23,5,-26.1136900134888
01-Aug-2026 01:39:16,-154.353007980894,-26.2460210343786,0,23,23,23,6,-26.2460210343786
01-Aug-2026 01:39:18,-154.152034756708,-26.0450478101926,0,23,23,23,6,-26.0450478101926
01-Aug-2026 01:39:20,-155.093397252702,-26.9864103061865,0,23,23,23,6,-26.9864103061865
01-Aug-2026 01:39:22,-155.970943900763,-27.8639569542471,0,24,24,24,3,-27.8639569542471
01-Aug-2026 01:39:24,-155.032487668381,-26.9255007218656,0,24,24,24,3,-26.9255007218656
01-Aug-2026 01:39:26,-154.376415030393,-26.2694280838768,0,24,24,24,4,-26.2694280838768
01-Aug-2026 01:39:28,-154.015606566728,-25.9086196202119,0,24,24,24,4,-25.9086196202119
01-Aug-2026 01:39:30,-154.841210730056,-26.7342237835397,0,24,24,24,4,-26.7342237835397
01-Aug-2026 01:39:32,-154.328304593626,-26.2213176471099,0,24,24,24,5,-26.2213176471099
01-Aug-2026 01:39:34,-154.4928790865,-26.3858921399843,0,24,24,24,5,-26.3858921399843
01-Aug-2026 01:39:36,-154.847087857667,-26.7401009111516,0,24,24,24,7,-26.7401009111516
01-Aug-2026 01:39:38,-155.172023919865,-27.0650369733488,0,23,23,23,6,-27.0650369733488
01-Aug-2026 01:39:40,-171.618763686816,-43.5117767403002,0,23,23,23,5,-43.5117767403002
01-Aug-2026 01:39:42,-171.501034181245,-43.3940472347292,0,23,23,23,4,-43.3940472347292
01-Aug-2026 01:39:44,-175.090439023297,-46.9834520767814,0,23,23,23,3,-46.9834520767814
01-Aug-2026 01:39:46,-174.771715610371,-46.6647286638548,0,23,23,23,3,-46.6647286638548
01-Aug-2026 01:39:48,-174.692533300654,-46.585546354138,0,23,23,23,3,-46.585546354138
01-Aug-2026 01:39:50,-177.297952588567,-49.1909656420509,0,23,23,23,2,-49.1909656420509
01-Aug-2026 01:39:52,-176.989284863336,-48.88229791682,0,23,23,23,2,-48.88229791682
01-Aug-2026 01:39:54,-176.562699300994,-48.4557123544785,0,23,23,23,2,-48.4557123544785
01-Aug-2026 01:39:56,-176.528498277393,-48.4215113308775,0,23,23,23,2,-48.4215113308775
01-Aug-2026 01:39:58,-176.34630745985,-48.2393205133343,0,23,23,23,2,-48.2393205133343
01-Aug-2026 01:40:00,-176.680660983238,-48.5736740367218,0,23,23,23,2,-48.5736740367218
01-Aug-2026 01:40:02,-176.392096667873,-48.2851097213568,0,23,23,23,2,-48.2851097213568
01-Aug-2026 01:40:04,-155.113634733834,-27.0066477873179,0,23,23,23,2,-27.0066477873179
01-Aug-2026 01:40:06,-155.001575430212,-26.8945884836959,0,23,23,23,1,-26.8945884836959
01-Aug-2026 01:40:08,-155.163174430649,-27.0561874841331,0,23,23,23,2,-27.0561874841331
01-Aug-2026 01:40:10,-155.081858803709,-26.9748718571934,0,23,23,23,2,-26.9748718571934
01-Aug-2026 01:40:12,-155.400201910238,-27.2932149637226,0,23,23,23,2,-27.2932149637226
01-Aug-2026 01:40:14,-153.832437040809,-25.7254500942932,0,23,23,23,3,-25.7254500942932
01-Aug-2026 01:40:16,-153.258382222694,-25.1513952761779,0,24,24,24,3,-25.1513952761779
01-Aug-2026 01:40:18,-152.940852540476,-24.8338655939602,0,24,24,24,5,-24.8338655939602
01-Aug-2026 01:40:20,-152.865052521414,-24.7580655748978,0,24,24,24,5,-24.7580655748978
01-Aug-2026 01:40:22,-153.675855401773,-25.5688684552572,0,25,25,25,4,-25.5688684552572
01-Aug-2026 01:40:24,-153.65558008805,-25.548593141534,0,25,25,25,5,-25.548593141534
01-Aug-2026 01:40:26,-153.129881981771,-25.0228950352549,0,24,24,24,5,-25.0228950352549
01-Aug-2026 01:40:28,-153.176304865103,-25.0693179185868,0,24,24,24,6,-25.0693179185868
01-Aug-2026 01:40:30,-153.295787743717,-25.188800797201,0,24,24,24,6,-25.188800797201
01-Aug-2026 01:40:32,-152.76322526495,-24.6562383184345,0,24,24,24,6,-24.6562383184345
01-Aug-2026 01:40:34,-152.629104707376,-24.5221177608604,0,24,24,24,6,-24.5221177608604
01-Aug-2026 01:40:36,-152.521177917178,-24.4141909706623,0,24,24,24,6,-24.4141909706623
01-Aug-2026 01:40:38,-152.911887146232,-24.8049001997158,0,24,24,24,4,-24.8049001997158
01-Aug-2026 01:40:40,-152.646984063571,-24.5399971170553,0,24,24,24,4,-24.5399971170553
01-Aug-2026 01:40:42,-187.066923342742,-58.9599363962263,0,25,25,25,4,-58.9599363962263
01-Aug-2026 01:40:44,-148.282658683833,-20.1756717373168,0,25,25,25,6,-20.1756717373168
01-Aug-2026 01:40:46,-149.076360511842,-20.9693735653262,0,25,25,25,6,-20.9693735653262
01-Aug-2026 01:40:48,-149.517233523627,-21.4102465771111,0,25,25,25,6,-21.4102465771111
01-Aug-2026 01:40:50,-149.677224202196,-21.5702372556805,0,25,25,25,6,-21.5702372556805
01-Aug-2026 01:40:52,-149.772310505855,-21.6653235593392,0,25,25,25,4,-21.6653235593392
01-Aug-2026 01:40:54,-150.013735922099,-21.9067489755833,0,26,26,26,6,-21.9067489755833
01-Aug-2026 01:40:56,-149.766025824071,-21.6590388775547,0,26,26,26,6,-21.6590388775547
01-Aug-2026 01:40:58,-150.397951934687,-22.2909649881709,0,26,26,26,7,-22.2909649881709
01-Aug-2026 01:41:00,-151.06910824739,-22.9621213008741,0,27,27,27,9,-22.9621213008741
01-Aug-2026 01:41:02,-152.045550842693,-23.9385638961773,0,27,27,27,9,-23.9385638961773
01-Aug-2026 01:41:04,-152.204432129014,-24.0974451824979,0,27,27,27,8,-24.0974451824979
01-Aug-2026 01:41:06,-153.063609162831,-24.9566222163155,0,28,28,28,7,-24.9566222163155
01-Aug-2026 01:41:08,-153.73906846859,-25.6320815220746,0,28,28,28,7,-25.6320815220746
01-Aug-2026 01:41:10,-154.232825689937,-26.1258387434208,0,27,27,27,8,-26.1258387434208
01-Aug-2026 01:41:12,-154.598937257631,-26.4919503111151,0,27,27,27,7,-26.4919503111151
01-Aug-2026 01:41:14,-155.805892601431,-27.6989056549149,0,28,28,28,6,-27.6989056549149
01-Aug-2026 01:41:16,-156.447428376452,-28.3404414299362,0,28,28,28,5,-28.3404414299362
01-Aug-2026 01:41:18,-156.623610955519,-28.5166240090026,0,28,28,28,6,-28.5166240090026
01-Aug-2026 01:41:20,-156.959776737691,-28.8527897911751,0,28,28,28,6,-28.8527897911751
01-Aug-2026 01:41:22,-157.414873355107,-29.3078864085914,0,28,28,28,5,-29.3078864085914
01-Aug-2026 01:41:24,-158.538648645522,-30.4316616990059,0,28,28,28,5,-30.4316616990059
01-Aug-2026 01:41:26,-158.148555745345,-30.0415687988293,0,27,27,27,4,-30.0415687988293
01-Aug-2026 01:41:28,-158.628544444386,-30.5215574978704,0,26,26,26,4,-30.5215574978704
01-Aug-2026 01:41:30,-159.375517706018,-31.2685307595026,0,26,26,26,4,-31.2685307595026
01-Aug-2026 01:41:32,-160.05841321196,-31.9514262654446,0,26,26,26,4,-31.9514262654446
01-Aug-2026 01:41:34,-160.781712071887,-32.6747251253714,0,26,26,26,4,-32.6747251253714
01-Aug-2026 01:41:36,-162.405690852907,-34.2987039063909,0,26,26,26,3,-34.2987039063909
01-Aug-2026 01:41:38,-163.20127724463,-35.0942902981138,0,26,26,26,3,-35.0942902981138
01-Aug-2026 01:41:40,-163.46828949712,-35.3613025506043,0,26,26,26,3,-35.3613025506043
01-Aug-2026 01:41:42,-163.2767246198,-35.1697376732844,0,27,27,27,3,-35.1697376732844
01-Aug-2026 01:41:44,-164.465129849233,-36.3581429027168,0,26,26,26,5,-36.3581429027168
01-Aug-2026 01:41:46,-163.45179644425,-35.3448094977342,0,26,26,26,4,-35.3448094977342
01-Aug-2026 01:41:48,-160.91779105504,-32.8108041085242,0,26,26,26,5,-32.8108041085242
01-Aug-2026 01:41:50,-159.715262274651,-31.6082753281354,0,26,26,26,4,-31.6082753281354
01-Aug-2026 01:41:52,-159.27197463426,-31.164987687744,0,26,26,26,4,-31.164987687744
01-Aug-2026 01:41:54,-158.452171855082,-30.3451849085665,0,26,26,26,4,-30.3451849085665
01-Aug-2026 01:41:56,-157.855419810895,-29.7484328643788,0,26,26,26,4,-29.7484328643788
01-Aug-2026 01:41:58,-157.893436584934,-29.7864496384179,0,26,26,26,4,-29.7864496384179
01-Aug-2026 01:42:00,-157.591479062648,-29.4844921161322,0,26,26,26,4,-29.4844921161322
01-Aug-2026 01:42:02,-157.06590890655,-28.958921960034,0,26,26,26,4,-28.958921960034
01-Aug-2026 01:42:04,-156.656098055088,-28.5491111085719,0,26,26,26,4,-28.5491111085719
01-Aug-2026 01:42:06,-156.975147625126,-28.8681606786106,0,26,26,26,4,-28.8681606786106
01-Aug-2026 01:42:08,-156.477697828892,-28.370710882376,0,26,26,26,2,-28.370710882376
01-Aug-2026 01:42:10,-155.344571051322,-27.2375841048063,0,26,26,26,4,-27.2375841048063
01-Aug-2026 01:42:12,-154.77267772921,-26.665690782694,0,26,26,26,4,-26.665690782694
01-Aug-2026 01:42:14,-153.367299870234,-25.2603129237183,0,26,26,26,4,-25.2603129237183
01-Aug-2026 01:42:16,-153.175855950915,-25.0688690043988,0,26,26,26,4,-25.0688690043988
01-Aug-2026 01:42:18,-152.445275410485,-24.3382884639696,0,26,26,26,4,-24.3382884639696
01-Aug-2026 01:42:20,-152.18063328164,-24.0736463351241,0,26,26,26,4,-24.0736463351241
01-Aug-2026 01:42:22,-151.475468304837,-23.3684813583216,0,26,26,26,4,-23.3684813583216
01-Aug-2026 01:42:24,-150.765043619457,-22.6580566729407,0,25,25,25,3,-22.6580566729407
01-Aug-2026 01:42:26,-150.613477205188,-22.5064902586716,0,25,25,25,3,-22.5064902586716
01-Aug-2026 01:42:28,-150.171674476748,-22.0646875302323,0,25,25,25,4,-22.0646875302323
01-Aug-2026 01:42:30,-149.796595465183,-21.6896085186674,0,24,24,24,4,-21.6896085186674
01-Aug-2026 01:42:32,-149.833041673109,-21.7260547265936,0,24,24,24,4,-21.7260547265936
01-Aug-2026 01:42:34,-150.642387731877,-22.535400785361,0,23,23,23,4,-22.535400785361
01-Aug-2026 01:42:36,-151.245769120395,-23.1387821738793,0,23,23,23,4,-23.1387821738793
01-Aug-2026 01:42:38,-151.283553256529,-23.1765663100133,0,23,23,23,4,-23.1765663100133
01-Aug-2026 01:42:40,-151.651520957898,-23.5445340113821,0,23,23,23,4,-23.5445340113821
01-Aug-2026 01:42:42,-151.619605786728,-23.5126188402121,0,23,23,23,4,-23.5126188402121
01-Aug-2026 01:42:44,-153.021960728488,-24.9149737819722,0,22,22,22,4,-24.9149737819722
01-Aug-2026 01:42:46,-152.470880872967,-24.3638939264508,0,22,22,22,5,-24.3638939264508
01-Aug-2026 01:42:48,-153.073204301564,-24.9662173550484,0,22,22,22,5,-24.9662173550484
01-Aug-2026 01:42:50,-153.719101066968,-25.6121141204525,0,22,22,22,6,-25.6121141204525
01-Aug-2026 01:42:52,-154.287992014391,-26.1810050678747,0,23,23,23,5,-26.1810050678747
01-Aug-2026 01:42:54,-154.46159109839,-26.3546041518737,0,23,23,23,5,-26.3546041518737
01-Aug-2026 01:42:56,-155.44137326497,-27.3343863184542,0,23,23,23,4,-27.3343863184542
01-Aug-2026 01:42:58,-155.221249415147,-27.1142624686313,0,23,23,23,3,-27.1142624686313
01-Aug-2026 01:43:00,-155.94933107676,-27.8423441302436,0,23,23,23,6,-27.8423441302436
01-Aug-2026 01:43:02,-156.156260262027,-28.0492733155114,0,23,23,23,6,-28.0492733155114
01-Aug-2026 01:43:04,-156.959742252443,-28.852755305927,0,23,23,23,5,-28.852755305927
01-Aug-2026 01:43:06,-157.674824482286,-29.5678375357702,0,23,23,23,5,-29.5678375357702
01-Aug-2026 01:43:08,-158.006294607813,-29.8993076612974,0,23,23,23,5,-29.8993076612974
01-Aug-2026 01:43:10,-158.117898586185,-30.0109116396693,0,23,23,23,5,-30.0109116396693
01-Aug-2026 01:43:12,-158.605539380857,-30.4985524343408,0,24,24,24,5,-30.4985524343408
01-Aug-2026 01:43:14,-159.370664907316,-31.2636779608,0,24,24,24,5,-31.2636779608
01-Aug-2026 01:43:16,-158.682765761799,-30.5757788152831,0,24,24,24,4,-30.5757788152831
01-Aug-2026 01:43:18,-164.548372030792,-36.4413850842759,0,24,24,24,3,-36.4413850842759
01-Aug-2026 01:43:20,-164.563760112899,-36.4567731663833,0,25,25,25,4,-36.4567731663833
01-Aug-2026 01:43:22,-165.096987021574,-36.9900000750582,0,25,25,25,4,-36.9900000750582
01-Aug-2026 01:43:24,-165.438971301167,-37.331984354651,0,25,25,25,4,-37.331984354651
01-Aug-2026 01:43:26,-166.092609117331,-37.9856221708154,0,25,25,25,4,-37.9856221708154
01-Aug-2026 01:43:28,-166.157577581144,-38.0505906346281,0,24,24,24,4,-38.0505906346281
01-Aug-2026 01:43:30,-163.892535434536,-35.7855484880206,0,23,23,23,6,-35.7855484880206
01-Aug-2026 01:43:32,-163.978995352914,-35.872008406398,0,23,23,23,6,-35.872008406398
01-Aug-2026 01:43:34,-166.39220187856,-38.285214932044,0,23,23,23,4,-38.285214932044
01-Aug-2026 01:43:36,-167.455070455393,-39.3480835088775,0,23,23,23,4,-39.3480835088775
01-Aug-2026 01:43:38,-167.341658141234,-39.2346711947182,0,23,23,23,4,-39.2346711947182
01-Aug-2026 01:43:40,-168.297995971503,-40.1910090249869,0,23,23,23,4,-40.1910090249869
01-Aug-2026 01:43:42,-168.288195864861,-40.1812089183449,0,23,23,23,4,-40.1812089183449
01-Aug-2026 01:43:44,-177.815612136223,-49.7086251897074,0,23,23,23,3,-49.7086251897074
01-Aug-2026 01:43:46,-178.407131230494,-50.3001442839783,0,23,23,23,2,-50.3001442839783
01-Aug-2026 01:43:48,-178.560401400995,-50.4534144544791,0,23,23,23,2,-50.4534144544791
01-Aug-2026 01:43:50,-192.054239618886,-63.9472526723703,0,23,23,23,1,-63.9472526723703
01-Aug-2026 01:43:52,-191.840829370666,-63.7338424241505,0,23,23,23,1,-63.7338424241505
01-Aug-2026 01:43:54,-177.186943159188,-49.0799562126719,0,23,23,23,2,-49.0799562126719
01-Aug-2026 01:43:56,-156.740027812137,-28.6330408656212,0,23,23,23,2,-28.6330408656212
01-Aug-2026 01:43:58,-169.508193712292,-41.4012067657766,0,23,23,23,2,-41.4012067657766
01-Aug-2026 01:44:00,-170.549482562033,-42.4424956155176,0,23,23,23,2,-42.4424956155176
01-Aug-2026 01:44:02,-170.396792426638,-42.2898054801221,0,24,24,24,3,-42.2898054801221
01-Aug-2026 01:44:04,-171.36498387891,-43.2579969323937,0,24,24,24,2,-43.2579969323937
01-Aug-2026 01:44:06,-171.022981594338,-42.9159946478217,0,24,24,24,1,-42.9159946478217
01-Aug-2026 01:44:08,-170.616747164337,-42.5097602178216,0,24,24,24,1,-42.5097602178216
01-Aug-2026 01:44:10,-170.643496931357,-42.5365099848412,0,25,25,25,1,-42.5365099848412
01-Aug-2026 01:44:12,-169.936387799723,-41.8294008532071,0,25,25,25,1,-41.8294008532071
01-Aug-2026 01:44:14,-3076.52655568589,-2948.41956873937,0,25,25,25,0,-2948.41956873937
01-Aug-2026 01:44:16,-3076.52655568589,-2948.41956873937,0,24,24,24,0,-2948.41956873937
01-Aug-2026 01:44:18,-3076.52655568589,-2948.41956873937,0,24,24,24,0,-2948.41956873937
01-Aug-2026 01:44:20,-3076.52655568589,-2948.41956873937,0,24,24,24,0,-2948.41956873937
01-Aug-2026 01:44:22,-3076.52655568589,-2948.41956873937,0,24,24,24,0,-2948.41956873937
01-Aug-2026 01:44:24,-3076.52655568589,-2948.41956873937,0,24,24,24,0,-2948.41956873937
01-Aug-2026 01:44:26,-160.206744742543,-32.0997577960267,0,24,24,24,1,-32.0997577960267
01-Aug-2026 01:44:28,-159.488057759508,-31.3810708129917,0,24,24,24,1,-31.3810708129917
01-Aug-2026 01:44:30,-159.955712654892,-31.8487257083765,0,24,24,24,2,-31.8487257083765
01-Aug-2026 01:44:32,-159.776255493785,-31.6692685472695,0,24,24,24,2,-31.6692685472695
01-Aug-2026 01:44:34,-160.229421383845,-32.1224344373294,0,24,24,24,2,-32.1224344373294
01-Aug-2026 01:44:36,-159.587651775679,-31.4806648291629,0,25,25,25,2,-31.4806648291629
01-Aug-2026 01:44:38,-160.846212499333,-32.7392255528175,0,25,25,25,2,-32.7392255528175
01-Aug-2026 01:44:40,-160.72413755823,-32.6171506117146,0,25,25,25,2,-32.6171506117146
01-Aug-2026 01:44:42,-160.725564364743,-32.6185774182271,0,24,24,24,2,-32.6185774182271
01-Aug-2026 01:44:44,-160.928485527849,-32.8214985813327,0,25,25,25,2,-32.8214985813327
01-Aug-2026 01:44:46,-161.83125206417,-33.7242651176539,0,25,25,25,3,-33.7242651176539
01-Aug-2026 01:44:48,-162.879703386238,-34.7727164397219,0,26,26,26,4,-34.7727164397219
01-Aug-2026 01:44:50,-162.975377505182,-34.8683905586662,0,26,26,26,4,-34.8683905586662
01-Aug-2026 01:44:52,-164.011068936382,-35.9040819898665,0,26,26,26,4,-35.9040819898665
01-Aug-2026 01:44:54,-166.004226715097,-37.897239768581,0,26,26,26,5,-37.897239768581
01-Aug-2026 01:44:56,-165.785971626634,-37.6789846801178,0,27,27,27,4,-37.6789846801178
01-Aug-2026 01:44:58,-165.322494076377,-37.2155071298606,0,27,27,27,4,-37.2155071298606
01-Aug-2026 01:45:00,-185.951512692321,-57.8445257458049,0,27,27,27,2,-57.8445257458049
01-Aug-2026 01:45:02,-185.28387298577,-57.1768860392543,0,27,27,27,2,-57.1768860392543
01-Aug-2026 01:45:04,-184.895444816539,-56.7884578700227,0,28,28,28,2,-56.7884578700227
01-Aug-2026 01:45:06,-184.562639159877,-56.4556522133615,0,28,28,28,2,-56.4556522133615
01-Aug-2026 01:45:08,-189.497072377969,-61.3900854314529,0,28,28,28,2,-61.3900854314529
01-Aug-2026 01:45:10,-189.244178128916,-61.1371911824,0,28,28,28,2,-61.1371911824
01-Aug-2026 01:45:12,-189.458438824229,-61.3514518777135,0,28,28,28,2,-61.3514518777135
01-Aug-2026 01:45:14,-189.524172159655,-61.4171852131392,0,28,28,28,2,-61.4171852131392
01-Aug-2026 01:45:16,-194.630246386582,-66.5232594400657,0,27,27,27,1,-66.5232594400657
01-Aug-2026 01:45:18,-195.131710512157,-67.0247235656406,0,27,27,27,1,-67.0247235656406
01-Aug-2026 01:45:20,-194.614923581241,-66.5079366347248,0,26,26,26,1,-66.5079366347248
01-Aug-2026 01:45:22,-195.634847869216,-67.5278609227002,0,26,26,26,1,-67.5278609227002
01-Aug-2026 01:45:24,-195.871527557853,-67.7645406113376,0,26,26,26,1,-67.7645406113376
01-Aug-2026 01:45:26,-168.701207451722,-40.5942205052062,0,26,26,26,4,-40.5942205052062
01-Aug-2026 01:45:28,-168.212433171201,-40.1054462246846,0,26,26,26,4,-40.1054462246846
01-Aug-2026 01:45:30,-167.633696880987,-39.5267099344707,0,26,26,26,5,-39.5267099344707
01-Aug-2026 01:45:32,-168.247844220774,-40.1408572742585,0,26,26,26,4,-40.1408572742585
01-Aug-2026 01:45:34,-168.153939890362,-40.0469529438465,0,26,26,26,4,-40.0469529438465
01-Aug-2026 01:45:36,-168.481410196416,-40.3744232499004,0,26,26,26,4,-40.3744232499004
01-Aug-2026 01:45:38,-168.970483246937,-40.863496300421,0,26,26,26,4,-40.863496300421
01-Aug-2026 01:45:40,-169.045531743385,-40.9385447968693,0,26,26,26,4,-40.9385447968693
01-Aug-2026 01:45:42,-169.354541479486,-41.24755453297,0,26,26,26,5,-41.24755453297
01-Aug-2026 01:45:44,-169.300832691437,-41.1938457449209,0,26,26,26,5,-41.1938457449209
01-Aug-2026 01:45:46,-169.19736299396,-41.0903760474439,0,26,26,26,5,-41.0903760474439
01-Aug-2026 01:45:48,-168.641804327533,-40.5348173810175,0,26,26,26,6,-40.5348173810175
01-Aug-2026 01:45:50,-163.19436620429,-35.0873792577741,0,26,26,26,7,-35.0873792577741
01-Aug-2026 01:45:52,-164.954245389209,-36.8472584426934,0,26,26,26,5,-36.8472584426934
01-Aug-2026 01:45:54,-164.631406744581,-36.5244197980655,0,26,26,26,5,-36.5244197980655
01-Aug-2026 01:45:56,-164.352138722495,-36.245151775979,0,26,26,26,4,-36.245151775979
01-Aug-2026 01:45:58,-160.447855050245,-32.3408681037288,0,26,26,26,7,-32.3408681037288
01-Aug-2026 01:46:00,-160.535284673031,-32.428297726515,0,26,26,26,6,-32.428297726515
01-Aug-2026 01:46:02,-163.285485431857,-35.178498485341,0,26,26,26,5,-35.178498485341
01-Aug-2026 01:46:04,-163.690756998116,-35.5837700515999,0,25,25,25,6,-35.5837700515999
01-Aug-2026 01:46:06,-161.040034954037,-32.9330480075207,0,25,25,25,8,-32.9330480075207
01-Aug-2026 01:46:08,-164.648538042528,-36.5415510960118,0,25,25,25,6,-36.5415510960118
01-Aug-2026 01:46:10,-164.894935840251,-36.7879488937354,0,25,25,25,5,-36.7879488937354
01-Aug-2026 01:46:12,-165.325291453059,-37.2183045065427,0,25,25,25,5,-37.2183045065427
01-Aug-2026 01:46:14,-165.304324710381,-37.1973377638649,0,25,25,25,5,-37.1973377638649
01-Aug-2026 01:46:16,-160.786070986274,-32.6790840397581,0,25,25,25,5,-32.6790840397581
01-Aug-2026 01:46:18,-159.560924495691,-31.4539375491754,0,24,24,24,6,-31.4539375491754
01-Aug-2026 01:46:20,-160.904525556717,-32.7975386102011,0,24,24,24,6,-32.7975386102011
01-Aug-2026 01:46:22,-161.100875366009,-32.9938884194927,0,24,24,24,6,-32.9938884194927
01-Aug-2026 01:46:24,-161.08947712656,-32.982490180044,0,23,23,23,6,-32.982490180044
01-Aug-2026 01:46:26,-161.261983202308,-33.1549962557924,0,23,23,23,6,-33.1549962557924
01-Aug-2026 01:46:28,-161.551691610584,-33.4447046640677,0,23,23,23,7,-33.4447046640677
01-Aug-2026 01:46:30,-161.309843208277,-33.202856261761,0,23,23,23,6,-33.202856261761
01-Aug-2026 01:46:32,-161.788093714111,-33.6811067675953,0,22,22,22,6,-33.6811067675953
01-Aug-2026 01:46:34,-160.922509308942,-32.8155223624262,0,22,22,22,6,-32.8155223624262
01-Aug-2026 01:46:36,-160.090581857998,-31.9835949114824,0,22,22,22,7,-31.9835949114824
01-Aug-2026 01:46:38,-159.849979226214,-31.742992279698,0,22,22,22,7,-31.742992279698
01-Aug-2026 01:46:40,-160.988634014714,-32.8816470681981,0,22,22,22,6,-32.8816470681981
01-Aug-2026 01:46:42,-161.19155250021,-33.0845655536943,0,23,23,23,6,-33.0845655536943
01-Aug-2026 01:46:44,-161.265672763068,-33.1586858165523,0,23,23,23,6,-33.1586858165523
01-Aug-2026 01:46:46,-162.713081878245,-34.6060949317287,0,23,23,23,6,-34.6060949317287
01-Aug-2026 01:46:48,-163.308112113088,-35.2011251665718,0,23,23,23,6,-35.2011251665718
01-Aug-2026 01:46:50,-163.629890199021,-35.5229032525056,0,23,23,23,5,-35.5229032525056
01-Aug-2026 01:46:52,-163.672823958121,-35.5658370116055,0,23,23,23,5,-35.5658370116055
01-Aug-2026 01:46:54,-180.630346583548,-52.5233596370325,0,23,23,23,5,-52.5233596370325
01-Aug-2026 01:46:56,-180.538055880247,-52.4310689337312,0,23,23,23,5,-52.4310689337312
01-Aug-2026 01:46:58,-180.048993959598,-51.9420070130824,0,23,23,23,5,-51.9420070130824
01-Aug-2026 01:47:00,-179.868353090871,-51.7613661443554,0,24,24,24,5,-51.7613661443554
01-Aug-2026 01:47:02,-179.685135557406,-51.5781486108898,0,24,24,24,5,-51.5781486108898
01-Aug-2026 01:47:04,-179.640262183508,-51.5332752369924,0,24,24,24,5,-51.5332752369924
01-Aug-2026 01:47:06,-179.298739710288,-51.1917527637722,0,25,25,25,6,-51.1917527637722
01-Aug-2026 01:47:08,-179.464496272226,-51.3575093257099,0,25,25,25,6,-51.3575093257099
01-Aug-2026 01:47:10,-179.028474034741,-50.9214870882251,0,25,25,25,6,-50.9214870882251
01-Aug-2026 01:47:12,-165.455628333521,-37.3486413870053,0,25,25,25,7,-37.3486413870053
01-Aug-2026 01:47:14,-165.377850859678,-37.270863913162,0,25,25,25,7,-37.270863913162
01-Aug-2026 01:47:16,-165.675660787849,-37.5686738413329,0,25,25,25,6,-37.5686738413329
01-Aug-2026 01:47:18,-165.484340237207,-37.3773532906916,0,25,25,25,6,-37.3773532906916
01-Aug-2026 01:47:20,-165.010671267429,-36.9036843209134,0,24,24,24,4,-36.9036843209134
01-Aug-2026 01:47:22,-165.797422743906,-37.6904357973898,0,24,24,24,5,-37.6904357973898
01-Aug-2026 01:47:24,-165.972031030246,-37.8650440837302,0,23,23,23,5,-37.8650440837302
01-Aug-2026 01:47:26,-166.102409615303,-37.9954226687875,0,23,23,23,6,-37.9954226687875
01-Aug-2026 01:47:28,-162.527037577122,-34.4200506306058,0,23,23,23,9,-34.4200506306058
01-Aug-2026 01:47:30,-162.973894600268,-34.8669076537517,0,23,23,23,9,-34.8669076537517
01-Aug-2026 01:47:32,-163.502787116277,-35.3958001697613,0,23,23,23,8,-35.3958001697613
01-Aug-2026 01:47:34,-164.16869528751,-36.0617083409944,0,23,23,23,8,-36.0617083409944
01-Aug-2026 01:47:36,-163.850517868336,-35.7435309218198,0,23,23,23,8,-35.7435309218198
01-Aug-2026 01:47:38,-163.79263312683,-35.6856461803146,0,23,23,23,8,-35.6856461803146
01-Aug-2026 01:47:40,-163.537636564118,-35.4306496176026,0,23,23,23,7,-35.4306496176026
01-Aug-2026 01:47:42,-163.577932771938,-35.4709458254222,0,23,23,23,7,-35.4709458254222
01-Aug-2026 01:47:44,-156.693057868525,-28.5860709220092,0,23,23,23,5,-28.5860709220092
01-Aug-2026 01:47:46,-156.169079290992,-28.0620923444764,0,23,23,23,5,-28.0620923444764
01-Aug-2026 01:47:48,-155.652253137906,-27.5452661913905,0,23,23,23,5,-27.5452661913905
01-Aug-2026 01:47:50,-154.694054395652,-26.5870674491362,0,24,24,24,5,-26.5870674491362
01-Aug-2026 01:47:52,-166.932936707013,-38.8259497604973,0,24,24,24,4,-38.8259497604973
01-Aug-2026 01:47:54,-167.168078942558,-39.0610919960424,0,24,24,24,4,-39.0610919960424
01-Aug-2026 01:47:56,-166.657335335414,-38.5503483888986,0,24,24,24,4,-38.5503483888986
01-Aug-2026 01:47:58,-167.0698892698,-38.9629023232842,0,25,25,25,4,-38.9629023232842
01-Aug-2026 01:48:00,-167.301162170724,-39.1941752242083,0,25,25,25,4,-39.1941752242083
01-Aug-2026 01:48:02,-167.804047621786,-39.69706067527,0,25,25,25,5,-39.69706067527
01-Aug-2026 01:48:04,-168.239734883912,-40.1327479373966,0,25,25,25,5,-40.1327479373966
01-Aug-2026 01:48:06,-157.510117212519,-29.4031302660028,0,24,24,24,5,-29.4031302660028
01-Aug-2026 01:48:08,-157.049476656371,-28.9424897098551,0,24,24,24,7,-28.9424897098551
01-Aug-2026 01:48:10,-156.841001546321,-28.7340145998054,0,24,24,24,7,-28.7340145998054
01-Aug-2026 01:48:12,-167.484043630083,-39.3770566835669,0,24,24,24,6,-39.3770566835669
01-Aug-2026 01:48:14,-168.146422609836,-40.0394356633201,0,24,24,24,6,-40.0394356633201
01-Aug-2026 01:48:16,-168.730979353314,-40.6239924067986,0,24,24,24,6,-40.6239924067986
01-Aug-2026 01:48:18,-169.226443206251,-41.1194562597347,0,24,24,24,6,-41.1194562597347
01-Aug-2026 01:48:20,-168.996664188041,-40.8896772415249,0,24,24,24,5,-40.8896772415249
01-Aug-2026 01:48:22,-168.838696031388,-40.7317090848719,0,24,24,24,6,-40.7317090848719
01-Aug-2026 01:48:24,-168.619819886117,-40.5128329396016,0,24,24,24,7,-40.5128329396016
01-Aug-2026 01:48:26,-169.107105709298,-41.0001187627824,0,24,24,24,6,-41.0001187627824
01-Aug-2026 01:48:28,-168.114919141261,-40.0079321947451,0,24,24,24,6,-40.0079321947451
01-Aug-2026 01:48:30,-168.616453753258,-40.5094668067424,0,24,24,24,6,-40.5094668067424
01-Aug-2026 01:48:32,-168.311238875662,-40.2042519291463,0,24,24,24,6,-40.2042519291463
01-Aug-2026 01:48:34,-167.586340104899,-39.4793531583836,0,24,24,24,5,-39.4793531583836
01-Aug-2026 01:48:36,-170.078234355464,-41.9712474089481,0,25,25,25,4,-41.9712474089481
01-Aug-2026 01:48:38,-170.461029327537,-42.354042381021,0,25,25,25,4,-42.354042381021
01-Aug-2026 01:48:40,-170.445353129482,-42.3383661829661,0,25,25,25,5,-42.3383661829661
01-Aug-2026 01:48:42,-170.630015326042,-42.5230283795258,0,25,25,25,5,-42.5230283795258
01-Aug-2026 01:48:44,-170.647154276948,-42.5401673304323,0,25,25,25,5,-42.5401673304323
01-Aug-2026 01:48:46,-177.562975151593,-49.4559882050775,0,26,26,26,5,-49.4559882050775
01-Aug-2026 01:48:48,-177.758584701124,-49.6515977546077,0,26,26,26,4,-49.6515977546077
01-Aug-2026 01:48:50,-178.411366621181,-50.3043796746654,0,26,26,26,4,-50.3043796746654
01-Aug-2026 01:48:52,-179.0283758315,-50.9213888849846,0,26,26,26,4,-50.9213888849846
01-Aug-2026 01:48:54,-179.23786883545,-51.1308818889345,0,26,26,26,4,-51.1308818889345
01-Aug-2026 01:48:56,-179.740587882586,-51.6336009360706,0,27,27,27,4,-51.6336009360706
01-Aug-2026 01:48:58,-179.779878813268,-51.6728918667519,0,27,27,27,5,-51.6728918667519
01-Aug-2026 01:49:00,-179.747221300898,-51.6402343543824,0,28,28,28,5,-51.6402343543824
01-Aug-2026 01:49:02,-177.390126369471,-49.2831394229548,0,28,28,28,6,-49.2831394229548
01-Aug-2026 01:49:04,-177.533115608584,-49.4261286620682,0,28,28,28,6,-49.4261286620682
01-Aug-2026 01:49:06,-174.025673376956,-45.9186864304403,0,28,28,28,7,-45.9186864304403
01-Aug-2026 01:49:08,-174.11658916834,-46.0096022218241,0,27,27,27,7,-46.0096022218241
01-Aug-2026 01:49:10,-173.514563821354,-45.4075768748381,0,27,27,27,7,-45.4075768748381
01-Aug-2026 01:49:12,-174.10108285488,-45.9940959083641,0,26,26,26,5,-45.9940959083641
01-Aug-2026 01:49:14,-173.72409766801,-45.617110721494,0,26,26,26,6,-45.617110721494
01-Aug-2026 01:49:16,-173.761091974115,-45.6541050275994,0,26,26,26,6,-45.6541050275994
01-Aug-2026 01:49:18,-174.027508235828,-45.9205212893119,0,26,26,26,7,-45.9205212893119
01-Aug-2026 01:49:20,-175.581910317073,-47.4749233705576,0,25,25,25,6,-47.4749233705576
01-Aug-2026 01:49:22,-175.254966848384,-47.1479799018681,0,25,25,25,5,-47.1479799018681
01-Aug-2026 01:49:24,-175.432728586533,-47.3257416400168,0,26,26,26,6,-47.3257416400168
01-Aug-2026 01:49:26,-175.787925327532,-47.6809383810159,0,26,26,26,5,-47.6809383810159
01-Aug-2026 01:49:28,-172.737298174544,-44.6303112280285,0,26,26,26,6,-44.6303112280285
01-Aug-2026 01:49:30,-173.303845448157,-45.1968585016413,0,26,26,26,5,-45.1968585016413
01-Aug-2026 01:49:32,-173.492196879199,-45.3852099326831,0,26,26,26,5,-45.3852099326831
01-Aug-2026 01:49:34,-173.644424094276,-45.5374371477605,0,26,26,26,5,-45.5374371477605
01-Aug-2026 01:49:36,-173.323038920655,-45.2160519741389,0,26,26,26,6,-45.2160519741389
01-Aug-2026 01:49:38,-173.820764255456,-45.7137773089397,0,26,26,26,5,-45.7137773089397
01-Aug-2026 01:49:40,-177.296354336838,-49.1893673903224,0,26,26,26,4,-49.1893673903224
01-Aug-2026 01:49:42,-177.07671795977,-48.9697310132546,0,26,26,26,4,-48.9697310132546
01-Aug-2026 01:49:44,-177.579431100871,-49.4724441543556,0,26,26,26,4,-49.4724441543556
01-Aug-2026 01:49:46,-180.483910486006,-52.3769235394905,0,25,25,25,4,-52.3769235394905
01-Aug-2026 01:49:48,-187.834665655209,-59.7276787086931,0,25,25,25,3,-59.7276787086931
01-Aug-2026 01:49:50,-188.360721786632,-60.2537348401166,0,25,25,25,3,-60.2537348401166
01-Aug-2026 01:49:52,-188.571864242165,-60.4648772956491,0,25,25,25,3,-60.4648772956491
01-Aug-2026 01:49:54,-187.446793335888,-59.3398063893725,0,25,25,25,4,-59.3398063893725
01-Aug-2026 01:49:56,-187.202407159692,-59.0954202131764,0,25,25,25,4,-59.0954202131764
01-Aug-2026 01:49:58,-187.509121032978,-59.4021340864625,0,25,25,25,4,-59.4021340864625
01-Aug-2026 01:50:00,-153.017723841286,-24.9107368947697,0,25,25,25,4,-24.9107368947697
01-Aug-2026 01:50:02,-153.300384009416,-25.1933970628997,0,25,25,25,4,-25.1933970628997
01-Aug-2026 01:50:04,-152.704831528755,-24.5978445822396,0,25,25,25,4,-24.5978445822396
01-Aug-2026 01:50:06,-151.974433060165,-23.8674461136489,0,25,25,25,4,-23.8674461136489
01-Aug-2026 01:50:08,-152.20960353306,-24.1026165865443,0,24,24,24,3,-24.1026165865443
01-Aug-2026 01:50:10,-152.576533288559,-24.4695463420435,0,24,24,24,4,-24.4695463420435
01-Aug-2026 01:50:12,-152.660774175421,-24.5537872289051,0,23,23,23,4,-24.5537872289051
01-Aug-2026 01:50:14,-153.051420575564,-24.944433629048,0,23,23,23,4,-24.944433629048
01-Aug-2026 01:50:16,-154.042985757514,-25.9359988109985,0,23,23,23,5,-25.9359988109985
01-Aug-2026 01:50:18,-155.1805401259,-27.0735531793837,0,23,23,23,6,-27.0735531793837
01-Aug-2026 01:50:20,-155.554133066085,-27.4471461195687,0,22,22,22,6,-27.4471461195687
01-Aug-2026 01:50:22,-157.418699208712,-29.3117122621956,0,22,22,22,7,-29.3117122621956
01-Aug-2026 01:50:24,-157.540010463593,-29.4330235170773,0,22,22,22,7,-29.4330235170773
01-Aug-2026 01:50:26,-162.503025125343,-34.3960381788273,0,22,22,22,7,-34.3960381788273
01-Aug-2026 01:50:28,-163.736736376675,-35.6297494301589,0,22,22,22,7,-35.6297494301589
01-Aug-2026 01:50:30,-163.329033942016,-35.2220469955001,0,22,22,22,6,-35.2220469955001
01-Aug-2026 01:50:32,-162.95047996178,-34.8434930152645,0,23,23,23,6,-34.8434930152645
01-Aug-2026 01:50:34,-162.117497576018,-34.0105106295025,0,23,23,23,6,-34.0105106295025
01-Aug-2026 01:50:36,-162.044031393216,-33.9370444467003,0,23,23,23,6,-33.9370444467003
01-Aug-2026 01:50:38,-161.990604132924,-33.883617186408,0,23,23,23,6,-33.883617186408
01-Aug-2026 01:50:40,-162.389800792888,-34.2828138463717,0,23,23,23,6,-34.2828138463717
01-Aug-2026 01:50:42,-161.94746524646,-33.8404782999436,0,23,23,23,6,-33.8404782999436
01-Aug-2026 01:50:44,-161.805616125264,-33.6986291787477,0,23,23,23,5,-33.6986291787477
01-Aug-2026 01:50:46,-161.393252316614,-33.2862653700979,0,23,23,23,5,-33.2862653700979
01-Aug-2026 01:50:48,-161.089325347395,-32.9823384008793,0,23,23,23,6,-32.9823384008793
01-Aug-2026 01:50:50,-160.98634976281,-32.879362816294,0,24,24,24,6,-32.879362816294
01-Aug-2026 01:50:52,-161.53207404996,-33.4250871034437,0,24,24,24,5,-33.4250871034437
01-Aug-2026 01:50:54,-162.042632405618,-33.9356454591019,0,25,25,25,5,-33.9356454591019
01-Aug-2026 01:50:56,-162.172108204592,-34.0651212580762,0,25,25,25,5,-34.0651212580762
01-Aug-2026 01:50:58,-175.428049915187,-47.3210629686712,0,25,25,25,3,-47.3210629686712
01-Aug-2026 01:51:00,-175.840521727935,-47.7335347814189,0,25,25,25,3,-47.7335347814189
01-Aug-2026 01:51:02,-162.859219633752,-34.7522326872359,0,25,25,25,4,-34.7522326872359
01-Aug-2026 01:51:04,-162.655147929919,-34.5481609834029,0,25,25,25,3,-34.5481609834029
01-Aug-2026 01:51:06,-162.668254099061,-34.561267152545,0,25,25,25,3,-34.561267152545
01-Aug-2026 01:51:08,-163.940356251903,-35.8333693053871,0,25,25,25,2,-35.8333693053871
01-Aug-2026 01:51:10,-163.640442849422,-35.5334559029058,0,24,24,24,2,-35.5334559029058
01-Aug-2026 01:51:12,-163.940407388827,-35.8334204423111,0,24,24,24,3,-35.8334204423111
01-Aug-2026 01:51:14,-163.951816397469,-35.8448294509529,0,24,24,24,3,-35.8448294509529
01-Aug-2026 01:51:16,-163.63172977867,-35.5247428321543,0,24,24,24,4,-35.5247428321543
01-Aug-2026 01:51:18,-163.16394651866,-35.0569595721438,0,24,24,24,4,-35.0569595721438
01-Aug-2026 01:51:20,-162.607819794217,-34.5008328477016,0,23,23,23,5,-34.5008328477016
01-Aug-2026 01:51:22,-162.268694177527,-34.1617072310115,0,23,23,23,5,-34.1617072310115
01-Aug-2026 01:51:24,-162.542643404698,-34.4356564581818,0,23,23,23,3,-34.4356564581818
01-Aug-2026 01:51:26,-162.228980654099,-34.1219937075833,0,23,23,23,1,-34.1219937075833
01-Aug-2026 01:51:28,-162.067480133938,-33.9604931874223,0,23,23,23,1,-33.9604931874223
01-Aug-2026 01:51:30,-162.586817876651,-34.4798309301354,0,23,23,23,1,-34.4798309301354
01-Aug-2026 01:51:32,-161.974292501489,-33.8673055549733,0,23,23,23,1,-33.8673055549733
01-Aug-2026 01:51:34,-161.357453478844,-33.250466532328,0,23,23,23,1,-33.250466532328
01-Aug-2026 01:51:36,-160.924388507218,-32.8174015607024,0,23,23,23,2,-32.8174015607024
01-Aug-2026 01:51:38,-160.746738518721,-32.6397515722047,0,23,23,23,3,-32.6397515722047
01-Aug-2026 01:51:40,-161.153845931579,-33.046858985063,0,23,23,23,3,-33.046858985063
01-Aug-2026 01:51:42,-160.588127651415,-32.4811407048992,0,23,23,23,3,-32.4811407048992
01-Aug-2026 01:51:44,-160.284406293783,-32.1774193472675,0,23,23,23,3,-32.1774193472675
01-Aug-2026 01:51:46,-160.174971746736,-32.0679848002197,0,24,24,24,3,-32.0679848002197
01-Aug-2026 01:51:48,-159.917262384392,-31.810275437876,0,24,24,24,4,-31.810275437876
01-Aug-2026 01:51:50,-159.771053142747,-31.6640661962316,0,25,25,25,4,-31.6640661962316
01-Aug-2026 01:51:52,-158.809046492451,-30.7020595459355,0,25,25,25,4,-30.7020595459355
01-Aug-2026 01:51:54,-180.720109939235,-52.613122992719,0,25,25,25,2,-52.613122992719
01-Aug-2026 01:51:56,-180.98895875575,-52.8819718092343,0,25,25,25,2,-52.8819718092343
01-Aug-2026 01:51:58,-180.948447599089,-52.8414606525733,0,24,24,24,1,-52.8414606525733
01-Aug-2026 01:52:00,-178.718832475772,-50.6118455292562,0,24,24,24,2,-50.6118455292562
01-Aug-2026 01:52:02,-178.403370637231,-50.2963836907156,0,24,24,24,2,-50.2963836907156
01-Aug-2026 01:52:04,-168.097679028441,-39.9906920819251,0,24,24,24,3,-39.9906920819251
01-Aug-2026 01:52:06,-178.207775385058,-50.1007884385424,0,24,24,24,3,-50.1007884385424
01-Aug-2026 01:52:08,-178.004023441154,-49.8970364946379,0,24,24,24,3,-49.8970364946379
01-Aug-2026 01:52:10,-177.867853497508,-49.7608665509923,0,24,24,24,3,-49.7608665509923
01-Aug-2026 01:52:12,-179.236404244277,-51.1294172977609,0,24,24,24,2,-51.1294172977609
01-Aug-2026 01:52:14,-178.53309956262,-50.4261126161046,0,24,24,24,2,-50.4261126161046
01-Aug-2026 01:52:16,-178.441048182405,-50.3340612358887,0,24,24,24,2,-50.3340612358887
01-Aug-2026 01:52:18,-178.247140210566,-50.1401532640497,0,24,24,24,2,-50.1401532640497
01-Aug-2026 01:52:20,-178.058108913383,-49.9511219668672,0,24,24,24,3,-49.9511219668672
01-Aug-2026 01:52:22,-177.358717702355,-49.251730755839,0,24,24,24,3,-49.251730755839
01-Aug-2026 01:52:24,-176.690783618318,-48.5837966718025,0,24,24,24,2,-48.5837966718025
01-Aug-2026 01:52:26,-176.017828667862,-47.9108417213461,0,24,24,24,2,-47.9108417213461
01-Aug-2026 01:52:28,-175.535504246847,-47.4285173003307,0,25,25,25,2,-47.4285173003307
01-Aug-2026 01:52:30,-175.167755591942,-47.0607686454261,0,25,25,25,2,-47.0607686454261
01-Aug-2026 01:52:32,-174.535932395823,-46.4289454493069,0,25,25,25,4,-46.4289454493069
01-Aug-2026 01:52:34,-174.591530973624,-46.4845440271079,0,25,25,25,3,-46.4845440271079
01-Aug-2026 01:52:36,-174.473358038256,-46.3663710917397,0,25,25,25,4,-46.3663710917397
01-Aug-2026 01:52:38,-174.059246068156,-45.9522591216398,0,26,26,26,4,-45.9522591216398
01-Aug-2026 01:52:40,-174.059846825431,-45.9528598789148,0,26,26,26,4,-45.9528598789148
01-Aug-2026 01:52:42,-173.527779710132,-45.4207927636159,0,26,26,26,4,-45.4207927636159
01-Aug-2026 01:52:44,-173.391334147224,-45.2843472007083,0,26,26,26,4,-45.2843472007083
01-Aug-2026 01:52:46,-172.718649313879,-44.6116623673633,0,27,27,27,5,-44.6116623673633
01-Aug-2026 01:52:48,-172.614185545846,-44.5071985993303,0,27,27,27,5,-44.5071985993303
01-Aug-2026 01:52:50,-159.634652265343,-31.5276653188273,0,27,27,27,6,-31.5276653188273
01-Aug-2026 01:52:52,-173.97671457823,-45.8697276317139,0,27,27,27,6,-45.8697276317139
01-Aug-2026 01:52:54,-173.518672034838,-45.4116850883223,0,27,27,27,7,-45.4116850883223
01-Aug-2026 01:52:56,-173.878269683205,-45.7712827366891,0,27,27,27,7,-45.7712827366891
01-Aug-2026 01:52:58,-174.270264990111,-46.1632780435956,0,26,26,26,7,-46.1632780435956
01-Aug-2026 01:53:00,-174.790997461184,-46.6840105146682,0,26,26,26,7,-46.6840105146682
01-Aug-2026 01:53:02,-174.626367291624,-46.5193803451079,0,26,26,26,7,-46.5193803451079
01-Aug-2026 01:53:04,-174.78243999923,-46.6754530527142,0,25,25,25,6,-46.6754530527142
01-Aug-2026 01:53:06,-175.962418668584,-47.8554317220685,0,25,25,25,5,-47.8554317220685
01-Aug-2026 01:53:08,-175.954305824995,-47.8473188784795,0,24,24,24,6,-47.8473188784795
01-Aug-2026 01:53:10,-176.42468784086,-48.3177008943444,0,24,24,24,6,-48.3177008943444
01-Aug-2026 01:53:12,-176.891279102906,-48.7842921563901,0,24,24,24,6,-48.7842921563901
01-Aug-2026 01:53:14,-177.123981776961,-49.0169948304447,0,24,24,24,6,-49.0169948304447
01-Aug-2026 01:53:16,-177.492355046308,-49.3853680997919,0,24,24,24,5,-49.3853680997919
01-Aug-2026 01:53:18,-177.98454337708,-49.8775564305641,0,25,25,25,6,-49.8775564305641
01-Aug-2026 01:53:20,-177.290325441396,-49.1833384948806,0,25,25,25,7,-49.1833384948806
01-Aug-2026 01:53:22,-178.130890900139,-50.0239039536235,0,25,25,25,6,-50.0239039536235
01-Aug-2026 01:53:24,-158.345554886968,-30.238567940452,0,26,26,26,5,-30.238567940452
01-Aug-2026 01:53:26,-159.33232748479,-31.2253405382746,0,25,25,25,5,-31.2253405382746
01-Aug-2026 01:53:28,-159.397219522698,-31.2902325761822,0,25,25,25,5,-31.2902325761822
01-Aug-2026 01:53:30,-159.248763079316,-31.1417761328001,0,25,25,25,5,-31.1417761328001
01-Aug-2026 01:53:32,-159.716638872048,-31.609651925532,0,25,25,25,5,-31.609651925532
01-Aug-2026 01:53:34,-159.321118559019,-31.2141316125027,0,25,25,25,5,-31.2141316125027
01-Aug-2026 01:53:36,-159.583126102172,-31.4761391556559,0,25,25,25,5,-31.4761391556559
01-Aug-2026 01:53:38,-160.083132969222,-31.9761460227066,0,25,25,25,4,-31.9761460227066
01-Aug-2026 01:53:40,-160.755297991467,-32.6483110449513,0,25,25,25,2,-32.6483110449513
01-Aug-2026 01:53:42,-159.618966506361,-31.5119795598447,0,25,25,25,2,-31.5119795598447
01-Aug-2026 01:53:44,-159.716474611362,-31.6094876648462,0,25,25,25,3,-31.6094876648462
01-Aug-2026 01:53:46,-159.453679605918,-31.3466926594019,0,25,25,25,3,-31.3466926594019
01-Aug-2026 01:53:48,-159.214842625828,-31.1078556793119,0,25,25,25,2,-31.1078556793119
01-Aug-2026 01:53:50,-159.406171427413,-31.2991844808967,0,25,25,25,3,-31.2991844808967
01-Aug-2026 01:53:52,-159.917086650496,-31.8100997039806,0,25,25,25,4,-31.8100997039806
01-Aug-2026 01:53:54,-160.319407721422,-32.2124207749059,0,25,25,25,4,-32.2124207749059
01-Aug-2026 01:53:56,-160.566498666158,-32.4595117196424,0,24,24,24,3,-32.4595117196424
01-Aug-2026 01:53:58,-159.853221466242,-31.7462345197257,0,24,24,24,3,-31.7462345197257
01-Aug-2026 01:54:00,-159.943787419234,-31.8368004727183,0,23,23,23,5,-31.8368004727183
01-Aug-2026 01:54:02,-158.686839193506,-30.5798522469901,0,23,23,23,6,-30.5798522469901
01-Aug-2026 01:54:04,-158.490503256571,-30.3835163100556,0,23,23,23,6,-30.3835163100556
01-Aug-2026 01:54:06,-158.856088842858,-30.7491018963422,0,22,22,22,6,-30.7491018963422
01-Aug-2026 01:54:08,-158.144358800374,-30.0373718538578,0,22,22,22,5,-30.0373718538578
01-Aug-2026 01:54:10,-158.2140091896,-30.1070222430845,0,22,22,22,6,-30.1070222430845
01-Aug-2026 01:54:12,-158.366704151692,-30.259717205176,0,22,22,22,6,-30.259717205176
01-Aug-2026 01:54:14,-159.046479152087,-30.9394922055715,0,22,22,22,5,-30.9394922055715
01-Aug-2026 01:54:16,-152.784872426626,-24.6778854801103,0,22,22,22,7,-24.6778854801103
01-Aug-2026 01:54:18,-153.599312657092,-25.4923257105765,0,22,22,22,6,-25.4923257105765
01-Aug-2026 01:54:20,-153.891112089363,-25.7841251428475,0,22,22,22,6,-25.7841251428475
01-Aug-2026 01:54:22,-153.994522908614,-25.887535962098,0,22,22,22,7,-25.887535962098
01-Aug-2026 01:54:24,-154.29031368482,-26.183326738304,0,23,23,23,7,-26.183326738304
01-Aug-2026 01:54:26,-154.939602507389,-26.8326155608731,0,23,23,23,5,-26.8326155608731
01-Aug-2026 01:54:28,-155.760708560396,-27.6537216138803,0,23,23,23,4,-27.6537216138803
01-Aug-2026 01:54:30,-156.015038549684,-27.9080516031677,0,23,23,23,5,-27.9080516031677
01-Aug-2026 01:54:32,-156.848329138766,-28.7413421922496,0,23,23,23,5,-28.7413421922496
01-Aug-2026 01:54:34,-157.330375318357,-29.2233883718408,0,23,23,23,5,-29.2233883718408
01-Aug-2026 01:54:36,-157.317859645425,-29.2108726989089,0,23,23,23,5,-29.2108726989089
01-Aug-2026 01:54:38,-158.298427957021,-30.1914410105048,0,24,24,24,5,-30.1914410105048
01-Aug-2026 01:54:40,-160.487949845028,-32.3809628985122,0,24,24,24,5,-32.3809628985122
01-Aug-2026 01:54:42,-171.753437042082,-43.6464500955664,0,24,24,24,4,-43.6464500955664
01-Aug-2026 01:54:44,-171.707335152369,-43.6003482058535,0,25,25,25,5,-43.6003482058535
01-Aug-2026 01:54:46,-183.851205441993,-55.7442184954776,0,24,24,24,4,-55.7442184954776
01-Aug-2026 01:54:48,-184.082948170118,-55.9759612236024,0,24,24,24,4,-55.9759612236024
01-Aug-2026 01:54:50,-184.143001255405,-56.0360143088893,0,24,24,24,4,-56.0360143088893
01-Aug-2026 01:54:52,-184.412006445475,-56.3050194989594,0,24,24,24,3,-56.3050194989594
01-Aug-2026 01:54:54,-160.472611836242,-32.3656248897261,0,24,24,24,3,-32.3656248897261
01-Aug-2026 01:54:56,-160.853833822684,-32.7468468761679,0,24,24,24,5,-32.7468468761679
01-Aug-2026 01:54:58,-161.245446736993,-33.1384597904771,0,24,24,24,4,-33.1384597904771
01-Aug-2026 01:55:00,-160.893402320386,-32.7864153738698,0,24,24,24,6,-32.7864153738698
01-Aug-2026 01:55:02,-161.162096594936,-33.0551096484204,0,23,23,23,6,-33.0551096484204
01-Aug-2026 01:55:04,-161.341158999059,-33.2341720525431,0,23,23,23,6,-33.2341720525431
01-Aug-2026 01:55:06,-161.409934328141,-33.302947381625,0,23,23,23,7,-33.302947381625
01-Aug-2026 01:55:08,-160.875826096297,-32.7688391497815,0,23,23,23,6,-32.7688391497815
01-Aug-2026 01:55:10,-161.892441923406,-33.7854549768905,0,23,23,23,4,-33.7854549768905
01-Aug-2026 01:55:12,-190.515125552964,-62.408138606448,0,23,23,23,3,-62.408138606448
01-Aug-2026 01:55:14,-190.305251982994,-62.198265036478,0,22,22,22,3,-62.198265036478
01-Aug-2026 01:55:16,-190.44196769123,-62.3349807447139,0,22,22,22,3,-62.3349807447139
01-Aug-2026 01:55:18,-190.657399836764,-62.5504128902479,0,22,22,22,3,-62.5504128902479
01-Aug-2026 01:55:20,-182.835509745539,-54.7285227990236,0,22,22,22,4,-54.7285227990236
01-Aug-2026 01:55:22,-182.865317329571,-54.7583303830548,0,23,23,23,4,-54.7583303830548
01-Aug-2026 01:55:24,-183.17522621478,-55.0682392682645,0,23,23,23,4,-55.0682392682645
01-Aug-2026 01:55:26,-183.89645362311,-55.7894666765945,0,23,23,23,3,-55.7894666765945
01-Aug-2026 01:55:28,-179.975205529549,-51.8682185830335,0,23,23,23,4,-51.8682185830335
01-Aug-2026 01:55:30,-183.779331553525,-55.6723446070087,0,24,24,24,3,-55.6723446070087
01-Aug-2026 01:55:32,-183.494856935104,-55.3878699885882,0,25,25,25,3,-55.3878699885882
01-Aug-2026 01:55:34,-184.093133859019,-55.9861469125034,0,25,25,25,2,-55.9861469125034
01-Aug-2026 01:55:36,-184.324060659726,-56.2170737132099,0,25,25,25,2,-56.2170737132099
01-Aug-2026 01:55:38,-184.151946987119,-56.0449600406033,0,25,25,25,2,-56.0449600406033
01-Aug-2026 01:55:40,-175.64791512019,-47.5409281736742,0,25,25,25,3,-47.5409281736742
01-Aug-2026 01:55:42,-152.787714436901,-24.6807274903847,0,25,25,25,4,-24.6807274903847
01-Aug-2026 01:55:44,-152.427325739143,-24.3203387926276,0,25,25,25,4,-24.3203387926276
01-Aug-2026 01:55:46,-151.060634256544,-22.9536473100286,0,25,25,25,5,-22.9536473100286
01-Aug-2026 01:55:48,-149.578192517334,-21.471205570818,0,24,24,24,6,-21.471205570818
01-Aug-2026 01:55:50,-149.36654710956,-21.2595601630441,0,24,24,24,6,-21.2595601630441
01-Aug-2026 01:55:52,-148.458532697825,-20.3515457513089,0,24,24,24,5,-20.3515457513089
01-Aug-2026 01:55:54,-154.206781178456,-26.0997942319398,0,24,24,24,6,-26.0997942319398
01-Aug-2026 01:55:56,-174.872752589463,-46.7657656429473,0,24,24,24,4,-46.7657656429473
01-Aug-2026 01:55:58,-183.720889958239,-55.613903011723,0,24,24,24,3,-55.613903011723
01-Aug-2026 01:56:00,-171.251905808849,-43.1449188623326,0,24,24,24,4,-43.1449188623326
01-Aug-2026 01:56:02,-168.81432933698,-40.7073423904638,0,24,24,24,5,-40.7073423904638
01-Aug-2026 01:56:04,-162.846644923783,-34.7396579772667,0,24,24,24,6,-34.7396579772667
01-Aug-2026 01:56:06,-162.962576423283,-34.8555894767676,0,24,24,24,6,-34.8555894767676
01-Aug-2026 01:56:08,-163.317662400675,-35.2106754541594,0,24,24,24,6,-35.2106754541594
01-Aug-2026 01:56:10,-163.120486572469,-35.0134996259528,0,24,24,24,6,-35.0134996259528
01-Aug-2026 01:56:12,-162.729666189246,-34.6226792427298,0,24,24,24,7,-34.6226792427298
01-Aug-2026 01:56:14,-162.884318587897,-34.7773316413811,0,24,24,24,8,-34.7773316413811
01-Aug-2026 01:56:16,-163.389731144332,-35.2827441978162,0,24,24,24,9,-35.2827441978162
01-Aug-2026 01:56:18,-164.064058411565,-35.9570714650491,0,24,24,24,9,-35.9570714650491
01-Aug-2026 01:56:20,-164.143725248229,-36.0367383017127,0,25,25,25,9,-36.0367383017127
01-Aug-2026 01:56:22,-164.386481040401,-36.2794940938856,0,25,25,25,10,-36.2794940938856
01-Aug-2026 01:56:24,-164.322157205503,-36.2151702589869,0,25,25,25,9,-36.2151702589869
01-Aug-2026 01:56:26,-164.346428935297,-36.2394419887811,0,25,25,25,8,-36.2394419887811
01-Aug-2026 01:56:28,-164.694553539697,-36.5875665931811,0,26,26,26,8,-36.5875665931811
01-Aug-2026 01:56:30,-164.804575742092,-36.6975887955762,0,26,26,26,7,-36.6975887955762
01-Aug-2026 01:56:32,-164.197017656163,-36.0900307096474,0,26,26,26,9,-36.0900307096474
01-Aug-2026 01:56:34,-167.893759077006,-39.78677213049,0,26,26,26,10,-39.78677213049
01-Aug-2026 01:56:36,-155.881335442486,-27.7743484959699,0,26,26,26,10,-27.7743484959699
01-Aug-2026 01:56:38,-156.616642971847,-28.5096560253315,0,27,27,27,9,-28.5096560253315
01-Aug-2026 01:56:40,-157.787427057282,-29.6804401107661,0,27,27,27,8,-29.6804401107661
01-Aug-2026 01:56:42,-158.443038834967,-30.3360518884515,0,27,27,27,7,-30.3360518884515
01-Aug-2026 01:56:44,-158.983229965818,-30.8762430193018,0,27,27,27,7,-30.8762430193018
01-Aug-2026 01:56:46,-159.756604051858,-31.6496171053418,0,27,27,27,7,-31.6496171053418
01-Aug-2026 01:56:48,-160.078090874323,-31.9711039278069,0,26,26,26,8,-31.9711039278069
01-Aug-2026 01:56:50,-160.748170558247,-32.6411836117311,0,26,26,26,7,-32.6411836117311
01-Aug-2026 01:56:52,-161.196203201791,-33.0892162552754,0,26,26,26,5,-33.0892162552754
01-Aug-2026 01:56:54,-181.198143997401,-53.0911570508846,0,25,25,25,4,-53.0911570508846
01-Aug-2026 01:56:56,-180.926314733442,-52.8193277869262,0,24,24,24,4,-52.8193277869262
01-Aug-2026 01:56:58,-186.842535355031,-58.7355484085153,0,24,24,24,2,-58.7355484085153
01-Aug-2026 01:57:00,-184.912212532288,-56.8052255857719,0,24,24,24,3,-56.8052255857719
01-Aug-2026 01:57:02,-184.910314255906,-56.8033273093905,0,24,24,24,3,-56.8033273093905
01-Aug-2026 01:57:04,-160.997566323354,-32.8905793768384,0,24,24,24,4,-32.8905793768384
01-Aug-2026 01:57:06,-161.58616768915,-33.4791807426337,0,23,23,23,5,-33.4791807426337
01-Aug-2026 01:57:08,-161.569050412242,-33.4620634657257,0,23,23,23,5,-33.4620634657257
01-Aug-2026 01:57:10,-161.31066778669,-33.2036808401739,0,24,24,24,5,-33.2036808401739
01-Aug-2026 01:57:12,-159.993029138815,-31.8860421922992,0,24,24,24,5,-31.8860421922992
01-Aug-2026 01:57:14,-159.948711061479,-31.8417241149629,0,24,24,24,5,-31.8417241149629
01-Aug-2026 01:57:16,-159.532817034089,-31.4258300875729,0,24,24,24,5,-31.4258300875729
01-Aug-2026 01:57:18,-158.642978618992,-30.5359916724763,0,24,24,24,7,-30.5359916724763
01-Aug-2026 01:57:20,-157.685682900586,-29.5786959540706,0,24,24,24,6,-29.5786959540706
01-Aug-2026 01:57:22,-160.734590509848,-32.6276035633321,0,24,24,24,5,-32.6276035633321
01-Aug-2026 01:57:24,-163.722467456333,-35.6154805098175,0,24,24,24,4,-35.6154805098175
01-Aug-2026 01:57:26,-163.682090722324,-35.575103775808,0,24,24,24,4,-35.575103775808
01-Aug-2026 01:57:28,-163.581463921939,-35.4744769754234,0,24,24,24,4,-35.4744769754234
01-Aug-2026 01:57:30,-165.531894842805,-37.4249078962888,0,24,24,24,3,-37.4249078962888
01-Aug-2026 01:57:32,-165.285305148627,-37.1783182021111,0,24,24,24,3,-37.1783182021111
01-Aug-2026 01:57:34,-165.364663732524,-37.2576767860083,0,24,24,24,5,-37.2576767860083
01-Aug-2026 01:57:36,-165.268254591504,-37.1612676449884,0,24,24,24,6,-37.1612676449884
01-Aug-2026 01:57:38,-165.131283103284,-37.0242961567677,0,24,24,24,6,-37.0242961567677
01-Aug-2026 01:57:40,-164.716579227657,-36.6095922811408,0,24,24,24,6,-36.6095922811408
01-Aug-2026 01:57:42,-159.539049578006,-31.4320626314898,0,24,24,24,7,-31.4320626314898
01-Aug-2026 01:57:44,-159.613419143539,-31.506432197023,0,23,23,23,7,-31.506432197023
01-Aug-2026 01:57:46,-158.922740958671,-30.8157540121556,0,23,23,23,7,-30.8157540121556
01-Aug-2026 01:57:48,-158.678173757338,-30.5711868108226,0,22,22,22,6,-30.5711868108226
01-Aug-2026 01:57:50,-158.742632870124,-30.6356459236077,0,22,22,22,6,-30.6356459236077
01-Aug-2026 01:57:52,-158.805567306973,-30.6985803604567,0,22,22,22,6,-30.6985803604567
01-Aug-2026 01:57:54,-159.051625995662,-30.9446390491465,0,21,21,21,6,-30.9446390491465
01-Aug-2026 01:57:56,-159.219137736766,-31.1121507902502,0,21,21,21,5,-31.1121507902502
01-Aug-2026 01:57:58,-158.860141514395,-30.7531545678787,0,21,21,21,5,-30.7531545678787
01-Aug-2026 01:58:00,-164.664769686588,-36.5577827400719,0,21,21,21,3,-36.5577827400719
01-Aug-2026 01:58:02,-164.571899868733,-36.4649129222169,0,21,21,21,3,-36.4649129222169
01-Aug-2026 01:58:04,-164.597432987954,-36.4904460414377,0,21,21,21,3,-36.4904460414377
01-Aug-2026 01:58:06,-164.87170497526,-36.7647180287442,0,21,21,21,3,-36.7647180287442
01-Aug-2026 01:58:08,-187.329429612856,-59.22244266634,0,21,21,21,2,-59.22244266634
01-Aug-2026 01:58:10,-187.552477727716,-59.4454907811998,0,21,21,21,2,-59.4454907811998
01-Aug-2026 01:58:12,-187.44560170815,-59.3386147616337,0,21,21,21,2,-59.3386147616337
01-Aug-2026 01:58:14,-186.16616774288,-58.0591807963642,0,22,22,22,3,-58.0591807963642
01-Aug-2026 01:58:16,-183.78423254984,-55.6772456033242,0,22,22,22,4,-55.6772456033242
01-Aug-2026 01:58:18,-168.374059910516,-40.2670729640004,0,22,22,22,4,-40.2670729640004
01-Aug-2026 01:58:20,-160.218059845961,-32.1110728994454,0,22,22,22,6,-32.1110728994454
01-Aug-2026 01:58:22,-160.801672030374,-32.6946850838582,0,22,22,22,6,-32.6946850838582
01-Aug-2026 01:58:24,-161.05141514296,-32.9444281964445,0,22,22,22,6,-32.9444281964445
01-Aug-2026 01:58:26,-161.296540399939,-33.1895534534228,0,22,22,22,8,-33.1895534534228
01-Aug-2026 01:58:28,-161.787961584064,-33.6809746375477,0,23,23,23,7,-33.6809746375477
01-Aug-2026 01:58:30,-161.60860391833,-33.501616971814,0,23,23,23,8,-33.501616971814
01-Aug-2026 01:58:32,-161.999486502932,-33.8924995564157,0,24,24,24,9,-33.8924995564157
01-Aug-2026 01:58:34,-162.815494044803,-34.7085070982869,0,24,24,24,9,-34.7085070982869
01-Aug-2026 01:58:36,-162.588357275601,-34.4813703290849,0,24,24,24,9,-34.4813703290849
01-Aug-2026 01:58:38,-162.47591551795,-34.3689285714344,0,24,24,24,9,-34.3689285714344
01-Aug-2026 01:58:40,-162.802011259265,-34.6950243127492,0,24,24,24,9,-34.6950243127492
01-Aug-2026 01:58:42,-166.555411433369,-38.4484244868535,0,24,24,24,8,-38.4484244868535
01-Aug-2026 01:58:44,-167.732231141788,-39.625244195272,0,24,24,24,7,-39.625244195272
01-Aug-2026 01:58:46,-167.387857106101,-39.2808701595847,0,24,24,24,7,-39.2808701595847
01-Aug-2026 01:58:48,-167.310787238584,-39.2038002920686,0,24,24,24,7,-39.2038002920686
01-Aug-2026 01:58:50,-166.612418805439,-38.5054318589227,0,24,24,24,6,-38.5054318589227
01-Aug-2026 01:58:52,-166.745521391745,-38.6385344452287,0,23,23,23,6,-38.6385344452287
01-Aug-2026 01:58:54,-166.760736037568,-38.6537490910524,0,23,23,23,6,-38.6537490910524
01-Aug-2026 01:58:56,-166.982498865621,-38.8755119191053,0,23,23,23,5,-38.8755119191053
01-Aug-2026 01:58:58,-167.041125284854,-38.9341383383383,0,23,23,23,5,-38.9341383383383
01-Aug-2026 01:59:00,-165.901946217764,-37.794959271248,0,23,23,23,5,-37.794959271248
01-Aug-2026 01:59:02,-163.101217853002,-34.9942309064858,0,23,23,23,6,-34.9942309064858
01-Aug-2026 01:59:04,-163.152327774486,-35.0453408279706,0,23,23,23,5,-35.0453408279706
01-Aug-2026 01:59:06,-162.596423217321,-34.4894362708048,0,22,22,22,5,-34.4894362708048
01-Aug-2026 01:59:08,-162.395037042623,-34.2880500961071,0,23,23,23,6,-34.2880500961071
01-Aug-2026 01:59:10,-162.347045274871,-34.240058328355,0,24,24,24,6,-34.240058328355
01-Aug-2026 01:59:12,-162.092565908712,-33.9855789621965,0,24,24,24,4,-33.9855789621965
01-Aug-2026 01:59:14,-162.287275747463,-34.1802888009476,0,24,24,24,4,-34.1802888009476
01-Aug-2026 01:59:16,-162.255181874722,-34.1481949282065,0,24,24,24,4,-34.1481949282065
01-Aug-2026 01:59:18,-161.846834197081,-33.7398472505647,0,24,24,24,4,-33.7398472505647
01-Aug-2026 01:59:20,-161.426372114524,-33.3193851680082,0,25,25,25,4,-33.3193851680082
01-Aug-2026 01:59:22,-160.980369986524,-32.8733830400077,0,25,25,25,4,-32.8733830400077
01-Aug-2026 01:59:24,-166.013086302838,-37.9060993563221,0,25,25,25,3,-37.9060993563221
01-Aug-2026 01:59:26,-166.154744542179,-38.0477575956631,0,25,25,25,3,-38.0477575956631
01-Aug-2026 01:59:28,-165.818376665079,-37.7113897185629,0,25,25,25,2,-37.7113897185629
01-Aug-2026 01:59:30,-192.504051524408,-64.3970645778923,0,25,25,25,1,-64.3970645778923
01-Aug-2026 01:59:32,-3076.52655568589,-2948.41956873937,0,25,25,25,0,-2948.41956873937
01-Aug-2026 01:59:34,-187.668357418289,-59.5613704717729,0,25,25,25,1,-59.5613704717729
01-Aug-2026 01:59:36,-187.666634417987,-59.5596474714712,0,25,25,25,1,-59.5596474714712
01-Aug-2026 01:59:38,-169.647823440168,-41.5408364936519,0,24,24,24,2,-41.5408364936519
01-Aug-2026 01:59:40,-169.326978433509,-41.2199914869934,0,24,24,24,2,-41.2199914869934
01-Aug-2026 01:59:42,-170.568007853585,-42.4610209070692,0,24,24,24,2,-42.4610209070692
01-Aug-2026 01:59:44,-163.896974931118,-35.7899879846024,0,24,24,24,3,-35.7899879846024
01-Aug-2026 01:59:46,-164.018300884535,-35.9113139380188,0,24,24,24,3,-35.9113139380188
01-Aug-2026 01:59:48,-164.6734556484,-36.5664687018844,0,24,24,24,3,-36.5664687018844
01-Aug-2026 01:59:50,-164.595782838378,-36.4887958918621,0,24,24,24,3,-36.4887958918621
01-Aug-2026 01:59:52,-165.080222151102,-36.9732352045862,0,24,24,24,1,-36.9732352045862
01-Aug-2026 01:59:54,-164.367401889064,-36.2604149425483,0,24,24,24,1,-36.2604149425483
01-Aug-2026 01:59:56,-164.21614254875,-36.1091556022336,0,24,24,24,4,-36.1091556022336
01-Aug-2026 01:59:58,-176.628168508786,-48.5211815622698,0,24,24,24,3,-48.5211815622698
01-Aug-2026 02:00:00,-175.751660551393,-47.6446736048769,0,24,24,24,3,-47.6446736048769
