OuterAngleDeg,InnerAngleDeg,WorstExceedancePercent,RobustExceedancePercent,MedianExceedancePercent,MaximumIOverNDb,P95IOverNDb,PracticalPercentileIOverNDb,RobustAvailabilityPercent,RetaskDutyPercent,ShutdownDutyPercent,Feasible,PracticalFeasible,Score,SearchStage
0,0,0.388780894196057,0.388780894196057,0.263815606775896,19.3760573727513,-27.7065154875021,7.45384866868662,99.6112191058039,0,0,0,0,0,coarse
0.5,0,0.388780894196057,0.388780894196057,0.263815606775896,19.3760573727513,-27.7065154875021,7.45384866868662,99.6112191058039,0,0,0,0,0.5,coarse
0.5,0.5,0.388780894196057,0.388780894196057,0.263815606775896,19.3760573727513,-27.7065154875021,7.45384866868662,99.6112191058039,0,0,0,0,1,coarse
1,0,0.388780894196057,0.388780894196057,0.263815606775896,19.3760573727513,-27.7065154875021,7.45384866868662,99.6112191058039,0.00551389501543891,0,0,0,1,coarse
1,0.5,0.388780894196057,0.388780894196057,0.263815606775896,19.3760573727513,-27.7065154875021,7.45384866868662,99.6112191058039,0.00551389501543891,0,0,0,1.5,coarse
1,1,0.36101083032491,0.36101083032491,0.263815606775896,19.3760573727513,-27.7065154875021,6.17715732493979,99.6389891696751,0,0.00551389501543891,0,0,2,coarse
2,0,0.388780894196057,0.388780894196057,0.263815606775896,19.3760573727513,-27.7065154875021,5.58221439255002,99.6112191058039,0.0165416850463167,0,0,0,2,coarse
2,0.5,0.388780894196057,0.388780894196057,0.263815606775896,19.3760573727513,-27.7065154875021,5.58221439255002,99.6112191058039,0.0165416850463167,0,0,0,2.5,coarse
2,1,0.36101083032491,0.36101083032491,0.263815606775896,19.3760573727513,-27.7065154875021,4.28905045009102,99.6389891696751,0.0111713120706027,0.00551389501543891,0,0,3,coarse
2,2,0.36101083032491,0.36101083032491,0.236045542904749,19.3760573727513,-27.7065154875021,4.28905045009102,99.6389891696751,0,0.0165416850463167,0,0,4,coarse
3,0,0.36101083032491,0.36101083032491,0.263815606775896,19.3760573727513,-27.7065154875021,5.58221439255002,99.6389891696751,0.0483610961848469,0,0,0,3,coarse
3,0.5,0.36101083032491,0.36101083032491,0.263815606775896,19.3760573727513,-27.7065154875021,5.58221439255002,99.6389891696751,0.0483610961848469,0,0,0,3.5,coarse
3,1,0.36101083032491,0.36101083032491,0.249930574840322,19.3760573727513,-27.7065154875021,4.28905045009102,99.6389891696751,0.0429876410531972,0.00551389501543891,0,0,4,coarse
3,2,0.36101083032491,0.36101083032491,0.222160510969175,19.3760573727513,-27.7065154875021,4.28905045009102,99.6389891696751,0.0322407307898979,0.0165416850463167,0,0,5,coarse
3,3,0.36101083032491,0.36101083032491,0.208275479033602,19.3760573727513,-27.7065154875021,4.28905045009102,99.6389891696751,0,0.0483610961848469,0,0,6,coarse
5,0,0.36101083032491,0.36101083032491,0.180505415162455,19.3760573727513,-27.7065154875021,4.26497488743419,99.6389891696751,0.0806018269747448,0,0,0,5,coarse
5,0.5,0.36101083032491,0.36101083032491,0.180505415162455,19.3760573727513,-27.7065154875021,4.26497488743419,99.6389891696751,0.0806018269747448,0,0,0,5.5,coarse
5,1,0.36101083032491,0.36101083032491,0.166620383226881,19.3760573727513,-27.7065154875021,4.01138593357007,99.6389891696751,0.0752283718430951,0.00551389501543891,0,0,6,coarse
5,2,0.36101083032491,0.36101083032491,0.138850319355735,19.3760573727513,-27.7065154875021,4.01138593357007,99.6389891696751,0.0644814615797958,0.0165416850463167,0,0,7,coarse
5,3,0.36101083032491,0.36101083032491,0.124965287420161,19.3760573727513,-27.7065154875021,4.01138593357007,99.6389891696751,0.0441111601235112,0.0483610961848469,0,0,8,coarse
5,5,0.36101083032491,0.36101083032491,0.124965287420161,19.3760573727513,-27.9162064624984,4.01138593357007,99.6389891696751,0,0.0806018269747448,0,0,10,coarse
10,0,0.194390447098028,0.194390447098028,0.138850319355735,19.3760573727513,-27.7065154875021,4.01138593357007,99.805609552902,0.357481986259286,0,0,0,10,coarse
10,0.5,0.194390447098028,0.194390447098028,0.138850319355735,19.3760573727513,-27.7065154875021,4.01138593357007,99.805609552902,0.357481986259286,0,0,0,10.5,coarse
10,1,0.194390447098028,0.194390447098028,0.124965287420161,19.3760573727513,-27.7065154875021,4.01138593357007,99.805609552902,0.357481986259286,0.00551389501543891,0,0,11,coarse
10,2,0.194390447098028,0.194390447098028,0.0971952235490142,19.3760573727513,-27.7065154875021,4.01138593357007,99.805609552902,0.346310674188683,0.0165416850463167,0,0,12,coarse
10,3,0.194390447098028,0.194390447098028,0.0833101916134407,19.3760573727513,-27.7065154875021,4.01138593357007,99.805609552902,0.335139362118081,0.0483610961848469,0,0,13,coarse
10,5,0.194390447098028,0.194390447098028,0.0833101916134407,19.3760573727513,-27.9162064624984,4.01138593357007,99.805609552902,0.312796737976875,0.0806018269747448,0,0,15,coarse
10,10,0.194390447098028,0.194390447098028,0.0833101916134407,19.3760573727513,-28.9973660561092,4.01138593357007,99.805609552902,0,0.357481986259286,0,0,20,coarse
15,0,0.194390447098028,0.194390447098028,0.124965287420161,15.6709123910478,-27.7065154875021,-1.03748337772854,99.805609552902,0.74847790873038,0,0,0,15,coarse
15,0.5,0.194390447098028,0.194390447098028,0.124965287420161,15.6709123910478,-27.7065154875021,-1.03748337772854,99.805609552902,0.74847790873038,0,0,0,15.5,coarse
15,1,0.194390447098028,0.194390447098028,0.111080255484588,15.6709123910478,-27.7065154875021,-1.03748337772854,99.805609552902,0.74847790873038,0.00551389501543891,0,0,16,coarse
15,2,0.194390447098028,0.194390447098028,0.0833101916134407,15.6709123910478,-27.7065154875021,-1.03748337772854,99.805609552902,0.737306596659778,0.0165416850463167,0,0,17,coarse
15,3,0.194390447098028,0.194390447098028,0.0694251596778673,15.6709123910478,-27.7065154875021,-1.03748337772854,99.805609552902,0.726135284589175,0.0483610961848469,0,0,18,coarse
15,5,0.194390447098028,0.194390447098028,0.0694251596778673,15.6709123910478,-27.9162064624984,-1.03748337772854,99.805609552902,0.70379266044797,0.0806018269747448,0,0,20,coarse
15,10,0.194390447098028,0.194390447098028,0.0694251596778673,15.6709123910478,-28.9973660561092,-1.03748337772854,99.805609552902,0.390995922471094,0.357481986259286,0,0,25,coarse
15,15,0.194390447098028,0.194390447098028,0.0694251596778673,15.6709123910478,-29.475120571492,-1.03748337772854,99.805609552902,0,0.74847790873038,0,0,30,coarse
20,0,0.111080255484588,0.111080255484588,0.0138850319355735,11.5010147119616,-27.7065154875021,-5.39672262605658,99.8889197445154,1.20411002889864,0,0,0,20,coarse
20,0.5,0.111080255484588,0.111080255484588,0.0138850319355735,11.5010147119616,-27.7065154875021,-5.39672262605658,99.8889197445154,1.20411002889864,0,0,0,20.5,coarse
20,1,0.0833101916134407,0.0833101916134407,0.0138850319355735,3.23624979658571,-27.7065154875021,-6.43997162062639,99.9166898083866,1.20411002889864,0.00551389501543891,0,1,21,coarse
20,2,0.0277700638711469,0.0277700638711469,0,-5.29064830240083,-27.7065154875021,-7.98837125168962,99.9722299361289,1.20411002889864,0.0165416850463167,0,1,22,coarse
20,3,0,0,0,-7.32190388263479,-27.7065154875021,-8.42800049445135,100,1.20411002889864,0.0483610961848469,1,1,23,coarse
20,5,0,0,0,-7.36580344654195,-27.9162064624984,-11.3255072156695,100,1.16129722787113,0.0806018269747448,1,1,25,coarse
20,10,0,0,0,-7.36580344654195,-28.9973660561092,-11.8588611648007,100,0.893717221449213,0.357481986259286,1,1,30,coarse
20,15,0,0,0,-7.36580344654195,-29.475120571492,-11.8588611648007,100,0.695708016696992,0.74847790873038,1,1,35,coarse
20,20,0,0,0,-7.36580344654195,-31.4890276553002,-11.8588611648007,100,0,1.20411002889864,1,1,40,coarse
25,0,0.111080255484588,0.111080255484588,0.0138850319355735,11.5010147119616,-27.7065154875021,-5.39672262605658,99.8889197445154,2.29583645510007,0,0,0,25,coarse
25,0.5,0.111080255484588,0.111080255484588,0.0138850319355735,11.5010147119616,-27.7065154875021,-5.39672262605658,99.8889197445154,2.29583645510007,0,0,0,25.5,coarse
25,1,0.0833101916134407,0.0833101916134407,0.0138850319355735,3.23624979658571,-27.7065154875021,-6.43997162062639,99.9166898083866,2.29583645510007,0.00551389501543891,0,1,26,coarse
25,2,0.0277700638711469,0.0277700638711469,0,-5.29064830240083,-27.7065154875021,-7.98837125168962,99.9722299361289,2.29583645510007,0.0165416850463167,0,1,27,coarse
25,3,0,0,0,-7.32190388263479,-27.7065154875021,-8.42800049445135,100,2.29583645510007,0.0483610961848469,1,1,28,coarse
25,5,0,0,0,-7.55274076026086,-27.9162064624984,-11.3422181185434,100,2.25302365407257,0.0806018269747448,1,1,30,coarse
25,10,0,0,0,-7.55274076026086,-28.9973660561092,-12.3541981767066,100,1.98544364765065,0.357481986259286,1,1,35,coarse
25,15,0,0,0,-7.55274076026086,-29.475120571492,-12.3541981767066,100,1.78743444289843,0.74847790873038,1,1,40,coarse
25,20,0,0,0,-7.55274076026086,-31.4890276553002,-12.3541981767066,100,1.09172642620143,1.20411002889864,1,1,45,coarse
25,25,0,0,0,-7.56065305203839,-33.8849395577488,-12.3541981767066,100,0,2.29583645510007,1,1,50,coarse
30,0,0.111080255484588,0.111080255484588,0.0138850319355735,11.5010147119616,-27.7065154875021,-5.39672262605658,99.8889197445154,3.25094035464804,0,0,0,30,coarse
30,0.5,0.111080255484588,0.111080255484588,0.0138850319355735,11.5010147119616,-27.7065154875021,-5.39672262605658,99.8889197445154,3.25094035464804,0,0,0,30.5,coarse
30,1,0.0833101916134407,0.0833101916134407,0.0138850319355735,3.23624979658571,-27.7065154875021,-6.43997162062639,99.9166898083866,3.24556689951639,0.00551389501543891,0,1,31,coarse
30,2,0.0277700638711469,0.0277700638711469,0,-5.29064830240083,-27.7065154875021,-7.98837125168962,99.9722299361289,3.23481998925309,0.0165416850463167,0,1,32,coarse
30,3,0,0,0,-7.32190388263479,-27.7065154875021,-8.42800049445135,100,3.2056084769346,0.0483610961848469,1,1,33,coarse
30,5,0,0,0,-7.55274076026086,-27.9162064624984,-11.3422181185434,100,3.17033852767329,0.0806018269747448,1,1,35,coarse
30,10,0,0,0,-7.55274076026086,-28.9973660561092,-12.3541981767066,100,2.98853109836789,0.357481986259286,1,1,40,coarse
30,15,0,0,0,-7.55274076026086,-29.475120571492,-12.3541981767066,100,2.69720646473296,0.74847790873038,1,1,45,coarse
30,20,0,0,0,-7.55274076026086,-31.4890276553002,-12.3541981767066,100,2.34340538156153,1.20411002889864,1,1,50,coarse
30,25,0,0,0,-7.56065305203839,-33.8849395577488,-12.3541981767066,100,1.33261687264911,2.29583645510007,1,1,55,coarse
30,30,0,0,0,-7.56065305203839,-35.355257346367,-12.3541981767066,100,0,3.25094035464804,1,1,60,coarse
35,0,0.111080255484588,0.111080255484588,0.0138850319355735,11.5010147119616,-27.7065154875021,-5.39672262605658,99.8889197445154,5.07829730921923,0,0,0,35,coarse
35,0.5,0.111080255484588,0.111080255484588,0.0138850319355735,11.5010147119616,-27.7065154875021,-5.39672262605658,99.8889197445154,5.07829730921923,0,0,0,35.5,coarse
35,1,0.0833101916134407,0.0833101916134407,0.0138850319355735,3.23624979658571,-27.7065154875021,-6.43997162062639,99.9166898083866,5.07278341420379,0.00551389501543891,0,1,36,coarse
35,2,0.0277700638711469,0.0277700638711469,0,-5.29064830240083,-27.7065154875021,-7.98837125168962,99.9722299361289,5.06175562417292,0.0165416850463167,0,1,37,coarse
35,3,0,0,0,-7.32190388263479,-27.7065154875021,-8.42800049445135,100,5.05072783414204,0.0483610961848469,1,1,38,coarse
35,5,0,0,0,-7.55274076026086,-27.9162064624984,-11.3422181185434,100,5.00661667401853,0.0806018269747448,1,1,40,coarse
35,10,0,0,0,-7.55274076026086,-28.9973660561092,-12.3541981767066,100,4.89633877370975,0.357481986259286,1,1,45,coarse
35,15,0,0,0,-7.55274076026086,-29.475120571492,-12.3541981767066,100,4.55999117776798,0.74847790873038,1,1,50,coarse
35,20,0,0,0,-7.55274076026086,-31.4890276553002,-12.3541981767066,100,4.2512130569034,1.20411002889864,1,1,55,coarse
35,25,0,0,0,-7.56065305203839,-33.8849395577488,-12.3541981767066,100,3.23665637406264,2.29583645510007,1,1,60,coarse
35,30,0,0,0,-7.56065305203839,-35.355257346367,-12.3541981767066,100,1.90780767534186,3.25094035464804,1,1,65,coarse
35,35,0,0,0,-7.56065305203839,-36.8757542701634,-12.3541981767066,100,0,5.07829730921923,1,1,70,coarse
40,0,0.111080255484588,0.111080255484588,0.0138850319355735,11.5010147119616,-27.7065154875021,-5.39672262605658,99.8889197445154,8.2763564181738,0,0,0,40,coarse
40,0.5,0.111080255484588,0.111080255484588,0.0138850319355735,11.5010147119616,-27.7065154875021,-5.39672262605658,99.8889197445154,8.2763564181738,0,0,0,40.5,coarse
40,1,0.0833101916134407,0.0833101916134407,0.0138850319355735,3.23624979658571,-27.7065154875021,-6.43997162062639,99.9166898083866,8.27084252315836,0.00551389501543891,0,1,41,coarse
40,2,0.0277700638711469,0.0277700638711469,0,-5.29064830240083,-27.7065154875021,-7.98837125168962,99.9722299361289,8.25981473312748,0.0165416850463167,0,1,42,coarse
40,3,0,0,0,-7.32190388263479,-27.7065154875021,-8.42800049445135,100,8.2487869430966,0.0483610961848469,1,1,43,coarse
40,5,0,0,0,-7.55274076026086,-27.9162064624984,-11.3422181185434,100,8.20467578297309,0.0806018269747448,1,1,45,coarse
40,10,0,0,0,-7.55274076026086,-28.9973660561092,-12.3541981767066,100,8.09439788266431,0.357481986259286,1,1,50,coarse
40,15,0,0,0,-7.55274076026086,-29.475120571492,-12.3541981767066,100,7.75805028672254,0.74847790873038,1,1,55,coarse
40,20,0,0,0,-7.55274076026086,-31.4890276553002,-12.3541981767066,100,7.44927216585796,1.20411002889864,1,1,60,coarse
40,25,0,0,0,-7.56065305203839,-33.8849395577488,-12.3541981767066,100,6.4347154830172,2.29583645510007,1,1,65,coarse
40,30,0,0,0,-7.56065305203839,-35.355257346367,-12.3541981767066,100,5.10586678429643,3.25094035464804,1,1,70,coarse
40,35,0,0,0,-7.56065305203839,-36.8757542701634,-12.3541981767066,100,3.19805910895457,5.07829730921923,1,1,75,coarse
40,40,0,0,0,-7.56065305203839,-38.9034674522907,-12.3541981767066,100,0,8.2763564181738,1,1,80,coarse
45,0,0.111080255484588,0.111080255484588,0.0138850319355735,11.5010147119616,-27.7065154875021,-5.39672262605658,99.8889197445154,12.9080282311425,0,0,0,45,coarse
45,0.5,0.111080255484588,0.111080255484588,0.0138850319355735,11.5010147119616,-27.7065154875021,-5.39672262605658,99.8889197445154,12.9080282311425,0,0,0,45.5,coarse
45,1,0.0833101916134407,0.0833101916134407,0.0138850319355735,3.23624979658571,-27.7065154875021,-6.43997162062639,99.9166898083866,12.9028654415461,0.00551389501543891,0,1,46,coarse
45,2,0.0277700638711469,0.0277700638711469,0,-5.29064830240083,-27.7065154875021,-7.98837125168962,99.9722299361289,12.8916941294755,0.0165416850463167,0,1,47,coarse
45,3,0,0,0,-7.32190388263479,-27.7065154875021,-8.42800049445135,100,12.8805228174049,0.0483610961848469,1,1,48,coarse
45,5,0,0,0,-7.55274076026086,-27.9162064624984,-11.3422181185434,100,12.8581801932637,0.0806018269747448,1,1,50,coarse
45,10,0,0,0,-7.55274076026086,-28.9973660561092,-12.3541981767066,100,12.726069695633,0.357481986259286,1,1,55,coarse
45,15,0,0,0,-7.55274076026086,-29.475120571492,-12.3541981767066,100,12.3897220996912,0.74847790873038,1,1,60,coarse
45,20,0,0,0,-7.55274076026086,-31.4890276553002,-12.3541981767066,100,12.0809439788266,1.20411002889864,1,1,65,coarse
45,25,0,0,0,-7.56065305203839,-33.8849395577488,-12.3541981767066,100,11.0663872959859,2.29583645510007,1,1,70,coarse
45,30,0,0,0,-7.56065305203839,-35.355257346367,-12.3541981767066,100,9.83634027816567,3.25094035464804,1,1,75,coarse
45,35,0,0,0,-7.56065305203839,-36.8757542701634,-12.3541981767066,100,8.07127297101045,5.07829730921923,1,1,80,coarse
45,40,0,0,0,-7.56065305203839,-38.9034674522907,-12.3541981767066,100,5.29822675980656,8.2763564181738,1,1,85,coarse
45,45,0,0,0,-7.56065305203839,-41.575871780225,-12.3541981767066,100,0,12.9080282311425,1,1,90,coarse
50,0,0.111080255484588,0.111080255484588,0.0138850319355735,11.5010147119616,-27.7065154875021,-5.39672262605658,99.8889197445154,17.8374503749449,0,0,0,50,coarse
50,0.5,0.111080255484588,0.111080255484588,0.0138850319355735,11.5010147119616,-27.7065154875021,-5.39672262605658,99.8889197445154,17.8374503749449,0,0,0,50.5,coarse
50,1,0.0833101916134407,0.0833101916134407,0.0138850319355735,3.23624979658571,-27.7065154875021,-6.43997162062639,99.9166898083866,17.8319364799294,0.00551389501543891,0,1,51,coarse
50,2,0.0277700638711469,0.0277700638711469,0,-5.29064830240083,-27.7065154875021,-7.98837125168962,99.9722299361289,17.8209086898985,0.0165416850463167,0,1,52,coarse
50,3,0,0,0,-7.32190388263479,-27.7065154875021,-8.42800049445135,100,17.8098808998677,0.0483610961848469,1,1,53,coarse
50,5,0,0,0,-7.55274076026086,-27.9162064624984,-11.3422181185434,100,17.7657697397442,0.0806018269747448,1,1,55,coarse
50,10,0,0,0,-7.55274076026086,-28.9973660561092,-12.3541981767066,100,17.6554918394354,0.357481986259286,1,1,60,coarse
50,15,0,0,0,-7.55274076026086,-29.475120571492,-12.3541981767066,100,17.3191442434936,0.74847790873038,1,1,65,coarse
50,20,0,0,0,-7.55274076026086,-31.6021774425419,-12.3541981767066,100,17.010366122629,1.20411002889864,1,1,70,coarse
50,25,0,0,0,-7.56065305203839,-33.8849395577488,-12.3541981767066,100,15.9958094397883,2.29583645510007,1,1,75,coarse
50,30,0,0,0,-7.56065305203839,-35.6034353948247,-12.3541981767066,100,14.6669607410675,3.25094035464804,1,1,80,coarse
50,35,0,0,0,-7.56065305203839,-36.9642269089147,-12.3541981767066,100,12.7834497581945,5.07829730921923,1,1,85,coarse
50,40,0,0,0,-7.56065305203839,-38.9432744500304,-12.3541981767066,100,10.4030091348737,8.2763564181738,1,1,90,coarse
50,45,0,0,0,-7.56065305203839,-41.7637577130836,-12.3541981767066,100,5.10478237506717,12.9080282311425,1,1,95,coarse
50,50,0,0,0,-7.56065305203839,-46.1939008351934,-12.3541981767066,100,0,17.8374503749449,1,1,100,coarse
55,0,0.111080255484588,0.111080255484588,0.0138850319355735,11.5010147119616,-27.7065154875021,-5.39672262605658,99.8889197445154,22.3370384851701,0,0,0,55,coarse
55,0.5,0.111080255484588,0.111080255484588,0.0138850319355735,11.5010147119616,-27.7065154875021,-5.39672262605658,99.8889197445154,22.3370384851701,0,0,0,55.5,coarse
55,1,0.0833101916134407,0.0833101916134407,0.0138850319355735,3.23624979658571,-27.7065154875021,-6.43997162062639,99.9166898083866,22.3370384851701,0.00551389501543891,0,1,56,coarse
55,2,0.0277700638711469,0.0277700638711469,0,-5.29064830240083,-27.7065154875021,-7.98837125168962,99.9722299361289,22.3258671730995,0.0165416850463167,0,1,57,coarse
55,3,0,0,0,-7.32190388263479,-27.7065154875021,-8.42800049445135,100,22.3146958610289,0.0483610961848469,1,1,58,coarse
55,5,0,0,0,-7.55274076026086,-27.9162064624984,-11.9857031152018,100,22.2923532368877,0.0806018269747448,1,1,60,coarse
55,10,0,0,0,-7.55274076026086,-28.9973660561092,-13.4463455423652,100,21.9795564989108,0.357481986259286,1,1,65,coarse
55,15,0,0,0,-7.55274076026086,-29.475120571492,-13.4463455423652,100,21.5885605764397,0.74847790873038,1,1,70,coarse
55,20,0,0,0,-7.55274076026086,-31.6021774425419,-13.4463455423652,100,21.1696363737921,1.20411002889864,1,1,75,coarse
55,25,0,0,0,-7.56065305203839,-33.8849395577488,-13.476581497942,100,20.4881863374853,2.29583645510007,1,1,80,coarse
55,30,0,0,0,-7.56065305203839,-35.7378861279389,-13.476581497942,100,19.2705133217896,3.25094035464804,1,1,85,coarse
55,35,0,0,0,-7.56065305203839,-37.1048389504933,-13.476581497942,100,17.5054460146344,5.07829730921923,1,1,90,coarse
55,40,0,0,0,-7.56065305203839,-39.0941584229511,-13.476581497942,100,14.4500921633246,8.2763564181738,1,1,95,coarse
55,45,0,0,0,-7.56065305203839,-42.3967735454974,-13.476581497942,100,9.52584822862036,12.9080282311425,1,1,100,coarse
55,50,0,0,0,-7.56065305203839,-46.2026636177966,-13.476581497942,100,5.02709043177121,17.8374503749449,1,1,105,coarse
55,55,0,0,0,-7.56065305203839,-46.4365233935609,-13.476581497942,100,0,22.3370384851701,1,1,110,coarse
60,0,0.111080255484588,0.111080255484588,0.0138850319355735,11.5010147119616,-27.9622656783177,-5.39672262605658,99.8889197445154,26.2860973021281,0,0,0,60,coarse
60,0.5,0.111080255484588,0.111080255484588,0.0138850319355735,11.5010147119616,-27.9622656783177,-5.39672262605658,99.8889197445154,26.2860973021281,0,0,0,60.5,coarse
60,1,0.0833101916134407,0.0833101916134407,0.0138850319355735,3.23624979658571,-27.9622656783177,-6.43997162062639,99.9166898083866,26.2860973021281,0.00551389501543891,0,1,61,coarse
60,2,0.0277700638711469,0.0277700638711469,0,-5.29064830240083,-27.9622656783177,-7.98837125168962,99.9722299361289,26.2749259900575,0.0165416850463167,0,1,62,coarse
60,3,0,0,0,-7.32190388263479,-27.9622656783177,-8.42800049445135,100,26.2637546779869,0.0483610961848469,1,1,63,coarse
60,5,0,0,0,-7.55274076026086,-28.0667330073171,-11.9857031152018,100,26.2414120538457,0.0806018269747448,1,1,65,coarse
60,10,0,0,0,-7.55274076026086,-29.2285039647683,-13.4463455423652,100,25.9286153158688,0.357481986259286,1,1,70,coarse
60,15,0,0,0,-7.55274076026086,-29.6413617932731,-13.4463455423652,100,25.5376193933978,0.74847790873038,1,1,75,coarse
60,20,0,0,0,-7.55274076026086,-31.9079781814681,-13.4463455423652,100,25.1186951907502,1.20411002889864,1,1,80,coarse
60,25,0,0,0,-7.56065305203839,-33.8849395577488,-13.476581497942,100,24.4372451544434,2.29583645510007,1,1,85,coarse
60,30,0,0,0,-7.56065305203839,-35.8020480727002,-13.476581497942,100,23.2195721387477,3.25094035464804,1,1,90,coarse
60,35,0,0,0,-7.56065305203839,-37.2196538942062,-13.476581497942,100,21.4545048315925,5.07829730921923,1,1,95,coarse
60,40,0,0,0,-7.56065305203839,-39.1961824961552,-13.476581497942,100,18.3991509802826,8.2763564181738,1,1,100,coarse
60,45,0,0,0,-7.56065305203839,-42.7724129901575,-13.476581497942,100,13.4004067216098,12.9080282311425,1,1,105,coarse
60,50,0,0,0,-7.56065305203839,-46.2270526440966,-13.476581497942,100,8.97614924872926,17.8374503749449,1,1,110,coarse
60,55,0,0,0,-7.56065305203839,-46.4983291629623,-13.476581497942,100,3.94905881695805,22.3370384851701,1,1,115,coarse
60,60,0,0,0,-7.56065305203839,-46.6126881220683,-13.4765858451687,100,0,26.2860973021281,1,1,120,coarse
65,0,0.111080255484588,0.111080255484588,0.0138850319355735,11.5010147119616,-27.9622656783177,-5.39672262605658,99.8889197445154,30.4027258001452,0,0,0,65,coarse
65,0.5,0.111080255484588,0.111080255484588,0.0138850319355735,11.5010147119616,-27.9622656783177,-5.39672262605658,99.8889197445154,30.4027258001452,0,0,0,65.5,coarse
65,1,0.0833101916134407,0.0833101916134407,0.0138850319355735,3.23624979658571,-27.9622656783177,-6.43997162062639,99.9166898083866,30.4027258001452,0.00551389501543891,0,1,66,coarse
65,2,0.0277700638711469,0.0277700638711469,0,-5.29064830240083,-27.9622656783177,-7.98837125168962,99.9722299361289,30.3915544880746,0.0165416850463167,0,1,67,coarse
65,3,0,0,0,-7.32190388263479,-27.9622656783177,-8.42800049445135,100,30.380383176004,0.0483610961848469,1,1,68,coarse
65,5,0,0,0,-7.55274076026086,-28.0667330073171,-11.9857031152018,100,30.3580405518628,0.0806018269747448,1,1,70,coarse
65,10,0,0,0,-7.55274076026086,-29.2285039647683,-13.4463455423652,100,30.0452438138859,0.357481986259286,1,1,75,coarse
65,15,0,0,0,-7.55274076026086,-29.6413617932731,-13.4463455423652,100,29.6542478914148,0.74847790873038,1,1,80,coarse
65,20,0,0,0,-7.55274076026086,-31.9182570289571,-13.4463455423652,100,29.2353236887672,1.20411002889864,1,1,85,coarse
65,25,0,0,0,-7.56065305203839,-33.9549548147744,-13.476581497942,100,28.5538736524605,2.29583645510007,1,1,90,coarse
65,30,0,0,0,-7.56065305203839,-35.8524468776105,-13.476581497942,100,27.3362006367648,3.25094035464804,1,1,95,coarse
65,35,0,0,0,-7.56065305203839,-37.472838703009,-13.476581497942,100,25.5711333296096,5.07829730921923,1,1,100,coarse
65,40,0,0,0,-7.56065305203839,-39.317894660099,-13.476581497942,100,22.5157794782997,8.2763564181738,1,1,105,coarse
65,45,0,0,0,-7.56065305203839,-43.0101308641926,-13.476581497942,100,17.4998603585991,12.9080282311425,1,1,110,coarse
65,50,0,0,0,-7.56065305203839,-46.2270526440966,-13.476581497942,100,13.0927777467464,17.8374503749449,1,1,115,coarse
65,55,0,0,0,-7.56065305203839,-46.4983291629623,-13.476581497942,100,8.06568731497514,22.3370384851701,1,1,120,coarse
65,60,0,0,0,-7.56065305203839,-46.6126881220683,-13.4765858451687,100,4.40623320795271,26.2860973021281,1,1,125,coarse
65,65,0,0,0,-7.56065305203839,-46.7964375176761,-13.476588675124,100,0,30.4027258001452,1,1,130,coarse
70,0,0.111080255484588,0.111080255484588,0.0138850319355735,11.5010147119616,-28.0094760842769,-5.39672262605658,99.8889197445154,34.5249399541976,0,0,0,70,coarse
70,0.5,0.111080255484588,0.111080255484588,0.0138850319355735,11.5010147119616,-28.0094760842769,-5.39672262605658,99.8889197445154,34.5249399541976,0,0,0,70.5,coarse
70,1,0.0833101916134407,0.0833101916134407,0.0138850319355735,3.23624979658571,-28.0094760842769,-6.43997162062639,99.9166898083866,34.5249399541976,0.00551389501543891,0,1,71,coarse
70,2,0.0277700638711469,0.0277700638711469,0,-5.29064830240083,-28.0094760842769,-7.98837125168962,99.9722299361289,34.513768642127,0.0165416850463167,0,1,72,coarse
70,3,0,0,0,-7.32190388263479,-28.0094760842769,-8.42800049445135,100,34.5025973300564,0.0483610961848469,1,1,73,coarse
70,5,0,0,0,-7.55274076026086,-28.1952084221139,-11.9877320833521,100,34.4802547059152,0.0806018269747448,1,1,75,coarse
70,10,0,0,0,-7.55274076026086,-29.2644353230186,-13.4463455423652,100,34.1674579679383,0.357481986259286,1,1,80,coarse
70,15,0,0,0,-7.55274076026086,-29.6702085789174,-13.4463455423652,100,33.7764620454672,0.74847790873038,1,1,85,coarse
70,20,0,0,0,-7.55274076026086,-31.9317722376665,-13.4463455423652,100,33.3575378428196,1.20411002889864,1,1,90,coarse
70,25,0,0,0,-7.56065305203839,-34.0081062451255,-13.476581497942,100,32.6760878065129,2.29583645510007,1,1,95,coarse
70,30,0,0,0,-7.56065305203839,-35.8524468776105,-13.476581497942,100,31.4584147908172,3.25094035464804,1,1,100,coarse
70,35,0,0,0,-7.56065305203839,-37.472838703009,-13.476581497942,100,29.693347483662,5.07829730921923,1,1,105,coarse
70,40,0,0,0,-7.56065305203839,-39.317894660099,-13.476581497942,100,26.6379936323521,8.2763564181738,1,1,110,coarse
70,45,0,0,0,-7.56065305203839,-43.0101308641926,-13.476581497942,100,21.6220745126515,12.9080282311425,1,1,115,coarse
70,50,0,0,0,-7.56065305203839,-46.2270526440966,-13.476581497942,100,17.2149919007987,17.8374503749449,1,1,120,coarse
70,55,0,0,0,-7.56065305203839,-46.4983291629623,-13.476581497942,100,12.3750671681891,22.3370384851701,1,1,125,coarse
70,60,0,0,0,-7.56065305203839,-46.6126881220683,-13.4765858451687,100,8.77485222998388,26.2860973021281,1,1,130,coarse
70,65,0,0,0,-7.56065305203839,-46.7964375176761,-13.476588675124,100,4.36861902203117,30.4027258001452,1,1,135,coarse
70,70,0,0,0,-7.56065305203839,-46.9682864322638,-13.476588675124,100,0,34.5249399541976,1,1,140,coarse
75,0,0.111080255484588,0.111080255484588,0.0138850319355735,11.5010147119616,-28.2276513664337,-5.39672262605658,99.8889197445154,38.9711221582975,0,0,0,75,coarse
75,0.5,0.111080255484588,0.111080255484588,0.0138850319355735,11.5010147119616,-28.2276513664337,-5.39672262605658,99.8889197445154,38.9711221582975,0,0,0,75.5,coarse
75,1,0.0833101916134407,0.0833101916134407,0.0138850319355735,3.23624979658571,-28.2276513664337,-6.43997162062639,99.9166898083866,38.9711221582975,0.00551389501543891,0,1,76,coarse
75,2,0.0277700638711469,0.0277700638711469,0,-5.29064830240083,-28.2276513664337,-7.98837125168962,99.9722299361289,38.9599508462269,0.0165416850463167,0,1,77,coarse
75,3,0,0,0,-7.32190388263479,-28.2276513664337,-8.42800049445135,100,38.9487795341563,0.0483610961848469,1,1,78,coarse
75,5,0,0,0,-7.55274076026086,-28.3303357704753,-11.9877320833521,100,38.9264369100151,0.0806018269747448,1,1,80,coarse
75,10,0,0,0,-7.55274076026086,-29.4175697346962,-13.4463455423652,100,38.6136401720382,0.357481986259286,1,1,85,coarse
75,15,0,0,0,-7.55274076026086,-29.8132231052206,-13.4463455423652,100,38.2226442495671,0.74847790873038,1,1,90,coarse
75,20,0,0,0,-7.55274076026086,-31.9317722376665,-13.4463455423652,100,37.8037200469195,1.20411002889864,1,1,95,coarse
75,25,0,0,0,-7.56065305203839,-34.0081062451255,-13.476581497942,100,37.1222700106127,2.29583645510007,1,1,100,coarse
75,30,0,0,0,-7.56065305203839,-35.8524468776105,-13.476581497942,100,35.904596994917,3.25094035464804,1,1,105,coarse
75,35,0,0,0,-7.56065305203839,-37.472838703009,-13.476581497942,100,34.1395296877618,5.07829730921923,1,1,110,coarse
75,40,0,0,0,-7.56065305203839,-39.317894660099,-13.476581497942,100,31.084175836452,8.2763564181738,1,1,115,coarse
75,45,0,0,0,-7.56065305203839,-43.0101308641926,-13.476581497942,100,26.0682567167514,12.9080282311425,1,1,120,coarse
75,50,0,0,0,-7.56065305203839,-46.2270526440966,-13.476581497942,100,21.6611741048986,17.8374503749449,1,1,125,coarse
75,55,0,0,0,-7.56065305203839,-46.4983291629623,-13.476581497942,100,16.6340836731274,22.3370384851701,1,1,130,coarse
75,60,0,0,0,-7.56065305203839,-46.6126881220683,-13.4765858451687,100,12.7941966684578,26.2860973021281,1,1,135,coarse
75,65,0,0,0,-7.56065305203839,-46.7964375176761,-13.476588675124,100,8.56839635815227,30.4027258001452,1,1,140,coarse
75,70,0,0,0,-7.56065305203839,-46.9682864322638,-13.476588675124,100,4.51139890827357,34.5249399541976,1,1,145,coarse
75,75,0,0,0,-7.56065305203839,-47.4523471808633,-13.4765890821183,100,0,38.9711221582975,1,1,150,coarse
80,0,0.111080255484588,0.111080255484588,0.0138850319355735,11.5010147119616,-28.2276513664337,-5.39672262605658,99.8889197445154,43.3055912416913,0,0,0,80,coarse
80,0.5,0.111080255484588,0.111080255484588,0.0138850319355735,11.5010147119616,-28.2276513664337,-5.39672262605658,99.8889197445154,43.3055912416913,0,0,0,80.5,coarse
80,1,0.0833101916134407,0.0833101916134407,0.0138850319355735,3.23624979658571,-28.2276513664337,-6.43997162062639,99.9166898083866,43.3055912416913,0.00551389501543891,0,1,81,coarse
80,2,0.0277700638711469,0.0277700638711469,0,-5.29064830240083,-28.2276513664337,-7.98837125168965,99.9722299361289,43.2944199296207,0.0165416850463167,0,1,82,coarse
80,3,0,0,0,-7.32190388263479,-28.2276513664337,-8.42800049445135,100,43.2832486175501,0.0483610961848469,1,1,83,coarse
80,5,0,0,0,-7.55274076026086,-28.3303357704753,-11.9877320833521,100,43.2609059934089,0.0806018269747448,1,1,85,coarse
80,10,0,0,0,-7.55274076026086,-29.475120571492,-13.4463455423652,100,42.9481092554321,0.357481986259286,1,1,90,coarse
80,15,0,0,0,-7.55274076026086,-29.9133451037986,-13.4463455423652,100,42.557113332961,0.74847790873038,1,1,95,coarse
80,20,0,0,0,-7.55274076026086,-31.9317722376665,-13.4463455423652,100,42.1381891303134,1.20411002889864,1,1,100,coarse
80,25,0,0,0,-7.56065305203839,-34.0081062451255,-13.476581497942,100,41.4567390940066,2.29583645510007,1,1,105,coarse
80,30,0,0,0,-7.56065305203839,-35.8530337208328,-13.476581497942,100,40.2390660783109,3.25094035464804,1,1,110,coarse
80,35,0,0,0,-7.56065305203839,-37.5128922982092,-13.476581497942,100,38.4739987711557,5.07829730921923,1,1,115,coarse
80,40,0,0,0,-7.56065305203839,-39.4135431751819,-13.476581497942,100,35.4186449198458,8.2763564181738,1,1,120,coarse
80,45,0,0,0,-7.56065305203839,-43.5484343164973,-13.476581497942,100,30.4027258001452,12.9080282311425,1,1,125,coarse
80,50,0,0,0,-7.56065305203839,-46.7244480536087,-13.476581497942,100,25.9956431882925,17.8374503749449,1,1,130,coarse
80,55,0,0,0,-7.56065305203839,-46.9467070898696,-13.476581497942,100,20.9685527565213,22.3370384851701,1,1,135,coarse
80,60,0,0,0,-7.56065305203839,-47.266535932175,-13.4765858451687,100,17.0194939395632,26.2860973021281,1,1,140,coarse
80,65,0,0,0,-7.56065305203839,-47.5899241709547,-13.476588675124,100,12.9028654415461,30.4027258001452,1,1,145,coarse
80,70,0,0,0,-7.56065305203839,-47.7897062025905,-13.476588675124,100,8.78065128749372,34.5249399541976,1,1,150,coarse
80,75,0,0,0,-7.56065305203839,-47.9534134294428,-13.4765890821183,100,4.33446908339384,38.9711221582975,1,1,155,coarse
80,80,0,0,0,-7.56065305203839,-48.4176934471111,-13.4765890821183,100,0,43.3055912416913,1,1,160,coarse
85,0,0.111080255484588,0.111080255484588,0.0138850319355735,11.5010147119616,-28.2276513664337,-5.39672262605658,99.8889197445154,46.9865385689549,0,0,0,85,coarse
85,0.5,0.111080255484588,0.111080255484588,0.0138850319355735,11.5010147119616,-28.2276513664337,-5.39672262605658,99.8889197445154,46.9865385689549,0,0,0,85.5,coarse
85,1,0.0833101916134407,0.0833101916134407,0.0138850319355735,3.23624979658571,-28.2276513664337,-6.43997162062639,99.9166898083866,46.9865385689549,0.00551389501543891,0,1,86,coarse
85,2,0.0277700638711469,0.0277700638711469,0,-5.29064830240083,-28.2276513664337,-7.98837125168965,99.9722299361289,46.9753672568843,0.0165416850463167,0,1,87,coarse
85,3,0,0,0,-7.32190388263479,-28.2276513664337,-8.42800049445135,100,46.9641959448137,0.0483610961848469,1,1,88,coarse
85,5,0,0,0,-7.55274076026086,-28.3303357704753,-11.9877320833521,100,46.9418533206725,0.0806018269747448,1,1,90,coarse
85,10,0,0,0,-7.55274076026086,-29.475120571492,-13.4463455423652,100,46.6290565826956,0.357481986259286,1,1,95,coarse
85,15,0,0,0,-7.55274076026086,-29.9133451037986,-13.4463455423652,100,46.2380606602245,0.74847790873038,1,1,100,coarse
85,20,0,0,0,-7.55274076026086,-31.9317722376665,-13.4463455423652,100,45.8191364575769,1.20411002889864,1,1,105,coarse
85,25,0,0,0,-7.56065305203839,-34.0081062451255,-13.476581497942,100,45.1376864212702,2.29583645510007,1,1,110,coarse
85,30,0,0,0,-7.56065305203839,-35.8530337208328,-13.476581497942,100,43.9200134055745,3.25094035464804,1,1,115,coarse
85,35,0,0,0,-7.56065305203839,-37.5128922982092,-13.476581497942,100,42.1549460984193,5.07829730921923,1,1,120,coarse
85,40,0,0,0,-7.56065305203839,-39.4135431751819,-13.476581497942,100,39.0995922471094,8.2763564181738,1,1,125,coarse
85,45,0,0,0,-7.56065305203839,-43.8045677121353,-13.476581497942,100,34.0836731274088,12.9080282311425,1,1,130,coarse
85,50,0,0,0,-7.56065305203839,-46.8758836164511,-13.476581497942,100,29.6765905155561,17.8374503749449,1,1,135,coarse
85,55,0,0,0,-7.56065305203839,-47.4523471808633,-13.476581497942,100,24.6495000837848,22.3370384851701,1,1,140,coarse
85,60,0,0,0,-7.56065305203839,-47.7020725140916,-13.4765858451687,100,20.8204675782973,26.2860973021281,1,1,145,coarse
85,65,0,0,0,-7.56065305203839,-47.7689078264829,-13.476588675124,100,16.943166006636,30.4027258001452,1,1,150,coarse
85,70,0,0,0,-7.56065305203839,-47.9320369383941,-13.476588675124,100,13.0734450816056,34.5249399541976,1,1,155,coarse
85,75,0,0,0,-7.56065305203839,-48.2235840629075,-13.4765890821183,100,9.25231583590648,38.9711221582975,1,1,160,coarse
85,80,0,0,0,-7.56065305203839,-48.5149701896065,-13.4765890821183,100,5.20511689457433,43.3055912416913,1,1,165,coarse
85,85,0,0,0,-7.56065495457381,-49.348879241283,-13.4765965205171,100,0,46.9865385689549,1,1,170,coarse
90,0,0.111080255484588,0.111080255484588,0.0138850319355735,11.5010147119616,-28.2276513664337,-5.39672262605658,99.8889197445154,52.3766966430207,0,0,0,90,coarse
90,0.5,0.111080255484588,0.111080255484588,0.0138850319355735,11.5010147119616,-28.2276513664337,-5.39672262605658,99.8889197445154,52.3766966430207,0,0,0,90.5,coarse
90,1,0.0833101916134407,0.0833101916134407,0.0138850319355735,3.23624979658571,-28.2276513664337,-6.43997162062639,99.9166898083866,52.3766966430207,0.00551389501543891,0,1,91,coarse
90,2,0.0277700638711469,0.0277700638711469,0,-5.29064830240083,-28.2276513664337,-7.98837125168965,99.9722299361289,52.3655253309501,0.0165416850463167,0,1,92,coarse
90,3,0,0,0,-7.32190388263479,-28.2276513664337,-8.42800049445135,100,52.3543540188795,0.0483610961848469,1,1,93,coarse
90,5,0,0,0,-7.55274076026086,-28.3303357704753,-11.9877320833521,100,52.3320113947383,0.0806018269747448,1,1,95,coarse
90,10,0,0,0,-7.55274076026086,-29.475120571492,-13.4463455423652,100,52.0192146567614,0.357481986259286,1,1,100,coarse
90,15,0,0,0,-7.55274076026086,-29.9133451037986,-13.4463455423652,100,51.6282187342903,0.74847790873038,1,1,105,coarse
90,20,0,0,0,-7.55274076026086,-31.9317722376665,-13.4463455423652,100,51.2092945316427,1.20411002889864,1,1,110,coarse
90,25,0,0,0,-7.56065305203839,-34.0081062451255,-13.476581497942,100,50.527844495336,2.29583645510007,1,1,115,coarse
90,30,0,0,0,-7.56065305203839,-35.9007895192751,-13.476581497942,100,49.3101714796403,3.25094035464804,1,1,120,coarse
90,35,0,0,0,-7.56065305203839,-37.7033666115148,-13.476581497942,100,47.5451041724851,5.07829730921923,1,1,125,coarse
90,40,0,0,0,-7.56065305203839,-39.4882727169502,-13.476581497942,100,44.4897503211752,8.2763564181738,1,1,130,coarse
90,45,0,0,0,-7.56065305203839,-44.0390486831132,-13.476581497942,100,39.4738312014746,12.9080282311425,1,1,135,coarse
90,50,0,0,0,-7.56065305203839,-47.659268826752,-13.476581497942,100,35.0667485896219,17.8374503749449,1,1,140,coarse
90,55,0,0,0,-7.56065305203839,-47.7689078264829,-13.476581497942,100,30.0396581578506,22.3370384851701,1,1,145,coarse
90,60,0,0,0,-7.56065305203839,-47.8933033782945,-13.4765858451687,100,26.2461402734892,26.2860973021281,1,1,150,coarse
90,65,0,0,0,-7.56065305203839,-48.0286299004278,-13.476588675124,100,22.3423026025584,30.4027258001452,1,1,155,coarse
90,70,0,0,0,-7.56065305203839,-48.2319427175855,-13.476588675124,100,18.4991177767975,34.5249399541976,1,1,160,coarse
90,75,0,0,0,-7.56065305203839,-48.4499969050515,-13.4765890821183,100,14.6779885310984,38.9711221582975,1,1,165,coarse
90,80,0,0,0,-7.56065305203839,-48.9674708436175,-13.4765890821183,100,10.6307895897662,43.3055912416913,1,1,170,coarse
90,85,0,0,0,-7.56065495457381,-49.6666120627067,-13.4765965205171,100,5.42567269519188,46.9865385689549,1,1,175,coarse
90,90,0,0,0,-7.56065495457381,-50.4113378628504,-13.4765965205171,100,0,52.3766966430207,1,1,180,coarse
95,0,0.111080255484588,0.111080255484588,0.0138850319355735,11.5010147119616,-28.3063730407139,-5.39672262605658,99.8889197445154,57.8729821817572,0,0,0,95,coarse
95,0.5,0.111080255484588,0.111080255484588,0.0138850319355735,11.5010147119616,-28.3063730407139,-5.39672262605658,99.8889197445154,57.8729821817572,0,0,0,95.5,coarse
95,1,0.0833101916134407,0.0833101916134407,0.0138850319355735,3.23624979658571,-28.3063730407139,-6.43997162062639,99.9166898083866,57.8729821817572,0.00551389501543891,0,1,96,coarse
95,2,0.0277700638711469,0.0277700638711469,0,-5.29064830240083,-28.3063730407139,-7.98837125168965,99.9722299361289,57.8618108696866,0.0165416850463167,0,1,97,coarse
95,3,0,0,0,-7.32190388263479,-28.3063730407139,-8.42800049445135,100,57.850639557616,0.0483610961848469,1,1,98,coarse
95,5,0,0,0,-7.55274076026086,-28.3914543537482,-11.9877320833521,100,57.8282969334748,0.0806018269747448,1,1,100,coarse
95,10,0,0,0,-7.55274076026086,-29.5499854600696,-16.1312739829857,100,57.515500195498,0.357481986259286,1,1,105,coarse
95,15,0,0,0,-7.55274076026086,-30.0083860656639,-16.9675350451507,100,57.1245042730269,0.74847790873038,1,1,110,coarse
95,20,0,0,0,-7.55274076026086,-31.9317722376665,-16.9675350451507,100,56.7055800703793,1.20411002889864,1,1,115,coarse
95,25,0,0,0,-7.56065305203839,-34.0081062451255,-18.1479608702476,100,56.0241300340725,2.29583645510007,1,1,120,coarse
95,30,0,0,0,-7.56065305203839,-36.1402800071455,-18.8564445159222,100,54.8064570183768,3.25094035464804,1,1,125,coarse
95,35,0,0,0,-7.56065305203839,-38.3740717392065,-18.8564445159222,100,53.0413897112216,5.07829730921923,1,1,130,coarse
95,40,0,0,0,-7.56065305203839,-40.0395936002815,-18.8564445159222,100,49.9860358599117,8.2763564181738,1,1,135,coarse
95,45,0,0,0,-7.56065305203839,-44.5713932880782,-18.863362320811,100,44.9701167402111,12.9080282311425,1,1,140,coarse
95,50,0,0,0,-7.56065305203839,-47.7020725140916,-18.863362320811,100,40.5630341283584,17.8374503749449,1,1,145,coarse
95,55,0,0,0,-7.56065305203839,-47.822377448005,-18.863362320811,100,35.5425672695192,22.3370384851701,1,1,150,coarse
95,60,0,0,0,-7.56065305203839,-47.9740826235082,-18.863362320811,100,31.8813409792678,26.2860973021281,1,1,155,coarse
95,65,0,0,0,-7.56065305203839,-48.179308946142,-18.863362320811,100,27.977503308337,30.4027258001452,1,1,160,coarse
95,70,0,0,0,-7.56065305203839,-48.2789437039563,-18.863362320811,100,24.1343184825761,34.5249399541976,1,1,165,coarse
95,75,0,0,0,-7.56065305203839,-48.4842486193681,-18.8633934762551,100,20.3131892368769,38.9711221582975,1,1,170,coarse
95,80,0,0,0,-7.56065305203839,-49.0904507071437,-18.863558327244,100,16.2659902955448,43.3055912416913,1,1,175,coarse
95,85,0,0,0,-7.56065495457381,-49.8438416367797,-18.863558327244,100,11.0608734009704,46.9865385689549,1,1,180,coarse
95,90,0,0,0,-7.56065495457381,-50.5410430429587,-18.863558327244,100,6.12036539494895,52.3766966430207,1,1,185,coarse
95,95,0,0,0,-7.56065495457381,-52.2214359415277,-18.863558327244,100,0,57.8729821817572,1,1,190,coarse
100,0,0.111080255484588,0.111080255484588,0.0138850319355735,11.5010147119616,-28.3303357704753,-5.39672262605658,99.8889197445154,64.9791287594991,0,0,0,100,coarse
100,0.5,0.111080255484588,0.111080255484588,0.0138850319355735,11.5010147119616,-28.3303357704753,-5.39672262605658,99.8889197445154,64.9791287594991,0,0,0,100.5,coarse
100,1,0.0833101916134407,0.0833101916134407,0.0138850319355735,3.23624979658571,-28.3303357704753,-6.43997162062639,99.9166898083866,64.9791287594991,0.00551389501543891,0,1,101,coarse
100,2,0.0277700638711469,0.0277700638711469,0,-5.29064830240083,-28.3303357704753,-7.98837125168965,99.9722299361289,64.9791287594991,0.0165416850463167,0,1,102,coarse
100,3,0,0,0,-7.32190388263479,-28.3303357704753,-8.42800049445135,100,64.9791287594991,0.0483610961848469,1,1,103,coarse
100,5,0,0,0,-9.6098822008577,-28.3950887491895,-11.9877320833521,100,64.9363159584716,0.0806018269747448,1,1,105,coarse
100,10,0,0,0,-15.6889327324965,-29.5643211972033,-16.1312739829857,100,64.6687359520497,0.357481986259286,1,1,110,coarse
100,15,0,0,0,-16.2343000290009,-30.060754813621,-17.04088988617,100,64.4707267472974,0.74847790873038,1,1,115,coarse
100,20,0,0,0,-16.2343000290009,-32.1092579551604,-17.04088988617,100,63.7750187306005,1.20411002889864,1,1,120,coarse
100,25,0,0,0,-16.2623322451449,-34.167363162879,-19.5323875612122,100,62.8425577646427,2.29583645510007,1,1,125,coarse
100,30,0,0,0,-16.2623322451449,-36.3037720813298,-23.808420873221,100,61.7735202825645,3.25094035464804,1,1,130,coarse
100,35,0,0,0,-16.2623322451449,-38.3740717392065,-23.808420873221,100,60.2955400322407,5.07829730921923,1,1,135,coarse
100,40,0,0,0,-16.2623322451449,-40.4646698572846,-23.808420873221,100,57.9150994089199,8.2763564181738,1,1,140,coarse
100,45,0,0,0,-16.2623322451449,-44.6341108911321,-24.0385469072025,100,52.6168726491134,12.9080282311425,1,1,145,coarse
100,50,0,0,0,-16.2623322451449,-47.6845502423723,-24.0385469072025,100,47.9449855506797,17.8374503749449,1,1,150,coarse
100,55,0,0,0,-16.2623322451449,-47.8370153643779,-24.0385469072025,100,43.8151531434712,22.3370384851701,1,1,155,coarse
100,60,0,0,0,-16.2623322451449,-48.0119182251643,-24.0385469072025,100,40.214938205266,26.2860973021281,1,1,160,coarse
100,65,0,0,0,-16.2623322451449,-48.2148122321416,-24.0385469072025,100,35.8087049973133,30.4027258001452,1,1,165,coarse
100,70,0,0,0,-16.2623322451449,-48.3656734654203,-24.0385469072025,100,31.4400859752821,34.5249399541976,1,1,170,coarse
100,75,0,0,0,-16.2624463784881,-48.6590377079028,-24.0393051011388,100,27.4426554918394,38.9711221582975,1,1,175,coarse
100,80,0,0,0,-16.2624463784881,-49.1704347668345,-24.0393051011388,100,23.4013970983342,43.3055912416913,1,1,180,coarse
100,85,0,0,0,-16.2624463784881,-49.9518313701859,-24.0393051011388,100,19.4250403009135,46.9865385689549,1,1,185,coarse
100,90,0,0,0,-16.2624463784881,-50.5410430429587,-24.0393051011388,100,14.846856528748,52.3766966430207,1,1,190,coarse
100,95,0,0,0,-16.2624463784881,-52.1666026353206,-24.0393051011388,100,8.72649113379903,57.8729821817572,1,1,195,coarse
100,100,0,0,0,-16.2626151577104,-53.297271399215,-24.0403855959647,100,0,64.9791287594991,1,1,200,coarse
105,0,0.111080255484588,0.111080255484588,0.0138850319355735,11.5010147119616,-28.3303357704753,-5.39672262605658,99.8889197445154,77.5982018623568,0,0,0,105,coarse
105,0.5,0.111080255484588,0.111080255484588,0.0138850319355735,11.5010147119616,-28.3303357704753,-5.39672262605658,99.8889197445154,77.5982018623568,0,0,0,105.5,coarse
105,1,0.0833101916134407,0.0833101916134407,0.0138850319355735,3.23624979658571,-28.3303357704753,-6.43997162062639,99.9166898083866,77.5982018623568,0.00551389501543891,0,1,106,coarse
105,2,0.0277700638711469,0.0277700638711469,0,-5.29064830240083,-28.3303357704753,-7.98837125168965,99.9722299361289,77.5982018623568,0.0165416850463167,0,1,107,coarse
105,3,0,0,0,-7.32190388263479,-28.3303357704753,-8.42800049445135,100,77.5982018623568,0.0483610961848469,1,1,108,coarse
105,5,0,0,0,-9.6098822008577,-28.3950887491895,-11.9877320833521,100,77.5553890613293,0.0806018269747448,1,1,110,coarse
105,10,0,0,0,-15.6889327324965,-29.5643211972033,-16.1664454568746,100,77.2878090549074,0.357481986259286,1,1,115,coarse
105,15,0,0,0,-16.8113186450409,-30.060754813621,-17.3115120814083,100,77.0897998501552,0.74847790873038,1,1,120,coarse
105,20,0,0,0,-16.8113186450409,-32.4199216265227,-17.3115120814083,100,76.3940918334582,1.20411002889864,1,1,125,coarse
105,25,0,0,0,-16.8113186450409,-34.6677942701415,-19.837360403916,100,75.3895754970446,2.29583645510007,1,1,130,coarse
105,30,0,0,0,-24.179404996118,-36.6357578547204,-26.5239986272056,100,74.3925933854222,3.25094035464804,1,1,135,coarse
105,35,0,0,0,-24.179404996118,-38.3871797690248,-31.0719743185502,100,72.8425577646427,5.07829730921923,1,1,140,coarse
105,40,0,0,0,-24.179404996118,-40.9130315618852,-32.1973151139661,100,70.4621171413219,8.2763564181738,1,1,145,coarse
105,45,0,0,0,-34.2711019052704,-44.5719675579902,-35.6222814608254,100,65.1638903815153,12.9080282311425,1,1,150,coarse
105,50,0,0,0,-35.1852518290804,-47.7020725140916,-35.6222814608254,100,60.5640586535374,17.8374503749449,1,1,155,coarse
105,55,0,0,0,-35.1852518290804,-47.9740826235082,-35.6222814608254,100,56.3621708758732,22.3370384851701,1,1,160,coarse
105,60,0,0,0,-35.1852518290804,-48.1536578941037,-35.6222814608254,100,52.7619559376679,26.2860973021281,1,1,165,coarse
105,65,0,0,0,-35.1852518290804,-48.2255714976048,-35.6222814608254,100,48.3557227297152,30.4027258001452,1,1,170,coarse
105,70,0,0,0,-35.1852518290804,-48.4330226398746,-35.6222814608254,100,43.987103707684,34.5249399541976,1,1,175,coarse
105,75,0,0,0,-35.1852518290804,-48.8191887361301,-35.6222814608254,100,39.9677592692101,38.9711221582975,1,1,180,coarse
105,80,0,0,0,-35.1852518290804,-49.1300730250132,-35.6222814608254,100,35.9484148307362,43.3055912416913,1,1,185,coarse
105,85,0,0,0,-35.1852518290804,-49.9518313701859,-35.6222814608254,100,31.9720580333154,46.9865385689549,1,1,190,coarse
105,90,0,0,0,-35.33656793978,-50.5410430429587,-35.7583386508174,100,27.3938742611499,52.3766966430207,1,1,195,coarse
105,95,0,0,0,-35.33656793978,-52.1666026353206,-35.7583386508174,100,21.273508866201,57.8729821817572,1,1,200,coarse
105,100,0,0,0,-35.3433013804623,-53.297271399215,-35.7641842525464,100,12.6190731028578,64.9791287594991,1,1,205,coarse
105,105,0,0,0,-43.3776143269555,-56.2863813371017,-44.6384989458472,100,0,77.5982018623568,1,1,210,coarse
110,0,0.111080255484588,0.111080255484588,0.0138850319355735,11.5010147119616,-28.3303357704753,-5.39672262605658,99.8889197445154,80.6179473401397,0,0,0,110,coarse
110,0.5,0.111080255484588,0.111080255484588,0.0138850319355735,11.5010147119616,-28.3303357704753,-5.39672262605658,99.8889197445154,80.6179473401397,0,0,0,110.5,coarse
110,1,0.0833101916134407,0.0833101916134407,0.0138850319355735,3.23624979658571,-28.3303357704753,-6.43997162062639,99.9166898083866,80.6125738850081,0.00551389501543891,0,1,111,coarse
110,2,0.0277700638711469,0.0277700638711469,0,-5.29064830240083,-28.3303357704753,-7.98837125168965,99.9722299361289,80.6058011345392,0.0165416850463167,0,1,112,coarse
110,3,0,0,0,-7.32190388263479,-28.3303357704753,-8.42800049445135,100,80.6058011345392,0.0483610961848469,1,1,113,coarse
110,5,0,0,0,-9.6098822008577,-28.3950887491895,-11.9877320833521,100,80.5629883335117,0.0806018269747448,1,1,115,coarse
110,10,0,0,0,-15.6889327324965,-29.5643211972033,-16.1664454568746,100,80.2954083270898,0.357481986259286,1,1,120,coarse
110,15,0,0,0,-16.8113186450409,-30.060754813621,-17.3115120814083,100,80.0973991223376,0.74847790873038,1,1,125,coarse
110,20,0,0,0,-16.8113186450409,-32.4199216265227,-17.3115120814083,100,79.5002686727566,1.20411002889864,1,1,130,coarse
110,25,0,0,0,-16.8113186450409,-34.6677942701415,-19.837360403916,100,78.6996238581408,2.29583645510007,1,1,135,coarse
110,30,0,0,0,-24.179404996118,-36.6357578547204,-26.5239986272056,100,77.4001926576046,3.25094035464804,1,1,140,coarse
110,35,0,0,0,-24.179404996118,-38.3871797690248,-31.0719743185502,100,76.1526061257389,5.07829730921923,1,1,145,coarse
110,40,0,0,0,-24.179404996118,-40.9130315618852,-32.1973151139661,100,73.772165502418,8.2763564181738,1,1,150,coarse
110,45,0,0,0,-34.2711019052704,-44.5719675579902,-35.6222814608254,100,68.4739387426115,12.9080282311425,1,1,155,coarse
110,50,0,0,0,-35.1852518290804,-47.7020725140916,-35.6222814608254,100,63.5716579257198,17.8374503749449,1,1,160,coarse
110,55,0,0,0,-35.1852518290804,-47.9740826235082,-35.6222814608254,100,59.6722192369694,22.3370384851701,1,1,165,coarse
110,60,0,0,0,-35.1852518290804,-48.1536578941037,-35.6222814608254,100,56.0720042987641,26.2860973021281,1,1,170,coarse
110,65,0,0,0,-35.1852518290804,-48.2255714976048,-35.6222814608254,100,51.6657710908114,30.4027258001452,1,1,175,coarse
110,70,0,0,0,-35.1852518290804,-48.4330226398746,-35.6222814608254,100,47.2971520687802,34.5249399541976,1,1,180,coarse
110,75,0,0,0,-35.1852518290804,-48.8191887361301,-35.6222814608254,100,43.2778076303063,38.9711221582975,1,1,185,coarse
110,80,0,0,0,-35.1852518290804,-49.1300730250132,-35.6222814608254,100,39.2584631918323,43.3055912416913,1,1,190,coarse
110,85,0,0,0,-35.1852518290804,-49.9518313701859,-35.6222814608254,100,35.2821063944116,46.9865385689549,1,1,195,coarse
110,90,0,0,0,-35.33656793978,-50.5410430429587,-35.7583386508174,100,30.7039226222461,52.3766966430207,1,1,200,coarse
110,95,0,0,0,-35.33656793978,-52.1666026353206,-35.7583386508174,100,24.5835572272972,57.8729821817572,1,1,205,coarse
110,100,0,0,0,-35.3433013804623,-53.297271399215,-35.7641842525464,100,15.8570660934981,64.9791287594991,1,1,210,coarse
110,105,0,0,0,-43.3776143269555,-56.2863813371017,-44.6384989458472,100,3.31004836109619,77.5982018623568,1,1,215,coarse
110,110,0,0,0,-47.2403925740232,-56.8155225353276,-48.209621976407,100,0,80.6179473401397,1,1,220,coarse
115,0,0.111080255484588,0.111080255484588,0.0138850319355735,11.5010147119616,-28.3303357704753,-5.39672262605658,99.8889197445154,83.4927458355723,0,0,0,115,coarse
115,0.5,0.111080255484588,0.111080255484588,0.0138850319355735,11.5010147119616,-28.3303357704753,-5.39672262605658,99.8889197445154,83.4927458355723,0,0,0,115.5,coarse
115,1,0.0833101916134407,0.0833101916134407,0.0138850319355735,3.23624979658571,-28.3303357704753,-6.43997162062639,99.9166898083866,83.4873723804406,0.00551389501543891,0,1,116,coarse
115,2,0.0277700638711469,0.0277700638711469,0,-5.29064830240083,-28.3303357704753,-7.98837125168965,99.9722299361289,83.4849620036391,0.0165416850463167,0,1,117,coarse
115,3,0,0,0,-7.32190388263479,-28.3303357704753,-8.42800049445135,100,83.4849620036391,0.0483610961848469,1,1,118,coarse
115,5,0,0,0,-9.6098822008577,-28.3950887491895,-11.9877320833521,100,83.4421492026116,0.0806018269747448,1,1,120,coarse
115,10,0,0,0,-15.6889327324965,-29.5643211972033,-16.1664454568746,100,83.1745691961897,0.357481986259286,1,1,125,coarse
115,15,0,0,0,-16.8113186450409,-30.060754813621,-17.3115120814083,100,82.9765599914374,0.74847790873038,1,1,130,coarse
115,20,0,0,0,-16.8113186450409,-32.4199216265227,-17.3115120814083,100,82.3750671681891,1.20411002889864,1,1,135,coarse
115,25,0,0,0,-16.8113186450409,-34.6677942701415,-19.837360403916,100,81.5744223535734,2.29583645510007,1,1,140,coarse
115,30,0,0,0,-24.179404996118,-36.6357578547204,-26.5239986272056,100,80.2793535267045,3.25094035464804,1,1,145,coarse
115,35,0,0,0,-24.179404996118,-38.3871797690248,-31.0719743185502,100,79.0274046211714,5.07829730921923,1,1,150,coarse
115,40,0,0,0,-24.179404996118,-40.9130315618852,-32.1973151139661,100,76.6469639978506,8.2763564181738,1,1,155,coarse
115,45,0,0,0,-34.2711019052704,-44.5719675579902,-35.6222814608254,100,71.3487372380441,12.9080282311425,1,1,160,coarse
115,50,0,0,0,-35.1852518290804,-47.7020725140916,-35.6222814608254,100,66.4508187948197,17.8374503749449,1,1,165,coarse
115,55,0,0,0,-35.1852518290804,-47.9740826235082,-35.6222814608254,100,62.5470177324019,22.3370384851701,1,1,170,coarse
115,60,0,0,0,-35.1852518290804,-48.1536578941037,-35.6222814608254,100,58.9468027941967,26.2860973021281,1,1,175,coarse
115,65,0,0,0,-35.1852518290804,-48.2255714976048,-35.6222814608254,100,54.540569586244,30.4027258001452,1,1,180,coarse
115,70,0,0,0,-35.1852518290804,-48.4330226398746,-35.6222814608254,100,50.1719505642128,34.5249399541976,1,1,185,coarse
115,75,0,0,0,-35.1852518290804,-48.8191887361301,-35.6222814608254,100,46.1526061257388,38.9711221582975,1,1,190,coarse
115,80,0,0,0,-35.1852518290804,-49.1300730250132,-35.6222814608254,100,42.1332616872649,43.3055912416913,1,1,195,coarse
115,85,0,0,0,-35.1852518290804,-49.9518313701859,-35.6222814608254,100,38.1569048898442,46.9865385689549,1,1,200,coarse
115,90,0,0,0,-35.33656793978,-50.5410430429587,-35.7583386508174,100,33.5787211176787,52.3766966430207,1,1,205,coarse
115,95,0,0,0,-35.33656793978,-52.1666026353206,-35.7583386508174,100,27.4583557227297,57.8729821817572,1,1,210,coarse
115,100,0,0,0,-35.3433013804623,-53.297271399215,-35.7641842525464,100,18.7318645889307,64.9791287594991,1,1,215,coarse
115,105,0,0,0,-43.3776143269555,-56.2863813371017,-44.6384989458472,100,6.18484685652875,77.5982018623568,1,1,220,coarse
115,110,0,0,0,-47.2403925740232,-56.8155225353276,-48.209621976407,100,3.20616656426297,80.6179473401397,1,1,225,coarse
115,115,0,0,0,-48.1917846139306,-57.1334442999468,-48.7480151316016,100,0,83.4927458355723,1,1,230,coarse
120,0,0.111080255484588,0.111080255484588,0.0138850319355735,11.5010147119616,-28.3303357704753,-5.39672262605658,99.8889197445154,86.8725248849406,0,0,0,120,coarse
120,0.5,0.111080255484588,0.111080255484588,0.0138850319355735,11.5010147119616,-28.3303357704753,-5.39672262605658,99.8889197445154,86.8725248849406,0,0,0,120.5,coarse
120,1,0.0833101916134407,0.0833101916134407,0.0138850319355735,3.23624979658571,-28.3303357704753,-6.43997162062639,99.9166898083866,86.8725248849406,0.00551389501543891,0,1,121,coarse
120,2,0.0277700638711469,0.0277700638711469,0,-5.29064830240083,-28.3303357704753,-7.98837125168965,99.9722299361289,86.8725248849406,0.0165416850463167,0,1,122,coarse
120,3,0,0,0,-7.32190388263479,-28.3303357704753,-8.42800049445135,100,86.8725248849406,0.0483610961848469,1,1,123,coarse
120,5,0,0,0,-9.6098822008577,-28.3950887491895,-11.9877320833521,100,86.8297120839131,0.0806018269747448,1,1,125,coarse
120,10,0,0,0,-15.6889327324965,-29.5643211972033,-16.1664454568746,100,86.5621320774912,0.357481986259286,1,1,130,coarse
120,15,0,0,0,-16.8113186450409,-30.060754813621,-17.3115120814083,100,86.3641228727389,0.74847790873038,1,1,135,coarse
120,20,0,0,0,-16.8113186450409,-32.4199216265227,-17.3115120814083,100,85.668414856042,1.20411002889864,1,1,140,coarse
120,25,0,0,0,-16.8113186450409,-34.6677942701415,-19.837360403916,100,84.9801709210747,2.29583645510007,1,1,145,coarse
120,30,0,0,0,-24.179404996118,-36.6357578547204,-26.5239986272056,100,83.762497905379,3.25094035464804,1,1,150,coarse
120,35,0,0,0,-24.179404996118,-38.3871797690248,-31.0719743185502,100,82.1816227834498,5.07829730921923,1,1,155,coarse
120,40,0,0,0,-24.179404996118,-40.9130315618852,-32.1973151139661,100,79.801182160129,8.2763564181738,1,1,160,coarse
120,45,0,0,0,-34.2711019052704,-44.5719675579902,-35.6222814608254,100,74.5029554003224,12.9080282311425,1,1,165,coarse
120,50,0,0,0,-35.1852518290804,-47.7020725140916,-35.6222814608254,100,69.8383816761212,17.8374503749449,1,1,170,coarse
120,55,0,0,0,-35.1852518290804,-47.9740826235082,-35.6222814608254,100,65.7012358946803,22.3370384851701,1,1,175,coarse
120,60,0,0,0,-35.1852518290804,-48.1536578941037,-35.6222814608254,100,62.101020956475,26.2860973021281,1,1,180,coarse
120,65,0,0,0,-35.1852518290804,-48.2255714976048,-35.6222814608254,100,57.6947877485223,30.4027258001452,1,1,185,coarse
120,70,0,0,0,-35.1852518290804,-48.4330226398746,-35.6222814608254,100,53.3261687264911,34.5249399541976,1,1,190,coarse
120,75,0,0,0,-35.1852518290804,-48.8191887361301,-35.6222814608254,100,49.3068242880172,38.9711221582975,1,1,195,coarse
120,80,0,0,0,-35.1852518290804,-49.1300730250132,-35.6222814608254,100,45.2874798495433,43.3055912416913,1,1,200,coarse
120,85,0,0,0,-35.1852518290804,-49.9518313701859,-35.6222814608254,100,41.3111230521225,46.9865385689549,1,1,205,coarse
120,90,0,0,0,-35.33656793978,-50.5410430429587,-35.7583386508174,100,36.732939279957,52.3766966430207,1,1,210,coarse
120,95,0,0,0,-35.33656793978,-52.1666026353206,-35.7583386508174,100,30.6125738850081,57.8729821817572,1,1,215,coarse
120,100,0,0,0,-35.3433013804623,-53.297271399215,-35.7641842525464,100,22.4152376696643,64.9791287594991,1,1,220,coarse
120,105,0,0,0,-43.3776143269555,-56.2863813371017,-44.6384989458472,100,10.2273362006368,77.5982018623568,1,1,225,coarse
120,110,0,0,0,-47.2403925740232,-56.8155225353276,-48.209621976407,100,7.28369547003296,80.6179473401397,1,1,230,coarse
120,115,0,0,0,-48.1917846139306,-57.1334442999468,-48.7480151316016,100,4.07752890576998,83.4927458355723,1,1,235,coarse
120,120,0,0,0,-48.8668556607297,-58.0653157723208,-49.2037772738674,100,0,86.8725248849406,1,1,240,coarse
125,0,0.111080255484588,0.111080255484588,0.0138850319355735,11.5010147119616,-28.3303357704753,-5.39672262605658,99.8889197445154,92.8280176506731,0,0,0,125,coarse
125,0.5,0.111080255484588,0.111080255484588,0.0138850319355735,11.5010147119616,-28.3303357704753,-5.39672262605658,99.8889197445154,92.8280176506731,0,0,0,125.5,coarse
125,1,0.0833101916134407,0.0833101916134407,0.0138850319355735,3.23624979658571,-28.3303357704753,-6.43997162062639,99.9166898083866,92.8280176506731,0.00551389501543891,0,1,126,coarse
125,2,0.0277700638711469,0.0277700638711469,0,-5.29064830240083,-28.3303357704753,-7.98837125168965,99.9722299361289,92.8168463386025,0.0165416850463167,0,1,127,coarse
125,3,0,0,0,-7.32190388263479,-28.3303357704753,-8.42800049445135,100,92.8056750265319,0.0483610961848469,1,1,128,coarse
125,5,0,0,0,-9.6098822008577,-28.3950887491895,-11.9877320833521,100,92.7833324023907,0.0806018269747448,1,1,130,coarse
125,10,0,0,0,-15.6889327324965,-29.5643211972033,-16.1664454568746,100,92.4705356644138,0.357481986259286,1,1,135,coarse
125,15,0,0,0,-16.8113186450409,-30.060754813621,-17.3115120814083,100,92.0795397419427,0.74847790873038,1,1,140,coarse
125,20,0,0,0,-16.8113186450409,-32.4199216265227,-17.3115120814083,100,91.6606155392951,1.20411002889864,1,1,145,coarse
125,25,0,0,0,-16.8113186450409,-34.6677942701415,-19.837360403916,100,90.9791655029883,2.29583645510007,1,1,150,coarse
125,30,0,0,0,-24.179404996118,-36.6357578547204,-26.5239986272056,100,89.7614924872926,3.25094035464804,1,1,155,coarse
125,35,0,0,0,-24.179404996118,-38.3871797690248,-31.0719743185502,100,87.9964251801374,5.07829730921923,1,1,160,coarse
125,40,0,0,0,-24.179404996118,-40.9130315618852,-32.1973151139661,100,85.384202041913,8.2763564181738,1,1,165,coarse
125,45,0,0,0,-34.2711019052704,-44.5719675579902,-35.6222814608254,100,80.0859752821064,12.9080282311425,1,1,170,coarse
125,50,0,0,0,-35.1852518290804,-47.7020725140916,-35.6222814608254,100,75.5180695972742,17.8374503749449,1,1,175,coarse
125,55,0,0,0,-35.1852518290804,-47.9740826235082,-35.6222814608254,100,71.2842557764643,22.3370384851701,1,1,180,coarse
125,60,0,0,0,-35.1852518290804,-48.1536578941037,-35.6222814608254,100,67.684040838259,26.2860973021281,1,1,185,coarse
125,65,0,0,0,-35.1852518290804,-48.2255714976048,-35.6222814608254,100,63.2778076303063,30.4027258001452,1,1,190,coarse
125,70,0,0,0,-35.1852518290804,-48.4330226398746,-35.6222814608254,100,58.9091886082751,34.5249399541976,1,1,195,coarse
125,75,0,0,0,-35.1852518290804,-48.8191887361301,-35.6222814608254,100,54.8898441698012,38.9711221582975,1,1,200,coarse
125,80,0,0,0,-35.1852518290804,-49.1300730250132,-35.6222814608254,100,50.8704997313272,43.3055912416913,1,1,205,coarse
125,85,0,0,0,-35.1852518290804,-49.9518313701859,-35.6222814608254,100,46.8941429339065,46.9865385689549,1,1,210,coarse
125,90,0,0,0,-35.33656793978,-50.5410430429587,-35.7583386508174,100,42.315959161741,52.3766966430207,1,1,215,coarse
125,95,0,0,0,-35.33656793978,-52.1666026353206,-35.7583386508174,100,36.195593766792,57.8729821817572,1,1,220,coarse
125,100,0,0,0,-35.3433013804623,-53.297271399215,-35.7641842525464,100,28.4142322515779,64.9791287594991,1,1,225,coarse
125,105,0,0,0,-43.3776143269555,-56.2863813371017,-44.6384989458472,100,16.2263307825504,77.5982018623568,1,1,230,coarse
125,110,0,0,0,-47.2403925740232,-56.8155225353276,-48.209621976407,100,13.2826900519466,80.6179473401397,1,1,235,coarse
125,115,0,0,0,-48.1917846139306,-57.1334442999468,-48.7480151316016,100,10.0765234876836,83.4927458355723,1,1,240,coarse
125,120,0,0,0,-48.8668556607297,-58.0653157723208,-49.2037772738674,100,5.99899458191365,86.8725248849406,1,1,245,coarse
125,125,0,0,0,-49.0467720598776,-60.9372465774088,-49.2908696867811,100,0,92.8280176506731,1,1,250,coarse
130,0,0.111080255484588,0.111080255484588,0.0138850319355735,11.5010147119616,-28.3303357704753,-5.39672262605658,99.8889197445154,100,0,0,0,130,coarse
130,0.5,0.111080255484588,0.111080255484588,0.0138850319355735,11.5010147119616,-28.3303357704753,-5.39672262605658,99.8889197445154,100,0,0,0,130.5,coarse
130,1,0.0833101916134407,0.0833101916134407,0.0138850319355735,3.23624979658571,-28.3303357704753,-6.43997162062639,99.9166898083866,100,0.00551389501543891,0,1,131,coarse
130,2,0.0277700638711469,0.0277700638711469,0,-5.29064830240083,-28.3303357704753,-7.98837125168965,99.9722299361289,100,0.0165416850463167,0,1,132,coarse
130,3,0,0,0,-7.32190388263479,-28.3303357704753,-8.42800049445135,100,100,0.0483610961848469,1,1,133,coarse
130,5,0,0,0,-9.6098822008577,-28.3950887491895,-11.9877320833521,100,99.9571871989725,0.0806018269747448,1,1,135,coarse
130,10,0,0,0,-15.6889327324965,-29.5643211972033,-16.1664454568746,100,99.8180414644905,0.357481986259286,1,1,140,coarse
130,15,0,0,0,-16.8113186450409,-30.060754813621,-17.3115120814083,100,99.4915979877984,0.74847790873038,1,1,145,coarse
130,20,0,0,0,-16.8113186450409,-32.4199216265227,-17.3115120814083,100,99.1729157476842,1.20411002889864,1,1,150,coarse
130,25,0,0,0,-16.8113186450409,-34.6677942701415,-19.837360403916,100,98.1583590648434,2.29583645510007,1,1,155,coarse
130,30,0,0,0,-24.179404996118,-36.6357578547204,-26.5239986272056,100,96.9334748366196,3.25094035464804,1,1,160,coarse
130,35,0,0,0,-24.179404996118,-38.3871797690248,-31.0719743185502,100,95.5346587855991,5.07829730921923,1,1,165,coarse
130,40,0,0,0,-24.179404996118,-40.9130315618852,-32.1973151139661,100,93.1542181622783,8.2763564181738,1,1,170,coarse
130,45,0,0,0,-34.2711019052704,-44.5719675579902,-35.6222814608254,100,87.8559914024718,12.9080282311425,1,1,175,coarse
130,50,0,0,0,-35.1852518290804,-47.7020725140916,-35.6222814608254,100,82.9658567911806,17.8374503749449,1,1,180,coarse
130,55,0,0,0,-35.1852518290804,-47.9740826235082,-35.6222814608254,100,79.0542718968297,22.3370384851701,1,1,185,coarse
130,60,0,0,0,-35.1852518290804,-48.1536578941037,-35.6222814608254,100,75.4540569586244,26.2860973021281,1,1,190,coarse
130,65,0,0,0,-35.1852518290804,-48.2255714976048,-35.6222814608254,100,71.0478237506717,30.4027258001452,1,1,195,coarse
130,70,0,0,0,-35.1852518290804,-48.4330226398746,-35.6222814608254,100,67.1371857079841,34.5249399541976,1,1,200,coarse
130,75,0,0,0,-35.1852518290804,-48.8191887361301,-35.6222814608254,100,63.316056462285,38.9711221582975,1,1,205,coarse
130,80,0,0,0,-35.1852518290804,-49.1300730250132,-35.6222814608254,100,59.2688575209528,43.3055912416913,1,1,210,coarse
130,85,0,0,0,-35.1852518290804,-49.9518313701859,-35.6222814608254,100,54.6641590542719,46.9865385689549,1,1,215,coarse
130,90,0,0,0,-35.33656793978,-50.5410430429587,-35.7583386508174,100,50.0859752821064,52.3766966430207,1,1,220,coarse
130,95,0,0,0,-35.33656793978,-52.1666026353206,-35.7583386508174,100,43.9656098871574,57.8729821817572,1,1,225,coarse
130,100,0,0,0,-35.3433013804623,-53.297271399215,-35.7641842525464,100,35.8734009704455,64.9791287594991,1,1,230,coarse
130,105,0,0,0,-43.3776143269555,-56.2863813371017,-44.6384989458472,100,23.3983131318773,77.5982018623568,1,1,235,coarse
130,110,0,0,0,-47.2403925740232,-56.8155225353276,-48.209621976407,100,20.9913983237759,80.6179473401397,1,1,240,coarse
130,115,0,0,0,-48.1917846139306,-57.1334442999468,-48.7480151316016,100,18.002867225408,83.4927458355723,1,1,245,coarse
130,120,0,0,0,-48.8668556607297,-58.0653157723208,-49.2037772738674,100,14.1596823996471,86.8725248849406,1,1,250,coarse
130,125,0,0,0,-49.0467720598776,-60.9372465774088,-49.2908696867811,100,8.71746801940891,92.8280176506731,1,1,255,coarse
130,130,0,0,0,-2948.41956873937,-2948.41956873937,-2948.41956873937,100,0,100,1,1,260,coarse
133.758548234674,0,0.111080255484588,0.111080255484588,0.0138850319355735,11.5010147119616,-28.3303357704753,-5.39672262605658,99.8889197445154,100,0,0,0,133.758548234674,coarse
133.758548234674,0.5,0.111080255484588,0.111080255484588,0.0138850319355735,11.5010147119616,-28.3303357704753,-5.39672262605658,99.8889197445154,100,0,0,0,134.258548234674,coarse
133.758548234674,1,0.0833101916134407,0.0833101916134407,0.0138850319355735,3.23624979658571,-28.3303357704753,-6.43997162062639,99.9166898083866,100,0.00551389501543891,0,1,134.758548234674,coarse
133.758548234674,2,0.0277700638711469,0.0277700638711469,0,-5.29064830240083,-28.3303357704753,-7.98837125168965,99.9722299361289,100,0.0165416850463167,0,1,135.758548234674,coarse
133.758548234674,3,0,0,0,-7.32190388263479,-28.3303357704753,-8.42800049445135,100,100,0.0483610961848469,1,1,136.758548234674,coarse
133.758548234674,5,0,0,0,-9.6098822008577,-28.3950887491895,-11.9877320833521,100,99.9571871989725,0.0806018269747448,1,1,138.758548234674,coarse
133.758548234674,10,0,0,0,-15.6889327324965,-29.5643211972033,-16.1664454568746,100,99.8180414644905,0.357481986259286,1,1,143.758548234674,coarse
133.758548234674,15,0,0,0,-16.8113186450409,-30.060754813621,-17.3115120814083,100,99.4915979877984,0.74847790873038,1,1,148.758548234674,coarse
133.758548234674,20,0,0,0,-16.8113186450409,-32.4199216265227,-17.3115120814083,100,99.1729157476842,1.20411002889864,1,1,153.758548234674,coarse
133.758548234674,25,0,0,0,-16.8113186450409,-34.6677942701415,-19.837360403916,100,98.1583590648434,2.29583645510007,1,1,158.758548234674,coarse
133.758548234674,30,0,0,0,-24.179404996118,-36.6357578547204,-26.5239986272056,100,96.9334748366196,3.25094035464804,1,1,163.758548234674,coarse
133.758548234674,35,0,0,0,-24.179404996118,-38.3871797690248,-31.0719743185502,100,95.5346587855991,5.07829730921923,1,1,168.758548234674,coarse
133.758548234674,40,0,0,0,-24.179404996118,-40.9130315618852,-32.1973151139661,100,93.1542181622783,8.2763564181738,1,1,173.758548234674,coarse
133.758548234674,45,0,0,0,-34.2711019052704,-44.5719675579902,-35.6222814608254,100,87.8559914024718,12.9080282311425,1,1,178.758548234674,coarse
133.758548234674,50,0,0,0,-35.1852518290804,-47.7020725140916,-35.6222814608254,100,82.9658567911806,17.8374503749449,1,1,183.758548234674,coarse
133.758548234674,55,0,0,0,-35.1852518290804,-47.9740826235082,-35.6222814608254,100,79.0542718968297,22.3370384851701,1,1,188.758548234674,coarse
133.758548234674,60,0,0,0,-35.1852518290804,-48.1536578941037,-35.6222814608254,100,75.4540569586244,26.2860973021281,1,1,193.758548234674,coarse
133.758548234674,65,0,0,0,-35.1852518290804,-48.2255714976048,-35.6222814608254,100,71.0478237506717,30.4027258001452,1,1,198.758548234674,coarse
133.758548234674,70,0,0,0,-35.1852518290804,-48.4330226398746,-35.6222814608254,100,67.1371857079841,34.5249399541976,1,1,203.758548234674,coarse
133.758548234674,75,0,0,0,-35.1852518290804,-48.8191887361301,-35.6222814608254,100,63.316056462285,38.9711221582975,1,1,208.758548234674,coarse
133.758548234674,80,0,0,0,-35.1852518290804,-49.1300730250132,-35.6222814608254,100,59.2688575209528,43.3055912416913,1,1,213.758548234674,coarse
133.758548234674,85,0,0,0,-35.1852518290804,-49.9518313701859,-35.6222814608254,100,54.6641590542719,46.9865385689549,1,1,218.758548234674,coarse
133.758548234674,90,0,0,0,-35.33656793978,-50.5410430429587,-35.7583386508174,100,50.0859752821064,52.3766966430207,1,1,223.758548234674,coarse
133.758548234674,95,0,0,0,-35.33656793978,-52.1666026353206,-35.7583386508174,100,43.9656098871574,57.8729821817572,1,1,228.758548234674,coarse
133.758548234674,100,0,0,0,-35.3433013804623,-53.297271399215,-35.7641842525464,100,35.8734009704455,64.9791287594991,1,1,233.758548234674,coarse
133.758548234674,105,0,0,0,-43.3776143269555,-56.2863813371017,-44.6384989458472,100,23.3983131318773,77.5982018623568,1,1,238.758548234674,coarse
133.758548234674,110,0,0,0,-47.2403925740232,-56.8155225353276,-48.209621976407,100,20.9913983237759,80.6179473401397,1,1,243.758548234674,coarse
133.758548234674,115,0,0,0,-48.1917846139306,-57.1334442999468,-48.7480151316016,100,18.002867225408,83.4927458355723,1,1,248.758548234674,coarse
133.758548234674,120,0,0,0,-48.8668556607297,-58.0653157723208,-49.2037772738674,100,14.1596823996471,86.8725248849406,1,1,253.758548234674,coarse
133.758548234674,125,0,0,0,-49.0467720598776,-60.9372465774088,-49.2908696867811,100,8.71746801940891,92.8280176506731,1,1,258.758548234674,coarse
133.758548234674,130,0,0,0,-2948.41956873937,-2948.41956873937,-2948.41956873937,100,0,100,1,1,263.758548234674,coarse
133.758548234674,133.758548234674,0,0,0,-2948.41956873937,-2948.41956873937,-2948.41956873937,100,0,100,1,1,267.517096469348,coarse
13,0,0.194390447098028,0.194390447098028,0.138850319355735,19.3760573727513,-27.7065154875021,4.01138593357007,99.805609552902,0.687035692342066,0,0,0,13,refinement
13,1,0.194390447098028,0.194390447098028,0.124965287420161,19.3760573727513,-27.7065154875021,4.01138593357007,99.805609552902,0.687035692342066,0.00551389501543891,0,0,14,refinement
13,2,0.194390447098028,0.194390447098028,0.0971952235490142,19.3760573727513,-27.7065154875021,4.01138593357007,99.805609552902,0.675864380271463,0.0165416850463167,0,0,15,refinement
13,3,0.194390447098028,0.194390447098028,0.0833101916134407,19.3760573727513,-27.7065154875021,4.01138593357007,99.805609552902,0.66469306820086,0.0483610961848469,0,0,16,refinement
13,4,0.194390447098028,0.194390447098028,0.0833101916134407,19.3760573727513,-27.7065154875021,4.01138593357007,99.805609552902,0.653521756130258,0.0644814615797958,0,0,17,refinement
13,5,0.194390447098028,0.194390447098028,0.0833101916134407,19.3760573727513,-27.9162064624984,4.01138593357007,99.805609552902,0.642350444059655,0.0806018269747448,0,0,18,refinement
13,6,0.194390447098028,0.194390447098028,0.0833101916134407,19.3760573727513,-27.9313166574325,4.01138593357007,99.805609552902,0.608836507847847,0.118216012896292,0,0,19,refinement
13,7,0.194390447098028,0.194390447098028,0.0833101916134407,19.3760573727513,-28.3303357704753,4.01138593357007,99.805609552902,0.564151259565436,0.134336378291241,0,0,20,refinement
13,8,0.194390447098028,0.194390447098028,0.0833101916134407,19.3760573727513,-28.5505998774721,4.01138593357007,99.805609552902,0.49712338714182,0.189912305200246,0,0,21,refinement
13,9,0.194390447098028,0.194390447098028,0.0833101916134407,19.3760573727513,-28.6774507502524,4.01138593357007,99.805609552902,0.469195106965313,0.231058570660935,0,0,22,refinement
13,10,0.194390447098028,0.194390447098028,0.0833101916134407,19.3760573727513,-28.9973660561092,4.01138593357007,99.805609552902,0.329553706082779,0.357481986259286,0,0,23,refinement
14,0,0.194390447098028,0.194390447098028,0.124965287420161,15.6709123910478,-27.7065154875021,-1.03748337772854,99.805609552902,0.714963972518572,0,0,0,14,refinement
14,1,0.194390447098028,0.194390447098028,0.111080255484588,15.6709123910478,-27.7065154875021,-1.03748337772854,99.805609552902,0.714963972518572,0.00551389501543891,0,0,15,refinement
14,2,0.194390447098028,0.194390447098028,0.0833101916134407,15.6709123910478,-27.7065154875021,-1.03748337772854,99.805609552902,0.70379266044797,0.0165416850463167,0,0,16,refinement
14,3,0.194390447098028,0.194390447098028,0.0694251596778673,15.6709123910478,-27.7065154875021,-1.03748337772854,99.805609552902,0.692621348377367,0.0483610961848469,0,0,17,refinement
14,4,0.194390447098028,0.194390447098028,0.0694251596778673,15.6709123910478,-27.7065154875021,-1.03748337772854,99.805609552902,0.681450036306764,0.0644814615797958,0,0,18,refinement
14,5,0.194390447098028,0.194390447098028,0.0694251596778673,15.6709123910478,-27.9162064624984,-1.03748337772854,99.805609552902,0.670278724236162,0.0806018269747448,0,0,19,refinement
14,6,0.194390447098028,0.194390447098028,0.0694251596778673,15.6709123910478,-27.9313166574325,-1.03748337772854,99.805609552902,0.636764788024353,0.118216012896292,0,0,20,refinement
14,7,0.194390447098028,0.194390447098028,0.0694251596778673,15.6709123910478,-28.3303357704753,-1.03748337772854,99.805609552902,0.592079539741943,0.134336378291241,0,0,21,refinement
14,8,0.194390447098028,0.194390447098028,0.0694251596778673,15.6709123910478,-28.5505998774721,-1.03748337772854,99.805609552902,0.525051667318327,0.189912305200246,0,0,22,refinement
14,9,0.194390447098028,0.194390447098028,0.0694251596778673,15.6709123910478,-28.6774507502524,-1.03748337772854,99.805609552902,0.49712338714182,0.231058570660935,0,0,23,refinement
14,10,0.194390447098028,0.194390447098028,0.0694251596778673,15.6709123910478,-28.9973660561092,-1.03748337772854,99.805609552902,0.357481986259286,0.357481986259286,0,0,24,refinement
15,0,0.194390447098028,0.194390447098028,0.124965287420161,15.6709123910478,-27.7065154875021,-1.03748337772854,99.805609552902,0.74847790873038,0,0,0,15,refinement
15,1,0.194390447098028,0.194390447098028,0.111080255484588,15.6709123910478,-27.7065154875021,-1.03748337772854,99.805609552902,0.74847790873038,0.00551389501543891,0,0,16,refinement
15,2,0.194390447098028,0.194390447098028,0.0833101916134407,15.6709123910478,-27.7065154875021,-1.03748337772854,99.805609552902,0.737306596659778,0.0165416850463167,0,0,17,refinement
15,3,0.194390447098028,0.194390447098028,0.0694251596778673,15.6709123910478,-27.7065154875021,-1.03748337772854,99.805609552902,0.726135284589175,0.0483610961848469,0,0,18,refinement
15,4,0.194390447098028,0.194390447098028,0.0694251596778673,15.6709123910478,-27.7065154875021,-1.03748337772854,99.805609552902,0.714963972518572,0.0644814615797958,0,0,19,refinement
15,5,0.194390447098028,0.194390447098028,0.0694251596778673,15.6709123910478,-27.9162064624984,-1.03748337772854,99.805609552902,0.70379266044797,0.0806018269747448,0,0,20,refinement
15,6,0.194390447098028,0.194390447098028,0.0694251596778673,15.6709123910478,-27.9313166574325,-1.03748337772854,99.805609552902,0.670278724236162,0.118216012896292,0,0,21,refinement
15,7,0.194390447098028,0.194390447098028,0.0694251596778673,15.6709123910478,-28.3303357704753,-1.03748337772854,99.805609552902,0.625593475953751,0.134336378291241,0,0,22,refinement
15,8,0.194390447098028,0.194390447098028,0.0694251596778673,15.6709123910478,-28.5505998774721,-1.03748337772854,99.805609552902,0.558565603530135,0.189912305200246,0,0,23,refinement
15,9,0.194390447098028,0.194390447098028,0.0694251596778673,15.6709123910478,-28.6774507502524,-1.03748337772854,99.805609552902,0.530637323353628,0.231058570660935,0,0,24,refinement
15,10,0.194390447098028,0.194390447098028,0.0694251596778673,15.6709123910478,-28.9973660561092,-1.03748337772854,99.805609552902,0.390995922471094,0.357481986259286,0,0,25,refinement
16,0,0.194390447098028,0.194390447098028,0.111080255484588,11.5010147119616,-27.7065154875021,-2.54591882100346,99.805609552902,0.776406188906887,0,0,0,16,refinement
16,1,0.194390447098028,0.194390447098028,0.0971952235490142,9.58259014563518,-27.7065154875021,-2.54591882100346,99.805609552902,0.776406188906887,0.00551389501543891,0,0,17,refinement
16,2,0.194390447098028,0.194390447098028,0.0694251596778673,9.58259014563518,-27.7065154875021,-2.54591882100346,99.805609552902,0.765234876836284,0.0165416850463167,0,0,18,refinement
16,3,0.194390447098028,0.194390447098028,0.0555401277422938,9.58259014563518,-27.7065154875021,-2.54591882100346,99.805609552902,0.754063564765682,0.0483610961848469,0,0,19,refinement
16,4,0.194390447098028,0.194390447098028,0.0555401277422938,9.58259014563518,-27.7065154875021,-2.54591882100346,99.805609552902,0.742892252695079,0.0644814615797958,0,0,20,refinement
16,5,0.194390447098028,0.194390447098028,0.0555401277422938,9.58259014563518,-27.9162064624984,-2.54591882100346,99.805609552902,0.731720940624476,0.0806018269747448,0,0,21,refinement
16,6,0.194390447098028,0.194390447098028,0.0555401277422938,9.58259014563518,-27.9313166574325,-2.54591882100346,99.805609552902,0.698207004412668,0.118216012896292,0,0,22,refinement
16,7,0.194390447098028,0.194390447098028,0.0555401277422938,9.58259014563518,-28.3303357704753,-2.54591882100346,99.805609552902,0.653521756130258,0.134336378291241,0,0,23,refinement
16,8,0.194390447098028,0.194390447098028,0.0555401277422938,9.58259014563518,-28.5505998774721,-2.54591882100346,99.805609552902,0.586493883706641,0.189912305200246,0,0,24,refinement
16,9,0.194390447098028,0.194390447098028,0.0555401277422938,9.58259014563518,-28.6774507502524,-2.54591882100346,99.805609552902,0.558565603530135,0.231058570660935,0,0,25,refinement
16,10,0.194390447098028,0.194390447098028,0.0555401277422938,9.58259014563518,-28.9973660561092,-2.54591882100346,99.805609552902,0.418924202647601,0.357481986259286,0,0,26,refinement
17,0,0.194390447098028,0.194390447098028,0.0833101916134407,11.5010147119616,-27.7065154875021,-2.54591882100346,99.805609552902,0.837848405295202,0,0,0,17,refinement
17,1,0.194390447098028,0.194390447098028,0.0694251596778673,3.23624979658571,-27.7065154875021,-2.54591882100346,99.805609552902,0.837848405295202,0.00551389501543891,0,0,18,refinement
17,2,0.194390447098028,0.194390447098028,0.0416550958067204,-0.577538420023984,-27.7065154875021,-2.54591882100346,99.805609552902,0.826677093224599,0.0165416850463167,0,0,19,refinement
17,3,0.194390447098028,0.194390447098028,0.0277700638711469,-0.577538420023984,-27.7065154875021,-2.54591882100346,99.805609552902,0.815505781153997,0.0483610961848469,0,0,20,refinement
17,4,0.194390447098028,0.194390447098028,0.0277700638711469,-0.577538420023984,-27.7065154875021,-2.54591882100346,99.805609552902,0.804334469083394,0.0644814615797958,0,0,21,refinement
17,5,0.194390447098028,0.194390447098028,0.0277700638711469,-0.577538420023984,-27.9162064624984,-2.54591882100346,99.805609552902,0.793163157012791,0.0806018269747448,0,0,22,refinement
17,6,0.194390447098028,0.194390447098028,0.0277700638711469,-0.577538420023984,-27.9313166574325,-2.54591882100346,99.805609552902,0.759649220800983,0.118216012896292,0,0,23,refinement
17,7,0.194390447098028,0.194390447098028,0.0277700638711469,-0.577538420023984,-28.3303357704753,-2.54591882100346,99.805609552902,0.714963972518572,0.134336378291241,0,0,24,refinement
17,8,0.194390447098028,0.194390447098028,0.0277700638711469,-0.577538420023984,-28.5505998774721,-2.54591882100346,99.805609552902,0.647936100094956,0.189912305200246,0,0,25,refinement
17,9,0.194390447098028,0.194390447098028,0.0277700638711469,-0.577538420023984,-28.6774507502524,-2.54591882100346,99.805609552902,0.620007819918449,0.231058570660935,0,0,26,refinement
17,10,0.194390447098028,0.194390447098028,0.0277700638711469,-0.577538420023984,-28.9973660561092,-2.54591882100346,99.805609552902,0.480366419035916,0.357481986259286,0,0,27,refinement
18,0,0.194390447098028,0.194390447098028,0.0833101916134407,11.5010147119616,-27.7065154875021,-2.54591882100346,99.805609552902,0.95514718203653,0,0,0,18,refinement
18,1,0.194390447098028,0.194390447098028,0.0694251596778673,3.23624979658571,-27.7065154875021,-2.54591882100346,99.805609552902,0.95514718203653,0.00551389501543891,0,0,19,refinement
18,2,0.194390447098028,0.194390447098028,0.0416550958067204,-0.577538420023984,-27.7065154875021,-2.54591882100346,99.805609552902,0.943975869965928,0.0165416850463167,0,0,20,refinement
18,3,0.194390447098028,0.194390447098028,0.0277700638711469,-0.577538420023984,-27.7065154875021,-2.54591882100346,99.805609552902,0.932804557895325,0.0483610961848469,0,0,21,refinement
18,4,0.194390447098028,0.194390447098028,0.0277700638711469,-0.577538420023984,-27.7065154875021,-2.54591882100346,99.805609552902,0.921633245824722,0.0644814615797958,0,0,22,refinement
18,5,0.194390447098028,0.194390447098028,0.0277700638711469,-0.577538420023984,-27.9162064624984,-2.54591882100346,99.805609552902,0.910461933754119,0.0806018269747448,0,0,23,refinement
18,6,0.194390447098028,0.194390447098028,0.0277700638711469,-0.577538420023984,-27.9313166574325,-2.54591882100346,99.805609552902,0.876947997542311,0.118216012896292,0,0,24,refinement
18,7,0.194390447098028,0.194390447098028,0.0277700638711469,-0.577538420023984,-28.3303357704753,-2.54591882100346,99.805609552902,0.832262749259901,0.134336378291241,0,0,25,refinement
18,8,0.194390447098028,0.194390447098028,0.0277700638711469,-0.577538420023984,-28.5505998774721,-2.54591882100346,99.805609552902,0.765234876836284,0.189912305200246,0,0,26,refinement
18,9,0.194390447098028,0.194390447098028,0.0277700638711469,-0.577538420023984,-28.6774507502524,-2.54591882100346,99.805609552902,0.737306596659778,0.231058570660935,0,0,27,refinement
18,10,0.194390447098028,0.194390447098028,0.0277700638711469,-0.577538420023984,-28.9973660561092,-2.54591882100346,99.805609552902,0.597665195777244,0.357481986259286,0,0,28,refinement
19,0,0.111080255484588,0.111080255484588,0.0416550958067204,11.5010147119616,-27.7065154875021,-5.39672262605658,99.8889197445154,1.08920292688376,0,0,0,19,refinement
19,1,0.0833101916134407,0.0833101916134407,0.0416550958067204,3.23624979658571,-27.7065154875021,-6.43997162062639,99.9166898083866,1.08920292688376,0.00551389501543891,0,1,20,refinement
19,2,0.0555401277422938,0.0555401277422938,0.0277700638711469,-3.11817823127691,-27.7065154875021,-7.98837125168962,99.9444598722577,1.07803161481316,0.0165416850463167,0,1,21,refinement
19,3,0.0555401277422938,0.0555401277422938,0.0138850319355735,-3.11817823127691,-27.7065154875021,-8.42800049445135,99.9444598722577,1.06686030274256,0.0483610961848469,0,1,22,refinement
19,4,0.0555401277422938,0.0555401277422938,0.0138850319355735,-3.11817823127691,-27.7065154875021,-8.42800049445135,99.9444598722577,1.05568899067195,0.0644814615797958,0,1,23,refinement
19,5,0.0555401277422938,0.0555401277422938,0.0138850319355735,-3.11817823127691,-27.9162064624984,-8.53764386700893,99.9444598722577,1.04451767860135,0.0806018269747448,0,1,24,refinement
19,6,0.0555401277422938,0.0555401277422938,0.0138850319355735,-3.11817823127691,-27.9313166574325,-8.63077024653522,99.9444598722577,1.01100374238954,0.118216012896292,0,1,25,refinement
19,7,0.0555401277422938,0.0555401277422938,0.0138850319355735,-3.11817823127691,-28.3303357704753,-8.63077024653522,99.9444598722577,0.966318494107133,0.134336378291241,0,1,26,refinement
19,8,0.0555401277422938,0.0555401277422938,0.0138850319355735,-3.11817823127691,-28.5505998774721,-8.63077024653522,99.9444598722577,0.899290621683517,0.189912305200246,0,1,27,refinement
19,9,0.0555401277422938,0.0555401277422938,0.0138850319355735,-3.11817823127691,-28.6774507502524,-8.63077024653522,99.9444598722577,0.87136234150701,0.231058570660935,0,1,28,refinement
19,10,0.0555401277422938,0.0555401277422938,0.0138850319355735,-3.11817823127691,-28.9973660561092,-8.63077024653522,99.9444598722577,0.731720940624476,0.357481986259286,0,1,29,refinement
20,0,0.111080255484588,0.111080255484588,0.0138850319355735,11.5010147119616,-27.7065154875021,-5.39672262605658,99.8889197445154,1.20411002889864,0,0,0,20,refinement
20,1,0.0833101916134407,0.0833101916134407,0.0138850319355735,3.23624979658571,-27.7065154875021,-6.43997162062639,99.9166898083866,1.20411002889864,0.00551389501543891,0,1,21,refinement
20,2,0.0277700638711469,0.0277700638711469,0,-5.29064830240083,-27.7065154875021,-7.98837125168962,99.9722299361289,1.20411002889864,0.0165416850463167,0,1,22,refinement
20,3,0,0,0,-7.32190388263479,-27.7065154875021,-8.42800049445135,100,1.20411002889864,0.0483610961848469,1,1,23,refinement
20,4,0,0,0,-7.32190388263479,-27.7065154875021,-8.42800049445135,100,1.20411002889864,0.0644814615797958,1,1,24,refinement
20,5,0,0,0,-7.36580344654195,-27.9162064624984,-11.3255072156695,100,1.16129722787113,0.0806018269747448,1,1,25,refinement
20,6,0,0,0,-7.36580344654195,-27.9313166574325,-11.8231849503369,100,1.13989082735738,0.118216012896292,1,1,26,refinement
20,7,0,0,0,-7.36580344654195,-28.3303357704753,-11.8588611648007,100,1.08102322594456,0.134336378291241,1,1,27,refinement
20,8,0,0,0,-7.36580344654195,-28.5505998774721,-11.8588611648007,100,1.02750722466017,0.189912305200246,1,1,28,refinement
20,9,0,0,0,-7.36580344654195,-28.6774507502524,-11.8588611648007,100,0.979342823504228,0.231058570660935,1,1,29,refinement
20,10,0,0,0,-7.36580344654195,-28.9973660561092,-11.8588611648007,100,0.893717221449213,0.357481986259286,1,1,30,refinement
21,0,0.111080255484588,0.111080255484588,0.0138850319355735,11.5010147119616,-27.7065154875021,-5.39672262605658,99.8889197445154,1.42887723429305,0,0,0,21,refinement
21,1,0.0833101916134407,0.0833101916134407,0.0138850319355735,3.23624979658571,-27.7065154875021,-6.43997162062639,99.9166898083866,1.42887723429305,0.00551389501543891,0,1,22,refinement
21,2,0.0277700638711469,0.0277700638711469,0,-5.29064830240083,-27.7065154875021,-7.98837125168962,99.9722299361289,1.42887723429305,0.0165416850463167,0,1,23,refinement
21,3,0,0,0,-7.32190388263479,-27.7065154875021,-8.42800049445135,100,1.42887723429305,0.0483610961848469,1,1,24,refinement
21,4,0,0,0,-7.32190388263479,-27.7065154875021,-8.42800049445135,100,1.42887723429305,0.0644814615797958,1,1,25,refinement
21,5,0,0,0,-7.55274076026086,-27.9162064624984,-11.3422181185434,100,1.38606443326555,0.0806018269747448,1,1,26,refinement
21,6,0,0,0,-7.55274076026086,-27.9313166574325,-12.0076047458272,100,1.36465803275179,0.118216012896292,1,1,27,refinement
21,7,0,0,0,-7.55274076026086,-28.3303357704753,-12.3541981767066,100,1.30579043133897,0.134336378291241,1,1,28,refinement
21,8,0,0,0,-7.55274076026086,-28.5505998774721,-12.3541981767066,100,1.25227443005459,0.189912305200246,1,1,29,refinement
21,9,0,0,0,-7.55274076026086,-28.6774507502524,-12.3541981767066,100,1.20411002889864,0.231058570660935,1,1,30,refinement
21,10,0,0,0,-7.55274076026086,-28.9973660561092,-12.3541981767066,100,1.11848442684363,0.357481986259286,1,1,31,refinement
22,0,0.111080255484588,0.111080255484588,0.0138850319355735,11.5010147119616,-27.7065154875021,-5.39672262605658,99.8889197445154,1.61083163865996,0,0,0,22,refinement
22,1,0.0833101916134407,0.0833101916134407,0.0138850319355735,3.23624979658571,-27.7065154875021,-6.43997162062639,99.9166898083866,1.61083163865996,0.00551389501543891,0,1,23,refinement
22,2,0.0277700638711469,0.0277700638711469,0,-5.29064830240083,-27.7065154875021,-7.98837125168962,99.9722299361289,1.61083163865996,0.0165416850463167,0,1,24,refinement
22,3,0,0,0,-7.32190388263479,-27.7065154875021,-8.42800049445135,100,1.61083163865996,0.0483610961848469,1,1,25,refinement
22,4,0,0,0,-7.32190388263479,-27.7065154875021,-8.42800049445135,100,1.61083163865996,0.0644814615797958,1,1,26,refinement
22,5,0,0,0,-7.55274076026086,-27.9162064624984,-11.3422181185434,100,1.56801883763245,0.0806018269747448,1,1,27,refinement
22,6,0,0,0,-7.55274076026086,-27.9313166574325,-12.0076047458272,100,1.5466124371187,0.118216012896292,1,1,28,refinement
22,7,0,0,0,-7.55274076026086,-28.3303357704753,-12.3541981767066,100,1.48774483570588,0.134336378291241,1,1,29,refinement
22,8,0,0,0,-7.55274076026086,-28.5505998774721,-12.3541981767066,100,1.43422883442149,0.189912305200246,1,1,30,refinement
22,9,0,0,0,-7.55274076026086,-28.6774507502524,-12.3541981767066,100,1.38606443326555,0.231058570660935,1,1,31,refinement
22,10,0,0,0,-7.55274076026086,-28.9973660561092,-12.3541981767066,100,1.30043883121053,0.357481986259286,1,1,32,refinement
23,0,0.111080255484588,0.111080255484588,0.0138850319355735,11.5010147119616,-27.7065154875021,-5.39672262605658,99.8889197445154,1.86235684469656,0,0,0,23,refinement
23,1,0.0833101916134407,0.0833101916134407,0.0138850319355735,3.23624979658571,-27.7065154875021,-6.43997162062639,99.9166898083866,1.86235684469656,0.00551389501543891,0,1,24,refinement
23,2,0.0277700638711469,0.0277700638711469,0,-5.29064830240083,-27.7065154875021,-7.98837125168962,99.9722299361289,1.86235684469656,0.0165416850463167,0,1,25,refinement
23,3,0,0,0,-7.32190388263479,-27.7065154875021,-8.42800049445135,100,1.86235684469656,0.0483610961848469,1,1,26,refinement
23,4,0,0,0,-7.32190388263479,-27.7065154875021,-8.42800049445135,100,1.86235684469656,0.0644814615797958,1,1,27,refinement
23,5,0,0,0,-7.55274076026086,-27.9162064624984,-11.3422181185434,100,1.81954404366906,0.0806018269747448,1,1,28,refinement
23,6,0,0,0,-7.55274076026086,-27.9313166574325,-12.0076047458272,100,1.7981376431553,0.118216012896292,1,1,29,refinement
23,7,0,0,0,-7.55274076026086,-28.3303357704753,-12.3541981767066,100,1.73927004174248,0.134336378291241,1,1,30,refinement
23,8,0,0,0,-7.55274076026086,-28.5505998774721,-12.3541981767066,100,1.6857540404581,0.189912305200246,1,1,31,refinement
23,9,0,0,0,-7.55274076026086,-28.6774507502524,-12.3541981767066,100,1.63758963930215,0.231058570660935,1,1,32,refinement
23,10,0,0,0,-7.55274076026086,-28.9973660561092,-12.3541981767066,100,1.55196403724714,0.357481986259286,1,1,33,refinement
24,0,0.111080255484588,0.111080255484588,0.0138850319355735,11.5010147119616,-27.7065154875021,-5.39672262605658,99.8889197445154,2.11388205073317,0,0,0,24,refinement
24,1,0.0833101916134407,0.0833101916134407,0.0138850319355735,3.23624979658571,-27.7065154875021,-6.43997162062639,99.9166898083866,2.11388205073317,0.00551389501543891,0,1,25,refinement
24,2,0.0277700638711469,0.0277700638711469,0,-5.29064830240083,-27.7065154875021,-7.98837125168962,99.9722299361289,2.11388205073317,0.0165416850463167,0,1,26,refinement
24,3,0,0,0,-7.32190388263479,-27.7065154875021,-8.42800049445135,100,2.11388205073317,0.0483610961848469,1,1,27,refinement
24,4,0,0,0,-7.32190388263479,-27.7065154875021,-8.42800049445135,100,2.11388205073317,0.0644814615797958,1,1,28,refinement
24,5,0,0,0,-7.55274076026086,-27.9162064624984,-11.3422181185434,100,2.07106924970566,0.0806018269747448,1,1,29,refinement
24,6,0,0,0,-7.55274076026086,-27.9313166574325,-12.0076047458272,100,2.04966284919191,0.118216012896292,1,1,30,refinement
24,7,0,0,0,-7.55274076026086,-28.3303357704753,-12.3541981767066,100,1.99079524777909,0.134336378291241,1,1,31,refinement
24,8,0,0,0,-7.55274076026086,-28.5505998774721,-12.3541981767066,100,1.9372792464947,0.189912305200246,1,1,32,refinement
24,9,0,0,0,-7.55274076026086,-28.6774507502524,-12.3541981767066,100,1.88911484533876,0.231058570660935,1,1,33,refinement
24,10,0,0,0,-7.55274076026086,-28.9973660561092,-12.3541981767066,100,1.80348924328374,0.357481986259286,1,1,34,refinement
25,0,0.111080255484588,0.111080255484588,0.0138850319355735,11.5010147119616,-27.7065154875021,-5.39672262605658,99.8889197445154,2.29583645510007,0,0,0,25,refinement
25,1,0.0833101916134407,0.0833101916134407,0.0138850319355735,3.23624979658571,-27.7065154875021,-6.43997162062639,99.9166898083866,2.29583645510007,0.00551389501543891,0,1,26,refinement
25,2,0.0277700638711469,0.0277700638711469,0,-5.29064830240083,-27.7065154875021,-7.98837125168962,99.9722299361289,2.29583645510007,0.0165416850463167,0,1,27,refinement
25,3,0,0,0,-7.32190388263479,-27.7065154875021,-8.42800049445135,100,2.29583645510007,0.0483610961848469,1,1,28,refinement
25,4,0,0,0,-7.32190388263479,-27.7065154875021,-8.42800049445135,100,2.29583645510007,0.0644814615797958,1,1,29,refinement
25,5,0,0,0,-7.55274076026086,-27.9162064624984,-11.3422181185434,100,2.25302365407257,0.0806018269747448,1,1,30,refinement
25,6,0,0,0,-7.55274076026086,-27.9313166574325,-12.0076047458272,100,2.23161725355881,0.118216012896292,1,1,31,refinement
25,7,0,0,0,-7.55274076026086,-28.3303357704753,-12.3541981767066,100,2.17274965214599,0.134336378291241,1,1,32,refinement
25,8,0,0,0,-7.55274076026086,-28.5505998774721,-12.3541981767066,100,2.11923365086161,0.189912305200246,1,1,33,refinement
25,9,0,0,0,-7.55274076026086,-28.6774507502524,-12.3541981767066,100,2.07106924970566,0.231058570660935,1,1,34,refinement
25,10,0,0,0,-7.55274076026086,-28.9973660561092,-12.3541981767066,100,1.98544364765065,0.357481986259286,1,1,35,refinement
26,0,0.111080255484588,0.111080255484588,0.0138850319355735,11.5010147119616,-27.7065154875021,-5.39672262605658,99.8889197445154,2.47243925933854,0,0,0,26,refinement
26,1,0.0833101916134407,0.0833101916134407,0.0138850319355735,3.23624979658571,-27.7065154875021,-6.43997162062639,99.9166898083866,2.47243925933854,0.00551389501543891,0,1,27,refinement
26,2,0.0277700638711469,0.0277700638711469,0,-5.29064830240083,-27.7065154875021,-7.98837125168962,99.9722299361289,2.47243925933854,0.0165416850463167,0,1,28,refinement
26,3,0,0,0,-7.32190388263479,-27.7065154875021,-8.42800049445135,100,2.47243925933854,0.0483610961848469,1,1,29,refinement
26,4,0,0,0,-7.32190388263479,-27.7065154875021,-8.42800049445135,100,2.47243925933854,0.0644814615797958,1,1,30,refinement
26,5,0,0,0,-7.55274076026086,-27.9162064624984,-11.3422181185434,100,2.42962645831104,0.0806018269747448,1,1,31,refinement
26,6,0,0,0,-7.55274076026086,-27.9313166574325,-12.0076047458272,100,2.40822005779728,0.118216012896292,1,1,32,refinement
26,7,0,0,0,-7.55274076026086,-28.3303357704753,-12.3541981767066,100,2.34935245638446,0.134336378291241,1,1,33,refinement
26,8,0,0,0,-7.55274076026086,-28.5505998774721,-12.3541981767066,100,2.29583645510007,0.189912305200246,1,1,34,refinement
26,9,0,0,0,-7.55274076026086,-28.6774507502524,-12.3541981767066,100,2.24767205394413,0.231058570660935,1,1,35,refinement
26,10,0,0,0,-7.55274076026086,-28.9973660561092,-12.3541981767066,100,2.16204645188911,0.357481986259286,1,1,36,refinement
27,0,0.111080255484588,0.111080255484588,0.0138850319355735,11.5010147119616,-27.7065154875021,-5.39672262605658,99.8889197445154,2.64904206357701,0,0,0,27,refinement
27,1,0.0833101916134407,0.0833101916134407,0.0138850319355735,3.23624979658571,-27.7065154875021,-6.43997162062639,99.9166898083866,2.64904206357701,0.00551389501543891,0,1,28,refinement
27,2,0.0277700638711469,0.0277700638711469,0,-5.29064830240083,-27.7065154875021,-7.98837125168962,99.9722299361289,2.64904206357701,0.0165416850463167,0,1,29,refinement
27,3,0,0,0,-7.32190388263479,-27.7065154875021,-8.42800049445135,100,2.64904206357701,0.0483610961848469,1,1,30,refinement
27,4,0,0,0,-7.32190388263479,-27.7065154875021,-8.42800049445135,100,2.64904206357701,0.0644814615797958,1,1,31,refinement
27,5,0,0,0,-7.55274076026086,-27.9162064624984,-11.3422181185434,100,2.6062292625495,0.0806018269747448,1,1,32,refinement
27,6,0,0,0,-7.55274076026086,-27.9313166574325,-12.0076047458272,100,2.58482286203575,0.118216012896292,1,1,33,refinement
27,7,0,0,0,-7.55274076026086,-28.3303357704753,-12.3541981767066,100,2.52595526062293,0.134336378291241,1,1,34,refinement
27,8,0,0,0,-7.55274076026086,-28.5505998774721,-12.3541981767066,100,2.47243925933854,0.189912305200246,1,1,35,refinement
27,9,0,0,0,-7.55274076026086,-28.6774507502524,-12.3541981767066,100,2.4242748581826,0.231058570660935,1,1,36,refinement
27,10,0,0,0,-7.55274076026086,-28.9973660561092,-12.3541981767066,100,2.33864925612758,0.357481986259286,1,1,37,refinement
133.758548234674,0,0.111080255484588,0.111080255484588,0.0138850319355735,11.5010147119616,-28.3303357704753,-5.39672262605658,99.8889197445154,100,0,0,0,133.758548234674,refinement
133.758548234674,1,0.0833101916134407,0.0833101916134407,0.0138850319355735,3.23624979658571,-28.3303357704753,-6.43997162062639,99.9166898083866,100,0.00551389501543891,0,1,134.758548234674,refinement
133.758548234674,2,0.0277700638711469,0.0277700638711469,0,-5.29064830240083,-28.3303357704753,-7.98837125168965,99.9722299361289,100,0.0165416850463167,0,1,135.758548234674,refinement
133.758548234674,3,0,0,0,-7.32190388263479,-28.3303357704753,-8.42800049445135,100,100,0.0483610961848469,1,1,136.758548234674,refinement
133.758548234674,4,0,0,0,-7.32190388263479,-28.3303357704753,-8.42800049445135,100,100,0.0644814615797958,1,1,137.758548234674,refinement
133.758548234674,5,0,0,0,-9.6098822008577,-28.3950887491895,-11.9877320833521,100,99.9571871989725,0.0806018269747448,1,1,138.758548234674,refinement
133.758548234674,6,0,0,0,-10.9891100751338,-28.4467333673084,-14.8846224462347,100,99.9357807984587,0.118216012896292,1,1,139.758548234674,refinement
133.758548234674,7,0,0,0,-13.5055620664499,-28.7727889363662,-15.3773646440844,100,99.8897220996912,0.134336378291241,1,1,140.758548234674,refinement
133.758548234674,8,0,0,0,-14.8826577178252,-29.1328170279686,-15.3773646440844,100,99.8897220996912,0.189912305200246,1,1,141.758548234674,refinement
133.758548234674,9,0,0,0,-14.8826577178252,-29.3486247833418,-15.3773646440844,100,99.8842082046758,0.231058570660935,1,1,142.758548234674,refinement
133.758548234674,10,0,0,0,-15.6889327324965,-29.5643211972033,-16.1664454568746,100,99.8180414644905,0.357481986259286,1,1,143.758548234674,refinement
133.758548234674,133.758548234674,0,0,0,-2948.41956873937,-2948.41956873937,-2948.41956873937,100,0,100,1,1,267.517096469348,refinement
17.5,0,0.194390447098028,0.194390447098028,0.0833101916134407,11.5010147119616,-27.7065154875021,-2.54591882100346,99.805609552902,0.904876277718818,0,0,0,17.5,final
17.5,0.5,0.194390447098028,0.194390447098028,0.0833101916134407,11.5010147119616,-27.7065154875021,-2.54591882100346,99.805609552902,0.904876277718818,0,0,0,18,final
17.5,1,0.194390447098028,0.194390447098028,0.0694251596778673,3.23624979658571,-27.7065154875021,-2.54591882100346,99.805609552902,0.904876277718818,0.00551389501543891,0,0,18.5,final
17.5,1.5,0.194390447098028,0.194390447098028,0.0555401277422938,-0.577538420023984,-27.7065154875021,-2.54591882100346,99.805609552902,0.893704965648215,0.0111713120706027,0,0,19,final
17.5,2,0.194390447098028,0.194390447098028,0.0416550958067204,-0.577538420023984,-27.7065154875021,-2.54591882100346,99.805609552902,0.893704965648215,0.0165416850463167,0,0,19.5,final
17.5,2.5,0.194390447098028,0.194390447098028,0.0277700638711469,-0.577538420023984,-27.7065154875021,-2.54591882100346,99.805609552902,0.888119309612914,0.0376141859215476,0,0,20,final
17.5,3,0.194390447098028,0.194390447098028,0.0277700638711469,-0.577538420023984,-27.7065154875021,-2.54591882100346,99.805609552902,0.882533653577613,0.0483610961848469,0,0,20.5,final
17.5,3.5,0.194390447098028,0.194390447098028,0.0277700638711469,-0.577538420023984,-27.7065154875021,-2.54591882100346,99.805609552902,0.882533653577613,0.0483610961848469,0,0,21,final
17.5,4,0.194390447098028,0.194390447098028,0.0277700638711469,-0.577538420023984,-27.7065154875021,-2.54591882100346,99.805609552902,0.87136234150701,0.0644814615797958,0,0,21.5,final
17.5,4.5,0.194390447098028,0.194390447098028,0.0277700638711469,-0.577538420023984,-27.8730885233076,-2.54591882100346,99.805609552902,0.865776685471709,0.0698549167114455,0,0,22,final
18,0,0.194390447098028,0.194390447098028,0.0833101916134407,11.5010147119616,-27.7065154875021,-2.54591882100346,99.805609552902,0.95514718203653,0,0,0,18,final
18,0.5,0.194390447098028,0.194390447098028,0.0833101916134407,11.5010147119616,-27.7065154875021,-2.54591882100346,99.805609552902,0.95514718203653,0,0,0,18.5,final
18,1,0.194390447098028,0.194390447098028,0.0694251596778673,3.23624979658571,-27.7065154875021,-2.54591882100346,99.805609552902,0.95514718203653,0.00551389501543891,0,0,19,final
18,1.5,0.194390447098028,0.194390447098028,0.0555401277422938,-0.577538420023984,-27.7065154875021,-2.54591882100346,99.805609552902,0.943975869965928,0.0111713120706027,0,0,19.5,final
18,2,0.194390447098028,0.194390447098028,0.0416550958067204,-0.577538420023984,-27.7065154875021,-2.54591882100346,99.805609552902,0.943975869965928,0.0165416850463167,0,0,20,final
18,2.5,0.194390447098028,0.194390447098028,0.0277700638711469,-0.577538420023984,-27.7065154875021,-2.54591882100346,99.805609552902,0.938390213930626,0.0376141859215476,0,0,20.5,final
18,3,0.194390447098028,0.194390447098028,0.0277700638711469,-0.577538420023984,-27.7065154875021,-2.54591882100346,99.805609552902,0.932804557895325,0.0483610961848469,0,0,21,final
18,3.5,0.194390447098028,0.194390447098028,0.0277700638711469,-0.577538420023984,-27.7065154875021,-2.54591882100346,99.805609552902,0.932804557895325,0.0483610961848469,0,0,21.5,final
18,4,0.194390447098028,0.194390447098028,0.0277700638711469,-0.577538420023984,-27.7065154875021,-2.54591882100346,99.805609552902,0.921633245824722,0.0644814615797958,0,0,22,final
18,4.5,0.194390447098028,0.194390447098028,0.0277700638711469,-0.577538420023984,-27.8730885233076,-2.54591882100346,99.805609552902,0.916047589789421,0.0698549167114455,0,0,22.5,final
18.5,0,0.111080255484588,0.111080255484588,0.0555401277422938,11.5010147119616,-27.7065154875021,-5.39672262605658,99.8889197445154,1.03334636653075,0,0,0,18.5,final
18.5,0.5,0.111080255484588,0.111080255484588,0.0555401277422938,11.5010147119616,-27.7065154875021,-5.39672262605658,99.8889197445154,1.03334636653075,0,0,0,19,final
18.5,1,0.0833101916134407,0.0833101916134407,0.0555401277422938,3.23624979658571,-27.7065154875021,-6.43997162062639,99.9166898083866,1.03334636653075,0.00551389501543891,0,1,19.5,final
18.5,1.5,0.0833101916134407,0.0833101916134407,0.0416550958067204,-1.95148267993414,-27.7065154875021,-7.38656300208812,99.9166898083866,1.02217505446015,0.0111713120706027,0,1,20,final
18.5,2,0.0833101916134407,0.0833101916134407,0.0277700638711469,-1.95148267993414,-27.7065154875021,-7.61749633989205,99.9166898083866,1.02217505446015,0.0165416850463167,0,1,20.5,final
18.5,2.5,0.0833101916134407,0.0833101916134407,0.0138850319355735,-1.95148267993414,-27.7065154875021,-7.61749633989205,99.9166898083866,1.01658939842485,0.0376141859215476,0,1,21,final
18.5,3,0.0833101916134407,0.0833101916134407,0.0138850319355735,-1.95148267993414,-27.7065154875021,-7.61749633989205,99.9166898083866,1.01100374238954,0.0483610961848469,0,1,21.5,final
18.5,3.5,0.0833101916134407,0.0833101916134407,0.0138850319355735,-1.95148267993414,-27.7065154875021,-7.61749633989205,99.9166898083866,1.01100374238954,0.0483610961848469,0,1,22,final
18.5,4,0.0833101916134407,0.0833101916134407,0.0138850319355735,-1.95148267993414,-27.7065154875021,-7.61749633989205,99.9166898083866,0.999832430318941,0.0644814615797958,0,1,22.5,final
18.5,4.5,0.0833101916134407,0.0833101916134407,0.0138850319355735,-1.95148267993414,-27.8730885233076,-7.61749633989205,99.9166898083866,0.99424677428364,0.0698549167114455,0,1,23,final
19,0,0.111080255484588,0.111080255484588,0.0416550958067204,11.5010147119616,-27.7065154875021,-5.39672262605658,99.8889197445154,1.08920292688376,0,0,0,19,final
19,0.5,0.111080255484588,0.111080255484588,0.0416550958067204,11.5010147119616,-27.7065154875021,-5.39672262605658,99.8889197445154,1.08920292688376,0,0,0,19.5,final
19,1,0.0833101916134407,0.0833101916134407,0.0416550958067204,3.23624979658571,-27.7065154875021,-6.43997162062639,99.9166898083866,1.08920292688376,0.00551389501543891,0,1,20,final
19,1.5,0.0555401277422938,0.0555401277422938,0.0416550958067204,-3.11817823127691,-27.7065154875021,-7.38656300208812,99.9444598722577,1.07803161481316,0.0111713120706027,0,1,20.5,final
19,2,0.0555401277422938,0.0555401277422938,0.0277700638711469,-3.11817823127691,-27.7065154875021,-7.98837125168962,99.9444598722577,1.07803161481316,0.0165416850463167,0,1,21,final
19,2.5,0.0555401277422938,0.0555401277422938,0.0138850319355735,-3.11817823127691,-27.7065154875021,-8.22963976793027,99.9444598722577,1.07244595877786,0.0376141859215476,0,1,21.5,final
19,3,0.0555401277422938,0.0555401277422938,0.0138850319355735,-3.11817823127691,-27.7065154875021,-8.42800049445135,99.9444598722577,1.06686030274256,0.0483610961848469,0,1,22,final
19,3.5,0.0555401277422938,0.0555401277422938,0.0138850319355735,-3.11817823127691,-27.7065154875021,-8.42800049445135,99.9444598722577,1.06686030274256,0.0483610961848469,0,1,22.5,final
19,4,0.0555401277422938,0.0555401277422938,0.0138850319355735,-3.11817823127691,-27.7065154875021,-8.42800049445135,99.9444598722577,1.05568899067195,0.0644814615797958,0,1,23,final
19,4.5,0.0555401277422938,0.0555401277422938,0.0138850319355735,-3.11817823127691,-27.8730885233076,-8.42800049445135,99.9444598722577,1.05010333463665,0.0698549167114455,0,1,23.5,final
19.5,0,0.111080255484588,0.111080255484588,0.0138850319355735,11.5010147119616,-27.7065154875021,-5.39672262605658,99.8889197445154,1.12271686309557,0,0,0,19.5,final
19.5,0.5,0.111080255484588,0.111080255484588,0.0138850319355735,11.5010147119616,-27.7065154875021,-5.39672262605658,99.8889197445154,1.12271686309557,0,0,0,20,final
19.5,1,0.0833101916134407,0.0833101916134407,0.0138850319355735,3.23624979658571,-27.7065154875021,-6.43997162062639,99.9166898083866,1.12271686309557,0.00551389501543891,0,1,20.5,final
19.5,1.5,0.0555401277422938,0.0555401277422938,0,-4.26876997163569,-27.7065154875021,-7.38656300208812,99.9444598722577,1.11154555102497,0.0111713120706027,0,1,21,final
19.5,2,0.0277700638711469,0.0277700638711469,0,-5.29064830240083,-27.7065154875021,-7.98837125168962,99.9722299361289,1.11154555102497,0.0165416850463167,0,1,21.5,final
19.5,2.5,0,0,0,-6.34088913067922,-27.7065154875021,-8.22963976793027,100,1.10595989498967,0.0376141859215476,1,1,22,final
19.5,3,0,0,0,-7.32190388263479,-27.7065154875021,-8.42800049445135,100,1.10037423895437,0.0483610961848469,1,1,22.5,final
19.5,3.5,0,0,0,-7.32190388263479,-27.7065154875021,-8.42800049445135,100,1.10037423895437,0.0483610961848469,1,1,23,final
19.5,4,0,0,0,-7.32190388263479,-27.7065154875021,-8.42800049445135,100,1.09707802632987,0.0644814615797958,1,1,23.5,final
19.5,4.5,0,0,0,-7.32190388263479,-27.8730885233076,-8.42800049445135,100,1.08361727084846,0.0698549167114455,1,1,24,final
20,0,0.111080255484588,0.111080255484588,0.0138850319355735,11.5010147119616,-27.7065154875021,-5.39672262605658,99.8889197445154,1.20411002889864,0,0,0,20,final
20,0.5,0.111080255484588,0.111080255484588,0.0138850319355735,11.5010147119616,-27.7065154875021,-5.39672262605658,99.8889197445154,1.20411002889864,0,0,0,20.5,final
20,1,0.0833101916134407,0.0833101916134407,0.0138850319355735,3.23624979658571,-27.7065154875021,-6.43997162062639,99.9166898083866,1.20411002889864,0.00551389501543891,0,1,21,final
20,1.5,0.0555401277422938,0.0555401277422938,0,-4.26876997163569,-27.7065154875021,-7.38656300208812,99.9444598722577,1.20411002889864,0.0111713120706027,0,1,21.5,final
20,2,0.0277700638711469,0.0277700638711469,0,-5.29064830240083,-27.7065154875021,-7.98837125168962,99.9722299361289,1.20411002889864,0.0165416850463167,0,1,22,final
20,2.5,0,0,0,-6.34088913067922,-27.7065154875021,-8.22963976793027,100,1.20411002889864,0.0376141859215476,1,1,22.5,final
20,3,0,0,0,-7.32190388263479,-27.7065154875021,-8.42800049445135,100,1.20411002889864,0.0483610961848469,1,1,23,final
20,3.5,0,0,0,-7.32190388263479,-27.7065154875021,-8.42800049445135,100,1.20411002889864,0.0483610961848469,1,1,23.5,final
20,4,0,0,0,-7.32190388263479,-27.7065154875021,-8.42800049445135,100,1.20411002889864,0.0644814615797958,1,1,24,final
20,4.5,0,0,0,-7.32190388263479,-27.8730885233076,-8.42800049445135,100,1.18805522851333,0.0698549167114455,1,1,24.5,final
20.5,0,0.111080255484588,0.111080255484588,0.0138850319355735,11.5010147119616,-27.7065154875021,-5.39672262605658,99.8889197445154,1.34325163223804,0,0,0,20.5,final
20.5,0.5,0.111080255484588,0.111080255484588,0.0138850319355735,11.5010147119616,-27.7065154875021,-5.39672262605658,99.8889197445154,1.34325163223804,0,0,0,21,final
20.5,1,0.0833101916134407,0.0833101916134407,0.0138850319355735,3.23624979658571,-27.7065154875021,-6.43997162062639,99.9166898083866,1.34325163223804,0.00551389501543891,0,1,21.5,final
20.5,1.5,0.0555401277422938,0.0555401277422938,0,-4.26876997163569,-27.7065154875021,-7.38656300208812,99.9444598722577,1.34325163223804,0.0111713120706027,0,1,22,final
20.5,2,0.0277700638711469,0.0277700638711469,0,-5.29064830240083,-27.7065154875021,-7.98837125168962,99.9722299361289,1.34325163223804,0.0165416850463167,0,1,22.5,final
20.5,2.5,0,0,0,-6.34088913067922,-27.7065154875021,-8.22963976793027,100,1.34325163223804,0.0376141859215476,1,1,23,final
20.5,3,0,0,0,-7.32190388263479,-27.7065154875021,-8.42800049445135,100,1.34325163223804,0.0483610961848469,1,1,23.5,final
20.5,3.5,0,0,0,-7.32190388263479,-27.7065154875021,-8.42800049445135,100,1.34325163223804,0.0483610961848469,1,1,24,final
20.5,4,0,0,0,-7.32190388263479,-27.7065154875021,-8.42800049445135,100,1.34325163223804,0.0644814615797958,1,1,24.5,final
20.5,4.5,0,0,0,-7.32190388263479,-27.8730885233076,-8.42800049445135,100,1.32719683185272,0.0698549167114455,1,1,25,final
21,0,0.111080255484588,0.111080255484588,0.0138850319355735,11.5010147119616,-27.7065154875021,-5.39672262605658,99.8889197445154,1.42887723429305,0,0,0,21,final
21,0.5,0.111080255484588,0.111080255484588,0.0138850319355735,11.5010147119616,-27.7065154875021,-5.39672262605658,99.8889197445154,1.42887723429305,0,0,0,21.5,final
21,1,0.0833101916134407,0.0833101916134407,0.0138850319355735,3.23624979658571,-27.7065154875021,-6.43997162062639,99.9166898083866,1.42887723429305,0.00551389501543891,0,1,22,final
21,1.5,0.0555401277422938,0.0555401277422938,0,-4.26876997163569,-27.7065154875021,-7.38656300208812,99.9444598722577,1.42887723429305,0.0111713120706027,0,1,22.5,final
21,2,0.0277700638711469,0.0277700638711469,0,-5.29064830240083,-27.7065154875021,-7.98837125168962,99.9722299361289,1.42887723429305,0.0165416850463167,0,1,23,final
21,2.5,0,0,0,-6.34088913067922,-27.7065154875021,-8.22963976793027,100,1.42887723429305,0.0376141859215476,1,1,23.5,final
21,3,0,0,0,-7.32190388263479,-27.7065154875021,-8.42800049445135,100,1.42887723429305,0.0483610961848469,1,1,24,final
21,3.5,0,0,0,-7.32190388263479,-27.7065154875021,-8.42800049445135,100,1.42887723429305,0.0483610961848469,1,1,24.5,final
21,4,0,0,0,-7.32190388263479,-27.7065154875021,-8.42800049445135,100,1.42887723429305,0.0644814615797958,1,1,25,final
21,4.5,0,0,0,-7.32190388263479,-27.8730885233076,-8.42800049445135,100,1.41282243390774,0.0698549167114455,1,1,25.5,final
21.5,0,0.111080255484588,0.111080255484588,0.0138850319355735,11.5010147119616,-27.7065154875021,-5.39672262605658,99.8889197445154,1.51985443647651,0,0,0,21.5,final
21.5,0.5,0.111080255484588,0.111080255484588,0.0138850319355735,11.5010147119616,-27.7065154875021,-5.39672262605658,99.8889197445154,1.51985443647651,0,0,0,22,final
21.5,1,0.0833101916134407,0.0833101916134407,0.0138850319355735,3.23624979658571,-27.7065154875021,-6.43997162062639,99.9166898083866,1.51985443647651,0.00551389501543891,0,1,22.5,final
21.5,1.5,0.0555401277422938,0.0555401277422938,0,-4.26876997163569,-27.7065154875021,-7.38656300208812,99.9444598722577,1.51985443647651,0.0111713120706027,0,1,23,final
21.5,2,0.0277700638711469,0.0277700638711469,0,-5.29064830240083,-27.7065154875021,-7.98837125168962,99.9722299361289,1.51985443647651,0.0165416850463167,0,1,23.5,final
21.5,2.5,0,0,0,-6.34088913067922,-27.7065154875021,-8.22963976793027,100,1.51985443647651,0.0376141859215476,1,1,24,final
21.5,3,0,0,0,-7.32190388263479,-27.7065154875021,-8.42800049445135,100,1.51985443647651,0.0483610961848469,1,1,24.5,final
21.5,3.5,0,0,0,-7.32190388263479,-27.7065154875021,-8.42800049445135,100,1.51985443647651,0.0483610961848469,1,1,25,final
21.5,4,0,0,0,-7.32190388263479,-27.7065154875021,-8.42800049445135,100,1.51985443647651,0.0644814615797958,1,1,25.5,final
21.5,4.5,0,0,0,-7.32190388263479,-27.8730885233076,-8.42800049445135,100,1.50379963609119,0.0698549167114455,1,1,26,final
133.758548234674,0,0.111080255484588,0.111080255484588,0.0138850319355735,11.5010147119616,-28.3303357704753,-5.39672262605658,99.8889197445154,100,0,0,0,133.758548234674,final
133.758548234674,0.5,0.111080255484588,0.111080255484588,0.0138850319355735,11.5010147119616,-28.3303357704753,-5.39672262605658,99.8889197445154,100,0,0,0,134.258548234674,final
133.758548234674,1,0.0833101916134407,0.0833101916134407,0.0138850319355735,3.23624979658571,-28.3303357704753,-6.43997162062639,99.9166898083866,100,0.00551389501543891,0,1,134.758548234674,final
133.758548234674,1.5,0.0555401277422938,0.0555401277422938,0,-4.26876997163569,-28.3303357704753,-7.38656300208812,99.9444598722577,100,0.0111713120706027,0,1,135.258548234674,final
133.758548234674,2,0.0277700638711469,0.0277700638711469,0,-5.29064830240083,-28.3303357704753,-7.98837125168965,99.9722299361289,100,0.0165416850463167,0,1,135.758548234674,final
133.758548234674,2.5,0,0,0,-6.34088913067922,-28.3303357704753,-8.22963976793027,100,100,0.0376141859215476,1,1,136.258548234674,final
133.758548234674,3,0,0,0,-7.32190388263479,-28.3303357704753,-8.42800049445135,100,100,0.0483610961848469,1,1,136.758548234674,final
133.758548234674,3.5,0,0,0,-7.32190388263479,-28.3303357704753,-8.42800049445135,100,100,0.0483610961848469,1,1,137.258548234674,final
133.758548234674,4,0,0,0,-7.32190388263479,-28.3303357704753,-8.42800049445135,100,100,0.0644814615797958,1,1,137.758548234674,final
133.758548234674,4.5,0,0,0,-7.32190388263479,-28.387735934031,-8.42800049445135,100,99.9839451996147,0.0698549167114455,1,1,138.258548234674,final
133.758548234674,133.758548234674,0,0,0,-2948.41956873937,-2948.41956873937,-2948.41956873937,100,0,100,1,1,267.517096469348,final
