Time,AggregateInterferenceDbm,IOverNDb,DominantSatelliteIndex,VisibleSatelliteCount,EligibleCandidateCount,CandidateSatelliteCount,EffectiveContributorCount,PracticalSelectedIOverNDb
01-Aug-2026 00:00:00,-174.818424561827,-46.7114376153113,0,25,25,25,6,-46.7114376153113
01-Aug-2026 00:00:02,-177.119594835035,-49.0126078885189,0,25,25,25,5,-49.0126078885189
01-Aug-2026 00:00:04,-176.859434450335,-48.7524475038194,0,25,25,25,4,-48.7524475038194
01-Aug-2026 00:00:06,-176.648118805344,-48.5411318588278,0,25,25,25,4,-48.5411318588278
01-Aug-2026 00:00:08,-190.435748238966,-62.3287612924497,0,25,25,25,3,-62.3287612924497
01-Aug-2026 00:00:10,-190.838778371574,-62.7317914250586,0,25,25,25,2,-62.7317914250586
01-Aug-2026 00:00:12,-187.253003514621,-59.1460165681053,0,25,25,25,3,-59.1460165681053
01-Aug-2026 00:00:14,-180.279293155116,-52.1723062085998,0,25,25,25,4,-52.1723062085998
01-Aug-2026 00:00:16,-179.64276048427,-51.5357735377538,0,25,25,25,5,-51.5357735377538
01-Aug-2026 00:00:18,-179.021532876085,-50.9145459295687,0,25,25,25,5,-50.9145459295687
01-Aug-2026 00:00:20,-187.168933812108,-59.0619468655923,0,25,25,25,3,-59.0619468655923
01-Aug-2026 00:00:22,-187.355250860769,-59.2482639142533,0,25,25,25,3,-59.2482639142533
01-Aug-2026 00:00:24,-164.396460432904,-36.2894734863885,0,26,26,26,4,-36.2894734863885
01-Aug-2026 00:00:26,-165.423928121739,-37.3169411752232,0,26,26,26,3,-37.3169411752232
01-Aug-2026 00:00:28,-165.524141618088,-37.4171546715717,0,26,26,26,3,-37.4171546715717
01-Aug-2026 00:00:30,-165.049880463566,-36.9428935170501,0,26,26,26,4,-36.9428935170501
01-Aug-2026 00:00:32,-166.649508262608,-38.5425213160918,0,26,26,26,4,-38.5425213160918
01-Aug-2026 00:00:34,-166.748298608986,-38.6413116624699,0,26,26,26,3,-38.6413116624699
01-Aug-2026 00:00:36,-187.304160504492,-59.1971735579758,0,26,26,26,2,-59.1971735579758
01-Aug-2026 00:00:38,-186.987764330128,-58.8807773836118,0,26,26,26,2,-58.8807773836118
01-Aug-2026 00:00:40,-187.043361527742,-58.9363745812261,0,26,26,26,2,-58.9363745812261
01-Aug-2026 00:00:42,-187.228613046431,-59.1216260999151,0,26,26,26,2,-59.1216260999151
01-Aug-2026 00:00:44,-197.677704446177,-69.5707174996606,0,26,26,26,1,-69.5707174996606
01-Aug-2026 00:00:46,-195.542497042725,-67.4355100962088,0,25,25,25,2,-67.4355100962088
01-Aug-2026 00:00:48,-195.845608913233,-67.738621966717,0,25,25,25,2,-67.738621966717
01-Aug-2026 00:00:50,-196.059191830399,-67.9522048838827,0,25,25,25,2,-67.9522048838827
01-Aug-2026 00:00:52,-201.151491579402,-73.0445046328861,0,25,25,25,1,-73.0445046328861
01-Aug-2026 00:00:54,-201.336681685948,-73.2296947394323,0,25,25,25,1,-73.2296947394323
01-Aug-2026 00:00:56,-179.230307787956,-51.1233208414399,0,25,25,25,3,-51.1233208414399
01-Aug-2026 00:00:58,-179.259040537409,-51.152053590893,0,25,25,25,3,-51.152053590893
01-Aug-2026 00:01:00,-178.989278929468,-50.8822919829524,0,25,25,25,3,-50.8822919829524
01-Aug-2026 00:01:02,-179.244404113955,-51.1374171674387,0,25,25,25,4,-51.1374171674387
01-Aug-2026 00:01:04,-179.645773033888,-51.5387860873718,0,25,25,25,4,-51.5387860873718
01-Aug-2026 00:01:06,-160.111549348759,-32.004562402243,0,26,26,26,6,-32.004562402243
01-Aug-2026 00:01:08,-160.902540205587,-32.7955532590713,0,26,26,26,6,-32.7955532590713
01-Aug-2026 00:01:10,-160.992520421065,-32.8855334745487,0,26,26,26,6,-32.8855334745487
01-Aug-2026 00:01:12,-161.384483245497,-33.2774962989814,0,25,25,25,6,-33.2774962989814
01-Aug-2026 00:01:14,-161.615759921198,-33.5087729746822,0,25,25,25,6,-33.5087729746822
01-Aug-2026 00:01:16,-162.319189651913,-34.2122027053972,0,25,25,25,5,-34.2122027053972
01-Aug-2026 00:01:18,-162.55802457339,-34.4510376268745,0,25,25,25,5,-34.4510376268745
01-Aug-2026 00:01:20,-179.105278926,-50.9982919794839,0,25,25,25,4,-50.9982919794839
01-Aug-2026 00:01:22,-179.39422039901,-51.2872334524946,0,25,25,25,4,-51.2872334524946
01-Aug-2026 00:01:24,-175.691100502857,-47.584113556341,0,25,25,25,5,-47.584113556341
01-Aug-2026 00:01:26,-175.328531867173,-47.2215449206567,0,24,24,24,5,-47.2215449206567
01-Aug-2026 00:01:28,-175.12867404066,-47.0216870941446,0,24,24,24,5,-47.0216870941446
01-Aug-2026 00:01:30,-175.070544840468,-46.9635578939519,0,24,24,24,5,-46.9635578939519
01-Aug-2026 00:01:32,-174.927735010446,-46.8207480639301,0,24,24,24,4,-46.8207480639301
01-Aug-2026 00:01:34,-174.49941878363,-46.3924318371145,0,24,24,24,6,-46.3924318371145
01-Aug-2026 00:01:36,-174.510733068536,-46.4037461220197,0,25,25,25,6,-46.4037461220197
01-Aug-2026 00:01:38,-178.609273829506,-50.5022868829898,0,25,25,25,5,-50.5022868829898
01-Aug-2026 00:01:40,-178.370794950274,-50.2638080037585,0,25,25,25,5,-50.2638080037585
01-Aug-2026 00:01:42,-178.219993061087,-50.1130061145711,0,24,24,24,5,-50.1130061145711
01-Aug-2026 00:01:44,-178.142031530748,-50.035044584232,0,24,24,24,5,-50.035044584232
01-Aug-2026 00:01:46,-178.232704548562,-50.1257176020465,0,24,24,24,5,-50.1257176020465
01-Aug-2026 00:01:48,-178.365660781922,-50.2586738354058,0,24,24,24,5,-50.2586738354058
01-Aug-2026 00:01:50,-186.764779391705,-58.6577924451888,0,24,24,24,3,-58.6577924451888
01-Aug-2026 00:01:52,-186.784858338952,-58.6778713924361,0,24,24,24,3,-58.6778713924361
01-Aug-2026 00:01:54,-186.792357858392,-58.6853709118763,0,24,24,24,3,-58.6853709118763
01-Aug-2026 00:01:56,-186.838005325933,-58.7310183794176,0,24,24,24,3,-58.7310183794176
01-Aug-2026 00:01:58,-186.547679154425,-58.4406922079091,0,23,23,23,4,-58.4406922079091
01-Aug-2026 00:02:00,-186.467782325743,-58.3607953792272,0,23,23,23,4,-58.3607953792272
01-Aug-2026 00:02:02,-186.397115817889,-58.2901288713731,0,23,23,23,4,-58.2901288713731
01-Aug-2026 00:02:04,-186.215505442183,-58.1085184956674,0,23,23,23,4,-58.1085184956674
01-Aug-2026 00:02:06,-186.312654968017,-58.2056680215013,0,23,23,23,4,-58.2056680215013
01-Aug-2026 00:02:08,-190.139511396772,-62.0325244502559,0,23,23,23,3,-62.0325244502559
01-Aug-2026 00:02:10,-189.463485428839,-61.3564984823234,0,23,23,23,4,-61.3564984823234
01-Aug-2026 00:02:12,-189.651925624277,-61.5449386777607,0,23,23,23,4,-61.5449386777607
01-Aug-2026 00:02:14,-189.726731587665,-61.6197446411491,0,23,23,23,4,-61.6197446411491
01-Aug-2026 00:02:16,-190.360815706187,-62.2538287596707,0,23,23,23,4,-62.2538287596707
01-Aug-2026 00:02:18,-190.001196931276,-61.8942099847601,0,24,24,24,4,-61.8942099847601
01-Aug-2026 00:02:20,-190.077370315274,-61.9703833687581,0,24,24,24,4,-61.9703833687581
01-Aug-2026 00:02:22,-188.209376387273,-60.102389440757,0,25,25,25,5,-60.102389440757
01-Aug-2026 00:02:24,-189.577583711578,-61.4705967650617,0,25,25,25,4,-61.4705967650617
01-Aug-2026 00:02:26,-189.28721731096,-61.1802303644436,0,25,25,25,4,-61.1802303644436
01-Aug-2026 00:02:28,-188.908628381993,-60.8016414354768,0,25,25,25,4,-60.8016414354768
01-Aug-2026 00:02:30,-190.035106205533,-61.9281192590171,0,25,25,25,3,-61.9281192590171
01-Aug-2026 00:02:32,-189.012154667899,-60.9051677213831,0,25,25,25,3,-60.9051677213831
01-Aug-2026 00:02:34,-188.549102562322,-60.442115615806,0,25,25,25,3,-60.442115615806
01-Aug-2026 00:02:36,-187.548288701608,-59.4413017550925,0,25,25,25,3,-59.4413017550925
01-Aug-2026 00:02:38,-187.113513734663,-59.0065267881473,0,25,25,25,4,-59.0065267881473
01-Aug-2026 00:02:40,-185.282257532988,-57.1752705864723,0,25,25,25,5,-57.1752705864723
01-Aug-2026 00:02:42,-184.910087066306,-56.8031001197905,0,25,25,25,5,-56.8031001197905
01-Aug-2026 00:02:44,-185.129568725688,-57.0225817791719,0,25,25,25,5,-57.0225817791719
01-Aug-2026 00:02:46,-171.7707503151,-43.663763368584,0,25,25,25,6,-43.663763368584
01-Aug-2026 00:02:48,-171.966265089881,-43.8592781433653,0,25,25,25,6,-43.8592781433653
01-Aug-2026 00:02:50,-172.029358605198,-43.9223716586825,0,25,25,25,6,-43.9223716586825
01-Aug-2026 00:02:52,-172.062625104582,-43.955638158066,0,25,25,25,7,-43.955638158066
01-Aug-2026 00:02:54,-187.526943129152,-59.4199561826365,0,25,25,25,6,-59.4199561826365
01-Aug-2026 00:02:56,-187.242442125138,-59.1354551786226,0,25,25,25,7,-59.1354551786226
01-Aug-2026 00:02:58,-186.914835341302,-58.8078483947858,0,25,25,25,8,-58.8078483947858
01-Aug-2026 00:03:00,-188.094913804348,-59.9879268578326,0,25,25,25,7,-59.9879268578326
01-Aug-2026 00:03:02,-188.793241653003,-60.6862547064868,0,26,26,26,6,-60.6862547064868
01-Aug-2026 00:03:04,-187.833502695133,-59.7265157486168,0,26,26,26,7,-59.7265157486168
01-Aug-2026 00:03:06,-188.211809386286,-60.1048224397699,0,26,26,26,6,-60.1048224397699
01-Aug-2026 00:03:08,-188.440456273689,-60.3334693271733,0,26,26,26,5,-60.3334693271733
01-Aug-2026 00:03:10,-188.419662473648,-60.3126755271326,0,26,26,26,5,-60.3126755271326
01-Aug-2026 00:03:12,-188.463341297083,-60.3563543505668,0,26,26,26,5,-60.3563543505668
01-Aug-2026 00:03:14,-188.442997955236,-60.3360110087204,0,26,26,26,5,-60.3360110087204
01-Aug-2026 00:03:16,-188.498445503352,-60.3914585568363,0,27,27,27,5,-60.3914585568363
01-Aug-2026 00:03:18,-188.730192493082,-60.6232055465659,0,28,28,28,5,-60.6232055465659
01-Aug-2026 00:03:20,-187.782974356956,-59.6759874104397,0,28,28,28,5,-59.6759874104397
01-Aug-2026 00:03:22,-188.359253544186,-60.2522665976697,0,27,27,27,4,-60.2522665976697
01-Aug-2026 00:03:24,-188.625657052932,-60.5186701064165,0,26,26,26,3,-60.5186701064165
01-Aug-2026 00:03:26,-188.891640155154,-60.7846532086379,0,26,26,26,3,-60.7846532086379
01-Aug-2026 00:03:28,-187.572897447133,-59.4659105006173,0,26,26,26,3,-59.4659105006173
01-Aug-2026 00:03:30,-186.706935779472,-58.599948832956,0,26,26,26,3,-58.599948832956
01-Aug-2026 00:03:32,-183.045405797729,-54.9384188512129,0,26,26,26,4,-54.9384188512129
01-Aug-2026 00:03:34,-182.968685810578,-54.8616988640617,0,26,26,26,4,-54.8616988640617
01-Aug-2026 00:03:36,-183.015958855579,-54.9089719090634,0,26,26,26,5,-54.9089719090634
01-Aug-2026 00:03:38,-172.329515505506,-44.2225285589905,0,26,26,26,6,-44.2225285589905
01-Aug-2026 00:03:40,-172.784848424356,-44.6778614778399,0,25,25,25,4,-44.6778614778399
01-Aug-2026 00:03:42,-167.65487816047,-39.5478912139537,0,25,25,25,4,-39.5478912139537
01-Aug-2026 00:03:44,-168.092340372014,-39.9853534254979,0,25,25,25,4,-39.9853534254979
01-Aug-2026 00:03:46,-167.4337759357,-39.3267889891842,0,25,25,25,4,-39.3267889891842
01-Aug-2026 00:03:48,-168.201606249098,-40.094619302582,0,25,25,25,4,-40.094619302582
01-Aug-2026 00:03:50,-167.691263895681,-39.584276949165,0,25,25,25,3,-39.584276949165
01-Aug-2026 00:03:52,-167.720052136652,-39.6130651901358,0,25,25,25,3,-39.6130651901358
01-Aug-2026 00:03:54,-167.24737951761,-39.1403925710944,0,25,25,25,3,-39.1403925710944
01-Aug-2026 00:03:56,-167.103131340803,-38.9961443942868,0,25,25,25,3,-38.9961443942868
01-Aug-2026 00:03:58,-166.300199841266,-38.1932128947505,0,24,24,24,3,-38.1932128947505
01-Aug-2026 00:04:00,-165.881703071814,-37.7747161252985,0,25,25,25,2,-37.7747161252985
01-Aug-2026 00:04:02,-165.739747613419,-37.632760666903,0,26,26,26,2,-37.632760666903
01-Aug-2026 00:04:04,-164.924877254651,-36.8178903081349,0,26,26,26,2,-36.8178903081349
01-Aug-2026 00:04:06,-192.462415937873,-64.3554289913573,0,26,26,26,2,-64.3554289913573
01-Aug-2026 00:04:08,-192.458046021962,-64.3510590754464,0,26,26,26,2,-64.3510590754464
01-Aug-2026 00:04:10,-192.670277900831,-64.5632909543147,0,26,26,26,2,-64.5632909543147
01-Aug-2026 00:04:12,-167.047694257503,-38.9407073109874,0,26,26,26,4,-38.9407073109874
01-Aug-2026 00:04:14,-167.158877768011,-39.0518908214954,0,26,26,26,3,-39.0518908214954
01-Aug-2026 00:04:16,-167.172118222757,-39.0651312762408,0,26,26,26,3,-39.0651312762408
01-Aug-2026 00:04:18,-189.750559176839,-61.6435722303236,0,26,26,26,2,-61.6435722303236
01-Aug-2026 00:04:20,-189.543940253946,-61.43695330743,0,26,26,26,2,-61.43695330743
01-Aug-2026 00:04:22,-189.021654069913,-60.9146671233975,0,26,26,26,3,-60.9146671233975
01-Aug-2026 00:04:24,-188.573983009285,-60.4669960627695,0,26,26,26,3,-60.4669960627695
01-Aug-2026 00:04:26,-188.876732971581,-60.7697460250653,0,26,26,26,3,-60.7697460250653
01-Aug-2026 00:04:28,-188.798379133925,-60.6913921874092,0,26,26,26,3,-60.6913921874092
01-Aug-2026 00:04:30,-188.668760401889,-60.5617734553736,0,25,25,25,3,-60.5617734553736
01-Aug-2026 00:04:32,-187.461556814696,-59.3545698681797,0,25,25,25,3,-59.3545698681797
01-Aug-2026 00:04:34,-187.225116876933,-59.1181299304174,0,25,25,25,3,-59.1181299304174
01-Aug-2026 00:04:36,-187.396100626403,-59.2891136798871,0,25,25,25,3,-59.2891136798871
01-Aug-2026 00:04:38,-187.188112774842,-59.081125828326,0,25,25,25,3,-59.081125828326
01-Aug-2026 00:04:40,-190.038448212577,-61.9314612660613,0,25,25,25,2,-61.9314612660613
01-Aug-2026 00:04:42,-188.387405572915,-60.2804186263989,0,25,25,25,3,-60.2804186263989
01-Aug-2026 00:04:44,-188.199746460712,-60.092759514196,0,25,25,25,3,-60.092759514196
01-Aug-2026 00:04:46,-175.220214022898,-47.1132270763823,0,25,25,25,4,-47.1132270763823
01-Aug-2026 00:04:48,-176.52925059943,-48.4222636529142,0,25,25,25,4,-48.4222636529142
01-Aug-2026 00:04:50,-175.93502155787,-47.8280346113542,0,25,25,25,4,-47.8280346113542
01-Aug-2026 00:04:52,-174.509666036163,-46.4026790896468,0,25,25,25,5,-46.4026790896468
01-Aug-2026 00:04:54,-173.15104214218,-45.044055195664,0,25,25,25,6,-45.044055195664
01-Aug-2026 00:04:56,-172.249071822942,-44.1420848764263,0,25,25,25,6,-44.1420848764263
01-Aug-2026 00:04:58,-171.917241063607,-43.8102541170911,0,25,25,25,8,-43.8102541170911
01-Aug-2026 00:05:00,-172.038789526675,-43.9318025801587,0,25,25,25,9,-43.9318025801587
01-Aug-2026 00:05:02,-171.975748969325,-43.8687620228091,0,25,25,25,8,-43.8687620228091
01-Aug-2026 00:05:04,-171.586673695674,-43.4796867491579,0,25,25,25,8,-43.4796867491579
01-Aug-2026 00:05:06,-171.699471408241,-43.5924844617255,0,25,25,25,7,-43.5924844617255
01-Aug-2026 00:05:08,-171.586330958711,-43.4793440121953,0,25,25,25,6,-43.4793440121953
01-Aug-2026 00:05:10,-171.279215754919,-43.1722288084034,0,25,25,25,6,-43.1722288084034
01-Aug-2026 00:05:12,-171.186615786893,-43.0796288403774,0,25,25,25,7,-43.0796288403774
01-Aug-2026 00:05:14,-171.220556368066,-43.1135694215497,0,25,25,25,7,-43.1135694215497
01-Aug-2026 00:05:16,-171.738989782599,-43.6320028360828,0,25,25,25,6,-43.6320028360828
01-Aug-2026 00:05:18,-172.595308591866,-44.4883216453498,0,24,24,24,7,-44.4883216453498
01-Aug-2026 00:05:20,-172.03218211264,-43.925195166124,0,23,23,23,7,-43.925195166124
01-Aug-2026 00:05:22,-171.871437816017,-43.7644508695014,0,23,23,23,7,-43.7644508695014
01-Aug-2026 00:05:24,-186.626672892361,-58.5196859458454,0,24,24,24,8,-58.5196859458454
01-Aug-2026 00:05:26,-186.479872415255,-58.3728854687396,0,25,25,25,7,-58.3728854687396
01-Aug-2026 00:05:28,-186.315083456626,-58.2080965101104,0,25,25,25,6,-58.2080965101104
01-Aug-2026 00:05:30,-185.866978983645,-57.7599920371291,0,25,25,25,6,-57.7599920371291
01-Aug-2026 00:05:32,-186.777833087381,-58.6708461408651,0,25,25,25,5,-58.6708461408651
01-Aug-2026 00:05:34,-186.628627009761,-58.5216400632456,0,24,24,24,5,-58.5216400632456
01-Aug-2026 00:05:36,-185.9290200314,-57.8220330848845,0,24,24,24,5,-57.8220330848845
01-Aug-2026 00:05:38,-185.662701380891,-57.5557144343753,0,24,24,24,4,-57.5557144343753
01-Aug-2026 00:05:40,-185.539785545465,-57.4327985989491,0,24,24,24,4,-57.4327985989491
01-Aug-2026 00:05:42,-185.700868799195,-57.5938818526794,0,24,24,24,4,-57.5938818526794
01-Aug-2026 00:05:44,-182.601541235243,-54.4945542887267,0,24,24,24,5,-54.4945542887267
01-Aug-2026 00:05:46,-183.428516456958,-55.3215295104422,0,23,23,23,3,-55.3215295104422
01-Aug-2026 00:05:48,-183.581507782857,-55.474520836341,0,23,23,23,3,-55.474520836341
01-Aug-2026 00:05:50,-183.778196438631,-55.6712094921156,0,23,23,23,3,-55.6712094921156
01-Aug-2026 00:05:52,-183.557757745194,-55.4507707986784,0,23,23,23,3,-55.4507707986784
01-Aug-2026 00:05:54,-183.60524237678,-55.4982554302639,0,23,23,23,3,-55.4982554302639
01-Aug-2026 00:05:56,-183.582883149508,-55.4758962029919,0,23,23,23,2,-55.4758962029919
01-Aug-2026 00:05:58,-183.498215559204,-55.391228612688,0,23,23,23,3,-55.391228612688
01-Aug-2026 00:06:00,-178.372664486298,-50.2656775397825,0,23,23,23,4,-50.2656775397825
01-Aug-2026 00:06:02,-179.306781489299,-51.1997945427827,0,23,23,23,3,-51.1997945427827
01-Aug-2026 00:06:04,-178.419796120127,-50.3128091736112,0,23,23,23,3,-50.3128091736112
01-Aug-2026 00:06:06,-178.448107348447,-50.3411204019311,0,24,24,24,3,-50.3411204019311
01-Aug-2026 00:06:08,-187.233576383251,-59.1265894367351,0,25,25,25,1,-59.1265894367351
01-Aug-2026 00:06:10,-187.908309214877,-59.8013222683614,0,25,25,25,1,-59.8013222683614
01-Aug-2026 00:06:12,-167.354967551306,-39.2479806047904,0,26,26,26,3,-39.2479806047904
01-Aug-2026 00:06:14,-167.277773812744,-39.1707868662282,0,26,26,26,2,-39.1707868662282
01-Aug-2026 00:06:16,-167.545876039739,-39.4388890932235,0,26,26,26,3,-39.4388890932235
01-Aug-2026 00:06:18,-167.754588603813,-39.6476016572968,0,26,26,26,2,-39.6476016572968
01-Aug-2026 00:06:20,-167.746569758221,-39.6395828117048,0,26,26,26,2,-39.6395828117048
01-Aug-2026 00:06:22,-168.09079937788,-39.9838124313639,0,26,26,26,3,-39.9838124313639
01-Aug-2026 00:06:24,-168.238240806972,-40.1312538604561,0,26,26,26,4,-40.1312538604561
01-Aug-2026 00:06:26,-168.956891419812,-40.8499044732963,0,26,26,26,4,-40.8499044732963
01-Aug-2026 00:06:28,-170.132340886443,-42.025353939927,0,26,26,26,4,-42.025353939927
01-Aug-2026 00:06:30,-170.144937073027,-42.0379501265112,0,26,26,26,5,-42.0379501265112
01-Aug-2026 00:06:32,-170.414628969959,-42.3076420234434,0,26,26,26,5,-42.3076420234434
01-Aug-2026 00:06:34,-169.781906289134,-41.6749193426182,0,26,26,26,5,-41.6749193426182
01-Aug-2026 00:06:36,-170.216981484573,-42.1099945380569,0,26,26,26,4,-42.1099945380569
01-Aug-2026 00:06:38,-170.258075861235,-42.1510889147188,0,26,26,26,7,-42.1510889147188
01-Aug-2026 00:06:40,-171.436508886206,-43.3295219396902,0,26,26,26,6,-43.3295219396902
01-Aug-2026 00:06:42,-172.731987975478,-44.6250010289626,0,26,26,26,7,-44.6250010289626
01-Aug-2026 00:06:44,-172.225888519247,-44.1189015727314,0,26,26,26,9,-44.1189015727314
01-Aug-2026 00:06:46,-173.067705439353,-44.9607184928374,0,26,26,26,9,-44.9607184928374
01-Aug-2026 00:06:48,-164.624499471287,-36.5175125247711,0,26,26,26,12,-36.5175125247711
01-Aug-2026 00:06:50,-164.676672253455,-36.569685306939,0,26,26,26,12,-36.569685306939
01-Aug-2026 00:06:52,-164.292653743178,-36.1856667966622,0,27,27,27,12,-36.1856667966622
01-Aug-2026 00:06:54,-164.04068667108,-35.933699724564,0,27,27,27,10,-35.933699724564
01-Aug-2026 00:06:56,-163.031311878302,-34.9243249317863,0,27,27,27,10,-34.9243249317863
01-Aug-2026 00:06:58,-163.065285925884,-34.9582989793686,0,27,27,27,10,-34.9582989793686
01-Aug-2026 00:07:00,-162.750599668773,-34.6436127222569,0,27,27,27,9,-34.6436127222569
01-Aug-2026 00:07:02,-162.25664714586,-34.1496601993437,0,27,27,27,11,-34.1496601993437
01-Aug-2026 00:07:04,-161.761937013275,-33.6549500667594,0,27,27,27,10,-33.6549500667594
01-Aug-2026 00:07:06,-161.257050553907,-33.1500636073916,0,29,29,29,11,-33.1500636073916
01-Aug-2026 00:07:08,-160.715053285523,-32.6080663390075,0,29,29,29,10,-32.6080663390075
01-Aug-2026 00:07:10,-160.178026297979,-32.0710393514635,0,29,29,29,9,-32.0710393514635
01-Aug-2026 00:07:12,-159.591136965687,-31.4841500191706,0,29,29,29,9,-31.4841500191706
01-Aug-2026 00:07:14,-156.503870770616,-28.3968838240997,0,28,28,28,8,-28.3968838240997
01-Aug-2026 00:07:16,-156.496680793047,-28.3896938465315,0,27,27,27,8,-28.3896938465315
01-Aug-2026 00:07:18,-156.030403636766,-27.9234166902502,0,27,27,27,8,-27.9234166902502
01-Aug-2026 00:07:20,-155.420406207048,-27.3134192605318,0,28,28,28,9,-27.3134192605318
01-Aug-2026 00:07:22,-154.124459997195,-26.0174730506792,0,27,27,27,9,-26.0174730506792
01-Aug-2026 00:07:24,-153.232930090263,-25.1259431437475,0,27,27,27,10,-25.1259431437475
01-Aug-2026 00:07:26,-152.230804212801,-24.1238172662846,0,27,27,27,9,-24.1238172662846
01-Aug-2026 00:07:28,-151.3632711816,-23.2562842350844,0,27,27,27,6,-23.2562842350844
01-Aug-2026 00:07:30,-149.542363305358,-21.4353763588417,0,27,27,27,6,-21.4353763588417
01-Aug-2026 00:07:32,-148.044858851797,-19.9378719052813,0,26,26,26,6,-19.9378719052813
01-Aug-2026 00:07:34,-147.87441262472,-19.7674256782039,0,26,26,26,5,-19.7674256782039
01-Aug-2026 00:07:36,-147.652008214249,-19.5450212677331,0,26,26,26,4,-19.5450212677331
01-Aug-2026 00:07:38,-147.283572977577,-19.1765860310616,0,27,27,27,5,-19.1765860310616
01-Aug-2026 00:07:40,-145.414986224595,-17.3079992780789,0,27,27,27,5,-17.3079992780789
01-Aug-2026 00:07:42,-145.218388679137,-17.1114017326215,0,27,27,27,5,-17.1114017326215
01-Aug-2026 00:07:44,-144.550557101522,-16.4435701550058,0,27,27,27,7,-16.4435701550058
01-Aug-2026 00:07:46,-144.720066565989,-16.6130796194728,0,27,27,27,7,-16.6130796194728
01-Aug-2026 00:07:48,-145.349516905099,-17.2425299585834,0,27,27,27,6,-17.2425299585834
01-Aug-2026 00:07:50,-146.338979691211,-18.2319927446947,0,26,26,26,6,-18.2319927446947
01-Aug-2026 00:07:52,-147.926291014629,-19.8193040681127,0,26,26,26,6,-19.8193040681127
01-Aug-2026 00:07:54,-149.988926584906,-21.8819396383898,0,26,26,26,6,-21.8819396383898
01-Aug-2026 00:07:56,-151.636696615759,-23.5297096692435,0,27,27,27,7,-23.5297096692435
01-Aug-2026 00:07:58,-151.949915611049,-23.8429286645328,0,27,27,27,7,-23.8429286645328
01-Aug-2026 00:08:00,-152.759834096015,-24.6528471494995,0,27,27,27,7,-24.6528471494995
01-Aug-2026 00:08:02,-153.98822300852,-25.8812360620044,0,27,27,27,7,-25.8812360620044
01-Aug-2026 00:08:04,-155.400965562517,-27.2939786160007,0,27,27,27,7,-27.2939786160007
01-Aug-2026 00:08:06,-156.126782031163,-28.0197950846467,0,27,27,27,8,-28.0197950846467
01-Aug-2026 00:08:08,-156.685336999277,-28.5783500527608,0,27,27,27,10,-28.5783500527608
01-Aug-2026 00:08:10,-157.7729211313,-29.6659341847845,0,27,27,27,10,-29.6659341847845
01-Aug-2026 00:08:12,-159.101201705026,-30.9942147585101,0,26,26,26,9,-30.9942147585101
01-Aug-2026 00:08:14,-159.855356013991,-31.7483690674754,0,25,25,25,8,-31.7483690674754
01-Aug-2026 00:08:16,-160.845112970234,-32.7381260237185,0,25,25,25,8,-32.7381260237185
01-Aug-2026 00:08:18,-160.756052999326,-32.6490660528106,0,25,25,25,7,-32.6490660528106
01-Aug-2026 00:08:20,-162.069235674495,-33.9622487279786,0,25,25,25,7,-33.9622487279786
01-Aug-2026 00:08:22,-164.06900631356,-35.9620193670439,0,25,25,25,7,-35.9620193670439
01-Aug-2026 00:08:24,-163.779772038086,-35.6727850915706,0,25,25,25,7,-35.6727850915706
01-Aug-2026 00:08:26,-164.588307914078,-36.4813209675617,0,25,25,25,8,-36.4813209675617
01-Aug-2026 00:08:28,-164.691928796331,-36.5849418498148,0,25,25,25,9,-36.5849418498148
01-Aug-2026 00:08:30,-165.698959342774,-37.5919723962581,0,25,25,25,10,-37.5919723962581
01-Aug-2026 00:08:32,-185.565167376555,-57.4581804300392,0,25,25,25,10,-57.4581804300392
01-Aug-2026 00:08:34,-186.055811341173,-57.9488243946573,0,25,25,25,9,-57.9488243946573
01-Aug-2026 00:08:36,-186.132930399735,-58.0259434532196,0,25,25,25,8,-58.0259434532196
01-Aug-2026 00:08:38,-185.606751083808,-57.4997641372924,0,25,25,25,9,-57.4997641372924
01-Aug-2026 00:08:40,-185.488201485939,-57.3812145394232,0,25,25,25,9,-57.3812145394232
01-Aug-2026 00:08:42,-185.390291751181,-57.2833048046651,0,25,25,25,9,-57.2833048046651
01-Aug-2026 00:08:44,-185.302353473288,-57.1953665267718,0,24,24,24,8,-57.1953665267718
01-Aug-2026 00:08:46,-185.199768535822,-57.0927815893061,0,24,24,24,8,-57.0927815893061
01-Aug-2026 00:08:48,-185.181190472593,-57.0742035260772,0,24,24,24,8,-57.0742035260772
01-Aug-2026 00:08:50,-185.715931859994,-57.6089449134779,0,25,25,25,8,-57.6089449134779
01-Aug-2026 00:08:52,-185.590421143961,-57.4834341974451,0,25,25,25,8,-57.4834341974451
01-Aug-2026 00:08:54,-186.079534231044,-57.9725472845278,0,25,25,25,7,-57.9725472845278
01-Aug-2026 00:08:56,-186.067733231351,-57.9607462848354,0,25,25,25,7,-57.9607462848354
01-Aug-2026 00:08:58,-186.055592241103,-57.9486052945869,0,25,25,25,6,-57.9486052945869
01-Aug-2026 00:09:00,-185.910328313776,-57.8033413672604,0,25,25,25,7,-57.8033413672604
01-Aug-2026 00:09:02,-187.116771209469,-59.0097842629528,0,25,25,25,5,-59.0097842629528
01-Aug-2026 00:09:04,-187.355830216011,-59.2488432694951,0,25,25,25,4,-59.2488432694951
01-Aug-2026 00:09:06,-187.410080025362,-59.3030930788463,0,25,25,25,4,-59.3030930788463
01-Aug-2026 00:09:08,-187.729008753479,-59.622021806963,0,23,23,23,4,-59.622021806963
01-Aug-2026 00:09:10,-187.877659633378,-59.770672686862,0,23,23,23,4,-59.770672686862
01-Aug-2026 00:09:12,-187.725289848132,-59.6183029016161,0,23,23,23,4,-59.6183029016161
01-Aug-2026 00:09:14,-187.532902468708,-59.4259155221917,0,24,24,24,4,-59.4259155221917
01-Aug-2026 00:09:16,-166.717574820849,-38.6105878743332,0,25,25,25,7,-38.6105878743332
01-Aug-2026 00:09:18,-167.220661957243,-39.1136750107273,0,25,25,25,5,-39.1136750107273
01-Aug-2026 00:09:20,-174.178742028388,-46.0717550818723,0,25,25,25,4,-46.0717550818723
01-Aug-2026 00:09:22,-174.324259895227,-46.2172729487113,0,26,26,26,4,-46.2172729487113
01-Aug-2026 00:09:24,-174.830511355325,-46.7235244088091,0,25,25,25,4,-46.7235244088091
01-Aug-2026 00:09:26,-174.258137593176,-46.1511506466601,0,25,25,25,4,-46.1511506466601
01-Aug-2026 00:09:28,-174.368345646803,-46.2613587002867,0,25,25,25,4,-46.2613587002867
01-Aug-2026 00:09:30,-174.756014726254,-46.649027779738,0,25,25,25,4,-46.649027779738
01-Aug-2026 00:09:32,-174.918855657105,-46.8118687105891,0,24,24,24,4,-46.8118687105891
01-Aug-2026 00:09:34,-174.617385709013,-46.5103987624967,0,24,24,24,4,-46.5103987624967
01-Aug-2026 00:09:36,-174.063889280082,-45.9569023335657,0,24,24,24,4,-45.9569023335657
01-Aug-2026 00:09:38,-173.772093097341,-45.6651061508252,0,24,24,24,4,-45.6651061508252
01-Aug-2026 00:09:40,-173.668372536837,-45.5613855903206,0,24,24,24,4,-45.5613855903206
01-Aug-2026 00:09:42,-174.245014994204,-46.1380280476882,0,24,24,24,4,-46.1380280476882
01-Aug-2026 00:09:44,-173.986663250224,-45.8796763037084,0,24,24,24,4,-45.8796763037084
01-Aug-2026 00:09:46,-174.461605685508,-46.3546187389924,0,24,24,24,4,-46.3546187389924
01-Aug-2026 00:09:48,-174.05894372661,-45.9519567800945,0,24,24,24,4,-45.9519567800945
01-Aug-2026 00:09:50,-173.996288437681,-45.8893014911653,0,24,24,24,5,-45.8893014911653
01-Aug-2026 00:09:52,-186.862266962308,-58.7552800157918,0,24,24,24,4,-58.7552800157918
01-Aug-2026 00:09:54,-174.740430042136,-46.63344309562,0,25,25,25,5,-46.63344309562
01-Aug-2026 00:09:56,-175.741265815363,-47.6342788688472,0,25,25,25,5,-47.6342788688472
01-Aug-2026 00:09:58,-175.467945976471,-47.3609590299548,0,25,25,25,5,-47.3609590299548
01-Aug-2026 00:10:00,-175.287306329943,-47.1803193834272,0,25,25,25,5,-47.1803193834272
01-Aug-2026 00:10:02,-174.191141951971,-46.0841550054553,0,25,25,25,5,-46.0841550054553
01-Aug-2026 00:10:04,-174.398066096902,-46.2910791503857,0,25,25,25,5,-46.2910791503857
01-Aug-2026 00:10:06,-174.776595435964,-46.6696084894486,0,26,26,26,5,-46.6696084894486
01-Aug-2026 00:10:08,-175.020213366702,-46.9132264201857,0,26,26,26,5,-46.9132264201857
01-Aug-2026 00:10:10,-174.882558887989,-46.7755719414731,0,26,26,26,5,-46.7755719414731
01-Aug-2026 00:10:12,-166.153269478407,-38.0462825318916,0,26,26,26,6,-38.0462825318916
01-Aug-2026 00:10:14,-165.486226165725,-37.3792392192093,0,26,26,26,6,-37.3792392192093
01-Aug-2026 00:10:16,-166.017321249064,-37.9103343025483,0,26,26,26,7,-37.9103343025483
01-Aug-2026 00:10:18,-165.359212603832,-37.2522256573165,0,26,26,26,7,-37.2522256573165
01-Aug-2026 00:10:20,-165.091682837446,-36.9846958909298,0,26,26,26,7,-36.9846958909298
01-Aug-2026 00:10:22,-165.009411704439,-36.9024247579234,0,26,26,26,7,-36.9024247579234
01-Aug-2026 00:10:24,-165.099798515692,-36.9928115691761,0,26,26,26,8,-36.9928115691761
01-Aug-2026 00:10:26,-164.414485282724,-36.3074983362083,0,26,26,26,8,-36.3074983362083
01-Aug-2026 00:10:28,-163.928007461467,-35.8210205149506,0,26,26,26,8,-35.8210205149506
01-Aug-2026 00:10:30,-173.19499664332,-45.0880096968041,0,26,26,26,7,-45.0880096968041
01-Aug-2026 00:10:32,-173.532089022572,-45.4251020760565,0,26,26,26,7,-45.4251020760565
01-Aug-2026 00:10:34,-173.556282089853,-45.449295143337,0,26,26,26,6,-45.449295143337
01-Aug-2026 00:10:36,-173.617264500709,-45.5102775541928,0,26,26,26,6,-45.5102775541928
01-Aug-2026 00:10:38,-173.493323461082,-45.386336514566,0,26,26,26,6,-45.386336514566
01-Aug-2026 00:10:40,-173.386971095618,-45.2799841491019,0,27,27,27,6,-45.2799841491019
01-Aug-2026 00:10:42,-173.405980703591,-45.2989937570752,0,27,27,27,6,-45.2989937570752
01-Aug-2026 00:10:44,-173.07172658245,-44.9647396359344,0,27,27,27,7,-44.9647396359344
01-Aug-2026 00:10:46,-173.112683226961,-45.0056962804451,0,27,27,27,7,-45.0056962804451
01-Aug-2026 00:10:48,-173.143256837223,-45.0362698907073,0,27,27,27,7,-45.0362698907073
01-Aug-2026 00:10:50,-173.569564553334,-45.4625776068183,0,27,27,27,7,-45.4625776068183
01-Aug-2026 00:10:52,-173.706036036574,-45.5990490900579,0,27,27,27,4,-45.5990490900579
01-Aug-2026 00:10:54,-173.657888630659,-45.550901684143,0,29,29,29,4,-45.550901684143
01-Aug-2026 00:10:56,-173.702307334555,-45.595320388039,0,29,29,29,4,-45.595320388039
01-Aug-2026 00:10:58,-174.013965522308,-45.906978575792,0,29,29,29,5,-45.906978575792
01-Aug-2026 00:11:00,-174.219466465858,-46.1124795193423,0,29,29,29,4,-46.1124795193423
01-Aug-2026 00:11:02,-174.295526691298,-46.1885397447824,0,29,29,29,5,-46.1885397447824
01-Aug-2026 00:11:04,-174.797840880731,-46.6908539342151,0,28,28,28,7,-46.6908539342151
01-Aug-2026 00:11:06,-174.81994332092,-46.7129563744044,0,28,28,28,6,-46.7129563744044
01-Aug-2026 00:11:08,-174.910739397173,-46.8037524506566,0,27,27,27,6,-46.8037524506566
01-Aug-2026 00:11:10,-184.607765932196,-56.5007789856804,0,27,27,27,4,-56.5007789856804
01-Aug-2026 00:11:12,-163.286015179736,-35.1790282332199,0,28,28,28,6,-35.1790282332199
01-Aug-2026 00:11:14,-163.480736244355,-35.3737492978395,0,28,28,28,6,-35.3737492978395
01-Aug-2026 00:11:16,-163.488743207695,-35.3817562611787,0,28,28,28,5,-35.3817562611787
01-Aug-2026 00:11:18,-164.322178327127,-36.215191380611,0,28,28,28,5,-36.215191380611
01-Aug-2026 00:11:20,-164.543020639987,-36.4360336934707,0,28,28,28,5,-36.4360336934707
01-Aug-2026 00:11:22,-165.006166307311,-36.8991793607956,0,28,28,28,6,-36.8991793607956
01-Aug-2026 00:11:24,-165.064055838239,-36.9570688917228,0,28,28,28,6,-36.9570688917228
01-Aug-2026 00:11:26,-165.720975330185,-37.6139883836696,0,27,27,27,7,-37.6139883836696
01-Aug-2026 00:11:28,-166.306764856152,-38.1997779096364,0,27,27,27,7,-38.1997779096364
01-Aug-2026 00:11:30,-166.919604975563,-38.8126180290469,0,27,27,27,7,-38.8126180290469
01-Aug-2026 00:11:32,-167.718129524201,-39.6111425776855,0,27,27,27,7,-39.6111425776855
01-Aug-2026 00:11:34,-167.869942531855,-39.7629555853391,0,27,27,27,7,-39.7629555853391
01-Aug-2026 00:11:36,-168.870488334254,-40.7635013877384,0,27,27,27,5,-40.7635013877384
01-Aug-2026 00:11:38,-189.262896578564,-61.155909632048,0,27,27,27,5,-61.155909632048
01-Aug-2026 00:11:40,-189.858235864311,-61.7512489177952,0,26,26,26,4,-61.7512489177952
01-Aug-2026 00:11:42,-178.63237954885,-50.5253926023342,0,26,26,26,4,-50.5253926023342
01-Aug-2026 00:11:44,-179.78102749387,-51.6740405473542,0,26,26,26,4,-51.6740405473542
01-Aug-2026 00:11:46,-179.670727417008,-51.5637404704924,0,26,26,26,4,-51.5637404704924
01-Aug-2026 00:11:48,-179.268449187751,-51.1614622412356,0,26,26,26,4,-51.1614622412356
01-Aug-2026 00:11:50,-192.115166805748,-64.0081798592325,0,26,26,26,3,-64.0081798592325
01-Aug-2026 00:11:52,-191.691652595126,-63.5846656486097,0,27,27,27,3,-63.5846656486097
01-Aug-2026 00:11:54,-193.447542286617,-65.3405553401007,0,27,27,27,2,-65.3405553401007
01-Aug-2026 00:11:56,-193.352422347056,-65.24543540054,0,27,27,27,2,-65.24543540054
01-Aug-2026 00:11:58,-192.547788615012,-64.4408016684957,0,26,26,26,3,-64.4408016684957
01-Aug-2026 00:12:00,-192.277971815838,-64.1709848693218,0,26,26,26,3,-64.1709848693218
01-Aug-2026 00:12:02,-193.61563826335,-65.5086513168341,0,26,26,26,3,-65.5086513168341
01-Aug-2026 00:12:04,-195.527299922131,-67.4203129756149,0,26,26,26,2,-67.4203129756149
01-Aug-2026 00:12:06,-197.028825609125,-68.9218386626095,0,26,26,26,2,-68.9218386626095
01-Aug-2026 00:12:08,-196.667853843681,-68.5608668971649,0,26,26,26,2,-68.5608668971649
01-Aug-2026 00:12:10,-196.787589796554,-68.6806028500377,0,26,26,26,2,-68.6806028500377
01-Aug-2026 00:12:12,-197.200612629173,-69.0936256826568,0,26,26,26,2,-69.0936256826568
01-Aug-2026 00:12:14,-192.196167755813,-64.0891808092973,0,26,26,26,3,-64.0891808092973
01-Aug-2026 00:12:16,-191.081211448555,-62.974224502039,0,26,26,26,4,-62.974224502039
01-Aug-2026 00:12:18,-183.16775909734,-55.0607721508246,0,26,26,26,5,-55.0607721508246
01-Aug-2026 00:12:20,-183.315510409338,-55.208523462822,0,26,26,26,5,-55.208523462822
01-Aug-2026 00:12:22,-183.678458785448,-55.5714718389326,0,26,26,26,5,-55.5714718389326
01-Aug-2026 00:12:24,-183.884095945079,-55.7771089985634,0,26,26,26,6,-55.7771089985634
01-Aug-2026 00:12:26,-183.334019292858,-55.2270323463426,0,26,26,26,6,-55.2270323463426
01-Aug-2026 00:12:28,-183.302421238035,-55.1954342915187,0,25,25,25,6,-55.1954342915187
01-Aug-2026 00:12:30,-181.804998490586,-53.6980115440702,0,25,25,25,4,-53.6980115440702
01-Aug-2026 00:12:32,-181.151095489312,-53.0441085427966,0,24,24,24,4,-53.0441085427966
01-Aug-2026 00:12:34,-181.765860250475,-53.6588733039589,0,24,24,24,2,-53.6588733039589
01-Aug-2026 00:12:36,-180.727782028604,-52.6207950820877,0,24,24,24,2,-52.6207950820877
01-Aug-2026 00:12:38,-179.662800754395,-51.5558138078794,0,24,24,24,2,-51.5558138078794
01-Aug-2026 00:12:40,-180.493859582339,-52.3868726358229,0,24,24,24,1,-52.3868726358229
01-Aug-2026 00:12:42,-181.100794044061,-52.9938070975446,0,25,25,25,1,-52.9938070975446
01-Aug-2026 00:12:44,-180.710845965174,-52.6038590186582,0,25,25,25,1,-52.6038590186582
01-Aug-2026 00:12:46,-179.830889138316,-51.7239021918004,0,25,25,25,1,-51.7239021918004
01-Aug-2026 00:12:48,-173.493524527544,-45.386537581028,0,26,26,26,5,-45.386537581028
01-Aug-2026 00:12:50,-173.65125219483,-45.5442652483137,0,26,26,26,5,-45.5442652483137
01-Aug-2026 00:12:52,-174.050736257787,-45.9437493112708,0,26,26,26,5,-45.9437493112708
01-Aug-2026 00:12:54,-173.543131600899,-45.4361446543836,0,26,26,26,4,-45.4361446543836
01-Aug-2026 00:12:56,-173.552119984959,-45.4451330384436,0,25,25,25,4,-45.4451330384436
01-Aug-2026 00:12:58,-174.101429275289,-45.9944423287728,0,25,25,25,4,-45.9944423287728
01-Aug-2026 00:13:00,-173.722576740134,-45.6155897936179,0,24,24,24,5,-45.6155897936179
01-Aug-2026 00:13:02,-173.039282318201,-44.9322953716855,0,24,24,24,5,-44.9322953716855
01-Aug-2026 00:13:04,-172.950976206771,-44.8439892602554,0,25,25,25,5,-44.8439892602554
01-Aug-2026 00:13:06,-173.227496627286,-45.1205096807697,0,26,26,26,5,-45.1205096807697
01-Aug-2026 00:13:08,-173.284501638684,-45.177514692168,0,26,26,26,5,-45.177514692168
01-Aug-2026 00:13:10,-157.570590851573,-29.4636039050571,0,26,26,26,6,-29.4636039050571
01-Aug-2026 00:13:12,-157.525901327671,-29.4189143811551,0,26,26,26,6,-29.4189143811551
01-Aug-2026 00:13:14,-157.522913224429,-29.4159262779131,0,26,26,26,7,-29.4159262779131
01-Aug-2026 00:13:16,-157.672455840473,-29.565468893957,0,25,25,25,7,-29.565468893957
01-Aug-2026 00:13:18,-158.191774474451,-30.0847875279349,0,25,25,25,6,-30.0847875279349
01-Aug-2026 00:13:20,-158.08069750648,-29.9737105599638,0,24,24,24,7,-29.9737105599638
01-Aug-2026 00:13:22,-158.317923332314,-30.2109363857979,0,24,24,24,7,-30.2109363857979
01-Aug-2026 00:13:24,-159.321273577067,-31.2142866305506,0,24,24,24,6,-31.2142866305506
01-Aug-2026 00:13:26,-159.60534052112,-31.4983535746044,0,24,24,24,5,-31.4983535746044
01-Aug-2026 00:13:28,-160.297333412651,-32.1903464661353,0,24,24,24,5,-32.1903464661353
01-Aug-2026 00:13:30,-160.14849544314,-32.0415084966239,0,24,24,24,6,-32.0415084966239
01-Aug-2026 00:13:32,-173.427827248144,-45.3208403016284,0,24,24,24,5,-45.3208403016284
01-Aug-2026 00:13:34,-174.013463028919,-45.9064760824029,0,24,24,24,5,-45.9064760824029
01-Aug-2026 00:13:36,-174.287221080041,-46.1802341335248,0,24,24,24,5,-46.1802341335248
01-Aug-2026 00:13:38,-173.839309923395,-45.7323229768795,0,24,24,24,6,-45.7323229768795
01-Aug-2026 00:13:40,-172.945300473244,-44.8383135267283,0,24,24,24,6,-44.8383135267283
01-Aug-2026 00:13:42,-173.224829013091,-45.1178420665753,0,25,25,25,7,-45.1178420665753
01-Aug-2026 00:13:44,-173.675705847222,-45.5687189007065,0,25,25,25,7,-45.5687189007065
01-Aug-2026 00:13:46,-173.827566712652,-45.720579766136,0,25,25,25,7,-45.720579766136
01-Aug-2026 00:13:48,-174.478063510889,-46.3710765643732,0,25,25,25,7,-46.3710765643732
01-Aug-2026 00:13:50,-174.446217957902,-46.3392310113861,0,25,25,25,7,-46.3392310113861
01-Aug-2026 00:13:52,-174.292401550429,-46.1854146039127,0,25,25,25,7,-46.1854146039127
01-Aug-2026 00:13:54,-174.44790291129,-46.3409159647736,0,25,25,25,7,-46.3409159647736
01-Aug-2026 00:13:56,-174.470679479627,-46.3636925331116,0,25,25,25,7,-46.3636925331116
01-Aug-2026 00:13:58,-175.081941931011,-46.9749549844948,0,25,25,25,7,-46.9749549844948
01-Aug-2026 00:14:00,-174.755489855312,-46.6485029087966,0,26,26,26,6,-46.6485029087966
01-Aug-2026 00:14:02,-174.962359968188,-46.8553730216724,0,26,26,26,5,-46.8553730216724
01-Aug-2026 00:14:04,-174.912998222921,-46.8060112764053,0,26,26,26,4,-46.8060112764053
01-Aug-2026 00:14:06,-174.987275257041,-46.8802883105254,0,26,26,26,4,-46.8802883105254
01-Aug-2026 00:14:08,-175.298570240535,-47.1915832940188,0,26,26,26,5,-47.1915832940188
01-Aug-2026 00:14:10,-185.310720010026,-57.2037330635103,0,26,26,26,6,-57.2037330635103
01-Aug-2026 00:14:12,-186.688129644304,-58.5811426977878,0,26,26,26,5,-58.5811426977878
01-Aug-2026 00:14:14,-186.958305569326,-58.8513186228104,0,26,26,26,4,-58.8513186228104
01-Aug-2026 00:14:16,-186.95459865428,-58.8476117077643,0,26,26,26,4,-58.8476117077643
01-Aug-2026 00:14:18,-187.085984050697,-58.978997104181,0,26,26,26,4,-58.978997104181
01-Aug-2026 00:14:20,-187.018872678653,-58.911885732137,0,26,26,26,4,-58.911885732137
01-Aug-2026 00:14:22,-187.143481769797,-59.0364948232811,0,26,26,26,4,-59.0364948232811
01-Aug-2026 00:14:24,-157.757531148343,-29.6505442018272,0,26,26,26,5,-29.6505442018272
01-Aug-2026 00:14:26,-157.084358151807,-28.9773712052908,0,26,26,26,4,-28.9773712052908
01-Aug-2026 00:14:28,-157.076551362037,-28.9695644155209,0,26,26,26,4,-28.9695644155209
01-Aug-2026 00:14:30,-157.326125488275,-29.2191385417589,0,27,27,27,5,-29.2191385417589
01-Aug-2026 00:14:32,-157.283442941023,-29.1764559945075,0,27,27,27,5,-29.1764559945075
01-Aug-2026 00:14:34,-156.451022093532,-28.3440351470159,0,27,27,27,5,-28.3440351470159
01-Aug-2026 00:14:36,-156.49988171526,-28.3928947687438,0,27,27,27,5,-28.3928947687438
01-Aug-2026 00:14:38,-156.124655419523,-28.0176684730072,0,27,27,27,4,-28.0176684730072
01-Aug-2026 00:14:40,-155.638213607969,-27.5312266614536,0,27,27,27,4,-27.5312266614536
01-Aug-2026 00:14:42,-155.995340617914,-27.8883536713985,0,28,28,28,4,-27.8883536713985
01-Aug-2026 00:14:44,-156.420579034553,-28.3135920880367,0,29,29,29,5,-28.3135920880367
01-Aug-2026 00:14:46,-155.050788717747,-26.9438017712309,0,29,29,29,5,-26.9438017712309
01-Aug-2026 00:14:48,-155.281942277009,-27.1749553304933,0,29,29,29,5,-27.1749553304933
01-Aug-2026 00:14:50,-155.3241641598,-27.2171772132843,0,29,29,29,5,-27.2171772132843
01-Aug-2026 00:14:52,-185.119337271524,-57.0123503250078,0,29,29,29,5,-57.0123503250078
01-Aug-2026 00:14:54,-185.228092796499,-57.1211058499836,0,29,29,29,5,-57.1211058499836
01-Aug-2026 00:14:56,-185.800983638556,-57.6939966920397,0,29,29,29,4,-57.6939966920397
01-Aug-2026 00:14:58,-189.272399330419,-61.1654123839027,0,29,29,29,4,-61.1654123839027
01-Aug-2026 00:15:00,-189.754980736001,-61.6479937894848,0,28,28,28,3,-61.6479937894848
01-Aug-2026 00:15:02,-200.713191222373,-72.6062042758572,0,29,29,29,1,-72.6062042758572
01-Aug-2026 00:15:04,-200.683512737876,-72.5765257913601,0,29,29,29,1,-72.5765257913601
01-Aug-2026 00:15:06,-201.06060813989,-72.9536211933743,0,29,29,29,1,-72.9536211933743
01-Aug-2026 00:15:08,-200.940496985044,-72.833510038528,0,29,29,29,1,-72.833510038528
01-Aug-2026 00:15:10,-200.616578773587,-72.5095918270712,0,29,29,29,1,-72.5095918270712
01-Aug-2026 00:15:12,-172.004815011051,-43.8978280645348,0,28,28,28,3,-43.8978280645348
01-Aug-2026 00:15:14,-172.174066741047,-44.0670797945312,0,28,28,28,3,-44.0670797945312
01-Aug-2026 00:15:16,-172.472783784269,-44.3657968377529,0,28,28,28,3,-44.3657968377529
01-Aug-2026 00:15:18,-172.306563431667,-44.199576485151,0,27,27,27,3,-44.199576485151
01-Aug-2026 00:15:20,-172.524529265669,-44.4175423191528,0,27,27,27,3,-44.4175423191528
01-Aug-2026 00:15:22,-173.57356095955,-45.4665740130341,0,27,27,27,4,-45.4665740130341
01-Aug-2026 00:15:24,-173.104863435756,-44.9978764892399,0,27,27,27,5,-44.9978764892399
01-Aug-2026 00:15:26,-173.512158466767,-45.4051715202512,0,27,27,27,5,-45.4051715202512
01-Aug-2026 00:15:28,-173.725784625249,-45.6187976787332,0,27,27,27,7,-45.6187976787332
01-Aug-2026 00:15:30,-173.3207524134,-45.2137654668844,0,26,26,26,5,-45.2137654668844
01-Aug-2026 00:15:32,-173.349183375721,-45.2421964292056,0,26,26,26,5,-45.2421964292056
01-Aug-2026 00:15:34,-173.655791447907,-45.5488045013908,0,26,26,26,6,-45.5488045013908
01-Aug-2026 00:15:36,-174.605008453045,-46.4980215065289,0,26,26,26,5,-46.4980215065289
01-Aug-2026 00:15:38,-174.252236252595,-46.1452493060789,0,26,26,26,5,-46.1452493060789
01-Aug-2026 00:15:40,-189.74507577717,-61.6380888306544,0,25,25,25,4,-61.6380888306544
01-Aug-2026 00:15:42,-189.629961879413,-61.5229749328976,0,25,25,25,4,-61.5229749328976
01-Aug-2026 00:15:44,-189.297993480578,-61.1910065340625,0,25,25,25,4,-61.1910065340625
01-Aug-2026 00:15:46,-189.433622888149,-61.326635941633,0,25,25,25,4,-61.326635941633
01-Aug-2026 00:15:48,-188.704291782683,-60.5973048361674,0,26,26,26,5,-60.5973048361674
01-Aug-2026 00:15:50,-185.461980486101,-57.3549935395854,0,26,26,26,6,-57.3549935395854
01-Aug-2026 00:15:52,-185.821754441359,-57.7147674948427,0,26,26,26,6,-57.7147674948427
01-Aug-2026 00:15:54,-189.022088818397,-60.9151018718809,0,26,26,26,5,-60.9151018718809
01-Aug-2026 00:15:56,-188.874825741923,-60.7678387954066,0,26,26,26,5,-60.7678387954066
01-Aug-2026 00:15:58,-188.684521760619,-60.5775348141029,0,26,26,26,5,-60.5775348141029
01-Aug-2026 00:16:00,-189.170107586642,-61.0631206401258,0,26,26,26,4,-61.0631206401258
01-Aug-2026 00:16:02,-189.355749516679,-61.2487625701632,0,26,26,26,4,-61.2487625701632
01-Aug-2026 00:16:04,-192.718757272652,-64.611770326136,0,26,26,26,3,-64.611770326136
01-Aug-2026 00:16:06,-190.810952193242,-62.7039652467257,0,26,26,26,4,-62.7039652467257
01-Aug-2026 00:16:08,-190.431872396198,-62.3248854496818,0,26,26,26,4,-62.3248854496818
01-Aug-2026 00:16:10,-188.729707652534,-60.6227207060183,0,26,26,26,5,-60.6227207060183
01-Aug-2026 00:16:12,-191.782593811782,-63.6756068652664,0,25,25,25,3,-63.6756068652664
01-Aug-2026 00:16:14,-193.562015424948,-65.4550284784322,0,25,25,25,2,-65.4550284784322
01-Aug-2026 00:16:16,-190.376897194759,-62.2699102482428,0,25,25,25,3,-62.2699102482428
01-Aug-2026 00:16:18,-184.9032865966,-56.7962996500846,0,26,26,26,4,-56.7962996500846
01-Aug-2026 00:16:20,-184.623771409915,-56.516784463399,0,26,26,26,4,-56.516784463399
01-Aug-2026 00:16:22,-184.827711300056,-56.7207243535397,0,26,26,26,4,-56.7207243535397
01-Aug-2026 00:16:24,-184.919345006953,-56.8123580604369,0,26,26,26,4,-56.8123580604369
01-Aug-2026 00:16:26,-185.120143084872,-57.0131561383558,0,26,26,26,4,-57.0131561383558
01-Aug-2026 00:16:28,-185.496885435816,-57.3898984893004,0,26,26,26,3,-57.3898984893004
01-Aug-2026 00:16:30,-194.125326726129,-66.0183397796129,0,26,26,26,2,-66.0183397796129
01-Aug-2026 00:16:32,-194.563729189406,-66.4567422428898,0,26,26,26,2,-66.4567422428898
01-Aug-2026 00:16:34,-194.728209084466,-66.6212221379505,0,27,27,27,2,-66.6212221379505
01-Aug-2026 00:16:36,-190.407452539346,-62.3004655928306,0,27,27,27,3,-62.3004655928306
01-Aug-2026 00:16:38,-184.899095098915,-56.7921081523993,0,27,27,27,6,-56.7921081523993
01-Aug-2026 00:16:40,-185.036283280718,-56.929296334202,0,27,27,27,6,-56.929296334202
01-Aug-2026 00:16:42,-183.75481677256,-55.6478298260438,0,25,25,25,6,-55.6478298260438
01-Aug-2026 00:16:44,-183.820564958235,-55.7135780117188,0,25,25,25,6,-55.7135780117188
01-Aug-2026 00:16:46,-183.873334461495,-55.7663475149793,0,25,25,25,6,-55.7663475149793
01-Aug-2026 00:16:48,-183.915230440533,-55.808243494017,0,25,25,25,6,-55.808243494017
01-Aug-2026 00:16:50,-183.834757771154,-55.7277708246379,0,25,25,25,6,-55.7277708246379
01-Aug-2026 00:16:52,-184.014534328486,-55.9075473819698,0,25,25,25,6,-55.9075473819698
01-Aug-2026 00:16:54,-184.133954150503,-56.0269672039869,0,25,25,25,7,-56.0269672039869
01-Aug-2026 00:16:56,-184.217275353115,-56.1102884065994,0,25,25,25,7,-56.1102884065994
01-Aug-2026 00:16:58,-184.070838917445,-55.9638519709295,0,26,26,26,7,-55.9638519709295
01-Aug-2026 00:17:00,-184.129563040778,-56.0225760942626,0,26,26,26,7,-56.0225760942626
01-Aug-2026 00:17:02,-186.532141706213,-58.4251547596968,0,26,26,26,6,-58.4251547596968
01-Aug-2026 00:17:04,-186.553890514402,-58.4469035678862,0,26,26,26,6,-58.4469035678862
01-Aug-2026 00:17:06,-185.492449798163,-57.3854628516468,0,26,26,26,6,-57.3854628516468
01-Aug-2026 00:17:08,-185.587804835982,-57.4808178894666,0,24,24,24,6,-57.4808178894666
01-Aug-2026 00:17:10,-185.32642359304,-57.2194366465246,0,24,24,24,6,-57.2194366465246
01-Aug-2026 00:17:12,-185.334896581144,-57.2279096346284,0,24,24,24,6,-57.2279096346284
01-Aug-2026 00:17:14,-184.934925587894,-56.8279386413782,0,24,24,24,8,-56.8279386413782
01-Aug-2026 00:17:16,-185.397834566471,-57.2908476199555,0,24,24,24,7,-57.2908476199555
01-Aug-2026 00:17:18,-185.299302158301,-57.192315211785,0,24,24,24,7,-57.192315211785
01-Aug-2026 00:17:20,-188.109101868124,-60.0021149216076,0,24,24,24,6,-60.0021149216076
01-Aug-2026 00:17:22,-188.039847494279,-59.9328605477636,0,24,24,24,6,-59.9328605477636
01-Aug-2026 00:17:24,-188.873781804003,-60.7667948574869,0,24,24,24,6,-60.7667948574869
01-Aug-2026 00:17:26,-179.937815952949,-51.8308290064335,0,24,24,24,7,-51.8308290064335
01-Aug-2026 00:17:28,-177.014240390279,-48.9072534437636,0,25,25,25,10,-48.9072534437636
01-Aug-2026 00:17:30,-180.126751644542,-52.0197646980257,0,25,25,25,8,-52.0197646980257
01-Aug-2026 00:17:32,-180.651099353862,-52.5441124073458,0,25,25,25,8,-52.5441124073458
01-Aug-2026 00:17:34,-180.744958635872,-52.6379716893562,0,25,25,25,7,-52.6379716893562
01-Aug-2026 00:17:36,-181.162602058194,-53.0556151116778,0,25,25,25,5,-53.0556151116778
01-Aug-2026 00:17:38,-181.08424818924,-52.9772612427237,0,25,25,25,6,-52.9772612427237
01-Aug-2026 00:17:40,-180.755552470562,-52.6485655240465,0,25,25,25,6,-52.6485655240465
01-Aug-2026 00:17:42,-189.995775904845,-61.8887889583288,0,25,25,25,5,-61.8887889583288
01-Aug-2026 00:17:44,-189.815788428173,-61.7088014816568,0,25,25,25,5,-61.7088014816568
01-Aug-2026 00:17:46,-189.672324277469,-61.5653373309527,0,25,25,25,5,-61.5653373309527
01-Aug-2026 00:17:48,-189.968101088421,-61.8611141419047,0,25,25,25,5,-61.8611141419047
01-Aug-2026 00:17:50,-189.233198146832,-61.1262112003158,0,25,25,25,6,-61.1262112003158
01-Aug-2026 00:17:52,-189.267647122989,-61.1606601764729,0,25,25,25,6,-61.1606601764729
01-Aug-2026 00:17:54,-171.712707791857,-43.6057208453407,0,26,26,26,7,-43.6057208453407
01-Aug-2026 00:17:56,-171.674231827241,-43.5672448807251,0,26,26,26,7,-43.5672448807251
01-Aug-2026 00:17:58,-171.874345818124,-43.7673588716086,0,26,26,26,7,-43.7673588716086
01-Aug-2026 00:18:00,-172.09865227774,-43.9916653312246,0,26,26,26,6,-43.9916653312246
01-Aug-2026 00:18:02,-171.853837565852,-43.7468506193365,0,26,26,26,7,-43.7468506193365
01-Aug-2026 00:18:04,-171.861883551813,-43.7548966052976,0,26,26,26,7,-43.7548966052976
01-Aug-2026 00:18:06,-171.896017159741,-43.7890302132255,0,26,26,26,7,-43.7890302132255
01-Aug-2026 00:18:08,-171.854506819742,-43.7475198732257,0,26,26,26,7,-43.7475198732257
01-Aug-2026 00:18:10,-157.023567651551,-28.9165807050349,0,26,26,26,8,-28.9165807050349
01-Aug-2026 00:18:12,-156.530461367692,-28.4234744211763,0,26,26,26,8,-28.4234744211763
01-Aug-2026 00:18:14,-156.212123708745,-28.1051367622293,0,26,26,26,7,-28.1051367622293
01-Aug-2026 00:18:16,-156.037409416115,-27.9304224695991,0,26,26,26,6,-27.9304224695991
01-Aug-2026 00:18:18,-155.04953674616,-26.9425497996443,0,26,26,26,4,-26.9425497996443
01-Aug-2026 00:18:20,-153.934218249311,-25.827231302795,0,27,27,27,4,-25.827231302795
01-Aug-2026 00:18:22,-153.6241072286,-25.5171202820839,0,27,27,27,4,-25.5171202820839
01-Aug-2026 00:18:24,-152.779372128338,-24.6723851818225,0,27,27,27,4,-24.6723851818225
01-Aug-2026 00:18:26,-151.662637803211,-23.5556508566953,0,27,27,27,5,-23.5556508566953
01-Aug-2026 00:18:28,-151.272759005452,-23.1657720589359,0,27,27,27,5,-23.1657720589359
01-Aug-2026 00:18:30,-150.837815749801,-22.7308288032852,0,27,27,27,5,-22.7308288032852
01-Aug-2026 00:18:32,-150.219204854699,-22.1122179081836,0,28,28,28,5,-22.1122179081836
01-Aug-2026 00:18:34,-179.738851903701,-51.6318649571847,0,29,29,29,5,-51.6318649571847
01-Aug-2026 00:18:36,-180.115941031453,-52.0089540849373,0,30,30,30,5,-52.0089540849373
01-Aug-2026 00:18:38,-188.3135415201,-60.2065545735844,0,30,30,30,4,-60.2065545735844
01-Aug-2026 00:18:40,-188.602904880994,-60.4959179344783,0,30,30,30,4,-60.4959179344783
01-Aug-2026 00:18:42,-188.809296848199,-60.702309901683,0,30,30,30,4,-60.702309901683
01-Aug-2026 00:18:44,-189.320954091994,-61.2139671454785,0,30,30,30,3,-61.2139671454785
01-Aug-2026 00:18:46,-189.081990621418,-60.9750036749022,0,29,29,29,4,-60.9750036749022
01-Aug-2026 00:18:48,-189.005355757168,-60.8983688106519,0,29,29,29,5,-60.8983688106519
01-Aug-2026 00:18:50,-189.149414993074,-61.0424280465585,0,29,29,29,5,-61.0424280465585
01-Aug-2026 00:18:52,-189.25602809569,-61.1490411491744,0,28,28,28,5,-61.1490411491744
01-Aug-2026 00:18:54,-189.573934723664,-61.4669477771477,0,29,29,29,6,-61.4669477771477
01-Aug-2026 00:18:56,-188.108682224682,-60.0016952781659,0,29,29,29,7,-60.0016952781659
01-Aug-2026 00:18:58,-187.851432832302,-59.744445885786,0,29,29,29,7,-59.744445885786
01-Aug-2026 00:19:00,-187.400243674249,-59.2932567277329,0,29,29,29,8,-59.2932567277329
01-Aug-2026 00:19:02,-188.799910958187,-60.6929240116715,0,29,29,29,7,-60.6929240116715
01-Aug-2026 00:19:04,-186.562609730222,-58.4556227837064,0,28,28,28,6,-58.4556227837064
01-Aug-2026 00:19:06,-186.19098532493,-58.0839983784146,0,28,28,28,6,-58.0839983784146
01-Aug-2026 00:19:08,-186.276481684599,-58.1694947380832,0,28,28,28,7,-58.1694947380832
01-Aug-2026 00:19:10,-185.961470477668,-57.8544835311522,0,28,28,28,7,-57.8544835311522
01-Aug-2026 00:19:12,-183.60809493391,-55.5011079873942,0,27,27,27,8,-55.5011079873942
01-Aug-2026 00:19:14,-183.68715952702,-55.5801725805042,0,27,27,27,7,-55.5801725805042
01-Aug-2026 00:19:16,-183.503271166734,-55.3962842202177,0,27,27,27,8,-55.3962842202177
01-Aug-2026 00:19:18,-183.747403411162,-55.6404164646464,0,27,27,27,7,-55.6404164646464
01-Aug-2026 00:19:20,-183.955364779952,-55.848377833436,0,26,26,26,6,-55.848377833436
01-Aug-2026 00:19:22,-184.285469861384,-56.1784829148683,0,25,25,25,5,-56.1784829148683
01-Aug-2026 00:19:24,-183.925560549107,-55.818573602591,0,25,25,25,5,-55.818573602591
01-Aug-2026 00:19:26,-184.142224307065,-56.0352373605493,0,25,25,25,5,-56.0352373605493
01-Aug-2026 00:19:28,-184.387014373338,-56.280027426822,0,25,25,25,5,-56.280027426822
01-Aug-2026 00:19:30,-184.327716119073,-56.2207291725572,0,25,25,25,6,-56.2207291725572
01-Aug-2026 00:19:32,-184.815058805767,-56.7080718592509,0,25,25,25,6,-56.7080718592509
01-Aug-2026 00:19:34,-184.767574509906,-56.6605875633902,0,25,25,25,6,-56.6605875633902
01-Aug-2026 00:19:36,-185.960671582089,-57.8536846355736,0,25,25,25,5,-57.8536846355736
01-Aug-2026 00:19:38,-185.966145723446,-57.8591587769305,0,25,25,25,6,-57.8591587769305
01-Aug-2026 00:19:40,-173.53999815511,-45.4330112085945,0,25,25,25,7,-45.4330112085945
01-Aug-2026 00:19:42,-173.148928509275,-45.041941562759,0,25,25,25,5,-45.041941562759
01-Aug-2026 00:19:44,-173.691998904744,-45.5850119582279,0,26,26,26,5,-45.5850119582279
01-Aug-2026 00:19:46,-173.716243458953,-45.6092565124371,0,26,26,26,4,-45.6092565124371
01-Aug-2026 00:19:48,-174.111557054872,-46.0045701083564,0,26,26,26,5,-46.0045701083564
01-Aug-2026 00:19:50,-174.512594080121,-46.4056071336053,0,26,26,26,5,-46.4056071336053
01-Aug-2026 00:19:52,-174.408995301119,-46.302008354603,0,27,27,27,5,-46.302008354603
01-Aug-2026 00:19:54,-173.754508681197,-45.6475217346809,0,27,27,27,6,-45.6475217346809
01-Aug-2026 00:19:56,-172.777765349535,-44.670778403019,0,27,27,27,8,-44.670778403019
01-Aug-2026 00:19:58,-172.859828229164,-44.7528412826481,0,26,26,26,8,-44.7528412826481
01-Aug-2026 00:20:00,-172.561384365616,-44.4543974190997,0,26,26,26,6,-44.4543974190997
01-Aug-2026 00:20:02,-173.149502926182,-45.0425159796665,0,26,26,26,5,-45.0425159796665
01-Aug-2026 00:20:04,-172.556905895206,-44.4499189486899,0,26,26,26,5,-44.4499189486899
01-Aug-2026 00:20:06,-172.218597771916,-44.1116108254002,0,26,26,26,6,-44.1116108254002
01-Aug-2026 00:20:08,-171.867766488393,-43.7607795418775,0,26,26,26,6,-43.7607795418775
01-Aug-2026 00:20:10,-171.770271853834,-43.6632849073178,0,26,26,26,7,-43.6632849073178
01-Aug-2026 00:20:12,-171.707792587549,-43.6008056410328,0,26,26,26,8,-43.6008056410328
01-Aug-2026 00:20:14,-171.57707158054,-43.4700846340243,0,26,26,26,7,-43.4700846340243
01-Aug-2026 00:20:16,-171.442473948514,-43.3354870019984,0,26,26,26,7,-43.3354870019984
01-Aug-2026 00:20:18,-171.116714458767,-43.0097275122509,0,26,26,26,8,-43.0097275122509
01-Aug-2026 00:20:20,-181.818555104251,-53.7115681577352,0,26,26,26,7,-53.7115681577352
01-Aug-2026 00:20:22,-181.923649889451,-53.8166629429356,0,26,26,26,7,-53.8166629429356
01-Aug-2026 00:20:24,-182.247291987561,-54.1403050410455,0,26,26,26,7,-54.1403050410455
01-Aug-2026 00:20:26,-182.298080372244,-54.191093425728,0,27,27,27,7,-54.191093425728
01-Aug-2026 00:20:28,-182.331170816201,-54.2241838696848,0,27,27,27,7,-54.2241838696848
01-Aug-2026 00:20:30,-182.139712701185,-54.0327257546691,0,26,26,26,7,-54.0327257546691
01-Aug-2026 00:20:32,-182.645487300188,-54.5385003536724,0,26,26,26,6,-54.5385003536724
01-Aug-2026 00:20:34,-184.732555980622,-56.6255690341066,0,26,26,26,5,-56.6255690341066
01-Aug-2026 00:20:36,-185.030983490735,-56.9239965442187,0,26,26,26,4,-56.9239965442187
01-Aug-2026 00:20:38,-185.139859667459,-57.0328727209433,0,26,26,26,4,-57.0328727209433
01-Aug-2026 00:20:40,-185.250542490984,-57.1435555444684,0,26,26,26,4,-57.1435555444684
01-Aug-2026 00:20:42,-185.092223134678,-56.9852361881618,0,27,27,27,4,-56.9852361881618
01-Aug-2026 00:20:44,-184.990157276272,-56.8831703297565,0,26,26,26,4,-56.8831703297565
01-Aug-2026 00:20:46,-184.663894666324,-56.5569077198078,0,26,26,26,4,-56.5569077198078
01-Aug-2026 00:20:48,-184.705644005076,-56.5986570585597,0,26,26,26,4,-56.5986570585597
01-Aug-2026 00:20:50,-177.430659010036,-49.3236720635202,0,26,26,26,6,-49.3236720635202
01-Aug-2026 00:20:52,-177.90794398191,-49.8009570353937,0,26,26,26,6,-49.8009570353937
01-Aug-2026 00:20:54,-178.394429603291,-50.2874426567752,0,26,26,26,6,-50.2874426567752
01-Aug-2026 00:20:56,-178.642983576458,-50.5359966299418,0,25,25,25,5,-50.5359966299418
01-Aug-2026 00:20:58,-169.368814030513,-41.2618270839969,0,25,25,25,6,-41.2618270839969
01-Aug-2026 00:21:00,-169.038493043497,-40.9315060969809,0,24,24,24,5,-40.9315060969809
01-Aug-2026 00:21:02,-168.87571123768,-40.7687242911646,0,24,24,24,6,-40.7687242911646
01-Aug-2026 00:21:04,-169.810302355117,-41.7033154086012,0,24,24,24,5,-41.7033154086012
01-Aug-2026 00:21:06,-170.020694255701,-41.9137073091852,0,24,24,24,5,-41.9137073091852
01-Aug-2026 00:21:08,-169.729682866448,-41.6226959199319,0,24,24,24,5,-41.6226959199319
01-Aug-2026 00:21:10,-169.584414771553,-41.4774278250366,0,24,24,24,5,-41.4774278250366
01-Aug-2026 00:21:12,-169.647780233698,-41.5407932871822,0,24,24,24,6,-41.5407932871822
01-Aug-2026 00:21:14,-169.611815612438,-41.5048286659218,0,24,24,24,5,-41.5048286659218
01-Aug-2026 00:21:16,-169.605121160607,-41.498134214091,0,25,25,25,5,-41.498134214091
01-Aug-2026 00:21:18,-169.709347804577,-41.6023608580616,0,25,25,25,5,-41.6023608580616
01-Aug-2026 00:21:20,-169.535398482011,-41.428411535495,0,25,25,25,5,-41.428411535495
01-Aug-2026 00:21:22,-169.824112629676,-41.7171256831604,0,25,25,25,5,-41.7171256831604
01-Aug-2026 00:21:24,-176.808346698348,-48.7013597518319,0,25,25,25,4,-48.7013597518319
01-Aug-2026 00:21:26,-171.653757765928,-43.5467708194117,0,25,25,25,6,-43.5467708194117
01-Aug-2026 00:21:28,-171.961735938116,-43.8547489916,0,25,25,25,7,-43.8547489916
01-Aug-2026 00:21:30,-172.023634821314,-43.9166478747982,0,25,25,25,8,-43.9166478747982
01-Aug-2026 00:21:32,-171.90512563962,-43.7981386931037,0,25,25,25,8,-43.7981386931037
01-Aug-2026 00:21:34,-173.783777745579,-45.6767907990636,0,25,25,25,6,-45.6767907990636
01-Aug-2026 00:21:36,-173.925251453577,-45.8182645070609,0,25,25,25,6,-45.8182645070609
01-Aug-2026 00:21:38,-173.895023800117,-45.7880368536009,0,25,25,25,7,-45.7880368536009
01-Aug-2026 00:21:40,-174.178977391864,-46.0719904453478,0,25,25,25,6,-46.0719904453478
01-Aug-2026 00:21:42,-173.80181262019,-45.6948256736741,0,25,25,25,6,-45.6948256736741
01-Aug-2026 00:21:44,-174.723732073095,-46.6167451265794,0,25,25,25,6,-46.6167451265794
01-Aug-2026 00:21:46,-175.443651888697,-47.3366649421811,0,25,25,25,6,-47.3366649421811
01-Aug-2026 00:21:48,-175.579187288565,-47.4722003420496,0,26,26,26,5,-47.4722003420496
01-Aug-2026 00:21:50,-175.766774327268,-47.6597873807521,0,26,26,26,5,-47.6597873807521
01-Aug-2026 00:21:52,-176.148053286115,-48.0410663395991,0,26,26,26,4,-48.0410663395991
01-Aug-2026 00:21:54,-175.43239330122,-47.3254063547039,0,26,26,26,4,-47.3254063547039
01-Aug-2026 00:21:56,-175.724800661022,-47.6178137145058,0,26,26,26,4,-47.6178137145058
01-Aug-2026 00:21:58,-176.018342764189,-47.9113558176729,0,26,26,26,4,-47.9113558176729
01-Aug-2026 00:22:00,-176.195634441241,-48.088647494725,0,26,26,26,3,-48.088647494725
01-Aug-2026 00:22:02,-176.185511338772,-48.0785243922566,0,26,26,26,3,-48.0785243922566
01-Aug-2026 00:22:04,-176.667161885903,-48.560174939387,0,26,26,26,3,-48.560174939387
01-Aug-2026 00:22:06,-176.474875764776,-48.3678888182598,0,26,26,26,4,-48.3678888182598
01-Aug-2026 00:22:08,-176.262347060567,-48.1553601140514,0,26,26,26,5,-48.1553601140514
01-Aug-2026 00:22:10,-177.303902382801,-49.1969154362853,0,27,27,27,4,-49.1969154362853
01-Aug-2026 00:22:12,-177.508941408552,-49.4019544620362,0,27,27,27,3,-49.4019544620362
01-Aug-2026 00:22:14,-178.639418634473,-50.5324316879568,0,27,27,27,2,-50.5324316879568
01-Aug-2026 00:22:16,-179.77630974601,-51.6693227994941,0,27,27,27,2,-51.6693227994941
01-Aug-2026 00:22:18,-179.663872908753,-51.5568859622376,0,28,28,28,2,-51.5568859622376
01-Aug-2026 00:22:20,-180.586229800983,-52.4792428544673,0,29,29,29,2,-52.4792428544673
01-Aug-2026 00:22:22,-180.224156434916,-52.1171694883997,0,29,29,29,2,-52.1171694883997
01-Aug-2026 00:22:24,-180.222176322323,-52.1151893758074,0,29,29,29,3,-52.1151893758074
01-Aug-2026 00:22:26,-189.78346256722,-61.6764756207045,0,30,30,30,3,-61.6764756207045
01-Aug-2026 00:22:28,-189.85342805452,-61.7464411080037,0,30,30,30,3,-61.7464411080037
01-Aug-2026 00:22:30,-189.65123177117,-61.5442448246542,0,30,30,30,3,-61.5442448246542
01-Aug-2026 00:22:32,-187.21113935581,-59.1041524092943,0,30,30,30,4,-59.1041524092943
01-Aug-2026 00:22:34,-187.353426155202,-59.2464392086863,0,30,30,30,4,-59.2464392086863
01-Aug-2026 00:22:36,-186.827949851723,-58.7209629052073,0,30,30,30,5,-58.7209629052073
01-Aug-2026 00:22:38,-186.580196092726,-58.4732091462105,0,29,29,29,6,-58.4732091462105
01-Aug-2026 00:22:40,-186.525345369517,-58.4183584230012,0,29,29,29,6,-58.4183584230012
01-Aug-2026 00:22:42,-186.60604136202,-58.4990544155046,0,29,29,29,6,-58.4990544155046
01-Aug-2026 00:22:44,-186.504062523672,-58.3970755771562,0,28,28,28,6,-58.3970755771562
01-Aug-2026 00:22:46,-188.552984938632,-60.4459979921164,0,29,29,29,5,-60.4459979921164
01-Aug-2026 00:22:48,-188.478513784176,-60.3715268376598,0,29,29,29,5,-60.3715268376598
01-Aug-2026 00:22:50,-187.936978232151,-59.8299912856351,0,29,29,29,5,-59.8299912856351
01-Aug-2026 00:22:52,-188.805185395433,-60.6981984489175,0,29,29,29,4,-60.6981984489175
01-Aug-2026 00:22:54,-190.267963859362,-62.1609769128461,0,29,29,29,2,-62.1609769128461
01-Aug-2026 00:22:56,-177.41649998943,-49.3095130429141,0,28,28,28,4,-49.3095130429141
01-Aug-2026 00:22:58,-177.806554695819,-49.699567749303,0,28,28,28,4,-49.699567749303
01-Aug-2026 00:23:00,-178.167300787845,-50.0603138413287,0,28,28,28,6,-50.0603138413287
01-Aug-2026 00:23:02,-178.112720718134,-50.0057337716186,0,28,28,28,6,-50.0057337716186
01-Aug-2026 00:23:04,-187.87022752581,-59.7632405792943,0,27,27,27,5,-59.7632405792943
01-Aug-2026 00:23:06,-187.967567957406,-59.8605810108897,0,26,26,26,5,-59.8605810108897
01-Aug-2026 00:23:08,-187.654636449279,-59.5476495027631,0,26,26,26,5,-59.5476495027631
01-Aug-2026 00:23:10,-187.404729274199,-59.2977423276835,0,25,25,25,4,-59.2977423276835
01-Aug-2026 00:23:12,-187.306141922967,-59.1991549764516,0,25,25,25,4,-59.1991549764516
01-Aug-2026 00:23:14,-186.747169690711,-58.6401827441953,0,25,25,25,5,-58.6401827441953
01-Aug-2026 00:23:16,-187.422883273699,-59.3158963271834,0,25,25,25,5,-59.3158963271834
01-Aug-2026 00:23:18,-192.40032190678,-64.2933349602643,0,25,25,25,3,-64.2933349602643
01-Aug-2026 00:23:20,-167.425075964585,-39.3180890180689,0,25,25,25,4,-39.3180890180689
01-Aug-2026 00:23:22,-168.046159760932,-39.9391728144157,0,25,25,25,4,-39.9391728144157
01-Aug-2026 00:23:24,-169.351631711018,-41.2446447645023,0,25,25,25,4,-41.2446447645023
01-Aug-2026 00:23:26,-168.495049974352,-40.3880630278366,0,26,26,26,4,-40.3880630278366
01-Aug-2026 00:23:28,-168.469410948936,-40.3624240024199,0,26,26,26,4,-40.3624240024199
01-Aug-2026 00:23:30,-168.359374892133,-40.2523879456172,0,26,26,26,3,-40.2523879456172
01-Aug-2026 00:23:32,-168.283868453555,-40.1768815070394,0,26,26,26,4,-40.1768815070394
01-Aug-2026 00:23:34,-168.587319839297,-40.480332892781,0,26,26,26,5,-40.480332892781
01-Aug-2026 00:23:36,-169.378770168578,-41.2717832220619,0,26,26,26,5,-41.2717832220619
01-Aug-2026 00:23:38,-170.169915071724,-42.062928125208,0,26,26,26,5,-42.062928125208
01-Aug-2026 00:23:40,-171.010539665309,-42.9035527187935,0,25,25,25,5,-42.9035527187935
01-Aug-2026 00:23:42,-171.150373934617,-43.0433869881008,0,26,26,26,6,-43.0433869881008
01-Aug-2026 00:23:44,-188.784502618443,-60.6775156719271,0,26,26,26,5,-60.6775156719271
01-Aug-2026 00:23:46,-188.988763056949,-60.8817761104334,0,26,26,26,4,-60.8817761104334
01-Aug-2026 00:23:48,-188.813963988894,-60.7069770423783,0,26,26,26,4,-60.7069770423783
01-Aug-2026 00:23:50,-188.8479356291,-60.7409486825845,0,26,26,26,4,-60.7409486825845
01-Aug-2026 00:23:52,-188.659986294694,-60.5529993481777,0,26,26,26,4,-60.5529993481777
01-Aug-2026 00:23:54,-188.582624915063,-60.4756379685472,0,26,26,26,4,-60.4756379685472
01-Aug-2026 00:23:56,-191.813496706301,-63.7065097597856,0,26,26,26,3,-63.7065097597856
01-Aug-2026 00:23:58,-189.281439722234,-61.1744527757181,0,26,26,26,4,-61.1744527757181
01-Aug-2026 00:24:00,-189.320057998897,-61.2130710523809,0,26,26,26,4,-61.2130710523809
01-Aug-2026 00:24:02,-178.137373104352,-50.0303861578363,0,26,26,26,7,-50.0303861578363
01-Aug-2026 00:24:04,-178.043108409119,-49.9361214626026,0,26,26,26,7,-49.9361214626026
01-Aug-2026 00:24:06,-177.945807424427,-49.8388204779115,0,26,26,26,7,-49.8388204779115
01-Aug-2026 00:24:08,-177.648076901718,-49.5410899552024,0,26,26,26,7,-49.5410899552024
01-Aug-2026 00:24:10,-177.231448143447,-49.1244611969308,0,26,26,26,7,-49.1244611969308
01-Aug-2026 00:24:12,-176.830844002939,-48.7238570564232,0,26,26,26,8,-48.7238570564232
01-Aug-2026 00:24:14,-176.699338385482,-48.5923514389665,0,26,26,26,8,-48.5923514389665
01-Aug-2026 00:24:16,-176.081869630649,-47.9748826841336,0,26,26,26,8,-47.9748826841336
01-Aug-2026 00:24:18,-176.366104533664,-48.2591175871481,0,26,26,26,7,-48.2591175871481
01-Aug-2026 00:24:20,-176.158907881054,-48.0519209345383,0,26,26,26,7,-48.0519209345383
01-Aug-2026 00:24:22,-176.242411758411,-48.1354248118949,0,26,26,26,7,-48.1354248118949
01-Aug-2026 00:24:24,-176.527146623887,-48.4201596773714,0,26,26,26,7,-48.4201596773714
01-Aug-2026 00:24:26,-176.299219322306,-48.1922323757903,0,26,26,26,7,-48.1922323757903
01-Aug-2026 00:24:28,-176.291902724942,-48.1849157784261,0,26,26,26,7,-48.1849157784261
01-Aug-2026 00:24:30,-175.818163425595,-47.7111764790791,0,27,27,27,6,-47.7111764790791
01-Aug-2026 00:24:32,-186.991543690817,-58.8845567443014,0,27,27,27,5,-58.8845567443014
01-Aug-2026 00:24:34,-188.228381859259,-60.1213949127429,0,26,26,26,5,-60.1213949127429
01-Aug-2026 00:24:36,-188.385346900474,-60.2783599539584,0,26,26,26,5,-60.2783599539584
01-Aug-2026 00:24:38,-188.219756061313,-60.1127691147967,0,26,26,26,5,-60.1127691147967
01-Aug-2026 00:24:40,-189.071981628456,-60.9649946819399,0,27,27,27,5,-60.9649946819399
01-Aug-2026 00:24:42,-190.266772514777,-62.1597855682611,0,26,26,26,4,-62.1597855682611
01-Aug-2026 00:24:44,-191.072303435411,-62.9653164888955,0,26,26,26,4,-62.9653164888955
01-Aug-2026 00:24:46,-191.188995883401,-63.0820089368853,0,26,26,26,4,-63.0820089368853
01-Aug-2026 00:24:48,-191.102135666082,-62.995148719566,0,26,26,26,4,-62.995148719566
01-Aug-2026 00:24:50,-191.24142561451,-63.1344386679945,0,26,26,26,4,-63.1344386679945
01-Aug-2026 00:24:52,-189.052631592009,-60.9456446454934,0,24,24,24,5,-60.9456446454934
01-Aug-2026 00:24:54,-188.860004963968,-60.753018017452,0,24,24,24,5,-60.753018017452
01-Aug-2026 00:24:56,-188.417075914451,-60.3100889679349,0,24,24,24,5,-60.3100889679349
01-Aug-2026 00:24:58,-188.518288609451,-60.4113016629349,0,24,24,24,5,-60.4113016629349
01-Aug-2026 00:25:00,-186.714279067162,-58.6072921206459,0,24,24,24,5,-58.6072921206459
01-Aug-2026 00:25:02,-186.771785935873,-58.6647989893573,0,25,25,25,5,-58.6647989893573
01-Aug-2026 00:25:04,-186.721557229848,-58.6145702833326,0,25,25,25,5,-58.6145702833326
01-Aug-2026 00:25:06,-186.259448681015,-58.1524617344996,0,25,25,25,5,-58.1524617344996
01-Aug-2026 00:25:08,-185.692644445278,-57.5856574987626,0,25,25,25,6,-57.5856574987626
01-Aug-2026 00:25:10,-186.636187696182,-58.5292007496663,0,25,25,25,6,-58.5292007496663
01-Aug-2026 00:25:12,-184.509514054219,-56.4025271077027,0,25,25,25,8,-56.4025271077027
01-Aug-2026 00:25:14,-184.934533581967,-56.8275466354513,0,25,25,25,7,-56.8275466354513
01-Aug-2026 00:25:16,-185.049557903129,-56.9425709566127,0,25,25,25,7,-56.9425709566127
01-Aug-2026 00:25:18,-184.054258766345,-55.9472718198294,0,25,25,25,8,-55.9472718198294
01-Aug-2026 00:25:20,-184.032395993253,-55.9254090467371,0,25,25,25,8,-55.9254090467371
01-Aug-2026 00:25:22,-184.289150929337,-56.1821639828207,0,25,25,25,6,-56.1821639828207
01-Aug-2026 00:25:24,-184.117284359235,-56.0102974127194,0,25,25,25,5,-56.0102974127194
01-Aug-2026 00:25:26,-184.095975067639,-55.9889881211234,0,25,25,25,6,-55.9889881211234
01-Aug-2026 00:25:28,-183.980063358194,-55.8730764116778,0,25,25,25,6,-55.8730764116778
01-Aug-2026 00:25:30,-183.729269383954,-55.6222824374386,0,25,25,25,7,-55.6222824374386
01-Aug-2026 00:25:32,-183.691991280304,-55.5850043337882,0,25,25,25,7,-55.5850043337882
01-Aug-2026 00:25:34,-183.502038197715,-55.3950512511987,0,25,25,25,8,-55.3950512511987
01-Aug-2026 00:25:36,-183.628095716671,-55.5211087701549,0,25,25,25,8,-55.5211087701549
01-Aug-2026 00:25:38,-183.589412614535,-55.4824256680195,0,25,25,25,8,-55.4824256680195
01-Aug-2026 00:25:40,-183.706811515814,-55.5998245692982,0,25,25,25,8,-55.5998245692982
01-Aug-2026 00:25:42,-183.557666730097,-55.4506797835809,0,26,26,26,8,-55.4506797835809
01-Aug-2026 00:25:44,-183.942616195722,-55.835629249206,0,26,26,26,7,-55.835629249206
01-Aug-2026 00:25:46,-183.866837022963,-55.7598500764472,0,26,26,26,7,-55.7598500764472
01-Aug-2026 00:25:48,-184.22067581406,-56.1136888675443,0,26,26,26,7,-56.1136888675443
01-Aug-2026 00:25:50,-187.301481395803,-59.1944944492868,0,26,26,26,5,-59.1944944492868
01-Aug-2026 00:25:52,-187.370045722662,-59.263058776146,0,26,26,26,5,-59.263058776146
01-Aug-2026 00:25:54,-187.304394529471,-59.1974075829548,0,26,26,26,5,-59.1974075829548
01-Aug-2026 00:25:56,-187.38045972768,-59.2734727811644,0,26,26,26,5,-59.2734727811644
01-Aug-2026 00:25:58,-187.418756256901,-59.3117693103855,0,27,27,27,6,-59.3117693103855
01-Aug-2026 00:26:00,-191.778119515283,-63.6711325687671,0,28,28,28,5,-63.6711325687671
01-Aug-2026 00:26:02,-192.101604826211,-63.9946178796952,0,28,28,28,5,-63.9946178796952
01-Aug-2026 00:26:04,-179.733642845283,-51.626655898767,0,28,28,28,6,-51.626655898767
01-Aug-2026 00:26:06,-179.714609517063,-51.6076225705472,0,28,28,28,6,-51.6076225705472
01-Aug-2026 00:26:08,-179.848521524199,-51.7415345776828,0,28,28,28,5,-51.7415345776828
01-Aug-2026 00:26:10,-179.636445389652,-51.5294584431363,0,29,29,29,7,-51.5294584431363
01-Aug-2026 00:26:12,-178.766405246566,-50.6594183000497,0,29,29,29,9,-50.6594183000497
01-Aug-2026 00:26:14,-179.187243566473,-51.0802566199569,0,29,29,29,9,-51.0802566199569
01-Aug-2026 00:26:16,-179.561104971342,-51.4541180248264,0,30,30,30,7,-51.4541180248264
01-Aug-2026 00:26:18,-179.801922429799,-51.694935483283,0,30,30,30,8,-51.694935483283
01-Aug-2026 00:26:20,-157.80698544842,-29.6999985019039,0,30,30,30,9,-29.6999985019039
01-Aug-2026 00:26:22,-157.922062082494,-29.8150751359778,0,30,30,30,8,-29.8150751359778
01-Aug-2026 00:26:24,-156.739694835475,-28.632707888959,0,30,30,30,8,-28.632707888959
01-Aug-2026 00:26:26,-155.552303578501,-27.4453166319849,0,30,30,30,7,-27.4453166319849
01-Aug-2026 00:26:28,-154.712691980299,-26.6057050337828,0,29,29,29,8,-26.6057050337828
01-Aug-2026 00:26:30,-153.880548435488,-25.7735614889718,0,29,29,29,8,-25.7735614889718
01-Aug-2026 00:26:32,-152.698988207262,-24.5920012607462,0,29,29,29,6,-24.5920012607462
01-Aug-2026 00:26:34,-148.647003700962,-20.5400167544464,0,28,28,28,6,-20.5400167544464
01-Aug-2026 00:26:36,-147.555648959569,-19.4486620130535,0,29,29,29,7,-19.4486620130535
01-Aug-2026 00:26:38,-147.400959096851,-19.2939721503356,0,29,29,29,6,-19.2939721503356
01-Aug-2026 00:26:40,-146.443255149352,-18.3362682028359,0,29,29,29,6,-18.3362682028359
01-Aug-2026 00:26:42,-147.443707171475,-19.336720224959,0,29,29,29,7,-19.336720224959
01-Aug-2026 00:26:44,-146.435432260809,-18.3284453142932,0,29,29,29,7,-18.3284453142932
01-Aug-2026 00:26:46,-145.486017940685,-17.3790309941688,0,28,28,28,8,-17.3790309941688
01-Aug-2026 00:26:48,-145.766017472792,-17.659030526276,0,28,28,28,8,-17.659030526276
01-Aug-2026 00:26:50,-144.475560937932,-16.3685739914161,0,27,27,27,6,-16.3685739914161
01-Aug-2026 00:26:52,-144.414564491935,-16.3075775454187,0,27,27,27,7,-16.3075775454187
01-Aug-2026 00:26:54,-144.667461142134,-16.5604741956182,0,27,27,27,7,-16.5604741956182
01-Aug-2026 00:26:56,-145.784037752394,-17.6770508058783,0,27,27,27,8,-17.6770508058783
01-Aug-2026 00:26:58,-146.60901874399,-18.5020317974744,0,26,26,26,8,-18.5020317974744
01-Aug-2026 00:27:00,-165.119289144093,-37.0123021975773,0,25,25,25,6,-37.0123021975773
01-Aug-2026 00:27:02,-165.60565546594,-37.4986685194244,0,26,26,26,7,-37.4986685194244
01-Aug-2026 00:27:04,-165.828853385333,-37.721866438817,0,26,26,26,6,-37.721866438817
01-Aug-2026 00:27:06,-166.69024604475,-38.5832590982339,0,26,26,26,7,-38.5832590982339
01-Aug-2026 00:27:08,-167.019707182067,-38.9127202355515,0,26,26,26,6,-38.9127202355515
01-Aug-2026 00:27:10,-168.01950634828,-39.9125194017642,0,26,26,26,7,-39.9125194017642
01-Aug-2026 00:27:12,-168.165996684688,-40.0590097381719,0,26,26,26,7,-40.0590097381719
01-Aug-2026 00:27:14,-168.24711088753,-40.1401239410146,0,26,26,26,7,-40.1401239410146
01-Aug-2026 00:27:16,-169.322645842885,-41.2156588963695,0,26,26,26,6,-41.2156588963695
01-Aug-2026 00:27:18,-169.960864030631,-41.8538770841156,0,26,26,26,6,-41.8538770841156
01-Aug-2026 00:27:20,-170.176893766141,-42.0699068196247,0,26,26,26,6,-42.0699068196247
01-Aug-2026 00:27:22,-179.234128180684,-51.1271412341682,0,26,26,26,5,-51.1271412341682
01-Aug-2026 00:27:24,-181.98860731093,-53.8816203644137,0,25,25,25,3,-53.8816203644137
01-Aug-2026 00:27:26,-181.2906282846,-53.1836413380842,0,25,25,25,3,-53.1836413380842
01-Aug-2026 00:27:28,-181.555253700651,-53.4482667541356,0,25,25,25,3,-53.4482667541356
01-Aug-2026 00:27:30,-178.894115420403,-50.7871284738867,0,25,25,25,4,-50.7871284738867
01-Aug-2026 00:27:32,-178.602753587453,-50.4957666409372,0,25,25,25,4,-50.4957666409372
01-Aug-2026 00:27:34,-178.539107330481,-50.4321203839654,0,25,25,25,4,-50.4321203839654
01-Aug-2026 00:27:36,-171.560570920603,-43.4535839740869,0,25,25,25,4,-43.4535839740869
01-Aug-2026 00:27:38,-170.587653920203,-42.4806669736872,0,25,25,25,4,-42.4806669736872
01-Aug-2026 00:27:40,-170.374045389737,-42.2670584432212,0,26,26,26,4,-42.2670584432212
01-Aug-2026 00:27:42,-170.124198499288,-42.0172115527722,0,26,26,26,4,-42.0172115527722
01-Aug-2026 00:27:44,-170.682246862346,-42.5752599158299,0,26,26,26,4,-42.5752599158299
01-Aug-2026 00:27:46,-172.393291942106,-44.2863049955904,0,26,26,26,4,-44.2863049955904
01-Aug-2026 00:27:48,-172.572627956795,-44.4656410102795,0,26,26,26,5,-44.4656410102795
01-Aug-2026 00:27:50,-173.144736324165,-45.0377493776489,0,26,26,26,5,-45.0377493776489
01-Aug-2026 00:27:52,-173.224811496789,-45.1178245502732,0,26,26,26,5,-45.1178245502732
01-Aug-2026 00:27:54,-172.993061837968,-44.8860748914526,0,26,26,26,5,-44.8860748914526
01-Aug-2026 00:27:56,-173.043815502345,-44.9368285558288,0,26,26,26,5,-44.9368285558288
01-Aug-2026 00:27:58,-172.713928725013,-44.6069417784968,0,26,26,26,4,-44.6069417784968
01-Aug-2026 00:28:00,-172.658059665387,-44.5510727188708,0,26,26,26,4,-44.5510727188708
01-Aug-2026 00:28:02,-172.559591254096,-44.4526043075805,0,26,26,26,4,-44.4526043075805
01-Aug-2026 00:28:04,-172.445641561773,-44.3386546152575,0,25,25,25,4,-44.3386546152575
01-Aug-2026 00:28:06,-172.750968040765,-44.6439810942487,0,25,25,25,5,-44.6439810942487
01-Aug-2026 00:28:08,-172.882587972937,-44.775601026421,0,26,26,26,4,-44.775601026421
01-Aug-2026 00:28:10,-173.052009830471,-44.9450228839555,0,26,26,26,4,-44.9450228839555
01-Aug-2026 00:28:12,-173.256866268575,-45.1498793220588,0,26,26,26,4,-45.1498793220588
01-Aug-2026 00:28:14,-173.348566499479,-45.2415795529633,0,26,26,26,5,-45.2415795529633
01-Aug-2026 00:28:16,-172.722483230211,-44.6154962836954,0,26,26,26,5,-44.6154962836954
01-Aug-2026 00:28:18,-172.864492771823,-44.7575058253076,0,27,27,27,4,-44.7575058253076
01-Aug-2026 00:28:20,-172.504770330126,-44.3977833836098,0,27,27,27,3,-44.3977833836098
01-Aug-2026 00:28:22,-172.338690699093,-44.2317037525769,0,27,27,27,3,-44.2317037525769
01-Aug-2026 00:28:24,-171.906133317164,-43.7991463706482,0,27,27,27,3,-43.7991463706482
01-Aug-2026 00:28:26,-172.037061551186,-43.9300746046704,0,26,26,26,3,-43.9300746046704
01-Aug-2026 00:28:28,-182.074482846223,-53.9674958997067,0,26,26,26,4,-53.9674958997067
01-Aug-2026 00:28:30,-182.335155023939,-54.2281680774232,0,26,26,26,4,-54.2281680774232
01-Aug-2026 00:28:32,-182.774947456505,-54.6679605099887,0,26,26,26,4,-54.6679605099887
01-Aug-2026 00:28:34,-182.933637996199,-54.8266510496828,0,26,26,26,4,-54.8266510496828
01-Aug-2026 00:28:36,-182.892585456977,-54.7855985104612,0,26,26,26,3,-54.7855985104612
01-Aug-2026 00:28:38,-182.591466305395,-54.4844793588788,0,26,26,26,3,-54.4844793588788
01-Aug-2026 00:28:40,-182.939889986673,-54.8329030401574,0,26,26,26,3,-54.8329030401574
01-Aug-2026 00:28:42,-183.542026599114,-55.435039652598,0,26,26,26,3,-55.435039652598
01-Aug-2026 00:28:44,-183.950442373513,-55.8434554269973,0,25,25,25,3,-55.8434554269973
01-Aug-2026 00:28:46,-183.903128494678,-55.7961415481624,0,25,25,25,3,-55.7961415481624
01-Aug-2026 00:28:48,-185.390398523325,-57.2834115768086,0,25,25,25,2,-57.2834115768086
01-Aug-2026 00:28:50,-198.464666906858,-70.3576799603426,0,26,26,26,1,-70.3576799603426
01-Aug-2026 00:28:52,-198.518303633908,-70.4113166873926,0,26,26,26,1,-70.4113166873926
01-Aug-2026 00:28:54,-198.39580865913,-70.2888217126145,0,25,25,25,1,-70.2888217126145
01-Aug-2026 00:28:56,-178.571349867738,-50.4643629212223,0,25,25,25,2,-50.4643629212223
01-Aug-2026 00:28:58,-178.816145672042,-50.7091587255256,0,25,25,25,2,-50.7091587255256
01-Aug-2026 00:29:00,-179.365521511495,-51.2585345649794,0,25,25,25,3,-51.2585345649794
01-Aug-2026 00:29:02,-179.418514759895,-51.3115278133796,0,25,25,25,3,-51.3115278133796
01-Aug-2026 00:29:04,-164.8371759734,-36.7301890268845,0,25,25,25,5,-36.7301890268845
01-Aug-2026 00:29:06,-164.848009632069,-36.7410226855532,0,25,25,25,5,-36.7410226855532
01-Aug-2026 00:29:08,-178.124375625921,-50.0173886794048,0,25,25,25,4,-50.0173886794048
01-Aug-2026 00:29:10,-177.593734526621,-49.4867475801056,0,25,25,25,4,-49.4867475801056
01-Aug-2026 00:29:12,-177.99661306813,-49.8896261216139,0,25,25,25,3,-49.8896261216139
01-Aug-2026 00:29:14,-177.169000798492,-49.0620138519764,0,25,25,25,3,-49.0620138519764
01-Aug-2026 00:29:16,-177.46968190618,-49.3626949596643,0,25,25,25,3,-49.3626949596643
01-Aug-2026 00:29:18,-177.442572730646,-49.3355857841298,0,25,25,25,2,-49.3355857841298
01-Aug-2026 00:29:20,-177.276198597124,-49.1692116506085,0,25,25,25,3,-49.1692116506085
01-Aug-2026 00:29:22,-176.923284880137,-48.8162979336216,0,25,25,25,3,-48.8162979336216
01-Aug-2026 00:29:24,-176.680792130201,-48.5738051836852,0,25,25,25,3,-48.5738051836852
01-Aug-2026 00:29:26,-176.442177929104,-48.3351909825881,0,25,25,25,3,-48.3351909825881
01-Aug-2026 00:29:28,-176.194213140726,-48.0872261942104,0,25,25,25,3,-48.0872261942104
01-Aug-2026 00:29:30,-175.640570635096,-47.5335836885801,0,25,25,25,3,-47.5335836885801
01-Aug-2026 00:29:32,-189.084051046998,-60.9770641004818,0,25,25,25,1,-60.9770641004818
01-Aug-2026 00:29:34,-189.869076177066,-61.7620892305499,0,25,25,25,1,-61.7620892305499
01-Aug-2026 00:29:36,-190.270766473901,-62.1637795273851,0,26,26,26,1,-62.1637795273851
01-Aug-2026 00:29:38,-190.5201828136,-62.4131958670841,0,26,26,26,1,-62.4131958670841
01-Aug-2026 00:29:40,-190.621758717368,-62.5147717708521,0,27,27,27,1,-62.5147717708521
01-Aug-2026 00:29:42,-3076.52655568589,-2948.41956873937,0,27,27,27,0,-2948.41956873937
01-Aug-2026 00:29:44,-203.504398085273,-75.3974111387567,0,27,27,27,1,-75.3974111387567
01-Aug-2026 00:29:46,-203.592252785241,-75.4852658387256,0,27,27,27,1,-75.4852658387256
01-Aug-2026 00:29:48,-203.917765189225,-75.8107782427094,0,27,27,27,1,-75.8107782427094
01-Aug-2026 00:29:50,-191.455553896553,-63.348566950037,0,27,27,27,2,-63.348566950037
01-Aug-2026 00:29:52,-186.777449238686,-58.6704622921705,0,28,28,28,3,-58.6704622921705
01-Aug-2026 00:29:54,-186.859129366418,-58.7521424199022,0,28,28,28,4,-58.7521424199022
01-Aug-2026 00:29:56,-188.055978056188,-59.9489911096723,0,28,28,28,4,-59.9489911096723
01-Aug-2026 00:29:58,-197.25538786401,-69.1484009174937,0,28,28,28,3,-69.1484009174937
01-Aug-2026 00:30:00,-197.323356473796,-69.2163695272799,0,29,29,29,3,-69.2163695272799
01-Aug-2026 00:30:02,-169.826131641333,-41.719144694817,0,29,29,29,4,-41.719144694817
01-Aug-2026 00:30:04,-169.572526097935,-41.4655391514191,0,29,29,29,3,-41.4655391514191
01-Aug-2026 00:30:06,-169.283972782482,-41.176985835966,0,30,30,30,2,-41.176985835966
01-Aug-2026 00:30:08,-3076.52655568589,-2948.41956873937,0,30,30,30,0,-2948.41956873937
01-Aug-2026 00:30:10,-195.453447096658,-67.3464601501422,0,30,30,30,1,-67.3464601501422
01-Aug-2026 00:30:12,-195.040369072958,-66.9333821264426,0,30,30,30,1,-66.9333821264426
01-Aug-2026 00:30:14,-195.178131592097,-67.0711446455814,0,30,30,30,1,-67.0711446455814
01-Aug-2026 00:30:16,-194.514670393629,-66.4076834471127,0,30,30,30,1,-66.4076834471127
01-Aug-2026 00:30:18,-190.810454599624,-62.7034676531083,0,30,30,30,2,-62.7034676531083
01-Aug-2026 00:30:20,-191.066830915116,-62.9598439686003,0,29,29,29,2,-62.9598439686003
01-Aug-2026 00:30:22,-190.97204920892,-62.8650622624037,0,29,29,29,2,-62.8650622624037
01-Aug-2026 00:30:24,-190.925824763019,-62.8188378165028,0,29,29,29,2,-62.8188378165028
01-Aug-2026 00:30:26,-190.90713800776,-62.8001510612442,0,27,27,27,2,-62.8001510612442
01-Aug-2026 00:30:28,-190.80671777128,-62.6997308247643,0,28,28,28,2,-62.6997308247643
01-Aug-2026 00:30:30,-190.646468319148,-62.5394813726321,0,28,28,28,2,-62.5394813726321
01-Aug-2026 00:30:32,-190.570104575934,-62.4631176294185,0,28,28,28,2,-62.4631176294185
01-Aug-2026 00:30:34,-188.509673420132,-60.4026864736165,0,28,28,28,4,-60.4026864736165
01-Aug-2026 00:30:36,-145.257062517636,-17.1500755711205,0,28,28,28,5,-17.1500755711205
01-Aug-2026 00:30:38,-147.153826577808,-19.0468396312923,0,28,28,28,6,-19.0468396312923
01-Aug-2026 00:30:40,-148.679356336083,-20.5723693895667,0,28,28,28,7,-20.5723693895667
01-Aug-2026 00:30:42,-149.948531007628,-21.8415440611122,0,28,28,28,7,-21.8415440611122
01-Aug-2026 00:30:44,-150.648664450005,-22.5416775034886,0,28,28,28,5,-22.5416775034886
01-Aug-2026 00:30:46,-151.938041432382,-23.8310544858657,0,28,28,28,5,-23.8310544858657
01-Aug-2026 00:30:48,-153.086568874404,-24.979581927888,0,28,28,28,5,-24.979581927888
01-Aug-2026 00:30:50,-153.986608067168,-25.879621120652,0,27,27,27,5,-25.879621120652
01-Aug-2026 00:30:52,-154.490593451005,-26.3836065044894,0,26,26,26,5,-26.3836065044894
01-Aug-2026 00:30:54,-155.331169047984,-27.2241821014684,0,26,26,26,6,-27.2241821014684
01-Aug-2026 00:30:56,-174.176123510382,-46.0691365638663,0,26,26,26,5,-46.0691365638663
01-Aug-2026 00:30:58,-173.988955472357,-45.8819685258416,0,26,26,26,6,-45.8819685258416
01-Aug-2026 00:31:00,-173.889646137739,-45.7826591912235,0,26,26,26,6,-45.7826591912235
01-Aug-2026 00:31:02,-175.069879129524,-46.9628921830084,0,26,26,26,7,-46.9628921830084
01-Aug-2026 00:31:04,-174.508953997662,-46.4019670511464,0,26,26,26,7,-46.4019670511464
01-Aug-2026 00:31:06,-174.523686334105,-46.4166993875887,0,26,26,26,5,-46.4166993875887
01-Aug-2026 00:31:08,-174.506175543751,-46.399188597235,0,25,25,25,4,-46.399188597235
01-Aug-2026 00:31:10,-174.556080260632,-46.4490933141162,0,25,25,25,4,-46.4490933141162
01-Aug-2026 00:31:12,-174.952763750289,-46.8457768037735,0,25,25,25,4,-46.8457768037735
01-Aug-2026 00:31:14,-174.673221982643,-46.5662350361268,0,25,25,25,5,-46.5662350361268
01-Aug-2026 00:31:16,-173.992053947457,-45.8850670009413,0,25,25,25,5,-45.8850670009413
01-Aug-2026 00:31:18,-173.578245721452,-45.4712587749359,0,25,25,25,3,-45.4712587749359
01-Aug-2026 00:31:20,-173.29590428852,-45.188917342004,0,25,25,25,3,-45.188917342004
01-Aug-2026 00:31:22,-172.341919026191,-44.2349320796752,0,25,25,25,3,-44.2349320796752
01-Aug-2026 00:31:24,-172.602773400502,-44.4957864539865,0,25,25,25,3,-44.4957864539865
01-Aug-2026 00:31:26,-172.606259167528,-44.4992722210122,0,25,25,25,4,-44.4992722210122
01-Aug-2026 00:31:28,-172.194627935854,-44.087640989338,0,25,25,25,4,-44.087640989338
01-Aug-2026 00:31:30,-172.655962237663,-44.5489752911474,0,25,25,25,5,-44.5489752911474
01-Aug-2026 00:31:32,-172.077701117155,-43.9707141706386,0,25,25,25,6,-43.9707141706386
01-Aug-2026 00:31:34,-171.949260556273,-43.8422736097567,0,25,25,25,6,-43.8422736097567
01-Aug-2026 00:31:36,-181.042651810005,-52.9356648634891,0,25,25,25,6,-52.9356648634891
01-Aug-2026 00:31:38,-181.081155517425,-52.9741685709095,0,26,26,26,5,-52.9741685709095
01-Aug-2026 00:31:40,-181.596382826411,-53.4893958798951,0,26,26,26,6,-53.4893958798951
01-Aug-2026 00:31:42,-181.697708295457,-53.590721348941,0,26,26,26,6,-53.590721348941
01-Aug-2026 00:31:44,-180.968298228625,-52.8613112821091,0,26,26,26,6,-52.8613112821091
01-Aug-2026 00:31:46,-188.854398466498,-60.7474115199821,0,26,26,26,6,-60.7474115199821
01-Aug-2026 00:31:48,-185.482511549185,-57.3755246026687,0,26,26,26,7,-57.3755246026687
01-Aug-2026 00:31:50,-185.886936675637,-57.7799497291216,0,25,25,25,6,-57.7799497291216
01-Aug-2026 00:31:52,-184.078889496025,-55.9719025495095,0,25,25,25,7,-55.9719025495095
01-Aug-2026 00:31:54,-184.80534585618,-56.698358909664,0,25,25,25,5,-56.698358909664
01-Aug-2026 00:31:56,-184.413663397056,-56.3066764505401,0,25,25,25,5,-56.3066764505401
01-Aug-2026 00:31:58,-184.905980721477,-56.7989937749614,0,25,25,25,5,-56.7989937749614
01-Aug-2026 00:32:00,-184.609656934736,-56.5026699882206,0,26,26,26,6,-56.5026699882206
01-Aug-2026 00:32:02,-184.706008541212,-56.5990215946963,0,26,26,26,6,-56.5990215946963
01-Aug-2026 00:32:04,-184.888347093473,-56.7813601469575,0,26,26,26,5,-56.7813601469575
01-Aug-2026 00:32:06,-187.593362606201,-59.4863756596847,0,26,26,26,4,-59.4863756596847
01-Aug-2026 00:32:08,-187.268088709405,-59.1611017628887,0,27,27,27,5,-59.1611017628887
01-Aug-2026 00:32:10,-187.415560089716,-59.3085731432003,0,27,27,27,5,-59.3085731432003
01-Aug-2026 00:32:12,-185.320096841835,-57.2131098953189,0,27,27,27,7,-57.2131098953189
01-Aug-2026 00:32:14,-186.787999594463,-58.6810126479475,0,27,27,27,6,-58.6810126479475
01-Aug-2026 00:32:16,-190.330128237953,-62.2231412914373,0,26,26,26,6,-62.2231412914373
01-Aug-2026 00:32:18,-190.817433025572,-62.7104460790565,0,25,25,25,5,-62.7104460790565
01-Aug-2026 00:32:20,-190.629114945245,-62.5221279987291,0,25,25,25,5,-62.5221279987291
01-Aug-2026 00:32:22,-190.737458400567,-62.6304714540516,0,26,26,26,5,-62.6304714540516
01-Aug-2026 00:32:24,-189.534708740021,-61.4277217935047,0,26,26,26,6,-61.4277217935047
01-Aug-2026 00:32:26,-189.953124173998,-61.8461372274817,0,26,26,26,5,-61.8461372274817
01-Aug-2026 00:32:28,-190.065184375168,-61.9581974286518,0,26,26,26,5,-61.9581974286518
01-Aug-2026 00:32:30,-189.964557233499,-61.8575702869832,0,26,26,26,5,-61.8575702869832
01-Aug-2026 00:32:32,-190.046191156782,-61.939204210266,0,26,26,26,5,-61.939204210266
01-Aug-2026 00:32:34,-188.451558389428,-60.3445714429118,0,26,26,26,6,-60.3445714429118
01-Aug-2026 00:32:36,-190.584604522718,-62.4776175762024,0,26,26,26,5,-62.4776175762024
01-Aug-2026 00:32:38,-189.031744028876,-60.9247570823597,0,26,26,26,6,-60.9247570823597
01-Aug-2026 00:32:40,-188.991396935646,-60.8844099891297,0,26,26,26,6,-60.8844099891297
01-Aug-2026 00:32:42,-189.33819913563,-61.2312121891146,0,26,26,26,6,-61.2312121891146
01-Aug-2026 00:32:44,-189.493120499793,-61.3861335532774,0,26,26,26,5,-61.3861335532774
01-Aug-2026 00:32:46,-189.572118187531,-61.4651312410147,0,26,26,26,5,-61.4651312410147
01-Aug-2026 00:32:48,-191.637887835225,-63.5309008887087,0,26,26,26,4,-63.5309008887087
01-Aug-2026 00:32:50,-192.121198205688,-64.0142112591718,0,26,26,26,3,-64.0142112591718
01-Aug-2026 00:32:52,-192.489665276701,-64.3826783301849,0,26,26,26,3,-64.3826783301849
01-Aug-2026 00:32:54,-192.533680263502,-64.4266933169863,0,25,25,25,3,-64.4266933169863
01-Aug-2026 00:32:56,-192.867202201238,-64.7602152547217,0,25,25,25,3,-64.7602152547217
01-Aug-2026 00:32:58,-186.64058411882,-58.533597172304,0,25,25,25,4,-58.533597172304
01-Aug-2026 00:33:00,-186.890651903611,-58.7836649570951,0,25,25,25,5,-58.7836649570951
01-Aug-2026 00:33:02,-187.026839511132,-58.9198525646163,0,25,25,25,5,-58.9198525646163
01-Aug-2026 00:33:04,-193.765546438565,-65.6585594920489,0,25,25,25,3,-65.6585594920489
01-Aug-2026 00:33:06,-194.159137883427,-66.0521509369115,0,25,25,25,3,-66.0521509369115
01-Aug-2026 00:33:08,-193.512166732138,-65.4051797856218,0,25,25,25,4,-65.4051797856218
01-Aug-2026 00:33:10,-191.446941087086,-63.3399541405698,0,25,25,25,5,-63.3399541405698
01-Aug-2026 00:33:12,-193.731657727542,-65.6246707810266,0,25,25,25,4,-65.6246707810266
01-Aug-2026 00:33:14,-195.812435423415,-67.705448476899,0,25,25,25,3,-67.705448476899
01-Aug-2026 00:33:16,-195.611095263307,-67.5041083167912,0,25,25,25,3,-67.5041083167912
01-Aug-2026 00:33:18,-194.894591863379,-66.787604916863,0,25,25,25,3,-66.787604916863
01-Aug-2026 00:33:20,-194.786191318716,-66.6792043722006,0,25,25,25,3,-66.6792043722006
01-Aug-2026 00:33:22,-195.274712541525,-67.1677255950095,0,26,26,26,3,-67.1677255950095
01-Aug-2026 00:33:24,-195.193179658919,-67.0861927124027,0,26,26,26,3,-67.0861927124027
01-Aug-2026 00:33:26,-197.240649247932,-69.1336623014158,0,26,26,26,2,-69.1336623014158
01-Aug-2026 00:33:28,-197.945606056795,-69.8386191102796,0,26,26,26,2,-69.8386191102796
01-Aug-2026 00:33:30,-175.727162167175,-47.6201752206587,0,27,27,27,4,-47.6201752206587
01-Aug-2026 00:33:32,-176.342193132306,-48.23520618579,0,27,27,27,4,-48.23520618579
01-Aug-2026 00:33:34,-195.083075186052,-66.976088239536,0,27,27,27,3,-66.976088239536
01-Aug-2026 00:33:36,-193.165696423447,-65.058709476931,0,27,27,27,4,-65.058709476931
01-Aug-2026 00:33:38,-191.179672719578,-63.0726857730622,0,27,27,27,5,-63.0726857730622
01-Aug-2026 00:33:40,-191.062795998788,-62.9558090522719,0,27,27,27,5,-62.9558090522719
01-Aug-2026 00:33:42,-190.016172911208,-61.9091859646925,0,28,28,28,6,-61.9091859646925
01-Aug-2026 00:33:44,-190.093622869169,-61.9866359226528,0,28,28,28,6,-61.9866359226528
01-Aug-2026 00:33:46,-190.015490445814,-61.9085034992983,0,28,28,28,6,-61.9085034992983
01-Aug-2026 00:33:48,-190.622420187857,-62.5154332413413,0,29,29,29,5,-62.5154332413413
01-Aug-2026 00:33:50,-172.597115755661,-44.4901288091453,0,29,29,29,6,-44.4901288091453
01-Aug-2026 00:33:52,-171.997890558999,-43.8909036124833,0,29,29,29,5,-43.8909036124833
01-Aug-2026 00:33:54,-172.372767288426,-44.2657803419099,0,29,29,29,4,-44.2657803419099
01-Aug-2026 00:33:56,-172.008275214808,-43.9012882682917,0,29,29,29,4,-43.9012882682917
01-Aug-2026 00:33:58,-172.033842439796,-43.9268554932798,0,30,30,30,5,-43.9268554932798
01-Aug-2026 00:34:00,-171.98976561979,-43.8827786732737,0,30,30,30,5,-43.8827786732737
01-Aug-2026 00:34:02,-172.319718062265,-44.2127311157492,0,30,30,30,5,-44.2127311157492
01-Aug-2026 00:34:04,-171.48490420379,-43.3779172572744,0,30,30,30,5,-43.3779172572744
01-Aug-2026 00:34:06,-171.658302690869,-43.5513157443527,0,29,29,29,5,-43.5513157443527
01-Aug-2026 00:34:08,-171.347776167455,-43.2407892209393,0,29,29,29,6,-43.2407892209393
01-Aug-2026 00:34:10,-170.734838680644,-42.6278517341277,0,28,28,28,6,-42.6278517341277
01-Aug-2026 00:34:12,-170.165706005025,-42.0587190585096,0,28,28,28,8,-42.0587190585096
01-Aug-2026 00:34:14,-170.083069070447,-41.9760821239311,0,28,28,28,7,-41.9760821239311
01-Aug-2026 00:34:16,-169.4813512156,-41.3743642690846,0,28,28,28,5,-41.3743642690846
01-Aug-2026 00:34:18,-169.139261935451,-41.0322749889352,0,28,28,28,4,-41.0322749889352
01-Aug-2026 00:34:20,-190.496737933869,-62.3897509873528,0,29,29,29,3,-62.3897509873528
01-Aug-2026 00:34:22,-190.564760314357,-62.4577733678412,0,29,29,29,3,-62.4577733678412
01-Aug-2026 00:34:24,-192.931278197745,-64.8242912512293,0,29,29,29,2,-64.8242912512293
01-Aug-2026 00:34:26,-192.710522400134,-64.6035354536177,0,29,29,29,2,-64.6035354536177
01-Aug-2026 00:34:28,-192.968145960393,-64.8611590138769,0,29,29,29,2,-64.8611590138769
01-Aug-2026 00:34:30,-190.14285230383,-62.0358653573143,0,29,29,29,4,-62.0358653573143
01-Aug-2026 00:34:32,-190.056288685262,-61.9493017387462,0,28,28,28,4,-61.9493017387462
01-Aug-2026 00:34:34,-189.790677752251,-61.683690805735,0,28,28,28,4,-61.683690805735
01-Aug-2026 00:34:36,-190.452586278146,-62.3455993316304,0,28,28,28,3,-62.3455993316304
01-Aug-2026 00:34:38,-193.994989315889,-65.8880023693732,0,28,28,28,2,-65.8880023693732
01-Aug-2026 00:34:40,-193.995452222308,-65.8884652757924,0,27,27,27,2,-65.8884652757924
01-Aug-2026 00:34:42,-193.007026717906,-64.9000397713902,0,27,27,27,3,-64.9000397713902
01-Aug-2026 00:34:44,-194.320247739047,-66.2132607925313,0,27,27,27,2,-66.2132607925313
01-Aug-2026 00:34:46,-195.823173083323,-67.7161861368068,0,26,26,26,1,-67.7161861368068
01-Aug-2026 00:34:48,-186.631828734742,-58.5248417882261,0,26,26,26,2,-58.5248417882261
01-Aug-2026 00:34:50,-186.64755371645,-58.5405667699343,0,25,25,25,2,-58.5405667699343
01-Aug-2026 00:34:52,-171.271758664947,-43.1647717184315,0,25,25,25,3,-43.1647717184315
01-Aug-2026 00:34:54,-170.956946131361,-42.8499591848449,0,25,25,25,4,-42.8499591848449
01-Aug-2026 00:34:56,-170.875640571381,-42.7686536248648,0,25,25,25,5,-42.7686536248648
01-Aug-2026 00:34:58,-171.211686055411,-43.1046991088953,0,25,25,25,5,-43.1046991088953
01-Aug-2026 00:35:00,-171.900277969307,-43.7932910227914,0,25,25,25,6,-43.7932910227914
01-Aug-2026 00:35:02,-171.723727236294,-43.6167402897783,0,25,25,25,5,-43.6167402897783
01-Aug-2026 00:35:04,-171.470971525975,-43.3639845794588,0,25,25,25,5,-43.3639845794588
01-Aug-2026 00:35:06,-171.417616627024,-43.3106296805078,0,25,25,25,5,-43.3106296805078
01-Aug-2026 00:35:08,-171.004292253534,-42.8973053070182,0,25,25,25,5,-42.8973053070182
01-Aug-2026 00:35:10,-166.848641412669,-38.7416544661533,0,25,25,25,6,-38.7416544661533
01-Aug-2026 00:35:12,-167.460880458196,-39.35389351168,0,25,25,25,6,-39.35389351168
01-Aug-2026 00:35:14,-166.520217378944,-38.4132304324282,0,25,25,25,6,-38.4132304324282
01-Aug-2026 00:35:16,-166.065416787295,-37.9584298407786,0,25,25,25,5,-37.9584298407786
01-Aug-2026 00:35:18,-166.88670430093,-38.7797173544144,0,25,25,25,5,-38.7797173544144
01-Aug-2026 00:35:20,-166.902281522075,-38.7952945755586,0,25,25,25,5,-38.7952945755586
01-Aug-2026 00:35:22,-167.322846668908,-39.2158597223924,0,25,25,25,5,-39.2158597223924
01-Aug-2026 00:35:24,-167.417452912835,-39.3104659663196,0,25,25,25,5,-39.3104659663196
01-Aug-2026 00:35:26,-167.330140524423,-39.2231535779068,0,25,25,25,5,-39.2231535779068
01-Aug-2026 00:35:28,-167.649050934947,-39.5420639884312,0,25,25,25,5,-39.5420639884312
01-Aug-2026 00:35:30,-167.625125526935,-39.5181385804191,0,25,25,25,5,-39.5181385804191
01-Aug-2026 00:35:32,-168.155471872488,-40.0484849259717,0,25,25,25,5,-40.0484849259717
01-Aug-2026 00:35:34,-167.989291132529,-39.8823041860128,0,25,25,25,6,-39.8823041860128
01-Aug-2026 00:35:36,-168.383718522719,-40.2767315762031,0,25,25,25,6,-40.2767315762031
01-Aug-2026 00:35:38,-168.607216812044,-40.500229865528,0,25,25,25,6,-40.500229865528
01-Aug-2026 00:35:40,-168.492742113798,-40.3857551672822,0,25,25,25,6,-40.3857551672822
01-Aug-2026 00:35:42,-168.620600970831,-40.5136140243154,0,25,25,25,6,-40.5136140243154
01-Aug-2026 00:35:44,-171.391958742188,-43.2849717956718,0,25,25,25,7,-43.2849717956718
01-Aug-2026 00:35:46,-171.643549503408,-43.536562556892,0,25,25,25,6,-43.536562556892
01-Aug-2026 00:35:48,-171.583883758155,-43.4768968116388,0,25,25,25,7,-43.4768968116388
01-Aug-2026 00:35:50,-171.973945429222,-43.8669584827063,0,25,25,25,6,-43.8669584827063
01-Aug-2026 00:35:52,-171.779048623144,-43.6720616766284,0,26,26,26,6,-43.6720616766284
01-Aug-2026 00:35:54,-171.93262786693,-43.8256409204146,0,26,26,26,6,-43.8256409204146
01-Aug-2026 00:35:56,-172.169509185777,-44.0625222392607,0,27,27,27,7,-44.0625222392607
01-Aug-2026 00:35:58,-171.776859846165,-43.6698728996496,0,27,27,27,9,-43.6698728996496
01-Aug-2026 00:36:00,-172.559974159752,-44.4529872132366,0,27,27,27,9,-44.4529872132366
01-Aug-2026 00:36:02,-173.27265795563,-45.1656710091139,0,27,27,27,8,-45.1656710091139
01-Aug-2026 00:36:04,-174.238740396156,-46.1317534496397,0,27,27,27,6,-46.1317534496397
01-Aug-2026 00:36:06,-173.914565947173,-45.8075790006574,0,26,26,26,5,-45.8075790006574
01-Aug-2026 00:36:08,-173.429327991207,-45.3223410446914,0,25,25,25,5,-45.3223410446914
01-Aug-2026 00:36:10,-185.848008956833,-57.7410220103176,0,25,25,25,4,-57.7410220103176
01-Aug-2026 00:36:12,-185.491582700289,-57.3845957537733,0,26,26,26,4,-57.3845957537733
01-Aug-2026 00:36:14,-185.099848267962,-56.9928613214462,0,26,26,26,5,-56.9928613214462
01-Aug-2026 00:36:16,-185.373248736874,-57.2662617903586,0,26,26,26,5,-57.2662617903586
01-Aug-2026 00:36:18,-185.385101012761,-57.278114066245,0,26,26,26,5,-57.278114066245
01-Aug-2026 00:36:20,-185.332043941475,-57.2250569949594,0,26,26,26,5,-57.2250569949594
01-Aug-2026 00:36:22,-185.408751861214,-57.3017649146984,0,26,26,26,5,-57.3017649146984
01-Aug-2026 00:36:24,-185.017395085053,-56.9104081385367,0,27,27,27,7,-56.9104081385367
01-Aug-2026 00:36:26,-171.500602068303,-43.3936151217875,0,27,27,27,6,-43.3936151217875
01-Aug-2026 00:36:28,-171.829051530784,-43.7220645842684,0,26,26,26,8,-43.7220645842684
01-Aug-2026 00:36:30,-183.412444195698,-55.3054572491817,0,26,26,26,8,-55.3054572491817
01-Aug-2026 00:36:32,-183.736040283074,-55.6290533365582,0,26,26,26,7,-55.6290533365582
01-Aug-2026 00:36:34,-183.770618029756,-55.6636310832404,0,26,26,26,7,-55.6636310832404
01-Aug-2026 00:36:36,-183.653911269553,-55.5469243230374,0,26,26,26,7,-55.5469243230374
01-Aug-2026 00:36:38,-183.287245786251,-55.1802588397348,0,26,26,26,7,-55.1802588397348
01-Aug-2026 00:36:40,-183.072325603086,-54.9653386565701,0,26,26,26,7,-54.9653386565701
01-Aug-2026 00:36:42,-183.954457947423,-55.8474710009073,0,26,26,26,6,-55.8474710009073
01-Aug-2026 00:36:44,-185.135351468573,-57.0283645220574,0,26,26,26,5,-57.0283645220574
01-Aug-2026 00:36:46,-184.854658494406,-56.7476715478903,0,26,26,26,5,-56.7476715478903
01-Aug-2026 00:36:48,-185.125761313066,-57.0187743665499,0,26,26,26,5,-57.0187743665499
01-Aug-2026 00:36:50,-184.546064346328,-56.439077399812,0,26,26,26,5,-56.439077399812
01-Aug-2026 00:36:52,-183.285499956821,-55.1785130103052,0,26,26,26,7,-55.1785130103052
01-Aug-2026 00:36:54,-183.55318059219,-55.4461936456746,0,25,25,25,6,-55.4461936456746
01-Aug-2026 00:36:56,-183.213108974854,-55.1061220283381,0,25,25,25,6,-55.1061220283381
01-Aug-2026 00:36:58,-183.401634728227,-55.2946477817108,0,25,25,25,5,-55.2946477817108
01-Aug-2026 00:37:00,-183.2156569553,-55.1086700087845,0,25,25,25,4,-55.1086700087845
01-Aug-2026 00:37:02,-182.726084321977,-54.6190973754608,0,25,25,25,5,-54.6190973754608
01-Aug-2026 00:37:04,-187.465132175295,-59.3581452287791,0,26,26,26,4,-59.3581452287791
01-Aug-2026 00:37:06,-186.642177756544,-58.5351908100283,0,26,26,26,5,-58.5351908100283
01-Aug-2026 00:37:08,-161.757604954714,-33.6506180081978,0,26,26,26,6,-33.6506180081978
01-Aug-2026 00:37:10,-162.437575340264,-34.3305883937485,0,26,26,26,8,-34.3305883937485
01-Aug-2026 00:37:12,-178.183154327492,-50.0761673809766,0,26,26,26,8,-50.0761673809766
01-Aug-2026 00:37:14,-186.498383183435,-58.3913962369187,0,26,26,26,7,-58.3913962369187
01-Aug-2026 00:37:16,-186.465964997548,-58.3589780510316,0,26,26,26,6,-58.3589780510316
01-Aug-2026 00:37:18,-186.494409333291,-58.3874223867755,0,26,26,26,5,-58.3874223867755
01-Aug-2026 00:37:20,-186.789746103574,-58.6827591570579,0,26,26,26,5,-58.6827591570579
01-Aug-2026 00:37:22,-186.957491196551,-58.850504250035,0,26,26,26,5,-58.850504250035
01-Aug-2026 00:37:24,-161.560226442692,-33.4532394961764,0,27,27,27,6,-33.4532394961764
01-Aug-2026 00:37:26,-160.678782094536,-32.5717951480196,0,27,27,27,6,-32.5717951480196
01-Aug-2026 00:37:28,-159.573304811168,-31.4663178646525,0,27,27,27,6,-31.4663178646525
01-Aug-2026 00:37:30,-157.668699485688,-29.5617125391718,0,27,27,27,7,-29.5617125391718
01-Aug-2026 00:37:32,-156.703886028228,-28.5968990817118,0,27,27,27,6,-28.5968990817118
01-Aug-2026 00:37:34,-154.486693419123,-26.379706472607,0,28,28,28,6,-26.379706472607
01-Aug-2026 00:37:36,-152.306515455357,-24.1995285088413,0,28,28,28,7,-24.1995285088413
01-Aug-2026 00:37:38,-150.837045051962,-22.7300581054458,0,29,29,29,8,-22.7300581054458
01-Aug-2026 00:37:40,-148.272731959381,-20.1657450128653,0,29,29,29,8,-20.1657450128653
01-Aug-2026 00:37:42,-147.043263243818,-18.9362762973018,0,29,29,29,8,-18.9362762973018
01-Aug-2026 00:37:44,-146.44524323147,-18.338256284954,0,28,28,28,7,-18.338256284954
01-Aug-2026 00:37:46,-146.938189361756,-18.8312024152404,0,28,28,28,7,-18.8312024152404
01-Aug-2026 00:37:48,-148.768693253354,-20.661706306838,0,29,29,29,7,-20.661706306838
01-Aug-2026 00:37:50,-150.436288333887,-22.3293013873712,0,29,29,29,8,-22.3293013873712
01-Aug-2026 00:37:52,-151.836234961639,-23.7292480151231,0,29,29,29,7,-23.7292480151231
01-Aug-2026 00:37:54,-154.35094842016,-26.2439614736441,0,29,29,29,5,-26.2439614736441
01-Aug-2026 00:37:56,-155.961418066601,-27.8544311200854,0,29,29,29,6,-27.8544311200854
01-Aug-2026 00:37:58,-157.294440786775,-29.1874538402587,0,30,30,30,6,-29.1874538402587
01-Aug-2026 00:38:00,-186.713207495703,-58.6062205491868,0,30,30,30,5,-58.6062205491868
01-Aug-2026 00:38:02,-186.953073559894,-58.8460866133783,0,29,29,29,5,-58.8460866133783
01-Aug-2026 00:38:04,-187.473920144513,-59.366933197997,0,29,29,29,4,-59.366933197997
01-Aug-2026 00:38:06,-187.619880546646,-59.5128936001303,0,29,29,29,4,-59.5128936001303
01-Aug-2026 00:38:08,-187.717930835887,-59.610943889371,0,28,28,28,3,-59.610943889371
01-Aug-2026 00:38:10,-179.996327187792,-51.8893402412763,0,29,29,29,2,-51.8893402412763
01-Aug-2026 00:38:12,-179.881245607964,-51.7742586614481,0,29,29,29,2,-51.7742586614481
01-Aug-2026 00:38:14,-156.268572114175,-28.1615851676593,0,29,29,29,2,-28.1615851676593
01-Aug-2026 00:38:16,-154.220281766216,-26.1132948197004,0,29,29,29,2,-26.1132948197004
01-Aug-2026 00:38:18,-152.940781676522,-24.8337947300057,0,29,29,29,3,-24.8337947300057
01-Aug-2026 00:38:20,-151.526870230387,-23.4198832838711,0,29,29,29,3,-23.4198832838711
01-Aug-2026 00:38:22,-179.914462250388,-51.8074753038719,0,29,29,29,3,-51.8074753038719
01-Aug-2026 00:38:24,-179.983635385448,-51.8766484389317,0,28,28,28,3,-51.8766484389317
01-Aug-2026 00:38:26,-180.047948924916,-51.9409619784004,0,28,28,28,4,-51.9409619784004
01-Aug-2026 00:38:28,-191.087452345478,-62.9804653989625,0,28,28,28,5,-62.9804653989625
01-Aug-2026 00:38:30,-185.392570226829,-57.2855832803128,0,27,27,27,7,-57.2855832803128
01-Aug-2026 00:38:32,-185.389720546094,-57.2827335995785,0,26,26,26,7,-57.2827335995785
01-Aug-2026 00:38:34,-185.737749865253,-57.6307629187374,0,26,26,26,6,-57.6307629187374
01-Aug-2026 00:38:36,-174.362628533584,-46.255641587068,0,26,26,26,6,-46.255641587068
01-Aug-2026 00:38:38,-173.993452538734,-45.8864655922179,0,26,26,26,5,-45.8864655922179
01-Aug-2026 00:38:40,-173.96787313669,-45.8608861901743,0,25,25,25,4,-45.8608861901743
01-Aug-2026 00:38:42,-174.368185179264,-46.261198232748,0,25,25,25,4,-46.261198232748
01-Aug-2026 00:38:44,-175.236935698655,-47.1299487521395,0,25,25,25,3,-47.1299487521395
01-Aug-2026 00:38:46,-175.989931290983,-47.8829443444674,0,25,25,25,4,-47.8829443444674
01-Aug-2026 00:38:48,-158.309323151508,-30.2023362049922,0,25,25,25,5,-30.2023362049922
01-Aug-2026 00:38:50,-159.057031172087,-30.9500442255713,0,25,25,25,4,-30.9500442255713
01-Aug-2026 00:38:52,-159.14362658597,-31.0366396394537,0,25,25,25,5,-31.0366396394537
01-Aug-2026 00:38:54,-159.087936936314,-30.980949989798,0,25,25,25,5,-30.980949989798
01-Aug-2026 00:38:56,-159.237351620123,-31.1303646736067,0,25,25,25,5,-31.1303646736067
01-Aug-2026 00:38:58,-159.796783458703,-31.6897965121873,0,25,25,25,4,-31.6897965121873
01-Aug-2026 00:39:00,-156.649403731481,-28.5424167849646,0,25,25,25,5,-28.5424167849646
01-Aug-2026 00:39:02,-157.492245817797,-29.3852588712809,0,25,25,25,5,-29.3852588712809
01-Aug-2026 00:39:04,-157.641165410671,-29.5341784641554,0,25,25,25,5,-29.5341784641554
01-Aug-2026 00:39:06,-158.087267486059,-29.9802805395432,0,25,25,25,5,-29.9802805395432
01-Aug-2026 00:39:08,-158.566042934178,-30.4590559876618,0,25,25,25,5,-30.4590559876618
01-Aug-2026 00:39:10,-159.572647491878,-31.4656605453625,0,25,25,25,7,-31.4656605453625
01-Aug-2026 00:39:12,-160.213971760171,-32.1069848136552,0,25,25,25,8,-32.1069848136552
01-Aug-2026 00:39:14,-160.548454311354,-32.4414673648382,0,25,25,25,8,-32.4414673648382
01-Aug-2026 00:39:16,-161.274285542312,-33.1672985957966,0,25,25,25,10,-33.1672985957966
01-Aug-2026 00:39:18,-161.546862278668,-33.4398753321522,0,25,25,25,11,-33.4398753321522
01-Aug-2026 00:39:20,-161.813643592165,-33.7066566456487,0,25,25,25,11,-33.7066566456487
01-Aug-2026 00:39:22,-172.15757512735,-44.0505881808344,0,25,25,25,11,-44.0505881808344
01-Aug-2026 00:39:24,-172.333297247392,-44.2263103008765,0,24,24,24,10,-44.2263103008765
01-Aug-2026 00:39:26,-172.782486889937,-44.6754999434214,0,24,24,24,10,-44.6754999434214
01-Aug-2026 00:39:28,-180.666066195883,-52.5590792493675,0,24,24,24,9,-52.5590792493675
01-Aug-2026 00:39:30,-182.988248508166,-54.8812615616498,0,24,24,24,7,-54.8812615616498
01-Aug-2026 00:39:32,-182.192301810431,-54.085314863915,0,24,24,24,8,-54.085314863915
01-Aug-2026 00:39:34,-183.312247533396,-55.2052605868805,0,24,24,24,6,-55.2052605868805
01-Aug-2026 00:39:36,-186.434674134593,-58.3276871880767,0,24,24,24,5,-58.3276871880767
01-Aug-2026 00:39:38,-186.448429256477,-58.3414423099614,0,25,25,25,6,-58.3414423099614
01-Aug-2026 00:39:40,-184.266349976483,-56.1593630299669,0,25,25,25,6,-56.1593630299669
01-Aug-2026 00:39:42,-184.265054694731,-56.1580677482149,0,25,25,25,6,-56.1580677482149
01-Aug-2026 00:39:44,-184.344517104053,-56.2375301575369,0,27,27,27,6,-56.2375301575369
01-Aug-2026 00:39:46,-184.21737735672,-56.1103904102044,0,27,27,27,6,-56.1103904102044
01-Aug-2026 00:39:48,-184.303914051826,-56.1969271053099,0,27,27,27,6,-56.1969271053099
01-Aug-2026 00:39:50,-183.985153766851,-55.878166820335,0,27,27,27,6,-55.878166820335
01-Aug-2026 00:39:52,-184.528697583302,-56.4217106367861,0,27,27,27,6,-56.4217106367861
01-Aug-2026 00:39:54,-184.604444484517,-56.4974575380015,0,27,27,27,6,-56.4974575380015
01-Aug-2026 00:39:56,-185.259863709082,-57.1528767625664,0,26,26,26,5,-57.1528767625664
01-Aug-2026 00:39:58,-185.024555171352,-56.9175682248365,0,25,25,25,4,-56.9175682248365
01-Aug-2026 00:40:00,-185.194626704509,-57.0876397579929,0,25,25,25,4,-57.0876397579929
01-Aug-2026 00:40:02,-184.908677795233,-56.8016908487173,0,25,25,25,4,-56.8016908487173
01-Aug-2026 00:40:04,-184.533982605064,-56.4269956585483,0,26,26,26,4,-56.4269956585483
01-Aug-2026 00:40:06,-183.998121450422,-55.891134503906,0,26,26,26,6,-55.891134503906
01-Aug-2026 00:40:08,-183.785531351487,-55.6785444049708,0,26,26,26,6,-55.6785444049708
01-Aug-2026 00:40:10,-185.658122707148,-57.5511357606317,0,27,27,27,5,-57.5511357606317
01-Aug-2026 00:40:12,-184.492478373441,-56.3854914269253,0,27,27,27,5,-56.3854914269253
01-Aug-2026 00:40:14,-184.311389018653,-56.2044020721372,0,27,27,27,6,-56.2044020721372
01-Aug-2026 00:40:16,-184.210347215633,-56.1033602691175,0,27,27,27,7,-56.1033602691175
01-Aug-2026 00:40:18,-184.450022127138,-56.3430351806225,0,27,27,27,7,-56.3430351806225
01-Aug-2026 00:40:20,-184.774304825246,-56.6673178787298,0,26,26,26,7,-56.6673178787298
01-Aug-2026 00:40:22,-184.411173155343,-56.3041862088275,0,26,26,26,7,-56.3041862088275
01-Aug-2026 00:40:24,-184.787796165205,-56.6808092186891,0,26,26,26,6,-56.6808092186891
01-Aug-2026 00:40:26,-184.847863104821,-56.740876158305,0,26,26,26,6,-56.740876158305
01-Aug-2026 00:40:28,-185.119276738834,-57.0122897923183,0,26,26,26,6,-57.0122897923183
01-Aug-2026 00:40:30,-185.43370337615,-57.3267164296339,0,26,26,26,6,-57.3267164296339
01-Aug-2026 00:40:32,-184.757170742731,-56.6501837962152,0,26,26,26,7,-56.6501837962152
01-Aug-2026 00:40:34,-170.730642310684,-42.6236553641683,0,26,26,26,7,-42.6236553641683
01-Aug-2026 00:40:36,-170.081657666204,-41.9746707196884,0,26,26,26,6,-41.9746707196884
01-Aug-2026 00:40:38,-169.669399022282,-41.5624120757665,0,26,26,26,6,-41.5624120757665
01-Aug-2026 00:40:40,-168.646765579538,-40.5397786330218,0,26,26,26,6,-40.5397786330218
01-Aug-2026 00:40:42,-168.018215554157,-39.911228607641,0,26,26,26,7,-39.911228607641
01-Aug-2026 00:40:44,-187.428864607752,-59.3218776612359,0,26,26,26,5,-59.3218776612359
01-Aug-2026 00:40:46,-175.496652357702,-47.3896654111861,0,26,26,26,5,-47.3896654111861
01-Aug-2026 00:40:48,-174.928318811377,-46.8213318648612,0,27,27,27,5,-46.8213318648612
01-Aug-2026 00:40:50,-174.894392008922,-46.7874050624063,0,27,27,27,6,-46.7874050624063
01-Aug-2026 00:40:52,-174.447822936599,-46.3408359900829,0,26,26,26,6,-46.3408359900829
01-Aug-2026 00:40:54,-174.124606719198,-46.0176197726817,0,26,26,26,6,-46.0176197726817
01-Aug-2026 00:40:56,-174.221147336411,-46.1141603898951,0,26,26,26,6,-46.1141603898951
01-Aug-2026 00:40:58,-173.666233327268,-45.559246380752,0,26,26,26,6,-45.559246380752
01-Aug-2026 00:41:00,-173.087583609667,-44.9805966631515,0,26,26,26,6,-44.9805966631515
01-Aug-2026 00:41:02,-173.591705328499,-45.484718381983,0,26,26,26,6,-45.484718381983
01-Aug-2026 00:41:04,-172.931306932225,-44.8243199857095,0,26,26,26,8,-44.8243199857095
01-Aug-2026 00:41:06,-172.972556662347,-44.8655697158306,0,26,26,26,8,-44.8655697158306
01-Aug-2026 00:41:08,-172.508840209177,-44.4018532626615,0,26,26,26,8,-44.4018532626615
01-Aug-2026 00:41:10,-172.155530513041,-44.0485435665247,0,26,26,26,8,-44.0485435665247
01-Aug-2026 00:41:12,-172.031830343897,-43.9248433973816,0,26,26,26,8,-43.9248433973816
01-Aug-2026 00:41:14,-171.810442190769,-43.7034552442534,0,26,26,26,8,-43.7034552442534
01-Aug-2026 00:41:16,-171.687012089068,-43.580025142552,0,26,26,26,8,-43.580025142552
01-Aug-2026 00:41:18,-171.567622293847,-43.4606353473308,0,27,27,27,7,-43.4606353473308
01-Aug-2026 00:41:20,-183.346366330193,-55.2393793836774,0,27,27,27,7,-55.2393793836774
01-Aug-2026 00:41:22,-183.398408033791,-55.2914210872755,0,26,26,26,6,-55.2914210872755
01-Aug-2026 00:41:24,-182.601391177652,-54.4944042311366,0,26,26,26,8,-54.4944042311366
01-Aug-2026 00:41:26,-182.26917905399,-54.1621921074745,0,27,27,27,9,-54.1621921074745
01-Aug-2026 00:41:28,-182.87568023359,-54.7686932870746,0,28,28,28,9,-54.7686932870746
01-Aug-2026 00:41:30,-182.671966118905,-54.5649791723893,0,28,28,28,8,-54.5649791723893
01-Aug-2026 00:41:32,-182.944510375693,-54.8375234291769,0,28,28,28,9,-54.8375234291769
01-Aug-2026 00:41:34,-182.998298668037,-54.8913117215216,0,28,28,28,8,-54.8913117215216
01-Aug-2026 00:41:36,-183.086337423091,-54.9793504765753,0,28,28,28,8,-54.9793504765753
01-Aug-2026 00:41:38,-183.236005057992,-55.1290181114764,0,28,28,28,8,-55.1290181114764
01-Aug-2026 00:41:40,-183.231144134511,-55.1241571879952,0,30,30,30,8,-55.1241571879952
01-Aug-2026 00:41:42,-183.222347782332,-55.1153608358161,0,30,30,30,9,-55.1153608358161
01-Aug-2026 00:41:44,-183.273738248936,-55.1667513024198,0,30,30,30,9,-55.1667513024198
01-Aug-2026 00:41:46,-183.189846459717,-55.0828595132015,0,30,30,30,9,-55.0828595132015
01-Aug-2026 00:41:48,-183.018638769803,-54.9116518232873,0,30,30,30,9,-54.9116518232873
01-Aug-2026 00:41:50,-182.857777316111,-54.7507903695954,0,30,30,30,10,-54.7507903695954
01-Aug-2026 00:41:52,-183.762093289836,-55.6551063433199,0,29,29,29,9,-55.6551063433199
01-Aug-2026 00:41:54,-185.014917026706,-56.9079300801902,0,29,29,29,7,-56.9079300801902
01-Aug-2026 00:41:56,-156.794806920805,-28.6878199742893,0,29,29,29,8,-28.6878199742893
01-Aug-2026 00:41:58,-156.869305604329,-28.7623186578127,0,29,29,29,8,-28.7623186578127
01-Aug-2026 00:42:00,-155.650498176343,-27.5435112298267,0,29,29,29,8,-27.5435112298267
01-Aug-2026 00:42:02,-154.269972310775,-26.1629853642586,0,29,29,29,7,-26.1629853642586
01-Aug-2026 00:42:04,-152.752188028119,-24.6452010816033,0,29,29,29,6,-24.6452010816033
01-Aug-2026 00:42:06,-151.142986317153,-23.0359993706369,0,29,29,29,4,-23.0359993706369
01-Aug-2026 00:42:08,-150.682450092092,-22.5754631455762,0,29,29,29,5,-22.5754631455762
01-Aug-2026 00:42:10,-166.743457608686,-38.6364706621702,0,29,29,29,6,-38.6364706621702
01-Aug-2026 00:42:12,-166.380043766062,-38.2730568195457,0,29,29,29,6,-38.2730568195457
01-Aug-2026 00:42:14,-167.20432122936,-39.0973342828445,0,27,27,27,4,-39.0973342828445
01-Aug-2026 00:42:16,-167.803560033742,-39.6965730872262,0,27,27,27,6,-39.6965730872262
01-Aug-2026 00:42:18,-167.781645401885,-39.6746584553687,0,26,26,26,7,-39.6746584553687
01-Aug-2026 00:42:20,-167.045580685464,-38.9385937389479,0,26,26,26,7,-38.9385937389479
01-Aug-2026 00:42:22,-167.285774395366,-39.1787874488498,0,26,26,26,7,-39.1787874488498
01-Aug-2026 00:42:24,-168.110519063321,-40.0035321168054,0,26,26,26,6,-40.0035321168054
01-Aug-2026 00:42:26,-168.934190487827,-40.827203541311,0,26,26,26,6,-40.827203541311
01-Aug-2026 00:42:28,-169.490220100558,-41.383233154042,0,26,26,26,6,-41.383233154042
01-Aug-2026 00:42:30,-169.836965949146,-41.7299790026302,0,26,26,26,6,-41.7299790026302
01-Aug-2026 00:42:32,-169.49546447328,-41.3884775267639,0,26,26,26,6,-41.3884775267639
01-Aug-2026 00:42:34,-169.932118972729,-41.825132026213,0,25,25,25,5,-41.825132026213
01-Aug-2026 00:42:36,-170.020459429932,-41.9134724834165,0,25,25,25,5,-41.9134724834165
01-Aug-2026 00:42:38,-170.47005279666,-42.363065850144,0,25,25,25,5,-42.363065850144
01-Aug-2026 00:42:40,-170.558043447774,-42.4510565012577,0,25,25,25,5,-42.4510565012577
01-Aug-2026 00:42:42,-171.09081095633,-42.9838240098137,0,25,25,25,5,-42.9838240098137
01-Aug-2026 00:42:44,-171.208430839962,-43.1014438934464,0,25,25,25,5,-43.1014438934464
01-Aug-2026 00:42:46,-171.062981906594,-42.9559949600784,0,25,25,25,5,-42.9559949600784
01-Aug-2026 00:42:48,-170.348578370507,-42.2415914239913,0,25,25,25,6,-42.2415914239913
01-Aug-2026 00:42:50,-170.034374602697,-41.9273876561808,0,25,25,25,6,-41.9273876561808
01-Aug-2026 00:42:52,-171.183365950666,-43.0763790041504,0,25,25,25,7,-43.0763790041504
01-Aug-2026 00:42:54,-171.501554887029,-43.3945679405132,0,25,25,25,8,-43.3945679405132
01-Aug-2026 00:42:56,-161.992812070715,-33.8858251241996,0,25,25,25,10,-33.8858251241996
01-Aug-2026 00:42:58,-162.247588047675,-34.1406011011589,0,25,25,25,10,-34.1406011011589
01-Aug-2026 00:43:00,-161.909809090034,-33.802822143518,0,25,25,25,10,-33.802822143518
01-Aug-2026 00:43:02,-161.731213884219,-33.6242269377031,0,25,25,25,10,-33.6242269377031
01-Aug-2026 00:43:04,-161.406865587857,-33.2998786413413,0,25,25,25,10,-33.2998786413413
01-Aug-2026 00:43:06,-161.403050896455,-33.2960639499392,0,25,25,25,9,-33.2960639499392
01-Aug-2026 00:43:08,-161.331177242659,-33.2241902961427,0,25,25,25,9,-33.2241902961427
01-Aug-2026 00:43:10,-172.133033897653,-44.0260469511376,0,25,25,25,7,-44.0260469511376
01-Aug-2026 00:43:12,-172.301595641064,-44.1946086945482,0,24,24,24,4,-44.1946086945482
01-Aug-2026 00:43:14,-172.265418904851,-44.1584319583353,0,24,24,24,4,-44.1584319583353
01-Aug-2026 00:43:16,-172.487809980562,-44.3808230340461,0,24,24,24,4,-44.3808230340461
01-Aug-2026 00:43:18,-175.359743742107,-47.2527567955914,0,24,24,24,3,-47.2527567955914
01-Aug-2026 00:43:20,-175.273566961786,-47.1665800152704,0,24,24,24,3,-47.1665800152704
01-Aug-2026 00:43:22,-175.001811186239,-46.8948242397234,0,24,24,24,4,-46.8948242397234
01-Aug-2026 00:43:24,-175.092488756201,-46.9855018096849,0,24,24,24,3,-46.9855018096849
01-Aug-2026 00:43:26,-175.828205286913,-47.7212183403969,0,24,24,24,3,-47.7212183403969
01-Aug-2026 00:43:28,-176.03094756344,-47.9239606169246,0,24,24,24,3,-47.9239606169246
01-Aug-2026 00:43:30,-176.594135242908,-48.4871482963923,0,24,24,24,3,-48.4871482963923
01-Aug-2026 00:43:32,-177.096673586693,-48.9896866401767,0,25,25,25,3,-48.9896866401767
01-Aug-2026 00:43:34,-177.580637365211,-49.4736504186954,0,25,25,25,3,-49.4736504186954
01-Aug-2026 00:43:36,-177.645959763989,-49.5389728174728,0,26,26,26,3,-49.5389728174728
01-Aug-2026 00:43:38,-177.750375381204,-49.6433884346881,0,26,26,26,2,-49.6433884346881
01-Aug-2026 00:43:40,-192.522503125518,-64.4155161790021,0,27,27,27,2,-64.4155161790021
01-Aug-2026 00:43:42,-192.775598369557,-64.668611423041,0,27,27,27,2,-64.668611423041
01-Aug-2026 00:43:44,-192.316021782745,-64.2090348362294,0,26,26,26,3,-64.2090348362294
01-Aug-2026 00:43:46,-191.20367367479,-63.0966867282746,0,26,26,26,4,-63.0966867282746
01-Aug-2026 00:43:48,-185.981961803765,-57.8749748572489,0,26,26,26,5,-57.8749748572489
01-Aug-2026 00:43:50,-186.323058399246,-58.2160714527298,0,25,25,25,4,-58.2160714527298
01-Aug-2026 00:43:52,-187.405618774731,-59.2986318282147,0,25,25,25,3,-59.2986318282147
01-Aug-2026 00:43:54,-187.6817021062,-59.574715159684,0,26,26,26,3,-59.574715159684
01-Aug-2026 00:43:56,-187.459688194107,-59.3527012475913,0,26,26,26,3,-59.3527012475913
01-Aug-2026 00:43:58,-186.919790841415,-58.8128038948992,0,27,27,27,4,-58.8128038948992
01-Aug-2026 00:44:00,-187.88204567574,-59.7750587292236,0,27,27,27,3,-59.7750587292236
01-Aug-2026 00:44:02,-195.227349871452,-67.1203629249363,0,27,27,27,3,-67.1203629249363
01-Aug-2026 00:44:04,-195.603621902774,-67.496634956258,0,27,27,27,2,-67.496634956258
01-Aug-2026 00:44:06,-195.968950999191,-67.8619640526753,0,27,27,27,2,-67.8619640526753
01-Aug-2026 00:44:08,-196.605993885322,-68.4990069388063,0,27,27,27,2,-68.4990069388063
01-Aug-2026 00:44:10,-202.785616453508,-74.6786295069921,0,27,27,27,1,-74.6786295069921
01-Aug-2026 00:44:12,-203.43301171514,-75.3260247686244,0,26,26,26,1,-75.3260247686244
01-Aug-2026 00:44:14,-202.952620778603,-74.8456338320869,0,26,26,26,1,-74.8456338320869
01-Aug-2026 00:44:16,-203.666411391519,-75.5594244450027,0,26,26,26,1,-75.5594244450027
01-Aug-2026 00:44:18,-203.550240800683,-75.443253854167,0,26,26,26,1,-75.443253854167
01-Aug-2026 00:44:20,-3076.52655568589,-2948.41956873937,0,26,26,26,0,-2948.41956873937
01-Aug-2026 00:44:22,-3076.52655568589,-2948.41956873937,0,26,26,26,0,-2948.41956873937
01-Aug-2026 00:44:24,-198.55087847434,-70.4438915278244,0,26,26,26,1,-70.4438915278244
01-Aug-2026 00:44:26,-198.884824333818,-70.7778373873022,0,26,26,26,1,-70.7778373873022
01-Aug-2026 00:44:28,-198.102322955005,-69.9953360084893,0,26,26,26,1,-69.9953360084893
01-Aug-2026 00:44:30,-197.922184648862,-69.8151977023466,0,26,26,26,1,-69.8151977023466
01-Aug-2026 00:44:32,-194.238540981425,-66.1315540349088,0,27,27,27,2,-66.1315540349088
01-Aug-2026 00:44:34,-194.520783660085,-66.4137967135689,0,27,27,27,2,-66.4137967135689
01-Aug-2026 00:44:36,-194.028850829953,-65.9218638834374,0,27,27,27,3,-65.9218638834374
01-Aug-2026 00:44:38,-177.853637774069,-49.7466508275528,0,27,27,27,4,-49.7466508275528
01-Aug-2026 00:44:40,-177.613867821077,-49.5068808745615,0,27,27,27,4,-49.5068808745615
01-Aug-2026 00:44:42,-178.177653793297,-50.0706668467812,0,27,27,27,4,-50.0706668467812
01-Aug-2026 00:44:44,-178.559939697517,-50.4529527510015,0,27,27,27,4,-50.4529527510015
01-Aug-2026 00:44:46,-179.019171709161,-50.9121847626448,0,27,27,27,3,-50.9121847626448
01-Aug-2026 00:44:48,-179.295903687159,-51.1889167406435,0,27,27,27,4,-51.1889167406435
01-Aug-2026 00:44:50,-179.299515723943,-51.1925287774272,0,26,26,26,4,-51.1925287774272
01-Aug-2026 00:44:52,-179.355917612288,-51.2489306657721,0,26,26,26,3,-51.2489306657721
01-Aug-2026 00:44:54,-179.446046397083,-51.3390594505669,0,26,26,26,3,-51.3390594505669
01-Aug-2026 00:44:56,-179.290580316155,-51.1835933696395,0,26,26,26,2,-51.1835933696395
01-Aug-2026 00:44:58,-162.603712597512,-34.4967256509958,0,25,25,25,4,-34.4967256509958
01-Aug-2026 00:45:00,-165.886331209829,-37.7793442633129,0,25,25,25,4,-37.7793442633129
01-Aug-2026 00:45:02,-169.339263787474,-41.2322768409579,0,25,25,25,3,-41.2322768409579
01-Aug-2026 00:45:04,-172.731606454616,-44.6246195080997,0,25,25,25,3,-44.6246195080997
01-Aug-2026 00:45:06,-173.693452269502,-45.5864653229863,0,25,25,25,3,-45.5864653229863
01-Aug-2026 00:45:08,-174.502720804413,-46.3957338578971,0,25,25,25,3,-46.3957338578971
01-Aug-2026 00:45:10,-175.046914380097,-46.9399274335809,0,26,26,26,4,-46.9399274335809
01-Aug-2026 00:45:12,-172.19360170687,-44.0866147603545,0,26,26,26,6,-44.0866147603545
01-Aug-2026 00:45:14,-173.035367055641,-44.9283801091256,0,26,26,26,5,-44.9283801091256
01-Aug-2026 00:45:16,-179.711994910165,-51.6050079636495,0,26,26,26,4,-51.6050079636495
01-Aug-2026 00:45:18,-179.892066455995,-51.7850795094791,0,28,28,28,4,-51.7850795094791
01-Aug-2026 00:45:20,-180.928549484407,-52.8215625378912,0,29,29,29,4,-52.8215625378912
01-Aug-2026 00:45:22,-181.644452149869,-53.5374652033528,0,29,29,29,4,-53.5374652033528
01-Aug-2026 00:45:24,-182.410519978905,-54.3035330323894,0,29,29,29,4,-54.3035330323894
01-Aug-2026 00:45:26,-183.036205162275,-54.9292182157587,0,29,29,29,5,-54.9292182157587
01-Aug-2026 00:45:28,-182.412293588464,-54.3053066419479,0,29,29,29,5,-54.3053066419479
01-Aug-2026 00:45:30,-182.646789165628,-54.5398022191124,0,29,29,29,3,-54.5398022191124
01-Aug-2026 00:45:32,-182.616260708405,-54.5092737618892,0,30,30,30,3,-54.5092737618892
01-Aug-2026 00:45:34,-183.856136377884,-55.7491494313685,0,30,30,30,2,-55.7491494313685
01-Aug-2026 00:45:36,-184.088899659204,-55.9819127126884,0,30,30,30,2,-55.9819127126884
01-Aug-2026 00:45:38,-184.811554550335,-56.7045676038192,0,30,30,30,2,-56.7045676038192
01-Aug-2026 00:45:40,-184.809115500334,-56.7021285538182,0,30,30,30,2,-56.7021285538182
01-Aug-2026 00:45:42,-185.333206722348,-57.2262197758318,0,30,30,30,2,-57.2262197758318
01-Aug-2026 00:45:44,-185.276725254393,-57.1697383078767,0,29,29,29,2,-57.1697383078767
01-Aug-2026 00:45:46,-185.664198787419,-57.5572118409034,0,29,29,29,2,-57.5572118409034
01-Aug-2026 00:45:48,-185.867253208329,-57.7602662618131,0,29,29,29,2,-57.7602662618131
01-Aug-2026 00:45:50,-196.115801809408,-68.0088148628919,0,28,28,28,1,-68.0088148628919
01-Aug-2026 00:45:52,-185.23491475449,-57.1279278079746,0,29,29,29,2,-57.1279278079746
01-Aug-2026 00:45:54,-185.498959542858,-57.3919725963426,0,28,28,28,2,-57.3919725963426
01-Aug-2026 00:45:56,-186.587660427841,-58.4806734813255,0,28,28,28,2,-58.4806734813255
01-Aug-2026 00:45:58,-184.772487004644,-56.6655000581277,0,28,28,28,3,-56.6655000581277
01-Aug-2026 00:46:00,-185.537220109578,-57.4302331630617,0,28,28,28,2,-57.4302331630617
01-Aug-2026 00:46:02,-185.485460579768,-57.3784736332517,0,28,28,28,3,-57.3784736332517
01-Aug-2026 00:46:04,-185.631236065914,-57.5242491193979,0,27,27,27,3,-57.5242491193979
01-Aug-2026 00:46:06,-185.51006748927,-57.4030805427543,0,27,27,27,3,-57.4030805427543
01-Aug-2026 00:46:08,-185.873998066696,-57.7670111201804,0,26,26,26,3,-57.7670111201804
01-Aug-2026 00:46:10,-185.504670178912,-57.3976832323964,0,26,26,26,3,-57.3976832323964
01-Aug-2026 00:46:12,-195.824642452157,-67.7176555056412,0,26,26,26,1,-67.7176555056412
01-Aug-2026 00:46:14,-180.847438892953,-52.7404519464375,0,26,26,26,2,-52.7404519464375
01-Aug-2026 00:46:16,-181.368394729836,-53.2614077833202,0,26,26,26,3,-53.2614077833202
01-Aug-2026 00:46:18,-181.538863803377,-53.4318768568611,0,26,26,26,3,-53.4318768568611
01-Aug-2026 00:46:20,-191.620270346933,-63.5132834004174,0,26,26,26,2,-63.5132834004174
01-Aug-2026 00:46:22,-177.953457909025,-49.8464709625087,0,26,26,26,3,-49.8464709625087
01-Aug-2026 00:46:24,-178.095107459313,-49.9881205127972,0,26,26,26,3,-49.9881205127972
01-Aug-2026 00:46:26,-176.704819019778,-48.5978320732618,0,26,26,26,3,-48.5978320732618
01-Aug-2026 00:46:28,-176.268964920055,-48.1619779735387,0,25,25,25,4,-48.1619779735387
01-Aug-2026 00:46:30,-177.14097196307,-49.0339850165544,0,25,25,25,4,-49.0339850165544
01-Aug-2026 00:46:32,-176.80367535104,-48.696688404524,0,25,25,25,4,-48.696688404524
01-Aug-2026 00:46:34,-176.965085124556,-48.8580981780399,0,25,25,25,4,-48.8580981780399
01-Aug-2026 00:46:36,-177.465906671269,-49.3589197247535,0,25,25,25,4,-49.3589197247535
01-Aug-2026 00:46:38,-177.445469689344,-49.3384827428281,0,25,25,25,4,-49.3384827428281
01-Aug-2026 00:46:40,-177.080849397672,-48.9738624511564,0,25,25,25,4,-48.9738624511564
01-Aug-2026 00:46:42,-177.549083169152,-49.4420962226359,0,25,25,25,4,-49.4420962226359
01-Aug-2026 00:46:44,-186.532416360124,-58.4254294136084,0,25,25,25,3,-58.4254294136084
01-Aug-2026 00:46:46,-186.36321959088,-58.2562326443641,0,25,25,25,3,-58.2562326443641
01-Aug-2026 00:46:48,-185.590687720818,-57.4837007743022,0,25,25,25,4,-57.4837007743022
01-Aug-2026 00:46:50,-185.620396162009,-57.513409215493,0,25,25,25,4,-57.513409215493
01-Aug-2026 00:46:52,-183.437465976547,-55.3304790300307,0,25,25,25,7,-55.3304790300307
01-Aug-2026 00:46:54,-183.111052044703,-55.0040650981871,0,25,25,25,7,-55.0040650981871
01-Aug-2026 00:46:56,-183.224753198073,-55.1177662515575,0,25,25,25,7,-55.1177662515575
01-Aug-2026 00:46:58,-183.696990276469,-55.5900033299535,0,24,24,24,6,-55.5900033299535
01-Aug-2026 00:47:00,-184.204426955967,-56.0974400094508,0,24,24,24,5,-56.0974400094508
01-Aug-2026 00:47:02,-184.039445874278,-55.9324589277622,0,24,24,24,5,-55.9324589277622
01-Aug-2026 00:47:04,-184.311854619721,-56.2048676732051,0,24,24,24,4,-56.2048676732051
01-Aug-2026 00:47:06,-184.267715892015,-56.1607289454992,0,24,24,24,4,-56.1607289454992
01-Aug-2026 00:47:08,-187.11758234799,-59.0105954014745,0,24,24,24,3,-59.0105954014745
01-Aug-2026 00:47:10,-187.943994333082,-59.8370073865665,0,24,24,24,2,-59.8370073865665
01-Aug-2026 00:47:12,-188.584564923766,-60.47757797725,0,24,24,24,1,-60.47757797725
01-Aug-2026 00:47:14,-3076.52655568589,-2948.41956873937,0,24,24,24,0,-2948.41956873937
01-Aug-2026 00:47:16,-3076.52655568589,-2948.41956873937,0,24,24,24,0,-2948.41956873937
01-Aug-2026 00:47:18,-3076.52655568589,-2948.41956873937,0,25,25,25,0,-2948.41956873937
01-Aug-2026 00:47:20,-3076.52655568589,-2948.41956873937,0,25,25,25,0,-2948.41956873937
01-Aug-2026 00:47:22,-3076.52655568589,-2948.41956873937,0,25,25,25,0,-2948.41956873937
01-Aug-2026 00:47:24,-3076.52655568589,-2948.41956873937,0,25,25,25,0,-2948.41956873937
01-Aug-2026 00:47:26,-3076.52655568589,-2948.41956873937,0,25,25,25,0,-2948.41956873937
01-Aug-2026 00:47:28,-190.77960219599,-62.6726152494738,0,26,26,26,1,-62.6726152494738
01-Aug-2026 00:47:30,-190.753197222608,-62.6462102760923,0,26,26,26,1,-62.6462102760923
01-Aug-2026 00:47:32,-191.059848131774,-62.9528611852581,0,25,25,25,1,-62.9528611852581
01-Aug-2026 00:47:34,-191.830792628309,-63.7238056817932,0,25,25,25,1,-63.7238056817932
01-Aug-2026 00:47:36,-192.043119819791,-63.9361328732755,0,25,25,25,1,-63.9361328732755
01-Aug-2026 00:47:38,-191.974180367956,-63.86719342144,0,25,25,25,1,-63.86719342144
01-Aug-2026 00:47:40,-192.155858006967,-64.0488710604507,0,24,24,24,1,-64.0488710604507
01-Aug-2026 00:47:42,-192.242638746076,-64.1356517995604,0,24,24,24,1,-64.1356517995604
01-Aug-2026 00:47:44,-188.489517632501,-60.3825306859849,0,25,25,25,3,-60.3825306859849
01-Aug-2026 00:47:46,-188.277628041486,-60.17064109497,0,27,27,27,3,-60.17064109497
01-Aug-2026 00:47:48,-188.328794295358,-60.2218073488424,0,27,27,27,3,-60.2218073488424
01-Aug-2026 00:47:50,-188.39291138351,-60.285924436994,0,27,27,27,3,-60.285924436994
01-Aug-2026 00:47:52,-188.362958747991,-60.2559718014749,0,27,27,27,3,-60.2559718014749
01-Aug-2026 00:47:54,-185.236407872501,-57.1294209259852,0,27,27,27,5,-57.1294209259852
01-Aug-2026 00:47:56,-186.196046412759,-58.0890594662433,0,27,27,27,4,-58.0890594662433
01-Aug-2026 00:47:58,-185.674730972297,-57.567744025781,0,27,27,27,5,-57.567744025781
01-Aug-2026 00:48:00,-185.785629018107,-57.6786420715909,0,27,27,27,5,-57.6786420715909
01-Aug-2026 00:48:02,-185.730751379135,-57.6237644326188,0,27,27,27,6,-57.6237644326188
01-Aug-2026 00:48:04,-186.663423664297,-58.5564367177816,0,26,26,26,5,-58.5564367177816
01-Aug-2026 00:48:06,-183.821009441437,-55.7140224949209,0,26,26,26,6,-55.7140224949209
01-Aug-2026 00:48:08,-183.668869010521,-55.5618820640054,0,26,26,26,7,-55.5618820640054
01-Aug-2026 00:48:10,-184.112572856406,-56.0055859098902,0,26,26,26,6,-56.0055859098902
01-Aug-2026 00:48:12,-183.905190051466,-55.7982031049501,0,26,26,26,6,-55.7982031049501
01-Aug-2026 00:48:14,-183.71753649929,-55.6105495527743,0,26,26,26,5,-55.6105495527743
01-Aug-2026 00:48:16,-188.279994757456,-60.1730078109405,0,27,27,27,4,-60.1730078109405
01-Aug-2026 00:48:18,-188.182283997295,-60.0752970507795,0,27,27,27,4,-60.0752970507795
01-Aug-2026 00:48:20,-188.081880293752,-59.974893347236,0,27,27,27,4,-59.974893347236
01-Aug-2026 00:48:22,-185.608797502909,-57.5018105563935,0,27,27,27,5,-57.5018105563935
01-Aug-2026 00:48:24,-185.324215985552,-57.2172290390366,0,27,27,27,5,-57.2172290390366
01-Aug-2026 00:48:26,-185.046911101716,-56.9399241551999,0,27,27,27,6,-56.9399241551999
01-Aug-2026 00:48:28,-185.3234752281,-57.2164882815844,0,27,27,27,5,-57.2164882815844
01-Aug-2026 00:48:30,-185.628553902878,-57.5215669563618,0,27,27,27,5,-57.5215669563618
01-Aug-2026 00:48:32,-185.466197600146,-57.35921065363,0,26,26,26,5,-57.35921065363
01-Aug-2026 00:48:34,-185.933919769361,-57.8269328228451,0,26,26,26,5,-57.8269328228451
01-Aug-2026 00:48:36,-189.101597292714,-60.9946103461982,0,26,26,26,4,-60.9946103461982
01-Aug-2026 00:48:38,-191.086576316224,-62.9795893697085,0,26,26,26,3,-62.9795893697085
01-Aug-2026 00:48:40,-190.838505884765,-62.7315189382492,0,26,26,26,2,-62.7315189382492
01-Aug-2026 00:48:42,-190.669270796526,-62.5622838500104,0,26,26,26,1,-62.5622838500104
01-Aug-2026 00:48:44,-190.752355775442,-62.645368828926,0,26,26,26,1,-62.645368828926
01-Aug-2026 00:48:46,-189.027378549798,-60.9203916032826,0,25,25,25,2,-60.9203916032826
01-Aug-2026 00:48:48,-188.889524291404,-60.7825373448884,0,25,25,25,2,-60.7825373448884
01-Aug-2026 00:48:50,-195.554921181468,-67.4479342349525,0,25,25,25,1,-67.4479342349525
01-Aug-2026 00:48:52,-190.740674313389,-62.6336873668735,0,25,25,25,2,-62.6336873668735
01-Aug-2026 00:48:54,-181.489659214586,-53.3826722680698,0,25,25,25,3,-53.3826722680698
01-Aug-2026 00:48:56,-180.624357258114,-52.517370311598,0,25,25,25,4,-52.517370311598
01-Aug-2026 00:48:58,-180.292295081637,-52.185308135121,0,25,25,25,5,-52.185308135121
01-Aug-2026 00:49:00,-180.466710114653,-52.3597231681371,0,25,25,25,5,-52.3597231681371
01-Aug-2026 00:49:02,-180.374222230069,-52.2672352835534,0,26,26,26,5,-52.2672352835534
01-Aug-2026 00:49:04,-179.610630958446,-51.5036440119303,0,27,27,27,6,-51.5036440119303
01-Aug-2026 00:49:06,-170.924538751729,-42.8175518052129,0,27,27,27,8,-42.8175518052129
01-Aug-2026 00:49:08,-170.967500411309,-42.8605134647928,0,28,28,28,9,-42.8605134647928
01-Aug-2026 00:49:10,-171.680196422238,-43.5732094757217,0,28,28,28,9,-43.5732094757217
01-Aug-2026 00:49:12,-172.392786745449,-44.2857997989333,0,29,29,29,9,-44.2857997989333
01-Aug-2026 00:49:14,-179.117933604232,-51.0109466577159,0,29,29,29,8,-51.0109466577159
01-Aug-2026 00:49:16,-178.981923188504,-50.8749362419881,0,29,29,29,8,-50.8749362419881
01-Aug-2026 00:49:18,-178.858277730786,-50.7512907842703,0,29,29,29,8,-50.7512907842703
01-Aug-2026 00:49:20,-179.195286127611,-51.0882991810954,0,29,29,29,8,-51.0882991810954
01-Aug-2026 00:49:22,-179.211266299965,-51.1042793534491,0,29,29,29,7,-51.1042793534491
01-Aug-2026 00:49:24,-179.909314748904,-51.8023278023884,0,30,30,30,6,-51.8023278023884
01-Aug-2026 00:49:26,-161.686697577863,-33.5797106313466,0,30,30,30,6,-33.5797106313466
01-Aug-2026 00:49:28,-161.326408365138,-33.2194214186225,0,30,30,30,5,-33.2194214186225
01-Aug-2026 00:49:30,-160.78690297779,-32.6799160312739,0,30,30,30,6,-32.6799160312739
01-Aug-2026 00:49:32,-162.0439456323,-33.9369586857841,0,30,30,30,5,-33.9369586857841
01-Aug-2026 00:49:34,-162.929981195987,-34.8229942494711,0,29,29,29,5,-34.8229942494711
01-Aug-2026 00:49:36,-163.477727294347,-35.3707403478311,0,28,28,28,5,-35.3707403478311
01-Aug-2026 00:49:38,-164.226190853701,-36.119203907185,0,28,28,28,4,-36.119203907185
01-Aug-2026 00:49:40,-164.97839758655,-36.8714106400341,0,27,27,27,5,-36.8714106400341
01-Aug-2026 00:49:42,-165.588943321874,-37.4819563753581,0,28,28,28,6,-37.4819563753581
01-Aug-2026 00:49:44,-165.618353061451,-37.5113661149354,0,28,28,28,5,-37.5113661149354
01-Aug-2026 00:49:46,-166.006615840509,-37.899628893993,0,28,28,28,4,-37.899628893993
01-Aug-2026 00:49:48,-165.993602661513,-37.886615714997,0,28,28,28,5,-37.886615714997
01-Aug-2026 00:49:50,-166.199336108208,-38.0923491616919,0,28,28,28,5,-38.0923491616919
01-Aug-2026 00:49:52,-166.09562866566,-37.9886417191443,0,28,28,28,5,-37.9886417191443
01-Aug-2026 00:49:54,-166.200672850958,-38.0936859044423,0,27,27,27,5,-38.0936859044423
01-Aug-2026 00:49:56,-165.913879608026,-37.8068926615103,0,26,26,26,5,-37.8068926615103
01-Aug-2026 00:49:58,-165.801965688098,-37.6949787415821,0,26,26,26,5,-37.6949787415821
01-Aug-2026 00:50:00,-166.077930048972,-37.9709431024561,0,26,26,26,6,-37.9709431024561
01-Aug-2026 00:50:02,-165.841663462006,-37.73467651549,0,26,26,26,5,-37.73467651549
01-Aug-2026 00:50:04,-166.331656079625,-38.2246691331088,0,26,26,26,5,-38.2246691331088
01-Aug-2026 00:50:06,-166.25945523975,-38.1524682932344,0,26,26,26,5,-38.1524682932344
01-Aug-2026 00:50:08,-166.862703680295,-38.7557167337791,0,26,26,26,5,-38.7557167337791
01-Aug-2026 00:50:10,-166.832782758939,-38.7257958124231,0,26,26,26,6,-38.7257958124231
01-Aug-2026 00:50:12,-167.529659696393,-39.4226727498772,0,26,26,26,6,-39.4226727498772
01-Aug-2026 00:50:14,-167.79959804193,-39.6926110954143,0,26,26,26,5,-39.6926110954143
01-Aug-2026 00:50:16,-168.290937226974,-40.1839502804583,0,26,26,26,5,-40.1839502804583
01-Aug-2026 00:50:18,-169.015716981703,-40.9087300351875,0,26,26,26,5,-40.9087300351875
01-Aug-2026 00:50:20,-168.977680128088,-40.8706931815723,0,26,26,26,6,-40.8706931815723
01-Aug-2026 00:50:22,-168.99125354695,-40.8842666004339,0,25,25,25,5,-40.8842666004339
01-Aug-2026 00:50:24,-169.014755833064,-40.9077688865486,0,25,25,25,5,-40.9077688865486
01-Aug-2026 00:50:26,-169.690310814642,-41.5833238681266,0,25,25,25,5,-41.5833238681266
01-Aug-2026 00:50:28,-170.018353320051,-41.911366373535,0,25,25,25,4,-41.911366373535
01-Aug-2026 00:50:30,-170.028341557235,-41.9213546107194,0,25,25,25,4,-41.9213546107194
01-Aug-2026 00:50:32,-170.67844067275,-42.5714537262342,0,25,25,25,4,-42.5714537262342
01-Aug-2026 00:50:34,-171.250112167735,-43.1431252212194,0,25,25,25,3,-43.1431252212194
01-Aug-2026 00:50:36,-171.576640417365,-43.4696534708492,0,25,25,25,3,-43.4696534708492
01-Aug-2026 00:50:38,-171.688674498369,-43.5816875518531,0,25,25,25,3,-43.5816875518531
01-Aug-2026 00:50:40,-172.232254245289,-44.1252672987729,0,25,25,25,3,-44.1252672987729
01-Aug-2026 00:50:42,-172.549991990077,-44.4430050435607,0,25,25,25,4,-44.4430050435607
01-Aug-2026 00:50:44,-172.955570632844,-44.8485836863282,0,24,24,24,4,-44.8485836863282
01-Aug-2026 00:50:46,-172.880127655027,-44.7731407085108,0,24,24,24,3,-44.7731407085108
01-Aug-2026 00:50:48,-173.183838154639,-45.0768512081233,0,24,24,24,3,-45.0768512081233
01-Aug-2026 00:50:50,-173.408689444499,-45.3017024979835,0,24,24,24,4,-45.3017024979835
01-Aug-2026 00:50:52,-172.929447480035,-44.8224605335196,0,24,24,24,6,-44.8224605335196
01-Aug-2026 00:50:54,-172.81270614847,-44.7057192019543,0,24,24,24,4,-44.7057192019543
01-Aug-2026 00:50:56,-169.640000935789,-41.5330139892732,0,24,24,24,5,-41.5330139892732
01-Aug-2026 00:50:58,-172.070844478704,-43.9638575321877,0,24,24,24,4,-43.9638575321877
01-Aug-2026 00:51:00,-172.547330559112,-44.4403436125959,0,24,24,24,4,-44.4403436125959
01-Aug-2026 00:51:02,-173.37473688017,-45.267749933654,0,24,24,24,4,-45.267749933654
01-Aug-2026 00:51:04,-173.079180706441,-44.972193759925,0,24,24,24,4,-44.972193759925
01-Aug-2026 00:51:06,-173.388433806686,-45.2814468601702,0,25,25,25,5,-45.2814468601702
01-Aug-2026 00:51:08,-173.434391351351,-45.3274044048348,0,25,25,25,5,-45.3274044048348
01-Aug-2026 00:51:10,-173.628137859671,-45.5211509131551,0,25,25,25,5,-45.5211509131551
01-Aug-2026 00:51:12,-187.310692336884,-59.2037053903686,0,25,25,25,4,-59.2037053903686
01-Aug-2026 00:51:14,-187.705723617894,-59.598736671378,0,25,25,25,4,-59.598736671378
01-Aug-2026 00:51:16,-187.487230986065,-59.380244039549,0,25,25,25,4,-59.380244039549
01-Aug-2026 00:51:18,-187.537393006576,-59.4304060600605,0,25,25,25,4,-59.4304060600605
01-Aug-2026 00:51:20,-187.429843524437,-59.322856577921,0,26,26,26,3,-59.322856577921
01-Aug-2026 00:51:22,-187.96634098605,-59.8593540395337,0,25,25,25,2,-59.8593540395337
01-Aug-2026 00:51:24,-187.832080698489,-59.7250937519727,0,25,25,25,2,-59.7250937519727
01-Aug-2026 00:51:26,-188.077056637509,-59.9700696909935,0,25,25,25,2,-59.9700696909935
01-Aug-2026 00:51:28,-188.449917532023,-60.3429305855069,0,25,25,25,2,-60.3429305855069
01-Aug-2026 00:51:30,-189.13642417679,-61.0294372302738,0,25,25,25,2,-61.0294372302738
01-Aug-2026 00:51:32,-188.369582191351,-60.2625952448354,0,25,25,25,3,-60.2625952448354
01-Aug-2026 00:51:34,-188.482991921261,-60.3760049747449,0,25,25,25,3,-60.3760049747449
01-Aug-2026 00:51:36,-188.501639575671,-60.3946526291549,0,25,25,25,4,-60.3946526291549
01-Aug-2026 00:51:38,-187.294853234203,-59.1878662876873,0,26,26,26,6,-59.1878662876873
01-Aug-2026 00:51:40,-187.47942970835,-59.3724427618343,0,26,26,26,6,-59.3724427618343
01-Aug-2026 00:51:42,-187.40103120623,-59.2940442597145,0,26,26,26,6,-59.2940442597145
01-Aug-2026 00:51:44,-187.014524443701,-58.9075374971851,0,26,26,26,6,-58.9075374971851
01-Aug-2026 00:51:46,-186.861498168155,-58.7545112216389,0,26,26,26,5,-58.7545112216389
01-Aug-2026 00:51:48,-187.183563541784,-59.0765765952684,0,26,26,26,5,-59.0765765952684
01-Aug-2026 00:51:50,-179.518550283344,-51.4115633368278,0,26,26,26,6,-51.4115633368278
01-Aug-2026 00:51:52,-179.626619095735,-51.5196321492189,0,26,26,26,5,-51.5196321492189
01-Aug-2026 00:51:54,-179.607650025606,-51.5006630790901,0,27,27,27,5,-51.5006630790901
01-Aug-2026 00:51:56,-179.584795390086,-51.4778084435704,0,26,26,26,4,-51.4778084435704
01-Aug-2026 00:51:58,-179.810601866001,-51.7036149194852,0,26,26,26,4,-51.7036149194852
01-Aug-2026 00:52:00,-180.295100862452,-52.1881139159365,0,27,27,27,4,-52.1881139159365
01-Aug-2026 00:52:02,-179.786729839831,-51.679742893315,0,27,27,27,4,-51.679742893315
01-Aug-2026 00:52:04,-171.829649945437,-43.7226629989209,0,26,26,26,4,-43.7226629989209
01-Aug-2026 00:52:06,-171.69502306184,-43.5880361153241,0,26,26,26,4,-43.5880361153241
01-Aug-2026 00:52:08,-171.651712880854,-43.5447259343383,0,26,26,26,4,-43.5447259343383
01-Aug-2026 00:52:10,-171.328791219787,-43.2218042732709,0,26,26,26,3,-43.2218042732709
01-Aug-2026 00:52:12,-171.384836094126,-43.2778491476103,0,26,26,26,3,-43.2778491476103
01-Aug-2026 00:52:14,-171.2264175145,-43.1194305679845,0,26,26,26,3,-43.1194305679845
01-Aug-2026 00:52:16,-157.836258947157,-29.7292720006413,0,26,26,26,4,-29.7292720006413
01-Aug-2026 00:52:18,-157.669905403242,-29.5629184567266,0,26,26,26,4,-29.5629184567266
01-Aug-2026 00:52:20,-158.793363619904,-30.6863766733882,0,26,26,26,6,-30.6863766733882
01-Aug-2026 00:52:22,-170.649140456748,-42.5421535102318,0,26,26,26,5,-42.5421535102318
01-Aug-2026 00:52:24,-170.096101273575,-41.9891143270589,0,26,26,26,5,-41.9891143270589
01-Aug-2026 00:52:26,-169.637919542159,-41.5309325956432,0,26,26,26,6,-41.5309325956432
01-Aug-2026 00:52:28,-169.286162250005,-41.179175303489,0,26,26,26,7,-41.179175303489
01-Aug-2026 00:52:30,-168.891904329238,-40.7849173827219,0,26,26,26,7,-40.7849173827219
01-Aug-2026 00:52:32,-168.700963486595,-40.5939765400791,0,26,26,26,5,-40.5939765400791
01-Aug-2026 00:52:34,-167.899500359778,-39.7925134132625,0,26,26,26,5,-39.7925134132625
01-Aug-2026 00:52:36,-167.564478570006,-39.4574916234897,0,26,26,26,5,-39.4574916234897
01-Aug-2026 00:52:38,-167.314680474489,-39.2076935279731,0,26,26,26,5,-39.2076935279731
01-Aug-2026 00:52:40,-167.355037395751,-39.2480504492352,0,26,26,26,5,-39.2480504492352
01-Aug-2026 00:52:42,-167.017514274095,-38.9105273275793,0,25,25,25,6,-38.9105273275793
01-Aug-2026 00:52:44,-166.829762931877,-38.7227759853609,0,26,26,26,6,-38.7227759853609
01-Aug-2026 00:52:46,-166.133830230995,-38.0268432844792,0,26,26,26,6,-38.0268432844792
01-Aug-2026 00:52:48,-166.24968669202,-38.1426997455043,0,26,26,26,6,-38.1426997455043
01-Aug-2026 00:52:50,-166.469328068509,-38.3623411219928,0,26,26,26,5,-38.3623411219928
01-Aug-2026 00:52:52,-166.603282660669,-38.4962957141528,0,26,26,26,5,-38.4962957141528
01-Aug-2026 00:52:54,-166.307897682179,-38.2009107356632,0,26,26,26,5,-38.2009107356632
01-Aug-2026 00:52:56,-166.302754419691,-38.1957674731755,0,26,26,26,5,-38.1957674731755
01-Aug-2026 00:52:58,-166.096660970313,-37.9896740237971,0,28,28,28,5,-37.9896740237971
01-Aug-2026 00:53:00,-165.721121231511,-37.6141342849953,0,28,28,28,7,-37.6141342849953
01-Aug-2026 00:53:02,-165.401477681872,-37.2944907353566,0,28,28,28,6,-37.2944907353566
01-Aug-2026 00:53:04,-165.650170117609,-37.5431831710933,0,29,29,29,7,-37.5431831710933
01-Aug-2026 00:53:06,-178.886685659785,-50.7796987132691,0,29,29,29,6,-50.7796987132691
01-Aug-2026 00:53:08,-178.424997606658,-50.3180106601426,0,29,29,29,6,-50.3180106601426
01-Aug-2026 00:53:10,-177.866146658352,-49.7591597118361,0,29,29,29,6,-49.7591597118361
01-Aug-2026 00:53:12,-186.05869998272,-57.9517130362042,0,29,29,29,5,-57.9517130362042
01-Aug-2026 00:53:14,-188.584743689437,-60.4777567429208,0,29,29,29,4,-60.4777567429208
01-Aug-2026 00:53:16,-188.261634078691,-60.1546471321755,0,29,29,29,4,-60.1546471321755
01-Aug-2026 00:53:18,-188.66336900287,-60.5563820563541,0,29,29,29,3,-60.5563820563541
01-Aug-2026 00:53:20,-188.154532601329,-60.0475456548132,0,29,29,29,3,-60.0475456548132
01-Aug-2026 00:53:22,-188.442205827068,-60.3352188805524,0,29,29,29,3,-60.3352188805524
01-Aug-2026 00:53:24,-188.931798924028,-60.824811977512,0,29,29,29,3,-60.824811977512
01-Aug-2026 00:53:26,-188.693533978302,-60.5865470317858,0,28,28,28,3,-60.5865470317858
01-Aug-2026 00:53:28,-190.801183536363,-62.6941965898476,0,28,28,28,2,-62.6941965898476
01-Aug-2026 00:53:30,-190.744500477933,-62.6375135314172,0,27,27,27,2,-62.6375135314172
01-Aug-2026 00:53:32,-190.577567436281,-62.4705804897646,0,27,27,27,2,-62.4705804897646
01-Aug-2026 00:53:34,-186.299583445532,-58.1925964990157,0,28,28,28,4,-58.1925964990157
01-Aug-2026 00:53:36,-186.5523427467,-58.4453558001842,0,28,28,28,4,-58.4453558001842
01-Aug-2026 00:53:38,-185.766158721605,-57.659171775089,0,28,28,28,5,-57.659171775089
01-Aug-2026 00:53:40,-185.759713751844,-57.6527268053283,0,28,28,28,6,-57.6527268053283
01-Aug-2026 00:53:42,-183.772162874001,-55.665175927485,0,28,28,28,7,-55.665175927485
01-Aug-2026 00:53:44,-183.614507561445,-55.5075206149292,0,27,27,27,7,-55.5075206149292
01-Aug-2026 00:53:46,-186.152060846906,-58.0450739003904,0,26,26,26,4,-58.0450739003904
01-Aug-2026 00:53:48,-186.091619830989,-57.9846328844733,0,26,26,26,5,-57.9846328844733
01-Aug-2026 00:53:50,-186.17340892335,-58.0664219768341,0,26,26,26,5,-58.0664219768341
01-Aug-2026 00:53:52,-186.298649267689,-58.1916623211735,0,26,26,26,5,-58.1916623211735
01-Aug-2026 00:53:54,-186.026642945643,-57.9196559991268,0,26,26,26,5,-57.9196559991268
01-Aug-2026 00:53:56,-184.519072016027,-56.4120850695111,0,26,26,26,6,-56.4120850695111
01-Aug-2026 00:53:58,-184.372931803042,-56.265944856526,0,26,26,26,6,-56.265944856526
01-Aug-2026 00:54:00,-184.083393153613,-55.9764062070972,0,26,26,26,6,-55.9764062070972
01-Aug-2026 00:54:02,-184.868490228931,-56.7615032824151,0,26,26,26,5,-56.7615032824151
01-Aug-2026 00:54:04,-184.588445938515,-56.4814589919987,0,26,26,26,5,-56.4814589919987
01-Aug-2026 00:54:06,-176.502851492792,-48.3958645462762,0,26,26,26,5,-48.3958645462762
01-Aug-2026 00:54:08,-177.549046674624,-49.4420597281084,0,26,26,26,3,-49.4420597281084
01-Aug-2026 00:54:10,-177.572896091872,-49.4659091453561,0,26,26,26,4,-49.4659091453561
01-Aug-2026 00:54:12,-177.915018239143,-49.8080312926268,0,26,26,26,4,-49.8080312926268
01-Aug-2026 00:54:14,-178.270332515182,-50.1633455686664,0,26,26,26,5,-50.1633455686664
01-Aug-2026 00:54:16,-178.366325429794,-50.2593384832779,0,25,25,25,5,-50.2593384832779
01-Aug-2026 00:54:18,-170.653505802167,-42.5465188556508,0,25,25,25,6,-42.5465188556508
01-Aug-2026 00:54:20,-170.783525090418,-42.6765381439022,0,25,25,25,6,-42.6765381439022
01-Aug-2026 00:54:22,-170.775518486268,-42.6685315397523,0,25,25,25,5,-42.6685315397523
01-Aug-2026 00:54:24,-170.846328662402,-42.739341715886,0,25,25,25,5,-42.739341715886
01-Aug-2026 00:54:26,-170.567974827349,-42.460987880833,0,25,25,25,5,-42.460987880833
01-Aug-2026 00:54:28,-170.861073511908,-42.7540865653922,0,25,25,25,6,-42.7540865653922
01-Aug-2026 00:54:30,-170.597923269136,-42.4909363226204,0,25,25,25,6,-42.4909363226204
01-Aug-2026 00:54:32,-169.948603404896,-41.8416164583801,0,24,24,24,3,-41.8416164583801
01-Aug-2026 00:54:34,-169.09991186919,-40.992924922674,0,24,24,24,4,-40.992924922674
01-Aug-2026 00:54:36,-196.742899918787,-68.6359129722715,0,24,24,24,2,-68.6359129722715
01-Aug-2026 00:54:38,-195.794757933668,-67.6877709871524,0,24,24,24,3,-67.6877709871524
01-Aug-2026 00:54:40,-195.963559600146,-67.85657265363,0,24,24,24,3,-67.85657265363
01-Aug-2026 00:54:42,-193.539191606852,-65.4322046603361,0,24,24,24,4,-65.4322046603361
01-Aug-2026 00:54:44,-192.107831530629,-64.0008445841131,0,24,24,24,4,-64.0008445841131
01-Aug-2026 00:54:46,-191.716908540883,-63.6099215943668,0,24,24,24,5,-63.6099215943668
01-Aug-2026 00:54:48,-177.336088229813,-49.2291012832972,0,24,24,24,7,-49.2291012832972
01-Aug-2026 00:54:50,-177.137524931571,-49.0305379850553,0,24,24,24,6,-49.0305379850553
01-Aug-2026 00:54:52,-177.059451154811,-48.9524642082955,0,24,24,24,6,-48.9524642082955
01-Aug-2026 00:54:54,-176.508343945903,-48.4013569993866,0,25,25,25,6,-48.4013569993866
01-Aug-2026 00:54:56,-176.563905684856,-48.4569187383397,0,25,25,25,5,-48.4569187383397
01-Aug-2026 00:54:58,-175.069572049793,-46.9625851032771,0,25,25,25,4,-46.9625851032771
01-Aug-2026 00:55:00,-174.704023223365,-46.5970362768491,0,25,25,25,5,-46.5970362768491
01-Aug-2026 00:55:02,-174.173078466637,-46.0660915201209,0,25,25,25,6,-46.0660915201209
01-Aug-2026 00:55:04,-175.375505773166,-47.2685188266498,0,25,25,25,5,-47.2685188266498
01-Aug-2026 00:55:06,-186.544883780356,-58.4378968338399,0,25,25,25,5,-58.4378968338399
01-Aug-2026 00:55:08,-186.77189787323,-58.6649109267141,0,25,25,25,4,-58.6649109267141
01-Aug-2026 00:55:10,-186.777897118687,-58.6709101721711,0,24,24,24,4,-58.6709101721711
01-Aug-2026 00:55:12,-187.454918509133,-59.3479315626175,0,25,25,25,3,-59.3479315626175
01-Aug-2026 00:55:14,-194.646648009505,-66.5396610629887,0,25,25,25,1,-66.5396610629887
01-Aug-2026 00:55:16,-193.964832650019,-65.8578457035034,0,25,25,25,1,-65.8578457035034
01-Aug-2026 00:55:18,-193.581457049836,-65.4744701033203,0,26,26,26,1,-65.4744701033203
01-Aug-2026 00:55:20,-190.191359623242,-62.0843726767263,0,26,26,26,2,-62.0843726767263
01-Aug-2026 00:55:22,-189.702638784602,-61.5956518380858,0,25,25,25,2,-61.5956518380858
01-Aug-2026 00:55:24,-189.57911597665,-61.4721290301343,0,25,25,25,2,-61.4721290301343
01-Aug-2026 00:55:26,-189.679680258332,-61.572693311816,0,25,25,25,2,-61.572693311816
01-Aug-2026 00:55:28,-188.032849916686,-59.9258629701697,0,25,25,25,4,-59.9258629701697
01-Aug-2026 00:55:30,-188.415066075274,-60.3080791287583,0,26,26,26,4,-60.3080791287583
01-Aug-2026 00:55:32,-188.169994854871,-60.0630079083549,0,25,25,25,5,-60.0630079083549
01-Aug-2026 00:55:34,-188.285544710631,-60.1785577641149,0,25,25,25,4,-60.1785577641149
01-Aug-2026 00:55:36,-188.38719105931,-60.2802041127941,0,25,25,25,5,-60.2802041127941
01-Aug-2026 00:55:38,-189.772848217877,-61.6658612713614,0,25,25,25,4,-61.6658612713614
01-Aug-2026 00:55:40,-189.619053043534,-61.5120660970181,0,25,25,25,4,-61.5120660970181
01-Aug-2026 00:55:42,-189.622501303868,-61.5155143573523,0,25,25,25,4,-61.5155143573523
01-Aug-2026 00:55:44,-189.70927054521,-61.6022835986943,0,26,26,26,4,-61.6022835986943
01-Aug-2026 00:55:46,-189.10103235783,-60.9940454113137,0,26,26,26,6,-60.9940454113137
01-Aug-2026 00:55:48,-189.824698253578,-61.717711307062,0,25,25,25,5,-61.717711307062
01-Aug-2026 00:55:50,-189.852123482641,-61.7451365361252,0,25,25,25,5,-61.7451365361252
01-Aug-2026 00:55:52,-190.303227217002,-62.1962402704862,0,25,25,25,5,-62.1962402704862
01-Aug-2026 00:55:54,-187.670890863361,-59.5639039168453,0,25,25,25,6,-59.5639039168453
01-Aug-2026 00:55:56,-188.561215883886,-60.4542289373699,0,25,25,25,6,-60.4542289373699
01-Aug-2026 00:55:58,-189.315422575934,-61.2084356294182,0,25,25,25,5,-61.2084356294182
01-Aug-2026 00:56:00,-188.29541717851,-60.1884302319946,0,25,25,25,6,-60.1884302319946
01-Aug-2026 00:56:02,-192.007015177993,-63.9000282314771,0,25,25,25,4,-63.9000282314771
01-Aug-2026 00:56:04,-192.00760591876,-63.9006189722442,0,25,25,25,4,-63.9006189722442
01-Aug-2026 00:56:06,-192.920067148712,-64.8130802021963,0,26,26,26,3,-64.8130802021963
01-Aug-2026 00:56:08,-192.804013348163,-64.6970264016468,0,26,26,26,3,-64.6970264016468
01-Aug-2026 00:56:10,-190.901211502535,-62.7942245560189,0,26,26,26,4,-62.7942245560189
01-Aug-2026 00:56:12,-191.130092711748,-63.0231057652323,0,26,26,26,4,-63.0231057652323
01-Aug-2026 00:56:14,-189.451903666237,-61.3449167197207,0,26,26,26,5,-61.3449167197207
01-Aug-2026 00:56:16,-189.673443869762,-61.5664569232457,0,26,26,26,5,-61.5664569232457
01-Aug-2026 00:56:18,-190.421029562057,-62.3140426155414,0,26,26,26,4,-62.3140426155414
01-Aug-2026 00:56:20,-189.930209974906,-61.8232230283897,0,26,26,26,4,-61.8232230283897
01-Aug-2026 00:56:22,-189.766705954012,-61.6597190074958,0,26,26,26,4,-61.6597190074958
01-Aug-2026 00:56:24,-189.702540607028,-61.5955536605123,0,26,26,26,4,-61.5955536605123
01-Aug-2026 00:56:26,-185.700624386986,-57.5936374404703,0,26,26,26,5,-57.5936374404703
01-Aug-2026 00:56:28,-185.56880595933,-57.4618190128142,0,27,27,27,5,-57.4618190128142
01-Aug-2026 00:56:30,-185.768037966109,-57.661051019593,0,27,27,27,5,-57.661051019593
01-Aug-2026 00:56:32,-185.827860962416,-57.7208740159006,0,27,27,27,5,-57.7208740159006
01-Aug-2026 00:56:34,-186.262897706317,-58.1559107598014,0,27,27,27,5,-58.1559107598014
01-Aug-2026 00:56:36,-186.016161340162,-57.909174393646,0,27,27,27,6,-57.909174393646
01-Aug-2026 00:56:38,-186.058648629241,-57.9516616827254,0,26,26,26,6,-57.9516616827254
01-Aug-2026 00:56:40,-189.504820043791,-61.3978330972755,0,26,26,26,5,-61.3978330972755
01-Aug-2026 00:56:42,-190.62141531836,-62.514428371844,0,26,26,26,4,-62.514428371844
01-Aug-2026 00:56:44,-157.87927274546,-29.7722857989443,0,26,26,26,5,-29.7722857989443
01-Aug-2026 00:56:46,-157.737125796,-29.6301388494846,0,26,26,26,4,-29.6301388494846
01-Aug-2026 00:56:48,-156.582738217462,-28.4757512709463,0,27,27,27,5,-28.4757512709463
01-Aug-2026 00:56:50,-156.57275036066,-28.4657634141437,0,28,28,28,8,-28.4657634141437
01-Aug-2026 00:56:52,-156.093975962463,-27.9869890159468,0,28,28,28,8,-27.9869890159468
01-Aug-2026 00:56:54,-155.835114836627,-27.7281278901114,0,27,27,27,6,-27.7281278901114
01-Aug-2026 00:56:56,-188.061063358323,-59.9540764118067,0,27,27,27,6,-59.9540764118067
01-Aug-2026 00:56:58,-187.864906015128,-59.7579190686124,0,28,28,28,7,-59.7579190686124
01-Aug-2026 00:57:00,-185.95170105802,-57.8447141115038,0,28,28,28,8,-57.8447141115038
01-Aug-2026 00:57:02,-185.601016272884,-57.4940293263684,0,28,28,28,8,-57.4940293263684
01-Aug-2026 00:57:04,-185.377410386054,-57.2704234395383,0,28,28,28,9,-57.2704234395383
01-Aug-2026 00:57:06,-179.398423184393,-51.2914362378769,0,28,28,28,10,-51.2914362378769
01-Aug-2026 00:57:08,-179.290272823158,-51.1832858766417,0,29,29,29,9,-51.1832858766417
01-Aug-2026 00:57:10,-179.630448226261,-51.523461279745,0,29,29,29,9,-51.523461279745
01-Aug-2026 00:57:12,-179.922763422426,-51.8157764759102,0,29,29,29,8,-51.8157764759102
01-Aug-2026 00:57:14,-179.743396404962,-51.6364094584458,0,29,29,29,8,-51.6364094584458
01-Aug-2026 00:57:16,-187.231519569455,-59.124532622939,0,29,29,29,6,-59.124532622939
01-Aug-2026 00:57:18,-170.035233646477,-41.9282466999612,0,28,28,28,8,-41.9282466999612
01-Aug-2026 00:57:20,-170.47667919289,-42.3696922463743,0,27,27,27,7,-42.3696922463743
01-Aug-2026 00:57:22,-170.886854990953,-42.7798680444372,0,27,27,27,8,-42.7798680444372
01-Aug-2026 00:57:24,-170.963977378265,-42.8569904317493,0,28,28,28,7,-42.8569904317493
01-Aug-2026 00:57:26,-170.831107296349,-42.724120349833,0,28,28,28,7,-42.724120349833
01-Aug-2026 00:57:28,-171.755102352569,-43.6481154060536,0,28,28,28,7,-43.6481154060536
01-Aug-2026 00:57:30,-171.739124108094,-43.6321371615784,0,28,28,28,7,-43.6321371615784
01-Aug-2026 00:57:32,-172.491078304306,-44.3840913577897,0,28,28,28,7,-44.3840913577897
01-Aug-2026 00:57:34,-172.946293586429,-44.8393066399128,0,26,26,26,6,-44.8393066399128
01-Aug-2026 00:57:36,-162.740850980167,-34.6338640336515,0,26,26,26,6,-34.6338640336515
01-Aug-2026 00:57:38,-161.827154734204,-33.7201677876884,0,26,26,26,6,-33.7201677876884
01-Aug-2026 00:57:40,-161.37605387921,-33.2690669326942,0,26,26,26,6,-33.2690669326942
01-Aug-2026 00:57:42,-160.860308596404,-32.753321649888,0,26,26,26,8,-32.753321649888
01-Aug-2026 00:57:44,-160.676109430556,-32.5691224840399,0,26,26,26,8,-32.5691224840399
01-Aug-2026 00:57:46,-172.567320379099,-44.4603334325836,0,26,26,26,7,-44.4603334325836
01-Aug-2026 00:57:48,-172.14494277147,-44.0379558249546,0,26,26,26,8,-44.0379558249546
01-Aug-2026 00:57:50,-179.984871756795,-51.8778848102792,0,26,26,26,7,-51.8778848102792
01-Aug-2026 00:57:52,-179.687581649164,-51.5805947026477,0,26,26,26,7,-51.5805947026477
01-Aug-2026 00:57:54,-180.853781254461,-52.7467943079456,0,26,26,26,6,-52.7467943079456
01-Aug-2026 00:57:56,-180.312790943247,-52.2058039967315,0,26,26,26,6,-52.2058039967315
01-Aug-2026 00:57:58,-187.757095242436,-59.6501082959201,0,26,26,26,5,-59.6501082959201
01-Aug-2026 00:58:00,-187.780216523635,-59.6732295771187,0,26,26,26,5,-59.6732295771187
01-Aug-2026 00:58:02,-183.206497477841,-55.0995105313247,0,26,26,26,6,-55.0995105313247
01-Aug-2026 00:58:04,-177.854201107902,-49.7472141613866,0,26,26,26,7,-49.7472141613866
01-Aug-2026 00:58:06,-161.200542013608,-33.0935550670926,0,26,26,26,9,-33.0935550670926
01-Aug-2026 00:58:08,-177.93004960688,-49.8230626603646,0,26,26,26,9,-49.8230626603646
01-Aug-2026 00:58:10,-173.714440705387,-45.6074537588715,0,25,25,25,9,-45.6074537588715
01-Aug-2026 00:58:12,-173.788557175112,-45.6815702285957,0,25,25,25,9,-45.6815702285957
01-Aug-2026 00:58:14,-174.162020388762,-46.0550334422462,0,25,25,25,8,-46.0550334422462
01-Aug-2026 00:58:16,-174.20465069335,-46.097663746834,0,25,25,25,9,-46.097663746834
01-Aug-2026 00:58:18,-174.400239853779,-46.2932529072627,0,24,24,24,10,-46.2932529072627
01-Aug-2026 00:58:20,-178.730373580096,-50.6233866335801,0,24,24,24,9,-50.6233866335801
01-Aug-2026 00:58:22,-178.404415063181,-50.2974281166651,0,24,24,24,9,-50.2974281166651
01-Aug-2026 00:58:24,-178.355780909506,-50.24879396299,0,24,24,24,9,-50.24879396299
01-Aug-2026 00:58:26,-178.270619046417,-50.1636320999014,0,24,24,24,9,-50.1636320999014
01-Aug-2026 00:58:28,-178.278870567696,-50.1718836211797,0,24,24,24,9,-50.1718836211797
01-Aug-2026 00:58:30,-178.270614056398,-50.1636271098824,0,24,24,24,8,-50.1636271098824
01-Aug-2026 00:58:32,-178.085696139162,-49.9787091926462,0,24,24,24,10,-49.9787091926462
01-Aug-2026 00:58:34,-178.535744473074,-50.428757526558,0,24,24,24,10,-50.428757526558
01-Aug-2026 00:58:36,-178.218631883048,-50.1116449365326,0,24,24,24,9,-50.1116449365326
01-Aug-2026 00:58:38,-178.165267491582,-50.0582805450663,0,24,24,24,9,-50.0582805450663
01-Aug-2026 00:58:40,-177.85376111613,-49.7467741696142,0,24,24,24,9,-49.7467741696142
01-Aug-2026 00:58:42,-177.287261882497,-49.1802749359815,0,25,25,25,11,-49.1802749359815
01-Aug-2026 00:58:44,-177.307332694462,-49.2003457479465,0,25,25,25,11,-49.2003457479465
01-Aug-2026 00:58:46,-177.230831156048,-49.1238442095321,0,25,25,25,11,-49.1238442095321
01-Aug-2026 00:58:48,-177.584887471259,-49.4779005247434,0,25,25,25,10,-49.4779005247434
01-Aug-2026 00:58:50,-177.666955318186,-49.5599683716697,0,25,25,25,9,-49.5599683716697
01-Aug-2026 00:58:52,-177.740245403626,-49.6332584571097,0,25,25,25,9,-49.6332584571097
01-Aug-2026 00:58:54,-178.363849776352,-50.2568628298359,0,25,25,25,8,-50.2568628298359
01-Aug-2026 00:58:56,-182.20092249685,-54.0939355503346,0,24,24,24,6,-54.0939355503346
01-Aug-2026 00:58:58,-181.757919631737,-53.650932685221,0,24,24,24,6,-53.650932685221
01-Aug-2026 00:59:00,-182.104597464983,-53.9976105184673,0,23,23,23,6,-53.9976105184673
01-Aug-2026 00:59:02,-182.188412896752,-54.0814259502359,0,23,23,23,7,-54.0814259502359
01-Aug-2026 00:59:04,-182.016652528483,-53.9096655819667,0,24,24,24,8,-53.9096655819667
01-Aug-2026 00:59:06,-183.668587656266,-55.5616007097503,0,25,25,25,6,-55.5616007097503
01-Aug-2026 00:59:08,-183.533028742163,-55.4260417956474,0,25,25,25,7,-55.4260417956474
01-Aug-2026 00:59:10,-182.672515318063,-54.5655283715475,0,25,25,25,8,-54.5655283715475
01-Aug-2026 00:59:12,-183.107842381762,-55.0008554352459,0,24,24,24,7,-55.0008554352459
01-Aug-2026 00:59:14,-183.280843207179,-55.173856260663,0,24,24,24,7,-55.173856260663
01-Aug-2026 00:59:16,-183.181801710738,-55.0748147642221,0,24,24,24,7,-55.0748147642221
01-Aug-2026 00:59:18,-182.816086529694,-54.7090995831784,0,24,24,24,7,-54.7090995831784
01-Aug-2026 00:59:20,-183.036408243822,-54.929421297306,0,25,25,25,8,-54.929421297306
01-Aug-2026 00:59:22,-183.567882287965,-55.4608953414495,0,25,25,25,7,-55.4608953414495
01-Aug-2026 00:59:24,-183.626339727662,-55.5193527811458,0,25,25,25,7,-55.5193527811458
01-Aug-2026 00:59:26,-183.527429488048,-55.4204425415319,0,25,25,25,7,-55.4204425415319
01-Aug-2026 00:59:28,-183.705873589692,-55.5988866431761,0,25,25,25,7,-55.5988866431761
01-Aug-2026 00:59:30,-183.82121250171,-55.7142255551942,0,26,26,26,7,-55.7142255551942
01-Aug-2026 00:59:32,-183.777676134648,-55.670689188132,0,26,26,26,7,-55.670689188132
01-Aug-2026 00:59:34,-183.379285487587,-55.2722985410712,0,26,26,26,7,-55.2722985410712
01-Aug-2026 00:59:36,-183.074191223391,-54.9672042768749,0,26,26,26,7,-54.9672042768749
01-Aug-2026 00:59:38,-182.284230510866,-54.1772435643503,0,26,26,26,9,-54.1772435643503
01-Aug-2026 00:59:40,-185.757189038053,-57.6502020915371,0,25,25,25,8,-57.6502020915371
01-Aug-2026 00:59:42,-186.134463831024,-58.0274768845077,0,25,25,25,7,-58.0274768845077
01-Aug-2026 00:59:44,-188.776373215653,-60.6693862691372,0,25,25,25,6,-60.6693862691372
01-Aug-2026 00:59:46,-173.200428533495,-45.0934415869792,0,25,25,25,7,-45.0934415869792
01-Aug-2026 00:59:48,-172.721099776617,-44.6141128301007,0,25,25,25,7,-44.6141128301007
01-Aug-2026 00:59:50,-172.402229736908,-44.2952427903918,0,25,25,25,7,-44.2952427903918
01-Aug-2026 00:59:52,-172.329456804495,-44.2224698579791,0,25,25,25,6,-44.2224698579791
01-Aug-2026 00:59:54,-171.422061831266,-43.3150748847506,0,25,25,25,6,-43.3150748847506
01-Aug-2026 00:59:56,-170.76941147808,-42.6624245315637,0,25,25,25,6,-42.6624245315637
01-Aug-2026 00:59:58,-170.830319787026,-42.7233328405098,0,25,25,25,6,-42.7233328405098
01-Aug-2026 01:00:00,-170.886374022305,-42.7793870757896,0,25,25,25,6,-42.7793870757896
01-Aug-2026 01:00:02,-170.604442766702,-42.497455820186,0,25,25,25,7,-42.497455820186
01-Aug-2026 01:00:04,-170.291964829438,-42.1849778829226,0,25,25,25,7,-42.1849778829226
01-Aug-2026 01:00:06,-170.316625548535,-42.2096386020191,0,25,25,25,6,-42.2096386020191
01-Aug-2026 01:00:08,-169.815688337926,-41.70870139141,0,25,25,25,6,-41.70870139141
01-Aug-2026 01:00:10,-169.687582461011,-41.5805955144949,0,25,25,25,5,-41.5805955144949
01-Aug-2026 01:00:12,-169.322722483965,-41.2157355374495,0,26,26,26,5,-41.2157355374495
01-Aug-2026 01:00:14,-168.756196421282,-40.6492094747658,0,26,26,26,6,-40.6492094747658
01-Aug-2026 01:00:16,-168.316939431272,-40.209952484756,0,26,26,26,6,-40.209952484756
01-Aug-2026 01:00:18,-168.639783926442,-40.5327969799257,0,26,26,26,7,-40.5327969799257
01-Aug-2026 01:00:20,-167.603117030252,-39.4961300837357,0,26,26,26,9,-39.4961300837357
01-Aug-2026 01:00:22,-167.195238044731,-39.088251098215,0,26,26,26,10,-39.088251098215
01-Aug-2026 01:00:24,-167.329323323017,-39.2223363765011,0,26,26,26,10,-39.2223363765011
01-Aug-2026 01:00:26,-166.659430605342,-38.552443658826,0,26,26,26,10,-38.552443658826
01-Aug-2026 01:00:28,-166.879028589025,-38.7720416425095,0,26,26,26,11,-38.7720416425095
01-Aug-2026 01:00:30,-166.522463775093,-38.4154768285772,0,26,26,26,11,-38.4154768285772
01-Aug-2026 01:00:32,-166.656170068882,-38.5491831223666,0,26,26,26,12,-38.5491831223666
01-Aug-2026 01:00:34,-166.890600322418,-38.783613375902,0,25,25,25,11,-38.783613375902
01-Aug-2026 01:00:36,-166.324575905594,-38.2175889590782,0,25,25,25,10,-38.2175889590782
01-Aug-2026 01:00:38,-165.693222668736,-37.5862357222198,0,25,25,25,8,-37.5862357222198
01-Aug-2026 01:00:40,-165.853783158528,-37.7467962120121,0,26,26,26,8,-37.7467962120121
01-Aug-2026 01:00:42,-166.314438441621,-38.2074514951055,0,26,26,26,7,-38.2074514951055
01-Aug-2026 01:00:44,-176.389583439526,-48.2825964930103,0,27,27,27,7,-48.2825964930103
01-Aug-2026 01:00:46,-175.950568460252,-47.8435815137366,0,27,27,27,7,-47.8435815137366
01-Aug-2026 01:00:48,-176.359056626066,-48.25206967955,0,27,27,27,7,-48.25206967955
01-Aug-2026 01:00:50,-169.893054953904,-41.7860680073883,0,27,27,27,8,-41.7860680073883
01-Aug-2026 01:00:52,-169.567580430574,-41.4605934840584,0,27,27,27,8,-41.4605934840584
01-Aug-2026 01:00:54,-169.123107171546,-41.0161202250306,0,28,28,28,8,-41.0161202250306
01-Aug-2026 01:00:56,-169.076272313831,-40.9692853673153,0,28,28,28,10,-40.9692853673153
01-Aug-2026 01:00:58,-168.019543523249,-39.912556576733,0,28,28,28,11,-39.912556576733
01-Aug-2026 01:01:00,-167.82779576013,-39.7208088136141,0,29,29,29,11,-39.7208088136141
01-Aug-2026 01:01:02,-167.529183152327,-39.4221962058108,0,29,29,29,11,-39.4221962058108
01-Aug-2026 01:01:04,-166.464465352319,-38.3574784058027,0,29,29,29,10,-38.3574784058027
01-Aug-2026 01:01:06,-166.012581166624,-37.9055942201084,0,29,29,29,7,-37.9055942201084
01-Aug-2026 01:01:08,-163.177302988387,-35.0703160418711,0,28,28,28,8,-35.0703160418711
01-Aug-2026 01:01:10,-162.956568928375,-34.8495819818596,0,27,27,27,7,-34.8495819818596
01-Aug-2026 01:01:12,-162.716297854701,-34.6093109081849,0,27,27,27,7,-34.6093109081849
01-Aug-2026 01:01:14,-162.925284231569,-34.818297285053,0,28,28,28,7,-34.818297285053
01-Aug-2026 01:01:16,-162.585016401014,-34.4780294544984,0,28,28,28,7,-34.4780294544984
01-Aug-2026 01:01:18,-162.651431912355,-34.5444449658389,0,28,28,28,7,-34.5444449658389
01-Aug-2026 01:01:20,-162.55292343601,-34.4459364894942,0,28,28,28,7,-34.4459364894942
01-Aug-2026 01:01:22,-162.433312081492,-34.3263251349759,0,26,26,26,7,-34.3263251349759
01-Aug-2026 01:01:24,-162.071583328472,-33.9645963819563,0,26,26,26,8,-33.9645963819563
01-Aug-2026 01:01:26,-162.069665313136,-33.9626783666198,0,26,26,26,8,-33.9626783666198
01-Aug-2026 01:01:28,-161.75503562249,-33.6480486759746,0,26,26,26,8,-33.6480486759746
01-Aug-2026 01:01:30,-161.079731080268,-32.9727441337522,0,26,26,26,8,-32.9727441337522
01-Aug-2026 01:01:32,-161.272960062461,-33.1659731159455,0,26,26,26,8,-33.1659731159455
01-Aug-2026 01:01:34,-161.30250434056,-33.1955173940442,0,26,26,26,8,-33.1955173940442
01-Aug-2026 01:01:36,-161.042473188194,-32.9354862416785,0,26,26,26,8,-32.9354862416785
01-Aug-2026 01:01:38,-161.051792051696,-32.9448051051802,0,26,26,26,9,-32.9448051051802
01-Aug-2026 01:01:40,-165.576640530824,-37.4696535843082,0,26,26,26,8,-37.4696535843082
01-Aug-2026 01:01:42,-165.493533451483,-37.3865465049676,0,26,26,26,8,-37.3865465049676
01-Aug-2026 01:01:44,-165.178900525801,-37.0719135792849,0,26,26,26,8,-37.0719135792849
01-Aug-2026 01:01:46,-163.924629534293,-35.8176425877775,0,26,26,26,9,-35.8176425877775
01-Aug-2026 01:01:48,-163.844297264947,-35.7373103184309,0,26,26,26,10,-35.7373103184309
01-Aug-2026 01:01:50,-164.069048454012,-35.9620615074966,0,26,26,26,10,-35.9620615074966
01-Aug-2026 01:01:52,-163.931644081852,-35.8246571353365,0,26,26,26,10,-35.8246571353365
01-Aug-2026 01:01:54,-164.077774070431,-35.9707871239152,0,26,26,26,8,-35.9707871239152
01-Aug-2026 01:01:56,-164.156076492641,-36.0490895461255,0,26,26,26,8,-36.0490895461255
01-Aug-2026 01:01:58,-163.94575661705,-35.8387696705343,0,26,26,26,7,-35.8387696705343
01-Aug-2026 01:02:00,-163.710681074775,-35.6036941282587,0,26,26,26,8,-35.6036941282587
01-Aug-2026 01:02:02,-163.615339747715,-35.5083528011992,0,26,26,26,7,-35.5083528011992
01-Aug-2026 01:02:04,-164.461364521838,-36.3543775753224,0,24,24,24,6,-36.3543775753224
01-Aug-2026 01:02:06,-164.43527788198,-36.3282909354638,0,23,23,23,5,-36.3282909354638
01-Aug-2026 01:02:08,-163.99692083125,-35.8899338847337,0,23,23,23,6,-35.8899338847337
01-Aug-2026 01:02:10,-164.068310922561,-35.9613239760454,0,23,23,23,8,-35.9613239760454
01-Aug-2026 01:02:12,-164.077316297087,-35.9703293505711,0,23,23,23,8,-35.9703293505711
01-Aug-2026 01:02:14,-163.684795016005,-35.5778080694894,0,23,23,23,8,-35.5778080694894
01-Aug-2026 01:02:16,-163.417504129713,-35.3105171831974,0,23,23,23,8,-35.3105171831974
01-Aug-2026 01:02:18,-162.825732932413,-34.7187459858975,0,23,23,23,6,-34.7187459858975
01-Aug-2026 01:02:20,-166.951085900432,-38.8440989539165,0,23,23,23,5,-38.8440989539165
01-Aug-2026 01:02:22,-166.944674754654,-38.8376878081384,0,23,23,23,5,-38.8376878081384
01-Aug-2026 01:02:24,-166.931953208613,-38.8249662620968,0,23,23,23,5,-38.8249662620968
01-Aug-2026 01:02:26,-166.899626901906,-38.7926399553897,0,23,23,23,5,-38.7926399553897
01-Aug-2026 01:02:28,-166.796225356683,-38.6892384101673,0,24,24,24,6,-38.6892384101673
01-Aug-2026 01:02:30,-176.272785591244,-48.1657986447285,0,24,24,24,4,-48.1657986447285
01-Aug-2026 01:02:32,-175.957521585554,-47.8505346390384,0,24,24,24,3,-47.8505346390384
01-Aug-2026 01:02:34,-175.992923275027,-47.8859363285112,0,24,24,24,3,-47.8859363285112
01-Aug-2026 01:02:36,-175.896924378721,-47.7899374322053,0,24,24,24,3,-47.7899374322053
01-Aug-2026 01:02:38,-160.892822371565,-32.7858354250493,0,24,24,24,5,-32.7858354250493
01-Aug-2026 01:02:40,-160.227866367366,-32.1208794208499,0,24,24,24,5,-32.1208794208499
01-Aug-2026 01:02:42,-159.708606317553,-31.6016193710376,0,24,24,24,5,-31.6016193710376
01-Aug-2026 01:02:44,-159.087002760422,-30.9800158139059,0,24,24,24,5,-30.9800158139059
01-Aug-2026 01:02:46,-158.911514309298,-30.8045273627826,0,24,24,24,5,-30.8045273627826
01-Aug-2026 01:02:48,-158.356355481594,-30.2493685350779,0,23,23,23,5,-30.2493685350779
01-Aug-2026 01:02:50,-157.949902775192,-29.8429158286766,0,23,23,23,5,-29.8429158286766
01-Aug-2026 01:02:52,-157.6291760982,-29.5221891516841,0,23,23,23,6,-29.5221891516841
01-Aug-2026 01:02:54,-157.847773818753,-29.7407868722373,0,24,24,24,6,-29.7407868722373
01-Aug-2026 01:02:56,-157.186467459826,-29.0794805133099,0,25,25,25,8,-29.0794805133099
01-Aug-2026 01:02:58,-155.712923177693,-27.6059362311768,0,25,25,25,8,-27.6059362311768
01-Aug-2026 01:03:00,-155.143494484893,-27.0365075383775,0,25,25,25,7,-27.0365075383775
01-Aug-2026 01:03:02,-153.503059467476,-25.3960725209599,0,25,25,25,6,-25.3960725209599
01-Aug-2026 01:03:04,-152.970874494701,-24.863887548185,0,24,24,24,5,-24.863887548185
01-Aug-2026 01:03:06,-152.86178135358,-24.7547944070644,0,24,24,24,6,-24.7547944070644
01-Aug-2026 01:03:08,-152.126723094305,-24.0197361477889,0,24,24,24,5,-24.0197361477889
01-Aug-2026 01:03:10,-151.778841288037,-23.6718543415216,0,24,24,24,6,-23.6718543415216
01-Aug-2026 01:03:12,-151.27088680997,-23.1638998634538,0,25,25,25,4,-23.1638998634538
01-Aug-2026 01:03:14,-150.802810367353,-22.695823420837,0,26,26,26,4,-22.695823420837
01-Aug-2026 01:03:16,-149.550039417363,-21.4430524708476,0,26,26,26,4,-21.4430524708476
01-Aug-2026 01:03:18,-148.836417216034,-20.7294302695186,0,26,26,26,4,-21.1987433335455
01-Aug-2026 01:03:20,-147.552308885486,-19.4453219389699,0,26,26,26,4,-18.6287049693763
01-Aug-2026 01:03:22,-146.907717657851,-18.8007307113348,0,26,26,26,4,-15.9437316216043
01-Aug-2026 01:03:24,-147.083485795664,-18.9764988491477,0,26,26,26,5,-13.0255588346002
01-Aug-2026 01:03:26,-146.966841513032,-18.8598545665165,0,26,26,26,5,-18.8598545665165
01-Aug-2026 01:03:28,-146.949018117765,-18.8420311712487,0,26,26,26,5,-18.8420311712487
01-Aug-2026 01:03:30,-147.239401626389,-19.1324146798734,0,26,26,26,5,-19.1324146798734
01-Aug-2026 01:03:32,-146.996851580751,-18.889864634235,0,25,25,25,5,-18.889864634235
01-Aug-2026 01:03:34,-147.074656665553,-18.9676697190371,0,25,25,25,7,-18.9676697190371
01-Aug-2026 01:03:36,-147.30099370805,-19.1940067615344,0,25,25,25,7,-19.1940067615344
01-Aug-2026 01:03:38,-147.792359726917,-19.6853727804011,0,25,25,25,8,-1.95148267993414
01-Aug-2026 01:03:40,-147.97498926353,-19.868002317014,0,25,25,25,9,-3.11817823127691
01-Aug-2026 01:03:42,-148.858833678158,-20.7518467316422,0,25,25,25,9,-5.44226252179882
01-Aug-2026 01:03:44,-135.472790393058,-7.36580344654195,0,25,25,25,9,-7.36580344654195
01-Aug-2026 01:03:46,-137.964799238117,-9.85781229160096,0,25,25,25,9,-9.85781229160096
01-Aug-2026 01:03:48,-140.527542227283,-12.4205552807675,0,25,25,25,9,-12.4205552807675
01-Aug-2026 01:03:50,-143.379831735245,-15.2728447887291,0,25,25,25,7,-15.2728447887291
01-Aug-2026 01:03:52,-146.048842010735,-17.9418550642187,0,25,25,25,8,-17.9418550642187
01-Aug-2026 01:03:54,-148.286638710308,-20.1796517637918,0,25,25,25,8,-20.1796517637918
01-Aug-2026 01:03:56,-150.539559656927,-22.4325727104115,0,26,26,26,8,-22.4325727104115
01-Aug-2026 01:03:58,-152.102401770249,-23.9954148237334,0,26,26,26,8,-23.9954148237334
01-Aug-2026 01:04:00,-153.529634842871,-25.4226478963556,0,26,26,26,7,-25.4226478963556
01-Aug-2026 01:04:02,-154.699446083532,-26.5924591370159,0,26,26,26,7,-26.5924591370159
01-Aug-2026 01:04:04,-155.683951334835,-27.5769643883193,0,26,26,26,7,-27.5769643883193
01-Aug-2026 01:04:06,-156.404536707169,-28.2975497606528,0,26,26,26,6,-28.2975497606528
01-Aug-2026 01:04:08,-157.328267503345,-29.2212805568296,0,26,26,26,4,-29.2212805568296
01-Aug-2026 01:04:10,-157.780692756996,-29.6737058104806,0,25,25,25,4,-29.6737058104806
01-Aug-2026 01:04:12,-162.616932413122,-34.509945466606,0,25,25,25,5,-34.509945466606
01-Aug-2026 01:04:14,-162.130344142852,-34.023357196336,0,25,25,25,4,-34.023357196336
01-Aug-2026 01:04:16,-161.654229521528,-33.5472425750118,0,25,25,25,4,-33.5472425750118
01-Aug-2026 01:04:18,-161.158588155836,-33.0516012093206,0,25,25,25,3,-33.0516012093206
01-Aug-2026 01:04:20,-160.742923943277,-32.6359369967611,0,25,25,25,4,-32.6359369967611
01-Aug-2026 01:04:22,-160.352381514654,-32.2453945681379,0,25,25,25,5,-32.2453945681379
01-Aug-2026 01:04:24,-159.758037083866,-31.6510501373498,0,25,25,25,6,-31.6510501373498
01-Aug-2026 01:04:26,-158.730081413277,-30.623094466761,0,25,25,25,6,-30.623094466761
01-Aug-2026 01:04:28,-158.782010914202,-30.6750239676863,0,24,24,24,5,-30.6750239676863
01-Aug-2026 01:04:30,-158.626451710875,-30.5194647643596,0,25,25,25,5,-30.5194647643596
01-Aug-2026 01:04:32,-157.970903639264,-29.863916692748,0,25,25,25,4,-29.863916692748
01-Aug-2026 01:04:34,-158.065930964177,-29.9589440176616,0,25,25,25,4,-29.9589440176616
01-Aug-2026 01:04:36,-157.452667861986,-29.3456809154706,0,26,26,26,3,-29.3456809154706
01-Aug-2026 01:04:38,-157.570594805726,-29.4636078592098,0,26,26,26,3,-29.4636078592098
01-Aug-2026 01:04:40,-156.906130846461,-28.799143899945,0,26,26,26,3,-28.799143899945
01-Aug-2026 01:04:42,-156.675733618162,-28.568746671646,0,26,26,26,4,-28.568746671646
01-Aug-2026 01:04:44,-156.329705304093,-28.2227183575767,0,26,26,26,5,-28.2227183575767
01-Aug-2026 01:04:46,-156.014380908429,-27.9073939619128,0,26,26,26,5,-27.9073939619128
01-Aug-2026 01:04:48,-155.289732271141,-27.1827453246254,0,27,27,27,6,-27.1827453246254
01-Aug-2026 01:04:50,-154.887357622344,-26.7803706758279,0,27,27,27,8,-26.7803706758279
01-Aug-2026 01:04:52,-154.930861235971,-26.823874289455,0,28,28,28,8,-26.823874289455
01-Aug-2026 01:04:54,-154.491878453824,-26.3848915073085,0,28,28,28,8,-26.3848915073085
01-Aug-2026 01:04:56,-174.990699724366,-46.8837127778498,0,28,28,28,8,-46.8837127778498
01-Aug-2026 01:04:58,-175.290335697568,-47.1833487510522,0,27,27,27,9,-47.1833487510522
01-Aug-2026 01:05:00,-175.2272890588,-47.1203021122842,0,26,26,26,8,-47.1203021122842
01-Aug-2026 01:05:02,-174.725884238304,-46.6188972917879,0,26,26,26,8,-46.6188972917879
01-Aug-2026 01:05:04,-174.483607888089,-46.3766209415731,0,26,26,26,7,-46.3766209415731
01-Aug-2026 01:05:06,-174.113823511562,-46.0068365650458,0,27,27,27,8,-46.0068365650458
01-Aug-2026 01:05:08,-173.577068064353,-45.4700811178373,0,27,27,27,9,-45.4700811178373
01-Aug-2026 01:05:10,-180.418433243725,-52.3114462972095,0,26,26,26,7,-52.3114462972095
01-Aug-2026 01:05:12,-180.465419945852,-52.3584329993363,0,25,25,25,6,-52.3584329993363
01-Aug-2026 01:05:14,-180.628659958706,-52.5216730121906,0,25,25,25,5,-52.5216730121906
01-Aug-2026 01:05:16,-180.889117287252,-52.7821303407362,0,25,25,25,5,-52.7821303407362
01-Aug-2026 01:05:18,-180.983772661727,-52.876785715211,0,25,25,25,5,-52.876785715211
01-Aug-2026 01:05:20,-180.648093152538,-52.5411062060221,0,25,25,25,5,-52.5411062060221
01-Aug-2026 01:05:22,-180.187139674424,-52.0801527279078,0,25,25,25,6,-52.0801527279078
01-Aug-2026 01:05:24,-180.250133917929,-52.1431469714129,0,25,25,25,6,-52.1431469714129
01-Aug-2026 01:05:26,-184.467010089171,-56.3600231426551,0,25,25,25,5,-56.3600231426551
01-Aug-2026 01:05:28,-184.448409914235,-56.3414229677192,0,25,25,25,5,-56.3414229677192
01-Aug-2026 01:05:30,-184.242742363916,-56.1357554174,0,25,25,25,5,-56.1357554174
01-Aug-2026 01:05:32,-184.35891613936,-56.2519291928437,0,25,25,25,5,-56.2519291928437
01-Aug-2026 01:05:34,-184.326898406597,-56.2199114600812,0,25,25,25,4,-56.2199114600812
01-Aug-2026 01:05:36,-184.105915734025,-55.9989287875093,0,25,25,25,3,-55.9989287875093
01-Aug-2026 01:05:38,-183.684371598319,-55.5773846518028,0,25,25,25,3,-55.5773846518028
01-Aug-2026 01:05:40,-179.766210534683,-51.6592235881673,0,25,25,25,4,-51.6592235881673
01-Aug-2026 01:05:42,-179.593768139409,-51.4867811928928,0,25,25,25,5,-51.4867811928928
01-Aug-2026 01:05:44,-170.101127830301,-41.9941408837855,0,25,25,25,7,-41.9941408837855
01-Aug-2026 01:05:46,-170.031943834731,-41.9249568882151,0,25,25,25,7,-41.9249568882151
01-Aug-2026 01:05:48,-169.700149417242,-41.5931624707258,0,25,25,25,6,-41.5931624707258
01-Aug-2026 01:05:50,-170.096764359608,-41.9897774130921,0,25,25,25,6,-41.9897774130921
01-Aug-2026 01:05:52,-169.684218336109,-41.5772313895933,0,24,24,24,7,-41.5772313895933
01-Aug-2026 01:05:54,-170.434129381637,-42.3271424351209,0,24,24,24,7,-42.3271424351209
01-Aug-2026 01:05:56,-170.63778368091,-42.530796734394,0,24,24,24,6,-42.530796734394
01-Aug-2026 01:05:58,-171.609103396378,-43.5021164498624,0,23,23,23,5,-43.5021164498624
01-Aug-2026 01:06:00,-169.917147171202,-41.8101602246863,0,23,23,23,5,-41.8101602246863
01-Aug-2026 01:06:02,-169.788729545998,-41.6817425994817,0,23,23,23,4,-41.6817425994817
01-Aug-2026 01:06:04,-168.904975559441,-40.7979886129254,0,23,23,23,4,-40.7979886129254
01-Aug-2026 01:06:06,-168.240917762555,-40.1339308160389,0,23,23,23,3,-40.1339308160389
01-Aug-2026 01:06:08,-168.124036228008,-40.0170492814925,0,23,23,23,3,-40.0170492814925
01-Aug-2026 01:06:10,-167.669497410563,-39.5625104640467,0,23,23,23,3,-39.5625104640467
01-Aug-2026 01:06:12,-163.202854384672,-35.0958674381557,0,23,23,23,4,-35.0958674381557
01-Aug-2026 01:06:14,-162.458757092269,-34.3517701457528,0,23,23,23,4,-34.3517701457528
01-Aug-2026 01:06:16,-161.989651419849,-33.8826644733334,0,24,24,24,5,-33.8826644733334
01-Aug-2026 01:06:18,-162.389878625133,-34.2828916786167,0,24,24,24,5,-34.2828916786167
01-Aug-2026 01:06:20,-162.33320691212,-34.2262199656043,0,24,24,24,5,-34.2262199656043
01-Aug-2026 01:06:22,-162.00818329123,-33.9011963447145,0,24,24,24,4,-33.9011963447145
01-Aug-2026 01:06:24,-161.896058319276,-33.7890713727597,0,24,24,24,5,-33.7890713727597
01-Aug-2026 01:06:26,-163.105288882656,-34.9983019361401,0,24,24,24,4,-34.9983019361401
01-Aug-2026 01:06:28,-162.101684413485,-33.9946974669689,0,24,24,24,4,-33.9946974669689
01-Aug-2026 01:06:30,-161.312880132579,-33.2058931860627,0,24,24,24,4,-33.2058931860627
01-Aug-2026 01:06:32,-161.217219594151,-33.110232647635,0,24,24,24,4,-33.110232647635
01-Aug-2026 01:06:34,-160.67263187432,-32.5656449278046,0,24,24,24,5,-32.5656449278046
01-Aug-2026 01:06:36,-159.883960156294,-31.7769732097786,0,24,24,24,5,-31.7769732097786
01-Aug-2026 01:06:38,-159.555673336274,-31.4486863897579,0,23,23,23,5,-31.4486863897579
01-Aug-2026 01:06:40,-159.147435996073,-31.0404490495571,0,24,24,24,5,-31.0404490495571
01-Aug-2026 01:06:42,-159.563986131972,-31.4569991854563,0,24,24,24,5,-31.4569991854563
01-Aug-2026 01:06:44,-158.060773477538,-29.9537865310217,0,24,24,24,6,-29.9537865310217
01-Aug-2026 01:06:46,-157.120712426022,-29.0137254795061,0,24,24,24,6,-29.0137254795061
01-Aug-2026 01:06:48,-156.783338161641,-28.6763512151246,0,25,25,25,7,-28.6763512151246
01-Aug-2026 01:06:50,-156.49232987638,-28.3853429298637,0,25,25,25,7,-28.3853429298637
01-Aug-2026 01:06:52,-157.936917782125,-29.8299308356096,0,25,25,25,6,-29.8299308356096
01-Aug-2026 01:06:54,-157.172475578257,-29.0654886317411,0,24,24,24,5,-29.0654886317411
01-Aug-2026 01:06:56,-157.009366347793,-28.9023794012768,0,24,24,24,6,-28.9023794012768
01-Aug-2026 01:06:58,-156.370558528169,-28.2635715816534,0,24,24,24,6,-28.2635715816534
01-Aug-2026 01:07:00,-154.522460993147,-26.4154740466316,0,25,25,25,6,-26.4154740466316
01-Aug-2026 01:07:02,-150.92624586173,-22.8192589152144,0,25,25,25,5,-22.8192589152144
01-Aug-2026 01:07:04,-151.800016831068,-23.6930298845521,0,26,26,26,7,-23.6930298845521
01-Aug-2026 01:07:06,-151.757279043975,-23.6502920974591,0,26,26,26,7,-23.6502920974591
01-Aug-2026 01:07:08,-151.615855467903,-23.5088685213867,0,26,26,26,7,-23.5088685213867
01-Aug-2026 01:07:10,-151.608215289234,-23.5012283427184,0,26,26,26,7,-23.5012283427184
01-Aug-2026 01:07:12,-175.63597530773,-47.5289883612145,0,26,26,26,7,-47.5289883612145
01-Aug-2026 01:07:14,-176.270438828436,-48.1634518819198,0,26,26,26,6,-48.1634518819198
01-Aug-2026 01:07:16,-166.577593321193,-38.4706063746774,0,26,26,26,7,-38.4706063746774
01-Aug-2026 01:07:18,-166.126453735671,-38.0194667891547,0,26,26,26,6,-38.0194667891547
01-Aug-2026 01:07:20,-166.364799906715,-38.2578129601989,0,26,26,26,7,-38.2578129601989
01-Aug-2026 01:07:22,-165.942586304447,-37.835599357931,0,26,26,26,7,-37.835599357931
01-Aug-2026 01:07:24,-164.404486221012,-36.2974992744957,0,25,25,25,8,-36.2974992744957
01-Aug-2026 01:07:26,-164.957426085109,-36.8504391385932,0,25,25,25,8,-36.8504391385932
01-Aug-2026 01:07:28,-165.202688720269,-37.095701773753,0,25,25,25,6,-37.095701773753
01-Aug-2026 01:07:30,-166.260374435886,-38.15338748937,0,25,25,25,5,-38.15338748937
01-Aug-2026 01:07:32,-165.69964055207,-37.592653605554,0,25,25,25,5,-37.592653605554
01-Aug-2026 01:07:34,-166.673370718273,-38.5663837717574,0,25,25,25,5,-38.5663837717574
01-Aug-2026 01:07:36,-166.520977364382,-38.4139904178661,0,25,25,25,5,-38.4139904178661
01-Aug-2026 01:07:38,-167.116646889428,-39.0096599429118,0,25,25,25,6,-39.0096599429118
01-Aug-2026 01:07:40,-167.140736876316,-39.0337499298004,0,26,26,26,6,-39.0337499298004
01-Aug-2026 01:07:42,-166.579019887705,-38.4720329411896,0,26,26,26,6,-38.4720329411896
01-Aug-2026 01:07:44,-165.911472588938,-37.8044856424219,0,26,26,26,6,-37.8044856424219
01-Aug-2026 01:07:46,-179.222125268427,-51.1151383219115,0,26,26,26,4,-51.1151383219115
01-Aug-2026 01:07:48,-186.249794125606,-58.1428071790904,0,25,25,25,2,-58.1428071790904
01-Aug-2026 01:07:50,-184.754497800091,-56.6475108535749,0,25,25,25,3,-56.6475108535749
01-Aug-2026 01:07:52,-184.470527286124,-56.3635403396079,0,25,25,25,3,-56.3635403396079
01-Aug-2026 01:07:54,-184.411687890655,-56.3047009441393,0,25,25,25,3,-56.3047009441393
01-Aug-2026 01:07:56,-176.296234881851,-48.1892479353351,0,25,25,25,4,-48.1892479353351
01-Aug-2026 01:07:58,-176.504532961355,-48.3975460148396,0,25,25,25,4,-48.3975460148396
01-Aug-2026 01:08:00,-176.897570121914,-48.7905831753981,0,25,25,25,5,-48.7905831753981
01-Aug-2026 01:08:02,-177.370426721475,-49.2634397749589,0,25,25,25,5,-49.2634397749589
01-Aug-2026 01:08:04,-178.327888308427,-50.2209013619116,0,25,25,25,4,-50.2209013619116
01-Aug-2026 01:08:06,-178.996848950555,-50.8898620040391,0,25,25,25,4,-50.8898620040391
01-Aug-2026 01:08:08,-179.315862033487,-51.2088750869711,0,25,25,25,5,-51.2088750869711
01-Aug-2026 01:08:10,-185.075367958313,-56.9683810117968,0,25,25,25,5,-56.9683810117968
01-Aug-2026 01:08:12,-185.424142147589,-57.3171552010728,0,25,25,25,4,-57.3171552010728
01-Aug-2026 01:08:14,-185.506136269565,-57.3991493230492,0,25,25,25,4,-57.3991493230492
01-Aug-2026 01:08:16,-185.633454080234,-57.5264671337184,0,25,25,25,4,-57.5264671337184
01-Aug-2026 01:08:18,-193.887949177742,-65.7809622312265,0,25,25,25,2,-65.7809622312265
01-Aug-2026 01:08:20,-192.821870699777,-64.7148837532607,0,26,26,26,3,-64.7148837532607
01-Aug-2026 01:08:22,-188.851748187308,-60.7447612407922,0,25,25,25,4,-60.7447612407922
01-Aug-2026 01:08:24,-187.886743963857,-59.7797570173412,0,25,25,25,4,-59.7797570173412
01-Aug-2026 01:08:26,-187.49084256846,-59.3838556219439,0,25,25,25,4,-59.3838556219439
01-Aug-2026 01:08:28,-186.85399212784,-58.7470051813244,0,25,25,25,5,-58.7470051813244
01-Aug-2026 01:08:30,-184.101086918446,-55.9940999719301,0,26,26,26,5,-55.9940999719301
01-Aug-2026 01:08:32,-184.088540297216,-55.9815533507001,0,26,26,26,5,-55.9815533507001
01-Aug-2026 01:08:34,-184.314939732572,-56.2079527860566,0,26,26,26,5,-56.2079527860566
01-Aug-2026 01:08:36,-183.436098422452,-55.3291114759357,0,26,26,26,6,-55.3291114759357
01-Aug-2026 01:08:38,-186.202162955551,-58.0951760090355,0,26,26,26,6,-58.0951760090355
01-Aug-2026 01:08:40,-186.067217687779,-57.9602307412631,0,26,26,26,6,-57.9602307412631
01-Aug-2026 01:08:42,-186.654212116486,-58.5472251699703,0,26,26,26,5,-58.5472251699703
01-Aug-2026 01:08:44,-184.00502274592,-55.8980357994043,0,26,26,26,6,-55.8980357994043
01-Aug-2026 01:08:46,-184.223319882248,-56.1163329357323,0,28,28,28,6,-56.1163329357323
01-Aug-2026 01:08:48,-184.00764485453,-55.900657908014,0,27,27,27,7,-55.900657908014
01-Aug-2026 01:08:50,-183.768556580011,-55.6615696334952,0,27,27,27,7,-55.6615696334952
01-Aug-2026 01:08:52,-184.447232880557,-56.3402459340416,0,26,26,26,6,-56.3402459340416
01-Aug-2026 01:08:54,-184.534941792689,-56.4279548461727,0,26,26,26,7,-56.4279548461727
01-Aug-2026 01:08:56,-185.2273487967,-57.1203618501839,0,27,27,27,7,-57.1203618501839
01-Aug-2026 01:08:58,-185.394892459249,-57.2879055127327,0,26,26,26,7,-57.2879055127327
01-Aug-2026 01:09:00,-186.271823711151,-58.1648367646354,0,25,25,25,6,-58.1648367646354
01-Aug-2026 01:09:02,-185.802674513865,-57.6956875673492,0,25,25,25,6,-57.6956875673492
01-Aug-2026 01:09:04,-186.419171552863,-58.312184606347,0,25,25,25,5,-58.312184606347
01-Aug-2026 01:09:06,-186.126459970138,-58.019473023622,0,25,25,25,6,-58.019473023622
01-Aug-2026 01:09:08,-186.389900448502,-58.2829135019865,0,25,25,25,6,-58.2829135019865
01-Aug-2026 01:09:10,-186.538636637418,-58.4316496909018,0,25,25,25,6,-58.4316496909018
01-Aug-2026 01:09:12,-186.741492770435,-58.6345058239194,0,25,25,25,6,-58.6345058239194
01-Aug-2026 01:09:14,-186.705510955862,-58.5985240093458,0,25,25,25,6,-58.5985240093458
01-Aug-2026 01:09:16,-186.89363688272,-58.7866499362036,0,25,25,25,6,-58.7866499362036
01-Aug-2026 01:09:18,-186.648427226988,-58.5414402804722,0,25,25,25,6,-58.5414402804722
01-Aug-2026 01:09:20,-187.604096721678,-59.497109775162,0,25,25,25,5,-59.497109775162
01-Aug-2026 01:09:22,-187.993006834764,-59.8860198882477,0,25,25,25,5,-59.8860198882477
01-Aug-2026 01:09:24,-188.215098104897,-60.1081111583813,0,25,25,25,5,-60.1081111583813
01-Aug-2026 01:09:26,-169.658708290607,-41.551721344091,0,25,25,25,6,-41.551721344091
01-Aug-2026 01:09:28,-170.006880671764,-41.8998937252481,0,25,25,25,6,-41.8998937252481
01-Aug-2026 01:09:30,-171.00647883266,-42.8994918861442,0,25,25,25,6,-42.8994918861442
01-Aug-2026 01:09:32,-171.558238284456,-43.4512513379406,0,25,25,25,6,-43.4512513379406
01-Aug-2026 01:09:34,-171.63531413507,-43.5283271885539,0,25,25,25,8,-43.5283271885539
01-Aug-2026 01:09:36,-172.023918371642,-43.9169314251257,0,25,25,25,6,-43.9169314251257
01-Aug-2026 01:09:38,-172.069811225283,-43.9628242787673,0,24,24,24,7,-43.9628242787673
01-Aug-2026 01:09:40,-172.761346819005,-44.6543598724893,0,24,24,24,8,-44.6543598724893
01-Aug-2026 01:09:42,-172.651236332143,-44.5442493856276,0,24,24,24,7,-44.5442493856276
01-Aug-2026 01:09:44,-171.813408709925,-43.7064217634088,0,24,24,24,7,-43.7064217634088
01-Aug-2026 01:09:46,-172.384567467365,-44.2775805208494,0,24,24,24,7,-44.2775805208494
01-Aug-2026 01:09:48,-172.485499359325,-44.3785124128094,0,24,24,24,7,-44.3785124128094
01-Aug-2026 01:09:50,-166.201416766405,-38.0944298198894,0,24,24,24,9,-38.0944298198894
01-Aug-2026 01:09:52,-166.383977487273,-38.2769905407574,0,23,23,23,8,-38.2769905407574
01-Aug-2026 01:09:54,-166.750422646144,-38.6434356996281,0,23,23,23,8,-38.6434356996281
01-Aug-2026 01:09:56,-166.274207471593,-38.1672205250767,0,23,23,23,7,-38.1672205250767
01-Aug-2026 01:09:58,-166.326217511133,-38.2192305646175,0,23,23,23,7,-38.2192305646175
01-Aug-2026 01:10:00,-166.25241622839,-38.1454292818738,0,23,23,23,7,-38.1454292818738
01-Aug-2026 01:10:02,-165.756091288661,-37.6491043421456,0,23,23,23,7,-37.6491043421456
01-Aug-2026 01:10:04,-165.663062325482,-37.5560753789659,0,24,24,24,7,-37.5560753789659
01-Aug-2026 01:10:06,-165.139524309669,-37.0325373631531,0,24,24,24,7,-37.0325373631531
01-Aug-2026 01:10:08,-164.545639868843,-36.4386529223276,0,24,24,24,7,-36.4386529223276
01-Aug-2026 01:10:10,-164.90690514043,-36.7999181939141,0,24,24,24,6,-36.7999181939141
01-Aug-2026 01:10:12,-165.301690282242,-37.1947033357264,0,24,24,24,5,-37.1947033357264
01-Aug-2026 01:10:14,-165.634589975097,-37.5276030285808,0,24,24,24,5,-37.5276030285808
01-Aug-2026 01:10:16,-165.527547352572,-37.4205604060557,0,24,24,24,5,-37.4205604060557
01-Aug-2026 01:10:18,-165.366234789457,-37.2592478429407,0,24,24,24,6,-37.2592478429407
01-Aug-2026 01:10:20,-165.154378366118,-37.0473914196022,0,24,24,24,6,-37.0473914196022
01-Aug-2026 01:10:22,-165.529280599083,-37.422293652567,0,24,24,24,6,-37.422293652567
01-Aug-2026 01:10:24,-164.971723024003,-36.8647360774876,0,24,24,24,7,-36.8647360774876
01-Aug-2026 01:10:26,-165.049623867652,-36.9426369211361,0,24,24,24,7,-36.9426369211361
01-Aug-2026 01:10:28,-164.869304086803,-36.7623171402872,0,24,24,24,7,-36.7623171402872
01-Aug-2026 01:10:30,-165.547800064689,-37.4408131181733,0,24,24,24,7,-37.4408131181733
01-Aug-2026 01:10:32,-165.436412255504,-37.3294253089883,0,24,24,24,7,-37.3294253089883
01-Aug-2026 01:10:34,-164.899437211525,-36.7924502650093,0,24,24,24,7,-36.7924502650093
01-Aug-2026 01:10:36,-164.940889982621,-36.8339030361047,0,24,24,24,8,-36.8339030361047
01-Aug-2026 01:10:38,-164.549389927528,-36.4424029810124,0,24,24,24,8,-36.4424029810124
01-Aug-2026 01:10:40,-164.306088902165,-36.1991019556488,0,25,25,25,6,-36.1991019556488
01-Aug-2026 01:10:42,-165.173850976397,-37.0668640298809,0,25,25,25,6,-37.0668640298809
01-Aug-2026 01:10:44,-165.083533007308,-36.9765460607926,0,24,24,24,5,-36.9765460607926
01-Aug-2026 01:10:46,-183.349926961095,-55.2429400145793,0,25,25,25,5,-55.2429400145793
01-Aug-2026 01:10:48,-182.194697083992,-54.0877101374757,0,25,25,25,5,-54.0877101374757
01-Aug-2026 01:10:50,-181.682366425712,-53.5753794791963,0,25,25,25,5,-53.5753794791963
01-Aug-2026 01:10:52,-181.204800473026,-53.0978135265106,0,25,25,25,5,-53.0978135265106
01-Aug-2026 01:10:54,-180.26820147006,-52.1612145235446,0,25,25,25,5,-52.1612145235446
01-Aug-2026 01:10:56,-179.612427622909,-51.5054406763933,0,26,26,26,5,-51.5054406763933
01-Aug-2026 01:10:58,-179.310685369929,-51.2036984234133,0,26,26,26,5,-51.2036984234133
01-Aug-2026 01:11:00,-189.757414014721,-61.6504270682054,0,26,26,26,3,-61.6504270682054
01-Aug-2026 01:11:02,-189.430251105548,-61.3232641590319,0,26,26,26,3,-61.3232641590319
01-Aug-2026 01:11:04,-189.330818632955,-61.2238316864388,0,26,26,26,3,-61.2238316864388
01-Aug-2026 01:11:06,-191.390047123567,-63.2830601770513,0,26,26,26,3,-63.2830601770513
01-Aug-2026 01:11:08,-190.894832691497,-62.7878457449807,0,26,26,26,3,-62.7878457449807
01-Aug-2026 01:11:10,-191.082913150682,-62.9759262041659,0,26,26,26,3,-62.9759262041659
01-Aug-2026 01:11:12,-181.400678531195,-53.2936915846796,0,26,26,26,4,-53.2936915846796
01-Aug-2026 01:11:14,-181.178719224929,-53.0717322784129,0,25,25,25,4,-53.0717322784129
01-Aug-2026 01:11:16,-181.518482750346,-53.4114958038298,0,25,25,25,3,-53.4114958038298
01-Aug-2026 01:11:18,-180.96926891794,-52.8622819714244,0,25,25,25,4,-52.8622819714244
01-Aug-2026 01:11:20,-181.178336807847,-53.0713498613316,0,25,25,25,4,-53.0713498613316
01-Aug-2026 01:11:22,-181.766782634386,-53.6597956878705,0,25,25,25,4,-53.6597956878705
01-Aug-2026 01:11:24,-189.947447279932,-61.8404603334162,0,25,25,25,5,-61.8404603334162
01-Aug-2026 01:11:26,-189.097415709685,-60.9904287631696,0,25,25,25,7,-60.9904287631696
01-Aug-2026 01:11:28,-186.451790637938,-58.3448036914223,0,25,25,25,7,-58.3448036914223
01-Aug-2026 01:11:30,-188.846673372381,-60.7396864258652,0,25,25,25,7,-60.7396864258652
01-Aug-2026 01:11:32,-190.119207739904,-62.0122207933879,0,25,25,25,6,-62.0122207933879
01-Aug-2026 01:11:34,-190.039088043773,-61.932101097257,0,25,25,25,6,-61.932101097257
01-Aug-2026 01:11:36,-190.322346542359,-62.2153595958436,0,25,25,25,5,-62.2153595958436
01-Aug-2026 01:11:38,-193.65882771372,-65.5518407672039,0,25,25,25,4,-65.5518407672039
01-Aug-2026 01:11:40,-193.595638723344,-65.4886517768282,0,25,25,25,4,-65.4886517768282
01-Aug-2026 01:11:42,-192.886827877497,-64.7798409309809,0,25,25,25,4,-64.7798409309809
01-Aug-2026 01:11:44,-192.513402101934,-64.4064151554176,0,25,25,25,4,-64.4064151554176
01-Aug-2026 01:11:46,-190.769969080922,-62.6629821344065,0,25,25,25,5,-62.6629821344065
01-Aug-2026 01:11:48,-190.632745005365,-62.5257580588492,0,25,25,25,4,-62.5257580588492
01-Aug-2026 01:11:50,-190.551032147358,-62.4440452008421,0,25,25,25,4,-62.4440452008421
01-Aug-2026 01:11:52,-169.197506672497,-41.0905197259816,0,25,25,25,6,-41.0905197259816
01-Aug-2026 01:11:54,-169.108328479832,-41.0013415333158,0,25,25,25,5,-41.0013415333158
01-Aug-2026 01:11:56,-169.007228869098,-40.9002419225822,0,25,25,25,3,-40.9002419225822
01-Aug-2026 01:11:58,-169.258707014406,-41.1517200678902,0,25,25,25,3,-41.1517200678902
01-Aug-2026 01:12:00,-160.902831425163,-32.7958444786473,0,25,25,25,4,-32.7958444786473
01-Aug-2026 01:12:02,-162.377248311925,-34.2702613654095,0,25,25,25,3,-34.2702613654095
01-Aug-2026 01:12:04,-163.252107276665,-35.1451203301489,0,25,25,25,3,-35.1451203301489
01-Aug-2026 01:12:06,-163.672965907894,-35.5659789613786,0,25,25,25,3,-35.5659789613786
01-Aug-2026 01:12:08,-181.395531493643,-53.2885445471275,0,25,25,25,3,-53.2885445471275
01-Aug-2026 01:12:10,-182.384606394976,-54.2776194484599,0,25,25,25,3,-54.2776194484599
01-Aug-2026 01:12:12,-183.204144605075,-55.0971576585593,0,26,26,26,3,-55.0971576585593
01-Aug-2026 01:12:14,-183.148105071545,-55.0411181250296,0,26,26,26,3,-55.0411181250296
01-Aug-2026 01:12:16,-183.271257576457,-55.1642706299409,0,25,25,25,4,-55.1642706299409
01-Aug-2026 01:12:18,-183.191316090327,-55.0843291438111,0,25,25,25,5,-55.0843291438111
01-Aug-2026 01:12:20,-184.263156542012,-56.1561695954964,0,25,25,25,5,-56.1561695954964
01-Aug-2026 01:12:22,-183.933357444257,-55.8263704977414,0,26,26,26,5,-55.8263704977414
01-Aug-2026 01:12:24,-181.489601720566,-53.3826147740499,0,26,26,26,6,-53.3826147740499
01-Aug-2026 01:12:26,-181.426616017472,-53.3196290709559,0,26,26,26,5,-53.3196290709559
01-Aug-2026 01:12:28,-181.143282336443,-53.0362953899276,0,26,26,26,6,-53.0362953899276
01-Aug-2026 01:12:30,-183.980267166181,-55.873280219665,0,26,26,26,6,-55.873280219665
01-Aug-2026 01:12:32,-183.067647804753,-54.9606608582376,0,26,26,26,6,-54.9606608582376
01-Aug-2026 01:12:34,-182.838198299441,-54.7312113529247,0,26,26,26,6,-54.7312113529247
01-Aug-2026 01:12:36,-190.597860858415,-62.4908739118991,0,25,25,25,5,-62.4908739118991
01-Aug-2026 01:12:38,-191.025195128983,-62.9182081824672,0,26,26,26,4,-62.9182081824672
01-Aug-2026 01:12:40,-193.086450719614,-64.9794637730978,0,26,26,26,3,-64.9794637730978
01-Aug-2026 01:12:42,-193.361989101458,-65.255002154942,0,26,26,26,3,-65.255002154942
01-Aug-2026 01:12:44,-193.129245326114,-65.0222583795986,0,26,26,26,3,-65.0222583795986
01-Aug-2026 01:12:46,-192.268941280747,-64.1619543342314,0,25,25,25,4,-64.1619543342314
01-Aug-2026 01:12:48,-192.627306282187,-64.5203193356709,0,26,26,26,4,-64.5203193356709
01-Aug-2026 01:12:50,-193.117955152873,-65.0109682063573,0,25,25,25,3,-65.0109682063573
01-Aug-2026 01:12:52,-193.491747041039,-65.3847600945232,0,25,25,25,3,-65.3847600945232
01-Aug-2026 01:12:54,-193.617314301131,-65.5103273546151,0,25,25,25,3,-65.5103273546151
01-Aug-2026 01:12:56,-194.964425847027,-66.8574389005111,0,25,25,25,2,-66.8574389005111
01-Aug-2026 01:12:58,-196.343786930817,-68.2367999843008,0,25,25,25,1,-68.2367999843008
01-Aug-2026 01:13:00,-196.596191411777,-68.4892044652609,0,25,25,25,1,-68.4892044652609
01-Aug-2026 01:13:02,-196.757003578729,-68.6500166322135,0,25,25,25,1,-68.6500166322135
01-Aug-2026 01:13:04,-196.675522333038,-68.5685353865221,0,25,25,25,1,-68.5685353865221
01-Aug-2026 01:13:06,-193.912545978625,-65.8055590321091,0,25,25,25,2,-65.8055590321091
01-Aug-2026 01:13:08,-190.53881819414,-62.4318312476245,0,25,25,25,3,-62.4318312476245
01-Aug-2026 01:13:10,-190.517803068157,-62.4108161216413,0,25,25,25,3,-62.4108161216413
01-Aug-2026 01:13:12,-190.623717015493,-62.5167300689774,0,25,25,25,3,-62.5167300689774
01-Aug-2026 01:13:14,-190.636378121787,-62.5293911752707,0,25,25,25,4,-62.5293911752707
01-Aug-2026 01:13:16,-190.351718353735,-62.244731407219,0,25,25,25,4,-62.244731407219
01-Aug-2026 01:13:18,-190.075033398327,-61.9680464518107,0,25,25,25,5,-61.9680464518107
01-Aug-2026 01:13:20,-189.798280885671,-61.6912939391552,0,25,25,25,5,-61.6912939391552
01-Aug-2026 01:13:22,-188.210312784686,-60.1033258381706,0,25,25,25,6,-60.1033258381706
01-Aug-2026 01:13:24,-188.811016706427,-60.7040297599116,0,24,24,24,5,-60.7040297599116
01-Aug-2026 01:13:26,-161.219092426328,-33.1121054798116,0,24,24,24,7,-33.1121054798116
01-Aug-2026 01:13:28,-162.317700074561,-34.2107131280448,0,24,24,24,7,-34.2107131280448
01-Aug-2026 01:13:30,-162.668768898304,-34.561781951788,0,24,24,24,7,-34.561781951788
01-Aug-2026 01:13:32,-162.282797238379,-34.1758102918631,0,24,24,24,6,-34.1758102918631
01-Aug-2026 01:13:34,-162.634913843587,-34.5279268970712,0,24,24,24,6,-34.5279268970712
01-Aug-2026 01:13:36,-162.586537696746,-34.4795507502297,0,24,24,24,6,-34.4795507502297
01-Aug-2026 01:13:38,-162.858221821943,-34.7512348754273,0,24,24,24,6,-34.7512348754273
01-Aug-2026 01:13:40,-163.730876558709,-35.6238896121929,0,24,24,24,6,-35.6238896121929
01-Aug-2026 01:13:42,-163.155263376194,-35.048276429678,0,24,24,24,5,-35.048276429678
01-Aug-2026 01:13:44,-163.347349548191,-35.2403626016752,0,23,23,23,5,-35.2403626016752
01-Aug-2026 01:13:46,-163.742434872819,-35.6354479263033,0,23,23,23,6,-35.6354479263033
01-Aug-2026 01:13:48,-163.942367828475,-35.8353808819591,0,23,23,23,6,-35.8353808819591
01-Aug-2026 01:13:50,-163.878544256399,-35.7715573098828,0,24,24,24,5,-35.7715573098828
01-Aug-2026 01:13:52,-165.031836528741,-36.9248495822251,0,24,24,24,6,-36.9248495822251
01-Aug-2026 01:13:54,-165.477385221927,-37.3703982754109,0,24,24,24,6,-37.3703982754109
01-Aug-2026 01:13:56,-166.246193306326,-38.1392063598102,0,24,24,24,5,-38.1392063598102
01-Aug-2026 01:13:58,-165.482261162196,-37.3752742156805,0,24,24,24,5,-37.3752742156805
01-Aug-2026 01:14:00,-165.113184311792,-37.0061973652764,0,24,24,24,4,-37.0061973652764
01-Aug-2026 01:14:02,-165.995310515937,-37.8883235694207,0,24,24,24,5,-37.8883235694207
01-Aug-2026 01:14:04,-166.176984137581,-38.0699971910649,0,24,24,24,5,-38.0699971910649
01-Aug-2026 01:14:06,-180.315858866488,-52.2088719199724,0,24,24,24,4,-52.2088719199724
01-Aug-2026 01:14:08,-180.398232324716,-52.2912453781998,0,24,24,24,4,-52.2912453781998
01-Aug-2026 01:14:10,-180.25926731088,-52.1522803643638,0,24,24,24,5,-52.1522803643638
01-Aug-2026 01:14:12,-180.860397283103,-52.7534103365874,0,24,24,24,5,-52.7534103365874
01-Aug-2026 01:14:14,-180.801698405455,-52.6947114589396,0,24,24,24,5,-52.6947114589396
01-Aug-2026 01:14:16,-180.702032311924,-52.5950453654086,0,25,25,25,5,-52.5950453654086
01-Aug-2026 01:14:18,-180.881860791959,-52.7748738454434,0,24,24,24,4,-52.7748738454434
01-Aug-2026 01:14:20,-180.552516722752,-52.4455297762358,0,24,24,24,5,-52.4455297762358
01-Aug-2026 01:14:22,-180.582380410185,-52.4753934636692,0,24,24,24,4,-52.4753934636692
01-Aug-2026 01:14:24,-180.810765740715,-52.7037787941993,0,24,24,24,3,-52.7037787941993
01-Aug-2026 01:14:26,-181.248873266549,-53.1418863200333,0,24,24,24,3,-53.1418863200333
01-Aug-2026 01:14:28,-181.433277101681,-53.3262901551653,0,24,24,24,3,-53.3262901551653
01-Aug-2026 01:14:30,-181.248969600382,-53.1419826538663,0,24,24,24,4,-53.1419826538663
01-Aug-2026 01:14:32,-193.668720789519,-65.5617338430031,0,26,26,26,3,-65.5617338430031
01-Aug-2026 01:14:34,-193.942419337735,-65.8354323912193,0,26,26,26,3,-65.8354323912193
01-Aug-2026 01:14:36,-191.389954226683,-63.2829672801674,0,25,25,25,4,-63.2829672801674
01-Aug-2026 01:14:38,-192.034717149375,-63.9277302028588,0,25,25,25,3,-63.9277302028588
01-Aug-2026 01:14:40,-191.63435670283,-63.5273697563141,0,25,25,25,3,-63.5273697563141
01-Aug-2026 01:14:42,-191.087806266009,-62.9808193194929,0,25,25,25,4,-62.9808193194929
01-Aug-2026 01:14:44,-191.162880155978,-63.0558932094626,0,25,25,25,4,-63.0558932094626
01-Aug-2026 01:14:46,-190.765480722504,-62.6584937759884,0,25,25,25,4,-62.6584937759884
01-Aug-2026 01:14:48,-187.792056396103,-59.6850694495869,0,26,26,26,7,-59.6850694495869
01-Aug-2026 01:14:50,-188.482454440192,-60.3754674936758,0,26,26,26,6,-60.3754674936758
01-Aug-2026 01:14:52,-188.843860311192,-60.7368733646765,0,26,26,26,5,-60.7368733646765
01-Aug-2026 01:14:54,-191.191968344065,-63.0849813975488,0,26,26,26,4,-63.0849813975488
01-Aug-2026 01:14:56,-191.291653300707,-63.1846663541916,0,26,26,26,4,-63.1846663541916
01-Aug-2026 01:14:58,-191.461655485356,-63.3546685388401,0,25,25,25,4,-63.3546685388401
01-Aug-2026 01:15:00,-190.544767313368,-62.4377803668525,0,25,25,25,4,-62.4377803668525
01-Aug-2026 01:15:02,-190.303607151977,-62.196620205461,0,25,25,25,4,-62.196620205461
01-Aug-2026 01:15:04,-189.396575602859,-61.2895886563429,0,25,25,25,5,-61.2895886563429
01-Aug-2026 01:15:06,-189.486859234172,-61.3798722876562,0,24,24,24,5,-61.3798722876562
01-Aug-2026 01:15:08,-158.642365015829,-30.5353780693131,0,24,24,24,6,-30.5353780693131
01-Aug-2026 01:15:10,-159.182195974416,-31.0752090279005,0,25,25,25,6,-31.0752090279005
01-Aug-2026 01:15:12,-159.178597855006,-31.0716109084897,0,25,25,25,6,-31.0716109084897
01-Aug-2026 01:15:14,-159.56742849985,-31.4604415533341,0,25,25,25,5,-31.4604415533341
01-Aug-2026 01:15:16,-159.584616256,-31.4776293094839,0,25,25,25,5,-31.4776293094839
01-Aug-2026 01:15:18,-159.84448140173,-31.7374944552142,0,25,25,25,4,-31.7374944552142
01-Aug-2026 01:15:20,-191.623324507544,-63.5163375610281,0,25,25,25,3,-63.5163375610281
01-Aug-2026 01:15:22,-191.396582531742,-63.2895955852257,0,25,25,25,3,-63.2895955852257
01-Aug-2026 01:15:24,-191.60013576228,-63.4931488157645,0,25,25,25,3,-63.4931488157645
01-Aug-2026 01:15:26,-192.04385326419,-63.9368663176745,0,25,25,25,3,-63.9368663176745
01-Aug-2026 01:15:28,-192.002700065632,-63.8957131191157,0,25,25,25,3,-63.8957131191157
01-Aug-2026 01:15:30,-190.22046739605,-62.1134804495338,0,25,25,25,4,-62.1134804495338
01-Aug-2026 01:15:32,-192.502962860051,-64.3959759135348,0,25,25,25,3,-64.3959759135348
01-Aug-2026 01:15:34,-191.695421528633,-63.5884345821174,0,25,25,25,4,-63.5884345821174
01-Aug-2026 01:15:36,-194.202347189498,-66.095360242982,0,25,25,25,3,-66.095360242982
01-Aug-2026 01:15:38,-182.145010036344,-54.0380230898285,0,25,25,25,5,-54.0380230898285
01-Aug-2026 01:15:40,-182.126953868299,-54.0199669217833,0,25,25,25,4,-54.0199669217833
01-Aug-2026 01:15:42,-181.927718044936,-53.8207310984204,0,25,25,25,5,-53.8207310984204
01-Aug-2026 01:15:44,-181.532556089963,-53.4255691434474,0,25,25,25,6,-53.4255691434474
01-Aug-2026 01:15:46,-181.598122991686,-53.4911360451704,0,25,25,25,6,-53.4911360451704
01-Aug-2026 01:15:48,-182.199669415749,-54.0926824692327,0,25,25,25,5,-54.0926824692327
01-Aug-2026 01:15:50,-177.716512300352,-49.6095253538357,0,25,25,25,7,-49.6095253538357
01-Aug-2026 01:15:52,-164.80379906858,-36.6968121220646,0,25,25,25,8,-36.6968121220646
01-Aug-2026 01:15:54,-165.803461660128,-37.6964747136124,0,25,25,25,8,-37.6964747136124
01-Aug-2026 01:15:56,-176.733364089588,-48.6263771430719,0,25,25,25,7,-48.6263771430719
01-Aug-2026 01:15:58,-176.117094369253,-48.0101074227371,0,25,25,25,8,-48.0101074227371
01-Aug-2026 01:16:00,-176.318205425139,-48.2112184786236,0,25,25,25,8,-48.2112184786236
01-Aug-2026 01:16:02,-162.170007942702,-34.0630209961866,0,26,26,26,9,-34.0630209961866
01-Aug-2026 01:16:04,-161.521794980304,-33.4148080337878,0,26,26,26,8,-33.4148080337878
01-Aug-2026 01:16:06,-161.012761727244,-32.9057747807281,0,26,26,26,8,-32.9057747807281
01-Aug-2026 01:16:08,-160.914137098829,-32.8071501523127,0,26,26,26,8,-32.8071501523127
01-Aug-2026 01:16:10,-176.050515359884,-47.9435284133677,0,25,25,25,9,-47.9435284133677
01-Aug-2026 01:16:12,-175.95827598123,-47.8512890347144,0,25,25,25,9,-47.8512890347144
01-Aug-2026 01:16:14,-175.888368801183,-47.7813818546674,0,26,26,26,9,-47.7813818546674
01-Aug-2026 01:16:16,-182.105387219051,-53.9984002725348,0,26,26,26,9,-53.9984002725348
01-Aug-2026 01:16:18,-182.400675653011,-54.2936887064952,0,26,26,26,8,-54.2936887064952
01-Aug-2026 01:16:20,-182.524415416717,-54.4174284702013,0,26,26,26,9,-54.4174284702013
01-Aug-2026 01:16:22,-182.821270354255,-54.7142834077387,0,26,26,26,9,-54.7142834077387
01-Aug-2026 01:16:24,-182.794558002198,-54.6875710556819,0,26,26,26,8,-54.6875710556819
01-Aug-2026 01:16:26,-188.340853751942,-60.2338668054261,0,25,25,25,6,-60.2338668054261
01-Aug-2026 01:16:28,-182.559327694769,-54.4523407482527,0,25,25,25,5,-54.4523407482527
01-Aug-2026 01:16:30,-182.212279488365,-54.1052925418493,0,25,25,25,6,-54.1052925418493
01-Aug-2026 01:16:32,-182.207282257398,-54.100295310882,0,26,26,26,6,-54.100295310882
01-Aug-2026 01:16:34,-179.699739663016,-51.5927527165002,0,24,24,24,7,-51.5927527165002
01-Aug-2026 01:16:36,-179.868838919651,-51.7618519731348,0,24,24,24,6,-51.7618519731348
01-Aug-2026 01:16:38,-179.802561383044,-51.6955744365279,0,24,24,24,6,-51.6955744365279
01-Aug-2026 01:16:40,-179.880679174721,-51.7736922282055,0,24,24,24,6,-51.7736922282055
01-Aug-2026 01:16:42,-179.801168292425,-51.6941813459096,0,25,25,25,6,-51.6941813459096
01-Aug-2026 01:16:44,-179.599903470784,-51.4929165242681,0,25,25,25,6,-51.4929165242681
01-Aug-2026 01:16:46,-179.389421820928,-51.2824348744121,0,25,25,25,6,-51.2824348744121
01-Aug-2026 01:16:48,-180.81705554286,-52.7100685963441,0,25,25,25,6,-52.7100685963441
01-Aug-2026 01:16:50,-180.17540387234,-52.068416925824,0,25,25,25,6,-52.068416925824
01-Aug-2026 01:16:52,-180.086443363779,-51.9794564172627,0,25,25,25,6,-51.9794564172627
01-Aug-2026 01:16:54,-186.651782908917,-58.5447959624015,0,25,25,25,7,-58.5447959624015
01-Aug-2026 01:16:56,-186.675018689359,-58.5680317428431,0,25,25,25,7,-58.5680317428431
01-Aug-2026 01:16:58,-186.545842512115,-58.4388555655989,0,25,25,25,7,-58.4388555655989
01-Aug-2026 01:17:00,-186.255918055004,-58.1489311084885,0,25,25,25,7,-58.1489311084885
01-Aug-2026 01:17:02,-186.025776158305,-57.9187892117894,0,25,25,25,7,-57.9187892117894
01-Aug-2026 01:17:04,-185.892622681232,-57.7856357347164,0,25,25,25,6,-57.7856357347164
01-Aug-2026 01:17:06,-187.125312176244,-59.0183252297285,0,25,25,25,4,-59.0183252297285
01-Aug-2026 01:17:08,-186.992941281643,-58.8859543351273,0,25,25,25,4,-58.8859543351273
01-Aug-2026 01:17:10,-186.754499313102,-58.6475123665861,0,25,25,25,4,-58.6475123665861
01-Aug-2026 01:17:12,-186.187353242316,-58.0803662958004,0,24,24,24,2,-58.0803662958004
01-Aug-2026 01:17:14,-184.872338313766,-56.7653513672503,0,24,24,24,2,-56.7653513672503
01-Aug-2026 01:17:16,-176.189668562926,-48.0826816164106,0,24,24,24,2,-48.0826816164106
01-Aug-2026 01:17:18,-175.751881487134,-47.6448945406178,0,24,24,24,3,-47.6448945406178
01-Aug-2026 01:17:20,-175.823972535058,-47.7169855885419,0,24,24,24,3,-47.7169855885419
01-Aug-2026 01:17:22,-174.756833142039,-46.6498461955233,0,24,24,24,4,-46.6498461955233
01-Aug-2026 01:17:24,-174.401716648193,-46.2947297016767,0,24,24,24,5,-46.2947297016767
01-Aug-2026 01:17:26,-173.759637970397,-45.6526510238815,0,24,24,24,5,-45.6526510238815
01-Aug-2026 01:17:28,-173.17950166121,-45.072514714694,0,24,24,24,5,-45.072514714694
01-Aug-2026 01:17:30,-172.897068245595,-44.7900812990793,0,24,24,24,5,-44.7900812990793
01-Aug-2026 01:17:32,-172.321256711583,-44.2142697650671,0,24,24,24,5,-44.2142697650671
01-Aug-2026 01:17:34,-171.495566374716,-43.3885794281999,0,24,24,24,5,-43.3885794281999
01-Aug-2026 01:17:36,-171.218402199843,-43.111415253327,0,24,24,24,5,-43.111415253327
01-Aug-2026 01:17:38,-169.90863100009,-41.8016440535745,0,24,24,24,5,-41.8016440535745
01-Aug-2026 01:17:40,-168.613285353612,-40.5062984070964,0,24,24,24,5,-40.5062984070964
01-Aug-2026 01:17:42,-168.672355339228,-40.5653683927121,0,24,24,24,4,-40.5653683927121
01-Aug-2026 01:17:44,-166.838077586632,-38.7310906401165,0,24,24,24,4,-38.7310906401165
01-Aug-2026 01:17:46,-164.614103176417,-36.507116229901,0,24,24,24,4,-36.507116229901
01-Aug-2026 01:17:48,-163.576124071635,-35.4691371251195,0,24,24,24,4,-35.4691371251195
01-Aug-2026 01:17:50,-162.35589045013,-34.2489035036138,0,24,24,24,4,-34.2489035036138
01-Aug-2026 01:17:52,-161.637459125176,-33.5304721786597,0,24,24,24,4,-33.5304721786597
01-Aug-2026 01:17:54,-161.845559295019,-33.7385723485029,0,24,24,24,6,-33.7385723485029
01-Aug-2026 01:17:56,-162.847850394356,-34.7408634478405,0,24,24,24,5,-34.7408634478405
01-Aug-2026 01:17:58,-164.171015172543,-36.0640282260273,0,24,24,24,4,-36.0640282260273
01-Aug-2026 01:18:00,-166.671653839798,-38.5646668932822,0,24,24,24,4,-38.5646668932822
01-Aug-2026 01:18:02,-168.545406366106,-40.4384194195905,0,24,24,24,4,-40.4384194195905
01-Aug-2026 01:18:04,-171.225748510832,-43.1187615643161,0,25,25,25,5,-43.1187615643161
01-Aug-2026 01:18:06,-172.89700017574,-44.7900132292239,0,25,25,25,6,-44.7900132292239
01-Aug-2026 01:18:08,-175.164230458573,-47.0572435120571,0,25,25,25,6,-47.0572435120571
01-Aug-2026 01:18:10,-176.90881450072,-48.8018275542043,0,24,24,24,6,-48.8018275542043
01-Aug-2026 01:18:12,-177.675979550739,-49.5689926042236,0,24,24,24,6,-49.5689926042236
01-Aug-2026 01:18:14,-176.68985888364,-48.5828719371245,0,24,24,24,6,-48.5828719371245
01-Aug-2026 01:18:16,-176.73992666382,-48.6329397173037,0,24,24,24,6,-48.6329397173037
01-Aug-2026 01:18:18,-176.9866503171,-48.8796633705836,0,25,25,25,5,-48.8796633705836
01-Aug-2026 01:18:20,-177.844276143205,-49.7372891966893,0,25,25,25,4,-49.7372891966893
01-Aug-2026 01:18:22,-177.765688101107,-49.6587011545913,0,25,25,25,5,-49.6587011545913
01-Aug-2026 01:18:24,-178.238922574801,-50.1319356282856,0,26,26,26,5,-50.1319356282856
01-Aug-2026 01:18:26,-179.084477652331,-50.977490705815,0,25,25,25,4,-50.977490705815
01-Aug-2026 01:18:28,-177.008159084643,-48.9011721381271,0,25,25,25,5,-48.9011721381271
01-Aug-2026 01:18:30,-176.543651180452,-48.4366642339361,0,25,25,25,5,-48.4366642339361
01-Aug-2026 01:18:32,-175.910742753742,-47.8037558072264,0,24,24,24,6,-47.8037558072264
01-Aug-2026 01:18:34,-175.318774460289,-47.2117875137733,0,24,24,24,7,-47.2117875137733
01-Aug-2026 01:18:36,-174.893227908564,-46.7862409620479,0,24,24,24,7,-46.7862409620479
01-Aug-2026 01:18:38,-174.786652326075,-46.679665379559,0,24,24,24,7,-46.679665379559
01-Aug-2026 01:18:40,-174.262374604017,-46.1553876575013,0,25,25,25,8,-46.1553876575013
01-Aug-2026 01:18:42,-173.654637544479,-45.5476505979631,0,25,25,25,8,-45.5476505979631
01-Aug-2026 01:18:44,-172.754157647405,-44.6471707008893,0,25,25,25,8,-44.6471707008893
01-Aug-2026 01:18:46,-172.336817494109,-44.2298305475932,0,25,25,25,9,-44.2298305475932
01-Aug-2026 01:18:48,-171.063549925574,-42.9565629790577,0,25,25,25,9,-42.9565629790577
01-Aug-2026 01:18:50,-169.143229362154,-41.0362424156384,0,25,25,25,9,-41.0362424156384
01-Aug-2026 01:18:52,-166.676475657483,-38.5694887109669,0,25,25,25,9,-38.5694887109669
01-Aug-2026 01:18:54,-165.173297444459,-37.066310497943,0,26,26,26,10,-37.066310497943
01-Aug-2026 01:18:56,-163.923731364298,-35.8167444177818,0,26,26,26,8,-35.8167444177818
01-Aug-2026 01:18:58,-161.876755996204,-33.7697690496877,0,25,25,25,7,-33.7697690496877
01-Aug-2026 01:19:00,-160.392397270505,-32.2854103239894,0,25,25,25,8,-32.2854103239894
01-Aug-2026 01:19:02,-159.234751222341,-31.1277642758255,0,25,25,25,8,-31.1277642758255
01-Aug-2026 01:19:04,-159.556812408013,-31.4498254614972,0,25,25,25,7,-31.4498254614972
01-Aug-2026 01:19:06,-161.386605609329,-33.2796186628134,0,25,25,25,7,-33.2796186628134
01-Aug-2026 01:19:08,-163.587688294641,-35.4807013481249,0,25,25,25,7,-35.4807013481249
01-Aug-2026 01:19:10,-163.93127059042,-35.8242836439045,0,25,25,25,7,-35.8242836439045
01-Aug-2026 01:19:12,-165.665302037321,-37.5583150908055,0,25,25,25,8,-37.5583150908055
01-Aug-2026 01:19:14,-167.675117941102,-39.5681309945864,0,25,25,25,7,-39.5681309945864
01-Aug-2026 01:19:16,-170.312246198818,-42.2052592523017,0,25,25,25,7,-42.2052592523017
01-Aug-2026 01:19:18,-188.153285343329,-60.0462983968133,0,25,25,25,5,-60.0462983968133
01-Aug-2026 01:19:20,-188.153272305137,-60.046285358621,0,25,25,25,5,-60.046285358621
01-Aug-2026 01:19:22,-184.217470186659,-56.1104832401434,0,25,25,25,6,-56.1104832401434
01-Aug-2026 01:19:24,-183.643436509829,-55.5364495633133,0,25,25,25,6,-55.5364495633133
01-Aug-2026 01:19:26,-184.65384674743,-56.5468598009141,0,25,25,25,5,-56.5468598009141
01-Aug-2026 01:19:28,-184.533224382214,-56.4262374356982,0,25,25,25,5,-56.4262374356982
01-Aug-2026 01:19:30,-184.904952944008,-56.7979659974922,0,25,25,25,5,-56.7979659974922
01-Aug-2026 01:19:32,-184.83137325422,-56.7243863077039,0,25,25,25,5,-56.7243863077039
01-Aug-2026 01:19:34,-181.620430899367,-53.5134439528515,0,25,25,25,6,-53.5134439528515
01-Aug-2026 01:19:36,-181.367173100244,-53.2601861537278,0,25,25,25,7,-53.2601861537278
01-Aug-2026 01:19:38,-182.083532957114,-53.9765460105986,0,25,25,25,7,-53.9765460105986
01-Aug-2026 01:19:40,-181.831731114572,-53.7247441680558,0,25,25,25,8,-53.7247441680558
01-Aug-2026 01:19:42,-185.271316694963,-57.1643297484473,0,25,25,25,6,-57.1643297484473
01-Aug-2026 01:19:44,-185.044701541245,-56.9377145947295,0,25,25,25,6,-56.9377145947295
01-Aug-2026 01:19:46,-185.244402842906,-57.1374158963903,0,25,25,25,5,-57.1374158963903
01-Aug-2026 01:19:48,-184.754601614685,-56.6476146681692,0,25,25,25,7,-56.6476146681692
01-Aug-2026 01:19:50,-184.789126748777,-56.6821398022614,0,25,25,25,7,-56.6821398022614
01-Aug-2026 01:19:52,-165.412557446021,-37.3055704995048,0,25,25,25,8,-37.3055704995048
01-Aug-2026 01:19:54,-166.358588097272,-38.2516011507561,0,26,26,26,8,-38.2516011507561
01-Aug-2026 01:19:56,-166.856937068054,-38.7499501215378,0,26,26,26,7,-38.7499501215378
01-Aug-2026 01:19:58,-167.824418546169,-39.7174315996536,0,26,26,26,6,-39.7174315996536
01-Aug-2026 01:20:00,-168.436925674653,-40.3299387281369,0,26,26,26,6,-40.3299387281369
01-Aug-2026 01:20:02,-168.793553959972,-40.6865670134562,0,26,26,26,6,-40.6865670134562
01-Aug-2026 01:20:04,-168.807668364548,-40.700681418032,0,25,25,25,6,-40.700681418032
01-Aug-2026 01:20:06,-168.701534423702,-40.5945474771861,0,26,26,26,6,-40.5945474771861
01-Aug-2026 01:20:08,-168.805785686276,-40.69879873976,0,26,26,26,7,-40.69879873976
01-Aug-2026 01:20:10,-169.119869912634,-41.0128829661177,0,26,26,26,8,-41.0128829661177
01-Aug-2026 01:20:12,-169.976814850273,-41.8698279037574,0,26,26,26,8,-41.8698279037574
01-Aug-2026 01:20:14,-169.142928884347,-41.0359419378312,0,25,25,25,7,-41.0359419378312
01-Aug-2026 01:20:16,-169.155705425182,-41.0487184786663,0,25,25,25,7,-41.0487184786663
01-Aug-2026 01:20:18,-169.448018651538,-41.3410317050225,0,25,25,25,7,-41.3410317050225
01-Aug-2026 01:20:20,-169.400206466178,-41.2932195196626,0,24,24,24,7,-41.2932195196626
01-Aug-2026 01:20:22,-169.531525464994,-41.424538518478,0,24,24,24,7,-41.424538518478
01-Aug-2026 01:20:24,-169.292736721554,-41.1857497750383,0,25,25,25,6,-41.1857497750383
01-Aug-2026 01:20:26,-169.911707335613,-41.8047203890967,0,23,23,23,6,-41.8047203890967
01-Aug-2026 01:20:28,-170.453583889853,-42.3465969433369,0,24,24,24,7,-42.3465969433369
01-Aug-2026 01:20:30,-171.445602096627,-43.3386151501114,0,24,24,24,8,-43.3386151501114
01-Aug-2026 01:20:32,-171.58207405255,-43.4750871060346,0,24,24,24,9,-43.4750871060346
01-Aug-2026 01:20:34,-171.816996423811,-43.7100094772952,0,24,24,24,9,-43.7100094772952
01-Aug-2026 01:20:36,-171.723032858686,-43.6160459121704,0,24,24,24,9,-43.6160459121704
01-Aug-2026 01:20:38,-171.94984426951,-43.8428573229939,0,24,24,24,9,-43.8428573229939
01-Aug-2026 01:20:40,-182.769256539758,-54.6622695932421,0,24,24,24,8,-54.6622695932421
01-Aug-2026 01:20:42,-182.6955944665,-54.5886075199837,0,24,24,24,8,-54.5886075199837
01-Aug-2026 01:20:44,-182.588185606797,-54.4811986602812,0,25,25,25,8,-54.4811986602812
01-Aug-2026 01:20:46,-182.214858237959,-54.1078712914427,0,25,25,25,9,-54.1078712914427
01-Aug-2026 01:20:48,-182.250753670586,-54.1437667240698,0,25,25,25,9,-54.1437667240698
01-Aug-2026 01:20:50,-181.821901344786,-53.7149143982704,0,25,25,25,9,-53.7149143982704
01-Aug-2026 01:20:52,-172.227461112803,-44.1204741662868,0,25,25,25,9,-44.1204741662868
01-Aug-2026 01:20:54,-172.352811106772,-44.2458241602561,0,25,25,25,9,-44.2458241602561
01-Aug-2026 01:20:56,-181.461449144841,-53.3544621983255,0,25,25,25,8,-53.3544621983255
01-Aug-2026 01:20:58,-181.43668152404,-53.3296945775245,0,24,24,24,8,-53.3296945775245
01-Aug-2026 01:21:00,-181.536010172552,-53.4290232260364,0,24,24,24,8,-53.4290232260364
01-Aug-2026 01:21:02,-186.650971687505,-58.5439847409892,0,24,24,24,6,-58.5439847409892
01-Aug-2026 01:21:04,-186.772320172979,-58.6653332264635,0,24,24,24,6,-58.6653332264635
01-Aug-2026 01:21:06,-183.592528233096,-55.48554128658,0,24,24,24,8,-55.48554128658
01-Aug-2026 01:21:08,-183.554372234877,-55.4473852883615,0,24,24,24,8,-55.4473852883615
01-Aug-2026 01:21:10,-183.924703994146,-55.8177170476302,0,24,24,24,8,-55.8177170476302
01-Aug-2026 01:21:12,-184.107324617417,-56.0003376709016,0,24,24,24,8,-56.0003376709016
01-Aug-2026 01:21:14,-185.533898988331,-57.426912041815,0,24,24,24,6,-57.426912041815
01-Aug-2026 01:21:16,-185.37793426956,-57.2709473230445,0,24,24,24,6,-57.2709473230445
01-Aug-2026 01:21:18,-184.568127924121,-56.461140977605,0,24,24,24,7,-56.461140977605
01-Aug-2026 01:21:20,-184.656795338141,-56.5498083916256,0,24,24,24,7,-56.5498083916256
01-Aug-2026 01:21:22,-184.26581107119,-56.1588241246742,0,24,24,24,8,-56.1588241246742
01-Aug-2026 01:21:24,-184.305480548826,-56.1984936023105,0,25,25,25,8,-56.1984936023105
01-Aug-2026 01:21:26,-184.337301482713,-56.2303145361968,0,25,25,25,8,-56.2303145361968
01-Aug-2026 01:21:28,-184.317626624743,-56.2106396782274,0,25,25,25,7,-56.2106396782274
01-Aug-2026 01:21:30,-184.567922140868,-56.4609351943519,0,25,25,25,7,-56.4609351943519
01-Aug-2026 01:21:32,-184.6910368328,-56.5840498862845,0,24,24,24,6,-56.5840498862845
01-Aug-2026 01:21:34,-187.082782896293,-58.9757959497767,0,24,24,24,4,-58.9757959497767
01-Aug-2026 01:21:36,-186.094955000584,-57.9879680540681,0,24,24,24,6,-57.9879680540681
01-Aug-2026 01:21:38,-186.035907492896,-57.9289205463805,0,24,24,24,6,-57.9289205463805
01-Aug-2026 01:21:40,-186.218077312378,-58.1110903658622,0,24,24,24,6,-58.1110903658622
01-Aug-2026 01:21:42,-186.024882933923,-57.9178959874072,0,24,24,24,6,-57.9178959874072
01-Aug-2026 01:21:44,-186.090644901405,-57.9836579548895,0,24,24,24,5,-57.9836579548895
01-Aug-2026 01:21:46,-167.063116336732,-38.9561293902161,0,24,24,24,7,-38.9561293902161
01-Aug-2026 01:21:48,-166.525483736487,-38.418496789971,0,24,24,24,7,-38.418496789971
01-Aug-2026 01:21:50,-165.939819862644,-37.8328329161282,0,24,24,24,7,-37.8328329161282
01-Aug-2026 01:21:52,-165.332595555312,-37.2256086087964,0,25,25,25,8,-37.2256086087964
01-Aug-2026 01:21:54,-165.79139109251,-37.6844041459939,0,26,26,26,8,-37.6844041459939
01-Aug-2026 01:21:56,-165.452300405943,-37.3453134594275,0,26,26,26,8,-37.3453134594275
01-Aug-2026 01:21:58,-164.760814836421,-36.6538278899048,0,26,26,26,8,-36.6538278899048
01-Aug-2026 01:22:00,-164.152462200008,-36.0454752534924,0,25,25,25,7,-36.0454752534924
01-Aug-2026 01:22:02,-163.943485916432,-35.836498969916,0,25,25,25,7,-35.836498969916
01-Aug-2026 01:22:04,-163.668727433684,-35.5617404871679,0,24,24,24,7,-35.5617404871679
01-Aug-2026 01:22:06,-163.378620644466,-35.27163369795,0,25,25,25,6,-35.27163369795
01-Aug-2026 01:22:08,-163.737234865678,-35.6302479191624,0,25,25,25,8,-35.6302479191624
01-Aug-2026 01:22:10,-163.902416109355,-35.7954291628391,0,25,25,25,8,-35.7954291628391
01-Aug-2026 01:22:12,-163.149112352207,-35.0421254056907,0,25,25,25,7,-35.0421254056907
01-Aug-2026 01:22:14,-163.513729997473,-35.406743050957,0,25,25,25,7,-35.406743050957
01-Aug-2026 01:22:16,-164.246161091946,-36.1391741454306,0,25,25,25,6,-36.1391741454306
01-Aug-2026 01:22:18,-163.591061170843,-35.4840742243273,0,25,25,25,7,-35.4840742243273
01-Aug-2026 01:22:20,-162.748870087978,-34.6418831414626,0,25,25,25,5,-34.6418831414626
01-Aug-2026 01:22:22,-162.08070328289,-33.973716336374,0,25,25,25,4,-33.973716336374
01-Aug-2026 01:22:24,-161.099752511272,-32.9927655647565,0,25,25,25,4,-32.9927655647565
01-Aug-2026 01:22:26,-161.619872074087,-33.5128851275707,0,25,25,25,4,-33.5128851275707
01-Aug-2026 01:22:28,-160.183831659714,-32.0768447131982,0,25,25,25,4,-32.0768447131982
01-Aug-2026 01:22:30,-159.17654057867,-31.0695536321546,0,25,25,25,5,-31.0695536321546
01-Aug-2026 01:22:32,-157.891570056189,-29.7845831096734,0,26,26,26,7,-29.7845831096734
01-Aug-2026 01:22:34,-155.443723984235,-27.3367370377191,0,26,26,26,7,-27.3367370377191
01-Aug-2026 01:22:36,-154.021593303619,-25.9146063571027,0,26,26,26,6,-25.9146063571027
01-Aug-2026 01:22:38,-153.674794489396,-25.56780754288,0,26,26,26,6,-25.56780754288
01-Aug-2026 01:22:40,-177.638709395877,-49.5317224493613,0,27,27,27,8,-49.5317224493613
01-Aug-2026 01:22:42,-177.902304018745,-49.7953170722294,0,27,27,27,8,-49.7953170722294
01-Aug-2026 01:22:44,-178.131048552171,-50.0240616056549,0,27,27,27,8,-50.0240616056549
01-Aug-2026 01:22:46,-178.104215218655,-49.9972282721395,0,27,27,27,8,-49.9972282721395
01-Aug-2026 01:22:48,-178.536087053679,-50.4291001071632,0,27,27,27,7,-50.4291001071632
01-Aug-2026 01:22:50,-184.246421724689,-56.1394347781731,0,26,26,26,6,-56.1394347781731
01-Aug-2026 01:22:52,-183.984545770315,-55.8775588237993,0,26,26,26,6,-55.8775588237993
01-Aug-2026 01:22:54,-185.472054061319,-57.3650671148035,0,26,26,26,5,-57.3650671148035
01-Aug-2026 01:22:56,-185.57900459553,-57.472017649014,0,26,26,26,5,-57.472017649014
01-Aug-2026 01:22:58,-185.75162661665,-57.6446396701339,0,26,26,26,4,-57.6446396701339
01-Aug-2026 01:23:00,-188.166790012201,-60.0598030656847,0,26,26,26,3,-60.0598030656847
01-Aug-2026 01:23:02,-188.602594264961,-60.4956073184449,0,26,26,26,3,-60.4956073184449
01-Aug-2026 01:23:04,-158.564224835996,-30.4572378894803,0,26,26,26,4,-30.4572378894803
01-Aug-2026 01:23:06,-158.551211821194,-30.4442248746778,0,26,26,26,3,-30.4442248746778
01-Aug-2026 01:23:08,-159.534376370326,-31.4273894238102,0,26,26,26,3,-31.4273894238102
01-Aug-2026 01:23:10,-161.414159972263,-33.3071730257473,0,26,26,26,3,-33.3071730257473
01-Aug-2026 01:23:12,-162.589443994923,-34.4824570484072,0,26,26,26,3,-34.4824570484072
01-Aug-2026 01:23:14,-163.841511577276,-35.73452463076,0,26,26,26,3,-35.73452463076
01-Aug-2026 01:23:16,-165.484421935408,-37.3774349888925,0,26,26,26,4,-37.3774349888925
01-Aug-2026 01:23:18,-167.403878111034,-39.2968911645178,0,26,26,26,3,-39.2968911645178
01-Aug-2026 01:23:20,-169.194793381537,-41.0878064350208,0,26,26,26,3,-41.0878064350208
01-Aug-2026 01:23:22,-170.235801234422,-42.1288142879057,0,26,26,26,3,-42.1288142879057
01-Aug-2026 01:23:24,-171.613089509583,-43.5061025630667,0,26,26,26,5,-43.5061025630667
01-Aug-2026 01:23:26,-171.769109130327,-43.662122183811,0,26,26,26,5,-43.662122183811
01-Aug-2026 01:23:28,-184.411001667346,-56.3040147208303,0,26,26,26,6,-56.3040147208303
01-Aug-2026 01:23:30,-184.243913848909,-56.1369269023936,0,26,26,26,6,-56.1369269023936
01-Aug-2026 01:23:32,-184.536688563275,-56.4297016167592,0,26,26,26,5,-56.4297016167592
01-Aug-2026 01:23:34,-185.821185813509,-57.7141988669927,0,26,26,26,6,-57.7141988669927
01-Aug-2026 01:23:36,-186.053289957122,-57.9463030106061,0,26,26,26,6,-57.9463030106061
01-Aug-2026 01:23:38,-186.961310226084,-58.8543232795685,0,26,26,26,5,-58.8543232795685
01-Aug-2026 01:23:40,-186.801188758061,-58.6942018115447,0,26,26,26,4,-58.6942018115447
01-Aug-2026 01:23:42,-187.209873290817,-59.1028863443012,0,26,26,26,4,-59.1028863443012
01-Aug-2026 01:23:44,-178.402182768148,-50.2951958216319,0,27,27,27,4,-50.2951958216319
01-Aug-2026 01:23:46,-178.142194293712,-50.0352073471963,0,27,27,27,4,-50.0352073471963
01-Aug-2026 01:23:48,-177.728941655949,-49.6219547094335,0,27,27,27,4,-49.6219547094335
01-Aug-2026 01:23:50,-177.834568614766,-49.7275816682499,0,27,27,27,4,-49.7275816682499
01-Aug-2026 01:23:52,-177.506410942935,-49.3994239964193,0,27,27,27,3,-49.3994239964193
01-Aug-2026 01:23:54,-177.950486625227,-49.8434996787107,0,27,27,27,3,-49.8434996787107
01-Aug-2026 01:23:56,-177.581991416673,-49.4750044701573,0,27,27,27,3,-49.4750044701573
01-Aug-2026 01:23:58,-177.246007163829,-49.1390202173134,0,27,27,27,2,-49.1390202173134
01-Aug-2026 01:24:00,-177.487452614745,-49.380465668229,0,27,27,27,2,-49.380465668229
01-Aug-2026 01:24:02,-177.446327582041,-49.339340635525,0,26,26,26,2,-49.339340635525
01-Aug-2026 01:24:04,-191.104133397895,-62.9971464513787,0,26,26,26,1,-62.9971464513787
01-Aug-2026 01:24:06,-191.274529568809,-63.167542622293,0,26,26,26,1,-63.167542622293
01-Aug-2026 01:24:08,-190.937844700138,-62.8308577536218,0,25,25,25,1,-62.8308577536218
01-Aug-2026 01:24:10,-191.233154405054,-63.1261674585377,0,25,25,25,1,-63.1261674585377
01-Aug-2026 01:24:12,-192.393172474054,-64.2861855275385,0,25,25,25,1,-64.2861855275385
01-Aug-2026 01:24:14,-192.49742937634,-64.3904424298244,0,24,24,24,1,-64.3904424298244
01-Aug-2026 01:24:16,-192.247407825517,-64.1404208790011,0,24,24,24,1,-64.1404208790011
01-Aug-2026 01:24:18,-191.689011062591,-63.582024116075,0,23,23,23,1,-63.582024116075
01-Aug-2026 01:24:20,-188.242792406903,-60.1358054603867,0,24,24,24,4,-60.1358054603867
01-Aug-2026 01:24:22,-188.616986190073,-60.509999243557,0,24,24,24,4,-60.509999243557
01-Aug-2026 01:24:24,-188.371242816972,-60.2642558704557,0,24,24,24,5,-60.2642558704557
01-Aug-2026 01:24:26,-178.580234240943,-50.4732472944272,0,24,24,24,6,-50.4732472944272
01-Aug-2026 01:24:28,-178.656976883561,-50.5499899370456,0,24,24,24,7,-50.5499899370456
01-Aug-2026 01:24:30,-178.430909601079,-50.3239226545631,0,24,24,24,7,-50.3239226545631
01-Aug-2026 01:24:32,-178.703197802475,-50.5962108559591,0,24,24,24,7,-50.5962108559591
01-Aug-2026 01:24:34,-188.236180997182,-60.1291940506662,0,24,24,24,6,-60.1291940506662
01-Aug-2026 01:24:36,-188.369135190573,-60.2621482440569,0,24,24,24,5,-60.2621482440569
01-Aug-2026 01:24:38,-188.394559265482,-60.2875723189665,0,24,24,24,5,-60.2875723189665
01-Aug-2026 01:24:40,-191.159549682949,-63.0525627364333,0,24,24,24,4,-63.0525627364333
01-Aug-2026 01:24:42,-191.160857271911,-63.0538703253949,0,24,24,24,4,-63.0538703253949
01-Aug-2026 01:24:44,-191.120864873613,-63.0138779270974,0,24,24,24,4,-63.0138779270974
01-Aug-2026 01:24:46,-189.225028673222,-61.1180417267065,0,23,23,23,5,-61.1180417267065
01-Aug-2026 01:24:48,-189.15976689093,-61.0527799444141,0,24,24,24,5,-61.0527799444141
01-Aug-2026 01:24:50,-189.190673908907,-61.0836869623911,0,24,24,24,5,-61.0836869623911
01-Aug-2026 01:24:52,-190.868777073342,-62.7617901268256,0,24,24,24,4,-62.7617901268256
01-Aug-2026 01:24:54,-183.100322549867,-54.9933356033509,0,24,24,24,6,-54.9933356033509
01-Aug-2026 01:24:56,-183.685688288313,-55.5787013417975,0,24,24,24,6,-55.5787013417975
01-Aug-2026 01:24:58,-184.02342923546,-55.9164422889437,0,24,24,24,5,-55.9164422889437
01-Aug-2026 01:25:00,-189.562353293307,-61.4553663467914,0,24,24,24,5,-61.4553663467914
01-Aug-2026 01:25:02,-187.946459967968,-59.8394730214519,0,24,24,24,6,-59.8394730214519
01-Aug-2026 01:25:04,-187.986538587374,-59.8795516408581,0,24,24,24,5,-59.8795516408581
01-Aug-2026 01:25:06,-187.902491621274,-59.7955046747582,0,24,24,24,5,-59.7955046747582
01-Aug-2026 01:25:08,-187.964014025538,-59.8570270790221,0,25,25,25,5,-59.8570270790221
01-Aug-2026 01:25:10,-181.86223526099,-53.7552483144744,0,25,25,25,5,-53.7552483144744
01-Aug-2026 01:25:12,-180.624658848784,-52.5176719022681,0,26,26,26,5,-52.5176719022681
01-Aug-2026 01:25:14,-179.603649157761,-51.4966622112447,0,26,26,26,6,-51.4966622112447
01-Aug-2026 01:25:16,-176.738259941514,-48.631272994998,0,26,26,26,6,-48.631272994998
01-Aug-2026 01:25:18,-173.238209892012,-45.1312229454961,0,26,26,26,6,-45.1312229454961
01-Aug-2026 01:25:20,-167.962703552839,-39.8557166063234,0,26,26,26,7,-39.8557166063234
01-Aug-2026 01:25:22,-165.690839270454,-37.5838523239381,0,26,26,26,9,-37.5838523239381
01-Aug-2026 01:25:24,-162.501994237316,-34.3950072907999,0,26,26,26,9,-34.3950072907999
01-Aug-2026 01:25:26,-159.29005804254,-31.1830710960245,0,25,25,25,8,-31.1830710960245
01-Aug-2026 01:25:28,-155.71415052257,-27.6071635760539,0,25,25,25,7,-27.6071635760539
01-Aug-2026 01:25:30,-152.306078311492,-24.1990913649758,0,25,25,25,7,-24.1990913649758
01-Aug-2026 01:25:32,-149.303393966213,-21.1964070196973,0,25,25,25,8,-21.1964070196973
01-Aug-2026 01:25:34,-147.199554227222,-19.0925672807057,0,24,24,24,8,-19.0925672807057
01-Aug-2026 01:25:36,-148.194372753719,-20.0873858072033,0,24,24,24,8,-20.0873858072033
01-Aug-2026 01:25:38,-151.582793382737,-23.4758064362212,0,24,24,24,8,-23.4758064362212
01-Aug-2026 01:25:40,-154.920496347395,-26.8135094008792,0,25,25,25,8,-26.8135094008792
01-Aug-2026 01:25:42,-158.241675078378,-30.1346881318625,0,25,25,25,9,-30.1346881318625
01-Aug-2026 01:25:44,-161.146609395226,-33.0396224487098,0,25,25,25,9,-33.0396224487098
01-Aug-2026 01:25:46,-163.13842566023,-35.0314387137137,0,25,25,25,9,-35.0314387137137
01-Aug-2026 01:25:48,-164.466381542878,-36.3593945963622,0,25,25,25,9,-36.3593945963622
01-Aug-2026 01:25:50,-164.919653869794,-36.8126669232783,0,24,24,24,8,-36.8126669232783
01-Aug-2026 01:25:52,-165.434830101251,-37.3278431547355,0,24,24,24,8,-37.3278431547355
01-Aug-2026 01:25:54,-165.814684215402,-37.7076972688858,0,25,25,25,7,-37.7076972688858
01-Aug-2026 01:25:56,-165.353607636922,-37.2466206904058,0,25,25,25,7,-37.2466206904058
01-Aug-2026 01:25:58,-164.991307340097,-36.8843203935815,0,25,25,25,5,-36.8843203935815
01-Aug-2026 01:26:00,-164.173880874796,-36.0668939282802,0,25,25,25,5,-36.0668939282802
01-Aug-2026 01:26:02,-163.794735379897,-35.6877484333815,0,25,25,25,5,-35.6877484333815
01-Aug-2026 01:26:04,-163.342495057751,-35.2355081112352,0,25,25,25,5,-35.2355081112352
01-Aug-2026 01:26:06,-163.477444782606,-35.3704578360903,0,25,25,25,5,-35.3704578360903
01-Aug-2026 01:26:08,-162.999608675909,-34.8926217293931,0,25,25,25,6,-34.8926217293931
01-Aug-2026 01:26:10,-162.875148595521,-34.7681616490054,0,25,25,25,6,-34.7681616490054
01-Aug-2026 01:26:12,-187.76722517452,-59.6602382280044,0,25,25,25,4,-59.6602382280044
01-Aug-2026 01:26:14,-184.646319171601,-56.5393322250846,0,25,25,25,6,-56.5393322250846
01-Aug-2026 01:26:16,-184.702916049034,-56.595929102518,0,25,25,25,6,-56.595929102518
01-Aug-2026 01:26:18,-184.552835822709,-56.4458488761928,0,25,25,25,6,-56.4458488761928
01-Aug-2026 01:26:20,-184.880006901639,-56.773019955123,0,25,25,25,5,-56.773019955123
01-Aug-2026 01:26:22,-155.458548667224,-27.3515617207078,0,25,25,25,3,-27.3515617207078
01-Aug-2026 01:26:24,-154.764998087175,-26.6580111406592,0,25,25,25,2,-26.6580111406592
01-Aug-2026 01:26:26,-153.925264423779,-25.8182774772629,0,27,27,27,2,-25.8182774772629
01-Aug-2026 01:26:28,-153.279674261883,-25.1726873153667,0,27,27,27,2,-25.1726873153667
01-Aug-2026 01:26:30,-153.826409124095,-25.7194221775794,0,27,27,27,1,-25.7194221775794
01-Aug-2026 01:26:32,-153.319351189843,-25.2123642433272,0,27,27,27,1,-25.2123642433272
01-Aug-2026 01:26:34,-153.393265553308,-25.2862786067917,0,27,27,27,1,-25.2862786067917
01-Aug-2026 01:26:36,-153.693079011864,-25.5860920653479,0,27,27,27,2,-25.5860920653479
01-Aug-2026 01:26:38,-153.818020272052,-25.7110333255358,0,27,27,27,2,-25.7110333255358
01-Aug-2026 01:26:40,-154.086713140673,-25.979726194157,0,26,26,26,2,-25.979726194157
01-Aug-2026 01:26:42,-154.50261325338,-26.3956263068637,0,26,26,26,3,-26.3956263068637
01-Aug-2026 01:26:44,-154.700365307556,-26.5933783610397,0,26,26,26,3,-26.5933783610397
01-Aug-2026 01:26:46,-155.06740076473,-26.9604138182144,0,26,26,26,3,-26.9604138182144
01-Aug-2026 01:26:48,-155.484984851306,-27.3779979047905,0,26,26,26,3,-27.3779979047905
01-Aug-2026 01:26:50,-156.106450111233,-27.9994631647176,0,26,26,26,3,-27.9994631647176
01-Aug-2026 01:26:52,-189.586628761321,-61.4796418148047,0,26,26,26,1,-61.4796418148047
01-Aug-2026 01:26:54,-189.770546064306,-61.6635591177906,0,26,26,26,1,-61.6635591177906
01-Aug-2026 01:26:56,-189.45505537508,-61.3480684285637,0,26,26,26,1,-61.3480684285637
01-Aug-2026 01:26:58,-187.678429780784,-59.571442834268,0,26,26,26,2,-59.571442834268
01-Aug-2026 01:27:00,-189.558658420857,-61.4516714743412,0,26,26,26,1,-61.4516714743412
01-Aug-2026 01:27:02,-188.195690272564,-60.0887033260486,0,26,26,26,2,-60.0887033260486
01-Aug-2026 01:27:04,-197.015401066062,-68.9084141195461,0,26,26,26,1,-68.9084141195461
01-Aug-2026 01:27:06,-197.067432158173,-68.9604452116576,0,26,26,26,1,-68.9604452116576
01-Aug-2026 01:27:08,-197.517562733847,-69.4105757873312,0,26,26,26,1,-69.4105757873312
01-Aug-2026 01:27:10,-187.051216719756,-58.9442297732402,0,26,26,26,4,-58.9442297732402
01-Aug-2026 01:27:12,-186.632460612124,-58.5254736656086,0,26,26,26,5,-58.5254736656086
01-Aug-2026 01:27:14,-186.605868958175,-58.4988820116595,0,26,26,26,5,-58.4988820116595
01-Aug-2026 01:27:16,-187.13906726475,-59.0320803182337,0,26,26,26,5,-59.0320803182337
01-Aug-2026 01:27:18,-187.225303392323,-59.1183164458069,0,26,26,26,5,-59.1183164458069
01-Aug-2026 01:27:20,-168.434754652106,-40.3277677055897,0,26,26,26,6,-40.3277677055897
01-Aug-2026 01:27:22,-168.858607612919,-40.751620666403,0,26,26,26,7,-40.751620666403
01-Aug-2026 01:27:24,-169.057796948554,-40.9508100020384,0,26,26,26,7,-40.9508100020384
01-Aug-2026 01:27:26,-168.995476221028,-40.8884892745124,0,26,26,26,7,-40.8884892745124
01-Aug-2026 01:27:28,-169.73960570823,-41.6326187617144,0,26,26,26,5,-41.6326187617144
01-Aug-2026 01:27:30,-187.962930439942,-59.8559434934266,0,26,26,26,4,-59.8559434934266
01-Aug-2026 01:27:32,-188.104940964428,-59.9979540179124,0,26,26,26,4,-59.9979540179124
01-Aug-2026 01:27:34,-188.177563595733,-60.0705766492171,0,26,26,26,4,-60.0705766492171
01-Aug-2026 01:27:36,-188.093251403521,-59.9862644570051,0,27,27,27,4,-59.9862644570051
01-Aug-2026 01:27:38,-183.484232200805,-55.377245254289,0,27,27,27,5,-55.377245254289
01-Aug-2026 01:27:40,-183.803725474702,-55.6967385281862,0,27,27,27,4,-55.6967385281862
01-Aug-2026 01:27:42,-184.857739011079,-56.7507520645634,0,27,27,27,3,-56.7507520645634
01-Aug-2026 01:27:44,-184.475890240818,-56.3689032943018,0,27,27,27,3,-56.3689032943018
01-Aug-2026 01:27:46,-185.0832783253,-56.9762913787841,0,27,27,27,3,-56.9762913787841
01-Aug-2026 01:27:48,-185.510915428489,-57.4039284819729,0,28,28,28,3,-57.4039284819729
01-Aug-2026 01:27:50,-185.3078143091,-57.2008273625837,0,26,26,26,3,-57.2008273625837
01-Aug-2026 01:27:52,-182.159458744023,-54.0524717975071,0,26,26,26,5,-54.0524717975071
01-Aug-2026 01:27:54,-180.511916955758,-52.4049300092424,0,25,25,25,6,-52.4049300092424
01-Aug-2026 01:27:56,-178.672310062516,-50.5653231160004,0,25,25,25,7,-50.5653231160004
01-Aug-2026 01:27:58,-178.249960235733,-50.142973289217,0,25,25,25,8,-50.142973289217
01-Aug-2026 01:28:00,-179.599087160031,-51.4921002135154,0,25,25,25,7,-51.4921002135154
01-Aug-2026 01:28:02,-166.996742927103,-38.8897559805874,0,24,24,24,7,-38.8897559805874
01-Aug-2026 01:28:04,-167.607949266184,-39.5009623196678,0,24,24,24,5,-39.5009623196678
01-Aug-2026 01:28:06,-168.15016993411,-40.0431829875943,0,24,24,24,5,-40.0431829875943
01-Aug-2026 01:28:08,-168.289396686528,-40.1824097400117,0,24,24,24,5,-40.1824097400117
01-Aug-2026 01:28:10,-167.259796785215,-39.1528098386991,0,24,24,24,6,-39.1528098386991
01-Aug-2026 01:28:12,-167.975790507982,-39.8688035614658,0,25,25,25,7,-39.8688035614658
01-Aug-2026 01:28:14,-167.765457021818,-39.6584700753023,0,25,25,25,8,-39.6584700753023
01-Aug-2026 01:28:16,-169.540354198343,-41.433367251827,0,25,25,25,7,-41.433367251827
01-Aug-2026 01:28:18,-170.430451901749,-42.3234649552335,0,25,25,25,7,-42.3234649552335
01-Aug-2026 01:28:20,-171.356292196418,-43.2493052499018,0,25,25,25,6,-43.2493052499018
01-Aug-2026 01:28:22,-170.603968668812,-42.4969817222957,0,25,25,25,5,-42.4969817222957
01-Aug-2026 01:28:24,-184.221222419605,-56.1142354730892,0,25,25,25,3,-56.1142354730892
01-Aug-2026 01:28:26,-169.601454472712,-41.494467526196,0,25,25,25,5,-41.494467526196
01-Aug-2026 01:28:28,-169.056509756589,-40.9495228100728,0,25,25,25,5,-40.9495228100728
01-Aug-2026 01:28:30,-168.604583807987,-40.4975968614711,0,26,26,26,4,-40.4975968614711
01-Aug-2026 01:28:32,-168.261722758851,-40.1547358123356,0,25,25,25,4,-40.1547358123356
01-Aug-2026 01:28:34,-168.378491640057,-40.2715046935409,0,24,24,24,4,-40.2715046935409
01-Aug-2026 01:28:36,-165.927609870956,-37.8206229244406,0,24,24,24,4,-37.8206229244406
01-Aug-2026 01:28:38,-165.862016880952,-37.755029934436,0,24,24,24,5,-37.755029934436
01-Aug-2026 01:28:40,-165.555266678794,-37.4482797322786,0,24,24,24,4,-37.4482797322786
01-Aug-2026 01:28:42,-165.2651527708,-37.1581658242842,0,24,24,24,4,-37.1581658242842
01-Aug-2026 01:28:44,-165.209958812053,-37.1029718655373,0,24,24,24,4,-37.1029718655373
01-Aug-2026 01:28:46,-165.405219179317,-37.2982322328011,0,24,24,24,4,-37.2982322328011
01-Aug-2026 01:28:48,-165.396210733958,-37.2892237874419,0,24,24,24,4,-37.2892237874419
01-Aug-2026 01:28:50,-165.074618082488,-36.9676311359724,0,24,24,24,4,-36.9676311359724
01-Aug-2026 01:28:52,-164.865678737615,-36.7586917910992,0,24,24,24,4,-36.7586917910992
01-Aug-2026 01:28:54,-165.242869934127,-37.135882987611,0,24,24,24,4,-37.135882987611
01-Aug-2026 01:28:56,-166.139947782843,-38.0329608363273,0,25,25,25,4,-38.0329608363273
01-Aug-2026 01:28:58,-166.36288118162,-38.2558942351041,0,26,26,26,4,-38.2558942351041
01-Aug-2026 01:29:00,-166.032685490133,-37.9256985436174,0,25,25,25,4,-37.9256985436174
01-Aug-2026 01:29:02,-165.049784695161,-36.9427977486451,0,25,25,25,4,-36.9427977486451
01-Aug-2026 01:29:04,-157.376504621335,-29.2695176748189,0,25,25,25,5,-29.2695176748189
01-Aug-2026 01:29:06,-156.713905081941,-28.6069181354253,0,25,25,25,5,-28.6069181354253
01-Aug-2026 01:29:08,-157.341400972325,-29.234414025809,0,25,25,25,6,-29.234414025809
01-Aug-2026 01:29:10,-158.070018915795,-29.9630319692793,0,25,25,25,6,-29.9630319692793
01-Aug-2026 01:29:12,-161.388603026174,-33.2816160796577,0,25,25,25,5,-33.2816160796577
01-Aug-2026 01:29:14,-163.815023487776,-35.7080365412605,0,25,25,25,5,-35.7080365412605
01-Aug-2026 01:29:16,-166.194701315173,-38.0877143686575,0,25,25,25,5,-38.0877143686575
01-Aug-2026 01:29:18,-168.870156431354,-40.7631694848379,0,25,25,25,7,-40.7631694848379
01-Aug-2026 01:29:20,-170.973823334806,-42.8668363882898,0,24,24,24,7,-42.8668363882898
01-Aug-2026 01:29:22,-173.383129177426,-45.2761422309102,0,24,24,24,7,-45.2761422309102
01-Aug-2026 01:29:24,-174.239198639613,-46.1322116930972,0,24,24,24,7,-46.1322116930972
01-Aug-2026 01:29:26,-174.561656285616,-46.4546693391004,0,24,24,24,8,-46.4546693391004
01-Aug-2026 01:29:28,-178.492743270438,-50.385756323922,0,25,25,25,7,-50.385756323922
01-Aug-2026 01:29:30,-178.659456123289,-50.5524691767727,0,25,25,25,8,-50.5524691767727
01-Aug-2026 01:29:32,-178.758499474247,-50.6515125277315,0,25,25,25,8,-50.6515125277315
01-Aug-2026 01:29:34,-179.996366105332,-51.8893791588157,0,25,25,25,6,-51.8893791588157
01-Aug-2026 01:29:36,-180.771301089766,-52.6643141432505,0,25,25,25,6,-52.6643141432505
01-Aug-2026 01:29:38,-181.161453688908,-53.0544667423924,0,25,25,25,5,-53.0544667423924
01-Aug-2026 01:29:40,-181.132435335343,-53.0254483888267,0,26,26,26,5,-53.0254483888267
01-Aug-2026 01:29:42,-165.461958416982,-37.3549714704658,0,25,25,25,4,-37.3549714704658
01-Aug-2026 01:29:44,-174.867758616232,-46.7607716697157,0,25,25,25,3,-46.7607716697157
01-Aug-2026 01:29:46,-175.365217686546,-47.2582307400305,0,25,25,25,4,-47.2582307400305
01-Aug-2026 01:29:48,-176.400561623203,-48.2935746766872,0,25,25,25,4,-48.2935746766872
01-Aug-2026 01:29:50,-176.412162481593,-48.3051755350767,0,25,25,25,5,-48.3051755350767
01-Aug-2026 01:29:52,-175.916337037836,-47.80935009132,0,25,25,25,6,-47.80935009132
01-Aug-2026 01:29:54,-175.463921931319,-47.3569349848034,0,25,25,25,6,-47.3569349848034
01-Aug-2026 01:29:56,-175.877714952825,-47.7707280063092,0,25,25,25,7,-47.7707280063092
01-Aug-2026 01:29:58,-175.614082039384,-47.5070950928677,0,25,25,25,6,-47.5070950928677
01-Aug-2026 01:30:00,-185.115139863093,-57.0081529165771,0,25,25,25,5,-57.0081529165771
01-Aug-2026 01:30:02,-184.864606551308,-56.7576196047918,0,25,25,25,5,-56.7576196047918
01-Aug-2026 01:30:04,-184.782632063644,-56.6756451171285,0,25,25,25,5,-56.6756451171285
01-Aug-2026 01:30:06,-184.445709015473,-56.338722068957,0,25,25,25,5,-56.338722068957
01-Aug-2026 01:30:08,-184.444025453172,-56.337038506656,0,25,25,25,4,-56.337038506656
01-Aug-2026 01:30:10,-182.366003073845,-54.2590161273292,0,25,25,25,4,-54.2590161273292
01-Aug-2026 01:30:12,-183.159899215928,-55.0529122694125,0,26,26,26,4,-55.0529122694125
01-Aug-2026 01:30:14,-182.784810084089,-54.6778231375735,0,26,26,26,5,-54.6778231375735
01-Aug-2026 01:30:16,-154.918703716732,-26.8117167702159,0,26,26,26,7,-26.8117167702159
01-Aug-2026 01:30:18,-154.605512481885,-26.4985255353693,0,27,27,27,8,-26.4985255353693
01-Aug-2026 01:30:20,-154.55960519215,-26.4526182456341,0,27,27,27,8,-26.4526182456341
01-Aug-2026 01:30:22,-154.426493391496,-26.3195064449801,0,27,27,27,8,-26.3195064449801
01-Aug-2026 01:30:24,-155.188064019146,-27.0810770726298,0,27,27,27,7,-27.0810770726298
01-Aug-2026 01:30:26,-155.681121317728,-27.574134371212,0,27,27,27,8,-27.574134371212
01-Aug-2026 01:30:28,-154.777425366924,-26.6704384204085,0,27,27,27,8,-26.6704384204085
01-Aug-2026 01:30:30,-155.532025796912,-27.4250388503963,0,27,27,27,8,-27.4250388503963
01-Aug-2026 01:30:32,-155.760091379389,-27.6531044328734,0,26,26,26,7,-27.6531044328734
01-Aug-2026 01:30:34,-156.338674411105,-28.2316874645895,0,26,26,26,7,-28.2316874645895
01-Aug-2026 01:30:36,-160.989342460047,-32.8823555135313,0,26,26,26,7,-32.8823555135313
01-Aug-2026 01:30:38,-161.687235127331,-33.5802481808152,0,26,26,26,7,-33.5802481808152
01-Aug-2026 01:30:40,-161.738911089004,-33.6319241424877,0,26,26,26,9,-33.6319241424877
01-Aug-2026 01:30:42,-162.758533930246,-34.6515469837297,0,26,26,26,9,-34.6515469837297
01-Aug-2026 01:30:44,-164.529342087053,-36.4223551405372,0,26,26,26,9,-36.4223551405372
01-Aug-2026 01:30:46,-183.495168580422,-55.3881816339063,0,26,26,26,9,-55.3881816339063
01-Aug-2026 01:30:48,-183.413875335894,-55.3068883893783,0,26,26,26,9,-55.3068883893783
01-Aug-2026 01:30:50,-183.99893984357,-55.891952897054,0,26,26,26,8,-55.891952897054
01-Aug-2026 01:30:52,-184.226575303107,-56.1195883565909,0,26,26,26,8,-56.1195883565909
01-Aug-2026 01:30:54,-188.22022163673,-60.1132346902142,0,26,26,26,6,-60.1132346902142
01-Aug-2026 01:30:56,-188.386443211984,-60.279456265468,0,26,26,26,6,-60.279456265468
01-Aug-2026 01:30:58,-188.068245929188,-59.9612589826717,0,26,26,26,7,-59.9612589826717
01-Aug-2026 01:31:00,-190.843648586512,-62.736661639996,0,26,26,26,4,-62.736661639996
01-Aug-2026 01:31:02,-190.637933694335,-62.5309467478188,0,26,26,26,4,-62.5309467478188
01-Aug-2026 01:31:04,-191.000447880915,-62.8934609343993,0,26,26,26,4,-62.8934609343993
01-Aug-2026 01:31:06,-191.130950461543,-63.0239635150275,0,26,26,26,4,-63.0239635150275
01-Aug-2026 01:31:08,-192.00683423026,-63.8998472837438,0,26,26,26,4,-63.8998472837438
01-Aug-2026 01:31:10,-188.117902913673,-60.0109159671572,0,26,26,26,5,-60.0109159671572
01-Aug-2026 01:31:12,-188.141256720866,-60.0342697743505,0,26,26,26,5,-60.0342697743505
01-Aug-2026 01:31:14,-188.536903585884,-60.4299166393681,0,26,26,26,5,-60.4299166393681
01-Aug-2026 01:31:16,-188.376166497197,-60.2691795506807,0,26,26,26,5,-60.2691795506807
01-Aug-2026 01:31:18,-188.111684273725,-60.0046973272092,0,26,26,26,5,-60.0046973272092
01-Aug-2026 01:31:20,-169.034722686759,-40.9277357402428,0,26,26,26,6,-40.9277357402428
01-Aug-2026 01:31:22,-168.742583077371,-40.6355961308556,0,26,26,26,6,-40.6355961308556
01-Aug-2026 01:31:24,-168.914229144204,-40.8072421976881,0,26,26,26,5,-40.8072421976881
01-Aug-2026 01:31:26,-168.213021822585,-40.1060348760696,0,26,26,26,5,-40.1060348760696
01-Aug-2026 01:31:28,-188.283657580611,-60.1766706340953,0,27,27,27,5,-60.1766706340953
01-Aug-2026 01:31:30,-185.479051692278,-57.3720647457617,0,27,27,27,7,-57.3720647457617
01-Aug-2026 01:31:32,-185.854103120027,-57.7471161735111,0,27,27,27,6,-57.7471161735111
01-Aug-2026 01:31:34,-185.881331292036,-57.7743443455198,0,27,27,27,6,-57.7743443455198
01-Aug-2026 01:31:36,-186.081476848859,-57.974489902343,0,27,27,27,6,-57.974489902343
01-Aug-2026 01:31:38,-186.251371694595,-58.1443847480794,0,26,26,26,5,-58.1443847480794
01-Aug-2026 01:31:40,-186.393010080326,-58.2860231338106,0,26,26,26,5,-58.2860231338106
01-Aug-2026 01:31:42,-191.826498356166,-63.7195114096497,0,25,25,25,3,-63.7195114096497
01-Aug-2026 01:31:44,-190.039921219336,-61.9329342728199,0,25,25,25,4,-61.9329342728199
01-Aug-2026 01:31:46,-187.192066514664,-59.085079568148,0,25,25,25,5,-59.085079568148
01-Aug-2026 01:31:48,-187.902309234893,-59.7953222883769,0,25,25,25,4,-59.7953222883769
01-Aug-2026 01:31:50,-187.61831628676,-59.5113293402444,0,24,24,24,4,-59.5113293402444
01-Aug-2026 01:31:52,-175.234817520069,-47.1278305735527,0,24,24,24,5,-47.1278305735527
01-Aug-2026 01:31:54,-175.42427851301,-47.3172915664941,0,24,24,24,5,-47.3172915664941
01-Aug-2026 01:31:56,-175.737974691119,-47.6309877446028,0,25,25,25,5,-47.6309877446028
01-Aug-2026 01:31:58,-175.804611606126,-47.6976246596097,0,25,25,25,3,-47.6976246596097
01-Aug-2026 01:32:00,-175.874608980649,-47.7676220341335,0,26,26,26,3,-47.7676220341335
01-Aug-2026 01:32:02,-175.870078794068,-47.7630918475523,0,25,25,25,3,-47.7630918475523
01-Aug-2026 01:32:04,-175.998365158894,-47.8913782123779,0,26,26,26,5,-47.8913782123779
01-Aug-2026 01:32:06,-175.544648179003,-47.4376612324871,0,26,26,26,5,-47.4376612324871
01-Aug-2026 01:32:08,-175.926473768667,-47.8194868221511,0,26,26,26,6,-47.8194868221511
01-Aug-2026 01:32:10,-175.6126144148,-47.5056274682841,0,26,26,26,6,-47.5056274682841
01-Aug-2026 01:32:12,-175.523253758754,-47.4162668122383,0,26,26,26,7,-47.4162668122383
01-Aug-2026 01:32:14,-175.378756028336,-47.2717690818202,0,26,26,26,8,-47.2717690818202
01-Aug-2026 01:32:16,-175.812134112952,-47.7051471664361,0,26,26,26,7,-47.7051471664361
01-Aug-2026 01:32:18,-186.549763919533,-58.4427769730169,0,25,25,25,5,-58.4427769730169
01-Aug-2026 01:32:20,-186.122602642198,-58.0156156956823,0,25,25,25,5,-58.0156156956823
01-Aug-2026 01:32:22,-187.80603256933,-59.6990456228143,0,24,24,24,5,-59.6990456228143
01-Aug-2026 01:32:24,-187.944315355749,-59.8373284092333,0,24,24,24,5,-59.8373284092333
01-Aug-2026 01:32:26,-189.813223661168,-61.706236714652,0,24,24,24,3,-61.706236714652
01-Aug-2026 01:32:28,-189.060856809052,-60.953869862536,0,24,24,24,3,-60.953869862536
01-Aug-2026 01:32:30,-188.827425883594,-60.7204389370778,0,24,24,24,3,-60.7204389370778
01-Aug-2026 01:32:32,-189.105620832795,-60.998633886279,0,24,24,24,3,-60.998633886279
01-Aug-2026 01:32:34,-189.368835093934,-61.2618481474183,0,24,24,24,3,-61.2618481474183
01-Aug-2026 01:32:36,-187.633362262254,-59.5263753157379,0,24,24,24,4,-59.5263753157379
01-Aug-2026 01:32:38,-189.497659535716,-61.3906725892002,0,24,24,24,3,-61.3906725892002
01-Aug-2026 01:32:40,-195.33622483722,-67.229237890704,0,24,24,24,3,-67.229237890704
01-Aug-2026 01:32:42,-193.577036745955,-65.4700497994389,0,23,23,23,4,-65.4700497994389
01-Aug-2026 01:32:44,-193.42033489297,-65.3133479464541,0,23,23,23,4,-65.3133479464541
01-Aug-2026 01:32:46,-193.424221290254,-65.3172343437386,0,24,24,24,4,-65.3172343437386
01-Aug-2026 01:32:48,-193.245321145166,-65.1383341986502,0,24,24,24,4,-65.1383341986502
01-Aug-2026 01:32:50,-186.700923789645,-58.5939368431294,0,24,24,24,5,-58.5939368431294
01-Aug-2026 01:32:52,-186.562981105378,-58.4559941588619,0,24,24,24,5,-58.4559941588619
01-Aug-2026 01:32:54,-186.688940033997,-58.5819530874814,0,24,24,24,5,-58.5819530874814
01-Aug-2026 01:32:56,-190.936323214287,-62.829336267771,0,24,24,24,5,-62.829336267771
01-Aug-2026 01:32:58,-192.794411710467,-64.6874247639508,0,24,24,24,4,-64.6874247639508
01-Aug-2026 01:33:00,-193.038402539338,-64.9314155928218,0,24,24,24,4,-64.9314155928218
01-Aug-2026 01:33:02,-193.692292930213,-65.5853059836969,0,24,24,24,3,-65.5853059836969
01-Aug-2026 01:33:04,-194.188637947805,-66.0816510012896,0,24,24,24,3,-66.0816510012896
01-Aug-2026 01:33:06,-194.162748788002,-66.055761841486,0,24,24,24,3,-66.055761841486
01-Aug-2026 01:33:08,-181.586046869685,-53.479059923169,0,24,24,24,3,-53.479059923169
01-Aug-2026 01:33:10,-180.761559378614,-52.6545724320984,0,24,24,24,4,-52.6545724320984
01-Aug-2026 01:33:12,-180.90232626077,-52.795339314254,0,23,23,23,4,-52.795339314254
01-Aug-2026 01:33:14,-180.954646589728,-52.8476596432123,0,24,24,24,3,-52.8476596432123
01-Aug-2026 01:33:16,-180.795143352027,-52.6881564055113,0,25,25,25,3,-52.6881564055113
01-Aug-2026 01:33:18,-177.34735052817,-49.2403635816538,0,25,25,25,4,-49.2403635816538
01-Aug-2026 01:33:20,-177.56191628711,-49.4549293405945,0,25,25,25,4,-49.4549293405945
01-Aug-2026 01:33:22,-177.597477261499,-49.4904903149834,0,25,25,25,4,-49.4904903149834
01-Aug-2026 01:33:24,-177.699667020702,-49.5926800741858,0,25,25,25,4,-49.5926800741858
01-Aug-2026 01:33:26,-177.78657402644,-49.679587079924,0,25,25,25,4,-49.679587079924
01-Aug-2026 01:33:28,-178.027851086833,-49.9208641403173,0,26,26,26,5,-49.9208641403173
01-Aug-2026 01:33:30,-177.801009901104,-49.6940229545878,0,26,26,26,5,-49.6940229545878
01-Aug-2026 01:33:32,-177.723723985305,-49.6167370387893,0,26,26,26,6,-49.6167370387893
01-Aug-2026 01:33:34,-178.370793640908,-50.2638066943926,0,25,25,25,5,-50.2638066943926
01-Aug-2026 01:33:36,-180.484107930384,-52.3771209838677,0,25,25,25,4,-52.3771209838677
01-Aug-2026 01:33:38,-180.096823446163,-51.9898364996467,0,25,25,25,4,-51.9898364996467
01-Aug-2026 01:33:40,-178.376853442735,-50.2698664962187,0,25,25,25,5,-50.2698664962187
01-Aug-2026 01:33:42,-178.195127123646,-50.0881401771301,0,25,25,25,6,-50.0881401771301
01-Aug-2026 01:33:44,-178.307776191673,-50.2007892451568,0,25,25,25,6,-50.2007892451568
01-Aug-2026 01:33:46,-178.828274538253,-50.7212875917368,0,25,25,25,6,-50.7212875917368
01-Aug-2026 01:33:48,-178.764238110934,-50.6572511644177,0,24,24,24,6,-50.6572511644177
01-Aug-2026 01:33:50,-178.778455780188,-50.6714688336721,0,25,25,25,6,-50.6714688336721
01-Aug-2026 01:33:52,-178.954519614631,-50.8475326681154,0,25,25,25,6,-50.8475326681154
01-Aug-2026 01:33:54,-178.953853856056,-50.8468669095406,0,25,25,25,6,-50.8468669095406
01-Aug-2026 01:33:56,-179.400014015734,-51.2930270692182,0,25,25,25,6,-51.2930270692182
01-Aug-2026 01:33:58,-182.437267541062,-54.3302805945459,0,25,25,25,6,-54.3302805945459
01-Aug-2026 01:34:00,-182.59988243964,-54.4928954931237,0,26,26,26,5,-54.4928954931237
01-Aug-2026 01:34:02,-170.387273198566,-42.2802862520498,0,26,26,26,5,-42.2802862520498
01-Aug-2026 01:34:04,-170.387112884068,-42.2801259375522,0,26,26,26,5,-42.2801259375522
01-Aug-2026 01:34:06,-170.162754360327,-42.0557674138111,0,26,26,26,5,-42.0557674138111
01-Aug-2026 01:34:08,-170.045349497746,-41.9383625512305,0,26,26,26,5,-41.9383625512305
01-Aug-2026 01:34:10,-170.703012999653,-42.5960260531372,0,26,26,26,6,-42.5960260531372
01-Aug-2026 01:34:12,-171.439977665681,-43.3329907191651,0,27,27,27,7,-43.3329907191651
01-Aug-2026 01:34:14,-171.691154720883,-43.5841677743666,0,27,27,27,6,-43.5841677743666
01-Aug-2026 01:34:16,-171.328020918933,-43.2210339724171,0,27,27,27,6,-43.2210339724171
01-Aug-2026 01:34:18,-170.688021055662,-42.5810341091457,0,27,27,27,6,-42.5810341091457
01-Aug-2026 01:34:20,-171.401844135762,-43.2948571892461,0,27,27,27,5,-43.2948571892461
01-Aug-2026 01:34:22,-166.561028975506,-38.4540420289901,0,27,27,27,5,-38.4540420289901
01-Aug-2026 01:34:24,-166.023600485963,-37.916613539447,0,26,26,26,5,-37.916613539447
01-Aug-2026 01:34:26,-166.221201865965,-38.1142149194494,0,26,26,26,5,-38.1142149194494
01-Aug-2026 01:34:28,-166.699743501132,-38.5927565546163,0,26,26,26,4,-38.5927565546163
01-Aug-2026 01:34:30,-161.066857542972,-32.9598705964563,0,26,26,26,5,-32.9598705964563
01-Aug-2026 01:34:32,-160.395856843294,-32.2888698967782,0,26,26,26,6,-32.2888698967782
01-Aug-2026 01:34:34,-159.432347987452,-31.3253610409366,0,26,26,26,6,-31.3253610409366
01-Aug-2026 01:34:36,-159.054742095389,-30.9477551488735,0,26,26,26,6,-30.9477551488735
01-Aug-2026 01:34:38,-156.909447044023,-28.8024600975069,0,26,26,26,7,-28.8024600975069
01-Aug-2026 01:34:40,-156.039035212176,-27.9320482656598,0,26,26,26,6,-27.9320482656598
01-Aug-2026 01:34:42,-154.732920270763,-26.6259333242469,0,26,26,26,6,-26.6259333242469
01-Aug-2026 01:34:44,-153.999945944134,-25.8929589976184,0,26,26,26,5,-25.8929589976184
01-Aug-2026 01:34:46,-153.59901639291,-25.4920294463944,0,26,26,26,4,-25.4920294463944
01-Aug-2026 01:34:48,-153.474849083848,-25.3678621373323,0,26,26,26,5,-25.3678621373323
01-Aug-2026 01:34:50,-153.743049096838,-25.6360621503222,0,26,26,26,5,-25.6360621503222
01-Aug-2026 01:34:52,-154.376445981417,-26.2694590349012,0,26,26,26,5,-26.2694590349012
01-Aug-2026 01:34:54,-155.004139117155,-26.8971521706396,0,26,26,26,3,-26.8971521706396
01-Aug-2026 01:34:56,-156.664282081494,-28.5572951349782,0,26,26,26,2,-28.5572951349782
01-Aug-2026 01:34:58,-201.601549880154,-73.4945629336378,0,26,26,26,1,-73.4945629336378
01-Aug-2026 01:35:00,-190.513477629563,-62.4064906830476,0,26,26,26,2,-62.4064906830476
01-Aug-2026 01:35:02,-190.630822791355,-62.5238358448393,0,26,26,26,3,-62.5238358448393
01-Aug-2026 01:35:04,-189.941161784453,-61.8341748379369,0,26,26,26,3,-61.8341748379369
01-Aug-2026 01:35:06,-197.709517052293,-69.6025301057776,0,26,26,26,2,-69.6025301057776
01-Aug-2026 01:35:08,-171.466029088779,-43.3590421422632,0,26,26,26,3,-43.3590421422632
01-Aug-2026 01:35:10,-171.602577580915,-43.4955906343994,0,26,26,26,3,-43.4955906343994
01-Aug-2026 01:35:12,-171.672179977151,-43.5651930306356,0,26,26,26,3,-43.5651930306356
01-Aug-2026 01:35:14,-172.116606568416,-44.0096196219004,0,26,26,26,3,-44.0096196219004
01-Aug-2026 01:35:16,-172.701673963365,-44.5946870168494,0,26,26,26,3,-44.5946870168494
01-Aug-2026 01:35:18,-181.360139584717,-53.2531526382016,0,27,27,27,4,-53.2531526382016
01-Aug-2026 01:35:20,-181.322948093066,-53.2159611465497,0,27,27,27,3,-53.2159611465497
01-Aug-2026 01:35:22,-180.567998057936,-52.4610111114197,0,27,27,27,3,-52.4610111114197
01-Aug-2026 01:35:24,-165.620457893394,-37.5134709468784,0,26,26,26,2,-37.5134709468784
01-Aug-2026 01:35:26,-180.337411464842,-52.2304245183259,0,26,26,26,1,-52.2304245183259
01-Aug-2026 01:35:28,-179.801722339876,-51.6947353933598,0,26,26,26,2,-51.6947353933598
01-Aug-2026 01:35:30,-179.243420910284,-51.1364339637683,0,26,26,26,3,-51.1364339637683
01-Aug-2026 01:35:32,-178.860317393926,-50.7533304474098,0,27,27,27,3,-50.7533304474098
01-Aug-2026 01:35:34,-178.262992958131,-50.1560060116151,0,27,27,27,3,-50.1560060116151
01-Aug-2026 01:35:36,-178.088341998793,-49.981355052277,0,25,25,25,2,-49.981355052277
01-Aug-2026 01:35:38,-177.693252475037,-49.5862655285216,0,24,24,24,3,-49.5862655285216
01-Aug-2026 01:35:40,-177.822686365659,-49.7156994191434,0,24,24,24,3,-49.7156994191434
01-Aug-2026 01:35:42,-172.712779238482,-44.6057922919658,0,24,24,24,4,-44.6057922919658
01-Aug-2026 01:35:44,-172.167883594369,-44.0608966478533,0,24,24,24,5,-44.0608966478533
01-Aug-2026 01:35:46,-172.160764782075,-44.053777835559,0,24,24,24,5,-44.053777835559
01-Aug-2026 01:35:48,-172.315220102635,-44.208233156119,0,24,24,24,5,-44.208233156119
01-Aug-2026 01:35:50,-172.070593355616,-43.9636064090999,0,24,24,24,5,-43.9636064090999
01-Aug-2026 01:35:52,-172.47669827209,-44.3697113255737,0,24,24,24,5,-44.3697113255737
01-Aug-2026 01:35:54,-172.330496478567,-44.2235095320514,0,24,24,24,5,-44.2235095320514
01-Aug-2026 01:35:56,-172.414614032362,-44.3076270858461,0,24,24,24,5,-44.3076270858461
01-Aug-2026 01:35:58,-172.505633469264,-44.3986465227482,0,25,25,25,5,-44.3986465227482
01-Aug-2026 01:36:00,-172.647318457265,-44.5403315107493,0,25,25,25,5,-44.5403315107493
01-Aug-2026 01:36:02,-172.918080493748,-44.8110935472324,0,25,25,25,6,-44.8110935472324
01-Aug-2026 01:36:04,-172.543873840399,-44.436886893883,0,25,25,25,7,-44.436886893883
01-Aug-2026 01:36:06,-175.640666858576,-47.5336799120597,0,24,24,24,6,-47.5336799120597
01-Aug-2026 01:36:08,-175.310260488394,-47.2032735418778,0,24,24,24,6,-47.2032735418778
01-Aug-2026 01:36:10,-175.1826347803,-47.0756478337846,0,24,24,24,6,-47.0756478337846
01-Aug-2026 01:36:12,-174.179779028021,-46.072792081505,0,24,24,24,7,-46.072792081505
01-Aug-2026 01:36:14,-173.826349683133,-45.7193627366172,0,24,24,24,5,-45.7193627366172
01-Aug-2026 01:36:16,-173.941397253049,-45.8344103065334,0,24,24,24,5,-45.8344103065334
01-Aug-2026 01:36:18,-173.445893702701,-45.3389067561848,0,24,24,24,5,-45.3389067561848
01-Aug-2026 01:36:20,-173.907733684329,-45.8007467378127,0,24,24,24,4,-45.8007467378127
01-Aug-2026 01:36:22,-173.938685024831,-45.8316980783152,0,24,24,24,5,-45.8316980783152
01-Aug-2026 01:36:24,-173.531407971501,-45.4244210249848,0,24,24,24,6,-45.4244210249848
01-Aug-2026 01:36:26,-173.718166886707,-45.6111799401916,0,24,24,24,6,-45.6111799401916
01-Aug-2026 01:36:28,-173.759224694096,-45.6522377475799,0,24,24,24,6,-45.6522377475799
01-Aug-2026 01:36:30,-173.574842605881,-45.4678556593647,0,24,24,24,7,-45.4678556593647
01-Aug-2026 01:36:32,-173.382629527788,-45.2756425812719,0,25,25,25,9,-45.2756425812719
01-Aug-2026 01:36:34,-173.682933029086,-45.5759460825703,0,25,25,25,9,-45.5759460825703
01-Aug-2026 01:36:36,-173.061801005623,-44.9548140591075,0,25,25,25,9,-44.9548140591075
01-Aug-2026 01:36:38,-171.924133956203,-43.8171470096869,0,25,25,25,9,-43.8171470096869
01-Aug-2026 01:36:40,-172.513244560426,-44.4062576139106,0,25,25,25,9,-44.4062576139106
01-Aug-2026 01:36:42,-171.98596612715,-43.8789791806342,0,25,25,25,11,-43.8789791806342
01-Aug-2026 01:36:44,-171.50741341781,-43.400426471294,0,25,25,25,11,-43.400426471294
01-Aug-2026 01:36:46,-170.498383268813,-42.391396322297,0,25,25,25,11,-42.391396322297
01-Aug-2026 01:36:48,-169.27154174772,-41.1645548012041,0,24,24,24,8,-41.1645548012041
01-Aug-2026 01:36:50,-167.689269646121,-39.5822826996056,0,24,24,24,8,-39.5822826996056
01-Aug-2026 01:36:52,-166.169567386192,-38.0625804396766,0,24,24,24,8,-38.0625804396766
01-Aug-2026 01:36:54,-163.500667041265,-35.3936800947488,0,24,24,24,8,-35.3936800947488
01-Aug-2026 01:36:56,-160.46658270157,-32.3595957550544,0,24,24,24,7,-32.3595957550544
01-Aug-2026 01:36:58,-157.25186121345,-29.1448742669344,0,24,24,24,6,-29.1448742669344
01-Aug-2026 01:37:00,-154.490225491831,-26.3832385453151,0,24,24,24,6,-26.3832385453151
01-Aug-2026 01:37:02,-151.451930528111,-23.3449435815953,0,24,24,24,6,-23.3449435815953
01-Aug-2026 01:37:04,-149.215239872787,-21.108252926271,0,25,25,25,6,-21.108252926271
01-Aug-2026 01:37:06,-147.979180230841,-19.8721932843248,0,24,24,24,4,-19.8721932843248
01-Aug-2026 01:37:08,-149.220652014271,-21.1136650677551,0,24,24,24,4,-21.1136650677551
01-Aug-2026 01:37:10,-150.839157098906,-22.7321701523898,0,24,24,24,4,-22.7321701523898
01-Aug-2026 01:37:12,-154.055890548477,-25.9489036019612,0,24,24,24,4,-25.9489036019612
01-Aug-2026 01:37:14,-157.907557461782,-29.8005705152659,0,24,24,24,5,-29.8005705152659
01-Aug-2026 01:37:16,-161.409567985814,-33.3025810392986,0,25,25,25,5,-33.3025810392986
01-Aug-2026 01:37:18,-164.399280959571,-36.292294013055,0,25,25,25,4,-36.292294013055
01-Aug-2026 01:37:20,-167.63051891429,-39.5235319677743,0,25,25,25,4,-39.5235319677743
01-Aug-2026 01:37:22,-170.704589556543,-42.5976026100268,0,25,25,25,4,-42.5976026100268
01-Aug-2026 01:37:24,-173.611675673408,-45.5046887268918,0,24,24,24,3,-45.5046887268918
01-Aug-2026 01:37:26,-176.549218178536,-48.44223123202,0,24,24,24,4,-48.44223123202
01-Aug-2026 01:37:28,-173.861546142788,-45.7545591962718,0,24,24,24,4,-45.7545591962718
01-Aug-2026 01:37:30,-174.306219417565,-46.1992324710495,0,24,24,24,4,-46.1992324710495
01-Aug-2026 01:37:32,-174.751563872301,-46.6445769257855,0,24,24,24,4,-46.6445769257855
01-Aug-2026 01:37:34,-175.086609720643,-46.9796227741268,0,24,24,24,4,-46.9796227741268
01-Aug-2026 01:37:36,-175.65485182536,-47.5478648788445,0,24,24,24,4,-47.5478648788445
01-Aug-2026 01:37:38,-175.022723690689,-46.9157367441729,0,24,24,24,5,-46.9157367441729
01-Aug-2026 01:37:40,-176.999714503657,-48.892727557141,0,23,23,23,5,-48.892727557141
01-Aug-2026 01:37:42,-176.916886664064,-48.8098997175485,0,24,24,24,4,-48.8098997175485
01-Aug-2026 01:37:44,-177.622938335733,-49.5159513892168,0,24,24,24,5,-49.5159513892168
01-Aug-2026 01:37:46,-178.039632596191,-49.9326456496753,0,25,25,25,6,-49.9326456496753
01-Aug-2026 01:37:48,-178.860680347998,-50.7536934014825,0,25,25,25,7,-50.7536934014825
01-Aug-2026 01:37:50,-178.729159067558,-50.6221721210422,0,25,25,25,8,-50.6221721210422
01-Aug-2026 01:37:52,-179.030043884449,-50.9230569379334,0,25,25,25,7,-50.9230569379334
01-Aug-2026 01:37:54,-179.560182375291,-51.4531954287751,0,25,25,25,7,-51.4531954287751
01-Aug-2026 01:37:56,-184.961193658461,-56.8542067119451,0,25,25,25,6,-56.8542067119451
01-Aug-2026 01:37:58,-184.681514229766,-56.57452728325,0,25,25,25,7,-56.57452728325
01-Aug-2026 01:38:00,-184.77104372224,-56.6640567757245,0,25,25,25,7,-56.6640567757245
01-Aug-2026 01:38:02,-184.897930212575,-56.7909432660591,0,25,25,25,7,-56.7909432660591
01-Aug-2026 01:38:04,-184.72480017056,-56.6178132240444,0,26,26,26,7,-56.6178132240444
01-Aug-2026 01:38:06,-189.270011013307,-61.1630240667907,0,26,26,26,4,-61.1630240667907
01-Aug-2026 01:38:08,-189.378692201597,-61.2717052550815,0,26,26,26,4,-61.2717052550815
01-Aug-2026 01:38:10,-189.491341478009,-61.3843545314928,0,26,26,26,4,-61.3843545314928
01-Aug-2026 01:38:12,-189.354869470666,-61.2478825241503,0,26,26,26,4,-61.2478825241503
01-Aug-2026 01:38:14,-187.845758978605,-59.7387720320887,0,25,25,25,5,-59.7387720320887
01-Aug-2026 01:38:16,-187.926637523164,-59.8196505766485,0,25,25,25,4,-59.8196505766485
01-Aug-2026 01:38:18,-187.772793995394,-59.6658070488782,0,25,25,25,5,-59.6658070488782
01-Aug-2026 01:38:20,-187.755095360055,-59.6481084135389,0,25,25,25,5,-59.6481084135389
01-Aug-2026 01:38:22,-187.814013752522,-59.7070268060066,0,25,25,25,5,-59.7070268060066
01-Aug-2026 01:38:24,-187.191671673362,-59.084684726846,0,25,25,25,6,-59.084684726846
01-Aug-2026 01:38:26,-186.239818335068,-58.1328313885519,0,25,25,25,6,-58.1328313885519
01-Aug-2026 01:38:28,-185.728817414367,-57.6218304678515,0,25,25,25,7,-57.6218304678515
01-Aug-2026 01:38:30,-186.775966724647,-58.6689797781314,0,25,25,25,6,-58.6689797781314
01-Aug-2026 01:38:32,-186.148587488364,-58.0416005418481,0,25,25,25,6,-58.0416005418481
01-Aug-2026 01:38:34,-186.124679036032,-58.0176920895157,0,25,25,25,6,-58.0176920895157
01-Aug-2026 01:38:36,-186.68178293841,-58.5747959918937,0,25,25,25,5,-58.5747959918937
01-Aug-2026 01:38:38,-186.686339940496,-58.5793529939805,0,25,25,25,5,-58.5793529939805
01-Aug-2026 01:38:40,-188.430247054315,-60.3232601077989,0,25,25,25,4,-60.3232601077989
01-Aug-2026 01:38:42,-187.049245070662,-58.9422581241457,0,25,25,25,5,-58.9422581241457
01-Aug-2026 01:38:44,-186.929461572957,-58.8224746264407,0,25,25,25,5,-58.8224746264407
01-Aug-2026 01:38:46,-185.600885580908,-57.4938986343919,0,25,25,25,6,-57.4938986343919
01-Aug-2026 01:38:48,-185.31043423081,-57.2034472842943,0,25,25,25,6,-57.2034472842943
01-Aug-2026 01:38:50,-185.096467965921,-56.9894810194052,0,25,25,25,7,-56.9894810194052
01-Aug-2026 01:38:52,-186.769792920857,-58.6628059743414,0,25,25,25,6,-58.6628059743414
01-Aug-2026 01:38:54,-187.7287566986,-59.6217697520839,0,25,25,25,6,-59.6217697520839
01-Aug-2026 01:38:56,-170.940528248901,-42.8335413023854,0,25,25,25,7,-42.8335413023854
01-Aug-2026 01:38:58,-171.526744563978,-43.4197576174618,0,26,26,26,7,-43.4197576174618
01-Aug-2026 01:39:00,-170.989304433724,-42.8823174872082,0,26,26,26,7,-42.8823174872082
01-Aug-2026 01:39:02,-171.617788668756,-43.5108017222398,0,26,26,26,6,-43.5108017222398
01-Aug-2026 01:39:04,-171.743345500224,-43.6363585537082,0,26,26,26,6,-43.6363585537082
01-Aug-2026 01:39:06,-172.773384935076,-44.6663979885598,0,26,26,26,5,-44.6663979885598
01-Aug-2026 01:39:08,-173.160367596403,-45.0533806498874,0,26,26,26,6,-45.0533806498874
01-Aug-2026 01:39:10,-179.389959779214,-51.2829728326977,0,27,27,27,7,-51.2829728326977
01-Aug-2026 01:39:12,-178.804771785797,-50.6977848392812,0,25,25,25,7,-50.6977848392812
01-Aug-2026 01:39:14,-187.454263825223,-59.3472768787069,0,25,25,25,5,-59.3472768787069
01-Aug-2026 01:39:16,-188.651936797473,-60.5449498509575,0,25,25,25,5,-60.5449498509575
01-Aug-2026 01:39:18,-188.709481337061,-60.6024943905448,0,25,25,25,5,-60.6024943905448
01-Aug-2026 01:39:20,-178.803222934151,-50.6962359876354,0,25,25,25,6,-50.6962359876354
01-Aug-2026 01:39:22,-192.002809929546,-63.8958229830302,0,26,26,26,3,-63.8958229830302
01-Aug-2026 01:39:24,-191.33205411438,-63.2250671678644,0,26,26,26,3,-63.2250671678644
01-Aug-2026 01:39:26,-188.514403738384,-60.4074167918677,0,25,25,25,4,-60.4074167918677
01-Aug-2026 01:39:28,-188.367647780129,-60.2606608336127,0,24,24,24,3,-60.2606608336127
01-Aug-2026 01:39:30,-188.798708380097,-60.6917214335811,0,24,24,24,3,-60.6917214335811
01-Aug-2026 01:39:32,-170.539762492973,-42.432775546457,0,24,24,24,4,-42.432775546457
01-Aug-2026 01:39:34,-169.78654630851,-41.6795593619938,0,24,24,24,4,-41.6795593619938
01-Aug-2026 01:39:36,-169.841916219396,-41.7349292728802,0,24,24,24,5,-41.7349292728802
01-Aug-2026 01:39:38,-169.296472348812,-41.1894854022961,0,24,24,24,5,-41.1894854022961
01-Aug-2026 01:39:40,-169.139917377153,-41.0329304306375,0,24,24,24,4,-41.0329304306375
01-Aug-2026 01:39:42,-169.189548787992,-41.0825618414758,0,25,25,25,4,-41.0825618414758
01-Aug-2026 01:39:44,-169.324442625726,-41.21745567921,0,24,24,24,2,-41.21745567921
01-Aug-2026 01:39:46,-169.844816140013,-41.7378291934975,0,24,24,24,2,-41.7378291934975
01-Aug-2026 01:39:48,-170.101080082211,-41.9940931356953,0,24,24,24,2,-41.9940931356953
01-Aug-2026 01:39:50,-170.10625872516,-41.9992717786438,0,24,24,24,1,-41.9992717786438
01-Aug-2026 01:39:52,-169.748198371104,-41.6412114245878,0,24,24,24,3,-41.6412114245878
01-Aug-2026 01:39:54,-169.915039945481,-41.8080529989654,0,24,24,24,3,-41.8080529989654
01-Aug-2026 01:39:56,-170.082085209381,-41.9750982628654,0,24,24,24,3,-41.9750982628654
01-Aug-2026 01:39:58,-170.643203603556,-42.5362166570398,0,24,24,24,3,-42.5362166570398
01-Aug-2026 01:40:00,-170.284675347564,-42.1776884010479,0,24,24,24,5,-42.1776884010479
01-Aug-2026 01:40:02,-171.033270090392,-42.9262831438759,0,24,24,24,5,-42.9262831438759
01-Aug-2026 01:40:04,-170.669604860318,-42.562617913802,0,24,24,24,5,-42.562617913802
01-Aug-2026 01:40:06,-170.655780497226,-42.5487935507097,0,24,24,24,5,-42.5487935507097
01-Aug-2026 01:40:08,-170.454962409101,-42.3479754625852,0,24,24,24,6,-42.3479754625852
01-Aug-2026 01:40:10,-170.967492071248,-42.8605051247318,0,24,24,24,6,-42.8605051247318
01-Aug-2026 01:40:12,-170.480231100443,-42.3732441539274,0,24,24,24,5,-42.3732441539274
01-Aug-2026 01:40:14,-170.904796003504,-42.7978090569881,0,24,24,24,6,-42.7978090569881
01-Aug-2026 01:40:16,-171.405906975074,-43.298920028558,0,24,24,24,6,-43.298920028558
01-Aug-2026 01:40:18,-170.413680658968,-42.3066937124522,0,25,25,25,8,-42.3066937124522
01-Aug-2026 01:40:20,-170.90776500527,-42.8007780587538,0,25,25,25,8,-42.8007780587538
01-Aug-2026 01:40:22,-170.401624986362,-42.2946380398466,0,25,25,25,8,-42.2946380398466
01-Aug-2026 01:40:24,-170.905179117169,-42.7981921706529,0,25,25,25,8,-42.7981921706529
01-Aug-2026 01:40:26,-170.567818765141,-42.4608318186253,0,25,25,25,10,-42.4608318186253
01-Aug-2026 01:40:28,-169.904499636782,-41.7975126902664,0,25,25,25,11,-41.7975126902664
01-Aug-2026 01:40:30,-170.033521653416,-41.9265347069006,0,25,25,25,11,-41.9265347069006
01-Aug-2026 01:40:32,-183.545841873341,-55.4388549268247,0,25,25,25,9,-55.4388549268247
01-Aug-2026 01:40:34,-183.677155469797,-55.5701685232815,0,25,25,25,9,-55.5701685232815
01-Aug-2026 01:40:36,-183.771222496591,-55.6642355500752,0,25,25,25,9,-55.6642355500752
01-Aug-2026 01:40:38,-186.337728341526,-58.23074139501,0,25,25,25,8,-58.23074139501
01-Aug-2026 01:40:40,-186.226824725268,-58.1198377787524,0,25,25,25,8,-58.1198377787524
01-Aug-2026 01:40:42,-187.672893240778,-59.5659062942622,0,25,25,25,5,-59.5659062942622
01-Aug-2026 01:40:44,-186.030424985965,-57.9234380394494,0,25,25,25,7,-57.9234380394494
01-Aug-2026 01:40:46,-186.185951564518,-58.0789646180017,0,25,25,25,6,-58.0789646180017
01-Aug-2026 01:40:48,-186.148908092555,-58.0419211460389,0,24,24,24,6,-58.0419211460389
01-Aug-2026 01:40:50,-186.195746174647,-58.0887592281307,0,24,24,24,6,-58.0887592281307
01-Aug-2026 01:40:52,-182.550950165946,-54.4439632194298,0,25,25,25,5,-54.4439632194298
01-Aug-2026 01:40:54,-182.790897722661,-54.6839107761453,0,25,25,25,6,-54.6839107761453
01-Aug-2026 01:40:56,-182.387914011988,-54.280927065472,0,25,25,25,6,-54.280927065472
01-Aug-2026 01:40:58,-182.422644093966,-54.3156571474503,0,25,25,25,6,-54.3156571474503
01-Aug-2026 01:41:00,-171.514449927339,-43.4074629808227,0,24,24,24,7,-43.4074629808227
01-Aug-2026 01:41:02,-171.877804417517,-43.7708174710013,0,24,24,24,7,-43.7708174710013
01-Aug-2026 01:41:04,-188.834674489087,-60.727687542571,0,25,25,25,6,-60.727687542571
01-Aug-2026 01:41:06,-189.050019194148,-60.9430322476319,0,25,25,25,6,-60.9430322476319
01-Aug-2026 01:41:08,-189.100468664484,-60.9934817179677,0,25,25,25,6,-60.9934817179677
01-Aug-2026 01:41:10,-188.916980556358,-60.8099936098417,0,25,25,25,7,-60.8099936098417
01-Aug-2026 01:41:12,-188.994031752298,-60.887044805782,0,25,25,25,7,-60.887044805782
01-Aug-2026 01:41:14,-189.643858313433,-61.5368713669168,0,25,25,25,6,-61.5368713669168
01-Aug-2026 01:41:16,-189.644673228368,-61.5376862818523,0,24,24,24,6,-61.5376862818523
01-Aug-2026 01:41:18,-183.805654272923,-55.6986673264072,0,24,24,24,6,-55.6986673264072
01-Aug-2026 01:41:20,-184.520300830002,-56.4133138834859,0,24,24,24,6,-56.4133138834859
01-Aug-2026 01:41:22,-186.217922814571,-58.1109358680549,0,24,24,24,5,-58.1109358680549
01-Aug-2026 01:41:24,-186.406767303334,-58.2997803568178,0,24,24,24,5,-58.2997803568178
01-Aug-2026 01:41:26,-186.583294587395,-58.4763076408794,0,24,24,24,5,-58.4763076408794
01-Aug-2026 01:41:28,-187.285692542418,-59.1787055959017,0,24,24,24,4,-59.1787055959017
01-Aug-2026 01:41:30,-181.873041460395,-53.7660545138788,0,23,23,23,5,-53.7660545138788
01-Aug-2026 01:41:32,-187.261154899635,-59.1541679531196,0,23,23,23,4,-59.1541679531196
01-Aug-2026 01:41:34,-187.930042668359,-59.8230557218435,0,25,25,25,4,-59.8230557218435
01-Aug-2026 01:41:36,-189.267895334301,-61.1609083877851,0,25,25,25,3,-61.1609083877851
01-Aug-2026 01:41:38,-189.390441166354,-61.2834542198377,0,25,25,25,3,-61.2834542198377
01-Aug-2026 01:41:40,-189.554092444411,-61.4471054978953,0,25,25,25,3,-61.4471054978953
01-Aug-2026 01:41:42,-189.533012470329,-61.4260255238135,0,25,25,25,3,-61.4260255238135
01-Aug-2026 01:41:44,-185.684323174473,-57.5773362279571,0,25,25,25,4,-57.5773362279571
01-Aug-2026 01:41:46,-189.896311777005,-61.7893248304893,0,25,25,25,3,-61.7893248304893
01-Aug-2026 01:41:48,-185.788143884496,-57.6811569379798,0,25,25,25,4,-57.6811569379798
01-Aug-2026 01:41:50,-166.774836794444,-38.6678498479283,0,25,25,25,3,-38.6678498479283
01-Aug-2026 01:41:52,-167.155288679569,-39.0483017330528,0,25,25,25,3,-39.0483017330528
01-Aug-2026 01:41:54,-167.791351119682,-39.6843641731659,0,25,25,25,3,-39.6843641731659
01-Aug-2026 01:41:56,-169.102068082783,-40.9950811362672,0,25,25,25,3,-40.9950811362672
01-Aug-2026 01:41:58,-168.24463223555,-40.1376452890346,0,26,26,26,4,-40.1376452890346
01-Aug-2026 01:42:00,-167.793510589105,-39.6865236425891,0,26,26,26,4,-39.6865236425891
01-Aug-2026 01:42:02,-167.771713394513,-39.6647264479967,0,26,26,26,4,-39.6647264479967
01-Aug-2026 01:42:04,-167.688050916195,-39.5810639696793,0,26,26,26,4,-39.5810639696793
01-Aug-2026 01:42:06,-167.023888653167,-38.9169017066515,0,25,25,25,5,-38.9169017066515
01-Aug-2026 01:42:08,-166.630652316679,-38.5236653701629,0,25,25,25,4,-38.5236653701629
01-Aug-2026 01:42:10,-166.369023101699,-38.2620361551827,0,25,25,25,5,-38.2620361551827
01-Aug-2026 01:42:12,-167.678311570058,-39.5713246235426,0,25,25,25,5,-39.5713246235426
01-Aug-2026 01:42:14,-168.237057382652,-40.1300704361365,0,25,25,25,5,-40.1300704361365
01-Aug-2026 01:42:16,-167.513930117731,-39.4069431712153,0,25,25,25,5,-39.4069431712153
01-Aug-2026 01:42:18,-166.869603546144,-38.7626165996277,0,25,25,25,6,-38.7626165996277
01-Aug-2026 01:42:20,-166.764308432921,-38.6573214864047,0,25,25,25,6,-38.6573214864047
01-Aug-2026 01:42:22,-166.9221738013,-38.8151868547837,0,25,25,25,6,-38.8151868547837
01-Aug-2026 01:42:24,-167.37671008843,-39.2697231419143,0,25,25,25,5,-39.2697231419143
01-Aug-2026 01:42:26,-166.961339778256,-38.8543528317396,0,25,25,25,5,-38.8543528317396
01-Aug-2026 01:42:28,-166.942005457719,-38.835018511203,0,25,25,25,7,-38.835018511203
01-Aug-2026 01:42:30,-166.571867699442,-38.4648807529257,0,25,25,25,7,-38.4648807529257
01-Aug-2026 01:42:32,-166.427517117523,-38.3205301710076,0,26,26,26,7,-38.3205301710076
01-Aug-2026 01:42:34,-166.93007349516,-38.8230865486437,0,26,26,26,7,-38.8230865486437
01-Aug-2026 01:42:36,-166.972091842136,-38.8651048956197,0,26,26,26,6,-38.8651048956197
01-Aug-2026 01:42:38,-167.336652674673,-39.2296657281568,0,26,26,26,6,-39.2296657281568
01-Aug-2026 01:42:40,-167.704307420096,-39.5973204735799,0,26,26,26,6,-39.5973204735799
01-Aug-2026 01:42:42,-167.813876088362,-39.7068891418463,0,26,26,26,6,-39.7068891418463
01-Aug-2026 01:42:44,-168.387967638511,-40.2809806919955,0,26,26,26,6,-40.2809806919955
01-Aug-2026 01:42:46,-168.793115118684,-40.6861281721681,0,26,26,26,7,-40.6861281721681
01-Aug-2026 01:42:48,-169.003065029449,-40.8960780829327,0,26,26,26,7,-40.8960780829327
01-Aug-2026 01:42:50,-169.383467646564,-41.2764807000483,0,26,26,26,7,-41.2764807000483
01-Aug-2026 01:42:52,-169.195148264274,-41.0881613177584,0,26,26,26,6,-41.0881613177584
01-Aug-2026 01:42:54,-169.353728307889,-41.2467413613734,0,26,26,26,6,-41.2467413613734
01-Aug-2026 01:42:56,-169.457511433031,-41.3505244865147,0,26,26,26,5,-41.3505244865147
01-Aug-2026 01:42:58,-170.295669894538,-42.1886829480225,0,24,24,24,4,-42.1886829480225
01-Aug-2026 01:43:00,-186.147336688783,-58.0403497422672,0,24,24,24,4,-58.0403497422672
01-Aug-2026 01:43:02,-186.535879571448,-58.428892624932,0,25,25,25,3,-58.428892624932
01-Aug-2026 01:43:04,-186.205828970229,-58.0988420237134,0,25,25,25,3,-58.0988420237134
01-Aug-2026 01:43:06,-186.469129418512,-58.3621424719961,0,25,25,25,3,-58.3621424719961
01-Aug-2026 01:43:08,-186.532452644854,-58.4254656983384,0,25,25,25,3,-58.4254656983384
01-Aug-2026 01:43:10,-185.921357223355,-57.8143702768388,0,25,25,25,4,-57.8143702768388
01-Aug-2026 01:43:12,-185.754588230881,-57.6476012843651,0,26,26,26,4,-57.6476012843651
01-Aug-2026 01:43:14,-186.337879448093,-58.2308925015776,0,25,25,25,3,-58.2308925015776
01-Aug-2026 01:43:16,-186.695412074159,-58.588425127643,0,25,25,25,3,-58.588425127643
01-Aug-2026 01:43:18,-187.688820516474,-59.5818335699585,0,25,25,25,2,-59.5818335699585
01-Aug-2026 01:43:20,-193.665455122095,-65.5584681755788,0,24,24,24,2,-65.5584681755788
01-Aug-2026 01:43:22,-193.703477657815,-65.5964907112994,0,24,24,24,2,-65.5964907112994
01-Aug-2026 01:43:24,-193.744979541312,-65.6379925947963,0,24,24,24,2,-65.6379925947963
01-Aug-2026 01:43:26,-194.143061337257,-66.0360743907412,0,24,24,24,2,-66.0360743907412
01-Aug-2026 01:43:28,-193.972514087849,-65.8655271413332,0,24,24,24,2,-65.8655271413332
01-Aug-2026 01:43:30,-193.031820104962,-64.9248331584463,0,24,24,24,3,-64.9248331584463
01-Aug-2026 01:43:32,-192.86089267924,-64.7539057327239,0,25,25,25,3,-64.7539057327239
01-Aug-2026 01:43:34,-193.640841937897,-65.5338549913812,0,25,25,25,2,-65.5338549913812
01-Aug-2026 01:43:36,-194.010087365128,-65.9031004186119,0,24,24,24,2,-65.9031004186119
01-Aug-2026 01:43:38,-193.732463698149,-65.6254767516334,0,24,24,24,2,-65.6254767516334
01-Aug-2026 01:43:40,-194.400809794542,-66.2938228480263,0,23,23,23,2,-66.2938228480263
01-Aug-2026 01:43:42,-194.127234609477,-66.0202476629613,0,23,23,23,2,-66.0202476629613
01-Aug-2026 01:43:44,-198.25691177807,-70.1499248315544,0,23,23,23,1,-70.1499248315544
01-Aug-2026 01:43:46,-173.347055619359,-45.2400686728436,0,24,24,24,2,-45.2400686728436
01-Aug-2026 01:43:48,-174.130405582999,-46.0234186364831,0,24,24,24,2,-46.0234186364831
01-Aug-2026 01:43:50,-174.55073905585,-46.4437521093338,0,24,24,24,1,-46.4437521093338
01-Aug-2026 01:43:52,-170.771092806173,-42.6641058596566,0,24,24,24,2,-42.6641058596566
01-Aug-2026 01:43:54,-170.60524045023,-42.4982535037144,0,24,24,24,3,-42.4982535037144
01-Aug-2026 01:43:56,-170.807786361697,-42.7007994151813,0,24,24,24,4,-42.7007994151813
01-Aug-2026 01:43:58,-172.134050018069,-44.0270630715535,0,24,24,24,2,-44.0270630715535
01-Aug-2026 01:44:00,-171.881890043028,-43.7749030965126,0,24,24,24,2,-43.7749030965126
01-Aug-2026 01:44:02,-193.302149308545,-65.1951623620288,0,24,24,24,1,-65.1951623620288
01-Aug-2026 01:44:04,-3076.52655568589,-2948.41956873937,0,24,24,24,0,-2948.41956873937
01-Aug-2026 01:44:06,-3076.52655568589,-2948.41956873937,0,25,25,25,0,-2948.41956873937
01-Aug-2026 01:44:08,-3076.52655568589,-2948.41956873937,0,25,25,25,0,-2948.41956873937
01-Aug-2026 01:44:10,-3076.52655568589,-2948.41956873937,0,25,25,25,0,-2948.41956873937
01-Aug-2026 01:44:12,-3076.52655568589,-2948.41956873937,0,25,25,25,0,-2948.41956873937
01-Aug-2026 01:44:14,-3076.52655568589,-2948.41956873937,0,25,25,25,0,-2948.41956873937
01-Aug-2026 01:44:16,-3076.52655568589,-2948.41956873937,0,25,25,25,0,-2948.41956873937
01-Aug-2026 01:44:18,-3076.52655568589,-2948.41956873937,0,25,25,25,0,-2948.41956873937
01-Aug-2026 01:44:20,-171.353565724939,-43.2465787784228,0,25,25,25,1,-43.2465787784228
01-Aug-2026 01:44:22,-170.709779761085,-42.6027928145694,0,25,25,25,2,-42.6027928145694
01-Aug-2026 01:44:24,-170.788654734116,-42.6816677876001,0,25,25,25,2,-42.6816677876001
01-Aug-2026 01:44:26,-170.286465890825,-42.1794789443093,0,25,25,25,4,-42.1794789443093
01-Aug-2026 01:44:28,-170.115535086601,-42.008548140085,0,25,25,25,4,-42.008548140085
01-Aug-2026 01:44:30,-169.542553549323,-41.4355666028068,0,25,25,25,4,-41.4355666028068
01-Aug-2026 01:44:32,-169.373832744362,-41.2668457978463,0,25,25,25,5,-41.2668457978463
01-Aug-2026 01:44:34,-169.481068936088,-41.3740819895725,0,25,25,25,5,-41.3740819895725
01-Aug-2026 01:44:36,-168.713018252493,-40.6060313059775,0,25,25,25,6,-40.6060313059775
01-Aug-2026 01:44:38,-169.073751448972,-40.9667645024558,0,25,25,25,5,-40.9667645024558
01-Aug-2026 01:44:40,-168.808154193743,-40.7011672472269,0,25,25,25,5,-40.7011672472269
01-Aug-2026 01:44:42,-168.746912387188,-40.639925440672,0,26,26,26,5,-40.639925440672
01-Aug-2026 01:44:44,-168.506019101691,-40.3990321551747,0,26,26,26,6,-40.3990321551747
01-Aug-2026 01:44:46,-168.374968762389,-40.2679818158732,0,26,26,26,7,-40.2679818158732
01-Aug-2026 01:44:48,-168.368035098573,-40.261048152057,0,25,25,25,9,-40.261048152057
01-Aug-2026 01:44:50,-168.433655973635,-40.3266690271192,0,25,25,25,10,-40.3266690271192
01-Aug-2026 01:44:52,-168.547740672942,-40.440753726426,0,24,24,24,10,-40.440753726426
01-Aug-2026 01:44:54,-168.730725084424,-40.6237381379086,0,25,25,25,11,-40.6237381379086
01-Aug-2026 01:44:56,-169.171755473649,-41.0647685271335,0,25,25,25,10,-41.0647685271335
01-Aug-2026 01:44:58,-169.196668632529,-41.0896816860129,0,25,25,25,9,-41.0896816860129
01-Aug-2026 01:45:00,-177.803872244461,-49.6968852979452,0,25,25,25,6,-49.6968852979452
01-Aug-2026 01:45:02,-184.080776050712,-55.9737891041958,0,25,25,25,6,-55.9737891041958
01-Aug-2026 01:45:04,-184.387893892649,-56.280906946133,0,25,25,25,6,-56.280906946133
01-Aug-2026 01:45:06,-184.693387684281,-56.5864007377656,0,25,25,25,5,-56.5864007377656
01-Aug-2026 01:45:08,-184.949591740968,-56.8426047944523,0,24,24,24,5,-56.8426047944523
01-Aug-2026 01:45:10,-185.151951285716,-57.0449643392,0,24,24,24,5,-57.0449643392
01-Aug-2026 01:45:12,-185.141621607639,-57.0346346611232,0,24,24,24,5,-57.0346346611232
01-Aug-2026 01:45:14,-185.490452740814,-57.3834657942985,0,24,24,24,5,-57.3834657942985
01-Aug-2026 01:45:16,-185.14405461187,-57.0370676653537,0,24,24,24,5,-57.0370676653537
01-Aug-2026 01:45:18,-185.284919149008,-57.1779322024924,0,24,24,24,5,-57.1779322024924
01-Aug-2026 01:45:20,-185.278445522711,-57.1714585761947,0,23,23,23,5,-57.1714585761947
01-Aug-2026 01:45:22,-186.797289162347,-58.6903022158314,0,24,24,24,4,-58.6903022158314
01-Aug-2026 01:45:24,-187.09440885502,-58.9874219085046,0,24,24,24,4,-58.9874219085046
01-Aug-2026 01:45:26,-186.167406805739,-58.0604198592227,0,25,25,25,5,-58.0604198592227
01-Aug-2026 01:45:28,-186.086829841995,-57.9798428954792,0,25,25,25,5,-57.9798428954792
01-Aug-2026 01:45:30,-181.806457838501,-53.6994708919847,0,25,25,25,6,-53.6994708919847
01-Aug-2026 01:45:32,-182.625978041704,-54.5189910951882,0,25,25,25,5,-54.5189910951882
01-Aug-2026 01:45:34,-187.862214789373,-59.7552278428574,0,25,25,25,4,-59.7552278428574
01-Aug-2026 01:45:36,-187.869703946724,-59.7627170002086,0,25,25,25,4,-59.7627170002086
01-Aug-2026 01:45:38,-187.65739738138,-59.5504104348645,0,25,25,25,4,-59.5504104348645
01-Aug-2026 01:45:40,-187.822905516361,-59.7159185698456,0,25,25,25,4,-59.7159185698456
01-Aug-2026 01:45:42,-185.539402260809,-57.4324153142935,0,25,25,25,5,-57.4324153142935
01-Aug-2026 01:45:44,-185.827731240742,-57.7207442942258,0,25,25,25,5,-57.7207442942258
01-Aug-2026 01:45:46,-185.48361461587,-57.3766276693544,0,25,25,25,6,-57.3766276693544
01-Aug-2026 01:45:48,-185.10699734074,-57.0000103942245,0,25,25,25,6,-57.0000103942245
01-Aug-2026 01:45:50,-185.099236798748,-56.9922498522319,0,25,25,25,6,-56.9922498522319
01-Aug-2026 01:45:52,-187.611541055679,-59.504554109163,0,26,26,26,5,-59.504554109163
01-Aug-2026 01:45:54,-187.762872279916,-59.6558853334003,0,26,26,26,5,-59.6558853334003
01-Aug-2026 01:45:56,-187.402342007134,-59.295355060618,0,25,25,25,5,-59.295355060618
01-Aug-2026 01:45:58,-185.915599256389,-57.8086123098736,0,25,25,25,6,-57.8086123098736
01-Aug-2026 01:46:00,-188.138357763873,-60.0313708173571,0,25,25,25,4,-60.0313708173571
01-Aug-2026 01:46:02,-190.591591434679,-62.4846044881631,0,25,25,25,3,-62.4846044881631
01-Aug-2026 01:46:04,-190.576717868672,-62.4697309221565,0,25,25,25,3,-62.4697309221565
01-Aug-2026 01:46:06,-187.528746720805,-59.4217597742895,0,26,26,26,5,-59.4217597742895
01-Aug-2026 01:46:08,-190.056644143643,-61.9496571971272,0,26,26,26,3,-61.9496571971272
01-Aug-2026 01:46:10,-189.702344738878,-61.5953577923624,0,26,26,26,3,-61.5953577923624
01-Aug-2026 01:46:12,-189.7451566513,-61.6381697047838,0,26,26,26,3,-61.6381697047838
01-Aug-2026 01:46:14,-189.837363327356,-61.7303763808404,0,26,26,26,2,-61.7303763808404
01-Aug-2026 01:46:16,-187.89732947913,-59.7903425326138,0,26,26,26,3,-59.7903425326138
01-Aug-2026 01:46:18,-187.625875609909,-59.5188886633933,0,26,26,26,4,-59.5188886633933
01-Aug-2026 01:46:20,-187.806629198008,-59.6996422514918,0,26,26,26,3,-59.6996422514918
01-Aug-2026 01:46:22,-187.5836165904,-59.4766296438837,0,26,26,26,3,-59.4766296438837
01-Aug-2026 01:46:24,-187.520346585285,-59.4133596387692,0,26,26,26,3,-59.4133596387692
01-Aug-2026 01:46:26,-187.338136275294,-59.2311493287785,0,26,26,26,3,-59.2311493287785
01-Aug-2026 01:46:28,-187.476583516785,-59.369596570269,0,26,26,26,3,-59.369596570269
01-Aug-2026 01:46:30,-186.972308320102,-58.8653213735857,0,26,26,26,3,-58.8653213735857
01-Aug-2026 01:46:32,-187.015075387485,-58.9080884409687,0,26,26,26,3,-58.9080884409687
01-Aug-2026 01:46:34,-186.572816796297,-58.4658298497814,0,26,26,26,3,-58.4658298497814
01-Aug-2026 01:46:36,-185.85972295576,-57.7527360092445,0,26,26,26,4,-57.7527360092445
01-Aug-2026 01:46:38,-185.640379540002,-57.5333925934858,0,26,26,26,4,-57.5333925934858
01-Aug-2026 01:46:40,-175.176995128029,-47.0700081815127,0,26,26,26,5,-47.0700081815127
01-Aug-2026 01:46:42,-175.217682165788,-47.1106952192719,0,25,25,25,5,-47.1106952192719
01-Aug-2026 01:46:44,-184.855380879726,-56.7483939332103,0,24,24,24,3,-56.7483939332103
01-Aug-2026 01:46:46,-161.712593139131,-33.6056061926153,0,24,24,24,4,-33.6056061926153
01-Aug-2026 01:46:48,-157.681332184269,-29.5743452377528,0,24,24,24,4,-29.5743452377528
01-Aug-2026 01:46:50,-153.762048973387,-25.6550620268711,0,24,24,24,4,-25.6550620268711
01-Aug-2026 01:46:52,-149.705814436399,-21.5988274898829,0,24,24,24,5,-21.5988274898829
01-Aug-2026 01:46:54,-144.376592738767,-16.2696057922514,0,25,25,25,4,-16.2696057922514
01-Aug-2026 01:46:56,-138.260636802862,-10.1536498563457,0,25,25,25,4,-10.1536498563457
01-Aug-2026 01:46:58,-177.891387856296,-49.7844009097805,0,25,25,25,3,-49.7844009097805
01-Aug-2026 01:47:00,-186.451628481718,-58.3446415352025,0,25,25,25,3,-58.3446415352025
01-Aug-2026 01:47:02,-187.140493847623,-59.0335069011076,0,25,25,25,2,-59.0335069011076
01-Aug-2026 01:47:04,-187.443318950411,-59.3363320038953,0,25,25,25,2,-59.3363320038953
01-Aug-2026 01:47:06,-187.007964858508,-58.9009779119918,0,25,25,25,2,-58.9009779119918
01-Aug-2026 01:47:08,-186.828198264759,-58.7212113182433,0,25,25,25,2,-58.7212113182433
01-Aug-2026 01:47:10,-186.476037220258,-58.3690502737421,0,25,25,25,3,-58.3690502737421
01-Aug-2026 01:47:12,-186.048076859724,-57.9410899132081,0,24,24,24,5,-57.9410899132081
01-Aug-2026 01:47:14,-176.840081151021,-48.7330942045049,0,24,24,24,6,-48.7330942045049
01-Aug-2026 01:47:16,-177.025239927346,-48.9182529808298,0,24,24,24,7,-48.9182529808298
01-Aug-2026 01:47:18,-176.62413293972,-48.517145993204,0,24,24,24,7,-48.517145993204
01-Aug-2026 01:47:20,-177.06750699514,-48.9605200486242,0,24,24,24,5,-48.9605200486242
01-Aug-2026 01:47:22,-177.05587027826,-48.9488833317438,0,24,24,24,4,-48.9488833317438
01-Aug-2026 01:47:24,-176.650395169271,-48.5434082227551,0,25,25,25,6,-48.5434082227551
01-Aug-2026 01:47:26,-176.827815017531,-48.7208280710153,0,24,24,24,6,-48.7208280710153
01-Aug-2026 01:47:28,-176.759317495142,-48.6523305486259,0,23,23,23,7,-48.6523305486259
01-Aug-2026 01:47:30,-176.846197274426,-48.7392103279103,0,23,23,23,6,-48.7392103279103
01-Aug-2026 01:47:32,-177.968947805229,-49.8619608587132,0,23,23,23,5,-49.8619608587132
01-Aug-2026 01:47:34,-178.895503613033,-50.788516666517,0,23,23,23,5,-50.788516666517
01-Aug-2026 01:47:36,-178.787176671125,-50.6801897246089,0,23,23,23,6,-50.6801897246089
01-Aug-2026 01:47:38,-179.563485274193,-51.4564983276768,0,23,23,23,5,-51.4564983276768
01-Aug-2026 01:47:40,-179.626483376639,-51.5194964301234,0,24,24,24,5,-51.5194964301234
01-Aug-2026 01:47:42,-180.126181521705,-52.0191945751894,0,24,24,24,5,-52.0191945751894
01-Aug-2026 01:47:44,-181.378108492094,-53.271121545578,0,24,24,24,4,-53.271121545578
01-Aug-2026 01:47:46,-182.040809465129,-53.9338225186129,0,24,24,24,4,-53.9338225186129
01-Aug-2026 01:47:48,-182.508417154589,-54.401430208073,0,24,24,24,4,-54.401430208073
01-Aug-2026 01:47:50,-182.436868983241,-54.3298820367249,0,24,24,24,4,-54.3298820367249
01-Aug-2026 01:47:52,-183.384845668028,-55.2778587215126,0,25,25,25,3,-55.2778587215126
01-Aug-2026 01:47:54,-183.446308876415,-55.3393219298988,0,25,25,25,3,-55.3393219298988
01-Aug-2026 01:47:56,-183.520806875764,-55.4138199292483,0,25,25,25,3,-55.4138199292483
01-Aug-2026 01:47:58,-183.894179689729,-55.7871927432132,0,25,25,25,3,-55.7871927432132
01-Aug-2026 01:48:00,-184.496334288501,-56.3893473419849,0,25,25,25,3,-56.3893473419849
01-Aug-2026 01:48:02,-184.991040463347,-56.8840535168314,0,25,25,25,3,-56.8840535168314
01-Aug-2026 01:48:04,-185.064161721561,-56.9571747750456,0,25,25,25,3,-56.9571747750456
01-Aug-2026 01:48:06,-185.627085255364,-57.5200983088481,0,25,25,25,4,-57.5200983088481
01-Aug-2026 01:48:08,-175.513418013922,-47.4064310674062,0,25,25,25,7,-47.4064310674062
01-Aug-2026 01:48:10,-174.98227461871,-46.8752876721945,0,25,25,25,6,-46.8752876721945
01-Aug-2026 01:48:12,-174.388746297801,-46.281759351285,0,25,25,25,5,-46.281759351285
01-Aug-2026 01:48:14,-174.024886128974,-45.9178991824582,0,25,25,25,5,-45.9178991824582
01-Aug-2026 01:48:16,-173.327803423206,-45.2208164766899,0,25,25,25,5,-45.2208164766899
01-Aug-2026 01:48:18,-172.587935042042,-44.4809480955261,0,25,25,25,5,-44.4809480955261
01-Aug-2026 01:48:20,-171.95002939583,-43.8430424493145,0,25,25,25,5,-43.8430424493145
01-Aug-2026 01:48:22,-171.322200416284,-43.2152134697679,0,25,25,25,5,-43.2152134697679
01-Aug-2026 01:48:24,-171.203417271039,-43.0964303245236,0,25,25,25,5,-43.0964303245236
01-Aug-2026 01:48:26,-170.051076773039,-41.9440898265233,0,25,25,25,5,-41.9440898265233
01-Aug-2026 01:48:28,-168.862393920582,-40.755406974066,0,25,25,25,5,-40.755406974066
01-Aug-2026 01:48:30,-166.067248984664,-37.9602620381482,0,26,26,26,7,-37.9602620381482
01-Aug-2026 01:48:32,-165.007505752905,-36.900518806389,0,26,26,26,7,-36.900518806389
01-Aug-2026 01:48:34,-169.343043919805,-41.236056973289,0,26,26,26,6,-41.236056973289
01-Aug-2026 01:48:36,-169.107241052674,-41.0002541061585,0,26,26,26,5,-41.0002541061585
01-Aug-2026 01:48:38,-168.695132855979,-40.5881459094627,0,26,26,26,5,-40.5881459094627
01-Aug-2026 01:48:40,-168.371031376726,-40.2640444302102,0,26,26,26,6,-40.2640444302102
01-Aug-2026 01:48:42,-168.114794123895,-40.0078071773787,0,27,27,27,6,-40.0078071773787
01-Aug-2026 01:48:44,-167.845999282348,-39.7390123358326,0,27,27,27,8,-39.7390123358326
01-Aug-2026 01:48:46,-167.486675385071,-39.3796884385556,0,25,25,25,7,-39.3796884385556
01-Aug-2026 01:48:48,-167.71326943918,-39.6062824926638,0,25,25,25,7,-39.6062824926638
01-Aug-2026 01:48:50,-187.323056050177,-59.2160691036607,0,25,25,25,6,-59.2160691036607
01-Aug-2026 01:48:52,-187.611272277943,-59.5042853314271,0,25,25,25,6,-59.5042853314271
01-Aug-2026 01:48:54,-186.733044743305,-58.6260577967896,0,25,25,25,7,-58.6260577967896
01-Aug-2026 01:48:56,-186.824055559673,-58.7170686131575,0,25,25,25,6,-58.7170686131575
01-Aug-2026 01:48:58,-187.71799217473,-59.6110052282141,0,25,25,25,5,-59.6110052282141
01-Aug-2026 01:49:00,-187.704821533132,-59.5978345866166,0,24,24,24,5,-59.5978345866166
01-Aug-2026 01:49:02,-187.941131264835,-59.8341443183193,0,24,24,24,5,-59.8341443183193
01-Aug-2026 01:49:04,-188.497197045917,-60.3902100994016,0,24,24,24,5,-60.3902100994016
01-Aug-2026 01:49:06,-188.400512938995,-60.2935259924796,0,24,24,24,4,-60.2935259924796
01-Aug-2026 01:49:08,-188.165931006376,-60.0589440598597,0,25,25,25,4,-60.0589440598597
01-Aug-2026 01:49:10,-188.423978278122,-60.3169913316065,0,25,25,25,3,-60.3169913316065
01-Aug-2026 01:49:12,-188.26645357233,-60.159466625814,0,24,24,24,3,-60.159466625814
01-Aug-2026 01:49:14,-188.247383274278,-60.1403963277618,0,24,24,24,3,-60.1403963277618
01-Aug-2026 01:49:16,-187.4790191633,-59.3720322167838,0,25,25,25,4,-59.3720322167838
01-Aug-2026 01:49:18,-184.774568428722,-56.6675814822066,0,25,25,25,4,-56.6675814822066
01-Aug-2026 01:49:20,-185.335383967228,-57.2283970207124,0,25,25,25,3,-57.2283970207124
01-Aug-2026 01:49:22,-190.160265022687,-62.0532780761716,0,25,25,25,2,-62.0532780761716
01-Aug-2026 01:49:24,-189.509693428855,-61.402706482339,0,25,25,25,3,-61.402706482339
01-Aug-2026 01:49:26,-190.056470247104,-61.949483300588,0,25,25,25,2,-61.949483300588
01-Aug-2026 01:49:28,-189.444181915454,-61.3371949689381,0,25,25,25,3,-61.3371949689381
01-Aug-2026 01:49:30,-189.030114817657,-60.9231278711409,0,25,25,25,3,-60.9231278711409
01-Aug-2026 01:49:32,-188.418065753268,-60.3110788067521,0,25,25,25,4,-60.3110788067521
01-Aug-2026 01:49:34,-187.803960326924,-59.6969733804078,0,25,25,25,5,-59.6969733804078
01-Aug-2026 01:49:36,-187.50055164822,-59.3935647017046,0,25,25,25,6,-59.3935647017046
01-Aug-2026 01:49:38,-187.215711056139,-59.1087241096228,0,25,25,25,6,-59.1087241096228
01-Aug-2026 01:49:40,-187.288192691648,-59.1812057451325,0,25,25,25,5,-59.1812057451325
01-Aug-2026 01:49:42,-186.861824313674,-58.7548373671582,0,26,26,26,6,-58.7548373671582
01-Aug-2026 01:49:44,-187.030913508844,-58.9239265623285,0,26,26,26,6,-58.9239265623285
01-Aug-2026 01:49:46,-186.356949466034,-58.2499625195185,0,27,27,27,7,-58.2499625195185
01-Aug-2026 01:49:48,-186.474222786365,-58.3672358398489,0,26,26,26,7,-58.3672358398489
01-Aug-2026 01:49:50,-186.486372125133,-58.3793851786176,0,26,26,26,7,-58.3793851786176
01-Aug-2026 01:49:52,-186.784284576488,-58.6772976299725,0,26,26,26,7,-58.6772976299725
01-Aug-2026 01:49:54,-186.690702390423,-58.5837154439067,0,26,26,26,7,-58.5837154439067
01-Aug-2026 01:49:56,-186.710767196311,-58.6037802497955,0,26,26,26,7,-58.6037802497955
01-Aug-2026 01:49:58,-186.844156660574,-58.7371697140578,0,26,26,26,7,-58.7371697140578
01-Aug-2026 01:50:00,-186.88719368899,-58.7802067424746,0,26,26,26,7,-58.7802067424746
01-Aug-2026 01:50:02,-186.948029369045,-58.8410424225293,0,26,26,26,6,-58.8410424225293
01-Aug-2026 01:50:04,-187.092507553207,-58.9855206066913,0,26,26,26,6,-58.9855206066913
01-Aug-2026 01:50:06,-187.27374619527,-59.1667592487537,0,26,26,26,6,-59.1667592487537
01-Aug-2026 01:50:08,-189.99656493288,-61.8895779863646,0,26,26,26,5,-61.8895779863646
01-Aug-2026 01:50:10,-189.462874572683,-61.3558876261674,0,26,26,26,6,-61.3558876261674
01-Aug-2026 01:50:12,-189.37426345936,-61.2672765128445,0,26,26,26,6,-61.2672765128445
01-Aug-2026 01:50:14,-189.58433988321,-61.4773529366946,0,26,26,26,6,-61.4773529366946
01-Aug-2026 01:50:16,-189.663194223938,-61.556207277422,0,26,26,26,6,-61.556207277422
01-Aug-2026 01:50:18,-190.281828204361,-62.1748412578447,0,26,26,26,5,-62.1748412578447
01-Aug-2026 01:50:20,-190.439063062112,-62.3320761155965,0,26,26,26,5,-62.3320761155965
01-Aug-2026 01:50:22,-190.874608094759,-62.7676211482432,0,26,26,26,5,-62.7676211482432
01-Aug-2026 01:50:24,-190.814380747539,-62.7073938010229,0,26,26,26,5,-62.7073938010229
01-Aug-2026 01:50:26,-192.468319410828,-64.3613324643119,0,26,26,26,3,-64.3613324643119
01-Aug-2026 01:50:28,-192.746784910241,-64.6397979637255,0,25,25,25,3,-64.6397979637255
01-Aug-2026 01:50:30,-194.734119235033,-66.6271322885173,0,24,24,24,2,-66.6271322885173
01-Aug-2026 01:50:32,-194.532478856162,-66.4254919096458,0,24,24,24,2,-66.4254919096458
01-Aug-2026 01:50:34,-192.874916957203,-64.7679300106868,0,24,24,24,3,-64.7679300106868
01-Aug-2026 01:50:36,-192.961585575828,-64.8545986293118,0,24,24,24,3,-64.8545986293118
01-Aug-2026 01:50:38,-194.247238070853,-66.1402511243371,0,24,24,24,2,-66.1402511243371
01-Aug-2026 01:50:40,-194.456725917526,-66.3497389710105,0,24,24,24,2,-66.3497389710105
01-Aug-2026 01:50:42,-194.113140199916,-66.0061532533999,0,24,24,24,2,-66.0061532533999
01-Aug-2026 01:50:44,-194.093476234641,-65.9864892881251,0,25,25,25,2,-65.9864892881251
01-Aug-2026 01:50:46,-193.522561981431,-65.4155750349153,0,25,25,25,2,-65.4155750349153
01-Aug-2026 01:50:48,-193.19768348019,-65.090696533674,0,25,25,25,3,-65.090696533674
01-Aug-2026 01:50:50,-171.853491036359,-43.746504089843,0,24,24,24,4,-43.746504089843
01-Aug-2026 01:50:52,-170.906721367738,-42.7997344212222,0,25,25,25,4,-42.7997344212222
01-Aug-2026 01:50:54,-192.031478186047,-63.9244912395316,0,25,25,25,3,-63.9244912395316
01-Aug-2026 01:50:56,-191.901290621468,-63.7943036749523,0,25,25,25,3,-63.7943036749523
01-Aug-2026 01:50:58,-171.466897406147,-43.3599104596315,0,25,25,25,3,-43.3599104596315
01-Aug-2026 01:51:00,-171.534492418057,-43.4275054715411,0,25,25,25,3,-43.4275054715411
01-Aug-2026 01:51:02,-170.891617762688,-42.7846308161721,0,25,25,25,4,-42.7846308161721
01-Aug-2026 01:51:04,-170.203557441402,-42.0965704948865,0,24,24,24,4,-42.0965704948865
01-Aug-2026 01:51:06,-169.79246547341,-41.685478526894,0,24,24,24,3,-41.685478526894
01-Aug-2026 01:51:08,-169.96707426289,-41.8600873163745,0,24,24,24,2,-41.8600873163745
01-Aug-2026 01:51:10,-197.447507217313,-69.3405202707974,0,24,24,24,1,-69.3405202707974
01-Aug-2026 01:51:12,-196.842157795216,-68.7351708487,0,24,24,24,2,-68.7351708487
01-Aug-2026 01:51:14,-197.072868495651,-68.9658815491354,0,24,24,24,2,-68.9658815491354
01-Aug-2026 01:51:16,-187.638064646315,-59.531077699799,0,24,24,24,3,-59.531077699799
01-Aug-2026 01:51:18,-186.831780483413,-58.7247935368974,0,24,24,24,3,-58.7247935368974
01-Aug-2026 01:51:20,-186.138665316877,-58.031678370361,0,23,23,23,3,-58.031678370361
01-Aug-2026 01:51:22,-186.07262589543,-57.9656389489143,0,23,23,23,3,-57.9656389489143
01-Aug-2026 01:51:24,-185.732090360068,-57.6251034135516,0,23,23,23,3,-57.6251034135516
01-Aug-2026 01:51:26,-196.079136594592,-67.9721496480766,0,23,23,23,2,-67.9721496480766
01-Aug-2026 01:51:28,-171.327947608107,-43.2209606615914,0,23,23,23,4,-43.2209606615914
01-Aug-2026 01:51:30,-170.878336094821,-42.7713491483051,0,23,23,23,4,-42.7713491483051
01-Aug-2026 01:51:32,-170.519606771458,-42.4126198249423,0,23,23,23,4,-42.4126198249423
01-Aug-2026 01:51:34,-170.455089444137,-42.3481024976207,0,24,24,24,4,-42.3481024976207
01-Aug-2026 01:51:36,-170.491721895688,-42.3847349491718,0,24,24,24,4,-42.3847349491718
01-Aug-2026 01:51:38,-170.230320599829,-42.1233336533128,0,24,24,24,5,-42.1233336533128
01-Aug-2026 01:51:40,-170.237585752206,-42.1305988056905,0,25,25,25,5,-42.1305988056905
01-Aug-2026 01:51:42,-169.982721984696,-41.8757350381797,0,25,25,25,5,-41.8757350381797
01-Aug-2026 01:51:44,-169.715773194196,-41.6087862476801,0,25,25,25,5,-41.6087862476801
01-Aug-2026 01:51:46,-168.638448507024,-40.5314615605085,0,25,25,25,6,-40.5314615605085
01-Aug-2026 01:51:48,-168.719616198671,-40.612629252155,0,25,25,25,6,-40.612629252155
01-Aug-2026 01:51:50,-168.492797718277,-40.3858107717611,0,25,25,25,6,-40.3858107717611
01-Aug-2026 01:51:52,-168.703318179462,-40.5963312329457,0,25,25,25,7,-40.5963312329457
01-Aug-2026 01:51:54,-168.556915355813,-40.4499284092967,0,25,25,25,6,-40.4499284092967
01-Aug-2026 01:51:56,-168.783521340472,-40.6765343939564,0,25,25,25,5,-40.6765343939564
01-Aug-2026 01:51:58,-169.366231539993,-41.259244593477,0,25,25,25,4,-41.259244593477
01-Aug-2026 01:52:00,-169.87183996731,-41.7648530207942,0,25,25,25,5,-41.7648530207942
01-Aug-2026 01:52:02,-170.031927987646,-41.92494104113,0,25,25,25,6,-41.92494104113
01-Aug-2026 01:52:04,-169.646439022579,-41.5394520760636,0,25,25,25,7,-41.5394520760636
01-Aug-2026 01:52:06,-169.397546257873,-41.2905593113576,0,25,25,25,6,-41.2905593113576
01-Aug-2026 01:52:08,-169.658503358297,-41.5515164117815,0,25,25,25,6,-41.5515164117815
01-Aug-2026 01:52:10,-169.236291345697,-41.1293043991814,0,25,25,25,6,-41.1293043991814
01-Aug-2026 01:52:12,-169.242884702508,-41.1358977559923,0,25,25,25,5,-41.1358977559923
01-Aug-2026 01:52:14,-168.755104905474,-40.6481179589581,0,25,25,25,4,-40.6481179589581
01-Aug-2026 01:52:16,-169.10500690748,-40.998019960964,0,25,25,25,4,-40.998019960964
01-Aug-2026 01:52:18,-169.477522468425,-41.3705355219089,0,26,26,26,6,-41.3705355219089
01-Aug-2026 01:52:20,-169.409817645531,-41.3028306990147,0,26,26,26,6,-41.3028306990147
01-Aug-2026 01:52:22,-169.922131117196,-41.8151441706802,0,26,26,26,5,-41.8151441706802
01-Aug-2026 01:52:24,-170.537151978802,-42.4301650322864,0,26,26,26,5,-42.4301650322864
01-Aug-2026 01:52:26,-171.017204998671,-42.9102180521554,0,26,26,26,5,-42.9102180521554
01-Aug-2026 01:52:28,-171.112283676794,-43.0052967302779,0,26,26,26,4,-43.0052967302779
01-Aug-2026 01:52:30,-170.865511352657,-42.7585244061416,0,26,26,26,4,-42.7585244061416
01-Aug-2026 01:52:32,-171.026267728799,-42.9192807822833,0,27,27,27,5,-42.9192807822833
01-Aug-2026 01:52:34,-171.293242585288,-43.1862556387724,0,27,27,27,4,-43.1862556387724
01-Aug-2026 01:52:36,-159.709620993016,-31.6026340464999,0,27,27,27,6,-31.6026340464999
01-Aug-2026 01:52:38,-159.357297322334,-31.250310375818,0,26,26,26,7,-31.250310375818
01-Aug-2026 01:52:40,-159.327813067179,-31.2208261206629,0,26,26,26,7,-31.2208261206629
01-Aug-2026 01:52:42,-158.738367494917,-30.6313805484013,0,25,25,25,6,-30.6313805484013
01-Aug-2026 01:52:44,-157.591527009875,-29.4845400633594,0,25,25,25,5,-29.4845400633594
01-Aug-2026 01:52:46,-157.458020349025,-29.3510334025091,0,25,25,25,5,-29.3510334025091
01-Aug-2026 01:52:48,-156.888342474426,-28.7813555279099,0,25,25,25,5,-28.7813555279099
01-Aug-2026 01:52:50,-171.020897793101,-42.9139108465855,0,25,25,25,5,-42.9139108465855
01-Aug-2026 01:52:52,-170.712932435208,-42.6059454886925,0,25,25,25,5,-42.6059454886925
01-Aug-2026 01:52:54,-170.883109243517,-42.7761222970016,0,24,24,24,5,-42.7761222970016
01-Aug-2026 01:52:56,-170.991622580405,-42.8846356338895,0,25,25,25,5,-42.8846356338895
01-Aug-2026 01:52:58,-171.304658277308,-43.1976713307916,0,25,25,25,6,-43.1976713307916
01-Aug-2026 01:53:00,-172.048823889305,-43.941836942789,0,25,25,25,6,-43.941836942789
01-Aug-2026 01:53:02,-171.981168932672,-43.8741819861565,0,24,24,24,6,-43.8741819861565
01-Aug-2026 01:53:04,-171.667871842988,-43.5608848964722,0,24,24,24,6,-43.5608848964722
01-Aug-2026 01:53:06,-171.662097441602,-43.5551104950864,0,24,24,24,5,-43.5551104950864
01-Aug-2026 01:53:08,-171.920929297721,-43.8139423512054,0,25,25,25,5,-43.8139423512054
01-Aug-2026 01:53:10,-171.799977837724,-43.6929908912082,0,25,25,25,5,-43.6929908912082
01-Aug-2026 01:53:12,-171.639963977971,-43.5329770314551,0,25,25,25,5,-43.5329770314551
01-Aug-2026 01:53:14,-171.789316432582,-43.6823294860658,0,25,25,25,5,-43.6823294860658
01-Aug-2026 01:53:16,-172.027539178893,-43.9205522323769,0,25,25,25,4,-43.9205522323769
01-Aug-2026 01:53:18,-171.961353038803,-43.8543660922869,0,26,26,26,4,-43.8543660922869
01-Aug-2026 01:53:20,-172.575757962377,-44.4687710158616,0,26,26,26,5,-44.4687710158616
01-Aug-2026 01:53:22,-173.007344546995,-44.9003576004791,0,26,26,26,5,-44.9003576004791
01-Aug-2026 01:53:24,-173.219694094649,-45.1127071481333,0,26,26,26,5,-45.1127071481333
01-Aug-2026 01:53:26,-172.626508176765,-44.519521230249,0,26,26,26,6,-44.519521230249
01-Aug-2026 01:53:28,-173.484561658108,-45.3775747115926,0,26,26,26,6,-45.3775747115926
01-Aug-2026 01:53:30,-173.536794463063,-45.4298075165476,0,26,26,26,6,-45.4298075165476
01-Aug-2026 01:53:32,-186.706779798632,-58.5997928521163,0,26,26,26,5,-58.5997928521163
01-Aug-2026 01:53:34,-187.086643076229,-58.9796561297128,0,26,26,26,5,-58.9796561297128
01-Aug-2026 01:53:36,-186.969349036799,-58.8623620902829,0,26,26,26,5,-58.8623620902829
01-Aug-2026 01:53:38,-187.23360841012,-59.1266214636043,0,25,25,25,4,-59.1266214636043
01-Aug-2026 01:53:40,-188.114289829586,-60.0073028830706,0,26,26,26,3,-60.0073028830706
01-Aug-2026 01:53:42,-188.367008261674,-60.2600213151578,0,26,26,26,3,-60.2600213151578
01-Aug-2026 01:53:44,-188.326660760756,-60.2196738142403,0,26,26,26,4,-60.2196738142403
01-Aug-2026 01:53:46,-189.797054183877,-61.690067237361,0,26,26,26,4,-61.690067237361
01-Aug-2026 01:53:48,-190.299139517257,-62.1921525707416,0,26,26,26,3,-62.1921525707416
01-Aug-2026 01:53:50,-161.535769013325,-33.4287820668091,0,26,26,26,4,-33.4287820668091
01-Aug-2026 01:53:52,-161.277701126473,-33.1707141799575,0,26,26,26,4,-33.1707141799575
01-Aug-2026 01:53:54,-161.952247799423,-33.8452608529069,0,26,26,26,4,-33.8452608529069
01-Aug-2026 01:53:56,-162.260300686348,-34.1533137398319,0,26,26,26,3,-34.1533137398319
01-Aug-2026 01:53:58,-162.265573588346,-34.1585866418302,0,26,26,26,4,-34.1585866418302
01-Aug-2026 01:54:00,-161.258462598732,-33.1514756522163,0,26,26,26,6,-33.1514756522163
01-Aug-2026 01:54:02,-161.463455019908,-33.3564680733918,0,26,26,26,8,-33.3564680733918
01-Aug-2026 01:54:04,-161.336717949643,-33.2297310031272,0,26,26,26,7,-33.2297310031272
01-Aug-2026 01:54:06,-161.862180918172,-33.7551939716562,0,26,26,26,7,-33.7551939716562
01-Aug-2026 01:54:08,-161.710345715226,-33.6033587687104,0,26,26,26,7,-33.6033587687104
01-Aug-2026 01:54:10,-162.158168556613,-34.0511816100976,0,26,26,26,9,-34.0511816100976
01-Aug-2026 01:54:12,-162.308151964973,-34.2011650184576,0,25,25,25,9,-34.2011650184576
01-Aug-2026 01:54:14,-162.554220459087,-34.4472335125707,0,25,25,25,9,-34.4472335125707
01-Aug-2026 01:54:16,-162.512271457924,-34.4052845114078,0,24,24,24,7,-34.4052845114078
01-Aug-2026 01:54:18,-163.027311471297,-34.9203245247812,0,24,24,24,7,-34.9203245247812
01-Aug-2026 01:54:20,-162.814539001439,-34.7075520549228,0,24,24,24,7,-34.7075520549228
01-Aug-2026 01:54:22,-162.766841388832,-34.6598544423163,0,24,24,24,7,-34.6598544423163
01-Aug-2026 01:54:24,-162.418305010532,-34.3113180640158,0,24,24,24,7,-34.3113180640158
01-Aug-2026 01:54:26,-162.496120505546,-34.3891335590303,0,24,24,24,7,-34.3891335590303
01-Aug-2026 01:54:28,-162.900309489861,-34.7933225433456,0,24,24,24,6,-34.7933225433456
01-Aug-2026 01:54:30,-162.77017141371,-34.6631844671938,0,24,24,24,6,-34.6631844671938
01-Aug-2026 01:54:32,-162.635866694378,-34.5288797478623,0,24,24,24,6,-34.5288797478623
01-Aug-2026 01:54:34,-163.151604941772,-35.0446179952557,0,24,24,24,6,-35.0446179952557
01-Aug-2026 01:54:36,-163.255770366469,-35.1487834199529,0,24,24,24,6,-35.1487834199529
01-Aug-2026 01:54:38,-163.443636897578,-35.336649951062,0,24,24,24,6,-35.336649951062
01-Aug-2026 01:54:40,-164.111045173899,-36.0040582273827,0,24,24,24,6,-36.0040582273827
01-Aug-2026 01:54:42,-164.178495816885,-36.0715088703692,0,25,25,25,5,-36.0715088703692
01-Aug-2026 01:54:44,-163.965486754238,-35.8584998077222,0,25,25,25,4,-35.8584998077222
01-Aug-2026 01:54:46,-188.481642257433,-60.3746553109175,0,25,25,25,3,-60.3746553109175
01-Aug-2026 01:54:48,-178.685980993114,-50.5789940465985,0,25,25,25,3,-50.5789940465985
01-Aug-2026 01:54:50,-179.338380931829,-51.2313939853127,0,25,25,25,3,-51.2313939853127
01-Aug-2026 01:54:52,-178.514791918706,-50.4078049721904,0,25,25,25,3,-50.4078049721904
01-Aug-2026 01:54:54,-177.834015112152,-49.7270281656364,0,25,25,25,4,-49.7270281656364
01-Aug-2026 01:54:56,-177.4601504174,-49.3531634708841,0,24,24,24,5,-49.3531634708841
01-Aug-2026 01:54:58,-177.426156646272,-49.3191696997557,0,24,24,24,4,-49.3191696997557
01-Aug-2026 01:55:00,-176.916625398832,-48.8096384523161,0,23,23,23,4,-48.8096384523161
01-Aug-2026 01:55:02,-176.893633726063,-48.7866467795467,0,23,23,23,4,-48.7866467795467
01-Aug-2026 01:55:04,-176.075454641485,-47.9684676949688,0,24,24,24,5,-47.9684676949688
01-Aug-2026 01:55:06,-175.395283946486,-47.2882969999706,0,24,24,24,6,-47.2882969999706
01-Aug-2026 01:55:08,-175.175458952093,-47.0684720055776,0,24,24,24,6,-47.0684720055776
01-Aug-2026 01:55:10,-175.376475942298,-47.2694889957824,0,24,24,24,4,-47.2694889957824
01-Aug-2026 01:55:12,-175.823486559585,-47.7164996130687,0,23,23,23,3,-47.7164996130687
01-Aug-2026 01:55:14,-176.094807513759,-47.9878205672434,0,23,23,23,3,-47.9878205672434
01-Aug-2026 01:55:16,-176.080293573587,-47.9733066270714,0,23,23,23,3,-47.9733066270714
01-Aug-2026 01:55:18,-176.185630785932,-48.0786438394164,0,23,23,23,3,-48.0786438394164
01-Aug-2026 01:55:20,-176.205352547228,-48.0983656007121,0,23,23,23,3,-48.0983656007121
01-Aug-2026 01:55:22,-176.239200170213,-48.1322132236975,0,23,23,23,3,-48.1322132236975
01-Aug-2026 01:55:24,-175.560687932847,-47.4537009863312,0,23,23,23,3,-47.4537009863312
01-Aug-2026 01:55:26,-175.829242021173,-47.7222550746575,0,24,24,24,3,-47.7222550746575
01-Aug-2026 01:55:28,-175.697512576469,-47.5905256299533,0,25,25,25,4,-47.5905256299533
01-Aug-2026 01:55:30,-175.087072042066,-46.9800850955501,0,25,25,25,4,-46.9800850955501
01-Aug-2026 01:55:32,-175.001704004158,-46.8947170576417,0,25,25,25,4,-46.8947170576417
01-Aug-2026 01:55:34,-174.173802867179,-46.0668159206629,0,25,25,25,4,-46.0668159206629
01-Aug-2026 01:55:36,-173.599635753049,-45.4926488065331,0,25,25,25,5,-45.4926488065331
01-Aug-2026 01:55:38,-173.344354030541,-45.2373670840254,0,25,25,25,5,-45.2373670840254
01-Aug-2026 01:55:40,-172.939263643058,-44.8322766965424,0,25,25,25,6,-44.8322766965424
01-Aug-2026 01:55:42,-172.808324424524,-44.7013374780085,0,25,25,25,7,-44.7013374780085
01-Aug-2026 01:55:44,-171.96701451985,-43.8600275733345,0,25,25,25,8,-43.8600275733345
01-Aug-2026 01:55:46,-172.361659414454,-44.254672467938,0,25,25,25,8,-44.254672467938
01-Aug-2026 01:55:48,-172.494472495618,-44.3874855491025,0,26,26,26,10,-44.3874855491025
01-Aug-2026 01:55:50,-172.063951839904,-43.956964893388,0,26,26,26,10,-43.956964893388
01-Aug-2026 01:55:52,-171.530785226749,-43.4237982802336,0,26,26,26,9,-43.4237982802336
01-Aug-2026 01:55:54,-170.505231840951,-42.3982448944353,0,26,26,26,9,-42.3982448944353
01-Aug-2026 01:55:56,-170.359682342775,-42.2526953962595,0,26,26,26,8,-42.2526953962595
01-Aug-2026 01:55:58,-170.218985167348,-42.1119982208324,0,26,26,26,6,-42.1119982208324
01-Aug-2026 01:56:00,-169.396090010065,-41.2891030635493,0,26,26,26,6,-41.2891030635493
01-Aug-2026 01:56:02,-169.243178140148,-41.1361911936324,0,26,26,26,5,-41.1361911936324
01-Aug-2026 01:56:04,-169.215859325067,-41.1088723785508,0,26,26,26,5,-41.1088723785508
01-Aug-2026 01:56:06,-168.544640108165,-40.4376531616495,0,26,26,26,5,-40.4376531616495
01-Aug-2026 01:56:08,-168.421311902825,-40.314324956309,0,27,27,27,6,-40.314324956309
01-Aug-2026 01:56:10,-168.201776513788,-40.0947895672726,0,27,27,27,6,-40.0947895672726
01-Aug-2026 01:56:12,-167.198956199477,-39.0919692529607,0,27,27,27,7,-39.0919692529607
01-Aug-2026 01:56:14,-167.071443519418,-38.9644565729022,0,27,27,27,6,-38.9644565729022
01-Aug-2026 01:56:16,-166.284393125828,-38.1774061793119,0,27,27,27,7,-38.1774061793119
01-Aug-2026 01:56:18,-163.066593041597,-34.9596060950809,0,27,27,27,8,-34.9596060950809
01-Aug-2026 01:56:20,-162.411278115424,-34.304291168908,0,28,28,28,8,-34.304291168908
01-Aug-2026 01:56:22,-162.409361012113,-34.3023740655976,0,28,28,28,8,-34.3023740655976
01-Aug-2026 01:56:24,-161.799282238683,-33.6922952921675,0,28,28,28,8,-33.6922952921675
01-Aug-2026 01:56:26,-161.659658781939,-33.5526718354231,0,28,28,28,11,-33.5526718354231
01-Aug-2026 01:56:28,-161.094548325179,-32.9875613786627,0,28,28,28,10,-32.9875613786627
01-Aug-2026 01:56:30,-160.685757162759,-32.5787702162434,0,27,27,27,9,-32.5787702162434
01-Aug-2026 01:56:32,-158.878715106194,-30.7717281596784,0,27,27,27,11,-30.7717281596784
01-Aug-2026 01:56:34,-158.598424122837,-30.4914371763215,0,27,27,27,11,-30.4914371763215
01-Aug-2026 01:56:36,-158.138368442642,-30.0313814961263,0,27,27,27,13,-30.0313814961263
01-Aug-2026 01:56:38,-158.405187976142,-30.2982010296265,0,26,26,26,12,-30.2982010296265
01-Aug-2026 01:56:40,-157.899789492372,-29.7928025458563,0,26,26,26,10,-29.7928025458563
01-Aug-2026 01:56:42,-157.690178752033,-29.5831918055171,0,26,26,26,10,-29.5831918055171
01-Aug-2026 01:56:44,-157.365210506223,-29.2582235597071,0,27,27,27,10,-29.2582235597071
01-Aug-2026 01:56:46,-156.785337316418,-28.6783503699024,0,26,26,26,10,-28.6783503699024
01-Aug-2026 01:56:48,-156.507077074228,-28.400090127712,0,26,26,26,10,-28.400090127712
01-Aug-2026 01:56:50,-155.746623185044,-27.6396362385285,0,26,26,26,10,-27.6396362385285
01-Aug-2026 01:56:52,-155.787087275273,-27.6801003287575,0,25,25,25,9,-27.6801003287575
01-Aug-2026 01:56:54,-155.763076476601,-27.6560895300856,0,25,25,25,8,-27.6560895300856
01-Aug-2026 01:56:56,-154.808508478717,-26.7015215322009,0,26,26,26,9,-26.7015215322009
01-Aug-2026 01:56:58,-169.269217290172,-41.162230343656,0,26,26,26,6,-41.162230343656
01-Aug-2026 01:57:00,-169.63065348033,-41.5236665338137,0,27,27,27,6,-41.5236665338137
01-Aug-2026 01:57:02,-170.559137800802,-42.4521508542866,0,27,27,27,6,-42.4521508542866
01-Aug-2026 01:57:04,-167.888992316157,-39.7820053696416,0,27,27,27,7,-39.7820053696416
01-Aug-2026 01:57:06,-167.533492769728,-39.4265058232124,0,27,27,27,8,-39.4265058232124
01-Aug-2026 01:57:08,-167.399576506598,-39.2925895600821,0,27,27,27,8,-39.2925895600821
01-Aug-2026 01:57:10,-170.260277104157,-42.1532901576412,0,27,27,27,7,-42.1532901576412
01-Aug-2026 01:57:12,-170.344800550312,-42.2378136037962,0,27,27,27,7,-42.2378136037962
01-Aug-2026 01:57:14,-170.424204893688,-42.3172179471717,0,27,27,27,7,-42.3172179471717
01-Aug-2026 01:57:16,-170.593388414351,-42.4864014678352,0,27,27,27,8,-42.4864014678352
01-Aug-2026 01:57:18,-170.380649569889,-42.2736626233732,0,27,27,27,9,-42.2736626233732
01-Aug-2026 01:57:20,-170.973683852964,-42.8666969064485,0,27,27,27,8,-42.8666969064485
01-Aug-2026 01:57:22,-171.105008536832,-42.998021590316,0,27,27,27,7,-42.998021590316
01-Aug-2026 01:57:24,-171.655480046023,-43.5484930995067,0,27,27,27,6,-43.5484930995067
01-Aug-2026 01:57:26,-170.837667803134,-42.7306808566182,0,27,27,27,6,-42.7306808566182
01-Aug-2026 01:57:28,-170.764242925834,-42.6572559793184,0,26,26,26,6,-42.6572559793184
01-Aug-2026 01:57:30,-170.928014131901,-42.821027185385,0,26,26,26,5,-42.821027185385
01-Aug-2026 01:57:32,-170.404714562261,-42.2977276157451,0,26,26,26,5,-42.2977276157451
01-Aug-2026 01:57:34,-169.869124622604,-41.7621376760882,0,26,26,26,7,-41.7621376760882
01-Aug-2026 01:57:36,-169.732073155315,-41.6250862087988,0,27,27,27,8,-41.6250862087988
01-Aug-2026 01:57:38,-178.907865960526,-50.8008790140097,0,27,27,27,7,-50.8008790140097
01-Aug-2026 01:57:40,-178.412779326864,-50.3057923803484,0,27,27,27,7,-50.3057923803484
01-Aug-2026 01:57:42,-178.147714373801,-50.0407274272854,0,27,27,27,9,-50.0407274272854
01-Aug-2026 01:57:44,-177.852322085933,-49.7453351394171,0,27,27,27,9,-49.7453351394171
01-Aug-2026 01:57:46,-178.145664267525,-50.0386773210096,0,26,26,26,8,-50.0386773210096
01-Aug-2026 01:57:48,-178.331235087944,-50.2242481414283,0,26,26,26,8,-50.2242481414283
01-Aug-2026 01:57:50,-177.642489100392,-49.5355021538762,0,26,26,26,8,-49.5355021538762
01-Aug-2026 01:57:52,-176.91179942004,-48.8048124735237,0,26,26,26,8,-48.8048124735237
01-Aug-2026 01:57:54,-175.252524195884,-47.1455372493685,0,26,26,26,8,-47.1455372493685
01-Aug-2026 01:57:56,-174.850851317549,-46.7438643710328,0,25,25,25,6,-46.7438643710328
01-Aug-2026 01:57:58,-174.136542330126,-46.0295553836105,0,25,25,25,6,-46.0295553836105
01-Aug-2026 01:58:00,-174.217437777695,-46.1104508311796,0,25,25,25,5,-46.1104508311796
01-Aug-2026 01:58:02,-173.646279400653,-45.539292454137,0,24,24,24,6,-45.539292454137
01-Aug-2026 01:58:04,-173.263363553772,-45.1563766072563,0,24,24,24,5,-45.1563766072563
01-Aug-2026 01:58:06,-172.894130930393,-44.7871439838774,0,24,24,24,5,-44.7871439838774
01-Aug-2026 01:58:08,-184.936121128574,-56.8291341820578,0,24,24,24,3,-56.8291341820578
01-Aug-2026 01:58:10,-176.309724282774,-48.2027373362581,0,24,24,24,3,-48.2027373362581
01-Aug-2026 01:58:12,-186.052887097577,-57.9459001510612,0,24,24,24,2,-57.9459001510612
01-Aug-2026 01:58:14,-172.81135430284,-44.7043673563239,0,24,24,24,2,-44.7043673563239
01-Aug-2026 01:58:16,-172.317474109212,-44.2104871626964,0,24,24,24,2,-44.2104871626964
01-Aug-2026 01:58:18,-171.864926702448,-43.7579397559322,0,24,24,24,2,-43.7579397559322
01-Aug-2026 01:58:20,-171.870013348343,-43.7630264018276,0,24,24,24,3,-43.7630264018276
01-Aug-2026 01:58:22,-172.122554050812,-44.0155671042957,0,24,24,24,3,-44.0155671042957
01-Aug-2026 01:58:24,-172.756325829002,-44.6493388824863,0,23,23,23,3,-44.6493388824863
01-Aug-2026 01:58:26,-172.617778933058,-44.5107919865421,0,23,23,23,3,-44.5107919865421
01-Aug-2026 01:58:28,-173.222246318913,-45.1152593723972,0,24,24,24,3,-45.1152593723972
01-Aug-2026 01:58:30,-173.207020309561,-45.1000333630454,0,24,24,24,5,-45.1000333630454
01-Aug-2026 01:58:32,-173.141158789798,-45.0341718432822,0,25,25,25,5,-45.0341718432822
01-Aug-2026 01:58:34,-173.340850774218,-45.2338638277017,0,25,25,25,5,-45.2338638277017
01-Aug-2026 01:58:36,-173.886166992183,-45.7791800456676,0,25,25,25,5,-45.7791800456676
01-Aug-2026 01:58:38,-173.396210069251,-45.2892231227353,0,25,25,25,5,-45.2892231227353
01-Aug-2026 01:58:40,-172.764161120384,-44.6571741738682,0,25,25,25,5,-44.6571741738682
01-Aug-2026 01:58:42,-172.866493558659,-44.7595066121432,0,25,25,25,4,-44.7595066121432
01-Aug-2026 01:58:44,-172.672459582768,-44.5654726362525,0,25,25,25,4,-44.5654726362525
01-Aug-2026 01:58:46,-173.061739182416,-44.9547522358998,0,25,25,25,5,-44.9547522358998
01-Aug-2026 01:58:48,-172.631190733431,-44.5242037869152,0,23,23,23,5,-44.5242037869152
01-Aug-2026 01:58:50,-173.063544350432,-44.956557403916,0,23,23,23,5,-44.956557403916
01-Aug-2026 01:58:52,-173.43148110645,-45.3244941599344,0,23,23,23,4,-45.3244941599344
01-Aug-2026 01:58:54,-174.1015096205,-45.9945226739841,0,23,23,23,4,-45.9945226739841
01-Aug-2026 01:58:56,-174.32016496272,-46.2131780162042,0,24,24,24,5,-46.2131780162042
01-Aug-2026 01:58:58,-173.372269569099,-45.2652826225834,0,24,24,24,5,-45.2652826225834
01-Aug-2026 01:59:00,-173.889029066936,-45.7820421204196,0,24,24,24,5,-45.7820421204196
01-Aug-2026 01:59:02,-173.777995672468,-45.6710087259517,0,24,24,24,7,-45.6710087259517
01-Aug-2026 01:59:04,-173.947990993131,-45.8410040466152,0,24,24,24,6,-45.8410040466152
01-Aug-2026 01:59:06,-187.714174571589,-59.6071876250731,0,24,24,24,6,-59.6071876250731
01-Aug-2026 01:59:08,-190.150594441627,-62.043607495111,0,24,24,24,5,-62.043607495111
01-Aug-2026 01:59:10,-176.800859017434,-48.6938720709177,0,24,24,24,6,-48.6938720709177
01-Aug-2026 01:59:12,-177.024560201848,-48.9175732553325,0,25,25,25,6,-48.9175732553325
01-Aug-2026 01:59:14,-176.39980588035,-48.2928189338339,0,25,25,25,6,-48.2928189338339
01-Aug-2026 01:59:16,-177.009975375513,-48.9029884289974,0,25,25,25,6,-48.9029884289974
01-Aug-2026 01:59:18,-177.571319922733,-49.4643329762168,0,25,25,25,6,-49.4643329762168
01-Aug-2026 01:59:20,-177.23784999996,-49.1308630534437,0,25,25,25,6,-49.1308630534437
01-Aug-2026 01:59:22,-177.70874686869,-49.6017599221745,0,26,26,26,6,-49.6017599221745
01-Aug-2026 01:59:24,-177.008580696283,-48.9015937497667,0,26,26,26,5,-48.9015937497667
01-Aug-2026 01:59:26,-177.022300673181,-48.9153137266655,0,26,26,26,4,-48.9153137266655
01-Aug-2026 01:59:28,-177.598958466982,-49.4919715204658,0,26,26,26,3,-49.4919715204658
01-Aug-2026 01:59:30,-177.799782928708,-49.6927959821924,0,26,26,26,2,-49.6927959821924
01-Aug-2026 01:59:32,-178.712983909652,-50.6059969631362,0,26,26,26,2,-50.6059969631362
01-Aug-2026 01:59:34,-175.517767395081,-47.4107804485654,0,26,26,26,2,-47.4107804485654
01-Aug-2026 01:59:36,-175.175406946676,-47.0684200001606,0,26,26,26,2,-47.0684200001606
01-Aug-2026 01:59:38,-174.786320269924,-46.6793333234086,0,26,26,26,3,-46.6793333234086
01-Aug-2026 01:59:40,-176.150682163734,-48.0436952172177,0,26,26,26,2,-48.0436952172177
01-Aug-2026 01:59:42,-175.698731436918,-47.5917444904022,0,26,26,26,3,-47.5917444904022
01-Aug-2026 01:59:44,-175.171998791541,-47.0650118450247,0,26,26,26,3,-47.0650118450247
01-Aug-2026 01:59:46,-174.61162801995,-46.5046410734341,0,26,26,26,3,-46.5046410734341
01-Aug-2026 01:59:48,-173.937156163979,-45.8301692174628,0,26,26,26,3,-45.8301692174628
01-Aug-2026 01:59:50,-173.642904040882,-45.5359170943661,0,26,26,26,3,-45.5359170943661
01-Aug-2026 01:59:52,-191.285910578672,-63.1789236321562,0,26,26,26,1,-63.1789236321562
01-Aug-2026 01:59:54,-190.992802615697,-62.8858156691809,0,26,26,26,1,-62.8858156691809
01-Aug-2026 01:59:56,-190.730787471898,-62.6238005253818,0,26,26,26,1,-62.6238005253818
01-Aug-2026 01:59:58,-190.271278426951,-62.1642914804355,0,27,27,27,2,-62.1642914804355
01-Aug-2026 02:00:00,-190.715949004554,-62.6089620580385,0,27,27,27,2,-62.6089620580385
