OuterAngleDeg,InnerAngleDeg,WorstExceedancePercent,RobustExceedancePercent,MedianExceedancePercent,MaximumIOverNDb,P95IOverNDb,PracticalPercentileIOverNDb,RobustAvailabilityPercent,RetaskDutyPercent,ShutdownDutyPercent,Feasible,PracticalFeasible,Score,SearchStage
0,0,0.166620383226881,0.166620383226881,0.0833101916134407,12.8221226911567,-29.4416131643629,6.88434629097045,99.8333796167731,0,0,0,0,0,coarse
0.5,0,0.166620383226881,0.166620383226881,0.0833101916134407,12.8221226911567,-29.4416131643629,6.88434629097045,99.8333796167731,0.0107469102632993,0,0,0,0.5,coarse
0.5,0.5,0.111080255484588,0.111080255484588,0.0833101916134407,11.4379128806316,-29.4416131643629,-3.35359322440815,99.8889197445154,0,0.0107469102632993,0,0,1,coarse
1,0,0.166620383226881,0.166620383226881,0.0833101916134407,12.8221226911567,-29.4416131643629,6.88434629097045,99.8333796167731,0.0220555800617556,0,0,0,1,coarse
1,0.5,0.111080255484588,0.111080255484588,0.0833101916134407,11.4379128806316,-29.4416131643629,-3.35359322440815,99.8889197445154,0.0220555800617556,0.0107469102632993,0,0,1.5,coarse
1,1,0.111080255484588,0.111080255484588,0.0416550958067204,10.5902090924059,-29.4416131643629,-3.35359322440815,99.8889197445154,0,0.0220555800617556,0,0,2,coarse
2,0,0.166620383226881,0.166620383226881,0.0833101916134407,12.8221226911567,-29.4416131643629,6.88434629097045,99.8333796167731,0.0441111601235112,0,0,0,2,coarse
2,0.5,0.111080255484588,0.111080255484588,0.0833101916134407,11.4379128806316,-29.4416131643629,-3.35359322440815,99.8889197445154,0.0441111601235112,0.0107469102632993,0,0,2.5,coarse
2,1,0.111080255484588,0.111080255484588,0.0416550958067204,10.5902090924059,-29.4416131643629,-3.35359322440815,99.8889197445154,0.0220555800617556,0.0220555800617556,0,0,3,coarse
2,2,0.111080255484588,0.111080255484588,0.0138850319355735,10.5902090924059,-29.4416131643629,-3.40748541877238,99.8889197445154,0,0.0441111601235112,0,0,4,coarse
3,0,0.166620383226881,0.166620383226881,0.0833101916134407,12.8221226911567,-29.4416131643629,6.88434629097045,99.8333796167731,0.0661667401852669,0,0,0,3,coarse
3,0.5,0.111080255484588,0.111080255484588,0.0833101916134407,11.4379128806316,-29.4416131643629,-3.35359322440815,99.8889197445154,0.0661667401852669,0.0107469102632993,0,0,3.5,coarse
3,1,0.111080255484588,0.111080255484588,0.0416550958067204,10.5902090924059,-29.4416131643629,-3.35359322440815,99.8889197445154,0.0441111601235112,0.0220555800617556,0,0,4,coarse
3,2,0.111080255484588,0.111080255484588,0.0138850319355735,10.5902090924059,-29.4416131643629,-3.40748541877238,99.8889197445154,0.0321096007706304,0.0441111601235112,0,0,5,coarse
3,3,0.111080255484588,0.111080255484588,0.0138850319355735,10.5902090924059,-29.5706774313624,-3.40748541877238,99.8889197445154,0,0.0661667401852669,0,0,6,coarse
5,0,0.166620383226881,0.166620383226881,0.0833101916134407,12.8221226911567,-29.4416131643629,6.88434629097045,99.8333796167731,0.220555800617556,0,0,0,5,coarse
5,0.5,0.111080255484588,0.111080255484588,0.0833101916134407,11.4379128806316,-29.4416131643629,-3.35359322440815,99.8889197445154,0.220555800617556,0.0107469102632993,0,0,5.5,coarse
5,1,0.111080255484588,0.111080255484588,0.0416550958067204,10.5902090924059,-29.4416131643629,-3.35359322440815,99.8889197445154,0.198500220555801,0.0220555800617556,0,0,6,coarse
5,2,0.111080255484588,0.111080255484588,0.0138850319355735,10.5902090924059,-29.4416131643629,-3.40748541877238,99.8889197445154,0.176444640494045,0.0441111601235112,0,0,7,coarse
5,3,0.111080255484588,0.111080255484588,0.0138850319355735,10.5902090924059,-29.5706774313624,-3.40748541877238,99.8889197445154,0.154389060432289,0.0661667401852669,0,0,8,coarse
5,5,0.111080255484588,0.111080255484588,0.0138850319355735,10.5902090924059,-29.8703300374435,-3.40748541877238,99.8889197445154,0,0.220555800617556,0,0,10,coarse
10,0,0.166620383226881,0.166620383226881,0.0833101916134407,12.8221226911567,-29.4416131643629,6.88434629097045,99.8333796167731,0.551389501543891,0,0,0,10,coarse
10,0.5,0.111080255484588,0.111080255484588,0.0833101916134407,11.4379128806316,-29.4416131643629,-3.35359322440815,99.8889197445154,0.551389501543891,0.0107469102632993,0,0,10.5,coarse
10,1,0.111080255484588,0.111080255484588,0.0416550958067204,10.5902090924059,-29.4416131643629,-3.35359322440815,99.8889197445154,0.53516001284384,0.0220555800617556,0,0,11,coarse
10,2,0.111080255484588,0.111080255484588,0.0138850319355735,10.5902090924059,-29.4416131643629,-3.40748541877238,99.8889197445154,0.53516001284384,0.0441111601235112,0,0,12,coarse
10,3,0.111080255484588,0.111080255484588,0.0138850319355735,10.5902090924059,-29.5706774313624,-3.40748541877238,99.8889197445154,0.50305041207321,0.0661667401852669,0,0,13,coarse
10,5,0.111080255484588,0.111080255484588,0.0138850319355735,10.5902090924059,-29.8703300374435,-3.40748541877238,99.8889197445154,0.385315209247565,0.220555800617556,0,0,15,coarse
10,10,0.111080255484588,0.111080255484588,0.0138850319355735,10.5902090924059,-30.8054067321917,-3.40748541877238,99.8889197445154,0,0.551389501543891,0,0,20,coarse
15,0,0.166620383226881,0.166620383226881,0.0833101916134407,12.8221226911567,-29.4416131643629,6.88434629097045,99.8333796167731,1.26819585355095,0,0,0,15,coarse
15,0.5,0.111080255484588,0.111080255484588,0.0833101916134407,11.4379128806316,-29.4416131643629,-3.35359322440815,99.8889197445154,1.26819585355095,0.0107469102632993,0,0,15.5,coarse
15,1,0.111080255484588,0.111080255484588,0.0416550958067204,10.5902090924059,-29.4416131643629,-3.35359322440815,99.8889197445154,1.24614027348919,0.0220555800617556,0,0,16,coarse
15,2,0.111080255484588,0.111080255484588,0.0138850319355735,10.5902090924059,-29.4416131643629,-3.40748541877238,99.8889197445154,1.22408469342744,0.0441111601235112,0,0,17,coarse
15,3,0.111080255484588,0.111080255484588,0.0138850319355735,10.5902090924059,-29.5706774313624,-3.40748541877238,99.8889197445154,1.20202911336568,0.0661667401852669,0,0,18,coarse
15,5,0.111080255484588,0.111080255484588,0.0138850319355735,10.5902090924059,-29.8703300374435,-3.40748541877238,99.8889197445154,1.04764005293339,0.220555800617556,0,0,20,coarse
15,10,0.111080255484588,0.111080255484588,0.0138850319355735,10.5902090924059,-30.8054067321917,-3.40748541877238,99.8889197445154,0.716806352007058,0.551389501543891,0,0,25,coarse
15,15,0.111080255484588,0.111080255484588,0.0138850319355735,10.5902090924059,-32.0511908490885,-3.40748541877238,99.8889197445154,0,1.26819585355095,0,0,30,coarse
20,0,0.166620383226881,0.166620383226881,0.0833101916134407,12.8221226911567,-29.4416131643629,6.88434629097045,99.8333796167731,2.50330833700926,0,0,0,20,coarse
20,0.5,0.111080255484588,0.111080255484588,0.0833101916134407,11.4379128806316,-29.4416131643629,-3.35359322440815,99.8889197445154,2.50330833700926,0.0107469102632993,0,0,20.5,coarse
20,1,0.111080255484588,0.111080255484588,0.0416550958067204,10.5902090924059,-29.4416131643629,-3.35359322440815,99.8889197445154,2.48125275694751,0.0220555800617556,0,0,21,coarse
20,2,0.111080255484588,0.111080255484588,0.0138850319355735,10.5902090924059,-29.4416131643629,-3.40748541877238,99.8889197445154,2.45919717688575,0.0441111601235112,0,0,22,coarse
20,3,0.111080255484588,0.111080255484588,0.0138850319355735,10.5902090924059,-29.5706774313624,-3.40748541877238,99.8889197445154,2.437141596824,0.0661667401852669,0,0,23,coarse
20,5,0.111080255484588,0.111080255484588,0.0138850319355735,10.5902090924059,-29.8703300374435,-3.40748541877238,99.8889197445154,2.28275253639171,0.220555800617556,0,0,25,coarse
20,10,0.111080255484588,0.111080255484588,0.0138850319355735,10.5902090924059,-30.8054067321917,-3.40748541877238,99.8889197445154,1.95191883546537,0.551389501543891,0,0,30,coarse
20,15,0.111080255484588,0.111080255484588,0.0138850319355735,10.5902090924059,-32.0511908490885,-3.40748541877238,99.8889197445154,1.30145785622521,1.26819585355095,0,0,35,coarse
20,20,0.111080255484588,0.111080255484588,0.0138850319355735,10.5902090924059,-32.5656956293813,-3.40748541877238,99.8889197445154,0,2.50330833700926,0,0,40,coarse
25,0,0.166620383226881,0.166620383226881,0.0833101916134407,12.8221226911567,-29.4416131643629,6.88434629097045,99.8333796167731,3.75914651175781,0,0,0,25,coarse
25,0.5,0.111080255484588,0.111080255484588,0.0833101916134407,11.4379128806316,-29.4416131643629,-3.35359322440815,99.8889197445154,3.75914651175781,0.0107469102632993,0,0,25.5,coarse
25,1,0.111080255484588,0.111080255484588,0.0416550958067204,10.5902090924059,-29.4416131643629,-3.35359322440815,99.8889197445154,3.7535608557225,0.0220555800617556,0,0,26,coarse
25,2,0.111080255484588,0.111080255484588,0.0138850319355735,10.5902090924059,-29.4416131643629,-3.40748541877238,99.8889197445154,3.7423895436519,0.0441111601235112,0,0,27,coarse
25,3,0.111080255484588,0.111080255484588,0.0138850319355735,10.5902090924059,-29.5706774313624,-3.40748541877238,99.8889197445154,3.7200469195107,0.0661667401852669,0,0,28,coarse
25,5,0.111080255484588,0.111080255484588,0.0138850319355735,10.5902090924059,-29.8703300374435,-3.40748541877238,99.8889197445154,3.66977601519298,0.220555800617556,0,0,30,coarse
25,10,0.111080255484588,0.111080255484588,0.0138850319355735,10.5902090924059,-30.8054067321917,-3.40748541877238,99.8889197445154,3.42400714963973,0.551389501543891,0,0,35,coarse
25,15,0.111080255484588,0.111080255484588,0.0138850319355735,10.5902090924059,-32.0511908490885,-3.40748541877238,99.8889197445154,2.93805507456851,1.26819585355095,0,0,40,coarse
25,20,0.111080255484588,0.111080255484588,0.0138850319355735,10.5902090924059,-32.5656956293813,-3.40748541877238,99.8889197445154,1.80010746910263,2.50330833700926,0,0,45,coarse
25,25,0.111080255484588,0.111080255484588,0.0138850319355735,10.5902090924059,-33.426643625632,-3.40748541877238,99.8889197445154,0,3.75914651175781,0,0,50,coarse
30,0,0.166620383226881,0.166620383226881,0.0833101916134407,12.8221226911567,-29.4416131643629,6.88434629097045,99.8333796167731,6.53947948831054,0,0,0,30,coarse
30,0.5,0.111080255484588,0.111080255484588,0.0833101916134407,11.4379128806316,-29.4416131643629,-3.35359322440815,99.8889197445154,6.53947948831054,0.0107469102632993,0,0,30.5,coarse
30,1,0.111080255484588,0.111080255484588,0.0416550958067204,10.5902090924059,-29.4416131643629,-3.35359322440815,99.8889197445154,6.51800107469103,0.0220555800617556,0,0,31,coarse
30,2,0.111080255484588,0.111080255484588,0.0138850319355735,10.5902090924059,-29.4416131643629,-3.40748541877238,99.8889197445154,6.50188070929608,0.0441111601235112,0,0,32,coarse
30,3,0.111080255484588,0.111080255484588,0.0138850319355735,10.5902090924059,-29.5706774313624,-3.40748541877238,99.8889197445154,6.48038688876948,0.0661667401852669,0,0,33,coarse
30,5,0.111080255484588,0.111080255484588,0.0138850319355735,10.5902090924059,-29.8703300374435,-3.40748541877238,99.8889197445154,6.44277270284793,0.220555800617556,0,0,35,coarse
30,10,0.111080255484588,0.111080255484588,0.0138850319355735,10.5902090924059,-30.8054067321917,-3.40748541877238,99.8889197445154,6.27082213863514,0.551389501543891,0,0,40,coarse
30,15,0.111080255484588,0.111080255484588,0.0138850319355735,10.5902090924059,-32.0511908490885,-3.40748541877238,99.8889197445154,5.61526061257389,1.26819585355095,0,0,45,coarse
30,20,0.111080255484588,0.111080255484588,0.0138850319355735,10.5902090924059,-32.5656956293813,-3.40748541877238,99.8889197445154,4.83073616335304,2.50330833700926,0,0,50,coarse
30,25,0.111080255484588,0.111080255484588,0.0138850319355735,10.5902090924059,-33.426643625632,-3.40748541877238,99.8889197445154,3.0306286942504,3.75914651175781,0,0,55,coarse
30,30,0.111080255484588,0.111080255484588,0.0138850319355735,10.5901953510212,-34.5735841004324,-3.40776643842075,99.8889197445154,0,6.53947948831054,0,0,60,coarse
35,0,0.166620383226881,0.166620383226881,0.0694251596778673,12.8221226911567,-29.5076734926166,6.88434629097045,99.8333796167731,11.1490957212175,0,0,0,35,coarse
35,0.5,0.111080255484588,0.111080255484588,0.0694251596778673,11.4379128806316,-29.5076734926166,-3.35359322440815,99.8889197445154,11.1490957212175,0.0107469102632993,0,0,35.5,coarse
35,1,0.111080255484588,0.111080255484588,0.0277700638711469,10.5902090924059,-29.5076734926166,-3.35359322440815,99.8889197445154,11.1270401411557,0.0220555800617556,0,0,36,coarse
35,2,0.111080255484588,0.111080255484588,0,10.5902090924059,-29.5076734926166,-3.40748541877238,99.8889197445154,11.104984561094,0.0441111601235112,0,0,37,coarse
35,3,0.111080255484588,0.111080255484588,0,10.5902090924059,-29.6104171550484,-3.40748541877238,99.8889197445154,11.0829289810322,0.0661667401852669,0,0,38,coarse
35,5,0.111080255484588,0.111080255484588,0,10.5902090924059,-29.9186185600693,-3.40748541877238,99.8889197445154,10.9618484685653,0.220555800617556,0,0,40,coarse
35,10,0.111080255484588,0.111080255484588,0,10.5902090924059,-30.9791338368684,-3.40748541877238,99.8889197445154,10.7898979043525,0.551389501543891,0,0,45,coarse
35,15,0.111080255484588,0.111080255484588,0,10.5902090924059,-32.0878640188358,-3.40748541877238,99.8889197445154,10.1343363782912,1.26819585355095,0,0,50,coarse
35,20,0.111080255484588,0.111080255484588,0,10.5902090924059,-32.5656956293813,-3.40748541877238,99.8889197445154,9.34981192907039,2.50330833700926,0,0,55,coarse
35,25,0.111080255484588,0.111080255484588,0,10.5902090924059,-33.426643625632,-3.40748541877238,99.8889197445154,7.54970445996776,3.75914651175781,0,0,60,coarse
35,30,0.111080255484588,0.111080255484588,0,10.5901953510212,-34.5735841004324,-3.40776643842075,99.8889197445154,4.60961623290693,6.53947948831054,0,0,65,coarse
35,35,0.111080255484588,0.111080255484588,0,10.5901953510212,-37.1757891702799,-3.40776643842075,99.8889197445154,0,11.1490957212175,0,0,70,coarse
40,0,0.166620383226881,0.166620383226881,0.0694251596778673,12.8221226911567,-29.5706774313624,6.88434629097045,99.8333796167731,15.8465061721499,0,0,0,40,coarse
40,0.5,0.111080255484588,0.111080255484588,0.0694251596778673,11.4379128806316,-29.5706774313624,-3.35359322440815,99.8889197445154,15.8465061721499,0.0107469102632993,0,0,40.5,coarse
40,1,0.111080255484588,0.111080255484588,0.0277700638711469,10.5902090924059,-29.5706774313624,-3.35359322440815,99.8889197445154,15.8409205161146,0.0220555800617556,0,0,41,coarse
40,2,0.111080255484588,0.111080255484588,0,10.5902090924059,-29.5706774313624,-3.40748541877238,99.8889197445154,15.829749204044,0.0441111601235112,0,0,42,coarse
40,3,0.111080255484588,0.111080255484588,0,10.5902090924059,-29.6998672280905,-3.40748541877238,99.8889197445154,15.8074065799028,0.0661667401852669,0,0,43,coarse
40,5,0.111080255484588,0.111080255484588,0,10.5902090924059,-29.961179401734,-3.40748541877238,99.8889197445154,15.7571356755851,0.220555800617556,0,0,45,coarse
40,10,0.111080255484588,0.111080255484588,0,10.5902090924059,-31.0417377498519,-3.40748541877238,99.8889197445154,15.5113668100318,0.551389501543891,0,0,50,coarse
40,15,0.111080255484588,0.111080255484588,0,10.5902090924059,-32.2559371532209,-3.40748541877238,99.8889197445154,15.0254147349606,1.26819585355095,0,0,55,coarse
40,20,0.111080255484588,0.111080255484588,0,10.5902090924059,-32.5948632111194,-3.40748541877238,99.8889197445154,13.7239568787354,2.50330833700926,0,0,60,coarse
40,25,0.111080255484588,0.111080255484588,0,10.5902090924059,-33.4602171236987,-3.40748541877238,99.8889197445154,12.0873596603921,3.75914651175781,0,0,65,coarse
40,30,0.111080255484588,0.111080255484588,0,10.5901953510212,-34.5735841004324,-3.40776643842075,99.8889197445154,9.66877059710663,6.53947948831054,0,0,70,coarse
40,35,0.111080255484588,0.111080255484588,0,10.5901953510212,-37.1757891702799,-3.40776643842075,99.8889197445154,5.31754454560688,11.1490957212175,0,0,75,coarse
40,40,0.111080255484588,0.111080255484588,0,10.5901953510212,-38.3215231807423,-3.40776643842075,99.8889197445154,0,15.8465061721499,0,0,80,coarse
45,0,0.0833101916134407,0.0833101916134407,0.0694251596778673,12.8221226911567,-29.5706774313624,-6.68261045206671,99.9166898083866,19.5274534994135,0,0,1,45,coarse
45,0.5,0.0833101916134407,0.0833101916134407,0.0416550958067204,11.4379128806316,-29.5706774313624,-6.68261045206671,99.9166898083866,19.5274534994135,0.0107469102632993,0,1,45.5,coarse
45,1,0.0277700638711469,0.0277700638711469,0.0277700638711469,-2.9408932518254,-29.5706774313624,-7.56731299547792,99.9722299361289,19.5218678433782,0.0220555800617556,0,1,46,coarse
45,2,0.0277700638711469,0.0277700638711469,0,-2.9408932518254,-29.5706774313624,-8.61720562439138,99.9722299361289,19.5106965313076,0.0441111601235112,0,1,47,coarse
45,3,0.0277700638711469,0.0277700638711469,0,-2.9408932518254,-29.6998672280905,-8.63075230275137,99.9722299361289,19.4883539071664,0.0661667401852669,0,1,48,coarse
45,5,0.0277700638711469,0.0277700638711469,0,-2.9408932518254,-29.961179401734,-8.63075230275137,99.9722299361289,19.4380830028487,0.220555800617556,0,1,50,coarse
45,10,0.0277700638711469,0.0277700638711469,0,-2.9408932518254,-31.0417377498519,-8.63075230275137,99.9722299361289,19.1923141372954,0.551389501543891,0,1,55,coarse
45,15,0.0277700638711469,0.0277700638711469,0,-2.9408932518254,-32.2559371532209,-8.63075230275137,99.9722299361289,18.7063620622242,1.26819585355095,0,1,60,coarse
45,20,0.0277700638711469,0.0277700638711469,0,-2.9408932518254,-32.5948632111194,-8.63075230275137,99.9722299361289,17.404904205999,2.50330833700926,0,1,65,coarse
45,25,0.0277700638711469,0.0277700638711469,0,-2.9408932518254,-33.4602171236987,-8.63075230275137,99.9722299361289,15.7683069876557,3.75914651175781,0,1,70,coarse
45,30,0.0277700638711469,0.0277700638711469,0,-2.94120584320291,-34.5735841004324,-8.63075230275137,99.9722299361289,13.3497179243702,6.53947948831054,0,1,75,coarse
45,35,0.0277700638711469,0.0277700638711469,0,-2.94120584320291,-37.1757891702799,-8.63077039898577,99.9722299361289,8.99849187287047,11.1490957212175,0,1,80,coarse
45,40,0.0277700638711469,0.0277700638711469,0,-2.94120584320291,-38.3215231807423,-8.63077039898577,99.9722299361289,3.788285867813,15.8465061721499,0,1,85,coarse
45,45,0.0277700638711469,0.0277700638711469,0,-2.94120584320291,-42.4961171505855,-8.63077039898577,99.9722299361289,0,19.5274534994135,0,1,90,coarse
50,0,0.0833101916134407,0.0833101916134407,0.0555401277422938,12.8221226911567,-29.6214828905057,-6.68261045206671,99.9166898083866,22.7838909679942,0,0,1,50,coarse
50,0.5,0.0833101916134407,0.0833101916134407,0.0277700638711469,11.4379128806316,-29.6214828905057,-6.68261045206671,99.9166898083866,22.7838909679942,0.0107469102632993,0,1,50.5,coarse
50,1,0.0277700638711469,0.0277700638711469,0.0138850319355735,-3.55566505273808,-29.6214828905057,-8.16755684547774,99.9722299361289,22.7783053119589,0.0220555800617556,0,1,51,coarse
50,2,0,0,0,-7.56061767705862,-29.6214828905057,-11.1662022582578,100,22.7671339998883,0.0441111601235112,1,1,52,coarse
50,3,0,0,0,-7.56061767705862,-29.826144896414,-12.3539857571806,100,22.7447913757471,0.0661667401852669,1,1,53,coarse
50,5,0,0,0,-7.56061767705862,-30.0892063567936,-12.3539857571806,100,22.6945204714294,0.220555800617556,1,1,55,coarse
50,10,0,0,0,-7.56061767705862,-31.1471313435442,-12.3539857571806,100,22.4487516058761,0.551389501543891,1,1,60,coarse
50,15,0,0,0,-7.56061767705862,-32.2559371532209,-12.3539857571806,100,21.9627995308049,1.26819585355095,1,1,65,coarse
50,20,0,0,0,-7.56061767705862,-32.6449944253299,-12.3539857571806,100,20.6613416745797,2.50330833700926,1,1,70,coarse
50,25,0,0,0,-7.56061767705862,-33.556833006259,-12.3539857571806,100,19.0247444562364,3.75914651175781,1,1,75,coarse
50,30,0,0,0,-7.56061767705862,-34.7752889365687,-12.3539857571806,100,16.6061553929509,6.53947948831054,1,1,80,coarse
50,35,0,0,0,-7.56061767705862,-37.2411715064052,-12.3541999972728,100,12.2549293414512,11.1490957212175,1,1,85,coarse
50,40,0,0,0,-7.56061767705862,-38.456582372792,-12.3541999972728,100,6.97474476088125,15.8465061721499,1,1,90,coarse
50,45,0,0,0,-7.56061767705862,-42.4961171505855,-12.3541999972728,100,3.28628142920159,19.5274534994135,1,1,95,coarse
50,50,0,0,0,-7.56065305203839,-45.1615429423446,-12.3541999972728,100,0,22.7838909679942,1,1,100,coarse
55,0,0.0833101916134407,0.0833101916134407,0.0555401277422938,12.8221226911567,-29.7737111906796,-6.68261045206671,99.9166898083866,26.5821370719991,0,0,1,55,coarse
55,0.5,0.0833101916134407,0.0833101916134407,0.0277700638711469,11.4379128806316,-29.7737111906796,-6.68261045206671,99.9166898083866,26.5821370719991,0.0107469102632993,0,1,55.5,coarse
55,1,0.0277700638711469,0.0277700638711469,0.0138850319355735,-3.55566505273808,-29.7737111906796,-8.16755684547774,99.9722299361289,26.5765514159638,0.0220555800617556,0,1,56,coarse
55,2,0,0,0,-7.56061767705862,-29.7737111906796,-11.1662022582578,100,26.5653801038932,0.0441111601235112,1,1,57,coarse
55,3,0,0,0,-7.56061767705862,-29.8928708202084,-12.3539857571806,100,26.543037479752,0.0661667401852669,1,1,58,coarse
55,5,0,0,0,-7.56061767705862,-30.2774248252094,-12.3539857571806,100,26.4927665754343,0.220555800617556,1,1,60,coarse
55,10,0,0,0,-7.56061767705862,-31.1672226168586,-12.3539857571806,100,26.246997709881,0.551389501543891,1,1,65,coarse
55,15,0,0,0,-7.56061767705862,-32.2559371532209,-12.3539857571806,100,25.7610456348098,1.26819585355095,1,1,70,coarse
55,20,0,0,0,-7.56061767705862,-32.6703927165146,-12.3539857571806,100,24.4595877785846,2.50330833700926,1,1,75,coarse
55,25,0,0,0,-7.56061767705862,-33.6019735131859,-12.3539857571806,100,22.8229905602413,3.75914651175781,1,1,80,coarse
55,30,0,0,0,-7.56061767705862,-34.8490469915079,-12.3539857571806,100,20.4044014969558,6.53947948831054,1,1,85,coarse
55,35,0,0,0,-7.56061767705862,-37.2411715064052,-12.3541999972728,100,16.0531754454561,11.1490957212175,1,1,90,coarse
55,40,0,0,0,-7.56061767705862,-38.456582372792,-12.3541999972728,100,10.7356308998492,15.8465061721499,1,1,95,coarse
55,45,0,0,0,-7.56061767705862,-42.4961171505855,-12.3541999972728,100,7.06329951477724,19.5274534994135,1,1,100,coarse
55,50,0,0,0,-7.56065305203839,-45.1278333858273,-12.3541999972728,100,3.79824610400492,22.7838909679942,1,1,105,coarse
55,55,0,0,0,-7.56065495457381,-45.715375281342,-12.3541999972728,100,0,26.5821370719991,1,1,110,coarse
60,0,0.0833101916134407,0.0833101916134407,0.0555401277422938,12.8221226911567,-29.7737111906796,-6.68261045206671,99.9166898083866,30.7657934424398,0,0,1,60,coarse
60,0.5,0.0833101916134407,0.0833101916134407,0.0277700638711469,11.4379128806316,-29.7737111906796,-6.68261045206671,99.9166898083866,30.7657934424398,0.0107469102632993,0,1,60.5,coarse
60,1,0.0277700638711469,0.0277700638711469,0.0138850319355735,-3.55566505273808,-29.7737111906796,-8.16755684547774,99.9722299361289,30.7602077864045,0.0220555800617556,0,1,61,coarse
60,2,0,0,0,-7.56061767705862,-29.7737111906796,-11.1662022582578,100,30.7490364743339,0.0441111601235112,1,1,62,coarse
60,3,0,0,0,-7.56061767705862,-29.8928708202084,-12.3539857571806,100,30.7266938501927,0.0661667401852669,1,1,63,coarse
60,5,0,0,0,-7.56061767705862,-30.2774248252094,-12.3539857571806,100,30.676422945875,0.220555800617556,1,1,65,coarse
60,10,0,0,0,-7.56061767705862,-31.1672226168586,-12.3539857571806,100,30.4306540803217,0.551389501543891,1,1,70,coarse
60,15,0,0,0,-7.56061767705862,-32.2559371532209,-12.3539857571806,100,29.9447020052505,1.26819585355095,1,1,75,coarse
60,20,0,0,0,-7.56061767705862,-32.6703927165146,-12.3539857571806,100,28.6432441490253,2.50330833700926,1,1,80,coarse
60,25,0,0,0,-7.56061767705862,-33.6019735131859,-12.3539857571806,100,27.006646930682,3.75914651175781,1,1,85,coarse
60,30,0,0,0,-7.56061767705862,-34.8490469915079,-12.3539857571806,100,24.5880578673965,6.53947948831054,1,1,90,coarse
60,35,0,0,0,-7.56061767705862,-37.2411715064052,-12.3541999972728,100,20.2368318158968,11.1490957212175,1,1,95,coarse
60,40,0,0,0,-7.56061767705862,-38.456582372792,-12.3541999972728,100,14.9192872702899,15.8465061721499,1,1,100,coarse
60,45,0,0,0,-7.56061767705862,-42.4961171505855,-12.3541999972728,100,11.2383399430263,19.5274534994135,1,1,105,coarse
60,50,0,0,0,-7.56065305203839,-45.0310211547905,-12.3541999972728,100,7.98190247444562,22.7838909679942,1,1,110,coarse
60,55,0,0,0,-7.56065495457381,-45.5396844246686,-12.3541999972728,100,4.18365637044071,26.5821370719991,1,1,115,coarse
60,60,0,0,0,-7.56065495457381,-45.7960048973645,-12.3541999972728,100,0,30.7657934424398,1,1,120,coarse
65,0,0.0833101916134407,0.0833101916134407,0.0555401277422938,12.8221226911567,-29.7737111906796,-6.68261045206671,99.9166898083866,34.5807965145506,0,0,1,65,coarse
65,0.5,0.0833101916134407,0.0833101916134407,0.0277700638711469,11.4379128806316,-29.7737111906796,-6.68261045206671,99.9166898083866,34.5807965145506,0.0107469102632993,0,1,65.5,coarse
65,1,0.0277700638711469,0.0277700638711469,0.0138850319355735,-3.55566505273808,-29.7737111906796,-8.16755684547774,99.9722299361289,34.5752108585153,0.0220555800617556,0,1,66,coarse
65,2,0,0,0,-7.56061767705862,-29.7737111906796,-11.1662022582578,100,34.5640395464447,0.0441111601235112,1,1,67,coarse
65,3,0,0,0,-7.56061767705862,-29.8928708202084,-12.3539857571806,100,34.5416969223035,0.0661667401852669,1,1,68,coarse
65,5,0,0,0,-7.56061767705862,-30.2774248252094,-12.3539857571806,100,34.4914260179858,0.220555800617556,1,1,70,coarse
65,10,0,0,0,-7.56061767705862,-31.1672226168586,-12.3539857571806,100,34.2456571524325,0.551389501543891,1,1,75,coarse
65,15,0,0,0,-7.56061767705862,-32.2559371532209,-12.3539857571806,100,33.7597050773613,1.26819585355095,1,1,80,coarse
65,20,0,0,0,-7.56061767705862,-32.6703927165146,-12.3539857571806,100,32.4582472211361,2.50330833700926,1,1,85,coarse
65,25,0,0,0,-7.56061767705862,-33.6019735131859,-12.3539857571806,100,30.8216500027928,3.75914651175781,1,1,90,coarse
65,30,0,0,0,-7.56061767705862,-34.8490469915079,-12.3539857571806,100,28.4030609395073,6.53947948831054,1,1,95,coarse
65,35,0,0,0,-7.56061767705862,-37.2467405056722,-12.3541999972728,100,24.0518348880076,11.1490957212175,1,1,100,coarse
65,40,0,0,0,-7.56061767705862,-38.506057864772,-12.3541999972728,100,18.7372380440623,15.8465061721499,1,1,105,coarse
65,45,0,0,0,-7.56061767705862,-42.528355839662,-12.3541999972728,100,15.0533430151371,19.5274534994135,1,1,110,coarse
65,50,0,0,0,-7.56065305203839,-45.0786580023561,-12.3541999972728,100,11.7969055465564,22.7838909679942,1,1,115,coarse
65,55,0,0,0,-7.56065495457381,-45.5993152963489,-12.3541999972728,100,8.14078452444922,26.5821370719991,1,1,120,coarse
65,60,0,0,0,-7.56065495457381,-45.8565256006554,-12.3541999972728,100,3.98173025255239,30.7657934424398,1,1,125,coarse
65,65,0,0,0,-7.56065495457381,-45.8730261594603,-12.3541999972728,100,0,34.5807965145506,1,1,130,coarse
70,0,0.0833101916134407,0.0833101916134407,0.0555401277422938,12.8221226911567,-29.7737111906796,-6.68261045206671,99.9166898083866,38.6727565824825,0,0,1,70,coarse
70,0.5,0.0833101916134407,0.0833101916134407,0.0277700638711469,11.4379128806316,-29.7737111906796,-6.68261045206671,99.9166898083866,38.6620096722192,0.0107469102632993,0,1,70.5,coarse
70,1,0.0277700638711469,0.0277700638711469,0.0138850319355735,-3.55566505273808,-29.7737111906796,-8.16755684547774,99.9722299361289,38.6620096722192,0.0220555800617556,0,1,71,coarse
70,2,0,0,0,-7.56061767705862,-29.7737111906796,-11.1662022582578,100,38.6458893068243,0.0441111601235112,1,1,72,coarse
70,3,0,0,0,-7.56061767705862,-29.8928708202084,-12.3539857571806,100,38.6243954862977,0.0661667401852669,1,1,73,coarse
70,5,0,0,0,-7.56061767705862,-30.2774248252094,-12.3539857571806,100,38.5867813003761,0.220555800617556,1,1,75,coarse
70,10,0,0,0,-7.56061767705862,-31.1826861190783,-12.3539857571806,100,38.4148307361634,0.551389501543891,1,1,80,coarse
70,15,0,0,0,-7.56061767705862,-32.2559371532209,-12.3539857571806,100,37.7592692101021,1.26819585355095,1,1,85,coarse
70,20,0,0,0,-7.56061767705862,-32.7281479041869,-12.3539857571806,100,36.9747447608812,2.50330833700926,1,1,90,coarse
70,25,0,0,0,-7.56061767705862,-33.7246495899676,-12.3539857571806,100,35.1746372917786,3.75914651175781,1,1,95,coarse
70,30,0,0,0,-7.56061767705862,-35.3043914044667,-12.3539857571806,100,32.3800480366419,6.53947948831054,1,1,100,coarse
70,35,0,0,0,-7.56061767705862,-37.3178633577504,-12.3541999972728,100,28.0288219851422,11.1490957212175,1,1,105,coarse
70,40,0,0,0,-7.56061767705862,-38.5159640561457,-12.3541999972728,100,23.6270822138635,15.8465061721499,1,1,110,coarse
70,45,0,0,0,-7.56061767705862,-42.6827746743163,-12.3541999972728,100,19.8387963460505,19.5274534994135,1,1,115,coarse
70,50,0,0,0,-7.56065305203839,-45.143226633199,-12.3541999972728,100,16.6523374529823,22.7838909679942,1,1,120,coarse
70,55,0,0,0,-7.56065495457381,-45.715375281342,-12.3541999972728,100,13.0306286942504,26.5821370719991,1,1,125,coarse
70,60,0,0,0,-7.56065495457381,-46.0419308423907,-12.3541999972728,100,8.87157442235357,30.7657934424398,1,1,130,coarse
70,65,0,0,0,-7.56065495457381,-46.0441884309531,-12.3541999972728,100,4.88984416980118,34.5807965145506,1,1,135,coarse
70,70,0,0,0,-7.56065972124071,-46.0441884309531,-12.3541999972728,100,0,38.6727565824825,1,1,140,coarse
75,0,0.0833101916134407,0.0833101916134407,0.0555401277422938,12.8221226911567,-29.9027784397404,-6.68261045206671,99.9166898083866,44.8898441698012,0,0,1,75,coarse
75,0.5,0.0833101916134407,0.0833101916134407,0.0277700638711469,11.4379128806316,-29.9027784397404,-6.68261045206671,99.9166898083866,44.8790972595379,0.0107469102632993,0,1,75.5,coarse
75,1,0.0277700638711469,0.0277700638711469,0.0138850319355735,-3.55566505273808,-29.9027784397404,-8.16755684547774,99.9722299361289,44.8790972595379,0.0220555800617556,0,1,76,coarse
75,2,0,0,0,-7.56061767705862,-29.9027784397404,-11.3681682142372,100,44.8629768941429,0.0441111601235112,1,1,77,coarse
75,3,0,0,0,-7.56061767705862,-29.961179401734,-13.4689434942875,100,44.8414830736163,0.0661667401852669,1,1,78,coarse
75,5,0,0,0,-7.56061767705862,-30.4576406204617,-13.4689434942875,100,44.8038688876948,0.220555800617556,1,1,80,coarse
75,10,0,0,0,-7.56061767705862,-31.4049856641097,-13.4689434942875,100,44.631918323482,0.551389501543891,1,1,85,coarse
75,15,0,0,0,-7.56061767705862,-32.2559371532209,-13.4689434942875,100,43.9763567974207,1.26819585355095,1,1,90,coarse
75,20,0,0,0,-7.56061767705862,-32.874010435654,-13.4689434942875,100,43.1918323481999,2.50330833700926,1,1,95,coarse
75,25,0,0,0,-7.56061767705862,-33.8312333348353,-13.4689434942875,100,41.3917248790973,3.75914651175781,1,1,100,coarse
75,30,0,0,0,-7.56061767705862,-35.6399793523856,-13.4693329369688,100,38.5801262358264,6.53947948831054,1,1,105,coarse
75,35,0,0,0,-7.56061767705862,-37.5275258320974,-13.4696811552442,100,34.2289001843266,11.1490957212175,1,1,110,coarse
75,40,0,0,0,-7.56061767705862,-39.3897048603513,-13.4696811552442,100,29.8441698011822,15.8465061721499,1,1,115,coarse
75,45,0,0,0,-7.56061767705862,-43.8426507116933,-13.4696811552442,100,26.0558839333692,19.5274534994135,1,1,120,coarse
75,50,0,0,0,-7.56065305203839,-45.8796143233148,-13.476588675124,100,22.8694250403009,22.7838909679942,1,1,125,coarse
75,55,0,0,0,-7.56065495457381,-46.1368976228991,-13.4765961135228,100,19.247716281569,26.5821370719991,1,1,130,coarse
75,60,0,0,0,-7.56065495457381,-46.1801015880552,-13.4765961135228,100,15.0886620096722,30.7657934424398,1,1,135,coarse
75,65,0,0,0,-7.56065495457381,-46.185409466341,-13.4765961135228,100,11.1069317571198,34.5807965145506,1,1,140,coarse
75,70,0,0,0,-7.56065972124071,-46.185409466341,-13.4766140348586,100,6.4379749545114,38.6727565824825,1,1,145,coarse
75,75,0,0,0,-7.56065972124071,-46.8866729613547,-13.4766140348586,100,0,44.8898441698012,1,1,150,coarse
80,0,0.0833101916134407,0.0833101916134407,0.0555401277422938,12.8221226911567,-29.9328955437648,-6.68261045206671,99.9166898083866,48.5616935709099,0,0,1,80,coarse
80,0.5,0.0833101916134407,0.0833101916134407,0.0277700638711469,11.4379128806316,-29.9328955437648,-6.68261045206671,99.9166898083866,48.5616935709099,0.0107469102632993,0,1,80.5,coarse
80,1,0.0277700638711469,0.0277700638711469,0.0138850319355735,-3.55566505273808,-29.9328955437648,-8.16755684547774,99.9722299361289,48.5561079148746,0.0220555800617556,0,1,81,coarse
80,2,0,0,0,-7.56061767705862,-29.9328955437648,-11.3681682142372,100,48.544936602804,0.0441111601235112,1,1,82,coarse
80,3,0,0,0,-7.56061767705862,-30.0232182463,-13.4689434942875,100,48.5225939786628,0.0661667401852669,1,1,83,coarse
80,5,0,0,0,-7.56061767705862,-30.537899528142,-13.4689434942875,100,48.4723230743451,0.220555800617556,1,1,85,coarse
80,10,0,0,0,-7.56061767705862,-31.4252180402267,-13.4689434942875,100,48.2265542087918,0.551389501543891,1,1,90,coarse
80,15,0,0,0,-7.56061767705862,-32.3132760883661,-13.4689434942875,100,47.7406021337206,1.26819585355095,1,1,95,coarse
80,20,0,0,0,-7.56061767705862,-32.9693549267998,-13.4689434942875,100,46.6362170875873,2.50330833700926,1,1,100,coarse
80,25,0,0,0,-7.56061767705862,-33.9116651454842,-13.4689434942875,100,44.8361096184847,3.75914651175781,1,1,105,coarse
80,30,0,0,0,-7.56061767705862,-35.6970841924544,-13.4693329369688,100,42.3839579958666,6.53947948831054,1,1,110,coarse
80,35,0,0,0,-7.56061767705862,-37.5429299120351,-13.4696811552442,100,38.0327319443669,11.1490957212175,1,1,115,coarse
80,40,0,0,0,-7.56061767705862,-39.3897048603513,-13.4696811552442,100,33.2885545405696,15.8465061721499,1,1,120,coarse
80,45,0,0,0,-7.56061767705862,-43.8426507116933,-13.4696811552442,100,29.5002686727566,19.5274534994135,1,1,125,coarse
80,50,0,0,0,-7.56065305203839,-45.8845181888371,-13.476588675124,100,26.3138097796883,22.7838909679942,1,1,130,coarse
80,55,0,0,0,-7.56065495457381,-46.1459176284127,-13.4765961135228,100,22.6921010209565,26.5821370719991,1,1,135,coarse
80,60,0,0,0,-7.56065495457381,-46.2134046560749,-13.4765961135228,100,18.7038424488922,30.7657934424398,1,1,140,coarse
80,65,0,0,0,-7.56065495457381,-46.223404085026,-13.4765961135228,100,14.989831959756,34.5807965145506,1,1,145,coarse
80,70,0,0,0,-7.56065972124071,-46.223404085026,-13.4766140348586,100,11.0296478647115,38.6727565824825,1,1,150,coarse
80,75,0,0,0,-7.56065972124071,-46.9565770745776,-13.4766140348586,100,4.59167291020015,44.8898441698012,1,1,155,coarse
80,80,0,0,0,-7.56065972124071,-47.3394900093094,-13.4766140348586,100,0,48.5616935709099,1,1,160,coarse
85,0,0.0833101916134407,0.0833101916134407,0.0555401277422938,12.8221226911567,-29.9683212562624,-6.68261045206671,99.9166898083866,51.6002904541138,0,0,1,85,coarse
85,0.5,0.0833101916134407,0.0833101916134407,0.0277700638711469,11.4379128806316,-29.9683212562624,-6.68261045206671,99.9166898083866,51.6002904541138,0.0107469102632993,0,1,85.5,coarse
85,1,0.0277700638711469,0.0277700638711469,0.0138850319355735,-3.55566505273808,-30.1033367059334,-8.16755684547774,99.9722299361289,51.5947047980785,0.0220555800617556,0,1,86,coarse
85,2,0,0,0,-7.56061767705862,-30.1680806979646,-11.3681682142372,100,51.5835334860079,0.0441111601235112,1,1,87,coarse
85,3,0,0,0,-7.56061767705862,-30.2932027601394,-13.4689434942875,100,51.5611908618667,0.0661667401852669,1,1,88,coarse
85,5,0,0,0,-7.56061767705862,-30.6703809042284,-13.4689434942875,100,51.510919957549,0.220555800617556,1,1,90,coarse
85,10,0,0,0,-7.56061767705862,-31.626558042324,-13.4689434942875,100,51.2651510919958,0.551389501543891,1,1,95,coarse
85,15,0,0,0,-7.56061767705862,-32.3132760883661,-13.4689434942875,100,50.7791990169245,1.26819585355095,1,1,100,coarse
85,20,0,0,0,-7.56061767705862,-33.075841178782,-13.4689434942875,100,49.6184846856529,2.50330833700926,1,1,105,coarse
85,25,0,0,0,-7.56061767705862,-34.1150682545779,-13.4689434942875,100,47.841143942356,3.75914651175781,1,1,110,coarse
85,30,0,0,0,-7.56061767705862,-36.0567928746054,-13.4693329369688,100,45.4225548790705,6.53947948831054,1,1,115,coarse
85,35,0,0,0,-7.56061767705862,-37.5429299120351,-13.4696811552442,100,41.0713288275708,11.1490957212175,1,1,120,coarse
85,40,0,0,0,-7.56061767705862,-39.4495809123816,-13.4696811552442,100,36.2708221386351,15.8465061721499,1,1,125,coarse
85,45,0,0,0,-7.56061767705862,-43.9163551287259,-13.4696811552442,100,32.4825362708221,19.5274534994135,1,1,130,coarse
85,50,0,0,0,-7.56065305203839,-45.9354116900029,-13.476588675124,100,29.5515359092369,22.7838909679942,1,1,135,coarse
85,55,0,0,0,-7.56065495457381,-46.2134046560749,-13.4765961135228,100,25.8803382211281,26.5821370719991,1,1,140,coarse
85,60,0,0,0,-7.56065495457381,-46.28309432945,-13.4765961135228,100,22.5355881408541,30.7657934424398,1,1,145,coarse
85,65,0,0,0,-7.56065495457381,-46.28309432945,-13.4765961135228,100,18.8215776517179,34.5807965145506,1,1,150,coarse
85,70,0,0,0,-7.56065972124071,-46.2925661601397,-13.4766140348586,100,14.8613935566734,38.6727565824825,1,1,155,coarse
85,75,0,0,0,-7.56065972124071,-47.3020214729295,-13.4766140348586,100,8.42341860216205,44.8898441698012,1,1,160,coarse
85,80,0,0,0,-7.56065972124071,-47.6538445057991,-13.4766140348586,100,3.8317456919619,48.5616935709099,1,1,165,coarse
85,85,0,0,0,-7.56065972124071,-47.7962563799484,-13.4766302566325,100,0,51.6002904541138,1,1,170,coarse
90,0,0.0833101916134407,0.0833101916134407,0.0555401277422938,12.8221226911567,-29.9683212562624,-6.68261045206671,99.9166898083866,54.7555077915099,0,0,1,90,coarse
90,0.5,0.0833101916134407,0.0833101916134407,0.0277700638711469,11.4379128806316,-29.9683212562624,-6.68261045206671,99.9166898083866,54.7447608812466,0.0107469102632993,0,1,90.5,coarse
90,1,0.0277700638711469,0.0277700638711469,0.0138850319355735,-3.55566505273808,-30.1033367059334,-8.16755684547774,99.9722299361289,54.7447608812466,0.0220555800617556,0,1,91,coarse
90,2,0,0,0,-7.56061767705862,-30.1680806979646,-11.3681682142372,100,54.7286405158517,0.0441111601235112,1,1,92,coarse
90,3,0,0,0,-7.56061767705862,-30.2932027601394,-13.4689434942875,100,54.7071466953251,0.0661667401852669,1,1,93,coarse
90,5,0,0,0,-7.56061767705862,-30.7255638015868,-13.4689434942875,100,54.6695325094035,0.220555800617556,1,1,95,coarse
90,10,0,0,0,-7.56061767705862,-31.696244458219,-13.4689434942875,100,54.4975819451908,0.551389501543891,1,1,100,coarse
90,15,0,0,0,-7.56061767705862,-32.4146026491207,-13.4689434942875,100,53.8420204191295,1.26819585355095,1,1,105,coarse
90,20,0,0,0,-7.56061767705862,-33.183946871581,-13.4689434942875,100,53.0574959699087,2.50330833700926,1,1,110,coarse
90,25,0,0,0,-7.56061767705862,-34.3695125390592,-13.4689434942875,100,51.257388500806,3.75914651175781,1,1,115,coarse
90,30,0,0,0,-7.56061767705862,-36.1669010956997,-13.4693329369688,100,48.3270960174272,6.53947948831054,1,1,120,coarse
90,35,0,0,0,-7.56061767705862,-37.5603231226986,-13.4696811552442,100,43.9758699659275,11.1490957212175,1,1,125,coarse
90,40,0,0,0,-7.56061767705862,-39.6980344726777,-13.4696811552442,100,39.7098334228909,15.8465061721499,1,1,130,coarse
90,45,0,0,0,-7.56061767705862,-44.0539345764919,-13.4696811552442,100,35.9215475550779,19.5274534994135,1,1,135,coarse
90,50,0,0,0,-7.56065305203839,-46.1338703963876,-13.476588675124,100,32.8695279888687,22.7838909679942,1,1,140,coarse
90,55,0,0,0,-7.56065495457381,-46.2742774039555,-13.4765961135228,100,29.1983303007599,26.5821370719991,1,1,145,coarse
90,60,0,0,0,-7.56065495457381,-46.4344359805238,-13.4765961135228,100,25.8535802204859,30.7657934424398,1,1,150,coarse
90,65,0,0,0,-7.56065495457381,-46.4381274961764,-13.4765961135228,100,22.1395697313497,34.5807965145506,1,1,155,coarse
90,70,0,0,0,-7.56065972124071,-46.4544737761021,-13.4766140348586,100,18.1793856363053,38.6727565824825,1,1,160,coarse
90,75,0,0,0,-7.56065972124071,-47.6538445057991,-13.4766140348586,100,11.7414106817939,44.8898441698012,1,1,165,coarse
90,80,0,0,0,-7.56065972124071,-47.8430563369181,-13.4766140348586,100,7.14973777159371,48.5616935709099,1,1,170,coarse
90,85,0,0,0,-7.56065972124071,-47.9145888658881,-13.4766302566325,100,3.43901128425578,51.6002904541138,1,1,175,coarse
90,90,0,0,0,-7.56065972124071,-48.3778382927592,-13.4766302566325,100,0,54.7555077915099,1,1,180,coarse
95,0,0.0833101916134407,0.0833101916134407,0.0555401277422938,12.8221226911567,-29.9683212562624,-6.68261045206671,99.9166898083866,58.3503492745836,0,0,1,95,coarse
95,0.5,0.0833101916134407,0.0833101916134407,0.0277700638711469,11.4379128806316,-29.9683212562624,-6.68261045206671,99.9166898083866,58.3396023643203,0.0107469102632993,0,1,95.5,coarse
95,1,0.0277700638711469,0.0277700638711469,0.0138850319355735,-3.55566505273808,-30.1033367059334,-8.16755684547774,99.9722299361289,58.3396023643203,0.0220555800617556,0,1,96,coarse
95,2,0,0,0,-7.56061767705862,-30.1680806979646,-11.3681682142372,100,58.3234819989253,0.0441111601235112,1,1,97,coarse
95,3,0,0,0,-7.56061767705862,-30.2932027601394,-13.4689434942875,100,58.3019881783987,0.0661667401852669,1,1,98,coarse
95,5,0,0,0,-7.56061767705862,-30.7255638015868,-13.4689434942875,100,58.2643739924772,0.220555800617556,1,1,100,coarse
95,10,0,0,0,-7.56061767705862,-31.696244458219,-13.4689434942875,100,58.0924234282644,0.551389501543891,1,1,105,coarse
95,15,0,0,0,-7.56061767705862,-32.4146026491207,-13.4689434942875,100,57.4368619022031,1.26819585355095,1,1,110,coarse
95,20,0,0,0,-7.56061767705862,-33.183946871581,-13.4689434942875,100,56.6523374529823,2.50330833700926,1,1,115,coarse
95,25,0,0,0,-7.56061767705862,-34.3695125390592,-13.4689434942875,100,54.8522299838796,3.75914651175781,1,1,120,coarse
95,30,0,0,0,-7.56061767705862,-36.1669010956997,-13.4693329369688,100,51.8216012896292,6.53947948831054,1,1,125,coarse
95,35,0,0,0,-7.56061767705862,-37.5603231226986,-13.4696811552442,100,47.3025255239119,11.1490957212175,1,1,130,coarse
95,40,0,0,0,-7.56061767705862,-39.7387991819441,-13.4696811552442,100,43.3046749059645,15.8465061721499,1,1,135,coarse
95,45,0,0,0,-7.56061767705862,-44.2054401282935,-13.4696811552442,100,39.5163890381515,19.5274534994135,1,1,140,coarse
95,50,0,0,0,-7.56065305203839,-46.2410772560202,-13.476588675124,100,36.3299301450833,22.7838909679942,1,1,145,coarse
95,55,0,0,0,-7.56065495457381,-46.4742835581288,-13.4765961135228,100,32.7082213863514,26.5821370719991,1,1,150,coarse
95,60,0,0,0,-7.56065495457381,-46.6411618696176,-13.4765961135228,100,29.2839559028149,30.7657934424398,1,1,155,coarse
95,65,0,0,0,-7.56065495457381,-46.6411618696176,-13.4765961135228,100,25.5699454136787,34.5807965145506,1,1,160,coarse
95,70,0,0,0,-7.56065972124071,-46.6924266215281,-13.4766140348586,100,21.6097613186343,38.6727565824825,1,1,165,coarse
95,75,0,0,0,-7.56065972124071,-47.9145888658881,-13.4766140348586,100,15.1717863641229,44.8898441698012,1,1,170,coarse
95,80,0,0,0,-7.56065972124071,-48.2007787342871,-13.4766140348586,100,10.5801134539227,48.5616935709099,1,1,175,coarse
95,85,0,0,0,-7.56065972124071,-48.2896979265912,-13.4766302566325,100,7.03385276732939,51.6002904541138,1,1,180,coarse
95,90,0,0,0,-7.56065972124071,-48.636816309044,-13.4766302566325,100,3.72187913542126,54.7555077915099,1,1,185,coarse
95,95,0,0,0,-7.56065972124071,-49.9749359394393,-13.4766302566325,100,0,58.3503492745836,1,1,190,coarse
100,0,0.0833101916134407,0.0833101916134407,0.0555401277422938,12.8221226911567,-29.9683212562624,-6.68261045206671,99.9166898083866,61.3917248790973,0,0,1,100,coarse
100,0.5,0.0833101916134407,0.0833101916134407,0.0277700638711469,11.4379128806316,-29.9683212562624,-6.68261045206671,99.9166898083866,61.380977968834,0.0107469102632993,0,1,100.5,coarse
100,1,0.0277700638711469,0.0277700638711469,0.0138850319355735,-3.55566505273808,-30.1033367059334,-8.16755684547774,99.9722299361289,61.380977968834,0.0220555800617556,0,1,101,coarse
100,2,0,0,0,-7.56061767705862,-30.1680806979646,-11.3681682142372,100,61.364857603439,0.0441111601235112,1,1,102,coarse
100,3,0,0,0,-7.56061767705862,-30.2932027601394,-13.4689434942875,100,61.3433637829124,0.0661667401852669,1,1,103,coarse
100,5,0,0,0,-7.56061767705862,-30.7255638015868,-13.4689434942875,100,61.3057495969909,0.220555800617556,1,1,105,coarse
100,10,0,0,0,-7.56061767705862,-31.696244458219,-13.4689434942875,100,61.1337990327781,0.551389501543891,1,1,110,coarse
100,15,0,0,0,-7.56061767705862,-32.4146026491207,-13.4689434942875,100,60.4782375067168,1.26819585355095,1,1,115,coarse
100,20,0,0,0,-7.56061767705862,-33.183946871581,-13.4689434942875,100,59.693713057496,2.50330833700926,1,1,120,coarse
100,25,0,0,0,-7.56061767705862,-34.3695125390592,-13.4689434942875,100,57.8936055883933,3.75914651175781,1,1,125,coarse
100,30,0,0,0,-7.56061767705862,-36.1669010956997,-13.4693329369688,100,55.0522258839301,6.53947948831054,1,1,130,coarse
100,35,0,0,0,-7.56061767705862,-37.6289275051456,-13.4696811552442,100,50.7009998324303,11.1490957212175,1,1,135,coarse
100,40,0,0,0,-7.56061767705862,-39.7387991819441,-13.4696811552442,100,46.3460505104782,15.8465061721499,1,1,140,coarse
100,45,0,0,0,-7.56061767705862,-44.4730091366629,-13.4696811552442,100,42.5577646426652,19.5274534994135,1,1,145,coarse
100,50,0,0,0,-7.56065305203839,-46.3932253309733,-13.476588675124,100,39.4626993471048,22.7838909679942,1,1,150,coarse
100,55,0,0,0,-7.56065495457381,-46.7153382235637,-13.4765961135228,100,35.791501658996,26.5821370719991,1,1,155,coarse
100,60,0,0,0,-7.56065495457381,-46.8909879457046,-13.4765961135228,100,32.446751578722,30.7657934424398,1,1,160,coarse
100,65,0,0,0,-7.56065495457381,-46.8909879457046,-13.4765961135228,100,28.7327410895858,34.5807965145506,1,1,165,coarse
100,70,0,0,0,-7.56065972124071,-46.8961161930136,-13.4766140348586,100,24.7725569945414,38.6727565824825,1,1,170,coarse
100,75,0,0,0,-7.56065972124071,-48.1646611489365,-13.4766140348586,100,18.33458204003,44.8898441698012,1,1,175,coarse
100,80,0,0,0,-7.56065972124071,-48.3540101273122,-13.4766140348586,100,13.7429091298298,48.5616935709099,1,1,180,coarse
100,85,0,0,0,-7.56065972124071,-48.4330226398746,-13.4766302566325,100,10.6583590648434,51.6002904541138,1,1,185,coarse
100,90,0,0,0,-7.56065972124071,-49.0229155335498,-13.4766302566325,100,7.62020291133657,54.7555077915099,1,1,190,coarse
100,95,0,0,0,-7.56065972124071,-49.9749359394393,-13.4766302566325,100,3.89832377591531,58.3503492745836,1,1,195,coarse
100,100,0,0,0,-7.56065972124071,-50.5736483162622,-13.4766302566325,100,0,61.3917248790973,1,1,200,coarse
105,0,0.0833101916134407,0.0833101916134407,0.0555401277422938,12.8221226911567,-29.9683212562624,-6.68261045206671,99.9166898083866,65.8492990001676,0,0,1,105,coarse
105,0.5,0.0833101916134407,0.0833101916134407,0.0277700638711469,11.4379128806316,-29.9683212562624,-6.68261045206671,99.9166898083866,65.8492990001676,0.0107469102632993,0,1,105.5,coarse
105,1,0.0277700638711469,0.0277700638711469,0.0138850319355735,-3.55566505273808,-30.1033367059334,-8.16755684547774,99.9722299361289,65.8437133441323,0.0220555800617556,0,1,106,coarse
105,2,0,0,0,-7.56061767705862,-30.1680806979646,-11.3681682142372,100,65.8325420320617,0.0441111601235112,1,1,107,coarse
105,3,0,0,0,-7.56061767705862,-30.3005828313091,-13.4689434942875,100,65.8101994079205,0.0661667401852669,1,1,108,coarse
105,5,0,0,0,-7.56061767705862,-30.8093229703773,-13.4689434942875,100,65.7599285036028,0.220555800617556,1,1,110,coarse
105,10,0,0,0,-7.56061767705862,-31.696244458219,-13.4689434942875,100,65.5141596380495,0.551389501543891,1,1,115,coarse
105,15,0,0,0,-7.56061767705862,-32.4146026491207,-13.4689434942875,100,65.0282075629783,1.26819585355095,1,1,120,coarse
105,20,0,0,0,-7.56061767705862,-33.2877925349573,-13.4689434942875,100,63.7267497067531,2.50330833700926,1,1,125,coarse
105,25,0,0,0,-7.56061767705862,-34.4594150109012,-13.4689434942875,100,62.0901524884098,3.75914651175781,1,1,130,coarse
105,30,0,0,0,-7.56061767705862,-36.1669010956997,-13.4693329369688,100,59.6715634251243,6.53947948831054,1,1,135,coarse
105,35,0,0,0,-7.56061767705862,-37.7346420151781,-13.4696811552442,100,55.3203373736245,11.1490957212175,1,1,140,coarse
105,40,0,0,0,-7.56061767705862,-40.4764134358565,-13.4696811552442,100,50.0695708016697,15.8465061721499,1,1,145,coarse
105,45,0,0,0,-7.56061767705862,-44.9168365524235,-13.4696811552442,100,46.9709943273039,19.5274534994135,1,1,150,coarse
105,50,0,0,0,-7.56065305203839,-46.6089558493324,-13.476588675124,100,44.3808198651397,22.7838909679942,1,1,155,coarse
105,55,0,0,0,-7.56065495457381,-46.9121988555116,-13.4765961135228,100,40.7096221770309,26.5821370719991,1,1,160,coarse
105,60,0,0,0,-7.56065495457381,-47.2048785461498,-13.4765961135228,100,37.3648720967569,30.7657934424398,1,1,165,coarse
105,65,0,0,0,-7.56065495457381,-47.2137486838877,-13.4765961135228,100,33.6508616076207,34.5807965145506,1,1,170,coarse
105,70,0,0,0,-7.56065972124071,-47.2626818027868,-13.4766140348586,100,29.6906775125763,38.6727565824825,1,1,175,coarse
105,75,0,0,0,-7.56065972124071,-48.2325408486183,-13.4766140348586,100,23.2527025580649,44.8898441698012,1,1,180,coarse
105,80,0,0,0,-7.56065972124071,-48.4574174175665,-13.4766140348586,100,18.6610296478647,48.5616935709099,1,1,185,coarse
105,85,0,0,0,-7.56065972124071,-48.5392340528305,-13.4766302566325,100,14.8292839559028,51.6002904541138,1,1,190,coarse
105,90,0,0,0,-7.56065972124071,-49.1496830382204,-13.4766302566325,100,11.7611380679312,54.7555077915099,1,1,195,coarse
105,95,0,0,0,-7.56065972124071,-50.1561192253222,-13.4766302566325,100,8.08091619394199,58.3503492745836,1,1,200,coarse
105,100,0,0,0,-7.56065972124071,-50.6883188289394,-13.4766302566325,100,4.91812051803489,61.3917248790973,1,1,205,coarse
105,105,0,0,0,-7.56065972124071,-51.5691648825314,-13.4766306636419,100,0,65.8492990001676,1,1,210,coarse
110,0,0.0833101916134407,0.0833101916134407,0.0555401277422938,12.8221226911567,-29.9963144233826,-6.68261045206671,99.9166898083866,69.9547561861141,0,0,1,110,coarse
110,0.5,0.0833101916134407,0.0833101916134407,0.0277700638711469,11.4379128806316,-29.9963144233826,-6.68261045206671,99.9166898083866,69.9547561861141,0.0107469102632993,0,1,110.5,coarse
110,1,0.0277700638711469,0.0277700638711469,0.0138850319355735,-3.55566505273808,-30.1182325675504,-8.61720562439138,99.9722299361289,69.9491705300788,0.0220555800617556,0,1,111,coarse
110,2,0,0,0,-8.33409518747391,-30.2491908700055,-13.7454838757583,100,69.9379992180082,0.0441111601235112,1,1,112,coarse
110,3,0,0,0,-8.33409518747391,-30.3356482004134,-15.515254884521,100,69.915656593867,0.0661667401852669,1,1,113,coarse
110,5,0,0,0,-8.33409518747391,-30.9069992641944,-18.8414918274269,100,69.8653856895492,0.220555800617556,1,1,115,coarse
110,10,0,0,0,-8.33409518747391,-31.8249433705829,-18.8504870980852,100,69.619616823996,0.551389501543891,1,1,120,coarse
110,15,0,0,0,-8.33409518747391,-32.5728901332039,-18.8504870980852,100,69.1336647489248,1.26819585355095,1,1,125,coarse
110,20,0,0,0,-8.33409518747391,-33.3053829646995,-18.8504870980852,100,67.8322068926995,2.50330833700926,1,1,130,coarse
110,25,0,0,0,-8.33409518747391,-34.4882506647587,-18.8504870980852,100,66.1956096743562,3.75914651175781,1,1,135,coarse
110,30,0,0,0,-8.33409518747391,-36.4637909248725,-18.8504870980852,100,63.7770206110708,6.53947948831054,1,1,140,coarse
110,35,0,0,0,-8.33409518747391,-38.2794738471824,-18.863362320811,100,59.425794559571,11.1490957212175,1,1,145,coarse
110,40,0,0,0,-8.33409518747391,-40.8596540873871,-18.863362320811,100,54.1082500139641,15.8465061721499,1,1,150,coarse
110,45,0,0,0,-8.33409518747391,-44.1754055921329,-18.863362320811,100,50.4273026867005,19.5274534994135,1,1,155,coarse
110,50,0,0,0,-8.33409518747391,-46.7167977757914,-18.863362320811,100,47.5757251418174,22.7838909679942,1,1,160,coarse
110,55,0,0,0,-8.33409790842987,-47.0303277695607,-18.863362320811,100,43.9045274537087,26.5821370719991,1,1,165,coarse
110,60,0,0,0,-8.33409790842987,-47.3525408217404,-18.863362320811,100,40.5597773734347,30.7657934424398,1,1,170,coarse
110,65,0,0,0,-8.33409790842987,-47.3525408217404,-18.8633659781709,100,36.8457668842984,34.5807965145506,1,1,175,coarse
110,70,0,0,0,-8.33409790842987,-47.4161134942528,-18.8633659781709,100,32.885582789254,38.6727565824825,1,1,180,coarse
110,75,0,0,0,-8.33409790842987,-48.3763170254391,-18.8633659781709,100,26.4476078347426,44.8898441698012,1,1,185,coarse
110,80,0,0,0,-8.33409790842987,-48.7084942588113,-18.8633659781709,100,21.9453021614468,48.5616935709099,1,1,190,coarse
110,85,0,0,0,-8.33409790842987,-48.9137888845578,-18.8633659781709,100,19.044993383326,51.6002904541138,1,1,195,coarse
110,90,0,0,0,-8.33409790842987,-49.2865104761712,-18.8633659781709,100,16.0068372298191,54.7555077915099,1,1,200,coarse
110,95,0,0,0,-8.33409790842987,-50.1561192253222,-18.8633659781709,100,12.2849580943979,58.3503492745836,1,1,205,coarse
110,100,0,0,0,-8.33409790842987,-50.6883188289394,-18.8634024250432,100,8.7247947271407,61.3917248790973,1,1,210,coarse
110,105,0,0,0,-8.33409927771314,-51.5691648825314,-18.8636736325644,100,4.24569916188796,65.8492990001676,1,1,215,coarse
110,110,0,0,0,-8.33409927771314,-54.0024294451464,-18.8638696532979,100,0,69.9547561861141,1,1,220,coarse
115,0,0.0833101916134407,0.0833101916134407,0.0555401277422938,12.8221226911567,-30.4151498768176,-6.68261045206671,99.9166898083866,72.8146120761884,0,0,1,115,coarse
115,0.5,0.0833101916134407,0.0833101916134407,0.0277700638711469,11.4379128806316,-30.4266389792935,-6.68261045206671,99.9166898083866,72.8146120761884,0.0107469102632993,0,1,115.5,coarse
115,1,0.0277700638711469,0.0277700638711469,0.0138850319355735,-3.55566505273808,-30.4266389792935,-11.003962072848,99.9722299361289,72.809026420153,0.0220555800617556,0,1,116,coarse
115,2,0,0,0,-9.05059051092104,-30.4266389792935,-15.1233203716945,100,72.7978551080824,0.0441111601235112,1,1,117,coarse
115,3,0,0,0,-13.1379514273008,-30.5850091628817,-15.5339300279736,100,72.7755124839412,0.0661667401852669,1,1,118,coarse
115,5,0,0,0,-20.2321511448156,-30.9069992641944,-21.5053439021577,100,72.7252415796235,0.220555800617556,1,1,120,coarse
115,10,0,0,0,-21.1866642531912,-31.870663301059,-22.2956784478573,100,72.4794727140703,0.551389501543891,1,1,125,coarse
115,15,0,0,0,-21.328782680371,-32.7854600395959,-22.313598329919,100,71.993520638999,1.26819585355095,1,1,130,coarse
115,20,0,0,0,-22.1122179081836,-33.3053829646995,-23.1895300190743,100,70.7254164427727,2.50330833700926,1,1,135,coarse
115,25,0,0,0,-22.5502346309399,-34.4882506647587,-23.1895300190743,100,69.0554655644305,3.75914651175781,1,1,140,coarse
115,30,0,0,0,-22.5502346309399,-36.9609455566601,-23.3343803812518,100,66.6368765011451,6.53947948831054,1,1,145,coarse
115,35,0,0,0,-22.5502346309399,-38.8498736677964,-23.3343803812518,100,62.2856504496453,11.1490957212175,1,1,150,coarse
115,40,0,0,0,-22.5502346309399,-41.1491363333652,-23.3343803812518,100,57.377753895755,15.8465061721499,1,1,155,coarse
115,45,0,0,0,-23.1753247293038,-43.9572660171045,-24.7596699505467,100,53.9976452959435,19.5274534994135,1,1,160,coarse
115,50,0,0,0,-29.2529146749615,-46.8957964924635,-33.486738730672,100,51.4074708337793,22.7838909679942,1,1,165,coarse
115,55,0,0,0,-29.2529146749615,-47.2048785461498,-33.486738730672,100,47.7362731456706,26.5821370719991,1,1,170,coarse
115,60,0,0,0,-29.2529146749615,-47.4161134942528,-33.486738730672,100,44.3915230653966,30.7657934424398,1,1,175,coarse
115,65,0,0,0,-29.2529146749615,-47.4230611329554,-33.486738730672,100,40.6775125762603,34.5807965145506,1,1,180,coarse
115,70,0,0,0,-29.2529146749615,-47.5262185286154,-33.486738730672,100,36.7173284812159,38.6727565824825,1,1,185,coarse
115,75,0,0,0,-29.2549776681387,-48.4108407170693,-33.4930752580518,100,30.2793535267045,44.8898441698012,1,1,190,coarse
115,80,0,0,0,-29.2549776681387,-48.773900266436,-33.4930752580518,100,26.8912659902955,48.5616935709099,1,1,195,coarse
115,85,0,0,0,-29.2549776681387,-48.9745166881227,-33.4930752580518,100,23.9909572121747,51.6002904541138,1,1,200,coarse
115,90,0,0,0,-29.2549776681387,-49.3534039119194,-33.4930752580518,100,20.9528010586678,54.7555077915099,1,1,205,coarse
115,95,0,0,0,-29.2549776681387,-50.0398959662298,-33.4930752580518,100,17.2309219232466,58.3503492745836,1,1,210,coarse
115,100,0,0,0,-29.2549776681387,-50.6762596622951,-33.4930752580518,100,13.3325981473313,61.3917248790973,1,1,215,coarse
115,105,0,0,0,-29.2549776681387,-51.5691648825314,-33.4930752580518,100,9.19166299073666,65.8492990001676,1,1,220,coarse
115,110,0,0,0,-29.2850967384655,-54.0024294451464,-33.5790671371149,100,4.9459638288487,69.9547561861141,1,1,225,coarse
115,115,0,0,0,-29.2850967384655,-54.5169263065394,-33.5790671371149,100,0,72.8146120761884,1,1,230,coarse
120,0,0.0833101916134407,0.0833101916134407,0.0555401277422938,12.8221226911567,-30.4151498768176,-6.68261045206671,99.9166898083866,76.947877485223,0,0,1,120,coarse
120,0.5,0.0833101916134407,0.0833101916134407,0.0277700638711469,11.4379128806316,-30.4266389792935,-6.68261045206671,99.9166898083866,76.9371305749597,0.0107469102632993,0,1,120.5,coarse
120,1,0.0277700638711469,0.0277700638711469,0.0138850319355735,-3.55566505273808,-30.4266389792935,-11.003962072848,99.9722299361289,76.9371305749597,0.0220555800617556,0,1,121,coarse
120,2,0,0,0,-9.05059051092104,-30.4266389792935,-15.1233203716945,100,76.9210102095648,0.0441111601235112,1,1,122,coarse
120,3,0,0,0,-13.1379514273008,-30.5850091628817,-15.5339300279736,100,76.8995163890382,0.0661667401852669,1,1,123,coarse
120,5,0,0,0,-20.2321511448156,-30.9069992641944,-21.5053439021577,100,76.8619022031166,0.220555800617556,1,1,125,coarse
120,10,0,0,0,-21.1866642531912,-31.870663301059,-22.2956784478573,100,76.6899516389038,0.551389501543891,1,1,130,coarse
120,15,0,0,0,-21.328782680371,-32.7854600395959,-22.313598329919,100,76.0343901128426,1.26819585355095,1,1,135,coarse
120,20,0,0,0,-22.1122179081836,-33.3053829646995,-23.1895300190743,100,75.2498656636217,2.50330833700926,1,1,140,coarse
120,25,0,0,0,-22.5502346309399,-34.4882506647587,-23.1895300190743,100,73.4497581945191,3.75914651175781,1,1,145,coarse
120,30,0,0,0,-22.5502346309399,-37.1293569342433,-23.3343803812518,100,70.4295369491147,6.53947948831054,1,1,150,coarse
120,35,0,0,0,-22.5502346309399,-38.9046067950927,-23.3343803812518,100,66.0783108976149,11.1490957212175,1,1,155,coarse
120,40,0,0,0,-22.5502346309399,-41.2044727845171,-23.3343803812518,100,61.902203116604,15.8465061721499,1,1,160,coarse
120,45,0,0,0,-23.1753247293038,-43.985563577712,-24.7596699505467,100,58.113917248791,19.5274534994135,1,1,165,coarse
120,50,0,0,0,-35.1852518290804,-46.9065733815367,-35.6222814608254,100,55.3944129294659,22.7838909679942,1,1,170,coarse
120,55,0,0,0,-35.1852518290804,-47.2206070997284,-35.6222814608254,100,51.7232152413572,26.5821370719991,1,1,175,coarse
120,60,0,0,0,-35.1852518290804,-47.3946238627045,-35.6222814608254,100,48.3784651610832,30.7657934424398,1,1,180,coarse
120,65,0,0,0,-35.1852518290804,-47.4161134942528,-35.6222814608254,100,44.6644546719469,34.5807965145506,1,1,185,coarse
120,70,0,0,0,-35.1852518290804,-47.4575854291885,-35.6222814608254,100,40.7042705769025,38.6727565824825,1,1,190,coarse
120,75,0,0,0,-35.1951224661647,-48.3763170254391,-35.6318276021293,100,34.6548301720335,44.8898441698012,1,1,195,coarse
120,80,0,0,0,-35.1951224661647,-48.7084942588113,-35.6318276021293,100,31.2968681076312,48.5616935709099,1,1,200,coarse
120,85,0,0,0,-35.1951224661647,-48.9137888845578,-35.6318276021293,100,28.3965593295104,51.6002904541138,1,1,205,coarse
120,90,0,0,0,-35.1951224661647,-49.3441961641422,-35.6318276021293,100,25.3584031760035,54.7555077915099,1,1,210,coarse
120,95,0,0,0,-35.1951224661647,-50.0398959662298,-35.6318276021293,100,21.6365240405823,58.3503492745836,1,1,215,coarse
120,100,0,0,0,-35.1951224661647,-50.6762596622951,-35.6318276021293,100,17.738200264667,61.3917248790973,1,1,220,coarse
120,105,0,0,0,-35.1951224661647,-51.5691648825314,-35.6451021491555,100,13.5972651080723,65.8492990001676,1,1,225,coarse
120,110,0,0,0,-35.3467889614242,-54.0024294451464,-35.7681897002626,100,9.35156594618438,69.9547561861141,1,1,230,coarse
120,115,0,0,0,-35.3467889614242,-54.5169263065394,-35.8380471856761,100,4.52444922084901,72.8146120761884,1,1,235,coarse
120,120,0,0,0,-39.6784117505734,-55.7022187296151,-43.0649222118941,100,0,76.947877485223,1,1,240,coarse
125,0,0.0833101916134407,0.0833101916134407,0.0555401277422938,12.8221226911567,-30.4151498768176,-6.68261045206671,99.9166898083866,81.947507719453,0,0,1,125,coarse
125,0.5,0.0833101916134407,0.0833101916134407,0.0277700638711469,11.4379128806316,-30.4266389792935,-6.68261045206671,99.9166898083866,81.947507719453,0.0107469102632993,0,1,125.5,coarse
125,1,0.0277700638711469,0.0277700638711469,0.0138850319355735,-3.55566505273808,-30.4266389792935,-11.003962072848,99.9722299361289,81.9254521393913,0.0220555800617556,0,1,126,coarse
125,2,0,0,0,-9.05059051092104,-30.4266389792935,-15.1233203716945,100,81.9033965593295,0.0441111601235112,1,1,127,coarse
125,3,0,0,0,-13.1379514273008,-30.5850091628817,-15.5339300279736,100,81.8813409792678,0.0661667401852669,1,1,128,coarse
125,5,0,0,0,-20.2321511448156,-30.9069992641944,-21.5053439021577,100,81.7269519188355,0.220555800617556,1,1,130,coarse
125,10,0,0,0,-21.1866642531912,-31.870663301059,-22.2956784478573,100,81.4667932748701,0.551389501543891,1,1,135,coarse
125,15,0,0,0,-21.328782680371,-32.7854600395959,-22.313598329919,100,80.9808411997989,1.26819585355095,1,1,140,coarse
125,20,0,0,0,-22.1122179081836,-33.3053829646995,-23.1895300190743,100,79.6793833435737,2.50330833700926,1,1,145,coarse
125,25,0,0,0,-22.5502346309399,-34.4882506647587,-23.1895300190743,100,78.2642258491398,3.75914651175781,1,1,150,coarse
125,30,0,0,0,-22.5502346309399,-37.1293569342433,-23.3343803812518,100,75.6241970619449,6.53947948831054,1,1,155,coarse
125,35,0,0,0,-22.5502346309399,-38.9046067950927,-23.3343803812518,100,71.2729710104452,11.1490957212175,1,1,160,coarse
125,40,0,0,0,-22.5502346309399,-41.2044727845171,-23.3343803812518,100,66.6574768416409,15.8465061721499,1,1,165,coarse
125,45,0,0,0,-23.1753247293038,-43.985563577712,-24.7596699505467,100,63.316056462285,19.5274534994135,1,1,170,coarse
125,50,0,0,0,-35.1852518290804,-46.9065733815367,-35.6222814608254,100,60.5801134539227,22.7838909679942,1,1,175,coarse
125,55,0,0,0,-35.1852518290804,-47.2206070997284,-35.6222814608254,100,56.908915765814,26.5821370719991,1,1,180,coarse
125,60,0,0,0,-35.1852518290804,-47.3946238627045,-35.6222814608254,100,53.56416568554,30.7657934424398,1,1,185,coarse
125,65,0,0,0,-35.1852518290804,-47.4161134942528,-35.6222814608254,100,49.8501551964037,34.5807965145506,1,1,190,coarse
125,70,0,0,0,-35.1852518290804,-47.4575854291885,-35.6222814608254,100,45.8899711013593,38.6727565824825,1,1,195,coarse
125,75,0,0,0,-35.1951224661647,-48.3763170254391,-35.6318276021293,100,39.8985443317159,44.8898441698012,1,1,200,coarse
125,80,0,0,0,-35.1951224661647,-48.7084942588113,-35.6318276021293,100,36.5405822673136,48.5616935709099,1,1,205,coarse
125,85,0,0,0,-35.1951224661647,-48.9137888845578,-35.6318276021293,100,33.6402734891928,51.6002904541138,1,1,210,coarse
125,90,0,0,0,-35.1951224661647,-49.3441961641422,-35.6318276021293,100,30.6021173356859,54.7555077915099,1,1,215,coarse
125,95,0,0,0,-35.1951224661647,-50.0398959662298,-35.6318276021293,100,26.8802382002647,58.3503492745836,1,1,220,coarse
125,100,0,0,0,-35.1951224661647,-50.6762596622951,-35.6318276021293,100,22.9819144243494,61.3917248790973,1,1,225,coarse
125,105,0,0,0,-35.1951224661647,-51.5691648825314,-35.6451021491555,100,18.8409792677547,65.8492990001676,1,1,230,coarse
125,110,0,0,0,-35.3467889614242,-54.0024294451464,-35.7681897002626,100,14.5952801058668,69.9547561861141,1,1,235,coarse
125,115,0,0,0,-35.3467889614242,-54.5169263065394,-35.8380471856761,100,9.64931627701809,72.8146120761884,1,1,240,coarse
125,120,0,0,0,-39.6784117505734,-55.7022187296151,-43.0649222118941,100,5.2437141596824,76.947877485223,1,1,245,coarse
125,125,0,0,0,-48.8668556607297,-57.3993041666931,-49.1344501792215,100,0,81.947507719453,1,1,250,coarse
130,0,0.0833101916134407,0.0833101916134407,0.0555401277422938,12.8221226911567,-30.4151498768176,-6.68261045206671,99.9166898083866,88.9501543890604,0,0,1,130,coarse
130,0.5,0.0833101916134407,0.0833101916134407,0.0277700638711469,11.4379128806316,-30.4266389792935,-6.68261045206671,99.9166898083866,88.9501543890604,0.0107469102632993,0,1,130.5,coarse
130,1,0.0277700638711469,0.0277700638711469,0.0138850319355735,-3.55566505273808,-30.4266389792935,-11.003962072848,99.9722299361289,88.9280988089987,0.0220555800617556,0,1,131,coarse
130,2,0,0,0,-9.05059051092104,-30.4266389792935,-15.1233203716945,100,88.9060432289369,0.0441111601235112,1,1,132,coarse
130,3,0,0,0,-13.1379514273008,-30.5850091628817,-15.5339300279736,100,88.8839876488752,0.0661667401852669,1,1,133,coarse
130,5,0,0,0,-20.2321511448156,-30.9069992641944,-21.5053439021577,100,88.7295985884429,0.220555800617556,1,1,135,coarse
130,10,0,0,0,-21.1866642531912,-31.870663301059,-22.2956784478573,100,88.3987648875165,0.551389501543891,1,1,140,coarse
130,15,0,0,0,-21.328782680371,-32.7854600395959,-22.313598329919,100,87.6819585355095,1.26819585355095,1,1,145,coarse
130,20,0,0,0,-22.1122179081836,-33.3053829646995,-23.1895300190743,100,86.4468460520512,2.50330833700926,1,1,150,coarse
130,25,0,0,0,-22.5502346309399,-34.4882506647587,-23.1895300190743,100,85.2668725187472,3.75914651175781,1,1,155,coarse
130,30,0,0,0,-22.5502346309399,-37.1293569342433,-23.3343803812518,100,82.4106749007499,6.53947948831054,1,1,160,coarse
130,35,0,0,0,-22.5502346309399,-38.9046067950927,-23.3343803812518,100,77.801058667843,11.1490957212175,1,1,165,coarse
130,40,0,0,0,-22.5502346309399,-41.2044727845171,-23.3343803812518,100,73.6601235112483,15.8465061721499,1,1,170,coarse
130,45,0,0,0,-23.1753247293038,-43.985563577712,-24.7596699505467,100,70.3187031318924,19.5274534994135,1,1,175,coarse
130,50,0,0,0,-35.1852518290804,-46.9065733815367,-35.6222814608254,100,67.638874023333,22.7838909679942,1,1,180,coarse
130,55,0,0,0,-35.1852518290804,-47.2206070997284,-35.6222814608254,100,63.9676763352242,26.5821370719991,1,1,185,coarse
130,60,0,0,0,-35.1852518290804,-47.3946238627045,-35.6222814608254,100,60.6229262549502,30.7657934424398,1,1,190,coarse
130,65,0,0,0,-35.1852518290804,-47.4161134942528,-35.6222814608254,100,56.908915765814,34.5807965145506,1,1,195,coarse
130,70,0,0,0,-35.1852518290804,-47.4575854291885,-35.6222814608254,100,52.9487316707696,38.6727565824825,1,1,200,coarse
130,75,0,0,0,-35.1951224661647,-48.3763170254391,-35.6318276021293,100,46.9011910013233,44.8898441698012,1,1,205,coarse
130,80,0,0,0,-35.1951224661647,-48.7084942588113,-35.6318276021293,100,43.543228936921,48.5616935709099,1,1,210,coarse
130,85,0,0,0,-35.1951224661647,-48.9137888845578,-35.6318276021293,100,40.6429201588002,51.6002904541138,1,1,215,coarse
130,90,0,0,0,-35.1951224661647,-49.3441961641422,-35.6318276021293,100,37.6047640052933,54.7555077915099,1,1,220,coarse
130,95,0,0,0,-35.1951224661647,-50.0398959662298,-35.6318276021293,100,33.8828848698721,58.3503492745836,1,1,225,coarse
130,100,0,0,0,-35.1951224661647,-50.6762596622951,-35.6318276021293,100,29.9845610939568,61.3917248790973,1,1,230,coarse
130,105,0,0,0,-35.1951224661647,-51.5691648825314,-35.6451021491555,100,25.8436259373622,65.8492990001676,1,1,235,coarse
130,110,0,0,0,-35.3467889614242,-54.0024294451464,-35.7681897002626,100,21.5979267754742,69.9547561861141,1,1,240,coarse
130,115,0,0,0,-35.3467889614242,-54.5169263065394,-35.8380471856761,100,16.6519629466255,72.8146120761884,1,1,245,coarse
130,120,0,0,0,-39.6784117505734,-55.7022187296151,-43.0649222118941,100,12.2463608292898,76.947877485223,1,1,250,coarse
130,125,0,0,0,-48.8668556607297,-57.3993041666931,-49.1344501792215,100,7.05876056941025,81.947507719453,1,1,255,coarse
130,130,0,0,0,-48.8668556607297,-59.2595700783551,-49.2037772738675,100,0,88.9501543890604,1,1,260,coarse
135,0,0.0833101916134407,0.0833101916134407,0.0555401277422938,12.8221226911567,-30.4151498768176,-6.68261045206671,99.9166898083866,94.9602999558888,0,0,1,135,coarse
135,0.5,0.0833101916134407,0.0833101916134407,0.0277700638711469,11.4379128806316,-30.4266389792935,-6.68261045206671,99.9166898083866,94.9602999558888,0.0107469102632993,0,1,135.5,coarse
135,1,0.0277700638711469,0.0277700638711469,0.0138850319355735,-3.55566505273808,-30.4266389792935,-11.003962072848,99.9722299361289,94.9382443758271,0.0220555800617556,0,1,136,coarse
135,2,0,0,0,-9.05059051092104,-30.4266389792935,-15.1233203716945,100,94.9161887957653,0.0441111601235112,1,1,137,coarse
135,3,0,0,0,-13.1379514273008,-30.5850091628817,-15.5339300279736,100,94.8941332157036,0.0661667401852669,1,1,138,coarse
135,5,0,0,0,-20.2321511448156,-30.9069992641944,-21.5053439021577,100,94.7397441552713,0.220555800617556,1,1,140,coarse
135,10,0,0,0,-21.1866642531912,-31.870663301059,-22.2956784478573,100,94.4089104543449,0.551389501543891,1,1,145,coarse
135,15,0,0,0,-21.328782680371,-32.7854600395959,-22.313598329919,100,93.6921041023379,1.26819585355095,1,1,150,coarse
135,20,0,0,0,-22.1122179081836,-33.3053829646995,-23.1895300190743,100,92.4569916188796,2.50330833700926,1,1,155,coarse
135,25,0,0,0,-22.5502346309399,-34.4882506647587,-23.1895300190743,100,91.2770180855756,3.75914651175781,1,1,160,coarse
135,30,0,0,0,-22.5502346309399,-37.1293569342433,-23.3343803812518,100,88.4208204675783,6.53947948831054,1,1,165,coarse
135,35,0,0,0,-22.5502346309399,-38.9046067950927,-23.3343803812518,100,83.8112042346714,11.1490957212175,1,1,170,coarse
135,40,0,0,0,-22.5502346309399,-41.2044727845171,-23.3343803812518,100,79.9903671197688,15.8465061721499,1,1,175,coarse
135,45,0,0,0,-23.1753247293038,-43.985563577712,-24.7596699505467,100,76.891790645403,19.5274534994135,1,1,180,coarse
135,50,0,0,0,-35.1852518290804,-46.9065733815367,-35.6222814608254,100,74.3016161832388,22.7838909679942,1,1,185,coarse
135,55,0,0,0,-35.1852518290804,-47.2206070997284,-35.6222814608254,100,70.63041849513,26.5821370719991,1,1,190,coarse
135,60,0,0,0,-35.1852518290804,-47.3946238627045,-35.6222814608254,100,67.285668414856,30.7657934424398,1,1,195,coarse
135,65,0,0,0,-35.1852518290804,-47.4161134942528,-35.6222814608254,100,63.5716579257198,34.5807965145506,1,1,200,coarse
135,70,0,0,0,-35.1852518290804,-47.4575854291885,-35.6222814608254,100,59.6114738306754,38.6727565824825,1,1,205,coarse
135,75,0,0,0,-35.1951224661647,-48.3763170254391,-35.6318276021293,100,53.173498876164,44.8898441698012,1,1,210,coarse
135,80,0,0,0,-35.1951224661647,-48.7084942588113,-35.6318276021293,100,49.5533745037494,48.5616935709099,1,1,215,coarse
135,85,0,0,0,-35.1951224661647,-48.9137888845578,-35.6318276021293,100,46.6530657256286,51.6002904541138,1,1,220,coarse
135,90,0,0,0,-35.1951224661647,-49.3441961641422,-35.6318276021293,100,43.6149095721217,54.7555077915099,1,1,225,coarse
135,95,0,0,0,-35.1951224661647,-50.0398959662298,-35.6318276021293,100,39.8930304367005,58.3503492745836,1,1,230,coarse
135,100,0,0,0,-35.1951224661647,-50.6762596622951,-35.6318276021293,100,35.9947066607852,61.3917248790973,1,1,235,coarse
135,105,0,0,0,-35.1951224661647,-51.5691648825314,-35.6451021491555,100,31.8537715041906,65.8492990001676,1,1,240,coarse
135,110,0,0,0,-35.3467889614242,-54.0024294451464,-35.7681897002626,100,27.6080723423026,69.9547561861141,1,1,245,coarse
135,115,0,0,0,-35.3467889614242,-54.5169263065394,-35.8380471856761,100,22.8941453494595,72.8146120761884,1,1,250,coarse
135,120,0,0,0,-39.6784117505734,-55.7022187296151,-43.0649222118941,100,18.9072032537729,76.947877485223,1,1,255,coarse
135,125,0,0,0,-48.8668556607297,-57.3993041666931,-49.1344501792215,100,13.7215027293161,81.947507719453,1,1,260,coarse
135,130,0,0,0,-48.8668556607297,-59.2595700783551,-49.2037772738675,100,6.66274215990581,88.9501543890604,1,1,265,coarse
135,135,0,0,0,-48.8668556607297,-62.0833511192156,-50.4995836574179,100,0,94.9602999558888,1,1,270,coarse
140,0,0.0833101916134407,0.0833101916134407,0.0555401277422938,12.8221226911567,-30.4151498768176,-6.68261045206671,99.9166898083866,98.5719011910013,0,0,1,140,coarse
140,0.5,0.0833101916134407,0.0833101916134407,0.0277700638711469,11.4379128806316,-30.4266389792935,-6.68261045206671,99.9166898083866,98.5719011910013,0.0107469102632993,0,1,140.5,coarse
140,1,0.0277700638711469,0.0277700638711469,0.0138850319355735,-3.55566505273808,-30.4266389792935,-11.003962072848,99.9722299361289,98.5498456109396,0.0220555800617556,0,1,141,coarse
140,2,0,0,0,-9.05059051092104,-30.4266389792935,-15.1233203716945,100,98.5277900308778,0.0441111601235112,1,1,142,coarse
140,3,0,0,0,-13.1379514273008,-30.5850091628817,-15.5339300279736,100,98.505734450816,0.0661667401852669,1,1,143,coarse
140,5,0,0,0,-20.2321511448156,-30.9069992641944,-21.5053439021577,100,98.3513453903838,0.220555800617556,1,1,145,coarse
140,10,0,0,0,-21.1866642531912,-31.870663301059,-22.2956784478573,100,98.1085437936593,0.551389501543891,1,1,150,coarse
140,15,0,0,0,-21.328782680371,-32.7854600395959,-22.313598329919,100,97.4529822675981,1.26819585355095,1,1,155,coarse
140,20,0,0,0,-22.1122179081836,-33.3053829646995,-23.1895300190743,100,96.6684578183772,2.50330833700926,1,1,160,coarse
140,25,0,0,0,-22.5502346309399,-34.4882506647587,-23.1895300190743,100,95.0979342823504,3.75914651175781,1,1,165,coarse
140,30,0,0,0,-22.5502346309399,-37.1293569342433,-23.3343803812518,100,92.3632666167184,6.53947948831054,1,1,170,coarse
140,35,0,0,0,-22.5502346309399,-38.9046067950927,-23.3343803812518,100,88.354918120518,11.1490957212175,1,1,175,coarse
140,40,0,0,0,-22.5502346309399,-41.2044727845171,-23.3343803812518,100,84.5927432302258,15.8465061721499,1,1,180,coarse
140,45,0,0,0,-23.1753247293038,-43.985563577712,-24.7596699505467,100,81.49416675586,19.5274534994135,1,1,185,coarse
140,50,0,0,0,-35.1852518290804,-46.9065733815367,-35.6222814608254,100,78.9039922936958,22.7838909679942,1,1,190,coarse
140,55,0,0,0,-35.1852518290804,-47.2206070997284,-35.6222814608254,100,75.2327946055871,26.5821370719991,1,1,195,coarse
140,60,0,0,0,-35.1852518290804,-47.3946238627045,-35.6222814608254,100,71.8880445253131,30.7657934424398,1,1,200,coarse
140,65,0,0,0,-35.1852518290804,-47.4161134942528,-35.6222814608254,100,68.1740340361768,34.5807965145506,1,1,205,coarse
140,70,0,0,0,-35.1852518290804,-47.4575854291885,-35.6222814608254,100,64.2138499411324,38.6727565824825,1,1,210,coarse
140,75,0,0,0,-35.1951224661647,-48.3763170254391,-35.6318276021293,100,57.775874986621,44.8898441698012,1,1,215,coarse
140,80,0,0,0,-35.1951224661647,-48.7084942588113,-35.6318276021293,100,53.1842020764209,48.5616935709099,1,1,220,coarse
140,85,0,0,0,-35.1951224661647,-48.9137888845578,-35.6318276021293,100,50.2646669607411,51.6002904541138,1,1,225,coarse
140,90,0,0,0,-35.1951224661647,-49.3441961641422,-35.6318276021293,100,47.2265108072342,54.7555077915099,1,1,230,coarse
140,95,0,0,0,-35.1951224661647,-50.0398959662298,-35.6318276021293,100,43.504631671813,58.3503492745836,1,1,235,coarse
140,100,0,0,0,-35.1951224661647,-50.6762596622951,-35.6318276021293,100,39.6063078958977,61.3917248790973,1,1,240,coarse
140,105,0,0,0,-35.1951224661647,-51.5691648825314,-35.6451021491555,100,35.465372739303,65.8492990001676,1,1,245,coarse
140,110,0,0,0,-35.3467889614242,-54.0024294451464,-35.7681897002626,100,31.3282671518784,69.9547561861141,1,1,250,coarse
140,115,0,0,0,-35.3467889614242,-54.5169263065394,-35.8380471856761,100,27.4965214599165,72.8146120761884,1,1,255,coarse
140,120,0,0,0,-39.6784117505734,-55.7022187296151,-43.0649222118941,100,23.5095793642299,76.947877485223,1,1,260,coarse
140,125,0,0,0,-48.8668556607297,-57.3993041666931,-49.1344501792215,100,18.3238788397731,81.947507719453,1,1,265,coarse
140,130,0,0,0,-48.8668556607297,-59.2595700783551,-49.2037772738675,100,11.2651182703628,88.9501543890604,1,1,270,coarse
140,135,0,0,0,-48.8668556607297,-62.0833511192156,-50.4995836574179,100,4.98119290703923,94.9602999558888,1,1,275,coarse
140,140,0,0,0,-56.0917833115423,-69.6946361261952,-56.47944737545,100,0,98.5719011910013,1,1,280,coarse
143.342071981734,0,0.0833101916134407,0.0833101916134407,0.0555401277422938,12.8221226911567,-30.4151498768176,-6.68261045206671,99.9166898083866,100,0,0,1,143.342071981734,coarse
143.342071981734,0.5,0.0833101916134407,0.0833101916134407,0.0277700638711469,11.4379128806316,-30.4266389792935,-6.68261045206671,99.9166898083866,100,0.0107469102632993,0,1,143.842071981734,coarse
143.342071981734,1,0.0277700638711469,0.0277700638711469,0.0138850319355735,-3.55566505273808,-30.4266389792935,-11.003962072848,99.9722299361289,99.9944143439647,0.0220555800617556,0,1,144.342071981734,coarse
143.342071981734,2,0,0,0,-9.05059051092104,-30.4266389792935,-15.1233203716945,100,99.9892967997431,0.0441111601235112,1,1,145.342071981734,coarse
143.342071981734,3,0,0,0,-13.1379514273008,-30.5850091628817,-15.5339300279736,100,99.9609004077529,0.0661667401852669,1,1,146.342071981734,coarse
143.342071981734,5,0,0,0,-20.2321511448156,-30.9069992641944,-21.5053439021577,100,99.9140247178936,0.220555800617556,1,1,148.342071981734,coarse
143.342071981734,10,0,0,0,-21.1866642531912,-31.870663301059,-22.2956784478573,100,99.7420741536808,0.551389501543891,1,1,153.342071981734,coarse
143.342071981734,15,0,0,0,-21.328782680371,-32.7854600395959,-22.313598329919,100,99.1789085628107,1.26819585355095,1,1,158.342071981734,coarse
143.342071981734,20,0,0,0,-22.1122179081836,-33.3053829646995,-23.1895300190743,100,98.3019881783987,2.50330833700926,1,1,163.342071981734,coarse
143.342071981734,25,0,0,0,-22.5502346309399,-34.4882506647587,-23.1895300190743,100,96.7141175211388,3.75914651175781,1,1,168.342071981734,coarse
143.342071981734,30,0,0,0,-22.5502346309399,-37.1293569342433,-23.3343803812518,100,93.9794498555068,6.53947948831054,1,1,173.342071981734,coarse
143.342071981734,35,0,0,0,-22.5502346309399,-38.9046067950927,-23.3343803812518,100,89.9711013593064,11.1490957212175,1,1,178.342071981734,coarse
143.342071981734,40,0,0,0,-22.5502346309399,-41.2044727845171,-23.3343803812518,100,86.2089264690142,15.8465061721499,1,1,183.342071981734,coarse
143.342071981734,45,0,0,0,-23.1753247293038,-43.985563577712,-24.7596699505467,100,83.1103499946484,19.5274534994135,1,1,188.342071981734,coarse
143.342071981734,50,0,0,0,-35.1852518290804,-46.9065733815367,-35.6222814608254,100,80.5201755324842,22.7838909679942,1,1,193.342071981734,coarse
143.342071981734,55,0,0,0,-35.1852518290804,-47.2206070997284,-35.6222814608254,100,76.8489778443755,26.5821370719991,1,1,198.342071981734,coarse
143.342071981734,60,0,0,0,-35.1852518290804,-47.3946238627045,-35.6222814608254,100,73.5042277641015,30.7657934424398,1,1,203.342071981734,coarse
143.342071981734,65,0,0,0,-35.1852518290804,-47.4161134942528,-35.6222814608254,100,69.7902172749652,34.5807965145506,1,1,208.342071981734,coarse
143.342071981734,70,0,0,0,-35.1852518290804,-47.4575854291885,-35.6222814608254,100,65.8300331799208,38.6727565824825,1,1,213.342071981734,coarse
143.342071981734,75,0,0,0,-35.1951224661647,-48.3763170254391,-35.6318276021293,100,59.3920582254094,44.8898441698012,1,1,218.342071981734,coarse
143.342071981734,80,0,0,0,-35.1951224661647,-48.7084942588113,-35.6318276021293,100,54.8003853152092,48.5616935709099,1,1,223.342071981734,coarse
143.342071981734,85,0,0,0,-35.1951224661647,-48.9137888845578,-35.6318276021293,100,51.6927657697397,51.6002904541138,1,1,228.342071981734,coarse
143.342071981734,90,0,0,0,-35.1951224661647,-49.3441961641422,-35.6318276021293,100,48.6546096162329,54.7555077915099,1,1,233.342071981734,coarse
143.342071981734,95,0,0,0,-35.1951224661647,-50.0398959662298,-35.6318276021293,100,44.9327304808116,58.3503492745836,1,1,238.342071981734,coarse
143.342071981734,100,0,0,0,-35.1951224661647,-50.6762596622951,-35.6318276021293,100,41.0574761853794,61.3917248790973,1,1,243.342071981734,coarse
143.342071981734,105,0,0,0,-35.1951224661647,-51.5691648825314,-35.6451021491555,100,36.8934715483017,65.8492990001676,1,1,248.342071981734,coarse
143.342071981734,110,0,0,0,-35.3467889614242,-54.0024294451464,-35.7681897002626,100,32.9444503906668,69.9547561861141,1,1,253.342071981734,coarse
143.342071981734,115,0,0,0,-35.3467889614242,-54.5169263065394,-35.8380471856761,100,29.1127046987049,72.8146120761884,1,1,258.342071981734,coarse
143.342071981734,120,0,0,0,-39.6784117505734,-55.7022187296151,-43.0649222118941,100,25.1257626030183,76.947877485223,1,1,263.342071981734,coarse
143.342071981734,125,0,0,0,-48.8668556607297,-57.3993041666931,-49.1344501792215,100,19.9400620785615,81.947507719453,1,1,268.342071981734,coarse
143.342071981734,130,0,0,0,-48.8668556607297,-59.2595700783551,-49.2037772738675,100,12.8813015091512,88.9501543890604,1,1,273.342071981734,coarse
143.342071981734,135,0,0,0,-48.8668556607297,-62.0833511192156,-50.4995836574179,100,6.6581019940792,94.9602999558888,1,1,278.342071981734,coarse
143.342071981734,140,0,0,0,-56.0917833115423,-69.6946361261952,-56.47944737545,100,2.01083617270848,98.5719011910013,1,1,283.342071981734,coarse
143.342071981734,143.342071981734,0,0,0,-2948.41956873937,-2948.41956873937,-2948.41956873937,100,0,100,1,1,286.684143963467,coarse
38,0,0.166620383226881,0.166620383226881,0.0694251596778673,12.8221226911567,-29.5510483914171,6.88434629097045,99.8333796167731,14.1596380494889,0,0,0,38,refinement
38,1,0.111080255484588,0.111080255484588,0.0277700638711469,10.5902090924059,-29.5510483914171,-3.35359322440815,99.8889197445154,14.1540523934536,0.0220555800617556,0,0,39,refinement
38,2,0.111080255484588,0.111080255484588,0,10.5902090924059,-29.5510483914171,-3.40748541877238,99.8889197445154,14.142881081383,0.0441111601235112,0,0,40,refinement
38,3,0.111080255484588,0.111080255484588,0,10.5902090924059,-29.6575768852357,-3.40748541877238,99.8889197445154,14.1205384572418,0.0661667401852669,0,0,41,refinement
38,4,0.111080255484588,0.111080255484588,0,10.5902090924059,-29.8536675391255,-3.40748541877238,99.8889197445154,14.0981958331006,0.154389060432289,0,0,42,refinement
38,5,0.111080255484588,0.111080255484588,0,10.5902090924059,-29.957625690837,-3.40748541877238,99.8889197445154,14.0702675529241,0.220555800617556,0,0,43,refinement
38,6,0.111080255484588,0.111080255484588,0,10.5902090924059,-30.235559606853,-3.40748541877238,99.8889197445154,14.0479249287829,0.30326422584914,0,0,44,refinement
38,7,0.111080255484588,0.111080255484588,0,10.5902090924059,-30.4151498768176,-3.40748541877238,99.8889197445154,13.9641400882534,0.391486546096162,0,0,45,refinement
38,8,0.111080255484588,0.111080255484588,0,10.5902090924059,-30.6044319849985,-3.40748541877238,99.8889197445154,13.9306261520416,0.435597706219674,0,0,46,refinement
38,9,0.111080255484588,0.111080255484588,0,10.5902090924059,-30.9069992641944,-3.40748541877238,99.8889197445154,13.8747695916885,0.512792236435818,0,0,47,refinement
39,0,0.166620383226881,0.166620383226881,0.0694251596778673,12.8221226911567,-29.5706774313624,6.88434629097045,99.8333796167731,15.0421717030665,0,0,0,39,refinement
39,1,0.111080255484588,0.111080255484588,0.0277700638711469,10.5902090924059,-29.5706774313624,-3.35359322440815,99.8889197445154,15.0365860470312,0.0220555800617556,0,0,40,refinement
39,2,0.111080255484588,0.111080255484588,0,10.5902090924059,-29.5706774313624,-3.40748541877238,99.8889197445154,15.0254147349606,0.0441111601235112,0,0,41,refinement
39,3,0.111080255484588,0.111080255484588,0,10.5902090924059,-29.6998672280905,-3.40748541877238,99.8889197445154,15.0030721108194,0.0661667401852669,0,0,42,refinement
39,4,0.111080255484588,0.111080255484588,0,10.5902090924059,-29.8773944979912,-3.40748541877238,99.8889197445154,14.9807294866782,0.154389060432289,0,0,43,refinement
39,5,0.111080255484588,0.111080255484588,0,10.5902090924059,-29.961179401734,-3.40748541877238,99.8889197445154,14.9528012065017,0.220555800617556,0,0,44,refinement
39,6,0.111080255484588,0.111080255484588,0,10.5902090924059,-30.2774248252094,-3.40748541877238,99.8889197445154,14.9304585823605,0.30326422584914,0,0,45,refinement
39,7,0.111080255484588,0.111080255484588,0,10.5902090924059,-30.4576406204617,-3.40748541877238,99.8889197445154,14.846673741831,0.391486546096162,0,0,46,refinement
39,8,0.111080255484588,0.111080255484588,0,10.5902090924059,-30.6299933530461,-3.40748541877238,99.8889197445154,14.8131598056192,0.435597706219674,0,0,47,refinement
39,9,0.111080255484588,0.111080255484588,0,10.5902090924059,-30.9791338368684,-3.40748541877238,99.8889197445154,14.7573032452662,0.512792236435818,0,0,48,refinement
40,0,0.166620383226881,0.166620383226881,0.0694251596778673,12.8221226911567,-29.5706774313624,6.88434629097045,99.8333796167731,15.8465061721499,0,0,0,40,refinement
40,1,0.111080255484588,0.111080255484588,0.0277700638711469,10.5902090924059,-29.5706774313624,-3.35359322440815,99.8889197445154,15.8409205161146,0.0220555800617556,0,0,41,refinement
40,2,0.111080255484588,0.111080255484588,0,10.5902090924059,-29.5706774313624,-3.40748541877238,99.8889197445154,15.829749204044,0.0441111601235112,0,0,42,refinement
40,3,0.111080255484588,0.111080255484588,0,10.5902090924059,-29.6998672280905,-3.40748541877238,99.8889197445154,15.8074065799028,0.0661667401852669,0,0,43,refinement
40,4,0.111080255484588,0.111080255484588,0,10.5902090924059,-29.8773944979912,-3.40748541877238,99.8889197445154,15.7850639557616,0.154389060432289,0,0,44,refinement
40,5,0.111080255484588,0.111080255484588,0,10.5902090924059,-29.961179401734,-3.40748541877238,99.8889197445154,15.7571356755851,0.220555800617556,0,0,45,refinement
40,6,0.111080255484588,0.111080255484588,0,10.5902090924059,-30.2774248252094,-3.40748541877238,99.8889197445154,15.7347930514439,0.30326422584914,0,0,46,refinement
40,7,0.111080255484588,0.111080255484588,0,10.5902090924059,-30.4576406204617,-3.40748541877238,99.8889197445154,15.6510082109144,0.391486546096162,0,0,47,refinement
40,8,0.111080255484588,0.111080255484588,0,10.5902090924059,-30.6299933530461,-3.40748541877238,99.8889197445154,15.6174942747026,0.435597706219674,0,0,48,refinement
40,9,0.111080255484588,0.111080255484588,0,10.5902090924059,-30.9791338368684,-3.40748541877238,99.8889197445154,15.5616377143496,0.512792236435818,0,0,49,refinement
41,0,0.166620383226881,0.166620383226881,0.0694251596778673,12.8221226911567,-29.5706774313624,6.88434629097045,99.8333796167731,16.7737250740099,0,0,0,41,refinement
41,1,0.111080255484588,0.111080255484588,0.0277700638711469,10.5902090924059,-29.5706774313624,-3.35359322440815,99.8889197445154,16.7681394179746,0.0220555800617556,0,0,42,refinement
41,2,0.111080255484588,0.111080255484588,0,10.5902090924059,-29.5706774313624,-3.40748541877238,99.8889197445154,16.756968105904,0.0441111601235112,0,0,43,refinement
41,3,0.111080255484588,0.111080255484588,0,10.5902090924059,-29.6998672280905,-3.40748541877238,99.8889197445154,16.7346254817628,0.0661667401852669,0,0,44,refinement
41,4,0.111080255484588,0.111080255484588,0,10.5902090924059,-29.8773944979912,-3.40748541877238,99.8889197445154,16.7122828576216,0.154389060432289,0,0,45,refinement
41,5,0.111080255484588,0.111080255484588,0,10.5902090924059,-29.961179401734,-3.40748541877238,99.8889197445154,16.6843545774451,0.220555800617556,0,0,46,refinement
41,6,0.111080255484588,0.111080255484588,0,10.5902090924059,-30.2774248252094,-3.40748541877238,99.8889197445154,16.6620119533039,0.30326422584914,0,0,47,refinement
41,7,0.111080255484588,0.111080255484588,0,10.5902090924059,-30.4576406204617,-3.40748541877238,99.8889197445154,16.5782271127744,0.391486546096162,0,0,48,refinement
41,8,0.111080255484588,0.111080255484588,0,10.5902090924059,-30.6299933530461,-3.40748541877238,99.8889197445154,16.5447131765626,0.435597706219674,0,0,49,refinement
41,9,0.111080255484588,0.111080255484588,0,10.5902090924059,-30.9791338368684,-3.40748541877238,99.8889197445154,16.4888566162096,0.512792236435818,0,0,50,refinement
42,0,0.166620383226881,0.166620383226881,0.0694251596778673,12.8221226911567,-29.5706774313624,6.88434629097045,99.8333796167731,17.4104898620343,0,0,0,42,refinement
42,1,0.111080255484588,0.111080255484588,0.0277700638711469,10.5902090924059,-29.5706774313624,-3.35359322440815,99.8889197445154,17.404904205999,0.0220555800617556,0,0,43,refinement
42,2,0.111080255484588,0.111080255484588,0,10.5902090924059,-29.5706774313624,-3.40748541877238,99.8889197445154,17.3937328939284,0.0441111601235112,0,0,44,refinement
42,3,0.111080255484588,0.111080255484588,0,10.5902090924059,-29.6998672280905,-3.40748541877238,99.8889197445154,17.3713902697872,0.0661667401852669,0,0,45,refinement
42,4,0.111080255484588,0.111080255484588,0,10.5902090924059,-29.8773944979912,-3.40748541877238,99.8889197445154,17.349047645646,0.154389060432289,0,0,46,refinement
42,5,0.111080255484588,0.111080255484588,0,10.5902090924059,-29.961179401734,-3.40748541877238,99.8889197445154,17.3211193654695,0.220555800617556,0,0,47,refinement
42,6,0.111080255484588,0.111080255484588,0,10.5902090924059,-30.2774248252094,-3.40748541877238,99.8889197445154,17.2987767413283,0.30326422584914,0,0,48,refinement
42,7,0.111080255484588,0.111080255484588,0,10.5902090924059,-30.4576406204617,-3.40748541877238,99.8889197445154,17.2149919007987,0.391486546096162,0,0,49,refinement
42,8,0.111080255484588,0.111080255484588,0,10.5902090924059,-30.6299933530461,-3.40748541877238,99.8889197445154,17.1814779645869,0.435597706219674,0,0,50,refinement
42,9,0.111080255484588,0.111080255484588,0,10.5902090924059,-30.9791338368684,-3.40748541877238,99.8889197445154,17.1256214042339,0.512792236435818,0,0,51,refinement
43,0,0.138850319355735,0.138850319355735,0.0694251596778673,12.8221226911567,-29.5706774313624,1.29789248988328,99.8611496806443,18.2427526112942,0,0,0,43,refinement
43,1,0.0833101916134407,0.0833101916134407,0.0277700638711469,7.45846654735736,-29.5706774313624,-7.07456547882734,99.9166898083866,18.2371669552589,0.0220555800617556,0,1,44,refinement
43,2,0.0833101916134407,0.0833101916134407,0,7.45846654735736,-29.5706774313624,-7.56731299547792,99.9166898083866,18.2259956431883,0.0441111601235112,0,1,45,refinement
43,3,0.0833101916134407,0.0833101916134407,0,7.45846654735736,-29.6998672280905,-7.56731299547792,99.9166898083866,18.2036530190471,0.0661667401852669,0,1,46,refinement
43,4,0.0833101916134407,0.0833101916134407,0,7.45846654735736,-29.8773944979912,-7.56731299547792,99.9166898083866,18.1813103949059,0.154389060432289,0,1,47,refinement
43,5,0.0833101916134407,0.0833101916134407,0,7.45846654735736,-29.961179401734,-7.56731299547792,99.9166898083866,18.1533821147294,0.220555800617556,0,1,48,refinement
43,6,0.0833101916134407,0.0833101916134407,0,7.45846654735736,-30.2774248252094,-7.56731299547792,99.9166898083866,18.1310394905882,0.30326422584914,0,1,49,refinement
43,7,0.0833101916134407,0.0833101916134407,0,7.45846654735736,-30.4576406204617,-7.56731299547792,99.9166898083866,18.0472546500587,0.391486546096162,0,1,50,refinement
43,8,0.0833101916134407,0.0833101916134407,0,7.45846654735736,-30.6299933530461,-7.56731299547792,99.9166898083866,18.0137407138468,0.435597706219674,0,1,51,refinement
43,9,0.0833101916134407,0.0833101916134407,0,7.45846654735736,-30.9791338368684,-7.56731299547792,99.9166898083866,17.9578841534938,0.512792236435818,0,1,52,refinement
44,0,0.111080255484588,0.111080255484588,0.0694251596778673,12.8221226911567,-29.5706774313624,-3.35359322440815,99.8889197445154,18.9577165838128,0,0,0,44,refinement
44,1,0.0555401277422938,0.0555401277422938,0.0277700638711469,1.77410757321027,-29.5706774313624,-7.50402242466403,99.9444598722577,18.9521309277775,0.0220555800617556,0,1,45,refinement
44,2,0.0555401277422938,0.0555401277422938,0,1.77410757321027,-29.5706774313624,-7.69833386857042,99.9444598722577,18.9409596157069,0.0441111601235112,0,1,46,refinement
44,3,0.0555401277422938,0.0555401277422938,0,1.77410757321027,-29.6998672280905,-7.69833386857042,99.9444598722577,18.9186169915657,0.0661667401852669,0,1,47,refinement
44,4,0.0555401277422938,0.0555401277422938,0,1.77410757321027,-29.8773944979912,-7.69833386857042,99.9444598722577,18.8962743674245,0.154389060432289,0,1,48,refinement
44,5,0.0555401277422938,0.0555401277422938,0,1.77410757321027,-29.961179401734,-7.69833386857042,99.9444598722577,18.8683460872479,0.220555800617556,0,1,49,refinement
44,6,0.0555401277422938,0.0555401277422938,0,1.77410757321027,-30.2774248252094,-7.69833386857042,99.9444598722577,18.8460034631067,0.30326422584914,0,1,50,refinement
44,7,0.0555401277422938,0.0555401277422938,0,1.77410757321027,-30.4576406204617,-7.69833386857042,99.9444598722577,18.7622186225772,0.391486546096162,0,1,51,refinement
44,8,0.0555401277422938,0.0555401277422938,0,1.77410757321027,-30.6299933530461,-7.69833386857042,99.9444598722577,18.7287046863654,0.435597706219674,0,1,52,refinement
44,9,0.0555401277422938,0.0555401277422938,0,1.77410757321027,-30.9791338368684,-7.69833386857042,99.9444598722577,18.6728481260124,0.512792236435818,0,1,53,refinement
45,0,0.0833101916134407,0.0833101916134407,0.0694251596778673,12.8221226911567,-29.5706774313624,-6.68261045206671,99.9166898083866,19.5274534994135,0,0,1,45,refinement
45,1,0.0277700638711469,0.0277700638711469,0.0277700638711469,-2.9408932518254,-29.5706774313624,-7.56731299547792,99.9722299361289,19.5218678433782,0.0220555800617556,0,1,46,refinement
45,2,0.0277700638711469,0.0277700638711469,0,-2.9408932518254,-29.5706774313624,-8.61720562439138,99.9722299361289,19.5106965313076,0.0441111601235112,0,1,47,refinement
45,3,0.0277700638711469,0.0277700638711469,0,-2.9408932518254,-29.6998672280905,-8.63075230275137,99.9722299361289,19.4883539071664,0.0661667401852669,0,1,48,refinement
45,4,0.0277700638711469,0.0277700638711469,0,-2.9408932518254,-29.8773944979912,-8.63075230275137,99.9722299361289,19.4660112830252,0.154389060432289,0,1,49,refinement
45,5,0.0277700638711469,0.0277700638711469,0,-2.9408932518254,-29.961179401734,-8.63075230275137,99.9722299361289,19.4380830028487,0.220555800617556,0,1,50,refinement
45,6,0.0277700638711469,0.0277700638711469,0,-2.9408932518254,-30.2774248252094,-8.63075230275137,99.9722299361289,19.4157403787075,0.30326422584914,0,1,51,refinement
45,7,0.0277700638711469,0.0277700638711469,0,-2.9408932518254,-30.4576406204617,-8.63075230275137,99.9722299361289,19.331955538178,0.391486546096162,0,1,52,refinement
45,8,0.0277700638711469,0.0277700638711469,0,-2.9408932518254,-30.6299933530461,-8.63075230275137,99.9722299361289,19.2984416019662,0.435597706219674,0,1,53,refinement
45,9,0.0277700638711469,0.0277700638711469,0,-2.9408932518254,-30.9791338368684,-8.63075230275137,99.9722299361289,19.2425850416131,0.512792236435818,0,1,54,refinement
46,0,0.0833101916134407,0.0833101916134407,0.0555401277422938,12.8221226911567,-29.5706774313624,-6.68261045206671,99.9166898083866,20.1865609115791,0,0,1,46,refinement
46,1,0.0277700638711469,0.0277700638711469,0.0138850319355735,-3.55566505273808,-29.5706774313624,-7.67962377675557,99.9722299361289,20.1809752555438,0.0220555800617556,0,1,47,refinement
46,2,0,0,0,-7.56061767705862,-29.5706774313624,-11.1389087121165,100,20.1698039434732,0.0441111601235112,1,1,48,refinement
46,3,0,0,0,-7.56061767705862,-29.6998672280905,-11.3253476547762,100,20.147461319332,0.0661667401852669,1,1,49,refinement
46,4,0,0,0,-7.56061767705862,-29.8773944979912,-11.3253476547762,100,20.1251186951907,0.154389060432289,1,1,50,refinement
46,5,0,0,0,-7.56061767705862,-29.961179401734,-11.3253476547762,100,20.0971904150142,0.220555800617556,1,1,51,refinement
46,6,0,0,0,-7.56061767705862,-30.2774248252094,-11.3253476547762,100,20.074847790873,0.30326422584914,1,1,52,refinement
46,7,0,0,0,-7.56061767705862,-30.4576406204617,-11.3253476547762,100,19.9910629503435,0.391486546096162,1,1,53,refinement
46,8,0,0,0,-7.56061767705862,-30.6299933530461,-11.3253476547762,100,19.9575490141317,0.435597706219674,1,1,54,refinement
46,9,0,0,0,-7.56061767705862,-30.9791338368684,-11.3253476547762,100,19.9016924537787,0.512792236435818,1,1,55,refinement
47,0,0.0833101916134407,0.0833101916134407,0.0555401277422938,12.8221226911567,-29.5706774313624,-6.68261045206671,99.9166898083866,20.9238675082388,0,0,1,47,refinement
47,1,0.0277700638711469,0.0277700638711469,0.0138850319355735,-3.55566505273808,-29.5706774313624,-8.16755684547774,99.9722299361289,20.9182818522035,0.0220555800617556,0,1,48,refinement
47,2,0,0,0,-7.56061767705862,-29.5706774313624,-11.1662022582578,100,20.9071105401329,0.0441111601235112,1,1,49,refinement
47,3,0,0,0,-7.56061767705862,-29.6998672280905,-11.8588415793228,100,20.8847679159917,0.0661667401852669,1,1,50,refinement
47,4,0,0,0,-7.56061767705862,-29.8773944979912,-11.8588415793228,100,20.8624252918505,0.154389060432289,1,1,51,refinement
47,5,0,0,0,-7.56061767705862,-29.961179401734,-11.8588415793228,100,20.834497011674,0.220555800617556,1,1,52,refinement
47,6,0,0,0,-7.56061767705862,-30.2774248252094,-11.8588415793228,100,20.8121543875328,0.30326422584914,1,1,53,refinement
47,7,0,0,0,-7.56061767705862,-30.4576406204617,-11.8588415793228,100,20.7283695470033,0.391486546096162,1,1,54,refinement
47,8,0,0,0,-7.56061767705862,-30.6299933530461,-11.8588415793228,100,20.6948556107915,0.435597706219674,1,1,55,refinement
47,9,0,0,0,-7.56061767705862,-30.9791338368684,-11.8588415793228,100,20.6389990504385,0.512792236435818,1,1,56,refinement
48,0,0.0833101916134407,0.0833101916134407,0.0555401277422938,12.8221226911567,-29.5706774313624,-6.68261045206671,99.9166898083866,21.4321622074513,0,0,1,48,refinement
48,1,0.0277700638711469,0.0277700638711469,0.0138850319355735,-3.55566505273808,-29.5706774313624,-8.16755684547774,99.9722299361289,21.426576551416,0.0220555800617556,0,1,49,refinement
48,2,0,0,0,-7.56061767705862,-29.5706774313624,-11.1662022582578,100,21.4154052393454,0.0441111601235112,1,1,50,refinement
48,3,0,0,0,-7.56061767705862,-29.6998672280905,-12.3539857571806,100,21.3930626152042,0.0661667401852669,1,1,51,refinement
48,4,0,0,0,-7.56061767705862,-29.8773944979912,-12.3539857571806,100,21.370719991063,0.154389060432289,1,1,52,refinement
48,5,0,0,0,-7.56061767705862,-29.961179401734,-12.3539857571806,100,21.3427917108864,0.220555800617556,1,1,53,refinement
48,6,0,0,0,-7.56061767705862,-30.2774248252094,-12.3539857571806,100,21.3204490867452,0.30326422584914,1,1,54,refinement
48,7,0,0,0,-7.56061767705862,-30.4576406204617,-12.3539857571806,100,21.2366642462157,0.391486546096162,1,1,55,refinement
48,8,0,0,0,-7.56061767705862,-30.6299933530461,-12.3539857571806,100,21.2031503100039,0.435597706219674,1,1,56,refinement
48,9,0,0,0,-7.56061767705862,-30.9791338368684,-12.3539857571806,100,21.1472937496509,0.512792236435818,1,1,57,refinement
49,0,0.0833101916134407,0.0833101916134407,0.0555401277422938,12.8221226911567,-29.6104171550484,-6.68261045206671,99.9166898083866,22.0465843713344,0,0,1,49,refinement
49,1,0.0277700638711469,0.0277700638711469,0.0138850319355735,-3.55566505273808,-29.6104171550484,-8.16755684547774,99.9722299361289,22.0409987152991,0.0220555800617556,0,1,50,refinement
49,2,0,0,0,-7.56061767705862,-29.6104171550484,-11.1662022582578,100,22.0298274032285,0.0441111601235112,1,1,51,refinement
49,3,0,0,0,-7.56061767705862,-29.8045558480819,-12.3539857571806,100,22.0074847790873,0.0661667401852669,1,1,52,refinement
49,4,0,0,0,-7.56061767705862,-29.9027784397404,-12.3539857571806,100,21.9851421549461,0.154389060432289,1,1,53,refinement
49,5,0,0,0,-7.56061767705862,-30.0232182463,-12.3539857571806,100,21.9572138747696,0.220555800617556,1,1,54,refinement
49,6,0,0,0,-7.56061767705862,-30.3159299883296,-12.3539857571806,100,21.9348712506284,0.30326422584914,1,1,55,refinement
49,7,0,0,0,-7.56061767705862,-30.5066077479681,-12.3539857571806,100,21.8510864100989,0.391486546096162,1,1,56,refinement
49,8,0,0,0,-7.56061767705862,-30.6643401467762,-12.3539857571806,100,21.8175724738871,0.435597706219674,1,1,57,refinement
49,9,0,0,0,-7.56061767705862,-31.0396024734901,-12.3539857571806,100,21.761715913534,0.512792236435818,1,1,58,refinement
50,0,0.0833101916134407,0.0833101916134407,0.0555401277422938,12.8221226911567,-29.6214828905057,-6.68261045206671,99.9166898083866,22.7838909679942,0,0,1,50,refinement
50,1,0.0277700638711469,0.0277700638711469,0.0138850319355735,-3.55566505273808,-29.6214828905057,-8.16755684547774,99.9722299361289,22.7783053119589,0.0220555800617556,0,1,51,refinement
50,2,0,0,0,-7.56061767705862,-29.6214828905057,-11.1662022582578,100,22.7671339998883,0.0441111601235112,1,1,52,refinement
50,3,0,0,0,-7.56061767705862,-29.826144896414,-12.3539857571806,100,22.7447913757471,0.0661667401852669,1,1,53,refinement
50,4,0,0,0,-7.56061767705862,-29.9186185600693,-12.3539857571806,100,22.7224487516059,0.154389060432289,1,1,54,refinement
50,5,0,0,0,-7.56061767705862,-30.0892063567936,-12.3539857571806,100,22.6945204714294,0.220555800617556,1,1,55,refinement
50,6,0,0,0,-7.56061767705862,-30.3288424680576,-12.3539857571806,100,22.6721778472882,0.30326422584914,1,1,56,refinement
50,7,0,0,0,-7.56061767705862,-30.537899528142,-12.3539857571806,100,22.5883930067586,0.391486546096162,1,1,57,refinement
50,8,0,0,0,-7.56061767705862,-30.6660116494251,-12.3539857571806,100,22.5548790705468,0.435597706219674,1,1,58,refinement
50,9,0,0,0,-7.56061767705862,-31.0417377498519,-12.3539857571806,100,22.4990225101938,0.512792236435818,1,1,59,refinement
51,0,0.0833101916134407,0.0833101916134407,0.0555401277422938,12.8221226911567,-29.6575768852357,-6.68261045206671,99.9166898083866,23.4932692844775,0,0,1,51,refinement
51,1,0.0277700638711469,0.0277700638711469,0.0138850319355735,-3.55566505273808,-29.6575768852357,-8.16755684547774,99.9722299361289,23.4876836284422,0.0220555800617556,0,1,52,refinement
51,2,0,0,0,-7.56061767705862,-29.6575768852357,-11.1662022582578,100,23.4765123163716,0.0441111601235112,1,1,53,refinement
51,3,0,0,0,-7.56061767705862,-29.8536675391255,-12.3539857571806,100,23.4541696922304,0.0661667401852669,1,1,54,refinement
51,4,0,0,0,-7.56061767705862,-29.9328955437648,-12.3539857571806,100,23.4318270680891,0.154389060432289,1,1,55,refinement
51,5,0,0,0,-7.56061767705862,-30.1850808647845,-12.3539857571806,100,23.4038987879126,0.220555800617556,1,1,56,refinement
51,6,0,0,0,-7.56061767705862,-30.3439525415568,-12.3539857571806,100,23.3815561637714,0.30326422584914,1,1,57,refinement
51,7,0,0,0,-7.56061767705862,-30.568174433787,-12.3539857571806,100,23.2977713232419,0.391486546096162,1,1,58,refinement
51,8,0,0,0,-7.56061767705862,-30.6703809042284,-12.3539857571806,100,23.2642573870301,0.435597706219674,1,1,59,refinement
51,9,0,0,0,-7.56061767705862,-31.0436947022079,-12.3539857571806,100,23.2084008266771,0.512792236435818,1,1,60,refinement
52,0,0.0833101916134407,0.0833101916134407,0.0555401277422938,12.8221226911567,-29.6998672280905,-6.68261045206671,99.9166898083866,24.1691336647489,0,0,1,52,refinement
52,1,0.0277700638711469,0.0277700638711469,0.0138850319355735,-3.55566505273808,-29.6998672280905,-8.16755684547774,99.9722299361289,24.1635480087136,0.0220555800617556,0,1,53,refinement
52,2,0,0,0,-7.56061767705862,-29.6998672280905,-11.1662022582578,100,24.152376696643,0.0441111601235112,1,1,54,refinement
52,3,0,0,0,-7.56061767705862,-29.8773944979912,-12.3539857571806,100,24.1300340725018,0.0661667401852669,1,1,55,refinement
52,4,0,0,0,-7.56061767705862,-29.9464535039572,-12.3539857571806,100,24.1076914483606,0.154389060432289,1,1,56,refinement
52,5,0,0,0,-7.56061767705862,-30.235559606853,-12.3539857571806,100,24.0797631681841,0.220555800617556,1,1,57,refinement
52,6,0,0,0,-7.56061767705862,-30.3821437398649,-12.3539857571806,100,24.0574205440429,0.30326422584914,1,1,58,refinement
52,7,0,0,0,-7.56061767705862,-30.5850091628817,-12.3539857571806,100,23.9736357035134,0.391486546096162,1,1,59,refinement
52,8,0,0,0,-7.56061767705862,-30.7005436580117,-12.3539857571806,100,23.9401217673016,0.435597706219674,1,1,60,refinement
52,9,0,0,0,-7.56061767705862,-31.0448500740833,-12.3539857571806,100,23.8842652069486,0.512792236435818,1,1,61,refinement
53,0,0.0833101916134407,0.0833101916134407,0.0555401277422938,12.8221226911567,-29.6998672280905,-6.68261045206671,99.9166898083866,25.0516673183265,0,0,1,53,refinement
53,1,0.0277700638711469,0.0277700638711469,0.0138850319355735,-3.55566505273808,-29.6998672280905,-8.16755684547774,99.9722299361289,25.0460816622912,0.0220555800617556,0,1,54,refinement
53,2,0,0,0,-7.56061767705862,-29.6998672280905,-11.1662022582578,100,25.0349103502206,0.0441111601235112,1,1,55,refinement
53,3,0,0,0,-7.56061767705862,-29.8773944979912,-12.3539857571806,100,25.0125677260794,0.0661667401852669,1,1,56,refinement
53,4,0,0,0,-7.56061767705862,-29.9464535039572,-12.3539857571806,100,24.9902251019382,0.154389060432289,1,1,57,refinement
53,5,0,0,0,-7.56061767705862,-30.235559606853,-12.3539857571806,100,24.9622968217617,0.220555800617556,1,1,58,refinement
53,6,0,0,0,-7.56061767705862,-30.3821437398649,-12.3539857571806,100,24.9399541976205,0.30326422584914,1,1,59,refinement
53,7,0,0,0,-7.56061767705862,-30.5850091628817,-12.3539857571806,100,24.856169357091,0.391486546096162,1,1,60,refinement
53,8,0,0,0,-7.56061767705862,-30.7005436580117,-12.3539857571806,100,24.8226554208792,0.435597706219674,1,1,61,refinement
53,9,0,0,0,-7.56061767705862,-31.0448500740833,-12.3539857571806,100,24.7667988605262,0.512792236435818,1,1,62,refinement
54,0,0.0833101916134407,0.0833101916134407,0.0555401277422938,12.8221226911567,-29.7625591465416,-6.68261045206671,99.9166898083866,25.9230296598335,0,0,1,54,refinement
54,1,0.0277700638711469,0.0277700638711469,0.0138850319355735,-3.55566505273808,-29.7625591465416,-8.16755684547774,99.9722299361289,25.9174440037982,0.0220555800617556,0,1,55,refinement
54,2,0,0,0,-7.56061767705862,-29.7625591465416,-11.1662022582578,100,25.9062726917276,0.0441111601235112,1,1,56,refinement
54,3,0,0,0,-7.56061767705862,-29.8928708202084,-12.3539857571806,100,25.8839300675864,0.0661667401852669,1,1,57,refinement
54,4,0,0,0,-7.56061767705862,-29.957625690837,-12.3539857571806,100,25.8615874434452,0.154389060432289,1,1,58,refinement
54,5,0,0,0,-7.56061767705862,-30.2774248252094,-12.3539857571806,100,25.8336591632687,0.220555800617556,1,1,59,refinement
54,6,0,0,0,-7.56061767705862,-30.4151498768176,-12.3539857571806,100,25.8113165391275,0.30326422584914,1,1,60,refinement
54,7,0,0,0,-7.56061767705862,-30.6044319849985,-12.3539857571806,100,25.727531698598,0.391486546096162,1,1,61,refinement
54,8,0,0,0,-7.56061767705862,-30.7153128971479,-12.3539857571806,100,25.6940177623862,0.435597706219674,1,1,62,refinement
54,9,0,0,0,-7.56061767705862,-31.0448500740833,-12.3539857571806,100,25.6381612020332,0.512792236435818,1,1,63,refinement
55,0,0.0833101916134407,0.0833101916134407,0.0555401277422938,12.8221226911567,-29.7737111906796,-6.68261045206671,99.9166898083866,26.5821370719991,0,0,1,55,refinement
55,1,0.0277700638711469,0.0277700638711469,0.0138850319355735,-3.55566505273808,-29.7737111906796,-8.16755684547774,99.9722299361289,26.5765514159638,0.0220555800617556,0,1,56,refinement
55,2,0,0,0,-7.56061767705862,-29.7737111906796,-11.1662022582578,100,26.5653801038932,0.0441111601235112,1,1,57,refinement
55,3,0,0,0,-7.56061767705862,-29.8928708202084,-12.3539857571806,100,26.543037479752,0.0661667401852669,1,1,58,refinement
55,4,0,0,0,-7.56061767705862,-29.957625690837,-12.3539857571806,100,26.5206948556108,0.154389060432289,1,1,59,refinement
55,5,0,0,0,-7.56061767705862,-30.2774248252094,-12.3539857571806,100,26.4927665754343,0.220555800617556,1,1,60,refinement
55,6,0,0,0,-7.56061767705862,-30.4151498768176,-12.3539857571806,100,26.4704239512931,0.30326422584914,1,1,61,refinement
55,7,0,0,0,-7.56061767705862,-30.6044319849985,-12.3539857571806,100,26.3866391107636,0.391486546096162,1,1,62,refinement
55,8,0,0,0,-7.56061767705862,-30.7153128971479,-12.3539857571806,100,26.3531251745517,0.435597706219674,1,1,63,refinement
55,9,0,0,0,-7.56061767705862,-31.0448500740833,-12.3539857571806,100,26.2972686141987,0.512792236435818,1,1,64,refinement
56,0,0.0833101916134407,0.0833101916134407,0.0555401277422938,12.8221226911567,-29.7737111906796,-6.68261045206671,99.9166898083866,27.3976428531531,0,0,1,56,refinement
56,1,0.0277700638711469,0.0277700638711469,0.0138850319355735,-3.55566505273808,-29.7737111906796,-8.16755684547774,99.9722299361289,27.3920571971178,0.0220555800617556,0,1,57,refinement
56,2,0,0,0,-7.56061767705862,-29.7737111906796,-11.1662022582578,100,27.3808858850472,0.0441111601235112,1,1,58,refinement
56,3,0,0,0,-7.56061767705862,-29.8928708202084,-12.3539857571806,100,27.358543260906,0.0661667401852669,1,1,59,refinement
56,4,0,0,0,-7.56061767705862,-29.957625690837,-12.3539857571806,100,27.3362006367648,0.154389060432289,1,1,60,refinement
56,5,0,0,0,-7.56061767705862,-30.2774248252094,-12.3539857571806,100,27.3082723565883,0.220555800617556,1,1,61,refinement
56,6,0,0,0,-7.56061767705862,-30.4151498768176,-12.3539857571806,100,27.2859297324471,0.30326422584914,1,1,62,refinement
56,7,0,0,0,-7.56061767705862,-30.6044319849985,-12.3539857571806,100,27.2021448919176,0.391486546096162,1,1,63,refinement
56,8,0,0,0,-7.56061767705862,-30.7153128971479,-12.3539857571806,100,27.1686309557057,0.435597706219674,1,1,64,refinement
56,9,0,0,0,-7.56061767705862,-31.0448500740833,-12.3539857571806,100,27.1127743953527,0.512792236435818,1,1,65,refinement
57,0,0.0833101916134407,0.0833101916134407,0.0555401277422938,12.8221226911567,-29.7737111906796,-6.68261045206671,99.9166898083866,28.3304474110484,0,0,1,57,refinement
57,1,0.0277700638711469,0.0277700638711469,0.0138850319355735,-3.55566505273808,-29.7737111906796,-8.16755684547774,99.9722299361289,28.3248617550131,0.0220555800617556,0,1,58,refinement
57,2,0,0,0,-7.56061767705862,-29.7737111906796,-11.1662022582578,100,28.3136904429425,0.0441111601235112,1,1,59,refinement
57,3,0,0,0,-7.56061767705862,-29.8928708202084,-12.3539857571806,100,28.2913478188013,0.0661667401852669,1,1,60,refinement
57,4,0,0,0,-7.56061767705862,-29.957625690837,-12.3539857571806,100,28.2690051946601,0.154389060432289,1,1,61,refinement
57,5,0,0,0,-7.56061767705862,-30.2774248252094,-12.3539857571806,100,28.2410769144836,0.220555800617556,1,1,62,refinement
57,6,0,0,0,-7.56061767705862,-30.4151498768176,-12.3539857571806,100,28.2187342903424,0.30326422584914,1,1,63,refinement
57,7,0,0,0,-7.56061767705862,-30.6044319849985,-12.3539857571806,100,28.1349494498129,0.391486546096162,1,1,64,refinement
57,8,0,0,0,-7.56061767705862,-30.7153128971479,-12.3539857571806,100,28.1014355136011,0.435597706219674,1,1,65,refinement
57,9,0,0,0,-7.56061767705862,-31.0448500740833,-12.3539857571806,100,28.0455789532481,0.512792236435818,1,1,66,refinement
143.342071981734,0,0.0833101916134407,0.0833101916134407,0.0555401277422938,12.8221226911567,-30.4151498768176,-6.68261045206671,99.9166898083866,100,0,0,1,143.342071981734,refinement
143.342071981734,1,0.0277700638711469,0.0277700638711469,0.0138850319355735,-3.55566505273808,-30.4266389792935,-11.003962072848,99.9722299361289,99.9944143439647,0.0220555800617556,0,1,144.342071981734,refinement
143.342071981734,2,0,0,0,-9.05059051092104,-30.4266389792935,-15.1233203716945,100,99.9892967997431,0.0441111601235112,1,1,145.342071981734,refinement
143.342071981734,3,0,0,0,-13.1379514273008,-30.5850091628817,-15.5339300279736,100,99.9609004077529,0.0661667401852669,1,1,146.342071981734,refinement
143.342071981734,4,0,0,0,-18.9061488581933,-30.6703809042284,-21.1808764880525,100,99.9385577836117,0.154389060432289,1,1,147.342071981734,refinement
143.342071981734,5,0,0,0,-20.2321511448156,-30.9069992641944,-21.5053439021577,100,99.9140247178936,0.220555800617556,1,1,148.342071981734,refinement
143.342071981734,6,0,0,0,-20.5769899079596,-31.0417377498519,-21.5390830153382,100,99.892530897367,0.30326422584914,1,1,149.342071981734,refinement
143.342071981734,7,0,0,0,-21.1866642531912,-31.326266359101,-22.2956784478573,100,99.8764105319721,0.391486546096162,1,1,150.342071981734,refinement
143.342071981734,8,0,0,0,-21.1866642531912,-31.5387575036325,-22.2956784478573,100,99.8495432563138,0.435597706219674,1,1,151.342071981734,refinement
143.342071981734,9,0,0,0,-21.1866642531912,-31.7941598904131,-22.2956784478573,100,99.785061794734,0.512792236435818,1,1,152.342071981734,refinement
143.342071981734,143.342071981734,0,0,0,-2948.41956873937,-2948.41956873937,-2948.41956873937,100,0,100,1,1,286.684143963467,refinement
41.5,0,0.166620383226881,0.166620383226881,0.0694251596778673,12.8221226911567,-29.5706774313624,6.88434629097045,99.8333796167731,17.1312070602692,0,0,0,41.5,final
41.5,0.5,0.111080255484588,0.111080255484588,0.0694251596778673,11.4379128806316,-29.5706774313624,-3.35359322440815,99.8889197445154,17.1312070602692,0.0107469102632993,0,0,42,final
41.5,1,0.111080255484588,0.111080255484588,0.0277700638711469,10.5902090924059,-29.5706774313624,-3.35359322440815,99.8889197445154,17.1256214042339,0.0220555800617556,0,0,42.5,final
41.5,1.5,0.111080255484588,0.111080255484588,0,10.5902090924059,-29.5706774313624,-3.35359322440815,99.8889197445154,17.1200357481986,0.0385972651080723,0,0,43,final
41.5,2,0.111080255484588,0.111080255484588,0,10.5902090924059,-29.5706774313624,-3.40748541877238,99.8889197445154,17.1144500921633,0.0441111601235112,0,0,43.5,final
41.5,2.5,0.111080255484588,0.111080255484588,0,10.5902090924059,-29.6214828905057,-3.40748541877238,99.8889197445154,17.108864436128,0.060652845169828,0,0,44,final
41.5,3,0.111080255484588,0.111080255484588,0,10.5902090924059,-29.6998672280905,-3.40748541877238,99.8889197445154,17.0921074680221,0.0661667401852669,0,0,44.5,final
41.5,3.5,0.111080255484588,0.111080255484588,0,10.5902090924059,-29.6998672280905,-3.40748541877238,99.8889197445154,17.0865218119868,0.0992501102779003,0,0,45,final
42,0,0.166620383226881,0.166620383226881,0.0694251596778673,12.8221226911567,-29.5706774313624,6.88434629097045,99.8333796167731,17.4104898620343,0,0,0,42,final
42,0.5,0.111080255484588,0.111080255484588,0.0694251596778673,11.4379128806316,-29.5706774313624,-3.35359322440815,99.8889197445154,17.4104898620343,0.0107469102632993,0,0,42.5,final
42,1,0.111080255484588,0.111080255484588,0.0277700638711469,10.5902090924059,-29.5706774313624,-3.35359322440815,99.8889197445154,17.404904205999,0.0220555800617556,0,0,43,final
42,1.5,0.111080255484588,0.111080255484588,0,10.5902090924059,-29.5706774313624,-3.35359322440815,99.8889197445154,17.3993185499637,0.0385972651080723,0,0,43.5,final
42,2,0.111080255484588,0.111080255484588,0,10.5902090924059,-29.5706774313624,-3.40748541877238,99.8889197445154,17.3937328939284,0.0441111601235112,0,0,44,final
42,2.5,0.111080255484588,0.111080255484588,0,10.5902090924059,-29.6214828905057,-3.40748541877238,99.8889197445154,17.3881472378931,0.060652845169828,0,0,44.5,final
42,3,0.111080255484588,0.111080255484588,0,10.5902090924059,-29.6998672280905,-3.40748541877238,99.8889197445154,17.3713902697872,0.0661667401852669,0,0,45,final
42,3.5,0.111080255484588,0.111080255484588,0,10.5902090924059,-29.6998672280905,-3.40748541877238,99.8889197445154,17.3658046137519,0.0992501102779003,0,0,45.5,final
42.5,0,0.138850319355735,0.138850319355735,0.0694251596778673,12.8221226911567,-29.5706774313624,1.29789248988328,99.8611496806443,17.9411271853879,0,0,0,42.5,final
42.5,0.5,0.0833101916134407,0.0833101916134407,0.0694251596778673,11.4379128806316,-29.5706774313624,-6.68261045206671,99.9166898083866,17.9411271853879,0.0107469102632993,0,1,43,final
42.5,1,0.0833101916134407,0.0833101916134407,0.0277700638711469,7.45846654735736,-29.5706774313624,-7.07456547882734,99.9166898083866,17.9355415293526,0.0220555800617556,0,1,43.5,final
42.5,1.5,0.0833101916134407,0.0833101916134407,0,7.45846654735736,-29.5706774313624,-7.08092378860691,99.9166898083866,17.9299558733173,0.0385972651080723,0,1,44,final
42.5,2,0.0833101916134407,0.0833101916134407,0,7.45846654735736,-29.5706774313624,-7.56731299547792,99.9166898083866,17.924370217282,0.0441111601235112,0,1,44.5,final
42.5,2.5,0.0833101916134407,0.0833101916134407,0,7.45846654735736,-29.6214828905057,-7.56731299547792,99.9166898083866,17.9187845612467,0.060652845169828,0,1,45,final
42.5,3,0.0833101916134407,0.0833101916134407,0,7.45846654735736,-29.6998672280905,-7.56731299547792,99.9166898083866,17.9020275931408,0.0661667401852669,0,1,45.5,final
42.5,3.5,0.0833101916134407,0.0833101916134407,0,7.45846654735736,-29.6998672280905,-7.56731299547792,99.9166898083866,17.8964419371055,0.0992501102779003,0,1,46,final
43,0,0.138850319355735,0.138850319355735,0.0694251596778673,12.8221226911567,-29.5706774313624,1.29789248988328,99.8611496806443,18.2427526112942,0,0,0,43,final
43,0.5,0.0833101916134407,0.0833101916134407,0.0694251596778673,11.4379128806316,-29.5706774313624,-6.68261045206671,99.9166898083866,18.2427526112942,0.0107469102632993,0,1,43.5,final
43,1,0.0833101916134407,0.0833101916134407,0.0277700638711469,7.45846654735736,-29.5706774313624,-7.07456547882734,99.9166898083866,18.2371669552589,0.0220555800617556,0,1,44,final
43,1.5,0.0833101916134407,0.0833101916134407,0,7.45846654735736,-29.5706774313624,-7.08092378860691,99.9166898083866,18.2315812992236,0.0385972651080723,0,1,44.5,final
43,2,0.0833101916134407,0.0833101916134407,0,7.45846654735736,-29.5706774313624,-7.56731299547792,99.9166898083866,18.2259956431883,0.0441111601235112,0,1,45,final
43,2.5,0.0833101916134407,0.0833101916134407,0,7.45846654735736,-29.6214828905057,-7.56731299547792,99.9166898083866,18.220409987153,0.060652845169828,0,1,45.5,final
43,3,0.0833101916134407,0.0833101916134407,0,7.45846654735736,-29.6998672280905,-7.56731299547792,99.9166898083866,18.2036530190471,0.0661667401852669,0,1,46,final
43,3.5,0.0833101916134407,0.0833101916134407,0,7.45846654735736,-29.6998672280905,-7.56731299547792,99.9166898083866,18.1980673630118,0.0992501102779003,0,1,46.5,final
43.5,0,0.138850319355735,0.138850319355735,0.0694251596778673,12.8221226911567,-29.5706774313624,1.29789248988328,99.8611496806443,18.5220354130593,0,0,0,43.5,final
43.5,0.5,0.0833101916134407,0.0833101916134407,0.0694251596778673,11.4379128806316,-29.5706774313624,-6.68261045206671,99.9166898083866,18.5220354130593,0.0107469102632993,0,1,44,final
43.5,1,0.0833101916134407,0.0833101916134407,0.0277700638711469,7.45846654735736,-29.5706774313624,-7.07456547882734,99.9166898083866,18.516449757024,0.0220555800617556,0,1,44.5,final
43.5,1.5,0.0833101916134407,0.0833101916134407,0,7.45846654735736,-29.5706774313624,-7.08092378860691,99.9166898083866,18.5108641009887,0.0385972651080723,0,1,45,final
43.5,2,0.0833101916134407,0.0833101916134407,0,7.45846654735736,-29.5706774313624,-7.56731299547792,99.9166898083866,18.5052784449534,0.0441111601235112,0,1,45.5,final
43.5,2.5,0.0833101916134407,0.0833101916134407,0,7.45846654735736,-29.6214828905057,-7.56731299547792,99.9166898083866,18.4996927889181,0.060652845169828,0,1,46,final
43.5,3,0.0833101916134407,0.0833101916134407,0,7.45846654735736,-29.6998672280905,-7.56731299547792,99.9166898083866,18.4829358208122,0.0661667401852669,0,1,46.5,final
43.5,3.5,0.0833101916134407,0.0833101916134407,0,7.45846654735736,-29.6998672280905,-7.56731299547792,99.9166898083866,18.4773501647769,0.0992501102779003,0,1,47,final
44,0,0.111080255484588,0.111080255484588,0.0694251596778673,12.8221226911567,-29.5706774313624,-3.35359322440815,99.8889197445154,18.9577165838128,0,0,0,44,final
44,0.5,0.0833101916134407,0.0833101916134407,0.0555401277422938,11.4379128806316,-29.5706774313624,-6.68261045206671,99.9166898083866,18.9577165838128,0.0107469102632993,0,1,44.5,final
44,1,0.0555401277422938,0.0555401277422938,0.0277700638711469,1.77410757321027,-29.5706774313624,-7.50402242466403,99.9444598722577,18.9521309277775,0.0220555800617556,0,1,45,final
44,1.5,0.0555401277422938,0.0555401277422938,0,1.77410757321027,-29.5706774313624,-7.56731299547792,99.9444598722577,18.9465452717422,0.0385972651080723,0,1,45.5,final
44,2,0.0555401277422938,0.0555401277422938,0,1.77410757321027,-29.5706774313624,-7.69833386857042,99.9444598722577,18.9409596157069,0.0441111601235112,0,1,46,final
44,2.5,0.0555401277422938,0.0555401277422938,0,1.77410757321027,-29.6214828905057,-7.69833386857042,99.9444598722577,18.9353739596716,0.060652845169828,0,1,46.5,final
44,3,0.0555401277422938,0.0555401277422938,0,1.77410757321027,-29.6998672280905,-7.69833386857042,99.9444598722577,18.9186169915657,0.0661667401852669,0,1,47,final
44,3.5,0.0555401277422938,0.0555401277422938,0,1.77410757321027,-29.6998672280905,-7.69833386857042,99.9444598722577,18.9130313355304,0.0992501102779003,0,1,47.5,final
44.5,0,0.0833101916134407,0.0833101916134407,0.0694251596778673,12.8221226911567,-29.5706774313624,-6.68261045206671,99.9166898083866,19.2258280735072,0,0,1,44.5,final
44.5,0.5,0.0833101916134407,0.0833101916134407,0.0416550958067204,11.4379128806316,-29.5706774313624,-6.68261045206671,99.9166898083866,19.2258280735072,0.0107469102632993,0,1,45,final
44.5,1,0.0277700638711469,0.0277700638711469,0.0277700638711469,-2.9408932518254,-29.5706774313624,-7.56731299547792,99.9722299361289,19.2202424174719,0.0220555800617556,0,1,45.5,final
44.5,1.5,0.0277700638711469,0.0277700638711469,0,-2.9408932518254,-29.5706774313624,-7.69833386857042,99.9722299361289,19.2146567614366,0.0385972651080723,0,1,46,final
44.5,2,0.0277700638711469,0.0277700638711469,0,-2.9408932518254,-29.5706774313624,-8.61720562439138,99.9722299361289,19.2090711054013,0.0441111601235112,0,1,46.5,final
44.5,2.5,0.0277700638711469,0.0277700638711469,0,-2.9408932518254,-29.6214828905057,-8.61894551617822,99.9722299361289,19.203485449366,0.060652845169828,0,1,47,final
44.5,3,0.0277700638711469,0.0277700638711469,0,-2.9408932518254,-29.6998672280905,-8.63075230275137,99.9722299361289,19.1867284812601,0.0661667401852669,0,1,47.5,final
44.5,3.5,0.0277700638711469,0.0277700638711469,0,-2.9408932518254,-29.6998672280905,-8.63075230275137,99.9722299361289,19.1811428252248,0.0992501102779003,0,1,48,final
45,0,0.0833101916134407,0.0833101916134407,0.0694251596778673,12.8221226911567,-29.5706774313624,-6.68261045206671,99.9166898083866,19.5274534994135,0,0,1,45,final
45,0.5,0.0833101916134407,0.0833101916134407,0.0416550958067204,11.4379128806316,-29.5706774313624,-6.68261045206671,99.9166898083866,19.5274534994135,0.0107469102632993,0,1,45.5,final
45,1,0.0277700638711469,0.0277700638711469,0.0277700638711469,-2.9408932518254,-29.5706774313624,-7.56731299547792,99.9722299361289,19.5218678433782,0.0220555800617556,0,1,46,final
45,1.5,0.0277700638711469,0.0277700638711469,0,-2.9408932518254,-29.5706774313624,-7.69833386857042,99.9722299361289,19.5162821873429,0.0385972651080723,0,1,46.5,final
45,2,0.0277700638711469,0.0277700638711469,0,-2.9408932518254,-29.5706774313624,-8.61720562439138,99.9722299361289,19.5106965313076,0.0441111601235112,0,1,47,final
45,2.5,0.0277700638711469,0.0277700638711469,0,-2.9408932518254,-29.6214828905057,-8.61894551617822,99.9722299361289,19.5051108752723,0.060652845169828,0,1,47.5,final
45,3,0.0277700638711469,0.0277700638711469,0,-2.9408932518254,-29.6998672280905,-8.63075230275137,99.9722299361289,19.4883539071664,0.0661667401852669,0,1,48,final
45,3.5,0.0277700638711469,0.0277700638711469,0,-2.9408932518254,-29.6998672280905,-8.63075230275137,99.9722299361289,19.4827682511311,0.0992501102779003,0,1,48.5,final
45.5,0,0.0833101916134407,0.0833101916134407,0.0555401277422938,12.8221226911567,-29.5706774313624,-6.68261045206671,99.9166898083866,19.8402502373904,0,0,1,45.5,final
45.5,0.5,0.0833101916134407,0.0833101916134407,0.0277700638711469,11.4379128806316,-29.5706774313624,-6.68261045206671,99.9166898083866,19.8402502373904,0.0107469102632993,0,1,46,final
45.5,1,0.0277700638711469,0.0277700638711469,0.0138850319355735,-3.55566505273808,-29.5706774313624,-7.67962377675557,99.9722299361289,19.8346645813551,0.0220555800617556,0,1,46.5,final
45.5,1.5,0,0,0,-7.02703159424269,-29.5706774313624,-8.61720562439138,100,19.8290789253198,0.0385972651080723,1,1,47,final
45.5,2,0,0,0,-7.56061767705862,-29.5706774313624,-11.1389087121165,100,19.8234932692845,0.0441111601235112,1,1,47.5,final
45.5,2.5,0,0,0,-7.56061767705862,-29.6214828905057,-11.1662022582578,100,19.8179076132492,0.060652845169828,1,1,48,final
45.5,3,0,0,0,-7.56061767705862,-29.6998672280905,-11.3253476547762,100,19.8011506451433,0.0661667401852669,1,1,48.5,final
45.5,3.5,0,0,0,-7.56061767705862,-29.6998672280905,-11.3253476547762,100,19.795564989108,0.0992501102779003,1,1,49,final
46,0,0.0833101916134407,0.0833101916134407,0.0555401277422938,12.8221226911567,-29.5706774313624,-6.68261045206671,99.9166898083866,20.1865609115791,0,0,1,46,final
46,0.5,0.0833101916134407,0.0833101916134407,0.0277700638711469,11.4379128806316,-29.5706774313624,-6.68261045206671,99.9166898083866,20.1865609115791,0.0107469102632993,0,1,46.5,final
46,1,0.0277700638711469,0.0277700638711469,0.0138850319355735,-3.55566505273808,-29.5706774313624,-7.67962377675557,99.9722299361289,20.1809752555438,0.0220555800617556,0,1,47,final
46,1.5,0,0,0,-7.02703159424269,-29.5706774313624,-8.61720562439138,100,20.1753895995085,0.0385972651080723,1,1,47.5,final
46,2,0,0,0,-7.56061767705862,-29.5706774313624,-11.1389087121165,100,20.1698039434732,0.0441111601235112,1,1,48,final
46,2.5,0,0,0,-7.56061767705862,-29.6214828905057,-11.1662022582578,100,20.1642182874379,0.060652845169828,1,1,48.5,final
46,3,0,0,0,-7.56061767705862,-29.6998672280905,-11.3253476547762,100,20.147461319332,0.0661667401852669,1,1,49,final
46,3.5,0,0,0,-7.56061767705862,-29.6998672280905,-11.3253476547762,100,20.1418756632967,0.0992501102779003,1,1,49.5,final
46.5,0,0.0833101916134407,0.0833101916134407,0.0555401277422938,12.8221226911567,-29.5706774313624,-6.68261045206671,99.9166898083866,20.5105289616265,0,0,1,46.5,final
46.5,0.5,0.0833101916134407,0.0833101916134407,0.0277700638711469,11.4379128806316,-29.5706774313624,-6.68261045206671,99.9166898083866,20.5105289616265,0.0107469102632993,0,1,47,final
46.5,1,0.0277700638711469,0.0277700638711469,0.0138850319355735,-3.55566505273808,-29.5706774313624,-8.16755684547774,99.9722299361289,20.5049433055912,0.0220555800617556,0,1,47.5,final
46.5,1.5,0,0,0,-7.02703159424269,-29.5706774313624,-11.1389087121165,100,20.4993576495559,0.0385972651080723,1,1,48,final
46.5,2,0,0,0,-7.56061767705862,-29.5706774313624,-11.1662022582578,100,20.4937719935206,0.0441111601235112,1,1,48.5,final
46.5,2.5,0,0,0,-7.56061767705862,-29.6214828905057,-11.3253476547762,100,20.4881863374853,0.060652845169828,1,1,49,final
46.5,3,0,0,0,-7.56061767705862,-29.6998672280905,-11.8588415793228,100,20.4714293693794,0.0661667401852669,1,1,49.5,final
46.5,3.5,0,0,0,-7.56061767705862,-29.6998672280905,-11.8588415793228,100,20.4658437133441,0.0992501102779003,1,1,50,final
47,0,0.0833101916134407,0.0833101916134407,0.0555401277422938,12.8221226911567,-29.5706774313624,-6.68261045206671,99.9166898083866,20.9238675082388,0,0,1,47,final
47,0.5,0.0833101916134407,0.0833101916134407,0.0277700638711469,11.4379128806316,-29.5706774313624,-6.68261045206671,99.9166898083866,20.9238675082388,0.0107469102632993,0,1,47.5,final
47,1,0.0277700638711469,0.0277700638711469,0.0138850319355735,-3.55566505273808,-29.5706774313624,-8.16755684547774,99.9722299361289,20.9182818522035,0.0220555800617556,0,1,48,final
47,1.5,0,0,0,-7.02703159424269,-29.5706774313624,-11.1389087121165,100,20.9126961961682,0.0385972651080723,1,1,48.5,final
47,2,0,0,0,-7.56061767705862,-29.5706774313624,-11.1662022582578,100,20.9071105401329,0.0441111601235112,1,1,49,final
47,2.5,0,0,0,-7.56061767705862,-29.6214828905057,-11.3253476547762,100,20.9015248840976,0.060652845169828,1,1,49.5,final
47,3,0,0,0,-7.56061767705862,-29.6998672280905,-11.8588415793228,100,20.8847679159917,0.0661667401852669,1,1,50,final
47,3.5,0,0,0,-7.56061767705862,-29.6998672280905,-11.8588415793228,100,20.8791822599564,0.0992501102779003,1,1,50.5,final
47.5,0,0.0833101916134407,0.0833101916134407,0.0555401277422938,12.8221226911567,-29.5706774313624,-6.68261045206671,99.9166898083866,21.1808076858627,0,0,1,47.5,final
47.5,0.5,0.0833101916134407,0.0833101916134407,0.0277700638711469,11.4379128806316,-29.5706774313624,-6.68261045206671,99.9166898083866,21.1808076858627,0.0107469102632993,0,1,48,final
47.5,1,0.0277700638711469,0.0277700638711469,0.0138850319355735,-3.55566505273808,-29.5706774313624,-8.16755684547774,99.9722299361289,21.1752220298274,0.0220555800617556,0,1,48.5,final
47.5,1.5,0,0,0,-7.02703159424269,-29.5706774313624,-11.1389087121165,100,21.1696363737921,0.0385972651080723,1,1,49,final
47.5,2,0,0,0,-7.56061767705862,-29.5706774313624,-11.1662022582578,100,21.1640507177568,0.0441111601235112,1,1,49.5,final
47.5,2.5,0,0,0,-7.56061767705862,-29.6214828905057,-11.3777136366453,100,21.1584650617215,0.060652845169828,1,1,50,final
47.5,3,0,0,0,-7.56061767705862,-29.6998672280905,-12.3539857571806,100,21.1417080936156,0.0661667401852669,1,1,50.5,final
47.5,3.5,0,0,0,-7.56061767705862,-29.6998672280905,-12.3539857571806,100,21.1361224375803,0.0992501102779003,1,1,51,final
143.342071981734,0,0.0833101916134407,0.0833101916134407,0.0555401277422938,12.8221226911567,-30.4151498768176,-6.68261045206671,99.9166898083866,100,0,0,1,143.342071981734,final
143.342071981734,0.5,0.0833101916134407,0.0833101916134407,0.0277700638711469,11.4379128806316,-30.4266389792935,-6.68261045206671,99.9166898083866,100,0.0107469102632993,0,1,143.842071981734,final
143.342071981734,1,0.0277700638711469,0.0277700638711469,0.0138850319355735,-3.55566505273808,-30.4266389792935,-11.003962072848,99.9722299361289,99.9944143439647,0.0220555800617556,0,1,144.342071981734,final
143.342071981734,1.5,0,0,0,-7.02703159424269,-30.4266389792935,-13.7454838757583,100,99.9892967997431,0.0385972651080723,1,1,144.842071981734,final
143.342071981734,2,0,0,0,-9.05059051092104,-30.4266389792935,-15.1233203716945,100,99.9892967997431,0.0441111601235112,1,1,145.342071981734,final
143.342071981734,2.5,0,0,0,-11.1543954716846,-30.537899528142,-15.5339300279736,100,99.9776573758588,0.060652845169828,1,1,145.842071981734,final
143.342071981734,3,0,0,0,-13.1379514273008,-30.5850091628817,-15.5339300279736,100,99.9609004077529,0.0661667401852669,1,1,146.342071981734,final
143.342071981734,3.5,0,0,0,-15.1054819640337,-30.5850091628817,-19.0400750891417,100,99.9571871989725,0.0992501102779003,1,1,146.842071981734,final
143.342071981734,143.342071981734,0,0,0,-2948.41956873937,-2948.41956873937,-2948.41956873937,100,0,100,1,1,286.684143963467,final
