Time,AggregateInterferenceDbm,IOverNDb,DominantSatelliteIndex,VisibleSatelliteCount,EligibleCandidateCount,CandidateSatelliteCount,EffectiveContributorCount,PracticalSelectedIOverNDb
01-Aug-2026 00:00:00,-159.268260791533,-31.1612738450175,0,25,25,25,6,-31.1612738450175
01-Aug-2026 00:00:02,-159.770681331281,-31.6636943847651,0,25,25,25,5,-31.6636943847651
01-Aug-2026 00:00:04,-159.770010284736,-31.6630233382198,0,25,25,25,4,-31.6630233382198
01-Aug-2026 00:00:06,-176.648118805344,-48.5411318588278,0,25,25,25,4,-48.5411318588278
01-Aug-2026 00:00:08,-190.435748238966,-62.3287612924497,0,25,25,25,3,-62.3287612924497
01-Aug-2026 00:00:10,-190.838778371574,-62.7317914250586,0,25,25,25,2,-62.7317914250586
01-Aug-2026 00:00:12,-187.253003514621,-59.1460165681053,0,25,25,25,3,-59.1460165681053
01-Aug-2026 00:00:14,-186.645784582492,-58.538797635976,0,25,25,25,4,-58.538797635976
01-Aug-2026 00:00:16,-186.129719392907,-58.0227324463912,0,25,25,25,5,-58.0227324463912
01-Aug-2026 00:00:18,-185.888899809718,-57.7819128632024,0,25,25,25,5,-57.7819128632024
01-Aug-2026 00:00:20,-187.168933812108,-59.0619468655923,0,25,25,25,3,-59.0619468655923
01-Aug-2026 00:00:22,-187.355250860769,-59.2482639142533,0,25,25,25,3,-59.2482639142533
01-Aug-2026 00:00:24,-183.642330006356,-55.5353430598403,0,26,26,26,4,-55.5353430598403
01-Aug-2026 00:00:26,-184.321089370001,-56.214102423485,0,26,26,26,3,-56.214102423485
01-Aug-2026 00:00:28,-184.292022048241,-56.1850351017254,0,26,26,26,3,-56.1850351017254
01-Aug-2026 00:00:30,-183.020437190545,-54.9134502440294,0,26,26,26,4,-54.9134502440294
01-Aug-2026 00:00:32,-183.095778841935,-54.9887918954192,0,26,26,26,4,-54.9887918954192
01-Aug-2026 00:00:34,-184.437751142802,-56.330764196286,0,26,26,26,3,-56.330764196286
01-Aug-2026 00:00:36,-187.304160504492,-59.1971735579758,0,26,26,26,2,-59.1971735579758
01-Aug-2026 00:00:38,-186.987764330128,-58.8807773836118,0,26,26,26,2,-58.8807773836118
01-Aug-2026 00:00:40,-187.043361527742,-58.9363745812261,0,26,26,26,2,-58.9363745812261
01-Aug-2026 00:00:42,-187.228613046431,-59.1216260999151,0,26,26,26,2,-59.1216260999151
01-Aug-2026 00:00:44,-197.677704446177,-69.5707174996606,0,26,26,26,1,-69.5707174996606
01-Aug-2026 00:00:46,-177.508111682677,-49.401124736161,0,25,25,25,2,-49.401124736161
01-Aug-2026 00:00:48,-179.059868141814,-50.9528811952977,0,25,25,25,2,-50.9528811952977
01-Aug-2026 00:00:50,-179.215649839705,-51.1086628931895,0,25,25,25,2,-51.1086628931895
01-Aug-2026 00:00:52,-179.763648822833,-51.6566618763167,0,25,25,25,1,-51.6566618763167
01-Aug-2026 00:00:54,-179.871669153815,-51.7646822072991,0,25,25,25,1,-51.7646822072991
01-Aug-2026 00:00:56,-179.574065559882,-51.467078613366,0,25,25,25,3,-51.467078613366
01-Aug-2026 00:00:58,-178.901570460761,-50.7945835142452,0,25,25,25,3,-50.7945835142452
01-Aug-2026 00:01:00,-179.028558828295,-50.9215718817792,0,25,25,25,3,-50.9215718817792
01-Aug-2026 00:01:02,-177.646306751043,-49.5393198045269,0,25,25,25,4,-49.5393198045269
01-Aug-2026 00:01:04,-177.300036492404,-49.1930495458884,0,25,25,25,4,-49.1930495458884
01-Aug-2026 00:01:06,-164.325525264271,-36.2185383177553,0,26,26,26,6,-36.2185383177553
01-Aug-2026 00:01:08,-165.025589744265,-36.9186027977496,0,26,26,26,6,-36.9186027977496
01-Aug-2026 00:01:10,-165.114767153635,-37.0077802071187,0,26,26,26,6,-37.0077802071187
01-Aug-2026 00:01:12,-165.503366798043,-37.3963798515274,0,25,25,25,6,-37.3963798515274
01-Aug-2026 00:01:14,-165.683396499169,-37.5764095526534,0,25,25,25,6,-37.5764095526534
01-Aug-2026 00:01:16,-166.360635171564,-38.2536482250479,0,25,25,25,5,-38.2536482250479
01-Aug-2026 00:01:18,-167.325988692318,-39.2190017458021,0,25,25,25,5,-39.2190017458021
01-Aug-2026 00:01:20,-187.077007382916,-58.9700204364003,0,25,25,25,4,-58.9700204364003
01-Aug-2026 00:01:22,-187.05446186689,-58.9474749203745,0,25,25,25,4,-58.9474749203745
01-Aug-2026 00:01:24,-173.060155795315,-44.9531688487991,0,25,25,25,5,-44.9531688487991
01-Aug-2026 00:01:26,-172.857761259085,-44.750774312569,0,24,24,24,5,-44.750774312569
01-Aug-2026 00:01:28,-172.514893223172,-44.407906276656,0,24,24,24,5,-44.407906276656
01-Aug-2026 00:01:30,-172.487732010917,-44.3807450644012,0,24,24,24,5,-44.3807450644012
01-Aug-2026 00:01:32,-172.270854770791,-44.1638678242753,0,24,24,24,4,-44.1638678242753
01-Aug-2026 00:01:34,-172.215276110467,-44.108289163951,0,24,24,24,6,-44.108289163951
01-Aug-2026 00:01:36,-171.967694122425,-43.8607071759095,0,25,25,25,6,-43.8607071759095
01-Aug-2026 00:01:38,-183.803630169063,-55.6966432225472,0,25,25,25,5,-55.6966432225472
01-Aug-2026 00:01:40,-183.685435663856,-55.5784487173405,0,25,25,25,5,-55.5784487173405
01-Aug-2026 00:01:42,-183.774253358499,-55.6672664119831,0,24,24,24,5,-55.6672664119831
01-Aug-2026 00:01:44,-184.033077331569,-55.9260903850531,0,24,24,24,5,-55.9260903850531
01-Aug-2026 00:01:46,-183.697985942405,-55.5909989958895,0,24,24,24,5,-55.5909989958895
01-Aug-2026 00:01:48,-183.370881480913,-55.263894534397,0,24,24,24,5,-55.263894534397
01-Aug-2026 00:01:50,-186.764779391705,-58.6577924451888,0,24,24,24,3,-58.6577924451888
01-Aug-2026 00:01:52,-186.784858338952,-58.6778713924361,0,24,24,24,3,-58.6778713924361
01-Aug-2026 00:01:54,-186.792357858392,-58.6853709118763,0,24,24,24,3,-58.6853709118763
01-Aug-2026 00:01:56,-186.838005325933,-58.7310183794176,0,24,24,24,3,-58.7310183794176
01-Aug-2026 00:01:58,-186.547679154425,-58.4406922079091,0,23,23,23,4,-58.4406922079091
01-Aug-2026 00:02:00,-186.467782325743,-58.3607953792272,0,23,23,23,4,-58.3607953792272
01-Aug-2026 00:02:02,-186.397115817889,-58.2901288713731,0,23,23,23,4,-58.2901288713731
01-Aug-2026 00:02:04,-186.215505442183,-58.1085184956674,0,23,23,23,4,-58.1085184956674
01-Aug-2026 00:02:06,-186.312654968017,-58.2056680215013,0,23,23,23,4,-58.2056680215013
01-Aug-2026 00:02:08,-190.139511396772,-62.0325244502559,0,23,23,23,3,-62.0325244502559
01-Aug-2026 00:02:10,-189.463485428839,-61.3564984823234,0,23,23,23,4,-61.3564984823234
01-Aug-2026 00:02:12,-189.651925624277,-61.5449386777607,0,23,23,23,4,-61.5449386777607
01-Aug-2026 00:02:14,-189.726731587665,-61.6197446411491,0,23,23,23,4,-61.6197446411491
01-Aug-2026 00:02:16,-190.360815706187,-62.2538287596707,0,23,23,23,4,-62.2538287596707
01-Aug-2026 00:02:18,-190.001196931276,-61.8942099847601,0,24,24,24,4,-61.8942099847601
01-Aug-2026 00:02:20,-190.077370315274,-61.9703833687581,0,24,24,24,4,-61.9703833687581
01-Aug-2026 00:02:22,-171.607495177803,-43.5005082312873,0,25,25,25,5,-43.5005082312873
01-Aug-2026 00:02:24,-171.470236823455,-43.3632498769387,0,25,25,25,4,-43.3632498769387
01-Aug-2026 00:02:26,-170.793476274412,-42.686489327896,0,25,25,25,4,-42.686489327896
01-Aug-2026 00:02:28,-170.162746243637,-42.055759297121,0,25,25,25,4,-42.055759297121
01-Aug-2026 00:02:30,-171.151383763264,-43.0443968167484,0,25,25,25,3,-43.0443968167484
01-Aug-2026 00:02:32,-169.880004955971,-41.7730180094552,0,25,25,25,3,-41.7730180094552
01-Aug-2026 00:02:34,-168.823538758477,-40.7165518119609,0,25,25,25,3,-40.7165518119609
01-Aug-2026 00:02:36,-167.50636296653,-39.3993760200143,0,25,25,25,3,-39.3993760200143
01-Aug-2026 00:02:38,-167.492531145792,-39.385544199276,0,25,25,25,4,-39.385544199276
01-Aug-2026 00:02:40,-166.856793896415,-38.7498069498992,0,25,25,25,5,-38.7498069498992
01-Aug-2026 00:02:42,-165.766702643158,-37.6597156966421,0,25,25,25,5,-37.6597156966421
01-Aug-2026 00:02:44,-165.961854792248,-37.8548678457317,0,25,25,25,5,-37.8548678457317
01-Aug-2026 00:02:46,-165.46174939081,-37.354762444294,0,25,25,25,6,-37.354762444294
01-Aug-2026 00:02:48,-165.550145721455,-37.4431587749394,0,25,25,25,6,-37.4431587749394
01-Aug-2026 00:02:50,-186.004345629239,-57.8973586827236,0,25,25,25,6,-57.8973586827236
01-Aug-2026 00:02:52,-185.834621569369,-57.7276346228533,0,25,25,25,7,-57.7276346228533
01-Aug-2026 00:02:54,-187.526943129152,-59.4199561826365,0,25,25,25,6,-59.4199561826365
01-Aug-2026 00:02:56,-187.242442125138,-59.1354551786226,0,25,25,25,7,-59.1354551786226
01-Aug-2026 00:02:58,-186.914835341302,-58.8078483947858,0,25,25,25,8,-58.8078483947858
01-Aug-2026 00:03:00,-188.094913804348,-59.9879268578326,0,25,25,25,7,-59.9879268578326
01-Aug-2026 00:03:02,-188.793241653003,-60.6862547064868,0,26,26,26,6,-60.6862547064868
01-Aug-2026 00:03:04,-187.833502695133,-59.7265157486168,0,26,26,26,7,-59.7265157486168
01-Aug-2026 00:03:06,-188.211809386286,-60.1048224397699,0,26,26,26,6,-60.1048224397699
01-Aug-2026 00:03:08,-188.440456273689,-60.3334693271733,0,26,26,26,5,-60.3334693271733
01-Aug-2026 00:03:10,-188.419662473648,-60.3126755271326,0,26,26,26,5,-60.3126755271326
01-Aug-2026 00:03:12,-188.463341297083,-60.3563543505668,0,26,26,26,5,-60.3563543505668
01-Aug-2026 00:03:14,-188.442997955236,-60.3360110087204,0,26,26,26,5,-60.3360110087204
01-Aug-2026 00:03:16,-188.498445503352,-60.3914585568363,0,27,27,27,5,-60.3914585568363
01-Aug-2026 00:03:18,-188.730192493082,-60.6232055465659,0,28,28,28,5,-60.6232055465659
01-Aug-2026 00:03:20,-187.782974356956,-59.6759874104397,0,28,28,28,5,-59.6759874104397
01-Aug-2026 00:03:22,-188.359253544186,-60.2522665976697,0,27,27,27,4,-60.2522665976697
01-Aug-2026 00:03:24,-188.625657052932,-60.5186701064165,0,26,26,26,3,-60.5186701064165
01-Aug-2026 00:03:26,-188.891640155154,-60.7846532086379,0,26,26,26,3,-60.7846532086379
01-Aug-2026 00:03:28,-187.572897447133,-59.4659105006173,0,26,26,26,3,-59.4659105006173
01-Aug-2026 00:03:30,-186.706935779472,-58.599948832956,0,26,26,26,3,-58.599948832956
01-Aug-2026 00:03:32,-162.166905895068,-34.0599189485525,0,26,26,26,4,-34.0599189485525
01-Aug-2026 00:03:34,-162.169878222553,-34.0628912760374,0,26,26,26,4,-34.0628912760374
01-Aug-2026 00:03:36,-161.824457447069,-33.717470500553,0,26,26,26,5,-33.717470500553
01-Aug-2026 00:03:38,-161.025290952638,-32.9183040061222,0,26,26,26,6,-32.9183040061222
01-Aug-2026 00:03:40,-160.302933105384,-32.1959461588682,0,25,25,25,4,-32.1959461588682
01-Aug-2026 00:03:42,-159.579183662512,-31.4721967159962,0,25,25,25,4,-31.4721967159962
01-Aug-2026 00:03:44,-159.399832115281,-31.2928451687647,0,25,25,25,4,-31.2928451687647
01-Aug-2026 00:03:46,-157.332187878229,-29.2252009317134,0,25,25,25,4,-29.2252009317134
01-Aug-2026 00:03:48,-155.976024150364,-27.8690372038484,0,25,25,25,4,-27.8690372038484
01-Aug-2026 00:03:50,-154.062393872798,-25.9554069262819,0,25,25,25,3,-25.9554069262819
01-Aug-2026 00:03:52,-152.941518129465,-24.8345311829492,0,25,25,25,3,-24.8345311829492
01-Aug-2026 00:03:54,-150.315277558542,-22.2082906120261,0,25,25,25,3,-22.2082906120261
01-Aug-2026 00:03:56,-147.907348420103,-19.8003614735875,0,25,25,25,3,-19.8003614735875
01-Aug-2026 00:03:58,-144.398899828365,-16.2919128818488,0,24,24,24,3,-16.2919128818488
01-Aug-2026 00:04:00,-140.869639249078,-12.7626523025621,0,25,25,25,2,-12.7626523025621
01-Aug-2026 00:04:02,-139.65118845515,-11.5442015086342,0,26,26,26,2,-11.5442015086342
01-Aug-2026 00:04:04,-140.187386467491,-12.0803995209752,0,26,26,26,2,-12.0803995209752
01-Aug-2026 00:04:06,-192.462415937873,-64.3554289913573,0,26,26,26,2,-64.3554289913573
01-Aug-2026 00:04:08,-192.458046021962,-64.3510590754464,0,26,26,26,2,-64.3510590754464
01-Aug-2026 00:04:10,-192.670277900831,-64.5632909543147,0,26,26,26,2,-64.5632909543147
01-Aug-2026 00:04:12,-186.664624163644,-58.5576372171286,0,26,26,26,4,-58.5576372171286
01-Aug-2026 00:04:14,-186.447088860398,-58.3401019138817,0,26,26,26,3,-58.3401019138817
01-Aug-2026 00:04:16,-186.142239653696,-58.0352527071799,0,26,26,26,3,-58.0352527071799
01-Aug-2026 00:04:18,-189.750559176839,-61.6435722303236,0,26,26,26,2,-61.6435722303236
01-Aug-2026 00:04:20,-189.543940253946,-61.43695330743,0,26,26,26,2,-61.43695330743
01-Aug-2026 00:04:22,-189.021654069913,-60.9146671233975,0,26,26,26,3,-60.9146671233975
01-Aug-2026 00:04:24,-188.573983009285,-60.4669960627695,0,26,26,26,3,-60.4669960627695
01-Aug-2026 00:04:26,-188.876732971581,-60.7697460250653,0,26,26,26,3,-60.7697460250653
01-Aug-2026 00:04:28,-188.798379133925,-60.6913921874092,0,26,26,26,3,-60.6913921874092
01-Aug-2026 00:04:30,-188.668760401889,-60.5617734553736,0,25,25,25,3,-60.5617734553736
01-Aug-2026 00:04:32,-170.552995067707,-42.4460081211912,0,25,25,25,3,-42.4460081211912
01-Aug-2026 00:04:34,-170.201863614534,-42.0948766680185,0,25,25,25,3,-42.0948766680185
01-Aug-2026 00:04:36,-170.416869497384,-42.3098825508679,0,25,25,25,3,-42.3098825508679
01-Aug-2026 00:04:38,-169.504435773348,-41.3974488268319,0,25,25,25,3,-41.3974488268319
01-Aug-2026 00:04:40,-190.038448212577,-61.9314612660613,0,25,25,25,2,-61.9314612660613
01-Aug-2026 00:04:42,-188.387405572915,-60.2804186263989,0,25,25,25,3,-60.2804186263989
01-Aug-2026 00:04:44,-188.199746460712,-60.092759514196,0,25,25,25,3,-60.092759514196
01-Aug-2026 00:04:46,-186.871508209261,-58.7645212627448,0,25,25,25,4,-58.7645212627448
01-Aug-2026 00:04:48,-187.209772660948,-59.1027857144326,0,25,25,25,4,-59.1027857144326
01-Aug-2026 00:04:50,-186.859692522547,-58.7527055760307,0,25,25,25,4,-58.7527055760307
01-Aug-2026 00:04:52,-182.75502017796,-54.6480332314443,0,25,25,25,5,-54.6480332314443
01-Aug-2026 00:04:54,-180.556446246536,-52.4494593000198,0,25,25,25,6,-52.4494593000198
01-Aug-2026 00:04:56,-180.286979397367,-52.179992450851,0,25,25,25,6,-52.179992450851
01-Aug-2026 00:04:58,-180.017076877646,-51.91008993113,0,25,25,25,8,-51.91008993113
01-Aug-2026 00:05:00,-180.003041828094,-51.8960548815783,0,25,25,25,9,-51.8960548815783
01-Aug-2026 00:05:02,-181.907865270596,-53.8008783240799,0,25,25,25,8,-53.8008783240799
01-Aug-2026 00:05:04,-181.615296345209,-53.5083093986929,0,25,25,25,8,-53.5083093986929
01-Aug-2026 00:05:06,-181.44691063625,-53.3399236897341,0,25,25,25,7,-53.3399236897341
01-Aug-2026 00:05:08,-181.242655076822,-53.1356681303065,0,25,25,25,6,-53.1356681303065
01-Aug-2026 00:05:10,-180.859684088871,-52.7526971423553,0,25,25,25,6,-52.7526971423553
01-Aug-2026 00:05:12,-180.633435839947,-52.5264488934309,0,25,25,25,7,-52.5264488934309
01-Aug-2026 00:05:14,-180.332139811797,-52.2251528652807,0,25,25,25,7,-52.2251528652807
01-Aug-2026 00:05:16,-185.269624680846,-57.1626377343297,0,25,25,25,6,-57.1626377343297
01-Aug-2026 00:05:18,-185.704901006613,-57.5979140600973,0,24,24,24,7,-57.5979140600973
01-Aug-2026 00:05:20,-185.700492487493,-57.5935055409767,0,23,23,23,7,-57.5935055409767
01-Aug-2026 00:05:22,-182.625235372226,-54.5182484257102,0,23,23,23,7,-54.5182484257102
01-Aug-2026 00:05:24,-183.016209494598,-54.9092225480818,0,24,24,24,8,-54.9092225480818
01-Aug-2026 00:05:26,-186.479872415255,-58.3728854687396,0,25,25,25,7,-58.3728854687396
01-Aug-2026 00:05:28,-186.315083456626,-58.2080965101104,0,25,25,25,6,-58.2080965101104
01-Aug-2026 00:05:30,-185.866978983645,-57.7599920371291,0,25,25,25,6,-57.7599920371291
01-Aug-2026 00:05:32,-186.777833087381,-58.6708461408651,0,25,25,25,5,-58.6708461408651
01-Aug-2026 00:05:34,-186.628627009761,-58.5216400632456,0,24,24,24,5,-58.5216400632456
01-Aug-2026 00:05:36,-185.9290200314,-57.8220330848845,0,24,24,24,5,-57.8220330848845
01-Aug-2026 00:05:38,-185.662701380891,-57.5557144343753,0,24,24,24,4,-57.5557144343753
01-Aug-2026 00:05:40,-185.539785545465,-57.4327985989491,0,24,24,24,4,-57.4327985989491
01-Aug-2026 00:05:42,-185.700868799195,-57.5938818526794,0,24,24,24,4,-57.5938818526794
01-Aug-2026 00:05:44,-182.601541235243,-54.4945542887267,0,24,24,24,5,-54.4945542887267
01-Aug-2026 00:05:46,-183.428516456958,-55.3215295104422,0,23,23,23,3,-55.3215295104422
01-Aug-2026 00:05:48,-183.581507782857,-55.474520836341,0,23,23,23,3,-55.474520836341
01-Aug-2026 00:05:50,-183.778196438631,-55.6712094921156,0,23,23,23,3,-55.6712094921156
01-Aug-2026 00:05:52,-183.557757745194,-55.4507707986784,0,23,23,23,3,-55.4507707986784
01-Aug-2026 00:05:54,-183.60524237678,-55.4982554302639,0,23,23,23,3,-55.4982554302639
01-Aug-2026 00:05:56,-183.582883149508,-55.4758962029919,0,23,23,23,2,-55.4758962029919
01-Aug-2026 00:05:58,-183.498215559204,-55.391228612688,0,23,23,23,3,-55.391228612688
01-Aug-2026 00:06:00,-162.162725768146,-34.0557388216303,0,23,23,23,4,-34.0557388216303
01-Aug-2026 00:06:02,-162.432412445286,-34.3254254987702,0,23,23,23,3,-34.3254254987702
01-Aug-2026 00:06:04,-161.27883712045,-33.1718501739344,0,23,23,23,3,-33.1718501739344
01-Aug-2026 00:06:06,-161.19390971175,-33.0869227652339,0,24,24,24,3,-33.0869227652339
01-Aug-2026 00:06:08,-187.233576383251,-59.1265894367351,0,25,25,25,1,-59.1265894367351
01-Aug-2026 00:06:10,-187.908309214877,-59.8013222683614,0,25,25,25,1,-59.8013222683614
01-Aug-2026 00:06:12,-184.370789233133,-56.2638022866168,0,26,26,26,3,-56.2638022866168
01-Aug-2026 00:06:14,-184.414679562021,-56.3076926155047,0,26,26,26,2,-56.3076926155047
01-Aug-2026 00:06:16,-184.141918254255,-56.0349313077392,0,26,26,26,3,-56.0349313077392
01-Aug-2026 00:06:18,-184.304610908619,-56.1976239621028,0,26,26,26,2,-56.1976239621028
01-Aug-2026 00:06:20,-184.449697854504,-56.3427109079877,0,26,26,26,2,-56.3427109079877
01-Aug-2026 00:06:22,-183.562195922013,-55.4552089754968,0,26,26,26,3,-55.4552089754968
01-Aug-2026 00:06:24,-183.440362401085,-55.3333754545692,0,26,26,26,4,-55.3333754545692
01-Aug-2026 00:06:26,-172.293541077014,-44.1865541304978,0,26,26,26,4,-44.1865541304978
01-Aug-2026 00:06:28,-172.430298649301,-44.3233117027856,0,26,26,26,4,-44.3233117027856
01-Aug-2026 00:06:30,-171.987742136373,-43.8807551898575,0,26,26,26,5,-43.8807551898575
01-Aug-2026 00:06:32,-172.213799422183,-44.1068124756673,0,26,26,26,5,-44.1068124756673
01-Aug-2026 00:06:34,-171.522810329398,-43.4158233828822,0,26,26,26,5,-43.4158233828822
01-Aug-2026 00:06:36,-184.654554836452,-56.5475678899359,0,26,26,26,4,-56.5475678899359
01-Aug-2026 00:06:38,-171.311161091432,-43.2041741449166,0,26,26,26,7,-43.2041741449166
01-Aug-2026 00:06:40,-170.836467749709,-42.729480803193,0,26,26,26,6,-42.729480803193
01-Aug-2026 00:06:42,-170.569373628651,-42.4623866821348,0,26,26,26,7,-42.4623866821348
01-Aug-2026 00:06:44,-170.020445383126,-41.9134584366104,0,26,26,26,9,-41.9134584366104
01-Aug-2026 00:06:46,-170.573582673644,-42.4665957271282,0,26,26,26,9,-42.4665957271282
01-Aug-2026 00:06:48,-164.866593805365,-36.7596068588494,0,26,26,26,12,-36.7596068588494
01-Aug-2026 00:06:50,-164.847187361337,-36.7402004148215,0,26,26,26,12,-36.7402004148215
01-Aug-2026 00:06:52,-164.591099161399,-36.4841122148834,0,27,27,27,12,-36.4841122148834
01-Aug-2026 00:06:54,-164.405630364887,-36.2986434183713,0,27,27,27,10,-36.2986434183713
01-Aug-2026 00:06:56,-163.463052062663,-35.3560651161473,0,27,27,27,10,-35.3560651161473
01-Aug-2026 00:06:58,-163.329004521834,-35.2220175753183,0,27,27,27,10,-35.2220175753183
01-Aug-2026 00:07:00,-163.400683770761,-35.2936968242449,0,27,27,27,9,-35.2936968242449
01-Aug-2026 00:07:02,-163.058274984118,-34.9512880376022,0,27,27,27,11,-34.9512880376022
01-Aug-2026 00:07:04,-162.486813989461,-34.3798270429451,0,27,27,27,10,-34.3798270429451
01-Aug-2026 00:07:06,-161.768965475666,-33.6619785291503,0,29,29,29,11,-33.6619785291503
01-Aug-2026 00:07:08,-161.300139312917,-33.1931523664014,0,29,29,29,10,-33.1931523664014
01-Aug-2026 00:07:10,-160.744249477023,-32.6372625305075,0,29,29,29,9,-32.6372625305075
01-Aug-2026 00:07:12,-160.730689234866,-32.6237022883498,0,29,29,29,9,-32.6237022883498
01-Aug-2026 00:07:14,-160.042361158,-31.9353742114846,0,28,28,28,8,-31.9353742114846
01-Aug-2026 00:07:16,-160.244091424739,-32.1371044782234,0,27,27,27,8,-32.1371044782234
01-Aug-2026 00:07:18,-159.977778406263,-31.8707914597471,0,27,27,27,8,-31.8707914597471
01-Aug-2026 00:07:20,-159.553668854786,-31.4466819082701,0,28,28,28,9,-31.4466819082701
01-Aug-2026 00:07:22,-158.515429342173,-30.4084423956575,0,27,27,27,9,-30.4084423956575
01-Aug-2026 00:07:24,-156.471708273616,-28.3647213271006,0,27,27,27,10,-28.3647213271006
01-Aug-2026 00:07:26,-155.771285304897,-27.6642983583814,0,27,27,27,9,-27.6642983583814
01-Aug-2026 00:07:28,-155.105959514866,-26.9989725683501,0,27,27,27,6,-26.9989725683501
01-Aug-2026 00:07:30,-153.253706052152,-25.1467191056363,0,27,27,27,6,-25.1467191056363
01-Aug-2026 00:07:32,-152.77355029693,-24.6665633504142,0,26,26,26,6,-24.2437546614985
01-Aug-2026 00:07:34,-155.025357075848,-26.9183701293318,0,26,26,26,5,-25.4517761263953
01-Aug-2026 00:07:36,-155.719825556448,-27.6128386099317,0,26,26,26,4,-25.3688915915317
01-Aug-2026 00:07:38,-156.351932235958,-28.2449452894426,0,27,27,27,5,-25.2306117661357
01-Aug-2026 00:07:40,-151.67234717858,-23.5653602320641,0,27,27,27,5,-23.5653602320641
01-Aug-2026 00:07:42,-151.6855030389,-23.5785160923839,0,27,27,27,5,-23.5785160923839
01-Aug-2026 00:07:44,-167.981933043337,-39.8749460968207,0,27,27,27,7,-39.8749460968207
01-Aug-2026 00:07:46,-168.146051820588,-40.0390648740718,0,27,27,27,7,-40.0390648740718
01-Aug-2026 00:07:48,-168.768322756937,-40.6613358104214,0,27,27,27,6,-40.6613358104214
01-Aug-2026 00:07:50,-169.736585332215,-41.6295983856988,0,26,26,26,6,-41.6295983856988
01-Aug-2026 00:07:52,-171.285299994843,-43.1783130483271,0,26,26,26,6,-43.1783130483271
01-Aug-2026 00:07:54,-173.265569942228,-45.1585829957116,0,26,26,26,6,-45.1585829957116
01-Aug-2026 00:07:56,-174.83047217424,-46.7234852277242,0,27,27,27,7,-46.7234852277242
01-Aug-2026 00:07:58,-175.145533558139,-47.038546611623,0,27,27,27,7,-47.038546611623
01-Aug-2026 00:08:00,-175.893937793015,-47.7869508464988,0,27,27,27,7,-47.7869508464988
01-Aug-2026 00:08:02,-176.799823164235,-48.6928362177196,0,27,27,27,7,-48.6928362177196
01-Aug-2026 00:08:04,-177.735651068325,-49.6286641218088,0,27,27,27,7,-49.6286641218088
01-Aug-2026 00:08:06,-178.084590494107,-49.9776035475908,0,27,27,27,8,-49.9776035475908
01-Aug-2026 00:08:08,-173.223982495784,-45.1169955492686,0,27,27,27,10,-45.1169955492686
01-Aug-2026 00:08:10,-173.369589293583,-45.2626023470675,0,27,27,27,10,-45.2626023470675
01-Aug-2026 00:08:12,-173.854561756733,-45.7475748102176,0,26,26,26,9,-45.7475748102176
01-Aug-2026 00:08:14,-173.875868816344,-45.7688818698279,0,25,25,25,8,-45.7688818698279
01-Aug-2026 00:08:16,-174.359096806544,-46.2521098600284,0,25,25,25,8,-46.2521098600284
01-Aug-2026 00:08:18,-174.439823074887,-46.3328361283716,0,25,25,25,7,-46.3328361283716
01-Aug-2026 00:08:20,-175.314965829496,-47.2079788829801,0,25,25,25,7,-47.2079788829801
01-Aug-2026 00:08:22,-175.473199772208,-47.3662128256919,0,25,25,25,7,-47.3662128256919
01-Aug-2026 00:08:24,-175.580124472764,-47.4731375262481,0,25,25,25,7,-47.4731375262481
01-Aug-2026 00:08:26,-172.580753484551,-44.4737665380355,0,25,25,25,8,-44.4737665380355
01-Aug-2026 00:08:28,-172.279567224738,-44.172580278222,0,25,25,25,9,-44.172580278222
01-Aug-2026 00:08:30,-171.97665554192,-43.8696685954046,0,25,25,25,10,-43.8696685954046
01-Aug-2026 00:08:32,-172.316674471016,-44.2096875245003,0,25,25,25,10,-44.2096875245003
01-Aug-2026 00:08:34,-172.267885587392,-44.1608986408758,0,25,25,25,9,-44.1608986408758
01-Aug-2026 00:08:36,-171.888360732891,-43.7813737863755,0,25,25,25,8,-43.7813737863755
01-Aug-2026 00:08:38,-174.329894384177,-46.2229074376615,0,25,25,25,9,-46.2229074376615
01-Aug-2026 00:08:40,-174.115615272507,-46.0086283259909,0,25,25,25,9,-46.0086283259909
01-Aug-2026 00:08:42,-174.193776155547,-46.0867892090311,0,25,25,25,9,-46.0867892090311
01-Aug-2026 00:08:44,-174.205720030419,-46.0987330839033,0,24,24,24,8,-46.0987330839033
01-Aug-2026 00:08:46,-174.133671908993,-46.0266849624771,0,24,24,24,8,-46.0266849624771
01-Aug-2026 00:08:48,-174.152057437577,-46.0450704910611,0,24,24,24,8,-46.0450704910611
01-Aug-2026 00:08:50,-174.442241869881,-46.3352549233652,0,25,25,25,8,-46.3352549233652
01-Aug-2026 00:08:52,-173.679773013757,-45.572786067241,0,25,25,25,8,-45.572786067241
01-Aug-2026 00:08:54,-173.388328345562,-45.2813413990459,0,25,25,25,7,-45.2813413990459
01-Aug-2026 00:08:56,-173.038222004076,-44.9312350575601,0,25,25,25,7,-44.9312350575601
01-Aug-2026 00:08:58,-173.31566918123,-45.2086822347143,0,25,25,25,6,-45.2086822347143
01-Aug-2026 00:09:00,-173.374203390304,-45.2672164437886,0,25,25,25,7,-45.2672164437886
01-Aug-2026 00:09:02,-173.784707089588,-45.6777201430722,0,25,25,25,5,-45.6777201430722
01-Aug-2026 00:09:04,-173.566837731816,-45.4598507852998,0,25,25,25,4,-45.4598507852998
01-Aug-2026 00:09:06,-173.557802461343,-45.4508155148275,0,25,25,25,4,-45.4508155148275
01-Aug-2026 00:09:08,-173.799181477701,-45.692194531185,0,23,23,23,4,-45.692194531185
01-Aug-2026 00:09:10,-173.81538782198,-45.7084008754645,0,23,23,23,4,-45.7084008754645
01-Aug-2026 00:09:12,-173.513418357284,-45.4064314107679,0,23,23,23,4,-45.4064314107679
01-Aug-2026 00:09:14,-172.922221568788,-44.8152346222725,0,24,24,24,4,-44.8152346222725
01-Aug-2026 00:09:16,-169.433941449064,-41.3269545025484,0,25,25,25,7,-41.3269545025484
01-Aug-2026 00:09:18,-173.022670969,-44.9156840224839,0,25,25,25,5,-44.9156840224839
01-Aug-2026 00:09:20,-187.566569996276,-59.4595830497605,0,25,25,25,4,-59.4595830497605
01-Aug-2026 00:09:22,-187.584732821318,-59.4777458748017,0,26,26,26,4,-59.4777458748017
01-Aug-2026 00:09:24,-188.062284660027,-59.9552977135108,0,25,25,25,4,-59.9552977135108
01-Aug-2026 00:09:26,-187.824324875432,-59.7173379289158,0,25,25,25,4,-59.7173379289158
01-Aug-2026 00:09:28,-187.911650383353,-59.8046634368372,0,25,25,25,4,-59.8046634368372
01-Aug-2026 00:09:30,-188.281958095292,-60.1749711487759,0,25,25,25,4,-60.1749711487759
01-Aug-2026 00:09:32,-188.225913706152,-60.1189267596361,0,24,24,24,4,-60.1189267596361
01-Aug-2026 00:09:34,-187.991415945527,-59.8844289990114,0,24,24,24,4,-59.8844289990114
01-Aug-2026 00:09:36,-187.107899452215,-59.0009125056993,0,24,24,24,4,-59.0009125056993
01-Aug-2026 00:09:38,-187.139463676181,-59.0324767296648,0,24,24,24,4,-59.0324767296648
01-Aug-2026 00:09:40,-185.970399592421,-57.8634126459055,0,24,24,24,4,-57.8634126459055
01-Aug-2026 00:09:42,-186.120240690312,-58.013253743796,0,24,24,24,4,-58.013253743796
01-Aug-2026 00:09:44,-186.080424406487,-57.9734374599713,0,24,24,24,4,-57.9734374599713
01-Aug-2026 00:09:46,-186.114897646719,-58.0079107002027,0,24,24,24,4,-58.0079107002027
01-Aug-2026 00:09:48,-186.076370023187,-57.969383076671,0,24,24,24,4,-57.969383076671
01-Aug-2026 00:09:50,-185.595042004784,-57.4880550582678,0,24,24,24,5,-57.4880550582678
01-Aug-2026 00:09:52,-186.862266962308,-58.7552800157918,0,24,24,24,4,-58.7552800157918
01-Aug-2026 00:09:54,-175.435632835816,-47.3286458893004,0,25,25,25,5,-47.3286458893004
01-Aug-2026 00:09:56,-176.499734162832,-48.3927472163163,0,25,25,25,5,-48.3927472163163
01-Aug-2026 00:09:58,-176.304891577841,-48.1979046313253,0,25,25,25,5,-48.1979046313253
01-Aug-2026 00:10:00,-176.195655834829,-48.0886688883135,0,25,25,25,5,-48.0886688883135
01-Aug-2026 00:10:02,-175.185757181758,-47.0787702352417,0,25,25,25,5,-47.0787702352417
01-Aug-2026 00:10:04,-175.450170324558,-47.3431833780424,0,25,25,25,5,-47.3431833780424
01-Aug-2026 00:10:06,-175.892893708843,-47.7859067623268,0,26,26,26,5,-47.7859067623268
01-Aug-2026 00:10:08,-176.18759256844,-48.0806056219245,0,26,26,26,5,-48.0806056219245
01-Aug-2026 00:10:10,-170.545297190401,-42.4383102438856,0,26,26,26,5,-42.4383102438856
01-Aug-2026 00:10:12,-162.831633831864,-34.7246468853482,0,26,26,26,6,-34.7246468853482
01-Aug-2026 00:10:14,-162.409040879656,-34.3020539331401,0,26,26,26,6,-34.3020539331401
01-Aug-2026 00:10:16,-163.02698664441,-34.9199996978937,0,26,26,26,7,-34.9199996978937
01-Aug-2026 00:10:18,-162.566194509929,-34.4592075634136,0,26,26,26,7,-34.4592075634136
01-Aug-2026 00:10:20,-162.518326531061,-34.4113395845451,0,26,26,26,7,-34.4113395845451
01-Aug-2026 00:10:22,-162.595411237933,-34.4884242914175,0,26,26,26,7,-34.4884242914175
01-Aug-2026 00:10:24,-162.985815565435,-34.8788286189187,0,26,26,26,8,-34.8788286189187
01-Aug-2026 00:10:26,-162.516357695146,-34.4093707486302,0,26,26,26,8,-34.4093707486302
01-Aug-2026 00:10:28,-162.218446505801,-34.1114595592849,0,26,26,26,8,-34.1114595592849
01-Aug-2026 00:10:30,-170.395183841333,-42.2881968948173,0,26,26,26,7,-42.2881968948173
01-Aug-2026 00:10:32,-169.287199943627,-41.1802129971108,0,26,26,26,7,-41.1802129971108
01-Aug-2026 00:10:34,-169.336113920898,-41.2291269743819,0,26,26,26,6,-41.2291269743819
01-Aug-2026 00:10:36,-168.604762301575,-40.4977753550591,0,26,26,26,6,-40.4977753550591
01-Aug-2026 00:10:38,-168.660125007977,-40.5531380614614,0,26,26,26,6,-40.5531380614614
01-Aug-2026 00:10:40,-168.029309333768,-39.9223223872526,0,27,27,27,6,-39.9223223872526
01-Aug-2026 00:10:42,-167.269833668957,-39.1628467224415,0,27,27,27,6,-39.1628467224415
01-Aug-2026 00:10:44,-167.428513662504,-39.3215267159885,0,27,27,27,7,-39.3215267159885
01-Aug-2026 00:10:46,-167.058404866711,-38.9514179201952,0,27,27,27,7,-38.9514179201952
01-Aug-2026 00:10:48,-166.658685955481,-38.5516990089653,0,27,27,27,7,-38.5516990089653
01-Aug-2026 00:10:50,-166.218452668956,-38.11146572244,0,27,27,27,7,-38.11146572244
01-Aug-2026 00:10:52,-188.216780704199,-60.1097937576833,0,27,27,27,4,-60.1097937576833
01-Aug-2026 00:10:54,-188.322023810883,-60.2150368643669,0,29,29,29,4,-60.2150368643669
01-Aug-2026 00:10:56,-188.285629591392,-60.1786426448757,0,29,29,29,4,-60.1786426448757
01-Aug-2026 00:10:58,-184.672932219861,-56.5659452733447,0,29,29,29,5,-56.5659452733447
01-Aug-2026 00:11:00,-185.259961476299,-57.1529745297831,0,29,29,29,4,-57.1529745297831
01-Aug-2026 00:11:02,-163.401649553148,-35.2946626066317,0,29,29,29,5,-35.2946626066317
01-Aug-2026 00:11:04,-162.694709660716,-34.5877227142,0,28,28,28,7,-34.5877227142
01-Aug-2026 00:11:06,-162.046840753786,-33.9398538072704,0,28,28,28,6,-33.9398538072704
01-Aug-2026 00:11:08,-161.872192054213,-33.7652051076967,0,27,27,27,6,-33.7652051076967
01-Aug-2026 00:11:10,-162.016470644572,-33.9094836980564,0,27,27,27,4,-33.9094836980564
01-Aug-2026 00:11:12,-162.58870593933,-34.4817189928137,0,28,28,28,6,-34.4817189928137
01-Aug-2026 00:11:14,-163.772048482027,-35.6650615355116,0,28,28,28,6,-35.6650615355116
01-Aug-2026 00:11:16,-182.550485901328,-54.4434989548125,0,28,28,28,5,-54.4434989548125
01-Aug-2026 00:11:18,-182.990416185482,-54.8834292389661,0,28,28,28,5,-54.8834292389661
01-Aug-2026 00:11:20,-182.960568686227,-54.8535817397109,0,28,28,28,5,-54.8535817397109
01-Aug-2026 00:11:22,-183.171049010397,-55.0640620638808,0,28,28,28,6,-55.0640620638808
01-Aug-2026 00:11:24,-183.026026741337,-54.9190397948212,0,28,28,28,6,-54.9190397948212
01-Aug-2026 00:11:26,-172.065666262401,-43.9586793158855,0,27,27,27,7,-43.9586793158855
01-Aug-2026 00:11:28,-172.428493373175,-44.3215064266587,0,27,27,27,7,-44.3215064266587
01-Aug-2026 00:11:30,-172.31971880453,-44.2127318580138,0,27,27,27,7,-44.2127318580138
01-Aug-2026 00:11:32,-172.702578663212,-44.5955917166966,0,27,27,27,7,-44.5955917166966
01-Aug-2026 00:11:34,-172.792329961845,-44.6853430153288,0,27,27,27,7,-44.6853430153288
01-Aug-2026 00:11:36,-172.794599152827,-44.6876122063108,0,27,27,27,5,-44.6876122063108
01-Aug-2026 00:11:38,-172.961723474131,-44.8547365276153,0,27,27,27,5,-44.8547365276153
01-Aug-2026 00:11:40,-173.198994546152,-45.0920075996366,0,26,26,26,4,-45.0920075996366
01-Aug-2026 00:11:42,-173.083092597611,-44.9761056510949,0,26,26,26,4,-44.9761056510949
01-Aug-2026 00:11:44,-173.331531242527,-45.2245442960109,0,26,26,26,4,-45.2245442960109
01-Aug-2026 00:11:46,-173.675577353038,-45.5685904065223,0,26,26,26,4,-45.5685904065223
01-Aug-2026 00:11:48,-173.146553640731,-45.0395666942153,0,26,26,26,4,-45.0395666942153
01-Aug-2026 00:11:50,-172.642667980898,-44.5356810343822,0,26,26,26,3,-44.5356810343822
01-Aug-2026 00:11:52,-172.22709695295,-44.1201100064338,0,27,27,27,3,-44.1201100064338
01-Aug-2026 00:11:54,-172.254934625702,-44.147947679186,0,27,27,27,2,-44.147947679186
01-Aug-2026 00:11:56,-172.048883443816,-43.9418964972998,0,27,27,27,2,-43.9418964972998
01-Aug-2026 00:11:58,-171.943896393707,-43.8369094471915,0,26,26,26,3,-43.8369094471915
01-Aug-2026 00:12:00,-172.016434267532,-43.9094473210159,0,26,26,26,3,-43.9094473210159
01-Aug-2026 00:12:02,-193.61563826335,-65.5086513168341,0,26,26,26,3,-65.5086513168341
01-Aug-2026 00:12:04,-195.527299922131,-67.4203129756149,0,26,26,26,2,-67.4203129756149
01-Aug-2026 00:12:06,-197.028825609125,-68.9218386626095,0,26,26,26,2,-68.9218386626095
01-Aug-2026 00:12:08,-196.667853843681,-68.5608668971649,0,26,26,26,2,-68.5608668971649
01-Aug-2026 00:12:10,-196.787589796554,-68.6806028500377,0,26,26,26,2,-68.6806028500377
01-Aug-2026 00:12:12,-197.200612629173,-69.0936256826568,0,26,26,26,2,-69.0936256826568
01-Aug-2026 00:12:14,-192.196167755813,-64.0891808092973,0,26,26,26,3,-64.0891808092973
01-Aug-2026 00:12:16,-191.081211448555,-62.974224502039,0,26,26,26,4,-62.974224502039
01-Aug-2026 00:12:18,-183.16775909734,-55.0607721508246,0,26,26,26,5,-55.0607721508246
01-Aug-2026 00:12:20,-183.315510409338,-55.208523462822,0,26,26,26,5,-55.208523462822
01-Aug-2026 00:12:22,-183.678458785448,-55.5714718389326,0,26,26,26,5,-55.5714718389326
01-Aug-2026 00:12:24,-177.369372193905,-49.2623852473889,0,26,26,26,6,-49.2623852473889
01-Aug-2026 00:12:26,-176.787182839781,-48.6801958932651,0,26,26,26,6,-48.6801958932651
01-Aug-2026 00:12:28,-176.756323022656,-48.6493360761405,0,25,25,25,6,-48.6493360761405
01-Aug-2026 00:12:30,-176.460477827293,-48.3534908807772,0,25,25,25,4,-48.3534908807772
01-Aug-2026 00:12:32,-176.280430492486,-48.1734435459703,0,24,24,24,4,-48.1734435459703
01-Aug-2026 00:12:34,-181.765860250475,-53.6588733039589,0,24,24,24,2,-53.6588733039589
01-Aug-2026 00:12:36,-180.727782028604,-52.6207950820877,0,24,24,24,2,-52.6207950820877
01-Aug-2026 00:12:38,-179.662800754395,-51.5558138078794,0,24,24,24,2,-51.5558138078794
01-Aug-2026 00:12:40,-180.493859582339,-52.3868726358229,0,24,24,24,1,-52.3868726358229
01-Aug-2026 00:12:42,-181.100794044061,-52.9938070975446,0,25,25,25,1,-52.9938070975446
01-Aug-2026 00:12:44,-180.710845965174,-52.6038590186582,0,25,25,25,1,-52.6038590186582
01-Aug-2026 00:12:46,-179.830889138316,-51.7239021918004,0,25,25,25,1,-51.7239021918004
01-Aug-2026 00:12:48,-178.739440245302,-50.6324532987857,0,26,26,26,5,-50.6324532987857
01-Aug-2026 00:12:50,-178.918637343581,-50.8116503970647,0,26,26,26,5,-50.8116503970647
01-Aug-2026 00:12:52,-179.070497898207,-50.9635109516913,0,26,26,26,5,-50.9635109516913
01-Aug-2026 00:12:54,-178.917559597236,-50.8105726507206,0,26,26,26,4,-50.8105726507206
01-Aug-2026 00:12:56,-178.398534398427,-50.2915474519107,0,25,25,25,4,-50.2915474519107
01-Aug-2026 00:12:58,-178.882246451596,-50.7752595050798,0,25,25,25,4,-50.7752595050798
01-Aug-2026 00:13:00,-178.025550902181,-49.9185639556655,0,24,24,24,5,-49.9185639556655
01-Aug-2026 00:13:02,-177.516814352032,-49.4098274055165,0,24,24,24,5,-49.4098274055165
01-Aug-2026 00:13:04,-177.036391759389,-48.9294048128729,0,25,25,25,5,-48.9294048128729
01-Aug-2026 00:13:06,-177.024953293295,-48.9179663467787,0,26,26,26,5,-48.9179663467787
01-Aug-2026 00:13:08,-177.015302791917,-48.9083158454014,0,26,26,26,5,-48.9083158454014
01-Aug-2026 00:13:10,-161.862156165173,-33.7551692186576,0,26,26,26,6,-33.7551692186576
01-Aug-2026 00:13:12,-161.841579600196,-33.7345926536804,0,26,26,26,6,-33.7345926536804
01-Aug-2026 00:13:14,-161.883305868056,-33.7763189215397,0,26,26,26,7,-33.7763189215397
01-Aug-2026 00:13:16,-162.056007291207,-33.9490203446912,0,25,25,25,7,-33.9490203446912
01-Aug-2026 00:13:18,-162.595025400914,-34.488038454398,0,25,25,25,6,-34.488038454398
01-Aug-2026 00:13:20,-161.876523312887,-33.769536366371,0,24,24,24,7,-33.769536366371
01-Aug-2026 00:13:22,-161.950131350577,-33.8431444040615,0,24,24,24,7,-33.8431444040615
01-Aug-2026 00:13:24,-168.771486120439,-40.6644991739226,0,24,24,24,6,-40.6644991739226
01-Aug-2026 00:13:26,-168.569910521073,-40.4629235745574,0,24,24,24,5,-40.4629235745574
01-Aug-2026 00:13:28,-168.573089974432,-40.4661030279164,0,24,24,24,5,-40.4661030279164
01-Aug-2026 00:13:30,-177.626591836999,-49.519604890483,0,24,24,24,6,-49.519604890483
01-Aug-2026 00:13:32,-185.91289948124,-57.8059125347239,0,24,24,24,5,-57.8059125347239
01-Aug-2026 00:13:34,-186.482326461941,-58.3753395154252,0,24,24,24,5,-58.3753395154252
01-Aug-2026 00:13:36,-186.128064519498,-58.0210775729825,0,24,24,24,5,-58.0210775729825
01-Aug-2026 00:13:38,-185.692238647083,-57.5852517005675,0,24,24,24,6,-57.5852517005675
01-Aug-2026 00:13:40,-184.827041730966,-56.7200547844502,0,24,24,24,6,-56.7200547844502
01-Aug-2026 00:13:42,-174.738852770773,-46.6318658242568,0,25,25,25,7,-46.6318658242568
01-Aug-2026 00:13:44,-174.087827518829,-45.9808405723132,0,25,25,25,7,-45.9808405723132
01-Aug-2026 00:13:46,-173.862626669742,-45.755639723226,0,25,25,25,7,-45.755639723226
01-Aug-2026 00:13:48,-173.641296552325,-45.5343096058094,0,25,25,25,7,-45.5343096058094
01-Aug-2026 00:13:50,-173.58171000223,-45.4747230557145,0,25,25,25,7,-45.4747230557145
01-Aug-2026 00:13:52,-173.346909017341,-45.2399220708247,0,25,25,25,7,-45.2399220708247
01-Aug-2026 00:13:54,-173.690726563544,-45.5837396170282,0,25,25,25,7,-45.5837396170282
01-Aug-2026 00:13:56,-173.773081090054,-45.6660941435377,0,25,25,25,7,-45.6660941435377
01-Aug-2026 00:13:58,-174.038420647093,-45.9314337005773,0,25,25,25,7,-45.9314337005773
01-Aug-2026 00:14:00,-174.31862491156,-46.2116379650439,0,26,26,26,6,-46.2116379650439
01-Aug-2026 00:14:02,-173.832698336071,-45.7257113895553,0,26,26,26,5,-45.7257113895553
01-Aug-2026 00:14:04,-189.242614692655,-61.1356277461394,0,26,26,26,4,-61.1356277461394
01-Aug-2026 00:14:06,-189.176926922313,-61.0699399757969,0,26,26,26,4,-61.0699399757969
01-Aug-2026 00:14:08,-187.249894124246,-59.1429071777301,0,26,26,26,5,-59.1429071777301
01-Aug-2026 00:14:10,-185.310720010026,-57.2037330635103,0,26,26,26,6,-57.2037330635103
01-Aug-2026 00:14:12,-186.688129644304,-58.5811426977878,0,26,26,26,5,-58.5811426977878
01-Aug-2026 00:14:14,-186.958305569326,-58.8513186228104,0,26,26,26,4,-58.8513186228104
01-Aug-2026 00:14:16,-186.95459865428,-58.8476117077643,0,26,26,26,4,-58.8476117077643
01-Aug-2026 00:14:18,-187.085984050697,-58.978997104181,0,26,26,26,4,-58.978997104181
01-Aug-2026 00:14:20,-187.018872678653,-58.911885732137,0,26,26,26,4,-58.911885732137
01-Aug-2026 00:14:22,-187.143481769797,-59.0364948232811,0,26,26,26,4,-59.0364948232811
01-Aug-2026 00:14:24,-162.365278812404,-34.2582918658877,0,26,26,26,5,-34.2582918658877
01-Aug-2026 00:14:26,-162.026996925149,-33.9200099786329,0,26,26,26,4,-33.9200099786329
01-Aug-2026 00:14:28,-162.29913911071,-34.1921521641938,0,26,26,26,4,-34.1921521641938
01-Aug-2026 00:14:30,-162.913334775921,-34.8063478294056,0,27,27,27,5,-34.8063478294056
01-Aug-2026 00:14:32,-163.106515722636,-34.9995287761205,0,27,27,27,5,-34.9995287761205
01-Aug-2026 00:14:34,-162.652415550761,-34.5454286042455,0,27,27,27,5,-34.5454286042455
01-Aug-2026 00:14:36,-162.984041874743,-34.8770549282276,0,27,27,27,5,-34.8770549282276
01-Aug-2026 00:14:38,-179.132520203308,-51.0255332567918,0,27,27,27,4,-51.0255332567918
01-Aug-2026 00:14:40,-178.661386355714,-50.5543994091977,0,27,27,27,4,-50.5543994091977
01-Aug-2026 00:14:42,-179.011587039345,-50.9046000928292,0,28,28,28,4,-50.9046000928292
01-Aug-2026 00:14:44,-179.291812847898,-51.1848259013819,0,29,29,29,5,-51.1848259013819
01-Aug-2026 00:14:46,-178.075208668995,-49.9682217224787,0,29,29,29,5,-49.9682217224787
01-Aug-2026 00:14:48,-178.317520549913,-50.2105336033968,0,29,29,29,5,-50.2105336033968
01-Aug-2026 00:14:50,-178.34035171478,-50.2333647682646,0,29,29,29,5,-50.2333647682646
01-Aug-2026 00:14:52,-164.752873298075,-36.6458863515588,0,29,29,29,5,-36.6458863515588
01-Aug-2026 00:14:54,-164.887587383231,-36.7806004367149,0,29,29,29,5,-36.7806004367149
01-Aug-2026 00:14:56,-164.584190430071,-36.4772034835555,0,29,29,29,4,-36.4772034835555
01-Aug-2026 00:14:58,-174.429437663134,-46.3224507166185,0,29,29,29,4,-46.3224507166185
01-Aug-2026 00:15:00,-189.754980736001,-61.6479937894848,0,28,28,28,3,-61.6479937894848
01-Aug-2026 00:15:02,-200.713191222373,-72.6062042758572,0,29,29,29,1,-72.6062042758572
01-Aug-2026 00:15:04,-200.683512737876,-72.5765257913601,0,29,29,29,1,-72.5765257913601
01-Aug-2026 00:15:06,-201.06060813989,-72.9536211933743,0,29,29,29,1,-72.9536211933743
01-Aug-2026 00:15:08,-200.940496985044,-72.833510038528,0,29,29,29,1,-72.833510038528
01-Aug-2026 00:15:10,-200.616578773587,-72.5095918270712,0,29,29,29,1,-72.5095918270712
01-Aug-2026 00:15:12,-178.375744869356,-50.2687579228403,0,28,28,28,3,-50.2687579228403
01-Aug-2026 00:15:14,-179.653946199893,-51.5469592533771,0,28,28,28,3,-51.5469592533771
01-Aug-2026 00:15:16,-180.143683705989,-52.0366967594734,0,28,28,28,3,-52.0366967594734
01-Aug-2026 00:15:18,-180.504125528421,-52.3971385819046,0,27,27,27,3,-52.3971385819046
01-Aug-2026 00:15:20,-180.834432121627,-52.7274451751107,0,27,27,27,3,-52.7274451751107
01-Aug-2026 00:15:22,-181.863244952784,-53.7562580062682,0,27,27,27,4,-53.7562580062682
01-Aug-2026 00:15:24,-182.830488956563,-54.7235020100467,0,27,27,27,5,-54.7235020100467
01-Aug-2026 00:15:26,-183.263483001986,-55.1564960554705,0,27,27,27,5,-55.1564960554705
01-Aug-2026 00:15:28,-183.758213514169,-55.6512265676529,0,27,27,27,7,-55.6512265676529
01-Aug-2026 00:15:30,-184.094809623222,-55.9878226767062,0,26,26,26,5,-55.9878226767062
01-Aug-2026 00:15:32,-183.626071888814,-55.5190849422984,0,26,26,26,5,-55.5190849422984
01-Aug-2026 00:15:34,-183.44764657949,-55.3406596329738,0,26,26,26,6,-55.3406596329738
01-Aug-2026 00:15:36,-187.948764645853,-59.8417776993375,0,26,26,26,5,-59.8417776993375
01-Aug-2026 00:15:38,-187.642612544264,-59.5356255977485,0,26,26,26,5,-59.5356255977485
01-Aug-2026 00:15:40,-189.74507577717,-61.6380888306544,0,25,25,25,4,-61.6380888306544
01-Aug-2026 00:15:42,-189.629961879413,-61.5229749328976,0,25,25,25,4,-61.5229749328976
01-Aug-2026 00:15:44,-189.297993480578,-61.1910065340625,0,25,25,25,4,-61.1910065340625
01-Aug-2026 00:15:46,-189.433622888149,-61.326635941633,0,25,25,25,4,-61.326635941633
01-Aug-2026 00:15:48,-188.704291782683,-60.5973048361674,0,26,26,26,5,-60.5973048361674
01-Aug-2026 00:15:50,-185.461980486101,-57.3549935395854,0,26,26,26,6,-57.3549935395854
01-Aug-2026 00:15:52,-185.821754441359,-57.7147674948427,0,26,26,26,6,-57.7147674948427
01-Aug-2026 00:15:54,-189.022088818397,-60.9151018718809,0,26,26,26,5,-60.9151018718809
01-Aug-2026 00:15:56,-188.874825741923,-60.7678387954066,0,26,26,26,5,-60.7678387954066
01-Aug-2026 00:15:58,-188.684521760619,-60.5775348141029,0,26,26,26,5,-60.5775348141029
01-Aug-2026 00:16:00,-189.170107586642,-61.0631206401258,0,26,26,26,4,-61.0631206401258
01-Aug-2026 00:16:02,-189.355749516679,-61.2487625701632,0,26,26,26,4,-61.2487625701632
01-Aug-2026 00:16:04,-192.718757272652,-64.611770326136,0,26,26,26,3,-64.611770326136
01-Aug-2026 00:16:06,-176.478760331354,-48.3717733848383,0,26,26,26,4,-48.3717733848383
01-Aug-2026 00:16:08,-176.22460453002,-48.1176175835043,0,26,26,26,4,-48.1176175835043
01-Aug-2026 00:16:10,-175.63432102119,-47.5273340746739,0,26,26,26,5,-47.5273340746739
01-Aug-2026 00:16:12,-175.152467498197,-47.0454805516814,0,25,25,25,3,-47.0454805516814
01-Aug-2026 00:16:14,-175.324585987102,-47.2175990405859,0,25,25,25,2,-47.2175990405859
01-Aug-2026 00:16:16,-174.805564741557,-46.6985777950406,0,25,25,25,3,-46.6985777950406
01-Aug-2026 00:16:18,-174.639890950266,-46.5329040037506,0,26,26,26,4,-46.5329040037506
01-Aug-2026 00:16:20,-174.423939701174,-46.3169527546585,0,26,26,26,4,-46.3169527546585
01-Aug-2026 00:16:22,-174.347863632239,-46.2408766857228,0,26,26,26,4,-46.2408766857228
01-Aug-2026 00:16:24,-174.144335424407,-46.0373484778916,0,26,26,26,4,-46.0373484778916
01-Aug-2026 00:16:26,-173.730887181611,-45.6239002350956,0,26,26,26,4,-45.6239002350956
01-Aug-2026 00:16:28,-185.496885435816,-57.3898984893004,0,26,26,26,3,-57.3898984893004
01-Aug-2026 00:16:30,-194.125326726129,-66.0183397796129,0,26,26,26,2,-66.0183397796129
01-Aug-2026 00:16:32,-194.563729189406,-66.4567422428898,0,26,26,26,2,-66.4567422428898
01-Aug-2026 00:16:34,-194.728209084466,-66.6212221379505,0,27,27,27,2,-66.6212221379505
01-Aug-2026 00:16:36,-190.407452539346,-62.3004655928306,0,27,27,27,3,-62.3004655928306
01-Aug-2026 00:16:38,-174.673439160529,-46.5664522140131,0,27,27,27,6,-46.5664522140131
01-Aug-2026 00:16:40,-174.852265366742,-46.7452784202259,0,27,27,27,6,-46.7452784202259
01-Aug-2026 00:16:42,-174.593368805483,-46.4863818589673,0,25,25,25,6,-46.4863818589673
01-Aug-2026 00:16:44,-174.699682793619,-46.5926958471033,0,25,25,25,6,-46.5926958471033
01-Aug-2026 00:16:46,-174.487557765147,-46.3805708186316,0,25,25,25,6,-46.3805708186316
01-Aug-2026 00:16:48,-174.050249486894,-45.9432625403786,0,25,25,25,6,-45.9432625403786
01-Aug-2026 00:16:50,-173.821298950322,-45.7143120038062,0,25,25,25,6,-45.7143120038062
01-Aug-2026 00:16:52,-174.038805796467,-45.931818849951,0,25,25,25,6,-45.931818849951
01-Aug-2026 00:16:54,-173.126139398881,-45.0191524523651,0,25,25,25,7,-45.0191524523651
01-Aug-2026 00:16:56,-179.17491341745,-51.0679264709341,0,25,25,25,7,-51.0679264709341
01-Aug-2026 00:16:58,-179.178038796704,-51.0710518501879,0,26,26,26,7,-51.0710518501879
01-Aug-2026 00:17:00,-178.952284962925,-50.8452980164092,0,26,26,26,7,-50.8452980164092
01-Aug-2026 00:17:02,-179.624477443851,-51.517490497335,0,26,26,26,6,-51.517490497335
01-Aug-2026 00:17:04,-174.682373901876,-46.5753869553599,0,26,26,26,6,-46.5753869553599
01-Aug-2026 00:17:06,-170.22337168643,-42.1163847399145,0,26,26,26,6,-42.1163847399145
01-Aug-2026 00:17:08,-170.313613793044,-42.2066268465284,0,24,24,24,6,-42.2066268465284
01-Aug-2026 00:17:10,-169.829021180933,-41.7220342344173,0,24,24,24,6,-41.7220342344173
01-Aug-2026 00:17:12,-169.62094784191,-41.5139608953942,0,24,24,24,6,-41.5139608953942
01-Aug-2026 00:17:14,-169.571183913502,-41.4641969669862,0,24,24,24,8,-41.4641969669862
01-Aug-2026 00:17:16,-169.036200023229,-40.9292130767136,0,24,24,24,7,-40.9292130767136
01-Aug-2026 00:17:18,-168.514611284784,-40.4076243382684,0,24,24,24,7,-40.4076243382684
01-Aug-2026 00:17:20,-175.332836759664,-47.2258498131479,0,24,24,24,6,-47.2258498131479
01-Aug-2026 00:17:22,-175.411320574068,-47.3043336275524,0,24,24,24,6,-47.3043336275524
01-Aug-2026 00:17:24,-175.222491303105,-47.1155043565888,0,24,24,24,6,-47.1155043565888
01-Aug-2026 00:17:26,-173.920210879084,-45.8132239325681,0,24,24,24,7,-45.8132239325681
01-Aug-2026 00:17:28,-173.086065337239,-44.9790783907231,0,25,25,25,10,-44.9790783907231
01-Aug-2026 00:17:30,-174.152268307962,-46.0452813614458,0,25,25,25,8,-46.0452813614458
01-Aug-2026 00:17:32,-173.976080176594,-45.8690932300783,0,25,25,25,8,-45.8690932300783
01-Aug-2026 00:17:34,-176.277179997681,-48.1701930511651,0,25,25,25,7,-48.1701930511651
01-Aug-2026 00:17:36,-181.162602058194,-53.0556151116778,0,25,25,25,5,-53.0556151116778
01-Aug-2026 00:17:38,-181.08424818924,-52.9772612427237,0,25,25,25,6,-52.9772612427237
01-Aug-2026 00:17:40,-180.755552470562,-52.6485655240465,0,25,25,25,6,-52.6485655240465
01-Aug-2026 00:17:42,-189.995775904845,-61.8887889583288,0,25,25,25,5,-61.8887889583288
01-Aug-2026 00:17:44,-189.815788428173,-61.7088014816568,0,25,25,25,5,-61.7088014816568
01-Aug-2026 00:17:46,-189.672324277469,-61.5653373309527,0,25,25,25,5,-61.5653373309527
01-Aug-2026 00:17:48,-189.968101088421,-61.8611141419047,0,25,25,25,5,-61.8611141419047
01-Aug-2026 00:17:50,-189.233198146832,-61.1262112003158,0,25,25,25,6,-61.1262112003158
01-Aug-2026 00:17:52,-189.267647122989,-61.1606601764729,0,25,25,25,6,-61.1606601764729
01-Aug-2026 00:17:54,-186.215267150573,-58.1082802040575,0,26,26,26,7,-58.1082802040575
01-Aug-2026 00:17:56,-186.029544827622,-57.9225578811059,0,26,26,26,7,-57.9225578811059
01-Aug-2026 00:17:58,-186.197515945518,-58.0905289990025,0,26,26,26,7,-58.0905289990025
01-Aug-2026 00:18:00,-186.5884526834,-58.4814657368839,0,26,26,26,6,-58.4814657368839
01-Aug-2026 00:18:02,-184.705169652043,-56.5981827055273,0,26,26,26,7,-56.5981827055273
01-Aug-2026 00:18:04,-184.678541490928,-56.571554544412,0,26,26,26,7,-56.571554544412
01-Aug-2026 00:18:06,-184.274516447534,-56.1675295010184,0,26,26,26,7,-56.1675295010184
01-Aug-2026 00:18:08,-184.036788613449,-55.9298016669332,0,26,26,26,7,-55.9298016669332
01-Aug-2026 00:18:10,-155.119137316552,-27.0121503700366,0,26,26,26,8,-27.0121503700366
01-Aug-2026 00:18:12,-154.840797686117,-26.7338107396008,0,26,26,26,8,-26.7338107396008
01-Aug-2026 00:18:14,-154.742484669324,-26.6354977228081,0,26,26,26,7,-26.6354977228081
01-Aug-2026 00:18:16,-154.84680699628,-26.7398200497641,0,26,26,26,6,-26.7398200497641
01-Aug-2026 00:18:18,-154.126665011675,-26.0196780651595,0,26,26,26,4,-26.0196780651595
01-Aug-2026 00:18:20,-153.232427134467,-25.1254401879507,0,27,27,27,4,-25.1254401879507
01-Aug-2026 00:18:22,-153.193919986752,-25.0869330402361,0,27,27,27,4,-25.0869330402361
01-Aug-2026 00:18:24,-152.692827081862,-24.5858401353464,0,27,27,27,4,-24.5858401353464
01-Aug-2026 00:18:26,-151.662637803211,-23.5556508566953,0,27,27,27,5,-23.5556508566953
01-Aug-2026 00:18:28,-151.272759005452,-23.1657720589359,0,27,27,27,5,-23.1657720589359
01-Aug-2026 00:18:30,-150.837815749801,-22.7308288032852,0,27,27,27,5,-22.7308288032852
01-Aug-2026 00:18:32,-150.219204854699,-22.1122179081836,0,28,28,28,5,-22.1122179081836
01-Aug-2026 00:18:34,-178.689589876346,-50.5826029298306,0,29,29,29,5,-50.5826029298306
01-Aug-2026 00:18:36,-178.927450248952,-50.8204633024364,0,30,30,30,5,-50.8204633024364
01-Aug-2026 00:18:38,-183.666716275659,-55.5597293291434,0,30,30,30,4,-55.5597293291434
01-Aug-2026 00:18:40,-183.863541417541,-55.7565544710256,0,30,30,30,4,-55.7565544710256
01-Aug-2026 00:18:42,-183.473198715289,-55.3662117687734,0,30,30,30,4,-55.3662117687734
01-Aug-2026 00:18:44,-189.320954091994,-61.2139671454785,0,30,30,30,3,-61.2139671454785
01-Aug-2026 00:18:46,-177.914132513488,-49.8071455669721,0,29,29,29,4,-49.8071455669721
01-Aug-2026 00:18:48,-178.019171429292,-49.9121844827762,0,29,29,29,5,-49.9121844827762
01-Aug-2026 00:18:50,-178.245331028897,-50.1383440823815,0,29,29,29,5,-50.1383440823815
01-Aug-2026 00:18:52,-178.480178460203,-50.3731915136867,0,28,28,28,5,-50.3731915136867
01-Aug-2026 00:18:54,-178.609739471874,-50.5027525253579,0,29,29,29,6,-50.5027525253579
01-Aug-2026 00:18:56,-178.941761098117,-50.834774151601,0,29,29,29,7,-50.834774151601
01-Aug-2026 00:18:58,-178.277794265251,-50.1708073187354,0,29,29,29,7,-50.1708073187354
01-Aug-2026 00:19:00,-178.539664222283,-50.4326772757674,0,29,29,29,8,-50.4326772757674
01-Aug-2026 00:19:02,-178.827517004725,-50.7205300582095,0,29,29,29,7,-50.7205300582095
01-Aug-2026 00:19:04,-179.205747488314,-51.0987605417984,0,28,28,28,6,-51.0987605417984
01-Aug-2026 00:19:06,-178.493717328144,-50.3867303816277,0,28,28,28,6,-50.3867303816277
01-Aug-2026 00:19:08,-178.600426259841,-50.4934393133252,0,28,28,28,7,-50.4934393133252
01-Aug-2026 00:19:10,-178.843478046427,-50.7364910999116,0,28,28,28,7,-50.7364910999116
01-Aug-2026 00:19:12,-177.173534344008,-49.0665473974919,0,27,27,27,8,-49.0665473974919
01-Aug-2026 00:19:14,-177.578953240484,-49.4719662939677,0,27,27,27,7,-49.4719662939677
01-Aug-2026 00:19:16,-177.420539632924,-49.3135526864081,0,27,27,27,8,-49.3135526864081
01-Aug-2026 00:19:18,-177.018240241287,-48.9112532947708,0,27,27,27,7,-48.9112532947708
01-Aug-2026 00:19:20,-176.790693116167,-48.6837061696514,0,26,26,26,6,-48.6837061696514
01-Aug-2026 00:19:22,-184.285469861384,-56.1784829148683,0,25,25,25,5,-56.1784829148683
01-Aug-2026 00:19:24,-183.925560549107,-55.818573602591,0,25,25,25,5,-55.818573602591
01-Aug-2026 00:19:26,-184.142224307065,-56.0352373605493,0,25,25,25,5,-56.0352373605493
01-Aug-2026 00:19:28,-184.387014373338,-56.280027426822,0,25,25,25,5,-56.280027426822
01-Aug-2026 00:19:30,-184.327716119073,-56.2207291725572,0,25,25,25,6,-56.2207291725572
01-Aug-2026 00:19:32,-184.815058805767,-56.7080718592509,0,25,25,25,6,-56.7080718592509
01-Aug-2026 00:19:34,-184.767574509906,-56.6605875633902,0,25,25,25,6,-56.6605875633902
01-Aug-2026 00:19:36,-185.960671582089,-57.8536846355736,0,25,25,25,5,-57.8536846355736
01-Aug-2026 00:19:38,-185.966145723446,-57.8591587769305,0,25,25,25,6,-57.8591587769305
01-Aug-2026 00:19:40,-184.694506487339,-56.5875195408233,0,25,25,25,7,-56.5875195408233
01-Aug-2026 00:19:42,-185.656185708221,-57.5491987617051,0,25,25,25,5,-57.5491987617051
01-Aug-2026 00:19:44,-185.7378614186,-57.630874472084,0,26,26,26,5,-57.630874472084
01-Aug-2026 00:19:46,-185.830978019907,-57.7239910733916,0,26,26,26,4,-57.7239910733916
01-Aug-2026 00:19:48,-185.737217013286,-57.6302300667699,0,26,26,26,5,-57.6302300667699
01-Aug-2026 00:19:50,-185.797155149236,-57.6901682027199,0,26,26,26,5,-57.6901682027199
01-Aug-2026 00:19:52,-185.794463642604,-57.6874766960879,0,27,27,27,5,-57.6874766960879
01-Aug-2026 00:19:54,-185.309399185712,-57.2024122391965,0,27,27,27,6,-57.2024122391965
01-Aug-2026 00:19:56,-181.301349254977,-53.1943623084609,0,27,27,27,8,-53.1943623084609
01-Aug-2026 00:19:58,-181.180834198914,-53.073847252398,0,26,26,26,8,-53.073847252398
01-Aug-2026 00:20:00,-181.532170708106,-53.4251837615904,0,26,26,26,6,-53.4251837615904
01-Aug-2026 00:20:02,-181.692546666712,-53.5855597201956,0,26,26,26,5,-53.5855597201956
01-Aug-2026 00:20:04,-181.585456395959,-53.4784694494431,0,26,26,26,5,-53.4784694494431
01-Aug-2026 00:20:06,-181.537708909426,-53.4307219629098,0,26,26,26,6,-53.4307219629098
01-Aug-2026 00:20:08,-181.434312613224,-53.3273256667084,0,26,26,26,6,-53.3273256667084
01-Aug-2026 00:20:10,-181.410018281549,-53.3030313350331,0,26,26,26,7,-53.3030313350331
01-Aug-2026 00:20:12,-173.409688635805,-45.3027016892896,0,26,26,26,8,-45.3027016892896
01-Aug-2026 00:20:14,-173.59063565997,-45.4836487134542,0,26,26,26,7,-45.4836487134542
01-Aug-2026 00:20:16,-174.472116346384,-46.3651293998681,0,26,26,26,7,-46.3651293998681
01-Aug-2026 00:20:18,-175.289233057619,-47.1822461111033,0,26,26,26,8,-47.1822461111033
01-Aug-2026 00:20:20,-174.793096273324,-46.6861093268085,0,26,26,26,7,-46.6861093268085
01-Aug-2026 00:20:22,-174.866134487674,-46.7591475411586,0,26,26,26,7,-46.7591475411586
01-Aug-2026 00:20:24,-175.897278826065,-47.7902918795493,0,26,26,26,7,-47.7902918795493
01-Aug-2026 00:20:26,-175.800072839614,-47.6930858930986,0,27,27,27,7,-47.6930858930986
01-Aug-2026 00:20:28,-176.284559905677,-48.1775729591613,0,27,27,27,7,-48.1775729591613
01-Aug-2026 00:20:30,-175.024096051717,-46.9171091052013,0,26,26,26,7,-46.9171091052013
01-Aug-2026 00:20:32,-182.645487300188,-54.5385003536724,0,26,26,26,6,-54.5385003536724
01-Aug-2026 00:20:34,-184.732555980622,-56.6255690341066,0,26,26,26,5,-56.6255690341066
01-Aug-2026 00:20:36,-185.030983490735,-56.9239965442187,0,26,26,26,4,-56.9239965442187
01-Aug-2026 00:20:38,-185.139859667459,-57.0328727209433,0,26,26,26,4,-57.0328727209433
01-Aug-2026 00:20:40,-185.250542490984,-57.1435555444684,0,26,26,26,4,-57.1435555444684
01-Aug-2026 00:20:42,-185.092223134678,-56.9852361881618,0,27,27,27,4,-56.9852361881618
01-Aug-2026 00:20:44,-184.990157276272,-56.8831703297565,0,26,26,26,4,-56.8831703297565
01-Aug-2026 00:20:46,-184.663894666324,-56.5569077198078,0,26,26,26,4,-56.5569077198078
01-Aug-2026 00:20:48,-184.705644005076,-56.5986570585597,0,26,26,26,4,-56.5986570585597
01-Aug-2026 00:20:50,-177.430659010036,-49.3236720635202,0,26,26,26,6,-49.3236720635202
01-Aug-2026 00:20:52,-177.90794398191,-49.8009570353937,0,26,26,26,6,-49.8009570353937
01-Aug-2026 00:20:54,-178.394429603291,-50.2874426567752,0,26,26,26,6,-50.2874426567752
01-Aug-2026 00:20:56,-178.642983576458,-50.5359966299418,0,25,25,25,5,-50.5359966299418
01-Aug-2026 00:20:58,-174.137299183119,-46.0303122366027,0,25,25,25,6,-46.0303122366027
01-Aug-2026 00:21:00,-173.795104890577,-45.6881179440609,0,24,24,24,5,-45.6881179440609
01-Aug-2026 00:21:02,-172.993143537529,-44.8861565910133,0,24,24,24,6,-44.8861565910133
01-Aug-2026 00:21:04,-177.427599007027,-49.3206120605113,0,24,24,24,5,-49.3206120605113
01-Aug-2026 00:21:06,-177.067222745759,-48.9602357992435,0,24,24,24,5,-48.9602357992435
01-Aug-2026 00:21:08,-174.840579190203,-46.7335922436868,0,24,24,24,5,-46.7335922436868
01-Aug-2026 00:21:10,-174.635620864371,-46.5286339178551,0,24,24,24,5,-46.5286339178551
01-Aug-2026 00:21:12,-174.708497765341,-46.6015108188253,0,24,24,24,6,-46.6015108188253
01-Aug-2026 00:21:14,-176.364840150347,-48.257853203831,0,24,24,24,5,-48.257853203831
01-Aug-2026 00:21:16,-176.4970723906,-48.3900854440842,0,25,25,25,5,-48.3900854440842
01-Aug-2026 00:21:18,-176.073243178506,-47.9662562319906,0,25,25,25,5,-47.9662562319906
01-Aug-2026 00:21:20,-169.97483977901,-41.867852832494,0,25,25,25,5,-41.867852832494
01-Aug-2026 00:21:22,-170.238007326198,-42.1310203796816,0,25,25,25,5,-42.1310203796816
01-Aug-2026 00:21:24,-169.537392982338,-41.430406035822,0,25,25,25,4,-41.430406035822
01-Aug-2026 00:21:26,-168.886925233057,-40.7799382865407,0,25,25,25,6,-40.7799382865407
01-Aug-2026 00:21:28,-168.775786162499,-40.6687992159831,0,25,25,25,7,-40.6687992159831
01-Aug-2026 00:21:30,-166.473656307528,-38.3666693610123,0,25,25,25,8,-38.3666693610123
01-Aug-2026 00:21:32,-165.820547072273,-37.7135601257567,0,25,25,25,8,-37.7135601257567
01-Aug-2026 00:21:34,-170.524204593401,-42.4172176468852,0,25,25,25,6,-42.4172176468852
01-Aug-2026 00:21:36,-170.477438878591,-42.3704519320756,0,25,25,25,6,-42.3704519320756
01-Aug-2026 00:21:38,-170.299695035827,-42.1927080893114,0,25,25,25,7,-42.1927080893114
01-Aug-2026 00:21:40,-187.042068347651,-58.9350814011348,0,25,25,25,6,-58.9350814011348
01-Aug-2026 00:21:42,-186.746464797698,-58.6394778511826,0,25,25,25,6,-58.6394778511826
01-Aug-2026 00:21:44,-186.875382313232,-58.7683953667165,0,25,25,25,6,-58.7683953667165
01-Aug-2026 00:21:46,-187.135679798753,-59.0286928522375,0,25,25,25,6,-59.0286928522375
01-Aug-2026 00:21:48,-187.31863530134,-59.211648354824,0,26,26,26,5,-59.211648354824
01-Aug-2026 00:21:50,-187.665724996546,-59.55873805003,0,26,26,26,5,-59.55873805003
01-Aug-2026 00:21:52,-188.290074049009,-60.1830871024936,0,26,26,26,4,-60.1830871024936
01-Aug-2026 00:21:54,-188.082136542045,-59.9751495955295,0,26,26,26,4,-59.9751495955295
01-Aug-2026 00:21:56,-188.091429314708,-59.984442368192,0,26,26,26,4,-59.984442368192
01-Aug-2026 00:21:58,-188.581124678412,-60.4741377318961,0,26,26,26,4,-60.4741377318961
01-Aug-2026 00:22:00,-189.218654609522,-61.1116676630063,0,26,26,26,3,-61.1116676630063
01-Aug-2026 00:22:02,-189.18893626686,-61.0819493203439,0,26,26,26,3,-61.0819493203439
01-Aug-2026 00:22:04,-189.591615967116,-61.4846290205999,0,26,26,26,3,-61.4846290205999
01-Aug-2026 00:22:06,-188.636269386436,-60.5292824399202,0,26,26,26,4,-60.5292824399202
01-Aug-2026 00:22:08,-187.936879961155,-59.8298930146393,0,26,26,26,5,-59.8298930146393
01-Aug-2026 00:22:10,-188.934066154201,-60.8270792076856,0,27,27,27,4,-60.8270792076856
01-Aug-2026 00:22:12,-190.337235599778,-62.2302486532619,0,27,27,27,3,-62.2302486532619
01-Aug-2026 00:22:14,-192.060537142594,-63.9535501960781,0,27,27,27,2,-63.9535501960781
01-Aug-2026 00:22:16,-192.199490785327,-64.0925038388114,0,27,27,27,2,-64.0925038388114
01-Aug-2026 00:22:18,-192.579163833055,-64.4721768865392,0,28,28,28,2,-64.4721768865392
01-Aug-2026 00:22:20,-192.953410828215,-64.8464238816995,0,29,29,29,2,-64.8464238816995
01-Aug-2026 00:22:22,-193.208056539657,-65.1010695931415,0,29,29,29,2,-65.1010695931415
01-Aug-2026 00:22:24,-190.005554535665,-61.8985675891489,0,29,29,29,3,-61.8985675891489
01-Aug-2026 00:22:26,-189.78346256722,-61.6764756207045,0,30,30,30,3,-61.6764756207045
01-Aug-2026 00:22:28,-189.85342805452,-61.7464411080037,0,30,30,30,3,-61.7464411080037
01-Aug-2026 00:22:30,-189.65123177117,-61.5442448246542,0,30,30,30,3,-61.5442448246542
01-Aug-2026 00:22:32,-187.21113935581,-59.1041524092943,0,30,30,30,4,-59.1041524092943
01-Aug-2026 00:22:34,-187.353426155202,-59.2464392086863,0,30,30,30,4,-59.2464392086863
01-Aug-2026 00:22:36,-186.827949851723,-58.7209629052073,0,30,30,30,5,-58.7209629052073
01-Aug-2026 00:22:38,-186.580196092726,-58.4732091462105,0,29,29,29,6,-58.4732091462105
01-Aug-2026 00:22:40,-186.525345369517,-58.4183584230012,0,29,29,29,6,-58.4183584230012
01-Aug-2026 00:22:42,-186.60604136202,-58.4990544155046,0,29,29,29,6,-58.4990544155046
01-Aug-2026 00:22:44,-186.504062523672,-58.3970755771562,0,28,28,28,6,-58.3970755771562
01-Aug-2026 00:22:46,-188.552984938632,-60.4459979921164,0,29,29,29,5,-60.4459979921164
01-Aug-2026 00:22:48,-188.478513784176,-60.3715268376598,0,29,29,29,5,-60.3715268376598
01-Aug-2026 00:22:50,-187.936978232151,-59.8299912856351,0,29,29,29,5,-59.8299912856351
01-Aug-2026 00:22:52,-188.805185395433,-60.6981984489175,0,29,29,29,4,-60.6981984489175
01-Aug-2026 00:22:54,-190.267963859362,-62.1609769128461,0,29,29,29,2,-62.1609769128461
01-Aug-2026 00:22:56,-178.57095657803,-50.4639696315137,0,28,28,28,4,-50.4639696315137
01-Aug-2026 00:22:58,-178.579469247361,-50.4724823008447,0,28,28,28,4,-50.4724823008447
01-Aug-2026 00:23:00,-178.441546686356,-50.3345597398404,0,28,28,28,6,-50.3345597398404
01-Aug-2026 00:23:02,-178.327149544353,-50.220162597837,0,28,28,28,6,-50.220162597837
01-Aug-2026 00:23:04,-178.357517882766,-50.25053093625,0,27,27,27,5,-50.25053093625
01-Aug-2026 00:23:06,-178.248478148918,-50.141491202402,0,26,26,26,5,-50.141491202402
01-Aug-2026 00:23:08,-178.193547879782,-50.0865609332665,0,26,26,26,5,-50.0865609332665
01-Aug-2026 00:23:10,-178.075026616496,-49.9680396699797,0,25,25,25,4,-49.9680396699797
01-Aug-2026 00:23:12,-178.035214227202,-49.9282272806866,0,25,25,25,4,-49.9282272806866
01-Aug-2026 00:23:14,-174.492375252835,-46.3853883063188,0,25,25,25,5,-46.3853883063188
01-Aug-2026 00:23:16,-174.229791693844,-46.1228047473286,0,25,25,25,5,-46.1228047473286
01-Aug-2026 00:23:18,-178.154543399271,-50.0475564527554,0,25,25,25,3,-50.0475564527554
01-Aug-2026 00:23:20,-177.977748900399,-49.8707619538835,0,25,25,25,4,-49.8707619538835
01-Aug-2026 00:23:22,-177.919641414908,-49.8126544683919,0,25,25,25,4,-49.8126544683919
01-Aug-2026 00:23:24,-177.810801372064,-49.7038144255482,0,25,25,25,4,-49.7038144255482
01-Aug-2026 00:23:26,-177.901063055459,-49.7940761089436,0,26,26,26,4,-49.7940761089436
01-Aug-2026 00:23:28,-178.004950863516,-49.8979639169999,0,26,26,26,4,-49.8979639169999
01-Aug-2026 00:23:30,-178.527321437833,-50.4203344913174,0,26,26,26,3,-50.4203344913174
01-Aug-2026 00:23:32,-175.23929737914,-47.1323104326243,0,26,26,26,4,-47.1323104326243
01-Aug-2026 00:23:34,-175.152285201591,-47.0452982550747,0,26,26,26,5,-47.0452982550747
01-Aug-2026 00:23:36,-175.384749162918,-47.2777622164021,0,26,26,26,5,-47.2777622164021
01-Aug-2026 00:23:38,-175.186072397213,-47.0790854506974,0,26,26,26,5,-47.0790854506974
01-Aug-2026 00:23:40,-175.258781818424,-47.1517948719079,0,25,25,25,5,-47.1517948719079
01-Aug-2026 00:23:42,-175.196328456555,-47.089341510039,0,26,26,26,6,-47.089341510039
01-Aug-2026 00:23:44,-175.140146986609,-47.033160040093,0,26,26,26,5,-47.033160040093
01-Aug-2026 00:23:46,-175.065534351523,-46.9585474050073,0,26,26,26,4,-46.9585474050073
01-Aug-2026 00:23:48,-174.574281278416,-46.4672943319006,0,26,26,26,4,-46.4672943319006
01-Aug-2026 00:23:50,-174.371531363322,-46.2645444168064,0,26,26,26,4,-46.2645444168064
01-Aug-2026 00:23:52,-174.272242186004,-46.1652552394881,0,26,26,26,4,-46.1652552394881
01-Aug-2026 00:23:54,-174.037025671416,-45.9300387249005,0,26,26,26,4,-45.9300387249005
01-Aug-2026 00:23:56,-174.125819468081,-46.0188325215651,0,26,26,26,3,-46.0188325215651
01-Aug-2026 00:23:58,-173.792929048222,-45.6859421017061,0,26,26,26,4,-45.6859421017061
01-Aug-2026 00:24:00,-173.643046640714,-45.5360596941985,0,26,26,26,4,-45.5360596941985
01-Aug-2026 00:24:02,-173.52990016055,-45.4229132140343,0,26,26,26,7,-45.4229132140343
01-Aug-2026 00:24:04,-173.718736142056,-45.6117491955405,0,26,26,26,7,-45.6117491955405
01-Aug-2026 00:24:06,-173.213505011867,-45.1065180653512,0,26,26,26,7,-45.1065180653512
01-Aug-2026 00:24:08,-172.863720907058,-44.7567339605425,0,26,26,26,7,-44.7567339605425
01-Aug-2026 00:24:10,-173.06056191911,-44.9535749725937,0,26,26,26,7,-44.9535749725937
01-Aug-2026 00:24:12,-172.986728823225,-44.8797418767088,0,26,26,26,8,-44.8797418767088
01-Aug-2026 00:24:14,-172.816490017284,-44.7095030707677,0,26,26,26,8,-44.7095030707677
01-Aug-2026 00:24:16,-172.959684138245,-44.8526971917291,0,26,26,26,8,-44.8526971917291
01-Aug-2026 00:24:18,-173.278893415293,-45.1719064687775,0,26,26,26,7,-45.1719064687775
01-Aug-2026 00:24:20,-173.400525506953,-45.2935385604369,0,26,26,26,7,-45.2935385604369
01-Aug-2026 00:24:22,-173.590288835592,-45.483301889076,0,26,26,26,7,-45.483301889076
01-Aug-2026 00:24:24,-173.718824491367,-45.6118375448515,0,26,26,26,7,-45.6118375448515
01-Aug-2026 00:24:26,-173.686730794332,-45.5797438478163,0,26,26,26,7,-45.5797438478163
01-Aug-2026 00:24:28,-173.661190257184,-45.5542033106686,0,26,26,26,7,-45.5542033106686
01-Aug-2026 00:24:30,-173.664499706595,-45.5575127600793,0,27,27,27,6,-45.5575127600793
01-Aug-2026 00:24:32,-173.302003588352,-45.1950166418364,0,27,27,27,5,-45.1950166418364
01-Aug-2026 00:24:34,-173.458172935231,-45.3511859887151,0,26,26,26,5,-45.3511859887151
01-Aug-2026 00:24:36,-173.757069612388,-45.6500826658724,0,26,26,26,5,-45.6500826658724
01-Aug-2026 00:24:38,-173.208128242114,-45.1011412955984,0,26,26,26,5,-45.1011412955984
01-Aug-2026 00:24:40,-174.350314465745,-46.243327519229,0,27,27,27,5,-46.243327519229
01-Aug-2026 00:24:42,-174.919720657752,-46.812733711236,0,26,26,26,4,-46.812733711236
01-Aug-2026 00:24:44,-191.072303435411,-62.9653164888955,0,26,26,26,4,-62.9653164888955
01-Aug-2026 00:24:46,-191.188995883401,-63.0820089368853,0,26,26,26,4,-63.0820089368853
01-Aug-2026 00:24:48,-191.102135666082,-62.995148719566,0,26,26,26,4,-62.995148719566
01-Aug-2026 00:24:50,-191.24142561451,-63.1344386679945,0,26,26,26,4,-63.1344386679945
01-Aug-2026 00:24:52,-172.492882570163,-44.3858956236467,0,24,24,24,5,-44.3858956236467
01-Aug-2026 00:24:54,-171.884324060501,-43.7773371139847,0,24,24,24,5,-43.7773371139847
01-Aug-2026 00:24:56,-170.87592066259,-42.7689337160737,0,24,24,24,5,-42.7689337160737
01-Aug-2026 00:24:58,-170.759415949692,-42.6524290031758,0,24,24,24,5,-42.6524290031758
01-Aug-2026 00:25:00,-168.992800346505,-40.8858133999895,0,24,24,24,5,-40.8858133999895
01-Aug-2026 00:25:02,-168.925463468821,-40.8184765223056,0,25,25,25,5,-40.8184765223056
01-Aug-2026 00:25:04,-168.799105235035,-40.6921182885193,0,25,25,25,5,-40.6921182885193
01-Aug-2026 00:25:06,-167.959925121558,-39.8529381750419,0,25,25,25,5,-39.8529381750419
01-Aug-2026 00:25:08,-167.248841816057,-39.1418548695414,0,25,25,25,6,-39.1418548695414
01-Aug-2026 00:25:10,-173.216150056388,-45.1091631098719,0,25,25,25,6,-45.1091631098719
01-Aug-2026 00:25:12,-172.94050778317,-44.8335208366538,0,25,25,25,8,-44.8335208366538
01-Aug-2026 00:25:14,-172.795605907132,-44.6886189606163,0,25,25,25,7,-44.6886189606163
01-Aug-2026 00:25:16,-172.836070370282,-44.7290834237658,0,25,25,25,7,-44.7290834237658
01-Aug-2026 00:25:18,-172.190943189137,-44.0839562426208,0,25,25,25,8,-44.0839562426208
01-Aug-2026 00:25:20,-171.724651826549,-43.6176648800336,0,25,25,25,8,-43.6176648800336
01-Aug-2026 00:25:22,-171.149702371312,-43.0427154247963,0,25,25,25,6,-43.0427154247963
01-Aug-2026 00:25:24,-170.514201589177,-42.4072146426608,0,25,25,25,5,-42.4072146426608
01-Aug-2026 00:25:26,-170.517469354945,-42.4104824084294,0,25,25,25,6,-42.4104824084294
01-Aug-2026 00:25:28,-169.986541032278,-41.8795540857622,0,25,25,25,6,-41.8795540857622
01-Aug-2026 00:25:30,-169.437984314317,-41.3309973678011,0,25,25,25,7,-41.3309973678011
01-Aug-2026 00:25:32,-169.500463260194,-41.3934763136782,0,25,25,25,7,-41.3934763136782
01-Aug-2026 00:25:34,-169.422447344756,-41.3154603982402,0,25,25,25,8,-41.3154603982402
01-Aug-2026 00:25:36,-169.735918633516,-41.6289316869999,0,25,25,25,8,-41.6289316869999
01-Aug-2026 00:25:38,-169.528775716591,-41.4217887700754,0,25,25,25,8,-41.4217887700754
01-Aug-2026 00:25:40,-169.409463498837,-41.3024765523207,0,25,25,25,8,-41.3024765523207
01-Aug-2026 00:25:42,-168.834290892523,-40.7273039460072,0,26,26,26,8,-40.7273039460072
01-Aug-2026 00:25:44,-168.909448823056,-40.8024618765403,0,26,26,26,7,-40.8024618765403
01-Aug-2026 00:25:46,-168.678448729785,-40.5714617832689,0,26,26,26,7,-40.5714617832689
01-Aug-2026 00:25:48,-168.20248036573,-40.0954934192144,0,26,26,26,7,-40.0954934192144
01-Aug-2026 00:25:50,-168.223673134793,-40.1166861882768,0,26,26,26,5,-40.1166861882768
01-Aug-2026 00:25:52,-168.008684942361,-39.9016979958447,0,26,26,26,5,-39.9016979958447
01-Aug-2026 00:25:54,-167.372414040651,-39.2654270941349,0,26,26,26,5,-39.2654270941349
01-Aug-2026 00:25:56,-167.297155107451,-39.1901681609347,0,26,26,26,5,-39.1901681609347
01-Aug-2026 00:25:58,-167.223576055071,-39.1165891085552,0,27,27,27,6,-39.1165891085552
01-Aug-2026 00:26:00,-191.778119515283,-63.6711325687671,0,28,28,28,5,-63.6711325687671
01-Aug-2026 00:26:02,-192.101604826211,-63.9946178796952,0,28,28,28,5,-63.9946178796952
01-Aug-2026 00:26:04,-191.042033911228,-62.9350469647118,0,28,28,28,6,-62.9350469647118
01-Aug-2026 00:26:06,-191.085980164448,-62.9789932179324,0,28,28,28,6,-62.9789932179324
01-Aug-2026 00:26:08,-191.663199436341,-63.556212489825,0,28,28,28,5,-63.556212489825
01-Aug-2026 00:26:10,-184.179376508058,-56.0723895615426,0,29,29,29,7,-56.0723895615426
01-Aug-2026 00:26:12,-174.284422963683,-46.1774360171672,0,29,29,29,9,-46.1774360171672
01-Aug-2026 00:26:14,-174.303266749004,-46.196279802488,0,29,29,29,9,-46.196279802488
01-Aug-2026 00:26:16,-183.755753537287,-55.6487665907714,0,30,30,30,7,-55.6487665907714
01-Aug-2026 00:26:18,-183.795491664695,-55.6885047181795,0,30,30,30,8,-55.6885047181795
01-Aug-2026 00:26:20,-157.823087753505,-29.7161008069896,0,30,30,30,9,-29.7161008069896
01-Aug-2026 00:26:22,-157.914803521447,-29.8078165749313,0,30,30,30,8,-29.8078165749313
01-Aug-2026 00:26:24,-157.113331737822,-29.0063447913064,0,30,30,30,8,-29.0063447913064
01-Aug-2026 00:26:26,-156.513499224766,-28.4065122782501,0,30,30,30,7,-28.4065122782501
01-Aug-2026 00:26:28,-156.225634390695,-28.118647444179,0,29,29,29,8,-28.118647444179
01-Aug-2026 00:26:30,-156.06486557066,-27.9578786241438,0,29,29,29,8,-27.9578786241438
01-Aug-2026 00:26:32,-155.767276397515,-27.6602894509989,0,29,29,29,6,-27.6602894509989
01-Aug-2026 00:26:34,-152.436078250171,-24.3290913036554,0,28,28,28,6,-24.3290913036554
01-Aug-2026 00:26:36,-151.963157946023,-23.8561709995074,0,29,29,29,7,-23.8561709995074
01-Aug-2026 00:26:38,-153.23384522667,-25.1268582801542,0,29,29,29,6,-25.1268582801542
01-Aug-2026 00:26:40,-153.859744566512,-25.7527576199963,0,29,29,29,6,-25.7527576199963
01-Aug-2026 00:26:42,-156.139193584885,-28.0322066383693,0,29,29,29,7,-28.0322066383693
01-Aug-2026 00:26:44,-156.780229488016,-28.6732425415006,0,29,29,29,7,-28.6732425415006
01-Aug-2026 00:26:46,-157.338740690942,-29.2317537444261,0,28,28,28,8,-29.2317537444261
01-Aug-2026 00:26:48,-159.02160514452,-30.9146181980045,0,28,28,28,8,-30.9146181980045
01-Aug-2026 00:26:50,-159.318301893042,-31.2113149465264,0,27,27,27,6,-31.2113149465264
01-Aug-2026 00:26:52,-160.049345756623,-31.9423588101068,0,27,27,27,7,-31.9423588101068
01-Aug-2026 00:26:54,-160.583771298748,-32.4767843522321,0,27,27,27,7,-32.4767843522321
01-Aug-2026 00:26:56,-161.155124104501,-33.0481371579854,0,27,27,27,8,-33.0481371579854
01-Aug-2026 00:26:58,-161.593844210929,-33.4868572644135,0,26,26,26,8,-33.4868572644135
01-Aug-2026 00:27:00,-183.935003086501,-55.8280161399851,0,25,25,25,6,-55.8280161399851
01-Aug-2026 00:27:02,-181.9812687185,-53.8742817719841,0,26,26,26,7,-53.8742817719841
01-Aug-2026 00:27:04,-182.506826004274,-54.3998390577581,0,26,26,26,6,-54.3998390577581
01-Aug-2026 00:27:06,-182.860157902971,-54.7531709564553,0,26,26,26,7,-54.7531709564553
01-Aug-2026 00:27:08,-182.976370239176,-54.8693832926598,0,26,26,26,6,-54.8693832926598
01-Aug-2026 00:27:10,-180.414934809973,-52.3079478634573,0,26,26,26,7,-52.3079478634573
01-Aug-2026 00:27:12,-180.528975105515,-52.421988158999,0,26,26,26,7,-52.421988158999
01-Aug-2026 00:27:14,-180.260548717384,-52.153561770868,0,26,26,26,7,-52.153561770868
01-Aug-2026 00:27:16,-181.674469408171,-53.5674824616551,0,26,26,26,6,-53.5674824616551
01-Aug-2026 00:27:18,-181.127519641554,-53.0205326950386,0,26,26,26,6,-53.0205326950386
01-Aug-2026 00:27:20,-181.828472402193,-53.7214854556775,0,26,26,26,6,-53.7214854556775
01-Aug-2026 00:27:22,-182.622053942027,-54.515066995511,0,26,26,26,5,-54.515066995511
01-Aug-2026 00:27:24,-181.98860731093,-53.8816203644137,0,25,25,25,3,-53.8816203644137
01-Aug-2026 00:27:26,-181.2906282846,-53.1836413380842,0,25,25,25,3,-53.1836413380842
01-Aug-2026 00:27:28,-181.555253700651,-53.4482667541356,0,25,25,25,3,-53.4482667541356
01-Aug-2026 00:27:30,-181.973850599107,-53.866863652591,0,25,25,25,4,-53.866863652591
01-Aug-2026 00:27:32,-181.394626610728,-53.2876396642117,0,25,25,25,4,-53.2876396642117
01-Aug-2026 00:27:34,-181.22111329248,-53.1141263459646,0,25,25,25,4,-53.1141263459646
01-Aug-2026 00:27:36,-168.813021264794,-40.7060343182783,0,25,25,25,4,-40.7060343182783
01-Aug-2026 00:27:38,-167.986265646058,-39.8792786995425,0,25,25,25,4,-39.8792786995425
01-Aug-2026 00:27:40,-168.056030333278,-39.9490433867621,0,26,26,26,4,-39.9490433867621
01-Aug-2026 00:27:42,-167.992238895181,-39.8852519486653,0,26,26,26,4,-39.8852519486653
01-Aug-2026 00:27:44,-168.820512253664,-40.7135253071486,0,26,26,26,4,-40.7135253071486
01-Aug-2026 00:27:46,-181.028626726568,-52.9216397800518,0,26,26,26,4,-52.9216397800518
01-Aug-2026 00:27:48,-181.079743672355,-52.9727567258394,0,26,26,26,5,-52.9727567258394
01-Aug-2026 00:27:50,-181.524888504131,-53.4179015576151,0,26,26,26,5,-53.4179015576151
01-Aug-2026 00:27:52,-181.65304082927,-53.5460538827546,0,26,26,26,5,-53.5460538827546
01-Aug-2026 00:27:54,-181.310943494718,-53.2039565482022,0,26,26,26,5,-53.2039565482022
01-Aug-2026 00:27:56,-182.044282407458,-53.9372954609418,0,26,26,26,5,-53.9372954609418
01-Aug-2026 00:27:58,-181.659418862693,-53.5524319161776,0,26,26,26,4,-53.5524319161776
01-Aug-2026 00:28:00,-181.931448240562,-53.8244612940459,0,26,26,26,4,-53.8244612940459
01-Aug-2026 00:28:02,-182.071086043136,-53.9640990966201,0,26,26,26,4,-53.9640990966201
01-Aug-2026 00:28:04,-181.62467985381,-53.5176929072938,0,25,25,25,4,-53.5176929072938
01-Aug-2026 00:28:06,-174.465334947087,-46.3583480005709,0,25,25,25,5,-46.3583480005709
01-Aug-2026 00:28:08,-174.469277070179,-46.3622901236627,0,26,26,26,4,-46.3622901236627
01-Aug-2026 00:28:10,-174.039049794725,-45.932062848209,0,26,26,26,4,-45.932062848209
01-Aug-2026 00:28:12,-173.935100550052,-45.8281136035358,0,26,26,26,4,-45.8281136035358
01-Aug-2026 00:28:14,-174.307353929901,-46.2003669833856,0,26,26,26,5,-46.2003669833856
01-Aug-2026 00:28:16,-173.760463403069,-45.6534764565535,0,26,26,26,5,-45.6534764565535
01-Aug-2026 00:28:18,-173.975590662817,-45.8686037163012,0,27,27,27,4,-45.8686037163012
01-Aug-2026 00:28:20,-182.260563935128,-54.1535769886117,0,27,27,27,3,-54.1535769886117
01-Aug-2026 00:28:22,-181.886015431352,-53.7790284848359,0,27,27,27,3,-53.7790284848359
01-Aug-2026 00:28:24,-182.018058088647,-53.9110711421313,0,27,27,27,3,-53.9110711421313
01-Aug-2026 00:28:26,-181.922004992921,-53.8150180464053,0,26,26,26,3,-53.8150180464053
01-Aug-2026 00:28:28,-175.999608655354,-47.8926217088377,0,26,26,26,4,-47.8926217088377
01-Aug-2026 00:28:30,-175.886619415241,-47.7796324687248,0,26,26,26,4,-47.7796324687248
01-Aug-2026 00:28:32,-176.402317977449,-48.2953310309335,0,26,26,26,4,-48.2953310309335
01-Aug-2026 00:28:34,-177.147267840163,-49.0402808936467,0,26,26,26,4,-49.0402808936467
01-Aug-2026 00:28:36,-182.892585456977,-54.7855985104612,0,26,26,26,3,-54.7855985104612
01-Aug-2026 00:28:38,-182.591466305395,-54.4844793588788,0,26,26,26,3,-54.4844793588788
01-Aug-2026 00:28:40,-182.939889986673,-54.8329030401574,0,26,26,26,3,-54.8329030401574
01-Aug-2026 00:28:42,-183.542026599114,-55.435039652598,0,26,26,26,3,-55.435039652598
01-Aug-2026 00:28:44,-183.950442373513,-55.8434554269973,0,25,25,25,3,-55.8434554269973
01-Aug-2026 00:28:46,-183.903128494678,-55.7961415481624,0,25,25,25,3,-55.7961415481624
01-Aug-2026 00:28:48,-185.390398523325,-57.2834115768086,0,25,25,25,2,-57.2834115768086
01-Aug-2026 00:28:50,-198.464666906858,-70.3576799603426,0,26,26,26,1,-70.3576799603426
01-Aug-2026 00:28:52,-198.518303633908,-70.4113166873926,0,26,26,26,1,-70.4113166873926
01-Aug-2026 00:28:54,-198.39580865913,-70.2888217126145,0,25,25,25,1,-70.2888217126145
01-Aug-2026 00:28:56,-172.423395934744,-44.3164089882277,0,25,25,25,2,-44.3164089882277
01-Aug-2026 00:28:58,-172.728032012094,-44.6210450655777,0,25,25,25,2,-44.6210450655777
01-Aug-2026 00:29:00,-173.384685601559,-45.2776986550429,0,25,25,25,3,-45.2776986550429
01-Aug-2026 00:29:02,-173.572994634113,-45.466007687597,0,25,25,25,3,-45.466007687597
01-Aug-2026 00:29:04,-172.259965953963,-44.1529790074471,0,25,25,25,5,-44.1529790074471
01-Aug-2026 00:29:06,-172.138238992037,-44.0312520455213,0,25,25,25,5,-44.0312520455213
01-Aug-2026 00:29:08,-172.009966267578,-43.9029793210621,0,25,25,25,4,-43.9029793210621
01-Aug-2026 00:29:10,-171.475160409706,-43.3681734631903,0,25,25,25,4,-43.3681734631903
01-Aug-2026 00:29:12,-171.799964614435,-43.6929776679195,0,25,25,25,3,-43.6929776679195
01-Aug-2026 00:29:14,-170.905034493722,-42.7980475472065,0,25,25,25,3,-42.7980475472065
01-Aug-2026 00:29:16,-171.159842205483,-43.052855258967,0,25,25,25,3,-43.052855258967
01-Aug-2026 00:29:18,-170.998691405474,-42.8917044589577,0,25,25,25,2,-42.8917044589577
01-Aug-2026 00:29:20,-170.794348733132,-42.6873617866166,0,25,25,25,3,-42.6873617866166
01-Aug-2026 00:29:22,-170.696077240702,-42.5890902941864,0,25,25,25,3,-42.5890902941864
01-Aug-2026 00:29:24,-170.319620981989,-42.2126340354733,0,25,25,25,3,-42.2126340354733
01-Aug-2026 00:29:26,-170.080588045392,-41.973601098876,0,25,25,25,3,-41.973601098876
01-Aug-2026 00:29:28,-169.708299617965,-41.601312671449,0,25,25,25,3,-41.601312671449
01-Aug-2026 00:29:30,-169.171218000938,-41.0642310544223,0,25,25,25,3,-41.0642310544223
01-Aug-2026 00:29:32,-189.084051046998,-60.9770641004818,0,25,25,25,1,-60.9770641004818
01-Aug-2026 00:29:34,-189.869076177066,-61.7620892305499,0,25,25,25,1,-61.7620892305499
01-Aug-2026 00:29:36,-190.270766473901,-62.1637795273851,0,26,26,26,1,-62.1637795273851
01-Aug-2026 00:29:38,-190.5201828136,-62.4131958670841,0,26,26,26,1,-62.4131958670841
01-Aug-2026 00:29:40,-190.621758717368,-62.5147717708521,0,27,27,27,1,-62.5147717708521
01-Aug-2026 00:29:42,-3076.52655568589,-2948.41956873937,0,27,27,27,0,-2948.41956873937
01-Aug-2026 00:29:44,-203.504398085273,-75.3974111387567,0,27,27,27,1,-75.3974111387567
01-Aug-2026 00:29:46,-203.592252785241,-75.4852658387256,0,27,27,27,1,-75.4852658387256
01-Aug-2026 00:29:48,-203.917765189225,-75.8107782427094,0,27,27,27,1,-75.8107782427094
01-Aug-2026 00:29:50,-169.321848949984,-41.2148620034678,0,27,27,27,2,-41.2148620034678
01-Aug-2026 00:29:52,-168.718600360957,-40.6116134144413,0,28,28,28,3,-40.6116134144413
01-Aug-2026 00:29:54,-168.896754786389,-40.7897678398728,0,28,28,28,4,-40.7897678398728
01-Aug-2026 00:29:56,-188.055978056188,-59.9489911096723,0,28,28,28,4,-59.9489911096723
01-Aug-2026 00:29:58,-197.25538786401,-69.1484009174937,0,28,28,28,3,-69.1484009174937
01-Aug-2026 00:30:00,-197.323356473796,-69.2163695272799,0,29,29,29,3,-69.2163695272799
01-Aug-2026 00:30:02,-166.405563842619,-38.2985768961031,0,29,29,29,4,-38.2985768961031
01-Aug-2026 00:30:04,-166.537785815822,-38.4307988693066,0,29,29,29,3,-38.4307988693066
01-Aug-2026 00:30:06,-166.375612493863,-38.2686255473469,0,30,30,30,2,-38.2686255473469
01-Aug-2026 00:30:08,-3076.52655568589,-2948.41956873937,0,30,30,30,0,-2948.41956873937
01-Aug-2026 00:30:10,-195.453447096658,-67.3464601501422,0,30,30,30,1,-67.3464601501422
01-Aug-2026 00:30:12,-195.040369072958,-66.9333821264426,0,30,30,30,1,-66.9333821264426
01-Aug-2026 00:30:14,-195.178131592097,-67.0711446455814,0,30,30,30,1,-67.0711446455814
01-Aug-2026 00:30:16,-194.514670393629,-66.4076834471127,0,30,30,30,1,-66.4076834471127
01-Aug-2026 00:30:18,-190.810454599624,-62.7034676531083,0,30,30,30,2,-62.7034676531083
01-Aug-2026 00:30:20,-191.066830915116,-62.9598439686003,0,29,29,29,2,-62.9598439686003
01-Aug-2026 00:30:22,-190.97204920892,-62.8650622624037,0,29,29,29,2,-62.8650622624037
01-Aug-2026 00:30:24,-190.925824763019,-62.8188378165028,0,29,29,29,2,-62.8188378165028
01-Aug-2026 00:30:26,-190.90713800776,-62.8001510612442,0,27,27,27,2,-62.8001510612442
01-Aug-2026 00:30:28,-190.80671777128,-62.6997308247643,0,28,28,28,2,-62.6997308247643
01-Aug-2026 00:30:30,-190.646468319148,-62.5394813726321,0,28,28,28,2,-62.5394813726321
01-Aug-2026 00:30:32,-190.570104575934,-62.4631176294185,0,28,28,28,2,-62.4631176294185
01-Aug-2026 00:30:34,-183.142285401545,-55.0352984550295,0,28,28,28,4,-55.0352984550295
01-Aug-2026 00:30:36,-168.610055833292,-40.5030688867762,0,28,28,28,5,-40.5030688867762
01-Aug-2026 00:30:38,-170.414576956759,-42.3075900102431,0,28,28,28,6,-42.3075900102431
01-Aug-2026 00:30:40,-171.584155948919,-43.4771690024035,0,28,28,28,7,-43.4771690024035
01-Aug-2026 00:30:42,-172.337461148145,-44.2304742016296,0,28,28,28,7,-44.2304742016296
01-Aug-2026 00:30:44,-172.975828156017,-44.8688412095011,0,28,28,28,5,-44.8688412095011
01-Aug-2026 00:30:46,-173.86639993559,-45.7594129890737,0,28,28,28,5,-45.7594129890737
01-Aug-2026 00:30:48,-174.633232837911,-46.5262458913948,0,28,28,28,5,-46.5262458913948
01-Aug-2026 00:30:50,-169.76178160944,-41.6547946629244,0,27,27,27,5,-41.6547946629244
01-Aug-2026 00:30:52,-170.18287627131,-42.0758893247943,0,26,26,26,5,-42.0758893247943
01-Aug-2026 00:30:54,-170.454883948733,-42.3478970022169,0,26,26,26,6,-42.3478970022169
01-Aug-2026 00:30:56,-171.268273726211,-43.1612867796952,0,26,26,26,5,-43.1612867796952
01-Aug-2026 00:30:58,-171.044373041845,-42.9373860953289,0,26,26,26,6,-42.9373860953289
01-Aug-2026 00:31:00,-170.833299284706,-42.7263123381902,0,26,26,26,6,-42.7263123381902
01-Aug-2026 00:31:02,-170.348171769819,-42.2411848233035,0,26,26,26,7,-42.2411848233035
01-Aug-2026 00:31:04,-169.864574829378,-41.7575878828619,0,26,26,26,7,-41.7575878828619
01-Aug-2026 00:31:06,-169.932112960475,-41.8251260139589,0,26,26,26,5,-41.8251260139589
01-Aug-2026 00:31:08,-170.002414926317,-41.8954279798008,0,25,25,25,4,-41.8954279798008
01-Aug-2026 00:31:10,-170.120394620618,-42.0134076741021,0,25,25,25,4,-42.0134076741021
01-Aug-2026 00:31:12,-170.607091688346,-42.5001047418297,0,25,25,25,4,-42.5001047418297
01-Aug-2026 00:31:14,-170.427751012429,-42.3207640659127,0,25,25,25,5,-42.3207640659127
01-Aug-2026 00:31:16,-169.822504190849,-41.7155172443332,0,25,25,25,5,-41.7155172443332
01-Aug-2026 00:31:18,-169.460823226496,-41.35383627998,0,25,25,25,3,-41.35383627998
01-Aug-2026 00:31:20,-169.195759623946,-41.0887726774297,0,25,25,25,3,-41.0887726774297
01-Aug-2026 00:31:22,-168.322932965726,-40.21594601921,0,25,25,25,3,-40.21594601921
01-Aug-2026 00:31:24,-168.845828773263,-40.7388418267475,0,25,25,25,3,-40.7388418267475
01-Aug-2026 00:31:26,-168.862660722957,-40.7556737764415,0,25,25,25,4,-40.7556737764415
01-Aug-2026 00:31:28,-168.68645429717,-40.5794673506544,0,25,25,25,4,-40.5794673506544
01-Aug-2026 00:31:30,-169.372698302115,-41.2657113555995,0,25,25,25,5,-41.2657113555995
01-Aug-2026 00:31:32,-169.458140047243,-41.3511531007275,0,25,25,25,6,-41.3511531007275
01-Aug-2026 00:31:34,-169.535383331266,-41.4283963847506,0,25,25,25,6,-41.4283963847506
01-Aug-2026 00:31:36,-179.521743517399,-51.4147565708834,0,25,25,25,6,-51.4147565708834
01-Aug-2026 00:31:38,-180.013070901346,-51.9060839548297,0,26,26,26,5,-51.9060839548297
01-Aug-2026 00:31:40,-179.456042618674,-51.3490556721576,0,26,26,26,6,-51.3490556721576
01-Aug-2026 00:31:42,-179.377347868537,-51.2703609220214,0,26,26,26,6,-51.2703609220214
01-Aug-2026 00:31:44,-179.102305283435,-50.9953183369192,0,26,26,26,6,-50.9953183369192
01-Aug-2026 00:31:46,-179.305998497863,-51.199011551347,0,26,26,26,6,-51.199011551347
01-Aug-2026 00:31:48,-178.734938711007,-50.627951764491,0,26,26,26,7,-50.627951764491
01-Aug-2026 00:31:50,-178.908772921713,-50.8017859751967,0,25,25,25,6,-50.8017859751967
01-Aug-2026 00:31:52,-178.379191707608,-50.2722047610925,0,25,25,25,7,-50.2722047610925
01-Aug-2026 00:31:54,-184.80534585618,-56.698358909664,0,25,25,25,5,-56.698358909664
01-Aug-2026 00:31:56,-184.413663397056,-56.3066764505401,0,25,25,25,5,-56.3066764505401
01-Aug-2026 00:31:58,-184.905980721477,-56.7989937749614,0,25,25,25,5,-56.7989937749614
01-Aug-2026 00:32:00,-184.609656934736,-56.5026699882206,0,26,26,26,6,-56.5026699882206
01-Aug-2026 00:32:02,-184.706008541212,-56.5990215946963,0,26,26,26,6,-56.5990215946963
01-Aug-2026 00:32:04,-184.888347093473,-56.7813601469575,0,26,26,26,5,-56.7813601469575
01-Aug-2026 00:32:06,-187.593362606201,-59.4863756596847,0,26,26,26,4,-59.4863756596847
01-Aug-2026 00:32:08,-179.218402347989,-51.1114154014727,0,27,27,27,5,-51.1114154014727
01-Aug-2026 00:32:10,-179.600295796167,-51.4933088496516,0,27,27,27,5,-51.4933088496516
01-Aug-2026 00:32:12,-179.474164537063,-51.367177590547,0,27,27,27,7,-51.367177590547
01-Aug-2026 00:32:14,-179.737316517838,-51.6303295713219,0,27,27,27,6,-51.6303295713219
01-Aug-2026 00:32:16,-180.113579893655,-52.0065929471395,0,26,26,26,6,-52.0065929471395
01-Aug-2026 00:32:18,-179.357261679758,-51.250274733242,0,25,25,25,5,-51.250274733242
01-Aug-2026 00:32:20,-179.109397400695,-51.0024104541787,0,25,25,25,5,-51.0024104541787
01-Aug-2026 00:32:22,-178.735141411076,-50.6281544645601,0,26,26,26,5,-50.6281544645601
01-Aug-2026 00:32:24,-178.028092369513,-49.9211054229974,0,26,26,26,6,-49.9211054229974
01-Aug-2026 00:32:26,-178.063204095324,-49.9562171488086,0,26,26,26,5,-49.9562171488086
01-Aug-2026 00:32:28,-178.333710772234,-50.2267238257176,0,26,26,26,5,-50.2267238257176
01-Aug-2026 00:32:30,-178.159379022415,-50.0523920758994,0,26,26,26,5,-50.0523920758994
01-Aug-2026 00:32:32,-177.858132809674,-49.7511458631586,0,26,26,26,5,-49.7511458631586
01-Aug-2026 00:32:34,-177.651629817091,-49.5446428705751,0,26,26,26,6,-49.5446428705751
01-Aug-2026 00:32:36,-190.584604522718,-62.4776175762024,0,26,26,26,5,-62.4776175762024
01-Aug-2026 00:32:38,-189.031744028876,-60.9247570823597,0,26,26,26,6,-60.9247570823597
01-Aug-2026 00:32:40,-188.991396935646,-60.8844099891297,0,26,26,26,6,-60.8844099891297
01-Aug-2026 00:32:42,-189.33819913563,-61.2312121891146,0,26,26,26,6,-61.2312121891146
01-Aug-2026 00:32:44,-189.493120499793,-61.3861335532774,0,26,26,26,5,-61.3861335532774
01-Aug-2026 00:32:46,-189.572118187531,-61.4651312410147,0,26,26,26,5,-61.4651312410147
01-Aug-2026 00:32:48,-191.637887835225,-63.5309008887087,0,26,26,26,4,-63.5309008887087
01-Aug-2026 00:32:50,-192.121198205688,-64.0142112591718,0,26,26,26,3,-64.0142112591718
01-Aug-2026 00:32:52,-192.489665276701,-64.3826783301849,0,26,26,26,3,-64.3826783301849
01-Aug-2026 00:32:54,-192.533680263502,-64.4266933169863,0,25,25,25,3,-64.4266933169863
01-Aug-2026 00:32:56,-192.867202201238,-64.7602152547217,0,25,25,25,3,-64.7602152547217
01-Aug-2026 00:32:58,-186.64058411882,-58.533597172304,0,25,25,25,4,-58.533597172304
01-Aug-2026 00:33:00,-186.890651903611,-58.7836649570951,0,25,25,25,5,-58.7836649570951
01-Aug-2026 00:33:02,-187.026839511132,-58.9198525646163,0,25,25,25,5,-58.9198525646163
01-Aug-2026 00:33:04,-193.765546438565,-65.6585594920489,0,25,25,25,3,-65.6585594920489
01-Aug-2026 00:33:06,-194.159137883427,-66.0521509369115,0,25,25,25,3,-66.0521509369115
01-Aug-2026 00:33:08,-181.339410372278,-53.2324234257626,0,25,25,25,4,-53.2324234257626
01-Aug-2026 00:33:10,-181.645141578005,-53.5381546314894,0,25,25,25,5,-53.5381546314894
01-Aug-2026 00:33:12,-182.397266595507,-54.290279648991,0,25,25,25,4,-54.290279648991
01-Aug-2026 00:33:14,-182.337141147205,-54.2301542006891,0,25,25,25,3,-54.2301542006891
01-Aug-2026 00:33:16,-182.587617367431,-54.4806304209147,0,25,25,25,3,-54.4806304209147
01-Aug-2026 00:33:18,-181.034587244996,-52.92760029848,0,25,25,25,3,-52.92760029848
01-Aug-2026 00:33:20,-180.48180192606,-52.374814979544,0,25,25,25,3,-52.374814979544
01-Aug-2026 00:33:22,-181.629847444346,-53.5228604978301,0,26,26,26,3,-53.5228604978301
01-Aug-2026 00:33:24,-181.323112911484,-53.2161259649686,0,26,26,26,3,-53.2161259649686
01-Aug-2026 00:33:26,-180.641530561884,-52.5345436153679,0,26,26,26,2,-52.5345436153679
01-Aug-2026 00:33:28,-181.603076362687,-53.4960894161708,0,26,26,26,2,-53.4960894161708
01-Aug-2026 00:33:30,-174.803068401825,-46.6960814553091,0,27,27,27,4,-46.6960814553091
01-Aug-2026 00:33:32,-175.448437403201,-47.3414504566855,0,27,27,27,4,-47.3414504566855
01-Aug-2026 00:33:34,-180.948729804551,-52.841742858035,0,27,27,27,3,-52.841742858035
01-Aug-2026 00:33:36,-181.437442360846,-53.3304554143306,0,27,27,27,4,-53.3304554143306
01-Aug-2026 00:33:38,-180.23023907078,-52.123252124264,0,27,27,27,5,-52.123252124264
01-Aug-2026 00:33:40,-179.6191894766,-51.5122025300837,0,27,27,27,5,-51.5122025300837
01-Aug-2026 00:33:42,-179.367294294023,-51.2603073475068,0,28,28,28,6,-51.2603073475068
01-Aug-2026 00:33:44,-179.623872908868,-51.5168859623525,0,28,28,28,6,-51.5168859623525
01-Aug-2026 00:33:46,-179.264820917198,-51.1578339706821,0,28,28,28,6,-51.1578339706821
01-Aug-2026 00:33:48,-190.622420187857,-62.5154332413413,0,29,29,29,5,-62.5154332413413
01-Aug-2026 00:33:50,-172.338538028944,-44.2315510824279,0,29,29,29,6,-44.2315510824279
01-Aug-2026 00:33:52,-171.779273737368,-43.672286790852,0,29,29,29,5,-43.672286790852
01-Aug-2026 00:33:54,-172.196207506454,-44.0892205599382,0,29,29,29,4,-44.0892205599382
01-Aug-2026 00:33:56,-171.874635171369,-43.7676482248535,0,29,29,29,4,-43.7676482248535
01-Aug-2026 00:33:58,-171.94431135692,-43.8373244104041,0,30,30,30,5,-43.8373244104041
01-Aug-2026 00:34:00,-171.945095537927,-43.8381085914116,0,30,30,30,5,-43.8381085914116
01-Aug-2026 00:34:02,-172.320595017814,-44.213608071298,0,30,30,30,5,-44.213608071298
01-Aug-2026 00:34:04,-171.532178515642,-43.4251915691259,0,30,30,30,5,-43.4251915691259
01-Aug-2026 00:34:06,-171.752822958958,-43.6458360124422,0,29,29,29,5,-43.6458360124422
01-Aug-2026 00:34:08,-171.487595865705,-43.3806089191887,0,29,29,29,6,-43.3806089191887
01-Aug-2026 00:34:10,-170.922269133594,-42.8152821870785,0,28,28,28,6,-42.8152821870785
01-Aug-2026 00:34:12,-170.402158053738,-42.2951711072222,0,28,28,28,8,-42.2951711072222
01-Aug-2026 00:34:14,-170.369806742991,-42.2628197964748,0,28,28,28,7,-42.2628197964748
01-Aug-2026 00:34:16,-169.444076853337,-41.3370899068209,0,28,28,28,5,-41.3370899068209
01-Aug-2026 00:34:18,-169.164085185419,-41.057098238903,0,28,28,28,4,-41.057098238903
01-Aug-2026 00:34:20,-180.027425187435,-51.9204382409195,0,29,29,29,3,-51.9204382409195
01-Aug-2026 00:34:22,-179.26428309034,-51.1572961438238,0,29,29,29,3,-51.1572961438238
01-Aug-2026 00:34:24,-178.646258803385,-50.5392718568694,0,29,29,29,2,-50.5392718568694
01-Aug-2026 00:34:26,-178.261939599164,-50.1549526526478,0,29,29,29,2,-50.1549526526478
01-Aug-2026 00:34:28,-177.64841301617,-49.5414260696542,0,29,29,29,2,-49.5414260696542
01-Aug-2026 00:34:30,-172.197055797791,-44.0900688512752,0,29,29,29,4,-44.0900688512752
01-Aug-2026 00:34:32,-171.929733210322,-43.822746263806,0,28,28,28,4,-43.822746263806
01-Aug-2026 00:34:34,-171.438070730523,-43.3310837840073,0,28,28,28,4,-43.3310837840073
01-Aug-2026 00:34:36,-172.574063479921,-44.4670765334055,0,28,28,28,3,-44.4670765334055
01-Aug-2026 00:34:38,-193.994989315889,-65.8880023693732,0,28,28,28,2,-65.8880023693732
01-Aug-2026 00:34:40,-193.995452222308,-65.8884652757924,0,27,27,27,2,-65.8884652757924
01-Aug-2026 00:34:42,-178.562271214167,-50.455284267651,0,27,27,27,3,-50.455284267651
01-Aug-2026 00:34:44,-194.320247739047,-66.2132607925313,0,27,27,27,2,-66.2132607925313
01-Aug-2026 00:34:46,-195.823173083323,-67.7161861368068,0,26,26,26,1,-67.7161861368068
01-Aug-2026 00:34:48,-186.631828734742,-58.5248417882261,0,26,26,26,2,-58.5248417882261
01-Aug-2026 00:34:50,-186.64755371645,-58.5405667699343,0,25,25,25,2,-58.5405667699343
01-Aug-2026 00:34:52,-166.072085382526,-37.9650984360103,0,25,25,25,3,-37.9650984360103
01-Aug-2026 00:34:54,-165.604174646938,-37.4971877004218,0,25,25,25,4,-37.4971877004218
01-Aug-2026 00:34:56,-165.609902654898,-37.5029157083822,0,25,25,25,5,-37.5029157083822
01-Aug-2026 00:34:58,-165.996282637883,-37.8892956913676,0,25,25,25,5,-37.8892956913676
01-Aug-2026 00:35:00,-166.035405666439,-37.9284187199236,0,25,25,25,6,-37.9284187199236
01-Aug-2026 00:35:02,-166.00938762506,-37.9024006785437,0,25,25,25,5,-37.9024006785437
01-Aug-2026 00:35:04,-165.792141644149,-37.6851546976332,0,25,25,25,5,-37.6851546976332
01-Aug-2026 00:35:06,-165.691426165073,-37.5844392185572,0,25,25,25,5,-37.5844392185572
01-Aug-2026 00:35:08,-165.370374068869,-37.2633871223533,0,25,25,25,5,-37.2633871223533
01-Aug-2026 00:35:10,-165.082145408726,-36.9751584622099,0,25,25,25,6,-36.9751584622099
01-Aug-2026 00:35:12,-165.577312081248,-37.4703251347318,0,25,25,25,6,-37.4703251347318
01-Aug-2026 00:35:14,-165.287613718936,-37.18062677242,0,25,25,25,6,-37.18062677242
01-Aug-2026 00:35:16,-164.963987496072,-36.8570005495558,0,25,25,25,5,-36.8570005495558
01-Aug-2026 00:35:18,-165.873961585852,-37.7669746393362,0,25,25,25,5,-37.7669746393362
01-Aug-2026 00:35:20,-165.980995400186,-37.8740084536701,0,25,25,25,5,-37.8740084536701
01-Aug-2026 00:35:22,-166.311939952441,-38.2049530059247,0,25,25,25,5,-38.2049530059247
01-Aug-2026 00:35:24,-166.044394401682,-37.937407455166,0,25,25,25,5,-37.937407455166
01-Aug-2026 00:35:26,-166.066353089526,-37.9593661430105,0,25,25,25,5,-37.9593661430105
01-Aug-2026 00:35:28,-166.250491987197,-38.1435050406808,0,25,25,25,5,-38.1435050406808
01-Aug-2026 00:35:30,-166.669763039745,-38.5627760932286,0,25,25,25,5,-38.5627760932286
01-Aug-2026 00:35:32,-167.183475460669,-39.0764885141529,0,25,25,25,5,-39.0764885141529
01-Aug-2026 00:35:34,-166.836270221319,-38.7292832748035,0,25,25,25,6,-38.7292832748035
01-Aug-2026 00:35:36,-166.958213880773,-38.8512269342572,0,25,25,25,6,-38.8512269342572
01-Aug-2026 00:35:38,-167.110640796302,-39.0036538497858,0,25,25,25,6,-39.0036538497858
01-Aug-2026 00:35:40,-166.896888981695,-38.7899020351796,0,25,25,25,6,-38.7899020351796
01-Aug-2026 00:35:42,-166.652017967424,-38.5450310209077,0,25,25,25,6,-38.5450310209077
01-Aug-2026 00:35:44,-166.72368307863,-38.6166961321139,0,25,25,25,7,-38.6166961321139
01-Aug-2026 00:35:46,-167.468666164947,-39.3616792184316,0,25,25,25,6,-39.3616792184316
01-Aug-2026 00:35:48,-167.366248109306,-39.2592611627905,0,25,25,25,7,-39.2592611627905
01-Aug-2026 00:35:50,-167.563039254484,-39.4560523079683,0,25,25,25,6,-39.4560523079683
01-Aug-2026 00:35:52,-167.263740239434,-39.156753292918,0,26,26,26,6,-39.156753292918
01-Aug-2026 00:35:54,-166.978607551083,-38.871620604567,0,26,26,26,6,-38.871620604567
01-Aug-2026 00:35:56,-167.081838458894,-38.9748515123783,0,27,27,27,7,-38.9748515123783
01-Aug-2026 00:35:58,-166.832328653075,-38.7253417065594,0,27,27,27,9,-38.7253417065594
01-Aug-2026 00:36:00,-167.069256131502,-38.9622691849857,0,27,27,27,9,-38.9622691849857
01-Aug-2026 00:36:02,-167.506765870408,-39.3997789238919,0,27,27,27,8,-39.3997789238919
01-Aug-2026 00:36:04,-167.269144322106,-39.1621573755905,0,27,27,27,6,-39.1621573755905
01-Aug-2026 00:36:06,-167.308847463772,-39.2018605172559,0,26,26,26,5,-39.2018605172559
01-Aug-2026 00:36:08,-166.960017443924,-38.8530304974084,0,25,25,25,5,-38.8530304974084
01-Aug-2026 00:36:10,-167.748488691068,-39.6415017445526,0,25,25,25,4,-39.6415017445526
01-Aug-2026 00:36:12,-167.743569394053,-39.6365824475374,0,26,26,26,4,-39.6365824475374
01-Aug-2026 00:36:14,-167.804548908433,-39.6975619619169,0,26,26,26,5,-39.6975619619169
01-Aug-2026 00:36:16,-168.569867148388,-40.4628802018723,0,26,26,26,5,-40.4628802018723
01-Aug-2026 00:36:18,-168.752783827165,-40.6457968806491,0,26,26,26,5,-40.6457968806491
01-Aug-2026 00:36:20,-168.901936356655,-40.7949494101388,0,26,26,26,5,-40.7949494101388
01-Aug-2026 00:36:22,-169.398389868041,-41.2914029215249,0,26,26,26,5,-41.2914029215249
01-Aug-2026 00:36:24,-168.286746128116,-40.1797591816,0,27,27,27,7,-40.1797591816
01-Aug-2026 00:36:26,-167.819511970958,-39.7125250244425,0,27,27,27,6,-39.7125250244425
01-Aug-2026 00:36:28,-167.92904838307,-39.822061436554,0,26,26,26,8,-39.822061436554
01-Aug-2026 00:36:30,-168.023880250981,-39.916893304465,0,26,26,26,8,-39.916893304465
01-Aug-2026 00:36:32,-167.611298644903,-39.5043116983873,0,26,26,26,7,-39.5043116983873
01-Aug-2026 00:36:34,-167.751599016905,-39.6446120703887,0,26,26,26,7,-39.6446120703887
01-Aug-2026 00:36:36,-166.736162339694,-38.6291753931784,0,26,26,26,7,-38.6291753931784
01-Aug-2026 00:36:38,-166.815162853091,-38.7081759065749,0,26,26,26,7,-38.7081759065749
01-Aug-2026 00:36:40,-166.701926922838,-38.5949399763226,0,26,26,26,7,-38.5949399763226
01-Aug-2026 00:36:42,-166.54282703137,-38.4358400848539,0,26,26,26,6,-38.4358400848539
01-Aug-2026 00:36:44,-185.135351468573,-57.0283645220574,0,26,26,26,5,-57.0283645220574
01-Aug-2026 00:36:46,-184.854658494406,-56.7476715478903,0,26,26,26,5,-56.7476715478903
01-Aug-2026 00:36:48,-185.125761313066,-57.0187743665499,0,26,26,26,5,-57.0187743665499
01-Aug-2026 00:36:50,-184.546064346328,-56.439077399812,0,26,26,26,5,-56.439077399812
01-Aug-2026 00:36:52,-183.285499956821,-55.1785130103052,0,26,26,26,7,-55.1785130103052
01-Aug-2026 00:36:54,-183.55318059219,-55.4461936456746,0,25,25,25,6,-55.4461936456746
01-Aug-2026 00:36:56,-183.213108974854,-55.1061220283381,0,25,25,25,6,-55.1061220283381
01-Aug-2026 00:36:58,-183.401634728227,-55.2946477817108,0,25,25,25,5,-55.2946477817108
01-Aug-2026 00:37:00,-183.2156569553,-55.1086700087845,0,25,25,25,4,-55.1086700087845
01-Aug-2026 00:37:02,-182.726084321977,-54.6190973754608,0,25,25,25,5,-54.6190973754608
01-Aug-2026 00:37:04,-187.465132175295,-59.3581452287791,0,26,26,26,4,-59.3581452287791
01-Aug-2026 00:37:06,-173.087791488362,-44.9808045418462,0,26,26,26,5,-44.9808045418462
01-Aug-2026 00:37:08,-172.339482545392,-44.2324955988763,0,26,26,26,6,-44.2324955988763
01-Aug-2026 00:37:10,-171.363261140931,-43.2562741944152,0,26,26,26,8,-43.2562741944152
01-Aug-2026 00:37:12,-171.550398304254,-43.4434113577384,0,26,26,26,8,-43.4434113577384
01-Aug-2026 00:37:14,-171.705483578648,-43.5984966321323,0,26,26,26,7,-43.5984966321323
01-Aug-2026 00:37:16,-171.319982755231,-43.2129958087156,0,26,26,26,6,-43.2129958087156
01-Aug-2026 00:37:18,-171.198851548616,-43.0918646020999,0,26,26,26,5,-43.0918646020999
01-Aug-2026 00:37:20,-171.345487689408,-43.2385007428924,0,26,26,26,5,-43.2385007428924
01-Aug-2026 00:37:22,-171.453445238457,-43.3464582919411,0,26,26,26,5,-43.3464582919411
01-Aug-2026 00:37:24,-161.837888872504,-33.7309019259877,0,27,27,27,6,-33.7309019259877
01-Aug-2026 00:37:26,-162.862673359532,-34.7556864130161,0,27,27,27,6,-34.7556864130161
01-Aug-2026 00:37:28,-163.725112357334,-35.6181254108177,0,27,27,27,6,-35.6181254108177
01-Aug-2026 00:37:30,-163.137618830133,-35.0306318836174,0,27,27,27,7,-35.0306318836174
01-Aug-2026 00:37:32,-164.468784349101,-36.3617974025852,0,27,27,27,6,-36.3617974025852
01-Aug-2026 00:37:34,-163.932254582858,-35.8252676363418,0,28,28,28,6,-35.8252676363418
01-Aug-2026 00:37:36,-163.368746473005,-35.2617595264896,0,28,28,28,7,-35.2617595264896
01-Aug-2026 00:37:38,-162.476611858712,-34.3696249121963,0,29,29,29,8,-34.3696249121963
01-Aug-2026 00:37:40,-162.431748421388,-34.3247614748717,0,29,29,29,8,-34.3247614748717
01-Aug-2026 00:37:42,-162.594429286936,-34.4874423404204,0,29,29,29,8,-34.4874423404204
01-Aug-2026 00:37:44,-162.681594585795,-34.5746076392788,0,28,28,28,7,-34.5746076392788
01-Aug-2026 00:37:46,-162.694130658427,-34.5871437119112,0,28,28,28,7,-34.5871437119112
01-Aug-2026 00:37:48,-163.151899540808,-35.044912594292,0,29,29,29,7,-35.044912594292
01-Aug-2026 00:37:50,-163.207749763302,-35.1007628167863,0,29,29,29,8,-35.1007628167863
01-Aug-2026 00:37:52,-163.284586444542,-35.1775994980265,0,29,29,29,7,-35.1775994980265
01-Aug-2026 00:37:54,-164.089500399453,-35.9825134529372,0,29,29,29,5,-35.9825134529372
01-Aug-2026 00:37:56,-164.055033763151,-35.9480468166347,0,29,29,29,6,-35.9480468166347
01-Aug-2026 00:37:58,-164.763699639692,-36.6567126931764,0,30,30,30,6,-36.6567126931764
01-Aug-2026 00:38:00,-166.912611440337,-38.8056244938216,0,30,30,30,5,-38.8056244938216
01-Aug-2026 00:38:02,-167.320424133178,-39.2134371866622,0,29,29,29,5,-39.2134371866622
01-Aug-2026 00:38:04,-167.604749810043,-39.4977628635269,0,29,29,29,4,-39.4977628635269
01-Aug-2026 00:38:06,-167.739440200626,-39.63245325411,0,29,29,29,4,-39.63245325411
01-Aug-2026 00:38:08,-167.779457285322,-39.6724703388063,0,28,28,28,3,-39.6724703388063
01-Aug-2026 00:38:10,-180.106120632377,-51.9991336858616,0,29,29,29,2,-51.9991336858616
01-Aug-2026 00:38:12,-180.046554300053,-51.9395673535369,0,29,29,29,2,-51.9395673535369
01-Aug-2026 00:38:14,-161.407185194271,-33.3001982477552,0,29,29,29,2,-33.3001982477552
01-Aug-2026 00:38:16,-160.730965240291,-32.6239782937756,0,29,29,29,2,-32.6239782937756
01-Aug-2026 00:38:18,-160.575572345415,-32.4685853988991,0,29,29,29,3,-32.4685853988991
01-Aug-2026 00:38:20,-160.71393241549,-32.6069454689741,0,29,29,29,3,-32.6069454689741
01-Aug-2026 00:38:22,-174.578750538892,-46.471763592376,0,29,29,29,3,-46.471763592376
01-Aug-2026 00:38:24,-174.40959229741,-46.3026053508945,0,28,28,28,3,-46.3026053508945
01-Aug-2026 00:38:26,-174.409671090589,-46.3026841440728,0,28,28,28,4,-46.3026841440728
01-Aug-2026 00:38:28,-176.133346605136,-48.0263596586205,0,28,28,28,5,-48.0263596586205
01-Aug-2026 00:38:30,-175.299172216005,-47.1921852694892,0,27,27,27,7,-47.1921852694892
01-Aug-2026 00:38:32,-176.042493069559,-47.9355061230432,0,26,26,26,7,-47.9355061230432
01-Aug-2026 00:38:34,-176.270038199463,-48.1630512529472,0,26,26,26,6,-48.1630512529472
01-Aug-2026 00:38:36,-168.037987727806,-39.9310007812902,0,26,26,26,6,-39.9310007812902
01-Aug-2026 00:38:38,-167.836736093852,-39.729749147336,0,26,26,26,5,-39.729749147336
01-Aug-2026 00:38:40,-167.866735939664,-39.7597489931483,0,25,25,25,4,-39.7597489931483
01-Aug-2026 00:38:42,-168.260030147273,-40.1530432007574,0,25,25,25,4,-40.1530432007574
01-Aug-2026 00:38:44,-169.90769633586,-41.8007093893437,0,25,25,25,3,-41.8007093893437
01-Aug-2026 00:38:46,-170.894807396409,-42.7878204498931,0,25,25,25,4,-42.7878204498931
01-Aug-2026 00:38:48,-170.414102727793,-42.3071157812776,0,25,25,25,5,-42.3071157812776
01-Aug-2026 00:38:50,-181.537660702936,-53.43067375642,0,25,25,25,4,-53.43067375642
01-Aug-2026 00:38:52,-170.683461144228,-42.5764741977123,0,25,25,25,5,-42.5764741977123
01-Aug-2026 00:38:54,-170.130735662835,-42.0237487163193,0,25,25,25,5,-42.0237487163193
01-Aug-2026 00:38:56,-170.503576216909,-42.3965892703931,0,25,25,25,5,-42.3965892703931
01-Aug-2026 00:38:58,-169.790611504328,-41.6836245578125,0,25,25,25,4,-41.6836245578125
01-Aug-2026 00:39:00,-168.923749813396,-40.8167628668804,0,25,25,25,5,-40.8167628668804
01-Aug-2026 00:39:02,-168.628280052645,-40.521293106129,0,25,25,25,5,-40.521293106129
01-Aug-2026 00:39:04,-169.137357924028,-41.0303709775123,0,25,25,25,5,-41.0303709775123
01-Aug-2026 00:39:06,-169.517332398975,-41.4103454524592,0,25,25,25,5,-41.4103454524592
01-Aug-2026 00:39:08,-169.444545723084,-41.3375587765681,0,25,25,25,5,-41.3375587765681
01-Aug-2026 00:39:10,-170.643729292792,-42.5367423462766,0,25,25,25,7,-42.5367423462766
01-Aug-2026 00:39:12,-170.036722076847,-41.9297351303312,0,25,25,25,8,-41.9297351303312
01-Aug-2026 00:39:14,-169.588638234459,-41.4816512879431,0,25,25,25,8,-41.4816512879431
01-Aug-2026 00:39:16,-169.109766316208,-41.0027793696926,0,25,25,25,10,-41.0027793696926
01-Aug-2026 00:39:18,-169.544923914403,-41.4379369678867,0,25,25,25,11,-41.4379369678867
01-Aug-2026 00:39:20,-170.003945063026,-41.8969581165101,0,25,25,25,11,-41.8969581165101
01-Aug-2026 00:39:22,-170.282075658245,-42.175088711729,0,25,25,25,11,-42.175088711729
01-Aug-2026 00:39:24,-170.630658224529,-42.5236712780129,0,24,24,24,10,-42.5236712780129
01-Aug-2026 00:39:26,-171.264522684737,-43.1575357382215,0,24,24,24,10,-43.1575357382215
01-Aug-2026 00:39:28,-181.815228236681,-53.7082412901655,0,24,24,24,9,-53.7082412901655
01-Aug-2026 00:39:30,-185.681209260513,-57.5742223139969,0,24,24,24,7,-57.5742223139969
01-Aug-2026 00:39:32,-184.403842776382,-56.2968558298665,0,24,24,24,8,-56.2968558298665
01-Aug-2026 00:39:34,-186.168663012942,-58.0616760664265,0,24,24,24,6,-58.0616760664265
01-Aug-2026 00:39:36,-186.434674134593,-58.3276871880767,0,24,24,24,5,-58.3276871880767
01-Aug-2026 00:39:38,-186.448429256477,-58.3414423099614,0,25,25,25,6,-58.3414423099614
01-Aug-2026 00:39:40,-184.266349976483,-56.1593630299669,0,25,25,25,6,-56.1593630299669
01-Aug-2026 00:39:42,-184.265054694731,-56.1580677482149,0,25,25,25,6,-56.1580677482149
01-Aug-2026 00:39:44,-184.344517104053,-56.2375301575369,0,27,27,27,6,-56.2375301575369
01-Aug-2026 00:39:46,-184.21737735672,-56.1103904102044,0,27,27,27,6,-56.1103904102044
01-Aug-2026 00:39:48,-184.303914051826,-56.1969271053099,0,27,27,27,6,-56.1969271053099
01-Aug-2026 00:39:50,-183.985153766851,-55.878166820335,0,27,27,27,6,-55.878166820335
01-Aug-2026 00:39:52,-184.528697583302,-56.4217106367861,0,27,27,27,6,-56.4217106367861
01-Aug-2026 00:39:54,-184.604444484517,-56.4974575380015,0,27,27,27,6,-56.4974575380015
01-Aug-2026 00:39:56,-185.259863709082,-57.1528767625664,0,26,26,26,5,-57.1528767625664
01-Aug-2026 00:39:58,-185.024555171352,-56.9175682248365,0,25,25,25,4,-56.9175682248365
01-Aug-2026 00:40:00,-185.194626704509,-57.0876397579929,0,25,25,25,4,-57.0876397579929
01-Aug-2026 00:40:02,-184.908677795233,-56.8016908487173,0,25,25,25,4,-56.8016908487173
01-Aug-2026 00:40:04,-184.533982605064,-56.4269956585483,0,26,26,26,4,-56.4269956585483
01-Aug-2026 00:40:06,-183.998121450422,-55.891134503906,0,26,26,26,6,-55.891134503906
01-Aug-2026 00:40:08,-183.785531351487,-55.6785444049708,0,26,26,26,6,-55.6785444049708
01-Aug-2026 00:40:10,-185.658122707148,-57.5511357606317,0,27,27,27,5,-57.5511357606317
01-Aug-2026 00:40:12,-184.492478373441,-56.3854914269253,0,27,27,27,5,-56.3854914269253
01-Aug-2026 00:40:14,-184.311389018653,-56.2044020721372,0,27,27,27,6,-56.2044020721372
01-Aug-2026 00:40:16,-184.210347215633,-56.1033602691175,0,27,27,27,7,-56.1033602691175
01-Aug-2026 00:40:18,-184.450022127138,-56.3430351806225,0,27,27,27,7,-56.3430351806225
01-Aug-2026 00:40:20,-184.774304825246,-56.6673178787298,0,26,26,26,7,-56.6673178787298
01-Aug-2026 00:40:22,-184.411173155343,-56.3041862088275,0,26,26,26,7,-56.3041862088275
01-Aug-2026 00:40:24,-184.787796165205,-56.6808092186891,0,26,26,26,6,-56.6808092186891
01-Aug-2026 00:40:26,-184.847863104821,-56.740876158305,0,26,26,26,6,-56.740876158305
01-Aug-2026 00:40:28,-181.191401504301,-53.0844145577849,0,26,26,26,6,-53.0844145577849
01-Aug-2026 00:40:30,-181.201907503974,-53.0949205574583,0,26,26,26,6,-53.0949205574583
01-Aug-2026 00:40:32,-169.833854634695,-41.7268676881795,0,26,26,26,7,-41.7268676881795
01-Aug-2026 00:40:34,-161.689124887646,-33.5821379411302,0,26,26,26,7,-33.5821379411302
01-Aug-2026 00:40:36,-160.579143929735,-32.4721569832196,0,26,26,26,6,-32.4721569832196
01-Aug-2026 00:40:38,-159.670589903186,-31.5636029566704,0,26,26,26,6,-31.5636029566704
01-Aug-2026 00:40:40,-158.00831394633,-29.9013269998137,0,26,26,26,6,-29.9013269998137
01-Aug-2026 00:40:42,-156.60436203922,-28.4973750927042,0,26,26,26,7,-28.4973750927042
01-Aug-2026 00:40:44,-168.686964266809,-40.5799773202935,0,26,26,26,5,-40.5799773202935
01-Aug-2026 00:40:46,-167.815890095665,-39.708903149149,0,26,26,26,5,-39.708903149149
01-Aug-2026 00:40:48,-167.003906125112,-38.8969191785965,0,27,27,27,5,-38.8969191785965
01-Aug-2026 00:40:50,-166.747922031391,-38.6409350848755,0,27,27,27,6,-38.6409350848755
01-Aug-2026 00:40:52,-166.034420491937,-37.9274335454207,0,26,26,26,6,-37.9274335454207
01-Aug-2026 00:40:54,-165.484205506794,-37.377218560278,0,26,26,26,6,-37.377218560278
01-Aug-2026 00:40:56,-165.417793276458,-37.3108063299424,0,26,26,26,6,-37.3108063299424
01-Aug-2026 00:40:58,-164.520567992447,-36.413581045931,0,26,26,26,6,-36.413581045931
01-Aug-2026 00:41:00,-163.688078823742,-35.5810918772262,0,26,26,26,6,-35.5810918772262
01-Aug-2026 00:41:02,-163.893631084265,-35.7866441377495,0,26,26,26,6,-35.7866441377495
01-Aug-2026 00:41:04,-163.224672479864,-35.1176855333485,0,26,26,26,8,-35.1176855333485
01-Aug-2026 00:41:06,-162.867239024445,-34.7602520779296,0,26,26,26,8,-34.7602520779296
01-Aug-2026 00:41:08,-162.026496243015,-33.9195092964991,0,26,26,26,8,-33.9195092964991
01-Aug-2026 00:41:10,-161.404775750826,-33.2977888043102,0,26,26,26,8,-33.2977888043102
01-Aug-2026 00:41:12,-160.640149447235,-32.5331625007193,0,26,26,26,8,-32.5331625007193
01-Aug-2026 00:41:14,-159.839921040978,-31.7329340944621,0,26,26,26,8,-31.7329340944621
01-Aug-2026 00:41:16,-159.340588940156,-31.2336019936397,0,26,26,26,8,-31.2336019936397
01-Aug-2026 00:41:18,-158.538535968546,-30.4315490220302,0,27,27,27,7,-30.4315490220302
01-Aug-2026 00:41:20,-183.346366330193,-55.2393793836774,0,27,27,27,7,-55.2393793836774
01-Aug-2026 00:41:22,-183.398408033791,-55.2914210872755,0,26,26,26,6,-55.2914210872755
01-Aug-2026 00:41:24,-177.996130289258,-49.8891433427418,0,26,26,26,8,-49.8891433427418
01-Aug-2026 00:41:26,-178.077963654501,-49.9709767079847,0,27,27,27,9,-49.9709767079847
01-Aug-2026 00:41:28,-178.143290666769,-50.0363037202533,0,28,28,28,9,-50.0363037202533
01-Aug-2026 00:41:30,-177.882398427744,-49.7754114812281,0,28,28,28,8,-49.7754114812281
01-Aug-2026 00:41:32,-177.822177007468,-49.7151900609525,0,28,28,28,9,-49.7151900609525
01-Aug-2026 00:41:34,-182.998298668037,-54.8913117215216,0,28,28,28,8,-54.8913117215216
01-Aug-2026 00:41:36,-183.086337423091,-54.9793504765753,0,28,28,28,8,-54.9793504765753
01-Aug-2026 00:41:38,-183.236005057992,-55.1290181114764,0,28,28,28,8,-55.1290181114764
01-Aug-2026 00:41:40,-183.231144134511,-55.1241571879952,0,30,30,30,8,-55.1241571879952
01-Aug-2026 00:41:42,-183.222347782332,-55.1153608358161,0,30,30,30,9,-55.1153608358161
01-Aug-2026 00:41:44,-183.273738248936,-55.1667513024198,0,30,30,30,9,-55.1667513024198
01-Aug-2026 00:41:46,-183.189846459717,-55.0828595132015,0,30,30,30,9,-55.0828595132015
01-Aug-2026 00:41:48,-183.018638769803,-54.9116518232873,0,30,30,30,9,-54.9116518232873
01-Aug-2026 00:41:50,-182.857777316111,-54.7507903695954,0,30,30,30,10,-54.7507903695954
01-Aug-2026 00:41:52,-183.762093289836,-55.6551063433199,0,29,29,29,9,-55.6551063433199
01-Aug-2026 00:41:54,-185.014917026706,-56.9079300801902,0,29,29,29,7,-56.9079300801902
01-Aug-2026 00:41:56,-151.600066198965,-23.4930792524494,0,29,29,29,8,-23.4930792524494
01-Aug-2026 00:41:58,-153.031331279299,-24.9243443327834,0,29,29,29,8,-24.9243443327834
01-Aug-2026 00:42:00,-153.501146406083,-25.3941594595676,0,29,29,29,8,-25.3941594595676
01-Aug-2026 00:42:02,-153.816256082617,-25.7092691361008,0,29,29,29,7,-25.7092691361008
01-Aug-2026 00:42:04,-154.010575162616,-25.9035882161003,0,29,29,29,6,-25.9035882161003
01-Aug-2026 00:42:06,-154.111249531574,-26.0042625850579,0,29,29,29,4,-26.0042625850579
01-Aug-2026 00:42:08,-154.807984445716,-26.7009974992002,0,29,29,29,5,-26.7009974992002
01-Aug-2026 00:42:10,-180.168200194099,-52.0612132475834,0,29,29,29,6,-52.0612132475834
01-Aug-2026 00:42:12,-179.871341903123,-51.7643549566076,0,29,29,29,6,-51.7643549566076
01-Aug-2026 00:42:14,-180.890612304383,-52.7836253578674,0,27,27,27,4,-52.7836253578674
01-Aug-2026 00:42:16,-180.517093235197,-52.4101062886812,0,27,27,27,6,-52.4101062886812
01-Aug-2026 00:42:18,-179.832957996905,-51.7259710503893,0,26,26,26,7,-51.7259710503893
01-Aug-2026 00:42:20,-179.585293881414,-51.4783069348977,0,26,26,26,7,-51.4783069348977
01-Aug-2026 00:42:22,-179.383656874461,-51.2766699279449,0,26,26,26,7,-51.2766699279449
01-Aug-2026 00:42:24,-179.096507668114,-50.989520721598,0,26,26,26,6,-50.989520721598
01-Aug-2026 00:42:26,-179.205354969052,-51.0983680225366,0,26,26,26,6,-51.0983680225366
01-Aug-2026 00:42:28,-178.938046670476,-50.8310597239603,0,26,26,26,6,-50.8310597239603
01-Aug-2026 00:42:30,-179.190875309843,-51.0838883633273,0,26,26,26,6,-51.0838883633273
01-Aug-2026 00:42:32,-179.097251080868,-50.9902641343525,0,26,26,26,6,-50.9902641343525
01-Aug-2026 00:42:34,-178.812619746277,-50.7056327997608,0,25,25,25,5,-50.7056327997608
01-Aug-2026 00:42:36,-178.866001716573,-50.7590147700571,0,25,25,25,5,-50.7590147700571
01-Aug-2026 00:42:38,-178.942898127313,-50.8359111807972,0,25,25,25,5,-50.8359111807972
01-Aug-2026 00:42:40,-179.240418056325,-51.1334311098087,0,25,25,25,5,-51.1334311098087
01-Aug-2026 00:42:42,-178.76352164506,-50.6565346985437,0,25,25,25,5,-50.6565346985437
01-Aug-2026 00:42:44,-178.433547349869,-50.3265604033528,0,25,25,25,5,-50.3265604033528
01-Aug-2026 00:42:46,-178.016059079095,-49.9090721325791,0,25,25,25,5,-49.9090721325791
01-Aug-2026 00:42:48,-177.391513468306,-49.2845265217906,0,25,25,25,6,-49.2845265217906
01-Aug-2026 00:42:50,-177.677203478654,-49.5702165321381,0,25,25,25,6,-49.5702165321381
01-Aug-2026 00:42:52,-177.077613076463,-48.9706261299475,0,25,25,25,7,-48.9706261299475
01-Aug-2026 00:42:54,-176.986057291595,-48.879070345079,0,25,25,25,8,-48.879070345079
01-Aug-2026 00:42:56,-164.14534169988,-36.0383547533637,0,25,25,25,10,-36.0383547533637
01-Aug-2026 00:42:58,-164.460119061715,-36.3531321151987,0,25,25,25,10,-36.3531321151987
01-Aug-2026 00:43:00,-164.187200642558,-36.0802136960424,0,25,25,25,10,-36.0802136960424
01-Aug-2026 00:43:02,-164.089731133453,-35.9827441869371,0,25,25,25,10,-35.9827441869371
01-Aug-2026 00:43:04,-163.790684934874,-35.683697988358,0,25,25,25,10,-35.683697988358
01-Aug-2026 00:43:06,-163.785944307876,-35.6789573613604,0,25,25,25,9,-35.6789573613604
01-Aug-2026 00:43:08,-163.781537004343,-35.6745500578272,0,25,25,25,9,-35.6745500578272
01-Aug-2026 00:43:10,-174.619100407671,-46.5121134611553,0,25,25,25,7,-46.5121134611553
01-Aug-2026 00:43:12,-175.849125279933,-47.7421383334174,0,24,24,24,4,-47.7421383334174
01-Aug-2026 00:43:14,-175.860577362753,-47.7535904162371,0,24,24,24,4,-47.7535904162371
01-Aug-2026 00:43:16,-175.813298714961,-47.7063117684456,0,24,24,24,4,-47.7063117684456
01-Aug-2026 00:43:18,-188.412107377984,-60.3051204314682,0,24,24,24,3,-60.3051204314682
01-Aug-2026 00:43:20,-188.395419780535,-60.2884328340192,0,24,24,24,3,-60.2884328340192
01-Aug-2026 00:43:22,-185.188455671235,-57.0814687247194,0,24,24,24,4,-57.0814687247194
01-Aug-2026 00:43:24,-185.746024734815,-57.639037788299,0,24,24,24,3,-57.639037788299
01-Aug-2026 00:43:26,-189.530086809925,-61.4230998634088,0,24,24,24,3,-61.4230998634088
01-Aug-2026 00:43:28,-188.079015537704,-59.9720285911881,0,24,24,24,3,-59.9720285911881
01-Aug-2026 00:43:30,-188.552609959064,-60.4456230125482,0,24,24,24,3,-60.4456230125482
01-Aug-2026 00:43:32,-188.949142615325,-60.8421556688091,0,25,25,25,3,-60.8421556688091
01-Aug-2026 00:43:34,-189.47394124163,-61.3669542951144,0,25,25,25,3,-61.3669542951144
01-Aug-2026 00:43:36,-189.323790043136,-61.2168030966206,0,26,26,26,3,-61.2168030966206
01-Aug-2026 00:43:38,-192.841399564805,-64.7344126182894,0,26,26,26,2,-64.7344126182894
01-Aug-2026 00:43:40,-192.522503125518,-64.4155161790021,0,27,27,27,2,-64.4155161790021
01-Aug-2026 00:43:42,-192.775598369557,-64.668611423041,0,27,27,27,2,-64.668611423041
01-Aug-2026 00:43:44,-184.679416020851,-56.5724290743354,0,26,26,26,3,-56.5724290743354
01-Aug-2026 00:43:46,-184.317209805427,-56.2102228589112,0,26,26,26,4,-56.2102228589112
01-Aug-2026 00:43:48,-182.435598754159,-54.3286118076436,0,26,26,26,5,-54.3286118076436
01-Aug-2026 00:43:50,-177.367913650554,-49.2609267040383,0,25,25,25,4,-49.2609267040383
01-Aug-2026 00:43:52,-182.337265022663,-54.2302780761466,0,25,25,25,3,-54.2302780761466
01-Aug-2026 00:43:54,-182.514930297213,-54.4079433506971,0,26,26,26,3,-54.4079433506971
01-Aug-2026 00:43:56,-182.656024398214,-54.549037451698,0,26,26,26,3,-54.549037451698
01-Aug-2026 00:43:58,-182.325535083044,-54.2185481365283,0,27,27,27,4,-54.2185481365283
01-Aug-2026 00:44:00,-182.613869114828,-54.506882168312,0,27,27,27,3,-54.506882168312
01-Aug-2026 00:44:02,-183.497626999812,-55.3906400532964,0,27,27,27,3,-55.3906400532964
01-Aug-2026 00:44:04,-183.729909948898,-55.6229230023822,0,27,27,27,2,-55.6229230023822
01-Aug-2026 00:44:06,-184.246839797178,-56.1398528506618,0,27,27,27,2,-56.1398528506618
01-Aug-2026 00:44:08,-173.902730729561,-45.7957437830454,0,27,27,27,2,-45.7957437830454
01-Aug-2026 00:44:10,-184.661927676889,-56.5549407303729,0,27,27,27,1,-56.5549407303729
01-Aug-2026 00:44:12,-185.262759918315,-57.1557729717996,0,26,26,26,1,-57.1557729717996
01-Aug-2026 00:44:14,-184.732596015582,-56.6256090690659,0,26,26,26,1,-56.6256090690659
01-Aug-2026 00:44:16,-185.357045441429,-57.250058494913,0,26,26,26,1,-57.250058494913
01-Aug-2026 00:44:18,-185.203601493372,-57.0966145468561,0,26,26,26,1,-57.0966145468561
01-Aug-2026 00:44:20,-3076.52655568589,-2948.41956873937,0,26,26,26,0,-2948.41956873937
01-Aug-2026 00:44:22,-3076.52655568589,-2948.41956873937,0,26,26,26,0,-2948.41956873937
01-Aug-2026 00:44:24,-198.55087847434,-70.4438915278244,0,26,26,26,1,-70.4438915278244
01-Aug-2026 00:44:26,-198.884824333818,-70.7778373873022,0,26,26,26,1,-70.7778373873022
01-Aug-2026 00:44:28,-198.102322955005,-69.9953360084893,0,26,26,26,1,-69.9953360084893
01-Aug-2026 00:44:30,-197.922184648862,-69.8151977023466,0,26,26,26,1,-69.8151977023466
01-Aug-2026 00:44:32,-194.238540981425,-66.1315540349088,0,27,27,27,2,-66.1315540349088
01-Aug-2026 00:44:34,-194.520783660085,-66.4137967135689,0,27,27,27,2,-66.4137967135689
01-Aug-2026 00:44:36,-184.375566666644,-56.2685797201279,0,27,27,27,3,-56.2685797201279
01-Aug-2026 00:44:38,-184.036196338941,-55.9292093924256,0,27,27,27,4,-55.9292093924256
01-Aug-2026 00:44:40,-183.374563259665,-55.2675763131487,0,27,27,27,4,-55.2675763131487
01-Aug-2026 00:44:42,-183.473559787113,-55.3665728405973,0,27,27,27,4,-55.3665728405973
01-Aug-2026 00:44:44,-183.796909693444,-55.689922746928,0,27,27,27,4,-55.689922746928
01-Aug-2026 00:44:46,-193.464206685833,-65.3572197393171,0,27,27,27,3,-65.3572197393171
01-Aug-2026 00:44:48,-193.349562598258,-65.242575651742,0,27,27,27,4,-65.242575651742
01-Aug-2026 00:44:50,-193.313122451946,-65.20613550543,0,26,26,26,4,-65.20613550543
01-Aug-2026 00:44:52,-193.398939857175,-65.2919529106594,0,26,26,26,3,-65.2919529106594
01-Aug-2026 00:44:54,-193.675311707582,-65.5683247610666,0,26,26,26,3,-65.5683247610666
01-Aug-2026 00:44:56,-196.482620346335,-68.3756333998195,0,26,26,26,2,-68.3756333998195
01-Aug-2026 00:44:58,-162.698939167774,-34.5919522212586,0,25,25,25,4,-34.5919522212586
01-Aug-2026 00:45:00,-166.087873598933,-37.9808866524172,0,25,25,25,4,-37.9808866524172
01-Aug-2026 00:45:02,-169.751374414711,-41.6443874681949,0,25,25,25,3,-41.6443874681949
01-Aug-2026 00:45:04,-173.559046329374,-45.4520593828582,0,25,25,25,3,-45.4520593828582
01-Aug-2026 00:45:06,-174.679818910831,-46.5728319643149,0,25,25,25,3,-46.5728319643149
01-Aug-2026 00:45:08,-175.81511808751,-47.7081311409942,0,25,25,25,3,-47.7081311409942
01-Aug-2026 00:45:10,-176.789480981926,-48.6824940354102,0,26,26,26,4,-48.6824940354102
01-Aug-2026 00:45:12,-177.279409024164,-49.1724220776483,0,26,26,26,6,-49.1724220776483
01-Aug-2026 00:45:14,-178.330973083838,-50.2239861373218,0,26,26,26,5,-50.2239861373218
01-Aug-2026 00:45:16,-179.711994910165,-51.6050079636495,0,26,26,26,4,-51.6050079636495
01-Aug-2026 00:45:18,-179.892066455995,-51.7850795094791,0,28,28,28,4,-51.7850795094791
01-Aug-2026 00:45:20,-180.928549484407,-52.8215625378912,0,29,29,29,4,-52.8215625378912
01-Aug-2026 00:45:22,-181.644452149869,-53.5374652033528,0,29,29,29,4,-53.5374652033528
01-Aug-2026 00:45:24,-182.410519978905,-54.3035330323894,0,29,29,29,4,-54.3035330323894
01-Aug-2026 00:45:26,-183.036205162275,-54.9292182157587,0,29,29,29,5,-54.9292182157587
01-Aug-2026 00:45:28,-182.412293588464,-54.3053066419479,0,29,29,29,5,-54.3053066419479
01-Aug-2026 00:45:30,-182.646789165628,-54.5398022191124,0,29,29,29,3,-54.5398022191124
01-Aug-2026 00:45:32,-182.616260708405,-54.5092737618892,0,30,30,30,3,-54.5092737618892
01-Aug-2026 00:45:34,-183.856136377884,-55.7491494313685,0,30,30,30,2,-55.7491494313685
01-Aug-2026 00:45:36,-184.088899659204,-55.9819127126884,0,30,30,30,2,-55.9819127126884
01-Aug-2026 00:45:38,-184.811554550335,-56.7045676038192,0,30,30,30,2,-56.7045676038192
01-Aug-2026 00:45:40,-184.809115500334,-56.7021285538182,0,30,30,30,2,-56.7021285538182
01-Aug-2026 00:45:42,-185.333206722348,-57.2262197758318,0,30,30,30,2,-57.2262197758318
01-Aug-2026 00:45:44,-185.276725254393,-57.1697383078767,0,29,29,29,2,-57.1697383078767
01-Aug-2026 00:45:46,-185.664198787419,-57.5572118409034,0,29,29,29,2,-57.5572118409034
01-Aug-2026 00:45:48,-185.867253208329,-57.7602662618131,0,29,29,29,2,-57.7602662618131
01-Aug-2026 00:45:50,-196.115801809408,-68.0088148628919,0,28,28,28,1,-68.0088148628919
01-Aug-2026 00:45:52,-185.23491475449,-57.1279278079746,0,29,29,29,2,-57.1279278079746
01-Aug-2026 00:45:54,-185.498959542858,-57.3919725963426,0,28,28,28,2,-57.3919725963426
01-Aug-2026 00:45:56,-178.892645762256,-50.7856588157405,0,28,28,28,2,-50.7856588157405
01-Aug-2026 00:45:58,-178.463198121656,-50.3562111751398,0,28,28,28,3,-50.3562111751398
01-Aug-2026 00:46:00,-185.537220109578,-57.4302331630617,0,28,28,28,2,-57.4302331630617
01-Aug-2026 00:46:02,-185.485460579768,-57.3784736332517,0,28,28,28,3,-57.3784736332517
01-Aug-2026 00:46:04,-185.631236065914,-57.5242491193979,0,27,27,27,3,-57.5242491193979
01-Aug-2026 00:46:06,-185.51006748927,-57.4030805427543,0,27,27,27,3,-57.4030805427543
01-Aug-2026 00:46:08,-185.873998066696,-57.7670111201804,0,26,26,26,3,-57.7670111201804
01-Aug-2026 00:46:10,-185.504670178912,-57.3976832323964,0,26,26,26,3,-57.3976832323964
01-Aug-2026 00:46:12,-195.824642452157,-67.7176555056412,0,26,26,26,1,-67.7176555056412
01-Aug-2026 00:46:14,-180.847438892953,-52.7404519464375,0,26,26,26,2,-52.7404519464375
01-Aug-2026 00:46:16,-181.368394729836,-53.2614077833202,0,26,26,26,3,-53.2614077833202
01-Aug-2026 00:46:18,-181.538863803377,-53.4318768568611,0,26,26,26,3,-53.4318768568611
01-Aug-2026 00:46:20,-191.620270346933,-63.5132834004174,0,26,26,26,2,-63.5132834004174
01-Aug-2026 00:46:22,-190.391587900484,-62.2846009539681,0,26,26,26,3,-62.2846009539681
01-Aug-2026 00:46:24,-190.335934037606,-62.2289470910899,0,26,26,26,3,-62.2289470910899
01-Aug-2026 00:46:26,-189.782467748492,-61.675480801976,0,26,26,26,3,-61.675480801976
01-Aug-2026 00:46:28,-189.334265412758,-61.2272784662421,0,25,25,25,4,-61.2272784662421
01-Aug-2026 00:46:30,-189.691853144603,-61.5848661980872,0,25,25,25,4,-61.5848661980872
01-Aug-2026 00:46:32,-186.486886106166,-58.3798991596503,0,25,25,25,4,-58.3798991596503
01-Aug-2026 00:46:34,-186.416154461277,-58.309167514761,0,25,25,25,4,-58.309167514761
01-Aug-2026 00:46:36,-186.467757668285,-58.3607707217687,0,25,25,25,4,-58.3607707217687
01-Aug-2026 00:46:38,-186.410685753131,-58.3036988066156,0,25,25,25,4,-58.3036988066156
01-Aug-2026 00:46:40,-186.126038226319,-58.0190512798035,0,25,25,25,4,-58.0190512798035
01-Aug-2026 00:46:42,-186.268102953032,-58.1611160065166,0,25,25,25,4,-58.1611160065166
01-Aug-2026 00:46:44,-186.532416360124,-58.4254294136084,0,25,25,25,3,-58.4254294136084
01-Aug-2026 00:46:46,-186.36321959088,-58.2562326443641,0,25,25,25,3,-58.2562326443641
01-Aug-2026 00:46:48,-185.590687720818,-57.4837007743022,0,25,25,25,4,-57.4837007743022
01-Aug-2026 00:46:50,-185.620396162009,-57.513409215493,0,25,25,25,4,-57.513409215493
01-Aug-2026 00:46:52,-178.949845686283,-50.8428587397675,0,25,25,25,7,-50.8428587397675
01-Aug-2026 00:46:54,-178.68319633276,-50.5762093862441,0,25,25,25,7,-50.5762093862441
01-Aug-2026 00:46:56,-178.44528403125,-50.3382970847343,0,25,25,25,7,-50.3382970847343
01-Aug-2026 00:46:58,-177.410371529022,-49.3033845825059,0,24,24,24,6,-49.3033845825059
01-Aug-2026 00:47:00,-178.089080487377,-49.9820935408607,0,24,24,24,5,-49.9820935408607
01-Aug-2026 00:47:02,-178.310811150864,-50.2038242043486,0,24,24,24,5,-50.2038242043486
01-Aug-2026 00:47:04,-178.197136708721,-50.0901497622056,0,24,24,24,4,-50.0901497622056
01-Aug-2026 00:47:06,-178.045260344255,-49.938273397739,0,24,24,24,4,-49.938273397739
01-Aug-2026 00:47:08,-177.786161326256,-49.67917437974,0,24,24,24,3,-49.67917437974
01-Aug-2026 00:47:10,-187.943994333082,-59.8370073865665,0,24,24,24,2,-59.8370073865665
01-Aug-2026 00:47:12,-188.584564923766,-60.47757797725,0,24,24,24,1,-60.47757797725
01-Aug-2026 00:47:14,-3076.52655568589,-2948.41956873937,0,24,24,24,0,-2948.41956873937
01-Aug-2026 00:47:16,-3076.52655568589,-2948.41956873937,0,24,24,24,0,-2948.41956873937
01-Aug-2026 00:47:18,-3076.52655568589,-2948.41956873937,0,25,25,25,0,-2948.41956873937
01-Aug-2026 00:47:20,-3076.52655568589,-2948.41956873937,0,25,25,25,0,-2948.41956873937
01-Aug-2026 00:47:22,-3076.52655568589,-2948.41956873937,0,25,25,25,0,-2948.41956873937
01-Aug-2026 00:47:24,-3076.52655568589,-2948.41956873937,0,25,25,25,0,-2948.41956873937
01-Aug-2026 00:47:26,-3076.52655568589,-2948.41956873937,0,25,25,25,0,-2948.41956873937
01-Aug-2026 00:47:28,-190.77960219599,-62.6726152494738,0,26,26,26,1,-62.6726152494738
01-Aug-2026 00:47:30,-190.753197222608,-62.6462102760923,0,26,26,26,1,-62.6462102760923
01-Aug-2026 00:47:32,-191.059848131774,-62.9528611852581,0,25,25,25,1,-62.9528611852581
01-Aug-2026 00:47:34,-191.830792628309,-63.7238056817932,0,25,25,25,1,-63.7238056817932
01-Aug-2026 00:47:36,-192.043119819791,-63.9361328732755,0,25,25,25,1,-63.9361328732755
01-Aug-2026 00:47:38,-191.974180367956,-63.86719342144,0,25,25,25,1,-63.86719342144
01-Aug-2026 00:47:40,-192.155858006967,-64.0488710604507,0,24,24,24,1,-64.0488710604507
01-Aug-2026 00:47:42,-192.242638746076,-64.1356517995604,0,24,24,24,1,-64.1356517995604
01-Aug-2026 00:47:44,-188.489517632501,-60.3825306859849,0,25,25,25,3,-60.3825306859849
01-Aug-2026 00:47:46,-188.277628041486,-60.17064109497,0,27,27,27,3,-60.17064109497
01-Aug-2026 00:47:48,-188.328794295358,-60.2218073488424,0,27,27,27,3,-60.2218073488424
01-Aug-2026 00:47:50,-188.39291138351,-60.285924436994,0,27,27,27,3,-60.285924436994
01-Aug-2026 00:47:52,-188.362958747991,-60.2559718014749,0,27,27,27,3,-60.2559718014749
01-Aug-2026 00:47:54,-185.236407872501,-57.1294209259852,0,27,27,27,5,-57.1294209259852
01-Aug-2026 00:47:56,-186.196046412759,-58.0890594662433,0,27,27,27,4,-58.0890594662433
01-Aug-2026 00:47:58,-185.674730972297,-57.567744025781,0,27,27,27,5,-57.567744025781
01-Aug-2026 00:48:00,-185.785629018107,-57.6786420715909,0,27,27,27,5,-57.6786420715909
01-Aug-2026 00:48:02,-185.730751379135,-57.6237644326188,0,27,27,27,6,-57.6237644326188
01-Aug-2026 00:48:04,-186.663423664297,-58.5564367177816,0,26,26,26,5,-58.5564367177816
01-Aug-2026 00:48:06,-163.391379642834,-35.2843926963182,0,26,26,26,6,-35.2843926963182
01-Aug-2026 00:48:08,-162.981736995056,-34.8747500485399,0,26,26,26,7,-34.8747500485399
01-Aug-2026 00:48:10,-162.919076141229,-34.8120891947129,0,26,26,26,6,-34.8120891947129
01-Aug-2026 00:48:12,-162.693697937025,-34.5867109905087,0,26,26,26,6,-34.5867109905087
01-Aug-2026 00:48:14,-162.172780827774,-34.0657938812584,0,26,26,26,5,-34.0657938812584
01-Aug-2026 00:48:16,-188.279994757456,-60.1730078109405,0,27,27,27,4,-60.1730078109405
01-Aug-2026 00:48:18,-188.182283997295,-60.0752970507795,0,27,27,27,4,-60.0752970507795
01-Aug-2026 00:48:20,-188.081880293752,-59.974893347236,0,27,27,27,4,-59.974893347236
01-Aug-2026 00:48:22,-165.901131623837,-37.7941446773207,0,27,27,27,5,-37.7941446773207
01-Aug-2026 00:48:24,-165.454959535827,-37.347972589311,0,27,27,27,5,-37.347972589311
01-Aug-2026 00:48:26,-164.436382420099,-36.3293954735828,0,27,27,27,6,-36.3293954735828
01-Aug-2026 00:48:28,-163.916852698129,-35.809865751613,0,27,27,27,5,-35.809865751613
01-Aug-2026 00:48:30,-163.916714813457,-35.8097278669414,0,27,27,27,5,-35.8097278669414
01-Aug-2026 00:48:32,-163.372985261882,-35.2659983153663,0,26,26,26,5,-35.2659983153663
01-Aug-2026 00:48:34,-163.729806083318,-35.6228191368024,0,26,26,26,5,-35.6228191368024
01-Aug-2026 00:48:36,-189.101597292714,-60.9946103461982,0,26,26,26,4,-60.9946103461982
01-Aug-2026 00:48:38,-191.086576316224,-62.9795893697085,0,26,26,26,3,-62.9795893697085
01-Aug-2026 00:48:40,-190.838505884765,-62.7315189382492,0,26,26,26,2,-62.7315189382492
01-Aug-2026 00:48:42,-190.669270796526,-62.5622838500104,0,26,26,26,1,-62.5622838500104
01-Aug-2026 00:48:44,-190.752355775442,-62.645368828926,0,26,26,26,1,-62.645368828926
01-Aug-2026 00:48:46,-189.027378549798,-60.9203916032826,0,25,25,25,2,-60.9203916032826
01-Aug-2026 00:48:48,-188.889524291404,-60.7825373448884,0,25,25,25,2,-60.7825373448884
01-Aug-2026 00:48:50,-195.554921181468,-67.4479342349525,0,25,25,25,1,-67.4479342349525
01-Aug-2026 00:48:52,-190.740674313389,-62.6336873668735,0,25,25,25,2,-62.6336873668735
01-Aug-2026 00:48:54,-179.596820709271,-51.4898337627551,0,25,25,25,3,-51.4898337627551
01-Aug-2026 00:48:56,-178.848163326455,-50.741176379939,0,25,25,25,4,-50.741176379939
01-Aug-2026 00:48:58,-178.614467169187,-50.5074802226714,0,25,25,25,5,-50.5074802226714
01-Aug-2026 00:49:00,-178.841131435315,-50.7341444887992,0,25,25,25,5,-50.7341444887992
01-Aug-2026 00:49:02,-178.776500076929,-50.6695131304128,0,26,26,26,5,-50.6695131304128
01-Aug-2026 00:49:04,-177.986343931643,-49.8793569851272,0,27,27,27,6,-49.8793569851272
01-Aug-2026 00:49:06,-177.464835765377,-49.3578488188614,0,27,27,27,8,-49.3578488188614
01-Aug-2026 00:49:08,-173.22202379929,-45.1150368527742,0,28,28,28,9,-45.1150368527742
01-Aug-2026 00:49:10,-173.570541554005,-45.4635546074889,0,28,28,28,9,-45.4635546074889
01-Aug-2026 00:49:12,-173.578585441399,-45.4715984948829,0,29,29,29,9,-45.4715984948829
01-Aug-2026 00:49:14,-173.666334886775,-45.5593479402587,0,29,29,29,8,-45.5593479402587
01-Aug-2026 00:49:16,-177.583218167715,-49.4762312211992,0,29,29,29,8,-49.4762312211992
01-Aug-2026 00:49:18,-177.477061528226,-49.3700745817102,0,29,29,29,8,-49.3700745817102
01-Aug-2026 00:49:20,-177.867881755395,-49.7608948088787,0,29,29,29,8,-49.7608948088787
01-Aug-2026 00:49:22,-177.883128549508,-49.7761416029925,0,29,29,29,7,-49.7761416029925
01-Aug-2026 00:49:24,-178.61165013798,-50.5046631914642,0,30,30,30,6,-50.5046631914642
01-Aug-2026 00:49:26,-167.298871726848,-39.1918847803326,0,30,30,30,6,-39.1918847803326
01-Aug-2026 00:49:28,-167.34399671629,-39.2370097697737,0,30,30,30,5,-39.2370097697737
01-Aug-2026 00:49:30,-152.747695821407,-24.6407088748913,0,30,30,30,6,-24.6407088748913
01-Aug-2026 00:49:32,-167.911765664517,-39.8047787180012,0,30,30,30,5,-39.8047787180012
01-Aug-2026 00:49:34,-168.398050903376,-40.29106395686,0,29,29,29,5,-40.29106395686
01-Aug-2026 00:49:36,-168.751377369964,-40.6443904234482,0,28,28,28,5,-40.6443904234482
01-Aug-2026 00:49:38,-169.279748219939,-41.1727612734229,0,28,28,28,4,-41.1727612734229
01-Aug-2026 00:49:40,-169.652843255238,-41.5458563087223,0,27,27,27,5,-41.5458563087223
01-Aug-2026 00:49:42,-170.015206781327,-41.9082198348113,0,28,28,28,6,-41.9082198348113
01-Aug-2026 00:49:44,-169.92930433402,-41.8223173875043,0,28,28,28,5,-41.8223173875043
01-Aug-2026 00:49:46,-170.037914802954,-41.9309278564378,0,28,28,28,4,-41.9309278564378
01-Aug-2026 00:49:48,-169.928792380159,-41.8218054336432,0,28,28,28,5,-41.8218054336432
01-Aug-2026 00:49:50,-172.466235202337,-44.3592482558208,0,28,28,28,5,-44.3592482558208
01-Aug-2026 00:49:52,-186.453264708989,-58.3462777624728,0,28,28,28,5,-58.3462777624728
01-Aug-2026 00:49:54,-186.610679487669,-58.5036925411531,0,27,27,27,5,-58.5036925411531
01-Aug-2026 00:49:56,-185.343742436881,-57.2367554903648,0,26,26,26,5,-57.2367554903648
01-Aug-2026 00:49:58,-185.482717317138,-57.3757303706217,0,26,26,26,5,-57.3757303706217
01-Aug-2026 00:50:00,-185.282425572602,-57.1754386260861,0,26,26,26,6,-57.1754386260861
01-Aug-2026 00:50:02,-185.647674870092,-57.5406879235764,0,26,26,26,5,-57.5406879235764
01-Aug-2026 00:50:04,-185.87143365854,-57.7644467120242,0,26,26,26,5,-57.7644467120242
01-Aug-2026 00:50:06,-185.846880125917,-57.7398931794011,0,26,26,26,5,-57.7398931794011
01-Aug-2026 00:50:08,-186.03143029088,-57.9244433443641,0,26,26,26,5,-57.9244433443641
01-Aug-2026 00:50:10,-185.689585711383,-57.582598764867,0,26,26,26,6,-57.582598764867
01-Aug-2026 00:50:12,-185.794179308829,-57.687192362313,0,26,26,26,6,-57.687192362313
01-Aug-2026 00:50:14,-186.685652937623,-58.5786659911074,0,26,26,26,5,-58.5786659911074
01-Aug-2026 00:50:16,-186.783652777077,-58.6766658305615,0,26,26,26,5,-58.6766658305615
01-Aug-2026 00:50:18,-186.985592219759,-58.8786052732436,0,26,26,26,5,-58.8786052732436
01-Aug-2026 00:50:20,-185.915342623265,-57.808355676749,0,26,26,26,6,-57.808355676749
01-Aug-2026 00:50:22,-186.577610990815,-58.4706240442994,0,25,25,25,5,-58.4706240442994
01-Aug-2026 00:50:24,-186.27112576658,-58.1641388200639,0,25,25,25,5,-58.1641388200639
01-Aug-2026 00:50:26,-186.578360654393,-58.4713737078769,0,25,25,25,5,-58.4713737078769
01-Aug-2026 00:50:28,-187.432342181502,-59.3253552349863,0,25,25,25,4,-59.3253552349863
01-Aug-2026 00:50:30,-187.523860549209,-59.4168736026934,0,25,25,25,4,-59.4168736026934
01-Aug-2026 00:50:32,-187.770992005714,-59.6640050591986,0,25,25,25,4,-59.6640050591986
01-Aug-2026 00:50:34,-188.450932690554,-60.3439457440384,0,25,25,25,3,-60.3439457440384
01-Aug-2026 00:50:36,-188.500779816043,-60.3937928695271,0,25,25,25,3,-60.3937928695271
01-Aug-2026 00:50:38,-188.477385394468,-60.3703984479519,0,25,25,25,3,-60.3703984479519
01-Aug-2026 00:50:40,-188.440423916097,-60.3334369695814,0,25,25,25,3,-60.3334369695814
01-Aug-2026 00:50:42,-188.743495708244,-60.6365087617281,0,25,25,25,4,-60.6365087617281
01-Aug-2026 00:50:44,-188.943328193105,-60.836341246589,0,24,24,24,4,-60.836341246589
01-Aug-2026 00:50:46,-189.747540167142,-61.6405532206264,0,24,24,24,3,-61.6405532206264
01-Aug-2026 00:50:48,-189.932589229782,-61.8256022832659,0,24,24,24,3,-61.8256022832659
01-Aug-2026 00:50:50,-189.736597704413,-61.6296107578967,0,24,24,24,4,-61.6296107578967
01-Aug-2026 00:50:52,-174.106047859461,-45.9990609129452,0,24,24,24,6,-45.9990609129452
01-Aug-2026 00:50:54,-186.67347990593,-58.5664929594144,0,24,24,24,4,-58.5664929594144
01-Aug-2026 00:50:56,-172.143582758788,-44.0365958122722,0,24,24,24,5,-44.0365958122722
01-Aug-2026 00:50:58,-172.070844478704,-43.9638575321877,0,24,24,24,4,-43.9638575321877
01-Aug-2026 00:51:00,-172.547330559112,-44.4403436125959,0,24,24,24,4,-44.4403436125959
01-Aug-2026 00:51:02,-173.37473688017,-45.267749933654,0,24,24,24,4,-45.267749933654
01-Aug-2026 00:51:04,-173.079180706441,-44.972193759925,0,24,24,24,4,-44.972193759925
01-Aug-2026 00:51:06,-173.388433806686,-45.2814468601702,0,25,25,25,5,-45.2814468601702
01-Aug-2026 00:51:08,-173.434391351351,-45.3274044048348,0,25,25,25,5,-45.3274044048348
01-Aug-2026 00:51:10,-173.628137859671,-45.5211509131551,0,25,25,25,5,-45.5211509131551
01-Aug-2026 00:51:12,-187.310692336884,-59.2037053903686,0,25,25,25,4,-59.2037053903686
01-Aug-2026 00:51:14,-187.705723617894,-59.598736671378,0,25,25,25,4,-59.598736671378
01-Aug-2026 00:51:16,-187.487230986065,-59.380244039549,0,25,25,25,4,-59.380244039549
01-Aug-2026 00:51:18,-187.537393006576,-59.4304060600605,0,25,25,25,4,-59.4304060600605
01-Aug-2026 00:51:20,-187.429843524437,-59.322856577921,0,26,26,26,3,-59.322856577921
01-Aug-2026 00:51:22,-187.96634098605,-59.8593540395337,0,25,25,25,2,-59.8593540395337
01-Aug-2026 00:51:24,-187.832080698489,-59.7250937519727,0,25,25,25,2,-59.7250937519727
01-Aug-2026 00:51:26,-188.077056637509,-59.9700696909935,0,25,25,25,2,-59.9700696909935
01-Aug-2026 00:51:28,-188.449917532023,-60.3429305855069,0,25,25,25,2,-60.3429305855069
01-Aug-2026 00:51:30,-189.13642417679,-61.0294372302738,0,25,25,25,2,-61.0294372302738
01-Aug-2026 00:51:32,-188.369582191351,-60.2625952448354,0,25,25,25,3,-60.2625952448354
01-Aug-2026 00:51:34,-188.482991921261,-60.3760049747449,0,25,25,25,3,-60.3760049747449
01-Aug-2026 00:51:36,-188.501639575671,-60.3946526291549,0,25,25,25,4,-60.3946526291549
01-Aug-2026 00:51:38,-169.564528859601,-41.4575419130851,0,26,26,26,6,-41.4575419130851
01-Aug-2026 00:51:40,-169.405988622995,-41.2990016764788,0,26,26,26,6,-41.2990016764788
01-Aug-2026 00:51:42,-168.993517069009,-40.886530122493,0,26,26,26,6,-40.886530122493
01-Aug-2026 00:51:44,-168.258960541294,-40.1519735947785,0,26,26,26,6,-40.1519735947785
01-Aug-2026 00:51:46,-167.863664182142,-39.7566772356257,0,26,26,26,5,-39.7566772356257
01-Aug-2026 00:51:48,-168.118647380829,-40.0116604343136,0,26,26,26,5,-40.0116604343136
01-Aug-2026 00:51:50,-167.790189910269,-39.683202963753,0,26,26,26,6,-39.683202963753
01-Aug-2026 00:51:52,-167.658765056422,-39.5517781099066,0,26,26,26,5,-39.5517781099066
01-Aug-2026 00:51:54,-167.029330424766,-38.9223434782506,0,27,27,27,5,-38.9223434782506
01-Aug-2026 00:51:56,-166.107006205554,-38.0000192590379,0,26,26,26,4,-38.0000192590379
01-Aug-2026 00:51:58,-165.601035776638,-37.4940488301225,0,26,26,26,4,-37.4940488301225
01-Aug-2026 00:52:00,-164.905757465663,-36.7987705191468,0,27,27,27,4,-36.7987705191468
01-Aug-2026 00:52:02,-163.868975205546,-35.7619882590306,0,27,27,27,4,-35.7619882590306
01-Aug-2026 00:52:04,-162.177653688865,-34.070666742349,0,26,26,26,4,-34.070666742349
01-Aug-2026 00:52:06,-161.622206238987,-33.5152192924709,0,26,26,26,4,-33.5152192924709
01-Aug-2026 00:52:08,-160.8371464146,-32.7301594680839,0,26,26,26,4,-32.7301594680839
01-Aug-2026 00:52:10,-159.569590981131,-31.4626040346151,0,26,26,26,3,-31.4626040346151
01-Aug-2026 00:52:12,-158.003497879739,-29.8965109332233,0,26,26,26,3,-29.8965109332233
01-Aug-2026 00:52:14,-156.700944026757,-28.593957080241,0,26,26,26,3,-28.593957080241
01-Aug-2026 00:52:16,-155.504760538541,-27.3977735920254,0,26,26,26,4,-27.3977735920254
01-Aug-2026 00:52:18,-153.872997916603,-25.7660109700872,0,26,26,26,4,-25.7660109700872
01-Aug-2026 00:52:20,-152.350179413566,-24.2431924670502,0,26,26,26,6,-24.2431924670502
01-Aug-2026 00:52:22,-150.510390791284,-22.4034038447685,0,26,26,26,5,-22.4034038447685
01-Aug-2026 00:52:24,-149.053990342761,-20.9470033962451,0,26,26,26,5,-20.9470033962451
01-Aug-2026 00:52:26,-148.565896724934,-20.4589097784183,0,26,26,26,6,-20.4589097784183
01-Aug-2026 00:52:28,-149.870579342173,-21.7635923956574,0,26,26,26,7,-21.7635923956574
01-Aug-2026 00:52:30,-152.007810754698,-23.9008238081819,0,26,26,26,7,-23.9008238081819
01-Aug-2026 00:52:32,-153.761072966032,-25.6540860195165,0,26,26,26,5,-25.6540860195165
01-Aug-2026 00:52:34,-155.155767671745,-27.0487807252292,0,26,26,26,5,-27.0487807252292
01-Aug-2026 00:52:36,-156.899586952879,-28.7926000063629,0,26,26,26,5,-28.7926000063629
01-Aug-2026 00:52:38,-158.699190989608,-30.5922040430919,0,26,26,26,5,-30.5922040430919
01-Aug-2026 00:52:40,-160.493487342824,-32.3865003963082,0,26,26,26,5,-32.3865003963082
01-Aug-2026 00:52:42,-161.528474517057,-33.421487570541,0,25,25,25,6,-33.421487570541
01-Aug-2026 00:52:44,-162.414085379616,-34.3070984331004,0,26,26,26,6,-34.3070984331004
01-Aug-2026 00:52:46,-162.782558901257,-34.6755719547413,0,26,26,26,6,-34.6755719547413
01-Aug-2026 00:52:48,-163.823534078704,-35.7165471321882,0,26,26,26,6,-35.7165471321882
01-Aug-2026 00:52:50,-164.779318815719,-36.6723318692029,0,26,26,26,5,-36.6723318692029
01-Aug-2026 00:52:52,-165.921409164239,-37.814422217723,0,26,26,26,5,-37.814422217723
01-Aug-2026 00:52:54,-166.327932484403,-38.2209455378868,0,26,26,26,5,-38.2209455378868
01-Aug-2026 00:52:56,-166.926338512383,-38.8193515658668,0,26,26,26,5,-38.8193515658668
01-Aug-2026 00:52:58,-167.167132322626,-39.0601453761105,0,28,28,28,5,-39.0601453761105
01-Aug-2026 00:53:00,-166.788770378977,-38.6817834324615,0,28,28,28,7,-38.6817834324615
01-Aug-2026 00:53:02,-166.843534324499,-38.736547377983,0,28,28,28,6,-38.736547377983
01-Aug-2026 00:53:04,-167.045091227547,-38.9381042810307,0,29,29,29,7,-38.9381042810307
01-Aug-2026 00:53:06,-175.366295284349,-47.2593083378332,0,29,29,29,6,-47.2593083378332
01-Aug-2026 00:53:08,-174.771636470108,-46.6646495235925,0,29,29,29,6,-46.6646495235925
01-Aug-2026 00:53:10,-174.359512458977,-46.2525255124615,0,29,29,29,6,-46.2525255124615
01-Aug-2026 00:53:12,-178.437368817034,-50.3303818705186,0,29,29,29,5,-50.3303818705186
01-Aug-2026 00:53:14,-178.906147199195,-50.7991602526793,0,29,29,29,4,-50.7991602526793
01-Aug-2026 00:53:16,-178.681120706775,-50.5741337602588,0,29,29,29,4,-50.5741337602588
01-Aug-2026 00:53:18,-178.747981459794,-50.6409945132777,0,29,29,29,3,-50.6409945132777
01-Aug-2026 00:53:20,-178.882411256616,-50.7754243101005,0,29,29,29,3,-50.7754243101005
01-Aug-2026 00:53:22,-178.596725259519,-50.4897383130028,0,29,29,29,3,-50.4897383130028
01-Aug-2026 00:53:24,-178.678808545667,-50.5718215991513,0,29,29,29,3,-50.5718215991513
01-Aug-2026 00:53:26,-179.013200553341,-50.9062136068249,0,28,28,28,3,-50.9062136068249
01-Aug-2026 00:53:28,-179.053292485502,-50.9463055389858,0,28,28,28,2,-50.9463055389858
01-Aug-2026 00:53:30,-179.037719146321,-50.9307321998049,0,27,27,27,2,-50.9307321998049
01-Aug-2026 00:53:32,-178.753812176632,-50.6468252301157,0,27,27,27,2,-50.6468252301157
01-Aug-2026 00:53:34,-178.248078002361,-50.141091055845,0,28,28,28,4,-50.141091055845
01-Aug-2026 00:53:36,-178.716150538143,-50.609163591627,0,28,28,28,4,-50.609163591627
01-Aug-2026 00:53:38,-178.754564284714,-50.6475773381981,0,28,28,28,5,-50.6475773381981
01-Aug-2026 00:53:40,-178.43156868786,-50.3245817413439,0,28,28,28,6,-50.3245817413439
01-Aug-2026 00:53:42,-177.743447986831,-49.6364610403148,0,28,28,28,7,-49.6364610403148
01-Aug-2026 00:53:44,-177.430211501927,-49.3232245554115,0,27,27,27,7,-49.3232245554115
01-Aug-2026 00:53:46,-177.814023654392,-49.7070367078759,0,26,26,26,4,-49.7070367078759
01-Aug-2026 00:53:48,-177.708414473773,-49.6014275272571,0,26,26,26,5,-49.6014275272571
01-Aug-2026 00:53:50,-177.543112684992,-49.4361257384761,0,26,26,26,5,-49.4361257384761
01-Aug-2026 00:53:52,-177.490587914901,-49.3836009683855,0,26,26,26,5,-49.3836009683855
01-Aug-2026 00:53:54,-177.341616990983,-49.2346300444672,0,26,26,26,5,-49.2346300444672
01-Aug-2026 00:53:56,-176.674804416497,-48.5678174699812,0,26,26,26,6,-48.5678174699812
01-Aug-2026 00:53:58,-176.659692823591,-48.5527058770753,0,26,26,26,6,-48.5527058770753
01-Aug-2026 00:54:00,-176.633264404305,-48.5262774577887,0,26,26,26,6,-48.5262774577887
01-Aug-2026 00:54:02,-176.291148022872,-48.1841610763557,0,26,26,26,5,-48.1841610763557
01-Aug-2026 00:54:04,-176.468339665296,-48.3613527187797,0,26,26,26,5,-48.3613527187797
01-Aug-2026 00:54:06,-173.656115479845,-45.5491285333289,0,26,26,26,5,-45.5491285333289
01-Aug-2026 00:54:08,-174.076878566826,-45.9698916203106,0,26,26,26,3,-45.9698916203106
01-Aug-2026 00:54:10,-174.028838838138,-45.9218518916224,0,26,26,26,4,-45.9218518916224
01-Aug-2026 00:54:12,-173.890243411403,-45.7832564648874,0,26,26,26,4,-45.7832564648874
01-Aug-2026 00:54:14,-174.205307040651,-46.0983200941351,0,26,26,26,5,-46.0983200941351
01-Aug-2026 00:54:16,-174.555459938013,-46.4484729914975,0,25,25,25,5,-46.4484729914975
01-Aug-2026 00:54:18,-169.654213135398,-41.5472261888821,0,25,25,25,6,-41.5472261888821
01-Aug-2026 00:54:20,-169.792952684055,-41.6859657375387,0,25,25,25,6,-41.6859657375387
01-Aug-2026 00:54:22,-169.863456592788,-41.7564696462726,0,25,25,25,5,-41.7564696462726
01-Aug-2026 00:54:24,-169.923097013366,-41.8161100668505,0,25,25,25,5,-41.8161100668505
01-Aug-2026 00:54:26,-169.71655705946,-41.6095701129446,0,25,25,25,5,-41.6095701129446
01-Aug-2026 00:54:28,-170.115312707301,-42.0083257607849,0,25,25,25,6,-42.0083257607849
01-Aug-2026 00:54:30,-170.012550442936,-41.9055634964198,0,25,25,25,6,-41.9055634964198
01-Aug-2026 00:54:32,-170.716214709696,-42.6092277631806,0,24,24,24,3,-42.6092277631806
01-Aug-2026 00:54:34,-169.998343052297,-41.8913561057812,0,24,24,24,4,-41.8913561057812
01-Aug-2026 00:54:36,-196.742899918787,-68.6359129722715,0,24,24,24,2,-68.6359129722715
01-Aug-2026 00:54:38,-195.794757933668,-67.6877709871524,0,24,24,24,3,-67.6877709871524
01-Aug-2026 00:54:40,-195.963559600146,-67.85657265363,0,24,24,24,3,-67.85657265363
01-Aug-2026 00:54:42,-193.539191606852,-65.4322046603361,0,24,24,24,4,-65.4322046603361
01-Aug-2026 00:54:44,-192.107831530629,-64.0008445841131,0,24,24,24,4,-64.0008445841131
01-Aug-2026 00:54:46,-191.716908540883,-63.6099215943668,0,24,24,24,5,-63.6099215943668
01-Aug-2026 00:54:48,-189.558026970466,-61.45104002395,0,24,24,24,7,-61.45104002395
01-Aug-2026 00:54:50,-189.62010167828,-61.513114731764,0,24,24,24,6,-61.513114731764
01-Aug-2026 00:54:52,-189.552174319978,-61.4451873734617,0,24,24,24,6,-61.4451873734617
01-Aug-2026 00:54:54,-189.339791163861,-61.2328042173456,0,25,25,25,6,-61.2328042173456
01-Aug-2026 00:54:56,-189.519765036154,-61.4127780896377,0,25,25,25,5,-61.4127780896377
01-Aug-2026 00:54:58,-180.429454819825,-52.3224678733096,0,25,25,25,4,-52.3224678733096
01-Aug-2026 00:55:00,-179.364852971336,-51.2578660248202,0,25,25,25,5,-51.2578660248202
01-Aug-2026 00:55:02,-179.241009634624,-51.1340226881079,0,25,25,25,6,-51.1340226881079
01-Aug-2026 00:55:04,-185.679903877693,-57.572916931177,0,25,25,25,5,-57.572916931177
01-Aug-2026 00:55:06,-180.28842269545,-52.1814357489345,0,25,25,25,5,-52.1814357489345
01-Aug-2026 00:55:08,-180.113429590834,-52.0064426443176,0,25,25,25,4,-52.0064426443176
01-Aug-2026 00:55:10,-180.474223363371,-52.3672364168556,0,24,24,24,4,-52.3672364168556
01-Aug-2026 00:55:12,-180.730754920354,-52.6237679738385,0,25,25,25,3,-52.6237679738385
01-Aug-2026 00:55:14,-194.646648009505,-66.5396610629887,0,25,25,25,1,-66.5396610629887
01-Aug-2026 00:55:16,-193.964832650019,-65.8578457035034,0,25,25,25,1,-65.8578457035034
01-Aug-2026 00:55:18,-193.581457049836,-65.4744701033203,0,26,26,26,1,-65.4744701033203
01-Aug-2026 00:55:20,-190.191359623242,-62.0843726767263,0,26,26,26,2,-62.0843726767263
01-Aug-2026 00:55:22,-189.702638784602,-61.5956518380858,0,25,25,25,2,-61.5956518380858
01-Aug-2026 00:55:24,-189.57911597665,-61.4721290301343,0,25,25,25,2,-61.4721290301343
01-Aug-2026 00:55:26,-189.679680258332,-61.572693311816,0,25,25,25,2,-61.572693311816
01-Aug-2026 00:55:28,-188.032849916686,-59.9258629701697,0,25,25,25,4,-59.9258629701697
01-Aug-2026 00:55:30,-188.415066075274,-60.3080791287583,0,26,26,26,4,-60.3080791287583
01-Aug-2026 00:55:32,-188.169994854871,-60.0630079083549,0,25,25,25,5,-60.0630079083549
01-Aug-2026 00:55:34,-188.285544710631,-60.1785577641149,0,25,25,25,4,-60.1785577641149
01-Aug-2026 00:55:36,-188.38719105931,-60.2802041127941,0,25,25,25,5,-60.2802041127941
01-Aug-2026 00:55:38,-189.772848217877,-61.6658612713614,0,25,25,25,4,-61.6658612713614
01-Aug-2026 00:55:40,-189.619053043534,-61.5120660970181,0,25,25,25,4,-61.5120660970181
01-Aug-2026 00:55:42,-189.622501303868,-61.5155143573523,0,25,25,25,4,-61.5155143573523
01-Aug-2026 00:55:44,-189.70927054521,-61.6022835986943,0,26,26,26,4,-61.6022835986943
01-Aug-2026 00:55:46,-189.10103235783,-60.9940454113137,0,26,26,26,6,-60.9940454113137
01-Aug-2026 00:55:48,-189.824698253578,-61.717711307062,0,25,25,25,5,-61.717711307062
01-Aug-2026 00:55:50,-189.852123482641,-61.7451365361252,0,25,25,25,5,-61.7451365361252
01-Aug-2026 00:55:52,-190.303227217002,-62.1962402704862,0,25,25,25,5,-62.1962402704862
01-Aug-2026 00:55:54,-167.852399860806,-39.7454129142902,0,25,25,25,6,-39.7454129142902
01-Aug-2026 00:55:56,-167.686484288279,-39.5794973417636,0,25,25,25,6,-39.5794973417636
01-Aug-2026 00:55:58,-168.617470642238,-40.5104836957225,0,25,25,25,5,-40.5104836957225
01-Aug-2026 00:56:00,-168.171366898465,-40.0643799519495,0,25,25,25,6,-40.0643799519495
01-Aug-2026 00:56:02,-192.007015177993,-63.9000282314771,0,25,25,25,4,-63.9000282314771
01-Aug-2026 00:56:04,-192.00760591876,-63.9006189722442,0,25,25,25,4,-63.9006189722442
01-Aug-2026 00:56:06,-192.920067148712,-64.8130802021963,0,26,26,26,3,-64.8130802021963
01-Aug-2026 00:56:08,-192.804013348163,-64.6970264016468,0,26,26,26,3,-64.6970264016468
01-Aug-2026 00:56:10,-190.901211502535,-62.7942245560189,0,26,26,26,4,-62.7942245560189
01-Aug-2026 00:56:12,-183.608986560876,-55.5019996143602,0,26,26,26,4,-55.5019996143602
01-Aug-2026 00:56:14,-174.321432267037,-46.214445320521,0,26,26,26,5,-46.214445320521
01-Aug-2026 00:56:16,-174.58321941762,-46.4762324711041,0,26,26,26,5,-46.4762324711041
01-Aug-2026 00:56:18,-174.422878211365,-46.3158912648489,0,26,26,26,4,-46.3158912648489
01-Aug-2026 00:56:20,-173.853153182735,-45.7461662362195,0,26,26,26,4,-45.7461662362195
01-Aug-2026 00:56:22,-174.057349892574,-45.9503629460585,0,26,26,26,4,-45.9503629460585
01-Aug-2026 00:56:24,-173.600048159962,-45.493061213446,0,26,26,26,4,-45.493061213446
01-Aug-2026 00:56:26,-173.445578668365,-45.3385917218495,0,26,26,26,5,-45.3385917218495
01-Aug-2026 00:56:28,-172.823351066052,-44.716364119536,0,27,27,27,5,-44.716364119536
01-Aug-2026 00:56:30,-172.486610306365,-44.3796233598488,0,27,27,27,5,-44.3796233598488
01-Aug-2026 00:56:32,-182.072700440302,-53.9657134937858,0,27,27,27,5,-53.9657134937858
01-Aug-2026 00:56:34,-182.395983167322,-54.2889962208062,0,27,27,27,5,-54.2889962208062
01-Aug-2026 00:56:36,-182.049478183812,-53.9424912372963,0,27,27,27,6,-53.9424912372963
01-Aug-2026 00:56:38,-181.645258645138,-53.5382716986222,0,26,26,26,6,-53.5382716986222
01-Aug-2026 00:56:40,-182.694345481139,-54.5873585346232,0,26,26,26,5,-54.5873585346232
01-Aug-2026 00:56:42,-183.26494464483,-55.1579576983137,0,26,26,26,4,-55.1579576983137
01-Aug-2026 00:56:44,-157.556801610726,-29.44981466421,0,26,26,26,5,-29.44981466421
01-Aug-2026 00:56:46,-157.737125796,-29.6301388494846,0,26,26,26,4,-29.6301388494846
01-Aug-2026 00:56:48,-156.668731429243,-28.5617444827267,0,27,27,27,5,-28.5617444827267
01-Aug-2026 00:56:50,-156.640896956399,-28.5339100098831,0,28,28,28,8,-28.5339100098831
01-Aug-2026 00:56:52,-156.167216096954,-28.0602291504377,0,28,28,28,8,-28.0602291504377
01-Aug-2026 00:56:54,-156.03410553897,-27.9271185924538,0,27,27,27,6,-27.9271185924538
01-Aug-2026 00:56:56,-183.298823264057,-55.191836317541,0,27,27,27,6,-55.191836317541
01-Aug-2026 00:56:58,-183.087970823373,-54.9809838768574,0,28,28,28,7,-54.9809838768574
01-Aug-2026 00:57:00,-182.507131479409,-54.4001445328935,0,28,28,28,8,-54.4001445328935
01-Aug-2026 00:57:02,-182.15888374232,-54.0518967958042,0,28,28,28,8,-54.0518967958042
01-Aug-2026 00:57:04,-181.8809278352,-53.7739408886845,0,28,28,28,9,-53.7739408886845
01-Aug-2026 00:57:06,-177.22750875703,-49.1205218105145,0,28,28,28,10,-49.1205218105145
01-Aug-2026 00:57:08,-177.087174102508,-48.9801871559924,0,29,29,29,9,-48.9801871559924
01-Aug-2026 00:57:10,-177.325477863461,-49.2184909169451,0,29,29,29,9,-49.2184909169451
01-Aug-2026 00:57:12,-177.650094377583,-49.5431074310673,0,29,29,29,8,-49.5431074310673
01-Aug-2026 00:57:14,-177.617242957824,-49.5102560113077,0,29,29,29,8,-49.5102560113077
01-Aug-2026 00:57:16,-180.563237905974,-52.4562509594585,0,29,29,29,6,-52.4562509594585
01-Aug-2026 00:57:18,-173.306760891734,-45.1997739452179,0,28,28,28,8,-45.1997739452179
01-Aug-2026 00:57:20,-173.949422079497,-45.8424351329811,0,27,27,27,7,-45.8424351329811
01-Aug-2026 00:57:22,-174.400260816819,-46.2932738703035,0,27,27,27,8,-46.2932738703035
01-Aug-2026 00:57:24,-174.664877300115,-46.5578903535994,0,28,28,28,7,-46.5578903535994
01-Aug-2026 00:57:26,-174.710171770473,-46.6031848239575,0,28,28,28,7,-46.6031848239575
01-Aug-2026 00:57:28,-175.402272764016,-47.2952858175002,0,28,28,28,7,-47.2952858175002
01-Aug-2026 00:57:30,-175.564667588493,-47.457680641977,0,28,28,28,7,-47.457680641977
01-Aug-2026 00:57:32,-176.054510853667,-47.9475239071515,0,28,28,28,7,-47.9475239071515
01-Aug-2026 00:57:34,-176.283806770421,-48.1768198239053,0,26,26,26,6,-48.1768198239053
01-Aug-2026 00:57:36,-161.46761386881,-33.3606269222944,0,26,26,26,6,-33.3606269222944
01-Aug-2026 00:57:38,-161.216113893955,-33.1091269474387,0,26,26,26,6,-33.1091269474387
01-Aug-2026 00:57:40,-161.532392062492,-33.4254051159763,0,26,26,26,6,-33.4254051159763
01-Aug-2026 00:57:42,-161.682391482642,-33.5754045361261,0,26,26,26,8,-33.5754045361261
01-Aug-2026 00:57:44,-162.110323501468,-34.0033365549521,0,26,26,26,8,-34.0033365549521
01-Aug-2026 00:57:46,-180.683430101038,-52.5764431545222,0,26,26,26,7,-52.5764431545222
01-Aug-2026 00:57:48,-180.617788446791,-52.5108015002755,0,26,26,26,8,-52.5108015002755
01-Aug-2026 00:57:50,-180.968464369671,-52.8614774231555,0,26,26,26,7,-52.8614774231555
01-Aug-2026 00:57:52,-181.017942201192,-52.9109552546759,0,26,26,26,7,-52.9109552546759
01-Aug-2026 00:57:54,-182.698667731063,-54.5916807845475,0,26,26,26,6,-54.5916807845475
01-Aug-2026 00:57:56,-182.265588239834,-54.1586012933183,0,26,26,26,6,-54.1586012933183
01-Aug-2026 00:57:58,-182.453745745013,-54.3467587984976,0,26,26,26,5,-54.3467587984976
01-Aug-2026 00:58:00,-182.947925725627,-54.8409387791112,0,26,26,26,5,-54.8409387791112
01-Aug-2026 00:58:02,-180.727195213926,-52.6202082674098,0,26,26,26,6,-52.6202082674098
01-Aug-2026 00:58:04,-180.820490221471,-52.7135032749548,0,26,26,26,7,-52.7135032749548
01-Aug-2026 00:58:06,-169.853699384162,-41.7467124376457,0,26,26,26,9,-41.7467124376457
01-Aug-2026 00:58:08,-170.882079887254,-42.7750929407379,0,26,26,26,9,-42.7750929407379
01-Aug-2026 00:58:10,-171.0614891134,-42.9545021668839,0,25,25,25,9,-42.9545021668839
01-Aug-2026 00:58:12,-171.091495326243,-42.984508379727,0,25,25,25,9,-42.984508379727
01-Aug-2026 00:58:14,-171.554996414017,-43.4480094675007,0,25,25,25,8,-43.4480094675007
01-Aug-2026 00:58:16,-171.596957180848,-43.4899702343324,0,25,25,25,9,-43.4899702343324
01-Aug-2026 00:58:18,-171.901307254718,-43.7943203082022,0,24,24,24,10,-43.7943203082022
01-Aug-2026 00:58:20,-181.144127380732,-53.0371404342164,0,24,24,24,9,-53.0371404342164
01-Aug-2026 00:58:22,-181.252576991583,-53.1455900450673,0,24,24,24,9,-53.1455900450673
01-Aug-2026 00:58:24,-181.050354625839,-52.9433676793233,0,24,24,24,9,-52.9433676793233
01-Aug-2026 00:58:26,-180.803280661405,-52.6962937148894,0,24,24,24,9,-52.6962937148894
01-Aug-2026 00:58:28,-181.023483435101,-52.916496488585,0,24,24,24,9,-52.916496488585
01-Aug-2026 00:58:30,-181.386940640752,-53.2799536942357,0,24,24,24,8,-53.2799536942357
01-Aug-2026 00:58:32,-180.688950583525,-52.5819636370089,0,24,24,24,10,-52.5819636370089
01-Aug-2026 00:58:34,-180.429519908931,-52.3225329624156,0,24,24,24,10,-52.3225329624156
01-Aug-2026 00:58:36,-180.506649460802,-52.399662514286,0,24,24,24,9,-52.399662514286
01-Aug-2026 00:58:38,-180.423551126674,-52.3165641801584,0,24,24,24,9,-52.3165641801584
01-Aug-2026 00:58:40,-181.005322797116,-52.8983358506001,0,24,24,24,9,-52.8983358506001
01-Aug-2026 00:58:42,-180.126121336996,-52.0191343904797,0,25,25,25,11,-52.0191343904797
01-Aug-2026 00:58:44,-179.554967815728,-51.4479808692122,0,25,25,25,11,-51.4479808692122
01-Aug-2026 00:58:46,-179.209770202032,-51.1027832555165,0,25,25,25,11,-51.1027832555165
01-Aug-2026 00:58:48,-179.653647202098,-51.5466602555817,0,25,25,25,10,-51.5466602555817
01-Aug-2026 00:58:50,-179.829938890804,-51.7229519442885,0,25,25,25,9,-51.7229519442885
01-Aug-2026 00:58:52,-165.861703099767,-37.7547161532507,0,25,25,25,9,-37.7547161532507
01-Aug-2026 00:58:54,-165.562239275562,-37.4552523290465,0,25,25,25,8,-37.4552523290465
01-Aug-2026 00:58:56,-165.244545399858,-37.1375584533421,0,24,24,24,6,-37.1375584533421
01-Aug-2026 00:58:58,-164.359141933393,-36.2521549868776,0,24,24,24,6,-36.2521549868776
01-Aug-2026 00:59:00,-164.733195370793,-36.6262084242772,0,23,23,23,6,-36.6262084242772
01-Aug-2026 00:59:02,-164.961366593907,-36.8543796473913,0,23,23,23,7,-36.8543796473913
01-Aug-2026 00:59:04,-164.346866253862,-36.2398793073457,0,24,24,24,8,-36.2398793073457
01-Aug-2026 00:59:06,-163.873600495191,-35.7666135486749,0,25,25,25,6,-35.7666135486749
01-Aug-2026 00:59:08,-163.380835701965,-35.2738487554492,0,25,25,25,7,-35.2738487554492
01-Aug-2026 00:59:10,-162.489009336298,-34.3820223897823,0,25,25,25,8,-34.3820223897823
01-Aug-2026 00:59:12,-162.700977917267,-34.5939909707513,0,24,24,24,7,-34.5939909707513
01-Aug-2026 00:59:14,-162.254974808012,-34.1479878614959,0,24,24,24,7,-34.1479878614959
01-Aug-2026 00:59:16,-161.762071620858,-33.6550846743423,0,24,24,24,7,-33.6550846743423
01-Aug-2026 00:59:18,-160.934364122051,-32.8273771755347,0,24,24,24,7,-32.8273771755347
01-Aug-2026 00:59:20,-161.476599583845,-33.369612637329,0,25,25,25,8,-33.369612637329
01-Aug-2026 00:59:22,-161.91726664248,-33.8102796959638,0,25,25,25,7,-33.8102796959638
01-Aug-2026 00:59:24,-162.180281416855,-34.0732944703393,0,25,25,25,7,-34.0732944703393
01-Aug-2026 00:59:26,-161.957170478717,-33.850183532201,0,25,25,25,7,-33.850183532201
01-Aug-2026 00:59:28,-161.996671331679,-33.8896843851631,0,25,25,25,7,-33.8896843851631
01-Aug-2026 00:59:30,-162.117552115271,-34.0105651687549,0,26,26,26,7,-34.0105651687549
01-Aug-2026 00:59:32,-161.996762347468,-33.8897754009517,0,26,26,26,7,-33.8897754009517
01-Aug-2026 00:59:34,-161.213856544982,-33.1068695984664,0,26,26,26,7,-33.1068695984664
01-Aug-2026 00:59:36,-159.701186906924,-31.5941999604081,0,26,26,26,7,-31.5941999604081
01-Aug-2026 00:59:38,-158.683202366918,-30.5762154204025,0,26,26,26,9,-30.5762154204025
01-Aug-2026 00:59:40,-185.757189038053,-57.6502020915371,0,25,25,25,8,-57.6502020915371
01-Aug-2026 00:59:42,-186.134463831024,-58.0274768845077,0,25,25,25,7,-58.0274768845077
01-Aug-2026 00:59:44,-188.776373215653,-60.6693862691372,0,25,25,25,6,-60.6693862691372
01-Aug-2026 00:59:46,-163.00946416855,-34.9024772220345,0,25,25,25,7,-34.9024772220345
01-Aug-2026 00:59:48,-162.12447857938,-34.0174916328639,0,25,25,25,7,-34.0174916328639
01-Aug-2026 00:59:50,-161.091007067688,-32.9840201211717,0,25,25,25,7,-32.9840201211717
01-Aug-2026 00:59:52,-160.506011602926,-32.3990246564099,0,25,25,25,6,-32.3990246564099
01-Aug-2026 00:59:54,-159.114852267065,-31.0078653205496,0,25,25,25,6,-31.0078653205496
01-Aug-2026 00:59:56,-158.041754907815,-29.9347679612989,0,25,25,25,6,-29.9347679612989
01-Aug-2026 00:59:58,-157.53726636892,-29.4302794224038,0,25,25,25,6,-29.4302794224038
01-Aug-2026 01:00:00,-157.415078467072,-29.3080915205561,0,25,25,25,6,-29.3080915205561
01-Aug-2026 01:00:02,-156.906862878051,-28.7998759315356,0,25,25,25,7,-28.7998759315356
01-Aug-2026 01:00:04,-156.719740187001,-28.6127532404856,0,25,25,25,7,-28.6127532404856
01-Aug-2026 01:00:06,-157.089097144247,-28.982110197731,0,25,25,25,6,-28.982110197731
01-Aug-2026 01:00:08,-157.190898008417,-29.0839110619016,0,25,25,25,6,-29.0839110619016
01-Aug-2026 01:00:10,-157.588510377607,-29.4815234310913,0,25,25,25,5,-29.4815234310913
01-Aug-2026 01:00:12,-158.037593979961,-29.9306070334453,0,26,26,26,5,-29.9306070334453
01-Aug-2026 01:00:14,-158.594902588852,-30.487915642336,0,26,26,26,6,-30.487915642336
01-Aug-2026 01:00:16,-159.307192198917,-31.2002052524007,0,26,26,26,6,-31.2002052524007
01-Aug-2026 01:00:18,-160.599212423754,-32.4922254772378,0,26,26,26,7,-32.4922254772378
01-Aug-2026 01:00:20,-160.71064167283,-32.6036547263146,0,26,26,26,9,-32.6036547263146
01-Aug-2026 01:00:22,-161.32853703494,-33.2215500884244,0,26,26,26,10,-33.2215500884244
01-Aug-2026 01:00:24,-162.608794867338,-34.5018079208216,0,26,26,26,10,-34.5018079208216
01-Aug-2026 01:00:26,-162.951883336779,-34.8448963902629,0,26,26,26,10,-34.8448963902629
01-Aug-2026 01:00:28,-163.775681645225,-35.6686946987087,0,26,26,26,11,-35.6686946987087
01-Aug-2026 01:00:30,-164.238474095164,-36.1314871486477,0,26,26,26,11,-36.1314871486477
01-Aug-2026 01:00:32,-164.833616090196,-36.7266291436801,0,26,26,26,12,-36.7266291436801
01-Aug-2026 01:00:34,-165.373942702329,-37.2669557558136,0,25,25,25,11,-37.2669557558136
01-Aug-2026 01:00:36,-165.141470452111,-37.0344835055955,0,25,25,25,10,-37.0344835055955
01-Aug-2026 01:00:38,-164.887312779471,-36.7803258329555,0,25,25,25,8,-36.7803258329555
01-Aug-2026 01:00:40,-164.929831505068,-36.8228445585524,0,26,26,26,8,-36.8228445585524
01-Aug-2026 01:00:42,-165.272483640405,-37.1654966938896,0,26,26,26,7,-37.1654966938896
01-Aug-2026 01:00:44,-170.646900639812,-42.5399136932965,0,27,27,27,7,-42.5399136932965
01-Aug-2026 01:00:46,-170.424709542008,-42.3177225954926,0,27,27,27,7,-42.3177225954926
01-Aug-2026 01:00:48,-170.344451776095,-42.2374648295787,0,27,27,27,7,-42.2374648295787
01-Aug-2026 01:00:50,-161.89962735372,-33.7926404072041,0,27,27,27,8,-33.7926404072041
01-Aug-2026 01:00:52,-161.636727996119,-33.5297410496029,0,27,27,27,8,-33.5297410496029
01-Aug-2026 01:00:54,-161.391927087629,-33.284940141113,0,28,28,28,8,-33.284940141113
01-Aug-2026 01:00:56,-161.509173322073,-33.4021863755567,0,28,28,28,10,-33.4021863755567
01-Aug-2026 01:00:58,-160.647147249884,-32.5401603033678,0,28,28,28,11,-32.5401603033678
01-Aug-2026 01:01:00,-160.621529111205,-32.5145421646892,0,29,29,29,11,-32.5145421646892
01-Aug-2026 01:01:02,-160.613733903104,-32.5067469565878,0,29,29,29,11,-32.5067469565878
01-Aug-2026 01:01:04,-160.653855831479,-32.5468688849627,0,29,29,29,10,-32.5468688849627
01-Aug-2026 01:01:06,-160.682169472698,-32.5751825261821,0,29,29,29,7,-32.5751825261821
01-Aug-2026 01:01:08,-160.426245334684,-32.3192583881677,0,28,28,28,8,-32.3192583881677
01-Aug-2026 01:01:10,-160.674581700126,-32.5675947536097,0,27,27,27,7,-32.5675947536097
01-Aug-2026 01:01:12,-160.756524190929,-32.6495372444128,0,27,27,27,7,-32.6495372444128
01-Aug-2026 01:01:14,-161.083800420563,-32.9768134740475,0,28,28,28,7,-32.9768134740475
01-Aug-2026 01:01:16,-160.697827226828,-32.5908402803119,0,28,28,28,7,-32.5908402803119
01-Aug-2026 01:01:18,-160.81960740421,-32.7126204576941,0,28,28,28,7,-32.7126204576941
01-Aug-2026 01:01:20,-161.01206988043,-32.9050829339146,0,28,28,28,7,-32.9050829339146
01-Aug-2026 01:01:22,-160.89679501235,-32.7898080658341,0,26,26,26,7,-32.7898080658341
01-Aug-2026 01:01:24,-160.782845798005,-32.6758588514887,0,26,26,26,8,-32.6758588514887
01-Aug-2026 01:01:26,-161.300831116171,-33.1938441696554,0,26,26,26,8,-33.1938441696554
01-Aug-2026 01:01:28,-161.21964906361,-33.1126621170939,0,26,26,26,8,-33.1126621170939
01-Aug-2026 01:01:30,-161.120481437755,-33.0134944912394,0,26,26,26,8,-33.0134944912394
01-Aug-2026 01:01:32,-161.880032840251,-33.7730458937352,0,26,26,26,8,-33.7730458937352
01-Aug-2026 01:01:34,-162.512570700357,-34.4055837538411,0,26,26,26,8,-34.4055837538411
01-Aug-2026 01:01:36,-162.56657168718,-34.4595847406638,0,26,26,26,8,-34.4595847406638
01-Aug-2026 01:01:38,-162.942375321093,-34.8353883745776,0,26,26,26,9,-34.8353883745776
01-Aug-2026 01:01:40,-170.836702262901,-42.7297153163847,0,26,26,26,8,-42.7297153163847
01-Aug-2026 01:01:42,-170.107783644315,-42.000796697799,0,26,26,26,8,-42.000796697799
01-Aug-2026 01:01:44,-169.36647393364,-41.2594869871244,0,26,26,26,8,-41.2594869871244
01-Aug-2026 01:01:46,-167.252002962239,-39.1450160157235,0,26,26,26,9,-39.1450160157235
01-Aug-2026 01:01:48,-169.453639555267,-41.3466526087509,0,26,26,26,10,-41.3466526087509
01-Aug-2026 01:01:50,-169.570685196246,-41.4636982497298,0,26,26,26,10,-41.4636982497298
01-Aug-2026 01:01:52,-168.673517972233,-40.5665310257169,0,26,26,26,10,-40.5665310257169
01-Aug-2026 01:01:54,-168.770843896078,-40.6638569495617,0,26,26,26,8,-40.6638569495617
01-Aug-2026 01:01:56,-168.489782296981,-40.3827953504654,0,26,26,26,8,-40.3827953504654
01-Aug-2026 01:01:58,-167.676474616298,-39.5694876697825,0,26,26,26,7,-39.5694876697825
01-Aug-2026 01:02:00,-167.148032225903,-39.0410452793867,0,26,26,26,8,-39.0410452793867
01-Aug-2026 01:02:02,-166.515149756103,-38.4081628095868,0,26,26,26,7,-38.4081628095868
01-Aug-2026 01:02:04,-166.564038016861,-38.4570510703448,0,24,24,24,6,-38.4570510703448
01-Aug-2026 01:02:06,-166.462475671866,-38.35548872535,0,23,23,23,5,-38.35548872535
01-Aug-2026 01:02:08,-165.481151231369,-37.3741642848536,0,23,23,23,6,-37.3741642848536
01-Aug-2026 01:02:10,-165.422072897122,-37.3150859506059,0,23,23,23,8,-37.3150859506059
01-Aug-2026 01:02:12,-165.630960467025,-37.5239735205093,0,23,23,23,8,-37.5239735205093
01-Aug-2026 01:02:14,-165.240588912319,-37.1336019658029,0,23,23,23,8,-37.1336019658029
01-Aug-2026 01:02:16,-164.709290133427,-36.6023031869116,0,23,23,23,8,-36.6023031869116
01-Aug-2026 01:02:18,-164.130891717776,-36.0239047712602,0,23,23,23,6,-36.0239047712602
01-Aug-2026 01:02:20,-174.335517907566,-46.2285309610501,0,23,23,23,5,-46.2285309610501
01-Aug-2026 01:02:22,-174.296742204512,-46.1897552579961,0,23,23,23,5,-46.1897552579961
01-Aug-2026 01:02:24,-174.449881599012,-46.342894652496,0,23,23,23,5,-46.342894652496
01-Aug-2026 01:02:26,-173.940689579337,-45.8337026328215,0,23,23,23,5,-45.8337026328215
01-Aug-2026 01:02:28,-173.602620888602,-45.495633942086,0,24,24,24,6,-45.495633942086
01-Aug-2026 01:02:30,-173.585995621462,-45.4790086749466,0,24,24,24,4,-45.4790086749466
01-Aug-2026 01:02:32,-173.358151884537,-45.2511649380215,0,24,24,24,3,-45.2511649380215
01-Aug-2026 01:02:34,-172.800717307748,-44.6937303612326,0,24,24,24,3,-44.6937303612326
01-Aug-2026 01:02:36,-172.098036532586,-43.9910495860702,0,24,24,24,3,-43.9910495860702
01-Aug-2026 01:02:38,-162.21797862507,-34.1109916785542,0,24,24,24,5,-34.1109916785542
01-Aug-2026 01:02:40,-161.715407195413,-33.6084202488968,0,24,24,24,5,-33.6084202488968
01-Aug-2026 01:02:42,-161.452778825301,-33.3457918787856,0,24,24,24,5,-33.3457918787856
01-Aug-2026 01:02:44,-161.112547336373,-33.0055603898572,0,24,24,24,5,-33.0055603898572
01-Aug-2026 01:02:46,-161.158799740391,-33.0518127938756,0,24,24,24,5,-33.0518127938756
01-Aug-2026 01:02:48,-160.769176388572,-32.6621894420561,0,23,23,23,5,-32.6621894420561
01-Aug-2026 01:02:50,-160.522789250368,-32.4158023038525,0,23,23,23,5,-32.4158023038525
01-Aug-2026 01:02:52,-160.208890532108,-32.1019035855923,0,23,23,23,6,-32.1019035855923
01-Aug-2026 01:02:54,-160.451687452395,-32.3447005058791,0,24,24,24,6,-32.3447005058791
01-Aug-2026 01:02:56,-159.92603704392,-31.8190500974041,0,25,25,25,8,-31.8190500974041
01-Aug-2026 01:02:58,-158.780056035262,-30.6730690887457,0,25,25,25,8,-30.6730690887457
01-Aug-2026 01:03:00,-158.331401932944,-30.2244149864283,0,25,25,25,7,-30.2244149864283
01-Aug-2026 01:03:02,-156.865482995655,-28.7584960491393,0,25,25,25,6,-28.7584960491393
01-Aug-2026 01:03:04,-156.478003536477,-28.3710165899613,0,24,24,24,5,-28.3710165899613
01-Aug-2026 01:03:06,-156.477085577743,-28.3700986312273,0,24,24,24,6,-28.3700986312273
01-Aug-2026 01:03:08,-155.875648095124,-27.7686611486084,0,24,24,24,5,-27.7686611486084
01-Aug-2026 01:03:10,-155.826077820923,-27.7190908744075,0,24,24,24,6,-27.7190908744075
01-Aug-2026 01:03:12,-155.479645712263,-27.3726587657473,0,25,25,25,4,-27.3726587657473
01-Aug-2026 01:03:14,-155.200251084903,-27.0932641383874,0,26,26,26,4,-27.0932641383874
01-Aug-2026 01:03:16,-154.353461866408,-26.2464749198923,0,26,26,26,4,-26.2464749198923
01-Aug-2026 01:03:18,-153.946992363592,-25.8400054170763,0,26,26,26,4,-25.8400054170763
01-Aug-2026 01:03:20,-152.981287505423,-24.874300558907,0,26,26,26,4,-24.874300558907
01-Aug-2026 01:03:22,-152.659751503237,-24.5527645567209,0,26,26,26,4,-24.5527645567209
01-Aug-2026 01:03:24,-153.020497361976,-24.9135104154605,0,26,26,26,5,-24.9135104154605
01-Aug-2026 01:03:26,-153.19528239079,-25.0882954442741,0,26,26,26,5,-16.2642397205032
01-Aug-2026 01:03:28,-153.429226515241,-25.3222395687249,0,26,26,26,5,-13.6484815378743
01-Aug-2026 01:03:30,-153.729999349803,-25.6230124032868,0,26,26,26,5,-11.4131793743166
01-Aug-2026 01:03:32,-153.704544002696,-25.59755705618,0,25,25,25,5,-9.36438688021116
01-Aug-2026 01:03:34,-136.319525660476,-8.21253871396041,0,25,25,25,7,-8.21253871396041
01-Aug-2026 01:03:36,-136.243741586614,-8.13675464009793,0,25,25,25,7,-8.13675464009793
01-Aug-2026 01:03:38,-153.126691474093,-25.0197045275772,0,25,25,25,8,-25.0197045275772
01-Aug-2026 01:03:40,-153.812354302677,-25.7053673561616,0,25,25,25,9,-25.7053673561616
01-Aug-2026 01:03:42,-155.139907962126,-27.03292101561,0,25,25,25,9,-27.03292101561
01-Aug-2026 01:03:44,-156.259329452407,-28.1523425058912,0,25,25,25,9,-28.1523425058912
01-Aug-2026 01:03:46,-157.259794312147,-29.1528073656308,0,25,25,25,9,-29.1528073656308
01-Aug-2026 01:03:48,-157.78701313373,-29.6800261872138,0,25,25,25,9,-29.6800261872138
01-Aug-2026 01:03:50,-157.430971488496,-29.3239845419805,0,25,25,25,7,-29.3239845419805
01-Aug-2026 01:03:52,-157.006081067356,-28.8990941208398,0,25,25,25,8,-28.8990941208398
01-Aug-2026 01:03:54,-156.318335632254,-28.2113486857384,0,25,25,25,8,-28.2113486857384
01-Aug-2026 01:03:56,-155.808796552967,-27.7018096064508,0,26,26,26,8,-27.7018096064508
01-Aug-2026 01:03:58,-155.201255539139,-27.0942685926229,0,26,26,26,8,-27.0942685926229
01-Aug-2026 01:04:00,-155.325612658408,-27.2186257118919,0,26,26,26,7,-27.2186257118919
01-Aug-2026 01:04:02,-155.63470453828,-27.5277175917641,0,26,26,26,7,-27.5277175917641
01-Aug-2026 01:04:04,-155.639345376217,-27.5323584297011,0,26,26,26,7,-27.5323584297011
01-Aug-2026 01:04:06,-155.884218600637,-27.7772316541212,0,26,26,26,6,-27.7772316541212
01-Aug-2026 01:04:08,-156.170812733831,-28.063825787315,0,26,26,26,4,-28.063825787315
01-Aug-2026 01:04:10,-156.524894356752,-28.4179074102359,0,25,25,25,4,-28.4179074102359
01-Aug-2026 01:04:12,-157.169007789138,-29.0620208426223,0,25,25,25,5,-29.0620208426223
01-Aug-2026 01:04:14,-157.53857605551,-29.4315891089943,0,25,25,25,4,-29.4315891089943
01-Aug-2026 01:04:16,-157.948127742325,-29.841140795809,0,25,25,25,4,-29.841140795809
01-Aug-2026 01:04:18,-158.351664879171,-30.244677932655,0,25,25,25,3,-30.244677932655
01-Aug-2026 01:04:20,-158.749708499085,-30.642721552569,0,25,25,25,4,-30.642721552569
01-Aug-2026 01:04:22,-159.14999341729,-31.0430064707739,0,25,25,25,5,-31.0430064707739
01-Aug-2026 01:04:24,-159.331336622254,-31.2243496757378,0,25,25,25,6,-31.2243496757378
01-Aug-2026 01:04:26,-158.721423611256,-30.6144366647403,0,25,25,25,6,-30.6144366647403
01-Aug-2026 01:04:28,-158.77408229189,-30.6670953453738,0,24,24,24,5,-30.6670953453738
01-Aug-2026 01:04:30,-158.619895656406,-30.5129087098904,0,25,25,25,5,-30.5129087098904
01-Aug-2026 01:04:32,-157.970903639264,-29.863916692748,0,25,25,25,4,-29.863916692748
01-Aug-2026 01:04:34,-158.065930964177,-29.9589440176616,0,25,25,25,4,-29.9589440176616
01-Aug-2026 01:04:36,-157.452667861986,-29.3456809154706,0,26,26,26,3,-29.3456809154706
01-Aug-2026 01:04:38,-157.673181503401,-29.5661945568851,0,26,26,26,3,-29.5661945568851
01-Aug-2026 01:04:40,-157.382734763212,-29.2757478166965,0,26,26,26,3,-29.2757478166965
01-Aug-2026 01:04:42,-157.455860184345,-29.3488732378291,0,26,26,26,4,-29.3488732378291
01-Aug-2026 01:04:44,-157.438476405971,-29.3314894594546,0,26,26,26,5,-29.3314894594546
01-Aug-2026 01:04:46,-157.505306681985,-29.3983197354696,0,26,26,26,5,-29.3983197354696
01-Aug-2026 01:04:48,-157.181840154056,-29.0748532075397,0,27,27,27,6,-29.0748532075397
01-Aug-2026 01:04:50,-157.049382670664,-28.9423957241483,0,27,27,27,8,-28.9423957241483
01-Aug-2026 01:04:52,-157.386412148243,-29.2794252017272,0,28,28,28,8,-29.2794252017272
01-Aug-2026 01:04:54,-157.213872937306,-29.1068859907902,0,28,28,28,8,-29.1068859907902
01-Aug-2026 01:04:56,-171.54059000206,-43.4336030555439,0,28,28,28,8,-43.4336030555439
01-Aug-2026 01:04:58,-171.968993327397,-43.8620063808816,0,27,27,27,9,-43.8620063808816
01-Aug-2026 01:05:00,-171.949344687815,-43.8423577412987,0,26,26,26,8,-43.8423577412987
01-Aug-2026 01:05:02,-171.461458773498,-43.3544718269824,0,26,26,26,8,-43.3544718269824
01-Aug-2026 01:05:04,-171.249211864111,-43.1422249175951,0,26,26,26,7,-43.1422249175951
01-Aug-2026 01:05:06,-170.912624663868,-42.8056377173521,0,27,27,27,8,-42.8056377173521
01-Aug-2026 01:05:08,-170.633491029883,-42.5265040833668,0,27,27,27,9,-42.5265040833668
01-Aug-2026 01:05:10,-180.87929807956,-52.7723111330443,0,26,26,26,7,-52.7723111330443
01-Aug-2026 01:05:12,-180.981343679956,-52.8743567334405,0,25,25,25,6,-52.8743567334405
01-Aug-2026 01:05:14,-181.211048436079,-53.1040614895634,0,25,25,25,5,-53.1040614895634
01-Aug-2026 01:05:16,-181.488164114085,-53.3811771675692,0,25,25,25,5,-53.3811771675692
01-Aug-2026 01:05:18,-181.597542585818,-53.4905556393024,0,25,25,25,5,-53.4905556393024
01-Aug-2026 01:05:20,-181.320884113558,-53.2138971670423,0,25,25,25,5,-53.2138971670423
01-Aug-2026 01:05:22,-180.903317694913,-52.7963307483971,0,25,25,25,6,-52.7963307483971
01-Aug-2026 01:05:24,-181.011828748536,-52.90484180202,0,25,25,25,6,-52.90484180202
01-Aug-2026 01:05:26,-184.467010089171,-56.3600231426551,0,25,25,25,5,-56.3600231426551
01-Aug-2026 01:05:28,-184.448409914235,-56.3414229677192,0,25,25,25,5,-56.3414229677192
01-Aug-2026 01:05:30,-184.242742363916,-56.1357554174,0,25,25,25,5,-56.1357554174
01-Aug-2026 01:05:32,-184.35891613936,-56.2519291928437,0,25,25,25,5,-56.2519291928437
01-Aug-2026 01:05:34,-184.326898406597,-56.2199114600812,0,25,25,25,4,-56.2199114600812
01-Aug-2026 01:05:36,-184.105915734025,-55.9989287875093,0,25,25,25,3,-55.9989287875093
01-Aug-2026 01:05:38,-183.684371598319,-55.5773846518028,0,25,25,25,3,-55.5773846518028
01-Aug-2026 01:05:40,-183.227362894728,-55.1203759482119,0,25,25,25,4,-55.1203759482119
01-Aug-2026 01:05:42,-182.711942862715,-54.6049559161993,0,25,25,25,5,-54.6049559161993
01-Aug-2026 01:05:44,-166.695739149586,-38.5887522030706,0,25,25,25,7,-38.5887522030706
01-Aug-2026 01:05:46,-166.648380595047,-38.5413936485307,0,25,25,25,7,-38.5413936485307
01-Aug-2026 01:05:48,-166.161227212289,-38.0542402657731,0,25,25,25,6,-38.0542402657731
01-Aug-2026 01:05:50,-166.539528739957,-38.4325417934414,0,25,25,25,6,-38.4325417934414
01-Aug-2026 01:05:52,-166.302964029921,-38.195977083405,0,24,24,24,7,-38.195977083405
01-Aug-2026 01:05:54,-166.957678820673,-38.8506918741572,0,24,24,24,7,-38.8506918741572
01-Aug-2026 01:05:56,-166.800419758085,-38.6934328115694,0,24,24,24,6,-38.6934328115694
01-Aug-2026 01:05:58,-167.467103791074,-39.3601168445578,0,23,23,23,5,-39.3601168445578
01-Aug-2026 01:06:00,-166.016153442299,-37.9091664957831,0,23,23,23,5,-37.9091664957831
01-Aug-2026 01:06:02,-166.278951654685,-38.1719647081696,0,23,23,23,4,-38.1719647081696
01-Aug-2026 01:06:04,-165.605804560208,-37.498817613692,0,23,23,23,4,-37.498817613692
01-Aug-2026 01:06:06,-166.702072437349,-38.5950854908334,0,23,23,23,3,-38.5950854908334
01-Aug-2026 01:06:08,-166.728375724477,-38.6213887779608,0,23,23,23,3,-38.6213887779608
01-Aug-2026 01:06:10,-166.434057373415,-38.3270704268991,0,23,23,23,3,-38.3270704268991
01-Aug-2026 01:06:12,-166.512039034078,-38.4050520875618,0,23,23,23,4,-38.4050520875618
01-Aug-2026 01:06:14,-165.708789545424,-37.6018025989078,0,23,23,23,4,-37.6018025989078
01-Aug-2026 01:06:16,-164.141557816237,-36.0345708697207,0,24,24,24,5,-36.0345708697207
01-Aug-2026 01:06:18,-164.510157379088,-36.4031704325722,0,24,24,24,5,-36.4031704325722
01-Aug-2026 01:06:20,-164.284782700178,-36.1777957536625,0,24,24,24,5,-36.1777957536625
01-Aug-2026 01:06:22,-164.036633732418,-35.9296467859018,0,24,24,24,4,-35.9296467859018
01-Aug-2026 01:06:24,-163.839080018763,-35.7320930722472,0,24,24,24,5,-35.7320930722472
01-Aug-2026 01:06:26,-163.489667837218,-35.3826808907025,0,24,24,24,4,-35.3826808907025
01-Aug-2026 01:06:28,-162.739755211419,-34.6327682649033,0,24,24,24,4,-34.6327682649033
01-Aug-2026 01:06:30,-162.216907236188,-34.1099202896721,0,24,24,24,4,-34.1099202896721
01-Aug-2026 01:06:32,-162.41005889774,-34.3030719512246,0,24,24,24,4,-34.3030719512246
01-Aug-2026 01:06:34,-162.167493055174,-34.0605061086582,0,24,24,24,5,-34.0605061086582
01-Aug-2026 01:06:36,-161.438265909085,-33.3312789625689,0,24,24,24,5,-33.3312789625689
01-Aug-2026 01:06:38,-161.169283964079,-33.0622970175631,0,23,23,23,5,-33.0622970175631
01-Aug-2026 01:06:40,-160.88713273182,-32.7801457853046,0,24,24,24,5,-32.7801457853046
01-Aug-2026 01:06:42,-161.379616943609,-33.2726299970932,0,24,24,24,5,-33.2726299970932
01-Aug-2026 01:06:44,-159.970414755926,-31.8634278094099,0,24,24,24,6,-31.8634278094099
01-Aug-2026 01:06:46,-159.138906306091,-31.0319193595751,0,24,24,24,6,-31.0319193595751
01-Aug-2026 01:06:48,-158.921742055918,-30.8147551094026,0,25,25,25,7,-30.8147551094026
01-Aug-2026 01:06:50,-158.770903000052,-30.663916053536,0,25,25,25,7,-30.663916053536
01-Aug-2026 01:06:52,-160.280667288292,-32.1736803417764,0,25,25,25,6,-32.1736803417764
01-Aug-2026 01:06:54,-159.711831792178,-31.6048448456625,0,24,24,24,5,-31.6048448456625
01-Aug-2026 01:06:56,-159.977493609178,-31.8705066626625,0,24,24,24,6,-31.8705066626625
01-Aug-2026 01:06:58,-159.856380029757,-31.7493930832408,0,24,24,24,6,-31.7493930832408
01-Aug-2026 01:07:00,-158.411204683815,-30.3042177372993,0,25,25,25,6,-30.3042177372993
01-Aug-2026 01:07:02,-155.381323100695,-27.2743361541789,0,25,25,25,5,-27.2743361541789
01-Aug-2026 01:07:04,-156.692802346346,-28.58581539983,0,26,26,26,7,-28.58581539983
01-Aug-2026 01:07:06,-157.219182153597,-29.1121952070808,0,26,26,26,7,-29.1121952070808
01-Aug-2026 01:07:08,-157.623851356072,-29.5168644095566,0,26,26,26,7,-29.5168644095566
01-Aug-2026 01:07:10,-158.063001349012,-29.9560144024958,0,26,26,26,7,-29.9560144024958
01-Aug-2026 01:07:12,-173.423615478411,-45.3166285318948,0,26,26,26,7,-45.3166285318948
01-Aug-2026 01:07:14,-173.761580455051,-45.6545935085352,0,26,26,26,6,-45.6545935085352
01-Aug-2026 01:07:16,-171.508748609625,-43.4017616631096,0,26,26,26,7,-43.4017616631096
01-Aug-2026 01:07:18,-171.733280949551,-43.6262940030351,0,26,26,26,6,-43.6262940030351
01-Aug-2026 01:07:20,-171.558704333303,-43.451717386787,0,26,26,26,7,-43.451717386787
01-Aug-2026 01:07:22,-171.067097553136,-42.9601106066202,0,26,26,26,7,-42.9601106066202
01-Aug-2026 01:07:24,-164.146221081007,-36.0392341344914,0,25,25,25,8,-36.0392341344914
01-Aug-2026 01:07:26,-170.761367923753,-42.6543809772369,0,25,25,25,8,-42.6543809772369
01-Aug-2026 01:07:28,-170.473767334491,-42.3667803879746,0,25,25,25,6,-42.3667803879746
01-Aug-2026 01:07:30,-174.76127419181,-46.6542872452942,0,25,25,25,5,-46.6542872452942
01-Aug-2026 01:07:32,-174.050837679727,-45.9438507332113,0,25,25,25,5,-45.9438507332113
01-Aug-2026 01:07:34,-184.838927061669,-56.7319401151532,0,25,25,25,5,-56.7319401151532
01-Aug-2026 01:07:36,-184.773288350766,-56.66630140425,0,25,25,25,5,-56.66630140425
01-Aug-2026 01:07:38,-178.014414525678,-49.9074275791626,0,25,25,25,6,-49.9074275791626
01-Aug-2026 01:07:40,-178.677535814293,-50.5705488677775,0,26,26,26,6,-50.5705488677775
01-Aug-2026 01:07:42,-178.724237116027,-50.6172501695111,0,26,26,26,6,-50.6172501695111
01-Aug-2026 01:07:44,-178.727975838479,-50.6209888919636,0,26,26,26,6,-50.6209888919636
01-Aug-2026 01:07:46,-179.291718248093,-51.184731301577,0,26,26,26,4,-51.184731301577
01-Aug-2026 01:07:48,-186.249794125606,-58.1428071790904,0,25,25,25,2,-58.1428071790904
01-Aug-2026 01:07:50,-184.754497800091,-56.6475108535749,0,25,25,25,3,-56.6475108535749
01-Aug-2026 01:07:52,-184.470527286124,-56.3635403396079,0,25,25,25,3,-56.3635403396079
01-Aug-2026 01:07:54,-184.411687890655,-56.3047009441393,0,25,25,25,3,-56.3047009441393
01-Aug-2026 01:07:56,-176.296234881851,-48.1892479353351,0,25,25,25,4,-48.1892479353351
01-Aug-2026 01:07:58,-176.504532961355,-48.3975460148396,0,25,25,25,4,-48.3975460148396
01-Aug-2026 01:08:00,-176.897570121914,-48.7905831753981,0,25,25,25,5,-48.7905831753981
01-Aug-2026 01:08:02,-177.370426721475,-49.2634397749589,0,25,25,25,5,-49.2634397749589
01-Aug-2026 01:08:04,-178.327888308427,-50.2209013619116,0,25,25,25,4,-50.2209013619116
01-Aug-2026 01:08:06,-178.996848950555,-50.8898620040391,0,25,25,25,4,-50.8898620040391
01-Aug-2026 01:08:08,-179.315862033487,-51.2088750869711,0,25,25,25,5,-51.2088750869711
01-Aug-2026 01:08:10,-175.93586415646,-47.8288772099438,0,25,25,25,5,-47.8288772099438
01-Aug-2026 01:08:12,-185.424142147589,-57.3171552010728,0,25,25,25,4,-57.3171552010728
01-Aug-2026 01:08:14,-185.506136269565,-57.3991493230492,0,25,25,25,4,-57.3991493230492
01-Aug-2026 01:08:16,-185.633454080234,-57.5264671337184,0,25,25,25,4,-57.5264671337184
01-Aug-2026 01:08:18,-193.887949177742,-65.7809622312265,0,25,25,25,2,-65.7809622312265
01-Aug-2026 01:08:20,-179.954623858993,-51.8476369124768,0,26,26,26,3,-51.8476369124768
01-Aug-2026 01:08:22,-180.288505023934,-52.1815180774178,0,25,25,25,4,-52.1815180774178
01-Aug-2026 01:08:24,-180.00978599646,-51.9027990499443,0,25,25,25,4,-51.9027990499443
01-Aug-2026 01:08:26,-179.372628032688,-51.265641086172,0,25,25,25,4,-51.265641086172
01-Aug-2026 01:08:28,-179.136613726277,-51.0296267797611,0,25,25,25,5,-51.0296267797611
01-Aug-2026 01:08:30,-184.101086918446,-55.9940999719301,0,26,26,26,5,-55.9940999719301
01-Aug-2026 01:08:32,-184.088540297216,-55.9815533507001,0,26,26,26,5,-55.9815533507001
01-Aug-2026 01:08:34,-184.314939732572,-56.2079527860566,0,26,26,26,5,-56.2079527860566
01-Aug-2026 01:08:36,-177.573033268509,-49.4660463219931,0,26,26,26,6,-49.4660463219931
01-Aug-2026 01:08:38,-172.85618233926,-44.7491953927444,0,26,26,26,6,-44.7491953927444
01-Aug-2026 01:08:40,-172.355132417696,-44.2481454711801,0,26,26,26,6,-44.2481454711801
01-Aug-2026 01:08:42,-172.43841185396,-44.3314249074444,0,26,26,26,5,-44.3314249074444
01-Aug-2026 01:08:44,-171.738247144167,-43.6312601976511,0,26,26,26,6,-43.6312601976511
01-Aug-2026 01:08:46,-171.862709274083,-43.7557223275671,0,28,28,28,6,-43.7557223275671
01-Aug-2026 01:08:48,-172.326696287025,-44.2197093405087,0,27,27,27,7,-44.2197093405087
01-Aug-2026 01:08:50,-172.211610813267,-44.1046238667507,0,27,27,27,7,-44.1046238667507
01-Aug-2026 01:08:52,-172.039610985242,-43.9326240387265,0,26,26,26,6,-43.9326240387265
01-Aug-2026 01:08:54,-171.822156066702,-43.715169120186,0,26,26,26,7,-43.715169120186
01-Aug-2026 01:08:56,-171.710292929727,-43.603305983211,0,27,27,27,7,-43.603305983211
01-Aug-2026 01:08:58,-171.665999317948,-43.5590123714318,0,26,26,26,7,-43.5590123714318
01-Aug-2026 01:09:00,-171.384956719612,-43.2779697730957,0,25,25,25,6,-43.2779697730957
01-Aug-2026 01:09:02,-171.502769436328,-43.3957824898126,0,25,25,25,6,-43.3957824898126
01-Aug-2026 01:09:04,-176.930988364768,-48.8240014182516,0,25,25,25,5,-48.8240014182516
01-Aug-2026 01:09:06,-176.501469491069,-48.3944825445532,0,25,25,25,6,-48.3944825445532
01-Aug-2026 01:09:08,-176.216426169983,-48.1094392234671,0,25,25,25,6,-48.1094392234671
01-Aug-2026 01:09:10,-176.060566889826,-47.9535799433102,0,25,25,25,6,-47.9535799433102
01-Aug-2026 01:09:12,-176.472607604643,-48.3656206581276,0,25,25,25,6,-48.3656206581276
01-Aug-2026 01:09:14,-176.009194200343,-47.9022072538274,0,25,25,25,6,-47.9022072538274
01-Aug-2026 01:09:16,-175.896940113064,-47.7899531665479,0,25,25,25,6,-47.7899531665479
01-Aug-2026 01:09:18,-176.055379989932,-47.9483930434163,0,25,25,25,6,-47.9483930434163
01-Aug-2026 01:09:20,-187.604096721678,-59.497109775162,0,25,25,25,5,-59.497109775162
01-Aug-2026 01:09:22,-187.993006834764,-59.8860198882477,0,25,25,25,5,-59.8860198882477
01-Aug-2026 01:09:24,-188.215098104897,-60.1081111583813,0,25,25,25,5,-60.1081111583813
01-Aug-2026 01:09:26,-186.69788626368,-58.5908993171645,0,25,25,25,6,-58.5908993171645
01-Aug-2026 01:09:28,-186.649180462138,-58.5421935156218,0,25,25,25,6,-58.5421935156218
01-Aug-2026 01:09:30,-186.973139617866,-58.8661526713504,0,25,25,25,6,-58.8661526713504
01-Aug-2026 01:09:32,-186.816782065704,-58.7097951191876,0,25,25,25,6,-58.7097951191876
01-Aug-2026 01:09:34,-185.554791748628,-57.4478048021123,0,25,25,25,8,-57.4478048021123
01-Aug-2026 01:09:36,-184.115706750894,-56.0087198043783,0,25,25,25,6,-56.0087198043783
01-Aug-2026 01:09:38,-178.563463023681,-50.4564760771651,0,24,24,24,7,-50.4564760771651
01-Aug-2026 01:09:40,-178.209631276262,-50.1026443297459,0,24,24,24,8,-50.1026443297459
01-Aug-2026 01:09:42,-184.42987948056,-56.3228925340437,0,24,24,24,7,-56.3228925340437
01-Aug-2026 01:09:44,-184.799657074981,-56.692670128465,0,24,24,24,7,-56.692670128465
01-Aug-2026 01:09:46,-185.168475855709,-57.0614889091927,0,24,24,24,7,-57.0614889091927
01-Aug-2026 01:09:48,-185.620424396483,-57.5134374499671,0,24,24,24,7,-57.5134374499671
01-Aug-2026 01:09:50,-176.970608552351,-48.8636216058349,0,24,24,24,9,-48.8636216058349
01-Aug-2026 01:09:52,-176.921230147613,-48.8142432010975,0,23,23,23,8,-48.8142432010975
01-Aug-2026 01:09:54,-176.702917760491,-48.5959308139753,0,23,23,23,8,-48.5959308139753
01-Aug-2026 01:09:56,-175.388068127842,-47.2810811813266,0,23,23,23,7,-47.2810811813266
01-Aug-2026 01:09:58,-175.666405434979,-47.5594184884631,0,23,23,23,7,-47.5594184884631
01-Aug-2026 01:10:00,-172.80247881816,-44.6954918716446,0,23,23,23,7,-44.6954918716446
01-Aug-2026 01:10:02,-172.698768274621,-44.5917813281048,0,23,23,23,7,-44.5917813281048
01-Aug-2026 01:10:04,-172.516274871796,-44.4092879252802,0,24,24,24,7,-44.4092879252802
01-Aug-2026 01:10:06,-171.790976370785,-43.6839894242695,0,24,24,24,7,-43.6839894242695
01-Aug-2026 01:10:08,-171.386390093709,-43.2794031471936,0,24,24,24,7,-43.2794031471936
01-Aug-2026 01:10:10,-171.205388821128,-43.0984018746126,0,24,24,24,6,-43.0984018746126
01-Aug-2026 01:10:12,-171.452907123739,-43.3459201772232,0,24,24,24,5,-43.3459201772232
01-Aug-2026 01:10:14,-171.30571182082,-43.1987248743046,0,24,24,24,5,-43.1987248743046
01-Aug-2026 01:10:16,-171.212733221021,-43.1057462745047,0,24,24,24,5,-43.1057462745047
01-Aug-2026 01:10:18,-171.602501713246,-43.4955147667302,0,24,24,24,6,-43.4955147667302
01-Aug-2026 01:10:20,-171.983347408675,-43.876360462159,0,24,24,24,6,-43.876360462159
01-Aug-2026 01:10:22,-172.527582728202,-44.4205957816864,0,24,24,24,6,-44.4205957816864
01-Aug-2026 01:10:24,-172.996444967997,-44.8894580214816,0,24,24,24,7,-44.8894580214816
01-Aug-2026 01:10:26,-172.878299132599,-44.7713121860828,0,24,24,24,7,-44.7713121860828
01-Aug-2026 01:10:28,-173.112188018576,-45.0052010720606,0,24,24,24,7,-45.0052010720606
01-Aug-2026 01:10:30,-172.376838056003,-44.2698511094867,0,24,24,24,7,-44.2698511094867
01-Aug-2026 01:10:32,-173.792449138774,-45.6854621922581,0,24,24,24,7,-45.6854621922581
01-Aug-2026 01:10:34,-173.545461670364,-45.438474723848,0,24,24,24,7,-45.438474723848
01-Aug-2026 01:10:36,-172.765122091695,-44.6581351451792,0,24,24,24,8,-44.6581351451792
01-Aug-2026 01:10:38,-172.096858618806,-43.9898716722903,0,24,24,24,8,-43.9898716722903
01-Aug-2026 01:10:40,-171.061165761656,-42.9541788151402,0,25,25,25,6,-42.9541788151402
01-Aug-2026 01:10:42,-170.622247084707,-42.5152601381912,0,25,25,25,6,-42.5152601381912
01-Aug-2026 01:10:44,-169.173390975634,-41.0664040291179,0,24,24,24,5,-41.0664040291179
01-Aug-2026 01:10:46,-169.01817644188,-40.9111894953646,0,25,25,25,5,-40.9111894953646
01-Aug-2026 01:10:48,-168.097340644757,-39.9903536982416,0,25,25,25,5,-39.9903536982416
01-Aug-2026 01:10:50,-167.587135744278,-39.4801487977618,0,25,25,25,5,-39.4801487977618
01-Aug-2026 01:10:52,-167.472764813116,-39.3657778666006,0,25,25,25,5,-39.3657778666006
01-Aug-2026 01:10:54,-167.865625492391,-39.758638545875,0,25,25,25,5,-39.758638545875
01-Aug-2026 01:10:56,-167.604321548951,-39.4973346024348,0,26,26,26,5,-39.4973346024348
01-Aug-2026 01:10:58,-167.783090304826,-39.6761033583105,0,26,26,26,5,-39.6761033583105
01-Aug-2026 01:11:00,-167.831186617059,-39.7241996705436,0,26,26,26,3,-39.7241996705436
01-Aug-2026 01:11:02,-167.207811701192,-39.1008247546756,0,26,26,26,3,-39.1008247546756
01-Aug-2026 01:11:04,-167.244161394698,-39.1371744481817,0,26,26,26,3,-39.1371744481817
01-Aug-2026 01:11:06,-181.477376044874,-53.3703890983582,0,26,26,26,3,-53.3703890983582
01-Aug-2026 01:11:08,-181.827374895482,-53.7203879489664,0,26,26,26,3,-53.7203879489664
01-Aug-2026 01:11:10,-181.934778564981,-53.8277916184655,0,26,26,26,3,-53.8277916184655
01-Aug-2026 01:11:12,-178.608412168238,-50.5014252217225,0,26,26,26,4,-50.5014252217225
01-Aug-2026 01:11:14,-178.421118033742,-50.314131087226,0,25,25,25,4,-50.314131087226
01-Aug-2026 01:11:16,-178.327357391535,-50.2203704450187,0,25,25,25,3,-50.2203704450187
01-Aug-2026 01:11:18,-178.036278580797,-49.9292916342806,0,25,25,25,4,-49.9292916342806
01-Aug-2026 01:11:20,-178.170632518832,-50.0636455723158,0,25,25,25,4,-50.0636455723158
01-Aug-2026 01:11:22,-178.288160745264,-50.181173798748,0,25,25,25,4,-50.181173798748
01-Aug-2026 01:11:24,-177.844498297605,-49.7375113510895,0,25,25,25,5,-49.7375113510895
01-Aug-2026 01:11:26,-177.666823784806,-49.5598368382903,0,25,25,25,7,-49.5598368382903
01-Aug-2026 01:11:28,-180.427598727577,-52.3206117810616,0,25,25,25,7,-52.3206117810616
01-Aug-2026 01:11:30,-177.227668003664,-49.1206810571481,0,25,25,25,7,-49.1206810571481
01-Aug-2026 01:11:32,-177.111725334223,-49.0047383877069,0,25,25,25,6,-49.0047383877069
01-Aug-2026 01:11:34,-176.898248398463,-48.7912614519467,0,25,25,25,6,-48.7912614519467
01-Aug-2026 01:11:36,-179.558147141066,-51.4511601945499,0,25,25,25,5,-51.4511601945499
01-Aug-2026 01:11:38,-179.41507874126,-51.3080917947443,0,25,25,25,4,-51.3080917947443
01-Aug-2026 01:11:40,-178.926844402152,-50.8198574556363,0,25,25,25,4,-50.8198574556363
01-Aug-2026 01:11:42,-178.553762790253,-50.4467758437371,0,25,25,25,4,-50.4467758437371
01-Aug-2026 01:11:44,-178.472937737438,-50.3659507909224,0,25,25,25,4,-50.3659507909224
01-Aug-2026 01:11:46,-178.288687942031,-50.1817009955151,0,25,25,25,5,-50.1817009955151
01-Aug-2026 01:11:48,-178.133742828131,-50.0267558816153,0,25,25,25,4,-50.0267558816153
01-Aug-2026 01:11:50,-177.971251315909,-49.8642643693928,0,25,25,25,4,-49.8642643693928
01-Aug-2026 01:11:52,-164.024880713062,-35.917893766546,0,25,25,25,6,-35.917893766546
01-Aug-2026 01:11:54,-164.429946947973,-36.322960001457,0,25,25,25,5,-36.322960001457
01-Aug-2026 01:11:56,-165.154025842737,-37.0470388962214,0,25,25,25,3,-37.0470388962214
01-Aug-2026 01:11:58,-166.027518570589,-37.9205316240732,0,25,25,25,3,-37.9205316240732
01-Aug-2026 01:12:00,-165.91815530734,-37.8111683608245,0,25,25,25,4,-37.8111683608245
01-Aug-2026 01:12:02,-180.247957572207,-52.1409706256911,0,25,25,25,3,-52.1409706256911
01-Aug-2026 01:12:04,-180.704861035985,-52.597874089469,0,25,25,25,3,-52.597874089469
01-Aug-2026 01:12:06,-180.769353187612,-52.6623662410963,0,25,25,25,3,-52.6623662410963
01-Aug-2026 01:12:08,-181.395531493643,-53.2885445471275,0,25,25,25,3,-53.2885445471275
01-Aug-2026 01:12:10,-182.384606394976,-54.2776194484599,0,25,25,25,3,-54.2776194484599
01-Aug-2026 01:12:12,-183.204144605075,-55.0971576585593,0,26,26,26,3,-55.0971576585593
01-Aug-2026 01:12:14,-183.148105071545,-55.0411181250296,0,26,26,26,3,-55.0411181250296
01-Aug-2026 01:12:16,-176.337526230864,-48.2305392843484,0,25,25,25,4,-48.2305392843484
01-Aug-2026 01:12:18,-176.704891897595,-48.5979049510795,0,25,25,25,5,-48.5979049510795
01-Aug-2026 01:12:20,-176.919779720039,-48.8127927735229,0,25,25,25,5,-48.8127927735229
01-Aug-2026 01:12:22,-177.07559976272,-48.9686128162039,0,26,26,26,5,-48.9686128162039
01-Aug-2026 01:12:24,-162.22500776997,-34.1180208234539,0,26,26,26,6,-34.1180208234539
01-Aug-2026 01:12:26,-162.346405927598,-34.2394189810819,0,26,26,26,5,-34.2394189810819
01-Aug-2026 01:12:28,-161.910580125374,-33.803593178858,0,26,26,26,6,-33.803593178858
01-Aug-2026 01:12:30,-162.407805299277,-34.3008183527609,0,26,26,26,6,-34.3008183527609
01-Aug-2026 01:12:32,-161.222368176941,-33.115381230425,0,26,26,26,6,-33.115381230425
01-Aug-2026 01:12:34,-161.067225871124,-32.9602389246081,0,26,26,26,6,-32.9602389246081
01-Aug-2026 01:12:36,-179.145349129838,-51.0383621833217,0,25,25,25,5,-51.0383621833217
01-Aug-2026 01:12:38,-178.709111242821,-50.6021242963053,0,26,26,26,4,-50.6021242963053
01-Aug-2026 01:12:40,-178.364449225774,-50.2574622792581,0,26,26,26,3,-50.2574622792581
01-Aug-2026 01:12:42,-178.710245589719,-50.6032586432028,0,26,26,26,3,-50.6032586432028
01-Aug-2026 01:12:44,-179.523882366049,-51.4168954195336,0,26,26,26,3,-51.4168954195336
01-Aug-2026 01:12:46,-179.399551325824,-51.2925643793085,0,25,25,25,4,-51.2925643793085
01-Aug-2026 01:12:48,-179.808109700656,-51.7011227541405,0,26,26,26,4,-51.7011227541405
01-Aug-2026 01:12:50,-193.117955152873,-65.0109682063573,0,25,25,25,3,-65.0109682063573
01-Aug-2026 01:12:52,-193.491747041039,-65.3847600945232,0,25,25,25,3,-65.3847600945232
01-Aug-2026 01:12:54,-193.617314301131,-65.5103273546151,0,25,25,25,3,-65.5103273546151
01-Aug-2026 01:12:56,-194.964425847027,-66.8574389005111,0,25,25,25,2,-66.8574389005111
01-Aug-2026 01:12:58,-196.343786930817,-68.2367999843008,0,25,25,25,1,-68.2367999843008
01-Aug-2026 01:13:00,-196.596191411777,-68.4892044652609,0,25,25,25,1,-68.4892044652609
01-Aug-2026 01:13:02,-196.757003578729,-68.6500166322135,0,25,25,25,1,-68.6500166322135
01-Aug-2026 01:13:04,-196.675522333038,-68.5685353865221,0,25,25,25,1,-68.5685353865221
01-Aug-2026 01:13:06,-193.912545978625,-65.8055590321091,0,25,25,25,2,-65.8055590321091
01-Aug-2026 01:13:08,-190.53881819414,-62.4318312476245,0,25,25,25,3,-62.4318312476245
01-Aug-2026 01:13:10,-190.517803068157,-62.4108161216413,0,25,25,25,3,-62.4108161216413
01-Aug-2026 01:13:12,-190.623717015493,-62.5167300689774,0,25,25,25,3,-62.5167300689774
01-Aug-2026 01:13:14,-190.636378121787,-62.5293911752707,0,25,25,25,4,-62.5293911752707
01-Aug-2026 01:13:16,-190.351718353735,-62.244731407219,0,25,25,25,4,-62.244731407219
01-Aug-2026 01:13:18,-190.075033398327,-61.9680464518107,0,25,25,25,5,-61.9680464518107
01-Aug-2026 01:13:20,-189.798280885671,-61.6912939391552,0,25,25,25,5,-61.6912939391552
01-Aug-2026 01:13:22,-176.655771288983,-48.5487843424676,0,25,25,25,6,-48.5487843424676
01-Aug-2026 01:13:24,-176.094089090241,-47.9871021437247,0,24,24,24,5,-47.9871021437247
01-Aug-2026 01:13:26,-174.255405331351,-46.1484183848351,0,24,24,24,7,-46.1484183848351
01-Aug-2026 01:13:28,-173.776587599723,-45.669600653207,0,24,24,24,7,-45.669600653207
01-Aug-2026 01:13:30,-173.452042268172,-45.3450553216559,0,24,24,24,7,-45.3450553216559
01-Aug-2026 01:13:32,-173.575183021067,-45.468196074551,0,24,24,24,6,-45.468196074551
01-Aug-2026 01:13:34,-173.287169163865,-45.1801822173491,0,24,24,24,6,-45.1801822173491
01-Aug-2026 01:13:36,-173.004627279234,-44.8976403327186,0,24,24,24,6,-44.8976403327186
01-Aug-2026 01:13:38,-173.08209983356,-44.9751128870446,0,24,24,24,6,-44.9751128870446
01-Aug-2026 01:13:40,-172.917636712299,-44.810649765783,0,24,24,24,6,-44.810649765783
01-Aug-2026 01:13:42,-172.507447579858,-44.4004606333417,0,24,24,24,5,-44.4004606333417
01-Aug-2026 01:13:44,-172.207083512734,-44.1000965662185,0,23,23,23,5,-44.1000965662185
01-Aug-2026 01:13:46,-171.858447947257,-43.7514610007409,0,23,23,23,6,-43.7514610007409
01-Aug-2026 01:13:48,-172.128281427233,-44.0212944807174,0,23,23,23,6,-44.0212944807174
01-Aug-2026 01:13:50,-171.924542006865,-43.8175550603495,0,24,24,24,5,-43.8175550603495
01-Aug-2026 01:13:52,-171.886590640584,-43.7796036940682,0,24,24,24,6,-43.7796036940682
01-Aug-2026 01:13:54,-171.105147144087,-42.9981601975715,0,24,24,24,6,-42.9981601975715
01-Aug-2026 01:13:56,-172.52694312068,-44.419956174164,0,24,24,24,5,-44.419956174164
01-Aug-2026 01:13:58,-172.244267992643,-44.1372810461275,0,24,24,24,5,-44.1372810461275
01-Aug-2026 01:14:00,-171.844868880574,-43.7378819340581,0,24,24,24,4,-43.7378819340581
01-Aug-2026 01:14:02,-171.093427312866,-42.9864403663499,0,24,24,24,5,-42.9864403663499
01-Aug-2026 01:14:04,-170.5750704819,-42.4680835353844,0,24,24,24,5,-42.4680835353844
01-Aug-2026 01:14:06,-171.115651160872,-43.0086642143557,0,24,24,24,4,-43.0086642143557
01-Aug-2026 01:14:08,-175.997310470915,-47.8903235243992,0,24,24,24,4,-47.8903235243992
01-Aug-2026 01:14:10,-176.14465301866,-48.0376660721443,0,24,24,24,5,-48.0376660721443
01-Aug-2026 01:14:12,-176.037798032982,-47.9308110864657,0,24,24,24,5,-47.9308110864657
01-Aug-2026 01:14:14,-175.758808991464,-47.6518220449484,0,24,24,24,5,-47.6518220449484
01-Aug-2026 01:14:16,-175.651694534993,-47.5447075884775,0,25,25,25,5,-47.5447075884775
01-Aug-2026 01:14:18,-175.490409537119,-47.3834225906027,0,24,24,24,4,-47.3834225906027
01-Aug-2026 01:14:20,-168.042205019797,-39.9352180732807,0,24,24,24,5,-39.9352180732807
01-Aug-2026 01:14:22,-169.118454038555,-41.0114670920392,0,24,24,24,4,-41.0114670920392
01-Aug-2026 01:14:24,-168.607455281037,-40.5004683345207,0,24,24,24,3,-40.5004683345207
01-Aug-2026 01:14:26,-168.043061887775,-39.9360749412593,0,24,24,24,3,-39.9360749412593
01-Aug-2026 01:14:28,-167.957416619575,-39.8504296730586,0,24,24,24,3,-39.8504296730586
01-Aug-2026 01:14:30,-167.447762444938,-39.3407754984222,0,24,24,24,4,-39.3407754984222
01-Aug-2026 01:14:32,-193.668720789519,-65.5617338430031,0,26,26,26,3,-65.5617338430031
01-Aug-2026 01:14:34,-193.942419337735,-65.8354323912193,0,26,26,26,3,-65.8354323912193
01-Aug-2026 01:14:36,-191.389954226683,-63.2829672801674,0,25,25,25,4,-63.2829672801674
01-Aug-2026 01:14:38,-192.034717149375,-63.9277302028588,0,25,25,25,3,-63.9277302028588
01-Aug-2026 01:14:40,-183.678370733912,-55.5713837873961,0,25,25,25,3,-55.5713837873961
01-Aug-2026 01:14:42,-184.391280481509,-56.2842935349931,0,25,25,25,4,-56.2842935349931
01-Aug-2026 01:14:44,-184.104366711157,-55.997379764641,0,25,25,25,4,-55.997379764641
01-Aug-2026 01:14:46,-184.04475942279,-55.9377724762744,0,25,25,25,4,-55.9377724762744
01-Aug-2026 01:14:48,-180.82480098226,-52.7178140357442,0,26,26,26,7,-52.7178140357442
01-Aug-2026 01:14:50,-180.637320085123,-52.5303331386069,0,26,26,26,6,-52.5303331386069
01-Aug-2026 01:14:52,-183.150049472911,-55.0430625263956,0,26,26,26,5,-55.0430625263956
01-Aug-2026 01:14:54,-184.828446913739,-56.7214599672228,0,26,26,26,4,-56.7214599672228
01-Aug-2026 01:14:56,-184.161196215835,-56.0542092693196,0,26,26,26,4,-56.0542092693196
01-Aug-2026 01:14:58,-183.552489480701,-55.4455025341847,0,25,25,25,4,-55.4455025341847
01-Aug-2026 01:15:00,-183.21443904295,-55.1074520964339,0,25,25,25,4,-55.1074520964339
01-Aug-2026 01:15:02,-183.457789617404,-55.3508026708878,0,25,25,25,4,-55.3508026708878
01-Aug-2026 01:15:04,-183.540700049014,-55.4337131024986,0,25,25,25,5,-55.4337131024986
01-Aug-2026 01:15:06,-183.58982425099,-55.4828373044738,0,24,24,24,5,-55.4828373044738
01-Aug-2026 01:15:08,-176.800330992273,-48.6933440457575,0,24,24,24,6,-48.6933440457575
01-Aug-2026 01:15:10,-177.190616658854,-49.0836297123386,0,25,25,25,6,-49.0836297123386
01-Aug-2026 01:15:12,-177.07561201284,-48.9686250663244,0,25,25,25,6,-48.9686250663244
01-Aug-2026 01:15:14,-177.055253740336,-48.9482667938202,0,25,25,25,5,-48.9482667938202
01-Aug-2026 01:15:16,-177.133569136475,-49.0265821899594,0,25,25,25,5,-49.0265821899594
01-Aug-2026 01:15:18,-177.15784113494,-49.0508541884243,0,25,25,25,4,-49.0508541884243
01-Aug-2026 01:15:20,-182.210757030914,-54.1037700843978,0,25,25,25,3,-54.1037700843978
01-Aug-2026 01:15:22,-181.616366669023,-53.5093797225074,0,25,25,25,3,-53.5093797225074
01-Aug-2026 01:15:24,-181.755150248714,-53.6481633021983,0,25,25,25,3,-53.6481633021983
01-Aug-2026 01:15:26,-181.822666885943,-53.7156799394268,0,25,25,25,3,-53.7156799394268
01-Aug-2026 01:15:28,-181.429166632256,-53.3221796857404,0,25,25,25,3,-53.3221796857404
01-Aug-2026 01:15:30,-180.806841675978,-52.6998547294618,0,25,25,25,4,-52.6998547294618
01-Aug-2026 01:15:32,-181.296566588575,-53.1895796420594,0,25,25,25,3,-53.1895796420594
01-Aug-2026 01:15:34,-182.079485805459,-53.9724988589435,0,25,25,25,4,-53.9724988589435
01-Aug-2026 01:15:36,-182.837187078534,-54.7302001320185,0,25,25,25,3,-54.7302001320185
01-Aug-2026 01:15:38,-179.893195083264,-51.7862081367486,0,25,25,25,5,-51.7862081367486
01-Aug-2026 01:15:40,-180.487098557857,-52.3801116113415,0,25,25,25,4,-52.3801116113415
01-Aug-2026 01:15:42,-180.30429039982,-52.1973034533039,0,25,25,25,5,-52.1973034533039
01-Aug-2026 01:15:44,-179.985020170603,-51.878033224087,0,25,25,25,6,-51.878033224087
01-Aug-2026 01:15:46,-179.719847455107,-51.6128605085915,0,25,25,25,6,-51.6128605085915
01-Aug-2026 01:15:48,-179.835612263247,-51.7286253167312,0,25,25,25,5,-51.7286253167312
01-Aug-2026 01:15:50,-174.02419836119,-45.9172114146746,0,25,25,25,7,-45.9172114146746
01-Aug-2026 01:15:52,-173.094648685443,-44.9876617389274,0,25,25,25,8,-44.9876617389274
01-Aug-2026 01:15:54,-172.614880260086,-44.5078933135702,0,25,25,25,8,-44.5078933135702
01-Aug-2026 01:15:56,-172.936419954043,-44.8294330075267,0,25,25,25,7,-44.8294330075267
01-Aug-2026 01:15:58,-172.472781422787,-44.3657944762713,0,25,25,25,8,-44.3657944762713
01-Aug-2026 01:16:00,-172.672639822166,-44.5656528756505,0,25,25,25,8,-44.5656528756505
01-Aug-2026 01:16:02,-160.405020223616,-32.2980332771004,0,26,26,26,9,-32.2980332771004
01-Aug-2026 01:16:04,-159.870725472829,-31.763738526313,0,26,26,26,8,-31.763738526313
01-Aug-2026 01:16:06,-159.509952694342,-31.4029657478261,0,26,26,26,8,-31.4029657478261
01-Aug-2026 01:16:08,-159.578383956,-31.4713970094838,0,26,26,26,8,-31.4713970094838
01-Aug-2026 01:16:10,-172.25415253718,-44.1471655906645,0,25,25,25,9,-44.1471655906645
01-Aug-2026 01:16:12,-172.213219984717,-44.1062330382016,0,25,25,25,9,-44.1062330382016
01-Aug-2026 01:16:14,-172.174689593105,-44.0677026465895,0,26,26,26,9,-44.0677026465895
01-Aug-2026 01:16:16,-174.653912995843,-46.5469260493272,0,26,26,26,9,-46.5469260493272
01-Aug-2026 01:16:18,-174.692544458221,-46.5855575117052,0,26,26,26,8,-46.5855575117052
01-Aug-2026 01:16:20,-174.05629957981,-45.9493126332941,0,26,26,26,9,-45.9493126332941
01-Aug-2026 01:16:22,-174.132612351759,-46.0256254052432,0,26,26,26,9,-46.0256254052432
01-Aug-2026 01:16:24,-174.113750551513,-46.0067636049974,0,26,26,26,8,-46.0067636049974
01-Aug-2026 01:16:26,-174.215524470574,-46.108537524058,0,25,25,25,6,-46.108537524058
01-Aug-2026 01:16:28,-177.357984087198,-49.2509971406819,0,25,25,25,5,-49.2509971406819
01-Aug-2026 01:16:30,-177.026096672863,-48.9191097263467,0,25,25,25,6,-48.9191097263467
01-Aug-2026 01:16:32,-177.079044634152,-48.972057687636,0,26,26,26,6,-48.972057687636
01-Aug-2026 01:16:34,-176.318932017166,-48.2119450706498,0,24,24,24,7,-48.2119450706498
01-Aug-2026 01:16:36,-175.959266997885,-47.8522800513694,0,24,24,24,6,-47.8522800513694
01-Aug-2026 01:16:38,-175.619813499724,-47.5128265532084,0,24,24,24,6,-47.5128265532084
01-Aug-2026 01:16:40,-175.564219222057,-47.4572322755415,0,24,24,24,6,-47.4572322755415
01-Aug-2026 01:16:42,-175.322682622501,-47.2156956759851,0,25,25,25,6,-47.2156956759851
01-Aug-2026 01:16:44,-175.210561452481,-47.1035745059651,0,25,25,25,6,-47.1035745059651
01-Aug-2026 01:16:46,-174.932771568734,-46.8257846222186,0,25,25,25,6,-46.8257846222186
01-Aug-2026 01:16:48,-175.742423414471,-47.6354364679556,0,25,25,25,6,-47.6354364679556
01-Aug-2026 01:16:50,-175.065989052104,-46.9590021055884,0,25,25,25,6,-46.9590021055884
01-Aug-2026 01:16:52,-175.066268443883,-46.9592814973672,0,25,25,25,6,-46.9592814973672
01-Aug-2026 01:16:54,-182.779373049847,-54.6723861033311,0,25,25,25,7,-54.6723861033311
01-Aug-2026 01:16:56,-183.12174046347,-55.0147535169537,0,25,25,25,7,-55.0147535169537
01-Aug-2026 01:16:58,-183.22334686764,-55.1163599211242,0,25,25,25,7,-55.1163599211242
01-Aug-2026 01:17:00,-182.799789333353,-54.6928023868372,0,25,25,25,7,-54.6928023868372
01-Aug-2026 01:17:02,-182.792437734292,-54.6854507877763,0,25,25,25,7,-54.6854507877763
01-Aug-2026 01:17:04,-179.58275294865,-51.4757660021338,0,25,25,25,6,-51.4757660021338
01-Aug-2026 01:17:06,-182.597398193674,-54.4904112471577,0,25,25,25,4,-54.4904112471577
01-Aug-2026 01:17:08,-182.011310681298,-53.9043237347826,0,25,25,25,4,-53.9043237347826
01-Aug-2026 01:17:10,-181.688386192518,-53.5813992460021,0,25,25,25,4,-53.5813992460021
01-Aug-2026 01:17:12,-181.739359782804,-53.6323728362879,0,24,24,24,2,-53.6323728362879
01-Aug-2026 01:17:14,-181.120872781231,-53.0138858347148,0,24,24,24,2,-53.0138858347148
01-Aug-2026 01:17:16,-172.063702761037,-43.9567158145216,0,24,24,24,2,-43.9567158145216
01-Aug-2026 01:17:18,-171.832315087851,-43.7253281413356,0,24,24,24,3,-43.7253281413356
01-Aug-2026 01:17:20,-172.028589282854,-43.9216023363382,0,24,24,24,3,-43.9216023363382
01-Aug-2026 01:17:22,-170.990657977716,-42.8836710312004,0,24,24,24,4,-42.8836710312004
01-Aug-2026 01:17:24,-170.497420068169,-42.3904331216527,0,24,24,24,5,-42.3904331216527
01-Aug-2026 01:17:26,-169.974510717472,-41.8675237709559,0,24,24,24,5,-41.8675237709559
01-Aug-2026 01:17:28,-169.486508521806,-41.3795215752903,0,24,24,24,5,-41.3795215752903
01-Aug-2026 01:17:30,-169.313541566648,-41.2065546201318,0,24,24,24,5,-41.2065546201318
01-Aug-2026 01:17:32,-168.942201392804,-40.8352144462878,0,24,24,24,5,-40.8352144462878
01-Aug-2026 01:17:34,-168.311469238617,-40.2044822921009,0,24,24,24,5,-40.2044822921009
01-Aug-2026 01:17:36,-168.181932449629,-40.0749455031135,0,24,24,24,5,-40.0749455031135
01-Aug-2026 01:17:38,-167.23812413965,-39.131137193134,0,24,24,24,5,-39.131137193134
01-Aug-2026 01:17:40,-166.408620356674,-38.3016334101578,0,24,24,24,5,-38.3016334101578
01-Aug-2026 01:17:42,-168.254407924274,-40.1474209777582,0,24,24,24,4,-40.1474209777582
01-Aug-2026 01:17:44,-166.554989618492,-38.4480026719766,0,24,24,24,4,-38.4480026719766
01-Aug-2026 01:17:46,-164.435837916774,-36.3288509702586,0,24,24,24,4,-36.3288509702586
01-Aug-2026 01:17:48,-163.440486780502,-35.333499833986,0,24,24,24,4,-35.333499833986
01-Aug-2026 01:17:50,-162.240519453656,-34.13353250714,0,24,24,24,4,-34.13353250714
01-Aug-2026 01:17:52,-161.521700066172,-33.414713119656,0,24,24,24,4,-33.414713119656
01-Aug-2026 01:17:54,-161.704520518177,-33.5975335716612,0,24,24,24,6,-33.5975335716612
01-Aug-2026 01:17:56,-162.658121121494,-34.551134174978,0,24,24,24,5,-34.551134174978
01-Aug-2026 01:17:58,-163.890889195722,-35.7839022492066,0,24,24,24,4,-35.7839022492066
01-Aug-2026 01:18:00,-166.170018662671,-38.0630317161551,0,24,24,24,4,-38.0630317161551
01-Aug-2026 01:18:02,-167.762984983147,-39.6559980366309,0,24,24,24,4,-39.6559980366309
01-Aug-2026 01:18:04,-169.770813275593,-41.6638263290775,0,25,25,25,5,-41.6638263290775
01-Aug-2026 01:18:06,-170.519801204423,-42.4128142579074,0,25,25,25,6,-42.4128142579074
01-Aug-2026 01:18:08,-171.979088911748,-43.8721019652319,0,25,25,25,6,-43.8721019652319
01-Aug-2026 01:18:10,-172.805615274602,-44.6986283280857,0,24,24,24,6,-44.6986283280857
01-Aug-2026 01:18:12,-172.396361946634,-44.2893750001183,0,24,24,24,6,-44.2893750001183
01-Aug-2026 01:18:14,-172.593076531797,-44.4860895852808,0,24,24,24,6,-44.4860895852808
01-Aug-2026 01:18:16,-172.463332185536,-44.3563452390205,0,24,24,24,6,-44.3563452390205
01-Aug-2026 01:18:18,-171.790904106995,-43.6839171604796,0,25,25,25,5,-43.6839171604796
01-Aug-2026 01:18:20,-172.143650411126,-44.0366634646097,0,25,25,25,4,-44.0366634646097
01-Aug-2026 01:18:22,-171.904121632618,-43.7971346861019,0,25,25,25,5,-43.7971346861019
01-Aug-2026 01:18:24,-171.807066179634,-43.7000792331178,0,26,26,26,5,-43.7000792331178
01-Aug-2026 01:18:26,-171.377233871146,-43.2702469246301,0,25,25,25,4,-43.2702469246301
01-Aug-2026 01:18:28,-171.658522779883,-43.5515358333671,0,25,25,25,5,-43.5515358333671
01-Aug-2026 01:18:30,-171.502636631142,-43.3956496846262,0,25,25,25,5,-43.3956496846262
01-Aug-2026 01:18:32,-171.549961694852,-43.4429747483366,0,24,24,24,6,-43.4429747483366
01-Aug-2026 01:18:34,-171.012569801281,-42.9055828547652,0,24,24,24,7,-42.9055828547652
01-Aug-2026 01:18:36,-170.977523345631,-42.8705363991153,0,24,24,24,7,-42.8705363991153
01-Aug-2026 01:18:38,-171.472050181112,-43.3650632345964,0,24,24,24,7,-43.3650632345964
01-Aug-2026 01:18:40,-171.440385330518,-43.3333983840024,0,25,25,25,8,-43.3333983840024
01-Aug-2026 01:18:42,-170.941879656629,-42.8348927101127,0,25,25,25,8,-42.8348927101127
01-Aug-2026 01:18:44,-170.5650960271,-42.4581090805844,0,25,25,25,8,-42.4581090805844
01-Aug-2026 01:18:46,-170.457298199141,-42.3503112526254,0,25,25,25,9,-42.3503112526254
01-Aug-2026 01:18:48,-169.59302333301,-41.4860363864946,0,25,25,25,9,-41.4860363864946
01-Aug-2026 01:18:50,-167.958001642379,-39.8510146958631,0,25,25,25,9,-39.8510146958631
01-Aug-2026 01:18:52,-165.922267370523,-37.8152804240069,0,25,25,25,9,-37.8152804240069
01-Aug-2026 01:18:54,-164.383036132613,-36.2760491860968,0,26,26,26,10,-36.2760491860968
01-Aug-2026 01:18:56,-164.048871000262,-35.941884053746,0,26,26,26,8,-35.941884053746
01-Aug-2026 01:18:58,-161.951283779674,-33.8442968331578,0,25,25,25,7,-33.8442968331578
01-Aug-2026 01:19:00,-160.362107179374,-32.2551202328576,0,25,25,25,8,-32.2551202328576
01-Aug-2026 01:19:02,-159.279076740335,-31.1720897938196,0,25,25,25,8,-31.1720897938196
01-Aug-2026 01:19:04,-159.6057553128,-31.4987683662839,0,25,25,25,7,-31.4987683662839
01-Aug-2026 01:19:06,-161.386605609329,-33.2796186628134,0,25,25,25,7,-33.2796186628134
01-Aug-2026 01:19:08,-163.587688294641,-35.4807013481249,0,25,25,25,7,-35.4807013481249
01-Aug-2026 01:19:10,-163.93127059042,-35.8242836439045,0,25,25,25,7,-35.8242836439045
01-Aug-2026 01:19:12,-165.665302037321,-37.5583150908055,0,25,25,25,8,-37.5583150908055
01-Aug-2026 01:19:14,-167.675117941102,-39.5681309945864,0,25,25,25,7,-39.5681309945864
01-Aug-2026 01:19:16,-170.312246198818,-42.2052592523017,0,25,25,25,7,-42.2052592523017
01-Aug-2026 01:19:18,-188.153285343329,-60.0462983968133,0,25,25,25,5,-60.0462983968133
01-Aug-2026 01:19:20,-188.153272305137,-60.046285358621,0,25,25,25,5,-60.046285358621
01-Aug-2026 01:19:22,-184.217470186659,-56.1104832401434,0,25,25,25,6,-56.1104832401434
01-Aug-2026 01:19:24,-183.643436509829,-55.5364495633133,0,25,25,25,6,-55.5364495633133
01-Aug-2026 01:19:26,-184.65384674743,-56.5468598009141,0,25,25,25,5,-56.5468598009141
01-Aug-2026 01:19:28,-184.533224382214,-56.4262374356982,0,25,25,25,5,-56.4262374356982
01-Aug-2026 01:19:30,-184.904952944008,-56.7979659974922,0,25,25,25,5,-56.7979659974922
01-Aug-2026 01:19:32,-184.83137325422,-56.7243863077039,0,25,25,25,5,-56.7243863077039
01-Aug-2026 01:19:34,-181.620430899367,-53.5134439528515,0,25,25,25,6,-53.5134439528515
01-Aug-2026 01:19:36,-181.367173100244,-53.2601861537278,0,25,25,25,7,-53.2601861537278
01-Aug-2026 01:19:38,-182.083532957114,-53.9765460105986,0,25,25,25,7,-53.9765460105986
01-Aug-2026 01:19:40,-181.831731114572,-53.7247441680558,0,25,25,25,8,-53.7247441680558
01-Aug-2026 01:19:42,-185.271316694963,-57.1643297484473,0,25,25,25,6,-57.1643297484473
01-Aug-2026 01:19:44,-185.044701541245,-56.9377145947295,0,25,25,25,6,-56.9377145947295
01-Aug-2026 01:19:46,-185.244402842906,-57.1374158963903,0,25,25,25,5,-57.1374158963903
01-Aug-2026 01:19:48,-184.754601614685,-56.6476146681692,0,25,25,25,7,-56.6476146681692
01-Aug-2026 01:19:50,-184.789126748777,-56.6821398022614,0,25,25,25,7,-56.6821398022614
01-Aug-2026 01:19:52,-181.581978004783,-53.4749910582672,0,25,25,25,8,-53.4749910582672
01-Aug-2026 01:19:54,-181.956184726884,-53.8491977803677,0,26,26,26,8,-53.8491977803677
01-Aug-2026 01:19:56,-182.076357543326,-53.9693705968098,0,26,26,26,7,-53.9693705968098
01-Aug-2026 01:19:58,-182.749011375992,-54.6420244294763,0,26,26,26,6,-54.6420244294763
01-Aug-2026 01:20:00,-182.913336090994,-54.8063491444784,0,26,26,26,6,-54.8063491444784
01-Aug-2026 01:20:02,-183.218134135639,-55.111147189123,0,26,26,26,6,-55.111147189123
01-Aug-2026 01:20:04,-183.465709291727,-55.3587223452113,0,25,25,25,6,-55.3587223452113
01-Aug-2026 01:20:06,-183.236672093621,-55.1296851471051,0,26,26,26,6,-55.1296851471051
01-Aug-2026 01:20:08,-183.283212185003,-55.1762252384873,0,26,26,26,7,-55.1762252384873
01-Aug-2026 01:20:10,-183.117446728589,-55.0104597820734,0,26,26,26,8,-55.0104597820734
01-Aug-2026 01:20:12,-183.393744590069,-55.2867576435527,0,26,26,26,8,-55.2867576435527
01-Aug-2026 01:20:14,-183.390470476515,-55.2834835299986,0,25,25,25,7,-55.2834835299986
01-Aug-2026 01:20:16,-183.05532579767,-54.9483388511546,0,25,25,25,7,-54.9483388511546
01-Aug-2026 01:20:18,-183.0767263089,-54.9697393623839,0,25,25,25,7,-54.9697393623839
01-Aug-2026 01:20:20,-183.081155958931,-54.9741690124155,0,24,24,24,7,-54.9741690124155
01-Aug-2026 01:20:22,-183.096738932563,-54.9897519860475,0,24,24,24,7,-54.9897519860475
01-Aug-2026 01:20:24,-183.032331993606,-54.9253450470901,0,25,25,25,6,-54.9253450470901
01-Aug-2026 01:20:26,-183.303131492573,-55.1961445460567,0,23,23,23,6,-55.1961445460567
01-Aug-2026 01:20:28,-183.624290518799,-55.5173035722835,0,24,24,24,7,-55.5173035722835
01-Aug-2026 01:20:30,-183.696248079682,-55.5892611331658,0,24,24,24,8,-55.5892611331658
01-Aug-2026 01:20:32,-179.132074535046,-51.0250875885303,0,24,24,24,9,-51.0250875885303
01-Aug-2026 01:20:34,-179.000401750435,-50.8934148039189,0,24,24,24,9,-50.8934148039189
01-Aug-2026 01:20:36,-178.695339393518,-50.588352447002,0,24,24,24,9,-50.588352447002
01-Aug-2026 01:20:38,-178.521728619715,-50.4147416731991,0,24,24,24,9,-50.4147416731991
01-Aug-2026 01:20:40,-178.604796549898,-50.4978096033821,0,24,24,24,8,-50.4978096033821
01-Aug-2026 01:20:42,-178.334070182934,-50.2270832364177,0,24,24,24,8,-50.2270832364177
01-Aug-2026 01:20:44,-178.149264928039,-50.0422779815229,0,25,25,25,8,-50.0422779815229
01-Aug-2026 01:20:46,-177.818777351649,-49.7117904051329,0,25,25,25,9,-49.7117904051329
01-Aug-2026 01:20:48,-177.915091625876,-49.80810467936,0,25,25,25,9,-49.80810467936
01-Aug-2026 01:20:50,-177.638792578494,-49.5318056319786,0,25,25,25,9,-49.5318056319786
01-Aug-2026 01:20:52,-166.755155918527,-38.6481689720113,0,25,25,25,9,-38.6481689720113
01-Aug-2026 01:20:54,-166.971264757644,-38.8642778111278,0,25,25,25,9,-38.8642778111278
01-Aug-2026 01:20:56,-177.603578964183,-49.4965920176675,0,25,25,25,8,-49.4965920176675
01-Aug-2026 01:20:58,-177.323753060456,-49.2167661139403,0,24,24,24,8,-49.2167661139403
01-Aug-2026 01:21:00,-177.313037425184,-49.2060504786677,0,24,24,24,8,-49.2060504786677
01-Aug-2026 01:21:02,-178.312098944612,-50.2051119980963,0,24,24,24,6,-50.2051119980963
01-Aug-2026 01:21:04,-178.733097182685,-50.6261102361689,0,24,24,24,6,-50.6261102361689
01-Aug-2026 01:21:06,-171.294480495313,-43.1874935487971,0,24,24,24,8,-43.1874935487971
01-Aug-2026 01:21:08,-171.313475496794,-43.2064885502786,0,24,24,24,8,-43.2064885502786
01-Aug-2026 01:21:10,-171.696988345028,-43.5900013985119,0,24,24,24,8,-43.5900013985119
01-Aug-2026 01:21:12,-171.501373772642,-43.3943868261266,0,24,24,24,8,-43.3943868261266
01-Aug-2026 01:21:14,-185.533898988331,-57.426912041815,0,24,24,24,6,-57.426912041815
01-Aug-2026 01:21:16,-185.37793426956,-57.2709473230445,0,24,24,24,6,-57.2709473230445
01-Aug-2026 01:21:18,-171.515021660613,-43.4080347140973,0,24,24,24,7,-43.4080347140973
01-Aug-2026 01:21:20,-172.019238977469,-43.9122520309529,0,24,24,24,7,-43.9122520309529
01-Aug-2026 01:21:22,-171.320928187516,-43.2139412409996,0,24,24,24,8,-43.2139412409996
01-Aug-2026 01:21:24,-171.580473346019,-43.4734863995035,0,25,25,25,8,-43.4734863995035
01-Aug-2026 01:21:26,-170.67893757386,-42.5719506273437,0,25,25,25,8,-42.5719506273437
01-Aug-2026 01:21:28,-170.227396589377,-42.120409642861,0,25,25,25,7,-42.120409642861
01-Aug-2026 01:21:30,-170.345170299445,-42.2381833529288,0,25,25,25,7,-42.2381833529288
01-Aug-2026 01:21:32,-170.345298764716,-42.2383118182003,0,24,24,24,6,-42.2383118182003
01-Aug-2026 01:21:34,-170.164999552868,-42.0580126063523,0,24,24,24,4,-42.0580126063523
01-Aug-2026 01:21:36,-170.294257249624,-42.1872703031081,0,24,24,24,6,-42.1872703031081
01-Aug-2026 01:21:38,-169.791987459438,-41.685000512922,0,24,24,24,6,-41.685000512922
01-Aug-2026 01:21:40,-170.099410079235,-41.992423132719,0,24,24,24,6,-41.992423132719
01-Aug-2026 01:21:42,-169.921715860932,-41.8147289144157,0,24,24,24,6,-41.8147289144157
01-Aug-2026 01:21:44,-169.236192877795,-41.1292059312791,0,24,24,24,5,-41.1292059312791
01-Aug-2026 01:21:46,-160.257764499836,-32.1507775533204,0,24,24,24,7,-32.1507775533204
01-Aug-2026 01:21:48,-159.736121567709,-31.6291346211932,0,24,24,24,7,-31.6291346211932
01-Aug-2026 01:21:50,-159.236833010482,-31.1298460639658,0,24,24,24,7,-31.1298460639658
01-Aug-2026 01:21:52,-158.665333507773,-30.5583465612571,0,25,25,25,8,-30.5583465612571
01-Aug-2026 01:21:54,-159.145874887558,-31.0388879410423,0,26,26,26,8,-31.0388879410423
01-Aug-2026 01:21:56,-159.004674180498,-30.897687233982,0,26,26,26,8,-30.897687233982
01-Aug-2026 01:21:58,-158.418663758554,-30.3116768120386,0,26,26,26,8,-30.3116768120386
01-Aug-2026 01:22:00,-158.137771728344,-30.0307847818281,0,25,25,25,7,-30.0307847818281
01-Aug-2026 01:22:02,-158.120957204948,-30.0139702584322,0,25,25,25,7,-30.0139702584322
01-Aug-2026 01:22:04,-158.010952928015,-29.9039659814987,0,24,24,24,7,-29.9039659814987
01-Aug-2026 01:22:06,-157.717890331603,-29.610903385087,0,25,25,25,6,-29.610903385087
01-Aug-2026 01:22:08,-158.426396806356,-30.3194098598405,0,25,25,25,8,-30.3194098598405
01-Aug-2026 01:22:10,-158.527624762464,-30.4206378159485,0,25,25,25,8,-30.4206378159485
01-Aug-2026 01:22:12,-157.995408739706,-29.8884217931902,0,25,25,25,7,-29.8884217931902
01-Aug-2026 01:22:14,-158.77167407867,-30.6646871321545,0,25,25,25,7,-30.6646871321545
01-Aug-2026 01:22:16,-159.5197142351,-31.4127272885843,0,25,25,25,6,-31.4127272885843
01-Aug-2026 01:22:18,-159.513625269403,-31.4066383228872,0,25,25,25,7,-31.4066383228872
01-Aug-2026 01:22:20,-160.985333470677,-32.878346524161,0,25,25,25,5,-32.878346524161
01-Aug-2026 01:22:22,-161.451196834624,-33.3442098881084,0,25,25,25,4,-33.3442098881084
01-Aug-2026 01:22:24,-161.708707832008,-33.601720885492,0,25,25,25,4,-33.601720885492
01-Aug-2026 01:22:26,-163.544948707874,-35.4379617613583,0,25,25,25,4,-35.4379617613583
01-Aug-2026 01:22:28,-163.443303544334,-35.3363165978182,0,25,25,25,4,-35.3363165978182
01-Aug-2026 01:22:30,-163.881271841394,-35.7742848948783,0,25,25,25,5,-35.7742848948783
01-Aug-2026 01:22:32,-163.367255729985,-35.260268783469,0,26,26,26,7,-35.260268783469
01-Aug-2026 01:22:34,-161.855339016697,-33.7483520701813,0,26,26,26,7,-33.7483520701813
01-Aug-2026 01:22:36,-161.329969511002,-33.2229825644866,0,26,26,26,6,-33.2229825644866
01-Aug-2026 01:22:38,-161.486425111684,-33.3794381651683,0,26,26,26,6,-33.3794381651683
01-Aug-2026 01:22:40,-175.239314305982,-47.1323273594666,0,27,27,27,8,-47.1323273594666
01-Aug-2026 01:22:42,-175.110383808399,-47.003396861883,0,27,27,27,8,-47.003396861883
01-Aug-2026 01:22:44,-174.785180129971,-46.6781931834555,0,27,27,27,8,-46.6781931834555
01-Aug-2026 01:22:46,-164.278713863668,-36.1717269171524,0,27,27,27,8,-36.1717269171524
01-Aug-2026 01:22:48,-175.556688355925,-47.4497014094087,0,27,27,27,7,-47.4497014094087
01-Aug-2026 01:22:50,-170.077814411893,-41.9708274653772,0,26,26,26,6,-41.9708274653772
01-Aug-2026 01:22:52,-169.681437759041,-41.5744508125255,0,26,26,26,6,-41.5744508125255
01-Aug-2026 01:22:54,-169.735912512453,-41.6289255659375,0,26,26,26,5,-41.6289255659375
01-Aug-2026 01:22:56,-169.520771606904,-41.4137846603885,0,26,26,26,5,-41.4137846603885
01-Aug-2026 01:22:58,-170.022558671019,-41.9155717245031,0,26,26,26,4,-41.9155717245031
01-Aug-2026 01:23:00,-188.166790012201,-60.0598030656847,0,26,26,26,3,-60.0598030656847
01-Aug-2026 01:23:02,-188.602594264961,-60.4956073184449,0,26,26,26,3,-60.4956073184449
01-Aug-2026 01:23:04,-181.136804895428,-53.0298179489118,0,26,26,26,4,-53.0298179489118
01-Aug-2026 01:23:06,-181.804930032352,-53.6979430858362,0,26,26,26,3,-53.6979430858362
01-Aug-2026 01:23:08,-182.015383449065,-53.908396502549,0,26,26,26,3,-53.908396502549
01-Aug-2026 01:23:10,-183.035419440563,-54.9284324940468,0,26,26,26,3,-54.9284324940468
01-Aug-2026 01:23:12,-183.496345919204,-55.3893589726882,0,26,26,26,3,-55.3893589726882
01-Aug-2026 01:23:14,-183.996692038798,-55.8897050922822,0,26,26,26,3,-55.8897050922822
01-Aug-2026 01:23:16,-178.169108213034,-50.0621212665179,0,26,26,26,4,-50.0621212665179
01-Aug-2026 01:23:18,-177.742998491695,-49.6360115451794,0,26,26,26,3,-49.6360115451794
01-Aug-2026 01:23:20,-177.595580941353,-49.4885939948369,0,26,26,26,3,-49.4885939948369
01-Aug-2026 01:23:22,-177.28102094148,-49.1740339949643,0,26,26,26,3,-49.1740339949643
01-Aug-2026 01:23:24,-176.534145461661,-48.4271585151448,0,26,26,26,5,-48.4271585151448
01-Aug-2026 01:23:26,-176.530899406464,-48.4239124599478,0,26,26,26,5,-48.4239124599478
01-Aug-2026 01:23:28,-176.815654932784,-48.7086679862685,0,26,26,26,6,-48.7086679862685
01-Aug-2026 01:23:30,-176.427449285652,-48.3204623391359,0,26,26,26,6,-48.3204623391359
01-Aug-2026 01:23:32,-176.832301897516,-48.7253149510002,0,26,26,26,5,-48.7253149510002
01-Aug-2026 01:23:34,-173.837886724879,-45.7308997783631,0,26,26,26,6,-45.7308997783631
01-Aug-2026 01:23:36,-173.915852030027,-45.8088650835111,0,26,26,26,6,-45.8088650835111
01-Aug-2026 01:23:38,-173.782594845618,-45.6756078991022,0,26,26,26,5,-45.6756078991022
01-Aug-2026 01:23:40,-175.625679862959,-47.518692916443,0,26,26,26,4,-47.518692916443
01-Aug-2026 01:23:42,-175.315631785206,-47.2086448386901,0,26,26,26,4,-47.2086448386901
01-Aug-2026 01:23:44,-173.240249925409,-45.1332629788935,0,27,27,27,4,-45.1332629788935
01-Aug-2026 01:23:46,-172.927374213519,-44.8203872670036,0,27,27,27,4,-44.8203872670036
01-Aug-2026 01:23:48,-172.541072171835,-44.4340852253195,0,27,27,27,4,-44.4340852253195
01-Aug-2026 01:23:50,-172.690942967871,-44.5839560213547,0,27,27,27,4,-44.5839560213547
01-Aug-2026 01:23:52,-172.34497526614,-44.2379883196245,0,27,27,27,3,-44.2379883196245
01-Aug-2026 01:23:54,-172.197592496988,-44.0906055504723,0,27,27,27,3,-44.0906055504723
01-Aug-2026 01:23:56,-171.880672930323,-43.7736859838076,0,27,27,27,3,-43.7736859838076
01-Aug-2026 01:23:58,-175.712290322545,-47.6053033760291,0,27,27,27,2,-47.6053033760291
01-Aug-2026 01:24:00,-175.998534073607,-47.8915471270914,0,27,27,27,2,-47.8915471270914
01-Aug-2026 01:24:02,-176.021830395396,-47.91484344888,0,26,26,26,2,-47.91484344888
01-Aug-2026 01:24:04,-191.104133397895,-62.9971464513787,0,26,26,26,1,-62.9971464513787
01-Aug-2026 01:24:06,-191.274529568809,-63.167542622293,0,26,26,26,1,-63.167542622293
01-Aug-2026 01:24:08,-190.937844700138,-62.8308577536218,0,25,25,25,1,-62.8308577536218
01-Aug-2026 01:24:10,-191.233154405054,-63.1261674585377,0,25,25,25,1,-63.1261674585377
01-Aug-2026 01:24:12,-192.393172474054,-64.2861855275385,0,25,25,25,1,-64.2861855275385
01-Aug-2026 01:24:14,-192.49742937634,-64.3904424298244,0,24,24,24,1,-64.3904424298244
01-Aug-2026 01:24:16,-192.247407825517,-64.1404208790011,0,24,24,24,1,-64.1404208790011
01-Aug-2026 01:24:18,-191.689011062591,-63.582024116075,0,23,23,23,1,-63.582024116075
01-Aug-2026 01:24:20,-188.242792406903,-60.1358054603867,0,24,24,24,4,-60.1358054603867
01-Aug-2026 01:24:22,-188.616986190073,-60.509999243557,0,24,24,24,4,-60.509999243557
01-Aug-2026 01:24:24,-188.371242816972,-60.2642558704557,0,24,24,24,5,-60.2642558704557
01-Aug-2026 01:24:26,-178.032192757465,-49.9252058109488,0,24,24,24,6,-49.9252058109488
01-Aug-2026 01:24:28,-178.192153615083,-50.0851666685668,0,24,24,24,7,-50.0851666685668
01-Aug-2026 01:24:30,-178.040409692156,-49.9334227456403,0,24,24,24,7,-49.9334227456403
01-Aug-2026 01:24:32,-178.394459805767,-50.2874728592507,0,24,24,24,7,-50.2874728592507
01-Aug-2026 01:24:34,-188.236180997182,-60.1291940506662,0,24,24,24,6,-60.1291940506662
01-Aug-2026 01:24:36,-188.369135190573,-60.2621482440569,0,24,24,24,5,-60.2621482440569
01-Aug-2026 01:24:38,-180.930958133566,-52.8239711870498,0,24,24,24,5,-52.8239711870498
01-Aug-2026 01:24:40,-181.148254197269,-53.041267250753,0,24,24,24,4,-53.041267250753
01-Aug-2026 01:24:42,-182.421717528042,-54.3147305815266,0,24,24,24,4,-54.3147305815266
01-Aug-2026 01:24:44,-182.607954472398,-54.5009675258822,0,24,24,24,4,-54.5009675258822
01-Aug-2026 01:24:46,-182.595315859966,-54.4883289134501,0,23,23,23,5,-54.4883289134501
01-Aug-2026 01:24:48,-181.88223029626,-53.7752433497443,0,24,24,24,5,-53.7752433497443
01-Aug-2026 01:24:50,-182.044316710723,-53.9373297642067,0,24,24,24,5,-53.9373297642067
01-Aug-2026 01:24:52,-180.814789877065,-52.707802930549,0,24,24,24,4,-52.707802930549
01-Aug-2026 01:24:54,-176.067006442394,-47.9600194958785,0,24,24,24,6,-47.9600194958785
01-Aug-2026 01:24:56,-176.336644231752,-48.2296572852364,0,24,24,24,6,-48.2296572852364
01-Aug-2026 01:24:58,-177.948517619438,-49.8415306729225,0,24,24,24,5,-49.8415306729225
01-Aug-2026 01:25:00,-177.741364132872,-49.6343771863565,0,24,24,24,5,-49.6343771863565
01-Aug-2026 01:25:02,-177.58024419497,-49.4732572484542,0,24,24,24,6,-49.4732572484542
01-Aug-2026 01:25:04,-177.389046750873,-49.2820598043567,0,24,24,24,5,-49.2820598043567
01-Aug-2026 01:25:06,-177.114756583728,-49.0077696372118,0,24,24,24,5,-49.0077696372118
01-Aug-2026 01:25:08,-177.149872837364,-49.0428858908477,0,25,25,25,5,-49.0428858908477
01-Aug-2026 01:25:10,-176.350823250112,-48.2438363035966,0,25,25,25,5,-48.2438363035966
01-Aug-2026 01:25:12,-175.628138736833,-47.5211517903168,0,26,26,26,5,-47.5211517903168
01-Aug-2026 01:25:14,-174.575711268766,-46.46872432225,0,26,26,26,6,-46.46872432225
01-Aug-2026 01:25:16,-173.26751398754,-45.1605270410238,0,26,26,26,6,-45.1605270410238
01-Aug-2026 01:25:18,-173.238209892012,-45.1312229454961,0,26,26,26,6,-45.1312229454961
01-Aug-2026 01:25:20,-162.590009452608,-34.4830225060925,0,26,26,26,7,-34.4830225060925
01-Aug-2026 01:25:22,-161.432719786178,-33.3257328396618,0,26,26,26,9,-33.3257328396618
01-Aug-2026 01:25:24,-159.573808960857,-31.4668220143409,0,26,26,26,9,-31.4668220143409
01-Aug-2026 01:25:26,-157.716809820406,-29.6098228738902,0,25,25,25,8,-29.6098228738902
01-Aug-2026 01:25:28,-154.860436675432,-26.7534497289157,0,25,25,25,7,-26.7534497289157
01-Aug-2026 01:25:30,-151.872968761874,-23.765981815358,0,25,25,25,7,-23.765981815358
01-Aug-2026 01:25:32,-149.047601790906,-20.9406148443906,0,25,25,25,8,-20.9406148443906
01-Aug-2026 01:25:34,-147.011989839834,-18.9050028933182,0,24,24,24,8,-18.9050028933182
01-Aug-2026 01:25:36,-147.889306090093,-19.7823191435768,0,24,24,24,8,-19.7823191435768
01-Aug-2026 01:25:38,-150.904684733145,-22.7976977866286,0,24,24,24,8,-22.7976977866286
01-Aug-2026 01:25:40,-153.111203888848,-25.0042169423321,0,25,25,25,8,-25.0042169423321
01-Aug-2026 01:25:42,-154.340013876571,-26.2330269300552,0,25,25,25,9,-26.2330269300552
01-Aug-2026 01:25:44,-154.875246507305,-26.7682595607896,0,25,25,25,9,-26.7682595607896
01-Aug-2026 01:25:46,-154.54911893729,-26.4421319907741,0,25,25,25,9,-26.4421319907741
01-Aug-2026 01:25:48,-154.1722456394,-26.0652586928838,0,25,25,25,9,-26.0652586928838
01-Aug-2026 01:25:50,-153.248020789701,-25.1410338431853,0,24,24,24,8,-25.1410338431853
01-Aug-2026 01:25:52,-153.135142822122,-25.028155875606,0,24,24,24,8,-25.028155875606
01-Aug-2026 01:25:54,-153.328994596662,-25.222007650146,0,25,25,25,7,-25.222007650146
01-Aug-2026 01:25:56,-153.210722888121,-25.1037359416056,0,25,25,25,7,-25.1037359416056
01-Aug-2026 01:25:58,-152.758639299454,-24.6516523529384,0,25,25,25,5,-24.6516523529384
01-Aug-2026 01:26:00,-152.683632969026,-24.5766460225102,0,25,25,25,5,-24.5766460225102
01-Aug-2026 01:26:02,-153.524315525982,-25.4173285794665,0,25,25,25,5,-25.4173285794665
01-Aug-2026 01:26:04,-153.779176327733,-25.6721893812169,0,25,25,25,5,-25.6721893812169
01-Aug-2026 01:26:06,-154.719672403084,-26.6126854565681,0,25,25,25,5,-26.6126854565681
01-Aug-2026 01:26:08,-155.256714102944,-27.149727156428,0,25,25,25,6,-27.149727156428
01-Aug-2026 01:26:10,-156.048486329293,-27.9414993827774,0,25,25,25,6,-27.9414993827774
01-Aug-2026 01:26:12,-173.432009361794,-45.3250224152786,0,25,25,25,4,-45.3250224152786
01-Aug-2026 01:26:14,-173.031411252453,-44.9244243059373,0,25,25,25,6,-44.9244243059373
01-Aug-2026 01:26:16,-173.46980458955,-45.3628176430338,0,25,25,25,6,-45.3628176430338
01-Aug-2026 01:26:18,-173.243894142278,-45.1369071957619,0,25,25,25,6,-45.1369071957619
01-Aug-2026 01:26:20,-173.870000233324,-45.7630132868082,0,25,25,25,5,-45.7630132868082
01-Aug-2026 01:26:22,-155.460658525545,-27.3536715790292,0,25,25,25,3,-27.3536715790292
01-Aug-2026 01:26:24,-155.941953405648,-27.8349664591317,0,25,25,25,2,-27.8349664591317
01-Aug-2026 01:26:26,-155.401032058525,-27.2940451120096,0,27,27,27,2,-27.2940451120096
01-Aug-2026 01:26:28,-154.920869282833,-26.8138823363171,0,27,27,27,2,-26.8138823363171
01-Aug-2026 01:26:30,-155.517680655329,-27.4106937088136,0,27,27,27,1,-27.4106937088136
01-Aug-2026 01:26:32,-155.036706165923,-26.9297192194073,0,27,27,27,1,-26.9297192194073
01-Aug-2026 01:26:34,-155.633119482855,-27.5261325363396,0,27,27,27,1,-27.5261325363396
01-Aug-2026 01:26:36,-156.33227079616,-28.2252838496437,0,27,27,27,2,-28.2252838496437
01-Aug-2026 01:26:38,-156.687583295304,-28.5805963487885,0,27,27,27,2,-28.5805963487885
01-Aug-2026 01:26:40,-157.131702906543,-29.0247159600268,0,26,26,26,2,-29.0247159600268
01-Aug-2026 01:26:42,-158.069995298855,-29.9630083523387,0,26,26,26,3,-29.9630083523387
01-Aug-2026 01:26:44,-158.830009797563,-30.7230228510474,0,26,26,26,3,-30.7230228510474
01-Aug-2026 01:26:46,-159.81219330488,-31.7052063583638,0,26,26,26,3,-31.7052063583638
01-Aug-2026 01:26:48,-160.805012227895,-32.6980252813795,0,26,26,26,3,-32.6980252813795
01-Aug-2026 01:26:50,-161.754159721276,-33.6471727747601,0,26,26,26,3,-33.6471727747601
01-Aug-2026 01:26:52,-189.586628761321,-61.4796418148047,0,26,26,26,1,-61.4796418148047
01-Aug-2026 01:26:54,-189.770546064306,-61.6635591177906,0,26,26,26,1,-61.6635591177906
01-Aug-2026 01:26:56,-189.45505537508,-61.3480684285637,0,26,26,26,1,-61.3480684285637
01-Aug-2026 01:26:58,-187.678429780784,-59.571442834268,0,26,26,26,2,-59.571442834268
01-Aug-2026 01:27:00,-189.558658420857,-61.4516714743412,0,26,26,26,1,-61.4516714743412
01-Aug-2026 01:27:02,-174.569378606509,-46.4623916599929,0,26,26,26,2,-46.4623916599929
01-Aug-2026 01:27:04,-197.015401066062,-68.9084141195461,0,26,26,26,1,-68.9084141195461
01-Aug-2026 01:27:06,-197.067432158173,-68.9604452116576,0,26,26,26,1,-68.9604452116576
01-Aug-2026 01:27:08,-197.517562733847,-69.4105757873312,0,26,26,26,1,-69.4105757873312
01-Aug-2026 01:27:10,-187.051216719756,-58.9442297732402,0,26,26,26,4,-58.9442297732402
01-Aug-2026 01:27:12,-186.632460612124,-58.5254736656086,0,26,26,26,5,-58.5254736656086
01-Aug-2026 01:27:14,-186.605868958175,-58.4988820116595,0,26,26,26,5,-58.4988820116595
01-Aug-2026 01:27:16,-187.13906726475,-59.0320803182337,0,26,26,26,5,-59.0320803182337
01-Aug-2026 01:27:18,-187.225303392323,-59.1183164458069,0,26,26,26,5,-59.1183164458069
01-Aug-2026 01:27:20,-183.776625987298,-55.669639040782,0,26,26,26,6,-55.669639040782
01-Aug-2026 01:27:22,-183.470940175104,-55.3639532285885,0,26,26,26,7,-55.3639532285885
01-Aug-2026 01:27:24,-183.26007740834,-55.1530904618238,0,26,26,26,7,-55.1530904618238
01-Aug-2026 01:27:26,-183.155640056154,-55.0486531096378,0,26,26,26,7,-55.0486531096378
01-Aug-2026 01:27:28,-184.357643450761,-56.2506565042456,0,26,26,26,5,-56.2506565042456
01-Aug-2026 01:27:30,-187.962930439942,-59.8559434934266,0,26,26,26,4,-59.8559434934266
01-Aug-2026 01:27:32,-188.104940964428,-59.9979540179124,0,26,26,26,4,-59.9979540179124
01-Aug-2026 01:27:34,-188.177563595733,-60.0705766492171,0,26,26,26,4,-60.0705766492171
01-Aug-2026 01:27:36,-188.093251403521,-59.9862644570051,0,27,27,27,4,-59.9862644570051
01-Aug-2026 01:27:38,-181.806340460519,-53.6993535140027,0,27,27,27,5,-53.6993535140027
01-Aug-2026 01:27:40,-181.875830005687,-53.7688430591709,0,27,27,27,4,-53.7688430591709
01-Aug-2026 01:27:42,-182.970009994812,-54.8630230482961,0,27,27,27,3,-54.8630230482961
01-Aug-2026 01:27:44,-182.593639228523,-54.4866522820067,0,27,27,27,3,-54.4866522820067
01-Aug-2026 01:27:46,-183.260833279405,-55.1538463328896,0,27,27,27,3,-55.1538463328896
01-Aug-2026 01:27:48,-183.713940048795,-55.6069531022787,0,28,28,28,3,-55.6069531022787
01-Aug-2026 01:27:50,-183.577605737322,-55.4706187908061,0,26,26,26,3,-55.4706187908061
01-Aug-2026 01:27:52,-170.164137194637,-42.0571502481206,0,26,26,26,5,-42.0571502481206
01-Aug-2026 01:27:54,-170.19404689889,-42.0870599523742,0,25,25,25,6,-42.0870599523742
01-Aug-2026 01:27:56,-170.704572974,-42.5975860274844,0,25,25,25,7,-42.5975860274844
01-Aug-2026 01:27:58,-170.042230775451,-41.9352438289356,0,25,25,25,8,-41.9352438289356
01-Aug-2026 01:28:00,-169.529506101306,-41.42251915479,0,25,25,25,7,-41.42251915479
01-Aug-2026 01:28:02,-169.361724692799,-41.2547377462833,0,24,24,24,7,-41.2547377462833
01-Aug-2026 01:28:04,-169.421324104472,-41.3143371579559,0,24,24,24,5,-41.3143371579559
01-Aug-2026 01:28:06,-169.348537860036,-41.24155091352,0,24,24,24,5,-41.24155091352
01-Aug-2026 01:28:08,-168.958804589287,-40.8518176427708,0,24,24,24,5,-40.8518176427708
01-Aug-2026 01:28:10,-170.686055851662,-42.579068905146,0,24,24,24,6,-42.579068905146
01-Aug-2026 01:28:12,-171.238210925012,-43.1312239784959,0,25,25,25,7,-43.1312239784959
01-Aug-2026 01:28:14,-171.055940393238,-42.9489534467219,0,25,25,25,8,-42.9489534467219
01-Aug-2026 01:28:16,-180.700885880491,-52.5938989339753,0,25,25,25,7,-52.5938989339753
01-Aug-2026 01:28:18,-180.938303247307,-52.8313163007908,0,25,25,25,7,-52.8313163007908
01-Aug-2026 01:28:20,-181.086773717251,-52.9797867707356,0,25,25,25,6,-52.9797867707356
01-Aug-2026 01:28:22,-181.364290830998,-53.2573038844824,0,25,25,25,5,-53.2573038844824
01-Aug-2026 01:28:24,-184.221222419605,-56.1142354730892,0,25,25,25,3,-56.1142354730892
01-Aug-2026 01:28:26,-169.029124727224,-40.9221377807083,0,25,25,25,5,-40.9221377807083
01-Aug-2026 01:28:28,-166.645418689627,-38.5384317431115,0,25,25,25,5,-38.5384317431115
01-Aug-2026 01:28:30,-166.390171146525,-38.2831842000095,0,26,26,26,4,-38.2831842000095
01-Aug-2026 01:28:32,-166.204889541036,-38.0979025945206,0,25,25,25,4,-38.0979025945206
01-Aug-2026 01:28:34,-166.167943133153,-38.0609561866371,0,24,24,24,4,-38.0609561866371
01-Aug-2026 01:28:36,-165.622107991515,-37.5151210449995,0,24,24,24,4,-37.5151210449995
01-Aug-2026 01:28:38,-165.515018015294,-37.4080310687786,0,24,24,24,5,-37.4080310687786
01-Aug-2026 01:28:40,-165.130004351867,-37.0230174053514,0,24,24,24,4,-37.0230174053514
01-Aug-2026 01:28:42,-164.824281162813,-36.7172942162974,0,24,24,24,4,-36.7172942162974
01-Aug-2026 01:28:44,-164.6845052153,-36.5775182687839,0,24,24,24,4,-36.5775182687839
01-Aug-2026 01:28:46,-164.842779423392,-36.7357924768764,0,24,24,24,4,-36.7357924768764
01-Aug-2026 01:28:48,-164.743878409193,-36.6368914626773,0,24,24,24,4,-36.6368914626773
01-Aug-2026 01:28:50,-164.924481012655,-36.8174940661389,0,24,24,24,4,-36.8174940661389
01-Aug-2026 01:28:52,-164.468238913693,-36.3612519671767,0,24,24,24,4,-36.3612519671767
01-Aug-2026 01:28:54,-164.818943607262,-36.7119566607463,0,24,24,24,4,-36.7119566607463
01-Aug-2026 01:28:56,-164.597010226793,-36.4900232802767,0,25,25,25,4,-36.4900232802767
01-Aug-2026 01:28:58,-167.494472895144,-39.3874859486278,0,26,26,26,4,-39.3874859486278
01-Aug-2026 01:29:00,-167.290448359739,-39.1834614132227,0,25,25,25,4,-39.1834614132227
01-Aug-2026 01:29:02,-166.440768861891,-38.3337819153753,0,25,25,25,4,-38.3337819153753
01-Aug-2026 01:29:04,-157.639523357917,-29.5325364114007,0,25,25,25,5,-29.5325364114007
01-Aug-2026 01:29:06,-156.939325530351,-28.8323385838349,0,25,25,25,5,-28.8323385838349
01-Aug-2026 01:29:08,-157.636055944017,-29.5290689975009,0,25,25,25,6,-29.5290689975009
01-Aug-2026 01:29:10,-158.443547003115,-30.3365600565989,0,25,25,25,6,-30.3365600565989
01-Aug-2026 01:29:12,-161.388603026174,-33.2816160796577,0,25,25,25,5,-33.2816160796577
01-Aug-2026 01:29:14,-163.815023487776,-35.7080365412605,0,25,25,25,5,-35.7080365412605
01-Aug-2026 01:29:16,-166.194701315173,-38.0877143686575,0,25,25,25,5,-38.0877143686575
01-Aug-2026 01:29:18,-168.870156431354,-40.7631694848379,0,25,25,25,7,-40.7631694848379
01-Aug-2026 01:29:20,-170.973823334806,-42.8668363882898,0,24,24,24,7,-42.8668363882898
01-Aug-2026 01:29:22,-173.383129177426,-45.2761422309102,0,24,24,24,7,-45.2761422309102
01-Aug-2026 01:29:24,-174.239198639613,-46.1322116930972,0,24,24,24,7,-46.1322116930972
01-Aug-2026 01:29:26,-174.561656285616,-46.4546693391004,0,24,24,24,8,-46.4546693391004
01-Aug-2026 01:29:28,-178.492743270438,-50.385756323922,0,25,25,25,7,-50.385756323922
01-Aug-2026 01:29:30,-178.659456123289,-50.5524691767727,0,25,25,25,8,-50.5524691767727
01-Aug-2026 01:29:32,-178.758499474247,-50.6515125277315,0,25,25,25,8,-50.6515125277315
01-Aug-2026 01:29:34,-179.996366105332,-51.8893791588157,0,25,25,25,6,-51.8893791588157
01-Aug-2026 01:29:36,-180.771301089766,-52.6643141432505,0,25,25,25,6,-52.6643141432505
01-Aug-2026 01:29:38,-181.161453688908,-53.0544667423924,0,25,25,25,5,-53.0544667423924
01-Aug-2026 01:29:40,-181.132435335343,-53.0254483888267,0,26,26,26,5,-53.0254483888267
01-Aug-2026 01:29:42,-166.027317488751,-37.9203305422349,0,25,25,25,4,-37.9203305422349
01-Aug-2026 01:29:44,-191.22354394457,-63.1165569980541,0,25,25,25,3,-63.1165569980541
01-Aug-2026 01:29:46,-185.440912795689,-57.3339258491733,0,25,25,25,4,-57.3339258491733
01-Aug-2026 01:29:48,-185.587428364012,-57.4804414174965,0,25,25,25,4,-57.4804414174965
01-Aug-2026 01:29:50,-185.099325150414,-56.9923382038984,0,25,25,25,5,-56.9923382038984
01-Aug-2026 01:29:52,-184.68423385934,-56.5772469128244,0,25,25,25,6,-56.5772469128244
01-Aug-2026 01:29:54,-184.650876187895,-56.5438892413796,0,25,25,25,6,-56.5438892413796
01-Aug-2026 01:29:56,-184.20907903033,-56.1020920838138,0,25,25,25,7,-56.1020920838138
01-Aug-2026 01:29:58,-184.866082979674,-56.7590960331579,0,25,25,25,6,-56.7590960331579
01-Aug-2026 01:30:00,-185.115139863093,-57.0081529165771,0,25,25,25,5,-57.0081529165771
01-Aug-2026 01:30:02,-184.864606551308,-56.7576196047918,0,25,25,25,5,-56.7576196047918
01-Aug-2026 01:30:04,-184.782632063644,-56.6756451171285,0,25,25,25,5,-56.6756451171285
01-Aug-2026 01:30:06,-184.445709015473,-56.338722068957,0,25,25,25,5,-56.338722068957
01-Aug-2026 01:30:08,-184.444025453172,-56.337038506656,0,25,25,25,4,-56.337038506656
01-Aug-2026 01:30:10,-182.366003073845,-54.2590161273292,0,25,25,25,4,-54.2590161273292
01-Aug-2026 01:30:12,-183.159899215928,-55.0529122694125,0,26,26,26,4,-55.0529122694125
01-Aug-2026 01:30:14,-173.112922322846,-45.0059353763303,0,26,26,26,5,-45.0059353763303
01-Aug-2026 01:30:16,-154.788512364068,-26.681525417552,0,26,26,26,7,-26.681525417552
01-Aug-2026 01:30:18,-154.53528362911,-26.4282966825937,0,27,27,27,8,-26.4282966825937
01-Aug-2026 01:30:20,-154.489736220061,-26.3827492735453,0,27,27,27,8,-26.3827492735453
01-Aug-2026 01:30:22,-154.612158804882,-26.5051718583659,0,27,27,27,8,-26.5051718583659
01-Aug-2026 01:30:24,-156.099648351908,-27.9926614053919,0,27,27,27,7,-27.9926614053919
01-Aug-2026 01:30:26,-157.167100372497,-29.0601134259813,0,27,27,27,8,-29.0601134259813
01-Aug-2026 01:30:28,-158.243992773736,-30.1370058272199,0,27,27,27,8,-30.1370058272199
01-Aug-2026 01:30:30,-159.542424692632,-31.4354377461159,0,27,27,27,8,-31.4354377461159
01-Aug-2026 01:30:32,-160.279868159115,-32.1728812125991,0,26,26,26,7,-32.1728812125991
01-Aug-2026 01:30:34,-160.943019884296,-32.8360329377799,0,26,26,26,7,-32.8360329377799
01-Aug-2026 01:30:36,-179.125149416636,-51.0181624701206,0,26,26,26,7,-51.0181624701206
01-Aug-2026 01:30:38,-179.556039476586,-51.44905253007,0,26,26,26,7,-51.44905253007
01-Aug-2026 01:30:40,-179.584524703789,-51.4775377572736,0,26,26,26,9,-51.4775377572736
01-Aug-2026 01:30:42,-180.118862021891,-52.0118750753751,0,26,26,26,9,-52.0118750753751
01-Aug-2026 01:30:44,-181.224765955191,-53.1177790086755,0,26,26,26,9,-53.1177790086755
01-Aug-2026 01:30:46,-183.495168580422,-55.3881816339063,0,26,26,26,9,-55.3881816339063
01-Aug-2026 01:30:48,-183.413875335894,-55.3068883893783,0,26,26,26,9,-55.3068883893783
01-Aug-2026 01:30:50,-183.99893984357,-55.891952897054,0,26,26,26,8,-55.891952897054
01-Aug-2026 01:30:52,-184.226575303107,-56.1195883565909,0,26,26,26,8,-56.1195883565909
01-Aug-2026 01:30:54,-188.22022163673,-60.1132346902142,0,26,26,26,6,-60.1132346902142
01-Aug-2026 01:30:56,-188.386443211984,-60.279456265468,0,26,26,26,6,-60.279456265468
01-Aug-2026 01:30:58,-188.068245929188,-59.9612589826717,0,26,26,26,7,-59.9612589826717
01-Aug-2026 01:31:00,-190.843648586512,-62.736661639996,0,26,26,26,4,-62.736661639996
01-Aug-2026 01:31:02,-190.637933694335,-62.5309467478188,0,26,26,26,4,-62.5309467478188
01-Aug-2026 01:31:04,-191.000447880915,-62.8934609343993,0,26,26,26,4,-62.8934609343993
01-Aug-2026 01:31:06,-191.130950461543,-63.0239635150275,0,26,26,26,4,-63.0239635150275
01-Aug-2026 01:31:08,-192.00683423026,-63.8998472837438,0,26,26,26,4,-63.8998472837438
01-Aug-2026 01:31:10,-188.117902913673,-60.0109159671572,0,26,26,26,5,-60.0109159671572
01-Aug-2026 01:31:12,-188.141256720866,-60.0342697743505,0,26,26,26,5,-60.0342697743505
01-Aug-2026 01:31:14,-188.536903585884,-60.4299166393681,0,26,26,26,5,-60.4299166393681
01-Aug-2026 01:31:16,-188.376166497197,-60.2691795506807,0,26,26,26,5,-60.2691795506807
01-Aug-2026 01:31:18,-188.111684273725,-60.0046973272092,0,26,26,26,5,-60.0046973272092
01-Aug-2026 01:31:20,-165.260047420515,-37.1530604739988,0,26,26,26,6,-37.1530604739988
01-Aug-2026 01:31:22,-165.072023021407,-36.9650360748916,0,26,26,26,6,-36.9650360748916
01-Aug-2026 01:31:24,-165.361521704311,-37.2545347577955,0,26,26,26,5,-37.2545347577955
01-Aug-2026 01:31:26,-164.94400588261,-36.8370189360937,0,26,26,26,5,-36.8370189360937
01-Aug-2026 01:31:28,-188.283657580611,-60.1766706340953,0,27,27,27,5,-60.1766706340953
01-Aug-2026 01:31:30,-185.479051692278,-57.3720647457617,0,27,27,27,7,-57.3720647457617
01-Aug-2026 01:31:32,-185.854103120027,-57.7471161735111,0,27,27,27,6,-57.7471161735111
01-Aug-2026 01:31:34,-185.881331292036,-57.7743443455198,0,27,27,27,6,-57.7743443455198
01-Aug-2026 01:31:36,-186.081476848859,-57.974489902343,0,27,27,27,6,-57.974489902343
01-Aug-2026 01:31:38,-186.251371694595,-58.1443847480794,0,26,26,26,5,-58.1443847480794
01-Aug-2026 01:31:40,-186.393010080326,-58.2860231338106,0,26,26,26,5,-58.2860231338106
01-Aug-2026 01:31:42,-191.826498356166,-63.7195114096497,0,25,25,25,3,-63.7195114096497
01-Aug-2026 01:31:44,-171.830939732259,-43.7239527857428,0,25,25,25,4,-43.7239527857428
01-Aug-2026 01:31:46,-171.162876077366,-43.0558891308497,0,25,25,25,5,-43.0558891308497
01-Aug-2026 01:31:48,-171.275313729869,-43.1683267833532,0,25,25,25,4,-43.1683267833532
01-Aug-2026 01:31:50,-170.64757600629,-42.5405890597743,0,24,24,24,4,-42.5405890597743
01-Aug-2026 01:31:52,-169.744237431602,-41.6372504850866,0,24,24,24,5,-41.6372504850866
01-Aug-2026 01:31:54,-170.038855439029,-41.9318684925135,0,24,24,24,5,-41.9318684925135
01-Aug-2026 01:31:56,-169.925707968704,-41.8187210221878,0,25,25,25,5,-41.8187210221878
01-Aug-2026 01:31:58,-176.458255315318,-48.3512683688017,0,25,25,25,3,-48.3512683688017
01-Aug-2026 01:32:00,-176.703170235119,-48.5961832886033,0,26,26,26,3,-48.5961832886033
01-Aug-2026 01:32:02,-176.863666059445,-48.7566791129293,0,25,25,25,3,-48.7566791129293
01-Aug-2026 01:32:04,-177.056644203051,-48.9496572565352,0,26,26,26,5,-48.9496572565352
01-Aug-2026 01:32:06,-176.767384194827,-48.6603972483107,0,26,26,26,5,-48.6603972483107
01-Aug-2026 01:32:08,-177.240328389583,-49.1333414430673,0,26,26,26,6,-49.1333414430673
01-Aug-2026 01:32:10,-177.070168728394,-48.9631817818779,0,26,26,26,6,-48.9631817818779
01-Aug-2026 01:32:12,-177.097240479949,-48.9902535334335,0,26,26,26,7,-48.9902535334335
01-Aug-2026 01:32:14,-170.133080711818,-42.0260937653024,0,26,26,26,8,-42.0260937653024
01-Aug-2026 01:32:16,-170.643650539728,-42.5366635932122,0,26,26,26,7,-42.5366635932122
01-Aug-2026 01:32:18,-171.326997514778,-43.2200105682622,0,25,25,25,5,-43.2200105682622
01-Aug-2026 01:32:20,-171.783520829227,-43.676533882711,0,25,25,25,5,-43.676533882711
01-Aug-2026 01:32:22,-171.129238820971,-43.0222518744547,0,24,24,24,5,-43.0222518744547
01-Aug-2026 01:32:24,-170.87087553092,-42.7638885844038,0,24,24,24,5,-42.7638885844038
01-Aug-2026 01:32:26,-189.813223661168,-61.706236714652,0,24,24,24,3,-61.706236714652
01-Aug-2026 01:32:28,-189.060856809052,-60.953869862536,0,24,24,24,3,-60.953869862536
01-Aug-2026 01:32:30,-188.827425883594,-60.7204389370778,0,24,24,24,3,-60.7204389370778
01-Aug-2026 01:32:32,-189.105620832795,-60.998633886279,0,24,24,24,3,-60.998633886279
01-Aug-2026 01:32:34,-189.368835093934,-61.2618481474183,0,24,24,24,3,-61.2618481474183
01-Aug-2026 01:32:36,-187.633362262254,-59.5263753157379,0,24,24,24,4,-59.5263753157379
01-Aug-2026 01:32:38,-189.497659535716,-61.3906725892002,0,24,24,24,3,-61.3906725892002
01-Aug-2026 01:32:40,-195.33622483722,-67.229237890704,0,24,24,24,3,-67.229237890704
01-Aug-2026 01:32:42,-193.577036745955,-65.4700497994389,0,23,23,23,4,-65.4700497994389
01-Aug-2026 01:32:44,-193.42033489297,-65.3133479464541,0,23,23,23,4,-65.3133479464541
01-Aug-2026 01:32:46,-193.424221290254,-65.3172343437386,0,24,24,24,4,-65.3172343437386
01-Aug-2026 01:32:48,-193.245321145166,-65.1383341986502,0,24,24,24,4,-65.1383341986502
01-Aug-2026 01:32:50,-186.700923789645,-58.5939368431294,0,24,24,24,5,-58.5939368431294
01-Aug-2026 01:32:52,-186.562981105378,-58.4559941588619,0,24,24,24,5,-58.4559941588619
01-Aug-2026 01:32:54,-186.688940033997,-58.5819530874814,0,24,24,24,5,-58.5819530874814
01-Aug-2026 01:32:56,-190.936323214287,-62.829336267771,0,24,24,24,5,-62.829336267771
01-Aug-2026 01:32:58,-192.794411710467,-64.6874247639508,0,24,24,24,4,-64.6874247639508
01-Aug-2026 01:33:00,-193.038402539338,-64.9314155928218,0,24,24,24,4,-64.9314155928218
01-Aug-2026 01:33:02,-193.692292930213,-65.5853059836969,0,24,24,24,3,-65.5853059836969
01-Aug-2026 01:33:04,-194.188637947805,-66.0816510012896,0,24,24,24,3,-66.0816510012896
01-Aug-2026 01:33:06,-194.162748788002,-66.055761841486,0,24,24,24,3,-66.055761841486
01-Aug-2026 01:33:08,-181.586046869685,-53.479059923169,0,24,24,24,3,-53.479059923169
01-Aug-2026 01:33:10,-180.761559378614,-52.6545724320984,0,24,24,24,4,-52.6545724320984
01-Aug-2026 01:33:12,-180.90232626077,-52.795339314254,0,23,23,23,4,-52.795339314254
01-Aug-2026 01:33:14,-180.954646589728,-52.8476596432123,0,24,24,24,3,-52.8476596432123
01-Aug-2026 01:33:16,-180.795143352027,-52.6881564055113,0,25,25,25,3,-52.6881564055113
01-Aug-2026 01:33:18,-181.37751453772,-53.2705275912046,0,25,25,25,4,-53.2705275912046
01-Aug-2026 01:33:20,-181.674174795634,-53.5671878491181,0,25,25,25,4,-53.5671878491181
01-Aug-2026 01:33:22,-181.766768718418,-53.6597817719018,0,25,25,25,4,-53.6597817719018
01-Aug-2026 01:33:24,-181.576472783372,-53.4694858368564,0,25,25,25,4,-53.4694858368564
01-Aug-2026 01:33:26,-181.915117584044,-53.8081306375278,0,25,25,25,4,-53.8081306375278
01-Aug-2026 01:33:28,-181.988033532264,-53.8810465857482,0,26,26,26,5,-53.8810465857482
01-Aug-2026 01:33:30,-181.99251470514,-53.8855277586243,0,26,26,26,5,-53.8855277586243
01-Aug-2026 01:33:32,-181.324220195954,-53.2172332494378,0,26,26,26,6,-53.2172332494378
01-Aug-2026 01:33:34,-182.471272506364,-54.3642855598481,0,25,25,25,5,-54.3642855598481
01-Aug-2026 01:33:36,-189.375404986604,-61.2684180400877,0,25,25,25,4,-61.2684180400877
01-Aug-2026 01:33:38,-189.784683026258,-61.677696079742,0,25,25,25,4,-61.677696079742
01-Aug-2026 01:33:40,-182.094315396499,-53.9873284499836,0,25,25,25,5,-53.9873284499836
01-Aug-2026 01:33:42,-181.729953840082,-53.6229668935658,0,25,25,25,6,-53.6229668935658
01-Aug-2026 01:33:44,-181.687063133167,-53.5800761866515,0,25,25,25,6,-53.5800761866515
01-Aug-2026 01:33:46,-182.568932089222,-54.4619451427059,0,25,25,25,6,-54.4619451427059
01-Aug-2026 01:33:48,-168.34414803151,-40.2371610849944,0,24,24,24,6,-40.2371610849944
01-Aug-2026 01:33:50,-168.220947884425,-40.1139609379092,0,25,25,25,6,-40.1139609379092
01-Aug-2026 01:33:52,-168.12863769095,-40.0216507444345,0,25,25,25,6,-40.0216507444345
01-Aug-2026 01:33:54,-168.708045194918,-40.6010582484024,0,25,25,25,6,-40.6010582484024
01-Aug-2026 01:33:56,-168.373944936999,-40.266957990483,0,25,25,25,6,-40.266957990483
01-Aug-2026 01:33:58,-168.77541172878,-40.668424782264,0,25,25,25,6,-40.668424782264
01-Aug-2026 01:34:00,-168.320613529819,-40.2136265833028,0,26,26,26,5,-40.2136265833028
01-Aug-2026 01:34:02,-168.93053595779,-40.8235490112746,0,26,26,26,5,-40.8235490112746
01-Aug-2026 01:34:04,-169.410163559545,-41.3031766130287,0,26,26,26,5,-41.3031766130287
01-Aug-2026 01:34:06,-170.94052051456,-42.8335335680442,0,26,26,26,5,-42.8335335680442
01-Aug-2026 01:34:08,-169.445128822304,-41.3381418757886,0,26,26,26,5,-41.3381418757886
01-Aug-2026 01:34:10,-169.929547668234,-41.8225607217185,0,26,26,26,6,-41.8225607217185
01-Aug-2026 01:34:12,-169.568392290474,-41.4614053439581,0,27,27,27,7,-41.4614053439581
01-Aug-2026 01:34:14,-182.288989418816,-54.1820024723,0,27,27,27,6,-54.1820024723
01-Aug-2026 01:34:16,-182.397002764312,-54.290015817796,0,27,27,27,6,-54.290015817796
01-Aug-2026 01:34:18,-182.422368133764,-54.3153811872486,0,27,27,27,6,-54.3153811872486
01-Aug-2026 01:34:20,-184.46009627187,-56.3531093253537,0,27,27,27,5,-56.3531093253537
01-Aug-2026 01:34:22,-167.122224144287,-39.0152371977707,0,27,27,27,5,-39.0152371977707
01-Aug-2026 01:34:24,-166.860036289764,-38.7530493432485,0,26,26,26,5,-38.7530493432485
01-Aug-2026 01:34:26,-167.034588573639,-38.9276016271227,0,26,26,26,5,-38.9276016271227
01-Aug-2026 01:34:28,-182.618213464901,-54.5112265183851,0,26,26,26,4,-54.5112265183851
01-Aug-2026 01:34:30,-164.905829986554,-36.7988430400382,0,26,26,26,5,-36.7988430400382
01-Aug-2026 01:34:32,-165.330627575671,-37.2236406291549,0,26,26,26,6,-37.2236406291549
01-Aug-2026 01:34:34,-165.281356659572,-37.1743697130559,0,26,26,26,6,-37.1743697130559
01-Aug-2026 01:34:36,-165.75834135277,-37.6513544062537,0,26,26,26,6,-37.6513544062537
01-Aug-2026 01:34:38,-164.92413839035,-36.817151443834,0,26,26,26,7,-36.817151443834
01-Aug-2026 01:34:40,-165.534827428885,-37.4278404823696,0,26,26,26,6,-37.4278404823696
01-Aug-2026 01:34:42,-165.720769193579,-37.6137822470629,0,26,26,26,6,-37.6137822470629
01-Aug-2026 01:34:44,-165.873977065742,-37.7669901192264,0,26,26,26,5,-37.7669901192264
01-Aug-2026 01:34:46,-166.498481177791,-38.3914942312752,0,26,26,26,4,-38.3914942312752
01-Aug-2026 01:34:48,-166.564386024505,-38.4573990779887,0,26,26,26,5,-38.4573990779887
01-Aug-2026 01:34:50,-166.920076991234,-38.8130900447186,0,26,26,26,5,-38.8130900447186
01-Aug-2026 01:34:52,-167.130891615471,-39.0239046689547,0,26,26,26,5,-39.0239046689547
01-Aug-2026 01:34:54,-167.325706339774,-39.2187193932582,0,26,26,26,3,-39.2187193932582
01-Aug-2026 01:34:56,-168.242125154393,-40.1351382078775,0,26,26,26,2,-40.1351382078775
01-Aug-2026 01:34:58,-181.366698006165,-53.2597110596494,0,26,26,26,1,-53.2597110596494
01-Aug-2026 01:35:00,-181.338466665846,-53.2314797193305,0,26,26,26,2,-53.2314797193305
01-Aug-2026 01:35:02,-182.339350073369,-54.2323631268533,0,26,26,26,3,-54.2323631268533
01-Aug-2026 01:35:04,-181.930137693244,-53.8231507467277,0,26,26,26,3,-53.8231507467277
01-Aug-2026 01:35:06,-180.705060324718,-52.5980733782018,0,26,26,26,2,-52.5980733782018
01-Aug-2026 01:35:08,-179.893079493264,-51.7860925467482,0,26,26,26,3,-51.7860925467482
01-Aug-2026 01:35:10,-179.051015167146,-50.9440282206303,0,26,26,26,3,-50.9440282206303
01-Aug-2026 01:35:12,-178.407297440529,-50.3003104940135,0,26,26,26,3,-50.3003104940135
01-Aug-2026 01:35:14,-178.021928059425,-49.9149411129087,0,26,26,26,3,-49.9149411129087
01-Aug-2026 01:35:16,-178.861388388538,-50.754401442022,0,26,26,26,3,-50.754401442022
01-Aug-2026 01:35:18,-178.538206148484,-50.4312192019684,0,27,27,27,4,-50.4312192019684
01-Aug-2026 01:35:20,-178.50454718328,-50.3975602367641,0,27,27,27,3,-50.3975602367641
01-Aug-2026 01:35:22,-177.767312612235,-49.6603256657188,0,27,27,27,3,-49.6603256657188
01-Aug-2026 01:35:24,-163.158256611739,-35.0512696652227,0,26,26,26,2,-35.0512696652227
01-Aug-2026 01:35:26,-177.360020587989,-49.2530336414732,0,26,26,26,1,-49.2530336414732
01-Aug-2026 01:35:28,-176.957504630609,-48.8505176840931,0,26,26,26,2,-48.8505176840931
01-Aug-2026 01:35:30,-176.45565983136,-48.3486728848445,0,26,26,26,3,-48.3486728848445
01-Aug-2026 01:35:32,-176.11914321832,-48.0121562718042,0,27,27,27,3,-48.0121562718042
01-Aug-2026 01:35:34,-175.568381665781,-47.4613947192652,0,27,27,27,3,-47.4613947192652
01-Aug-2026 01:35:36,-175.409327511108,-47.3023405645917,0,25,25,25,2,-47.3023405645917
01-Aug-2026 01:35:38,-175.088432483267,-46.9814455367513,0,24,24,24,3,-46.9814455367513
01-Aug-2026 01:35:40,-175.274973727509,-47.1679867809936,0,24,24,24,3,-47.1679867809936
01-Aug-2026 01:35:42,-171.54735527831,-43.4403683317939,0,24,24,24,4,-43.4403683317939
01-Aug-2026 01:35:44,-171.217559755092,-43.1105728085764,0,24,24,24,5,-43.1105728085764
01-Aug-2026 01:35:46,-171.39377236915,-43.2867854226339,0,24,24,24,5,-43.2867854226339
01-Aug-2026 01:35:48,-171.713769021938,-43.6067820754224,0,24,24,24,5,-43.6067820754224
01-Aug-2026 01:35:50,-171.510748740836,-43.4037617943205,0,24,24,24,5,-43.4037617943205
01-Aug-2026 01:35:52,-172.03276900893,-43.9257820624146,0,24,24,24,5,-43.9257820624146
01-Aug-2026 01:35:54,-171.959386581013,-43.8523996344976,0,24,24,24,5,-43.8523996344976
01-Aug-2026 01:35:56,-172.006805820685,-43.899818874169,0,24,24,24,5,-43.899818874169
01-Aug-2026 01:35:58,-172.297211970379,-44.1902250238633,0,25,25,25,5,-44.1902250238633
01-Aug-2026 01:36:00,-172.450986688635,-44.343999742119,0,25,25,25,5,-44.343999742119
01-Aug-2026 01:36:02,-172.738192945669,-44.6312059991527,0,25,25,25,6,-44.6312059991527
01-Aug-2026 01:36:04,-172.3969767562,-44.2899898096845,0,25,25,25,7,-44.2899898096845
01-Aug-2026 01:36:06,-174.237465898211,-46.1304789516955,0,24,24,24,6,-46.1304789516955
01-Aug-2026 01:36:08,-173.98370794348,-45.8767209969639,0,24,24,24,6,-45.8767209969639
01-Aug-2026 01:36:10,-173.938547825801,-45.8315608792848,0,24,24,24,6,-45.8315608792848
01-Aug-2026 01:36:12,-173.047963794619,-44.9409768481027,0,24,24,24,7,-44.9409768481027
01-Aug-2026 01:36:14,-172.678163089646,-44.5711761431298,0,24,24,24,5,-44.5711761431298
01-Aug-2026 01:36:16,-172.908022919035,-44.8010359725194,0,24,24,24,5,-44.8010359725194
01-Aug-2026 01:36:18,-172.51180228339,-44.4048153368737,0,24,24,24,5,-44.4048153368737
01-Aug-2026 01:36:20,-173.084409340049,-44.9774223935327,0,24,24,24,4,-44.9774223935327
01-Aug-2026 01:36:22,-173.23432273064,-45.1273357841246,0,24,24,24,5,-45.1273357841246
01-Aug-2026 01:36:24,-172.941565006197,-44.8345780596816,0,24,24,24,6,-44.8345780596816
01-Aug-2026 01:36:26,-173.248487775516,-45.1415008289999,0,24,24,24,6,-45.1415008289999
01-Aug-2026 01:36:28,-173.428568382949,-45.3215814364331,0,24,24,24,6,-45.3215814364331
01-Aug-2026 01:36:30,-173.358336117151,-45.2513491706348,0,24,24,24,7,-45.2513491706348
01-Aug-2026 01:36:32,-172.764728991568,-44.6577420450518,0,25,25,25,9,-44.6577420450518
01-Aug-2026 01:36:34,-173.182902840562,-45.0759158940465,0,25,25,25,9,-45.0759158940465
01-Aug-2026 01:36:36,-172.761094976025,-44.6541080295094,0,25,25,25,9,-44.6541080295094
01-Aug-2026 01:36:38,-172.173196907001,-44.0662099604848,0,25,25,25,9,-44.0662099604848
01-Aug-2026 01:36:40,-172.851727981337,-44.7447410348215,0,25,25,25,9,-44.7447410348215
01-Aug-2026 01:36:42,-172.405037553598,-44.298050607082,0,25,25,25,11,-44.298050607082
01-Aug-2026 01:36:44,-172.02431971579,-43.9173327692739,0,25,25,25,11,-43.9173327692739
01-Aug-2026 01:36:46,-171.133110470425,-43.0261235239096,0,25,25,25,11,-43.0261235239096
01-Aug-2026 01:36:48,-169.948604049761,-41.8416171032456,0,24,24,24,8,-41.8416171032456
01-Aug-2026 01:36:50,-168.323696878721,-40.2167099322048,0,24,24,24,8,-40.2167099322048
01-Aug-2026 01:36:52,-166.702260838186,-38.5952738916701,0,24,24,24,8,-38.5952738916701
01-Aug-2026 01:36:54,-163.847086934597,-35.740099988081,0,24,24,24,8,-35.740099988081
01-Aug-2026 01:36:56,-160.674456445342,-32.5674694988264,0,24,24,24,7,-32.5674694988264
01-Aug-2026 01:36:58,-157.379348049461,-29.272361102945,0,24,24,24,6,-29.272361102945
01-Aug-2026 01:37:00,-154.490225491831,-26.3832385453151,0,24,24,24,6,-26.3832385453151
01-Aug-2026 01:37:02,-151.451930528111,-23.3449435815953,0,24,24,24,6,-23.3449435815953
01-Aug-2026 01:37:04,-149.215239872787,-21.108252926271,0,25,25,25,6,-21.108252926271
01-Aug-2026 01:37:06,-147.979180230841,-19.8721932843248,0,24,24,24,4,-19.8721932843248
01-Aug-2026 01:37:08,-149.220652014271,-21.1136650677551,0,24,24,24,4,-21.1136650677551
01-Aug-2026 01:37:10,-150.839157098906,-22.7321701523898,0,24,24,24,4,-22.7321701523898
01-Aug-2026 01:37:12,-154.055890548477,-25.9489036019612,0,24,24,24,4,-25.9489036019612
01-Aug-2026 01:37:14,-157.907557461782,-29.8005705152659,0,24,24,24,5,-29.8005705152659
01-Aug-2026 01:37:16,-161.409567985814,-33.3025810392986,0,25,25,25,5,-33.3025810392986
01-Aug-2026 01:37:18,-164.399280959571,-36.292294013055,0,25,25,25,4,-36.292294013055
01-Aug-2026 01:37:20,-167.63051891429,-39.5235319677743,0,25,25,25,4,-39.5235319677743
01-Aug-2026 01:37:22,-170.704589556543,-42.5976026100268,0,25,25,25,4,-42.5976026100268
01-Aug-2026 01:37:24,-173.611675673408,-45.5046887268918,0,24,24,24,3,-45.5046887268918
01-Aug-2026 01:37:26,-176.549218178536,-48.44223123202,0,24,24,24,4,-48.44223123202
01-Aug-2026 01:37:28,-173.861546142788,-45.7545591962718,0,24,24,24,4,-45.7545591962718
01-Aug-2026 01:37:30,-174.306219417565,-46.1992324710495,0,24,24,24,4,-46.1992324710495
01-Aug-2026 01:37:32,-174.751563872301,-46.6445769257855,0,24,24,24,4,-46.6445769257855
01-Aug-2026 01:37:34,-175.086609720643,-46.9796227741268,0,24,24,24,4,-46.9796227741268
01-Aug-2026 01:37:36,-175.65485182536,-47.5478648788445,0,24,24,24,4,-47.5478648788445
01-Aug-2026 01:37:38,-176.216474530977,-48.109487584461,0,24,24,24,5,-48.109487584461
01-Aug-2026 01:37:40,-176.999714503657,-48.892727557141,0,23,23,23,5,-48.892727557141
01-Aug-2026 01:37:42,-176.916886664064,-48.8098997175485,0,24,24,24,4,-48.8098997175485
01-Aug-2026 01:37:44,-176.201474257798,-48.0944873112824,0,24,24,24,5,-48.0944873112824
01-Aug-2026 01:37:46,-176.573534813144,-48.4665478666286,0,25,25,25,6,-48.4665478666286
01-Aug-2026 01:37:48,-175.130598218236,-47.0236112717206,0,25,25,25,7,-47.0236112717206
01-Aug-2026 01:37:50,-175.048057811013,-46.9410708644974,0,25,25,25,8,-46.9410708644974
01-Aug-2026 01:37:52,-175.288325193233,-47.1813382467172,0,25,25,25,7,-47.1813382467172
01-Aug-2026 01:37:54,-175.32213721278,-47.2151502662642,0,25,25,25,7,-47.2151502662642
01-Aug-2026 01:37:56,-177.113492387519,-49.006505441003,0,25,25,25,6,-49.006505441003
01-Aug-2026 01:37:58,-177.238087775104,-49.1311008285879,0,25,25,25,7,-49.1311008285879
01-Aug-2026 01:38:00,-176.706667621307,-48.5996806747914,0,25,25,25,7,-48.5996806747914
01-Aug-2026 01:38:02,-177.098380228228,-48.991393281712,0,25,25,25,7,-48.991393281712
01-Aug-2026 01:38:04,-179.175675147489,-51.0686882009734,0,26,26,26,7,-51.0686882009734
01-Aug-2026 01:38:06,-179.596719228625,-51.489732282109,0,26,26,26,4,-51.489732282109
01-Aug-2026 01:38:08,-179.611403902666,-51.5044169561498,0,26,26,26,4,-51.5044169561498
01-Aug-2026 01:38:10,-178.789391825262,-50.6824048787456,0,26,26,26,4,-50.6824048787456
01-Aug-2026 01:38:12,-178.584678051723,-50.4776911052069,0,26,26,26,4,-50.4776911052069
01-Aug-2026 01:38:14,-178.50607226166,-50.399085315144,0,25,25,25,5,-50.399085315144
01-Aug-2026 01:38:16,-187.926637523164,-59.8196505766485,0,25,25,25,4,-59.8196505766485
01-Aug-2026 01:38:18,-187.772793995394,-59.6658070488782,0,25,25,25,5,-59.6658070488782
01-Aug-2026 01:38:20,-187.755095360055,-59.6481084135389,0,25,25,25,5,-59.6481084135389
01-Aug-2026 01:38:22,-187.814013752522,-59.7070268060066,0,25,25,25,5,-59.7070268060066
01-Aug-2026 01:38:24,-187.191671673362,-59.084684726846,0,25,25,25,6,-59.084684726846
01-Aug-2026 01:38:26,-186.239818335068,-58.1328313885519,0,25,25,25,6,-58.1328313885519
01-Aug-2026 01:38:28,-178.847381199262,-50.7403942527463,0,25,25,25,7,-50.7403942527463
01-Aug-2026 01:38:30,-178.151978976371,-50.0449920298548,0,25,25,25,6,-50.0449920298548
01-Aug-2026 01:38:32,-177.155708850113,-49.0487219035974,0,25,25,25,6,-49.0487219035974
01-Aug-2026 01:38:34,-176.248509953091,-48.1415230065749,0,25,25,25,6,-48.1415230065749
01-Aug-2026 01:38:36,-176.263176543979,-48.1561895974632,0,25,25,25,5,-48.1561895974632
01-Aug-2026 01:38:38,-176.551658818655,-48.4446718721393,0,25,25,25,5,-48.4446718721393
01-Aug-2026 01:38:40,-177.031292778748,-48.9243058322323,0,25,25,25,4,-48.9243058322323
01-Aug-2026 01:38:42,-177.90853556323,-49.8015486167144,0,25,25,25,5,-49.8015486167144
01-Aug-2026 01:38:44,-176.938278154668,-48.8312912081526,0,25,25,25,5,-48.8312912081526
01-Aug-2026 01:38:46,-176.946129215599,-48.8391422690835,0,25,25,25,6,-48.8391422690835
01-Aug-2026 01:38:48,-176.640074890095,-48.5330879435796,0,25,25,25,6,-48.5330879435796
01-Aug-2026 01:38:50,-174.496567609134,-46.3895806626186,0,25,25,25,7,-46.3895806626186
01-Aug-2026 01:38:52,-174.257129691843,-46.1501427453276,0,25,25,25,6,-46.1501427453276
01-Aug-2026 01:38:54,-178.655880021375,-50.5488930748596,0,25,25,25,6,-50.5488930748596
01-Aug-2026 01:38:56,-177.457797061307,-49.3508101147916,0,25,25,25,7,-49.3508101147916
01-Aug-2026 01:38:58,-173.427754667819,-45.3207677213033,0,26,26,26,7,-45.3207677213033
01-Aug-2026 01:39:00,-173.469225031988,-45.3622380854717,0,26,26,26,7,-45.3622380854717
01-Aug-2026 01:39:02,-173.509220713131,-45.4022337666147,0,26,26,26,6,-45.4022337666147
01-Aug-2026 01:39:04,-173.648348286994,-45.5413613404783,0,26,26,26,6,-45.5413613404783
01-Aug-2026 01:39:06,-173.764710163249,-45.657723216733,0,26,26,26,5,-45.657723216733
01-Aug-2026 01:39:08,-173.703703203675,-45.5967162571594,0,26,26,26,6,-45.5967162571594
01-Aug-2026 01:39:10,-174.022847653652,-45.9158607071361,0,27,27,27,7,-45.9158607071361
01-Aug-2026 01:39:12,-173.643983164545,-45.5369962180293,0,25,25,25,7,-45.5369962180293
01-Aug-2026 01:39:14,-176.763258628609,-48.6562716820934,0,25,25,25,5,-48.6562716820934
01-Aug-2026 01:39:16,-176.466170616094,-48.359183669578,0,25,25,25,5,-48.359183669578
01-Aug-2026 01:39:18,-176.460299143442,-48.3533121969263,0,25,25,25,5,-48.3533121969263
01-Aug-2026 01:39:20,-174.464991008184,-46.358004061668,0,25,25,25,6,-46.358004061668
01-Aug-2026 01:39:22,-175.767459312143,-47.660472365627,0,26,26,26,3,-47.660472365627
01-Aug-2026 01:39:24,-175.11279787025,-47.0058109237341,0,26,26,26,3,-47.0058109237341
01-Aug-2026 01:39:26,-174.758229649554,-46.6512427030385,0,25,25,25,4,-46.6512427030385
01-Aug-2026 01:39:28,-174.757202991833,-46.6502160453169,0,24,24,24,3,-46.6502160453169
01-Aug-2026 01:39:30,-175.113435924644,-47.0064489781279,0,24,24,24,3,-47.0064489781279
01-Aug-2026 01:39:32,-168.723719337133,-40.6167323906172,0,24,24,24,4,-40.6167323906172
01-Aug-2026 01:39:34,-168.164915237142,-40.0579282906266,0,24,24,24,4,-40.0579282906266
01-Aug-2026 01:39:36,-168.287462857991,-40.1804759114747,0,24,24,24,5,-40.1804759114747
01-Aug-2026 01:39:38,-167.942806735605,-39.8358197890893,0,24,24,24,5,-39.8358197890893
01-Aug-2026 01:39:40,-167.908343563776,-39.8013566172598,0,24,24,24,4,-39.8013566172598
01-Aug-2026 01:39:42,-168.04980964147,-39.9428226949539,0,25,25,25,4,-39.9428226949539
01-Aug-2026 01:39:44,-169.626172990895,-41.5191860443794,0,24,24,24,2,-41.5191860443794
01-Aug-2026 01:39:46,-170.303763963997,-42.1967770174814,0,24,24,24,2,-42.1967770174814
01-Aug-2026 01:39:48,-170.714253177038,-42.6072662305222,0,24,24,24,2,-42.6072662305222
01-Aug-2026 01:39:50,-170.865375506388,-42.7583885598719,0,24,24,24,1,-42.7583885598719
01-Aug-2026 01:39:52,-170.649324725491,-42.542337778975,0,24,24,24,3,-42.542337778975
01-Aug-2026 01:39:54,-170.950648556544,-42.8436616100277,0,24,24,24,3,-42.8436616100277
01-Aug-2026 01:39:56,-171.256499000037,-43.149512053521,0,24,24,24,3,-43.149512053521
01-Aug-2026 01:39:58,-171.93769307361,-43.8307061270937,0,24,24,24,3,-43.8307061270937
01-Aug-2026 01:40:00,-171.681327605591,-43.5743406590756,0,24,24,24,5,-43.5743406590756
01-Aug-2026 01:40:02,-172.540624778026,-44.4336378315097,0,24,24,24,5,-44.4336378315097
01-Aug-2026 01:40:04,-172.300074836328,-44.1930878898126,0,24,24,24,5,-44.1930878898126
01-Aug-2026 01:40:06,-172.383352578861,-44.2763656323454,0,24,24,24,5,-44.2763656323454
01-Aug-2026 01:40:08,-172.289648880125,-44.1826619336094,0,24,24,24,6,-44.1826619336094
01-Aug-2026 01:40:10,-172.890376775947,-44.7833898294312,0,24,24,24,6,-44.7833898294312
01-Aug-2026 01:40:12,-172.509147761572,-44.4021608150562,0,24,24,24,5,-44.4021608150562
01-Aug-2026 01:40:14,-173.014192611378,-44.9072056648624,0,24,24,24,6,-44.9072056648624
01-Aug-2026 01:40:16,-173.594712344467,-45.4877253979512,0,24,24,24,6,-45.4877253979512
01-Aug-2026 01:40:18,-172.605643614772,-44.4986566682565,0,25,25,25,8,-44.4986566682565
01-Aug-2026 01:40:20,-173.173357500151,-45.0663705536348,0,25,25,25,8,-45.0663705536348
01-Aug-2026 01:40:22,-172.679796927203,-44.5728099806869,0,25,25,25,8,-44.5728099806869
01-Aug-2026 01:40:24,-173.220232764003,-45.1132458174869,0,25,25,25,8,-45.1132458174869
01-Aug-2026 01:40:26,-172.956626599596,-44.8496396530799,0,25,25,25,10,-44.8496396530799
01-Aug-2026 01:40:28,-172.385343052212,-44.2783561056959,0,25,25,25,11,-44.2783561056959
01-Aug-2026 01:40:30,-181.925073661559,-53.8180867150433,0,25,25,25,11,-53.8180867150433
01-Aug-2026 01:40:32,-183.545841873341,-55.4388549268247,0,25,25,25,9,-55.4388549268247
01-Aug-2026 01:40:34,-183.677155469797,-55.5701685232815,0,25,25,25,9,-55.5701685232815
01-Aug-2026 01:40:36,-183.771222496591,-55.6642355500752,0,25,25,25,9,-55.6642355500752
01-Aug-2026 01:40:38,-186.337728341526,-58.23074139501,0,25,25,25,8,-58.23074139501
01-Aug-2026 01:40:40,-186.226824725268,-58.1198377787524,0,25,25,25,8,-58.1198377787524
01-Aug-2026 01:40:42,-187.672893240778,-59.5659062942622,0,25,25,25,5,-59.5659062942622
01-Aug-2026 01:40:44,-186.030424985965,-57.9234380394494,0,25,25,25,7,-57.9234380394494
01-Aug-2026 01:40:46,-186.185951564518,-58.0789646180017,0,25,25,25,6,-58.0789646180017
01-Aug-2026 01:40:48,-186.148908092555,-58.0419211460389,0,24,24,24,6,-58.0419211460389
01-Aug-2026 01:40:50,-186.195746174647,-58.0887592281307,0,24,24,24,6,-58.0887592281307
01-Aug-2026 01:40:52,-188.161749533805,-60.054762587289,0,25,25,25,5,-60.054762587289
01-Aug-2026 01:40:54,-187.895645079566,-59.7886581330504,0,25,25,25,6,-59.7886581330504
01-Aug-2026 01:40:56,-187.96379198709,-59.8568050405743,0,25,25,25,6,-59.8568050405743
01-Aug-2026 01:40:58,-188.065522142064,-59.9585351955477,0,25,25,25,6,-59.9585351955477
01-Aug-2026 01:41:00,-186.197260543868,-58.0902735973526,0,24,24,24,7,-58.0902735973526
01-Aug-2026 01:41:02,-186.48525640049,-58.3782694539745,0,24,24,24,7,-58.3782694539745
01-Aug-2026 01:41:04,-179.407962626154,-51.3009756796381,0,25,25,25,6,-51.3009756796381
01-Aug-2026 01:41:06,-178.432425856205,-50.3254389096893,0,25,25,25,6,-50.3254389096893
01-Aug-2026 01:41:08,-177.449690879294,-49.342703932778,0,25,25,25,6,-49.342703932778
01-Aug-2026 01:41:10,-177.846152779487,-49.7391658329716,0,25,25,25,7,-49.7391658329716
01-Aug-2026 01:41:12,-178.04377550134,-49.9367885548241,0,25,25,25,7,-49.9367885548241
01-Aug-2026 01:41:14,-189.643858313433,-61.5368713669168,0,25,25,25,6,-61.5368713669168
01-Aug-2026 01:41:16,-189.644673228368,-61.5376862818523,0,24,24,24,6,-61.5376862818523
01-Aug-2026 01:41:18,-183.805654272923,-55.6986673264072,0,24,24,24,6,-55.6986673264072
01-Aug-2026 01:41:20,-184.520300830002,-56.4133138834859,0,24,24,24,6,-56.4133138834859
01-Aug-2026 01:41:22,-186.217922814571,-58.1109358680549,0,24,24,24,5,-58.1109358680549
01-Aug-2026 01:41:24,-186.406767303334,-58.2997803568178,0,24,24,24,5,-58.2997803568178
01-Aug-2026 01:41:26,-186.583294587395,-58.4763076408794,0,24,24,24,5,-58.4763076408794
01-Aug-2026 01:41:28,-187.285692542418,-59.1787055959017,0,24,24,24,4,-59.1787055959017
01-Aug-2026 01:41:30,-181.873041460395,-53.7660545138788,0,23,23,23,5,-53.7660545138788
01-Aug-2026 01:41:32,-187.261154899635,-59.1541679531196,0,23,23,23,4,-59.1541679531196
01-Aug-2026 01:41:34,-187.930042668359,-59.8230557218435,0,25,25,25,4,-59.8230557218435
01-Aug-2026 01:41:36,-189.267895334301,-61.1609083877851,0,25,25,25,3,-61.1609083877851
01-Aug-2026 01:41:38,-189.390441166354,-61.2834542198377,0,25,25,25,3,-61.2834542198377
01-Aug-2026 01:41:40,-189.554092444411,-61.4471054978953,0,25,25,25,3,-61.4471054978953
01-Aug-2026 01:41:42,-189.533012470329,-61.4260255238135,0,25,25,25,3,-61.4260255238135
01-Aug-2026 01:41:44,-167.438997234675,-39.3320102881593,0,25,25,25,4,-39.3320102881593
01-Aug-2026 01:41:46,-189.896311777005,-61.7893248304893,0,25,25,25,3,-61.7893248304893
01-Aug-2026 01:41:48,-168.030630182401,-39.9236432358849,0,25,25,25,4,-39.9236432358849
01-Aug-2026 01:41:50,-187.350962596114,-59.243975649598,0,25,25,25,3,-59.243975649598
01-Aug-2026 01:41:52,-187.62972084635,-59.5227338998346,0,25,25,25,3,-59.5227338998346
01-Aug-2026 01:41:54,-188.122617763073,-60.0156308165574,0,25,25,25,3,-60.0156308165574
01-Aug-2026 01:41:56,-188.768657211491,-60.6616702649753,0,25,25,25,3,-60.6616702649753
01-Aug-2026 01:41:58,-188.081113831959,-59.9741268854427,0,26,26,26,4,-59.9741268854427
01-Aug-2026 01:42:00,-187.822085961501,-59.7150990149854,0,26,26,26,4,-59.7150990149854
01-Aug-2026 01:42:02,-187.897840735417,-59.7908537889006,0,26,26,26,4,-59.7908537889006
01-Aug-2026 01:42:04,-187.943450331957,-59.8364633854408,0,26,26,26,4,-59.8364633854408
01-Aug-2026 01:42:06,-187.067388563903,-58.9604016173876,0,25,25,25,5,-58.9604016173876
01-Aug-2026 01:42:08,-186.909457738974,-58.8024707924579,0,25,25,25,4,-58.8024707924579
01-Aug-2026 01:42:10,-185.182663300772,-57.0756763542559,0,25,25,25,5,-57.0756763542559
01-Aug-2026 01:42:12,-185.343377277199,-57.2363903306827,0,25,25,25,5,-57.2363903306827
01-Aug-2026 01:42:14,-185.751574766077,-57.6445878195611,0,25,25,25,5,-57.6445878195611
01-Aug-2026 01:42:16,-185.162866308985,-57.0558793624692,0,25,25,25,5,-57.0558793624692
01-Aug-2026 01:42:18,-184.091713749866,-55.9847268033506,0,25,25,25,6,-55.9847268033506
01-Aug-2026 01:42:20,-184.20568195222,-56.0986950057046,0,25,25,25,6,-56.0986950057046
01-Aug-2026 01:42:22,-184.397477617593,-56.2904906710776,0,25,25,25,6,-56.2904906710776
01-Aug-2026 01:42:24,-184.71962757601,-56.6126406294942,0,25,25,25,5,-56.6126406294942
01-Aug-2026 01:42:26,-184.310766312562,-56.203779366046,0,25,25,25,5,-56.203779366046
01-Aug-2026 01:42:28,-181.091201562759,-52.9842146162429,0,25,25,25,7,-52.9842146162429
01-Aug-2026 01:42:30,-180.794794700795,-52.6878077542792,0,25,25,25,7,-52.6878077542792
01-Aug-2026 01:42:32,-180.979567250621,-52.8725803041053,0,26,26,26,7,-52.8725803041053
01-Aug-2026 01:42:34,-181.069334320735,-52.9623473742188,0,26,26,26,7,-52.9623473742188
01-Aug-2026 01:42:36,-181.687047513755,-53.5800605672391,0,26,26,26,6,-53.5800605672391
01-Aug-2026 01:42:38,-181.888293244516,-53.7813062979997,0,26,26,26,6,-53.7813062979997
01-Aug-2026 01:42:40,-181.706967835647,-53.599980889131,0,26,26,26,6,-53.599980889131
01-Aug-2026 01:42:42,-181.622615396847,-53.5156284503313,0,26,26,26,6,-53.5156284503313
01-Aug-2026 01:42:44,-181.808281592137,-53.7012946456216,0,26,26,26,6,-53.7012946456216
01-Aug-2026 01:42:46,-173.054971089186,-44.9479841426698,0,26,26,26,7,-44.9479841426698
01-Aug-2026 01:42:48,-173.090452373629,-44.9834654271128,0,26,26,26,7,-44.9834654271128
01-Aug-2026 01:42:50,-173.119801089879,-45.0128141433632,0,26,26,26,7,-45.0128141433632
01-Aug-2026 01:42:52,-173.518904718495,-45.4119177719795,0,26,26,26,6,-45.4119177719795
01-Aug-2026 01:42:54,-173.122318476707,-45.015331530191,0,26,26,26,6,-45.015331530191
01-Aug-2026 01:42:56,-173.322761615255,-45.2157746687391,0,26,26,26,5,-45.2157746687391
01-Aug-2026 01:42:58,-173.361142062594,-45.2541551160785,0,24,24,24,4,-45.2541551160785
01-Aug-2026 01:43:00,-173.323780568743,-45.2167936222272,0,24,24,24,4,-45.2167936222272
01-Aug-2026 01:43:02,-173.15333618983,-45.0463492433138,0,25,25,25,3,-45.0463492433138
01-Aug-2026 01:43:04,-172.903391272988,-44.7964043264721,0,25,25,25,3,-44.7964043264721
01-Aug-2026 01:43:06,-172.932123267028,-44.8251363205125,0,25,25,25,3,-44.8251363205125
01-Aug-2026 01:43:08,-173.229648548364,-45.1226616018486,0,25,25,25,3,-45.1226616018486
01-Aug-2026 01:43:10,-172.957774165833,-44.8507872193168,0,25,25,25,4,-44.8507872193168
01-Aug-2026 01:43:12,-172.910019287484,-44.8030323409678,0,26,26,26,4,-44.8030323409678
01-Aug-2026 01:43:14,-172.734020661511,-44.6270337149952,0,25,25,25,3,-44.6270337149952
01-Aug-2026 01:43:16,-172.196991958734,-44.0900050122184,0,25,25,25,3,-44.0900050122184
01-Aug-2026 01:43:18,-172.109245693052,-44.0022587465366,0,25,25,25,2,-44.0022587465366
01-Aug-2026 01:43:20,-172.116740836704,-44.0097538901877,0,24,24,24,2,-44.0097538901877
01-Aug-2026 01:43:22,-172.433576489275,-44.3265895427587,0,24,24,24,2,-44.3265895427587
01-Aug-2026 01:43:24,-172.512542880654,-44.4055559341386,0,24,24,24,2,-44.4055559341386
01-Aug-2026 01:43:26,-172.887253199409,-44.7802662528935,0,24,24,24,2,-44.7802662528935
01-Aug-2026 01:43:28,-172.656203845768,-44.5492168992522,0,24,24,24,2,-44.5492168992522
01-Aug-2026 01:43:30,-172.325905688544,-44.218918742028,0,24,24,24,3,-44.218918742028
01-Aug-2026 01:43:32,-171.939909903519,-43.8329229570036,0,25,25,25,3,-43.8329229570036
01-Aug-2026 01:43:34,-171.928606189439,-43.8216192429234,0,25,25,25,2,-43.8216192429234
01-Aug-2026 01:43:36,-172.829180382805,-44.7221934362895,0,24,24,24,2,-44.7221934362895
01-Aug-2026 01:43:38,-172.356032545901,-44.2490455993855,0,24,24,24,2,-44.2490455993855
01-Aug-2026 01:43:40,-173.008530055911,-44.9015431093949,0,23,23,23,2,-44.9015431093949
01-Aug-2026 01:43:42,-172.674940068441,-44.5679531219247,0,23,23,23,2,-44.5679531219247
01-Aug-2026 01:43:44,-198.25691177807,-70.1499248315544,0,23,23,23,1,-70.1499248315544
01-Aug-2026 01:43:46,-192.355137002975,-64.248150056459,0,24,24,24,2,-64.248150056459
01-Aug-2026 01:43:48,-192.79663842034,-64.6896514738241,0,24,24,24,2,-64.6896514738241
01-Aug-2026 01:43:50,-194.551341491064,-66.444354544548,0,24,24,24,1,-66.444354544548
01-Aug-2026 01:43:52,-170.913346097194,-42.8063591506781,0,24,24,24,2,-42.8063591506781
01-Aug-2026 01:43:54,-170.245654939833,-42.1386679933167,0,24,24,24,3,-42.1386679933167
01-Aug-2026 01:43:56,-169.966088096475,-41.8591011499594,0,24,24,24,4,-41.8591011499594
01-Aug-2026 01:43:58,-169.994123643074,-41.8871366965586,0,24,24,24,2,-41.8871366965586
01-Aug-2026 01:44:00,-169.848872409883,-41.7418854633669,0,24,24,24,2,-41.7418854633669
01-Aug-2026 01:44:02,-193.302149308545,-65.1951623620288,0,24,24,24,1,-65.1951623620288
01-Aug-2026 01:44:04,-3076.52655568589,-2948.41956873937,0,24,24,24,0,-2948.41956873937
01-Aug-2026 01:44:06,-3076.52655568589,-2948.41956873937,0,25,25,25,0,-2948.41956873937
01-Aug-2026 01:44:08,-3076.52655568589,-2948.41956873937,0,25,25,25,0,-2948.41956873937
01-Aug-2026 01:44:10,-3076.52655568589,-2948.41956873937,0,25,25,25,0,-2948.41956873937
01-Aug-2026 01:44:12,-3076.52655568589,-2948.41956873937,0,25,25,25,0,-2948.41956873937
01-Aug-2026 01:44:14,-3076.52655568589,-2948.41956873937,0,25,25,25,0,-2948.41956873937
01-Aug-2026 01:44:16,-3076.52655568589,-2948.41956873937,0,25,25,25,0,-2948.41956873937
01-Aug-2026 01:44:18,-3076.52655568589,-2948.41956873937,0,25,25,25,0,-2948.41956873937
01-Aug-2026 01:44:20,-173.74240529159,-45.6354183450739,0,25,25,25,1,-45.6354183450739
01-Aug-2026 01:44:22,-173.159963551202,-45.0529766046859,0,25,25,25,2,-45.0529766046859
01-Aug-2026 01:44:24,-173.310830461825,-45.2038435153094,0,25,25,25,2,-45.2038435153094
01-Aug-2026 01:44:26,-189.166203149021,-61.0592162025048,0,25,25,25,4,-61.0592162025048
01-Aug-2026 01:44:28,-188.96025467182,-60.8532677253042,0,25,25,25,4,-60.8532677253042
01-Aug-2026 01:44:30,-188.445911770812,-60.3389248242964,0,25,25,25,4,-60.3389248242964
01-Aug-2026 01:44:32,-186.124628223002,-58.0176412764857,0,25,25,25,5,-58.0176412764857
01-Aug-2026 01:44:34,-186.040681481497,-57.9336945349815,0,25,25,25,5,-57.9336945349815
01-Aug-2026 01:44:36,-185.116033891869,-57.0090469453535,0,25,25,25,6,-57.0090469453535
01-Aug-2026 01:44:38,-185.367876490553,-57.2608895440368,0,25,25,25,5,-57.2608895440368
01-Aug-2026 01:44:40,-185.107805420686,-57.0008184741703,0,25,25,25,5,-57.0008184741703
01-Aug-2026 01:44:42,-185.250351191025,-57.1433642445091,0,26,26,26,5,-57.1433642445091
01-Aug-2026 01:44:44,-184.751018858938,-56.6440319124218,0,26,26,26,6,-56.6440319124218
01-Aug-2026 01:44:46,-181.550152449229,-53.4431655027132,0,26,26,26,7,-53.4431655027132
01-Aug-2026 01:44:48,-180.821479886274,-52.7144929397577,0,25,25,25,9,-52.7144929397577
01-Aug-2026 01:44:50,-180.617510170129,-52.5105232236136,0,25,25,25,10,-52.5105232236136
01-Aug-2026 01:44:52,-180.128250859467,-52.0212639129512,0,24,24,24,10,-52.0212639129512
01-Aug-2026 01:44:54,-179.894986620427,-51.7879996739113,0,25,25,25,11,-51.7879996739113
01-Aug-2026 01:44:56,-182.29903418743,-54.1920472409142,0,25,25,25,10,-54.1920472409142
01-Aug-2026 01:44:58,-182.56381054567,-54.4568235991539,0,25,25,25,9,-54.4568235991539
01-Aug-2026 01:45:00,-183.9457285285,-55.8387415819842,0,25,25,25,6,-55.8387415819842
01-Aug-2026 01:45:02,-184.080776050712,-55.9737891041958,0,25,25,25,6,-55.9737891041958
01-Aug-2026 01:45:04,-184.387893892649,-56.280906946133,0,25,25,25,6,-56.280906946133
01-Aug-2026 01:45:06,-184.693387684281,-56.5864007377656,0,25,25,25,5,-56.5864007377656
01-Aug-2026 01:45:08,-184.949591740968,-56.8426047944523,0,24,24,24,5,-56.8426047944523
01-Aug-2026 01:45:10,-185.151951285716,-57.0449643392,0,24,24,24,5,-57.0449643392
01-Aug-2026 01:45:12,-185.141621607639,-57.0346346611232,0,24,24,24,5,-57.0346346611232
01-Aug-2026 01:45:14,-185.490452740814,-57.3834657942985,0,24,24,24,5,-57.3834657942985
01-Aug-2026 01:45:16,-185.14405461187,-57.0370676653537,0,24,24,24,5,-57.0370676653537
01-Aug-2026 01:45:18,-185.284919149008,-57.1779322024924,0,24,24,24,5,-57.1779322024924
01-Aug-2026 01:45:20,-185.278445522711,-57.1714585761947,0,23,23,23,5,-57.1714585761947
01-Aug-2026 01:45:22,-186.797289162347,-58.6903022158314,0,24,24,24,4,-58.6903022158314
01-Aug-2026 01:45:24,-187.09440885502,-58.9874219085046,0,24,24,24,4,-58.9874219085046
01-Aug-2026 01:45:26,-186.167406805739,-58.0604198592227,0,25,25,25,5,-58.0604198592227
01-Aug-2026 01:45:28,-186.086829841995,-57.9798428954792,0,25,25,25,5,-57.9798428954792
01-Aug-2026 01:45:30,-181.806457838501,-53.6994708919847,0,25,25,25,6,-53.6994708919847
01-Aug-2026 01:45:32,-182.625978041704,-54.5189910951882,0,25,25,25,5,-54.5189910951882
01-Aug-2026 01:45:34,-187.862214789373,-59.7552278428574,0,25,25,25,4,-59.7552278428574
01-Aug-2026 01:45:36,-187.869703946724,-59.7627170002086,0,25,25,25,4,-59.7627170002086
01-Aug-2026 01:45:38,-187.65739738138,-59.5504104348645,0,25,25,25,4,-59.5504104348645
01-Aug-2026 01:45:40,-187.822905516361,-59.7159185698456,0,25,25,25,4,-59.7159185698456
01-Aug-2026 01:45:42,-185.539402260809,-57.4324153142935,0,25,25,25,5,-57.4324153142935
01-Aug-2026 01:45:44,-185.827731240742,-57.7207442942258,0,25,25,25,5,-57.7207442942258
01-Aug-2026 01:45:46,-185.48361461587,-57.3766276693544,0,25,25,25,6,-57.3766276693544
01-Aug-2026 01:45:48,-185.10699734074,-57.0000103942245,0,25,25,25,6,-57.0000103942245
01-Aug-2026 01:45:50,-178.883759915551,-50.7767729690348,0,25,25,25,6,-50.7767729690348
01-Aug-2026 01:45:52,-179.767717823314,-51.6607308767983,0,26,26,26,5,-51.6607308767983
01-Aug-2026 01:45:54,-179.464892054333,-51.3579051078169,0,26,26,26,5,-51.3579051078169
01-Aug-2026 01:45:56,-179.102569631075,-50.9955826845596,0,25,25,25,5,-50.9955826845596
01-Aug-2026 01:45:58,-178.140728891183,-50.0337419446671,0,25,25,25,6,-50.0337419446671
01-Aug-2026 01:46:00,-178.0841379454,-49.9771509988841,0,25,25,25,4,-49.9771509988841
01-Aug-2026 01:46:02,-178.212581826166,-50.1055948796499,0,25,25,25,3,-50.1055948796499
01-Aug-2026 01:46:04,-178.497554907666,-50.3905679611501,0,25,25,25,3,-50.3905679611501
01-Aug-2026 01:46:06,-178.02720994085,-49.9202229943338,0,26,26,26,5,-49.9202229943338
01-Aug-2026 01:46:08,-190.056644143643,-61.9496571971272,0,26,26,26,3,-61.9496571971272
01-Aug-2026 01:46:10,-189.702344738878,-61.5953577923624,0,26,26,26,3,-61.5953577923624
01-Aug-2026 01:46:12,-189.7451566513,-61.6381697047838,0,26,26,26,3,-61.6381697047838
01-Aug-2026 01:46:14,-189.837363327356,-61.7303763808404,0,26,26,26,2,-61.7303763808404
01-Aug-2026 01:46:16,-187.89732947913,-59.7903425326138,0,26,26,26,3,-59.7903425326138
01-Aug-2026 01:46:18,-187.625875609909,-59.5188886633933,0,26,26,26,4,-59.5188886633933
01-Aug-2026 01:46:20,-187.806629198008,-59.6996422514918,0,26,26,26,3,-59.6996422514918
01-Aug-2026 01:46:22,-187.5836165904,-59.4766296438837,0,26,26,26,3,-59.4766296438837
01-Aug-2026 01:46:24,-187.520346585285,-59.4133596387692,0,26,26,26,3,-59.4133596387692
01-Aug-2026 01:46:26,-187.338136275294,-59.2311493287785,0,26,26,26,3,-59.2311493287785
01-Aug-2026 01:46:28,-187.476583516785,-59.369596570269,0,26,26,26,3,-59.369596570269
01-Aug-2026 01:46:30,-186.972308320102,-58.8653213735857,0,26,26,26,3,-58.8653213735857
01-Aug-2026 01:46:32,-187.015075387485,-58.9080884409687,0,26,26,26,3,-58.9080884409687
01-Aug-2026 01:46:34,-186.572816796297,-58.4658298497814,0,26,26,26,3,-58.4658298497814
01-Aug-2026 01:46:36,-174.006359677572,-45.8993727310557,0,26,26,26,4,-45.8993727310557
01-Aug-2026 01:46:38,-173.045608708666,-44.9386217621505,0,26,26,26,4,-44.9386217621505
01-Aug-2026 01:46:40,-170.971531818693,-42.864544872177,0,26,26,26,5,-42.864544872177
01-Aug-2026 01:46:42,-171.211861640545,-43.1048746940288,0,25,25,25,5,-43.1048746940288
01-Aug-2026 01:46:44,-184.855380879726,-56.7483939332103,0,24,24,24,3,-56.7483939332103
01-Aug-2026 01:46:46,-161.712593139131,-33.6056061926153,0,24,24,24,4,-33.6056061926153
01-Aug-2026 01:46:48,-157.681332184269,-29.5743452377528,0,24,24,24,4,-29.5743452377528
01-Aug-2026 01:46:50,-153.762048973387,-25.6550620268711,0,24,24,24,4,-25.6550620268711
01-Aug-2026 01:46:52,-149.705814436399,-21.5988274898829,0,24,24,24,5,-21.5988274898829
01-Aug-2026 01:46:54,-144.376592738767,-16.2696057922514,0,25,25,25,4,-16.2696057922514
01-Aug-2026 01:46:56,-138.260636802862,-10.1536498563457,0,25,25,25,4,-10.1536498563457
01-Aug-2026 01:46:58,-177.891387856296,-49.7844009097805,0,25,25,25,3,-49.7844009097805
01-Aug-2026 01:47:00,-186.451628481718,-58.3446415352025,0,25,25,25,3,-58.3446415352025
01-Aug-2026 01:47:02,-187.140493847623,-59.0335069011076,0,25,25,25,2,-59.0335069011076
01-Aug-2026 01:47:04,-187.443318950411,-59.3363320038953,0,25,25,25,2,-59.3363320038953
01-Aug-2026 01:47:06,-187.007964858508,-58.9009779119918,0,25,25,25,2,-58.9009779119918
01-Aug-2026 01:47:08,-186.828198264759,-58.7212113182433,0,25,25,25,2,-58.7212113182433
01-Aug-2026 01:47:10,-186.476037220258,-58.3690502737421,0,25,25,25,3,-58.3690502737421
01-Aug-2026 01:47:12,-186.048076859724,-57.9410899132081,0,24,24,24,5,-57.9410899132081
01-Aug-2026 01:47:14,-175.723737075435,-47.6167501289191,0,24,24,24,6,-47.6167501289191
01-Aug-2026 01:47:16,-176.09594634342,-47.9889593969041,0,24,24,24,7,-47.9889593969041
01-Aug-2026 01:47:18,-175.823145679305,-47.7161587327888,0,24,24,24,7,-47.7161587327888
01-Aug-2026 01:47:20,-176.34020268555,-48.2332157390337,0,24,24,24,5,-48.2332157390337
01-Aug-2026 01:47:22,-176.455820936079,-48.3488339895632,0,24,24,24,4,-48.3488339895632
01-Aug-2026 01:47:24,-175.692647317336,-47.5856603708205,0,25,25,25,6,-47.5856603708205
01-Aug-2026 01:47:26,-175.966353267081,-47.8593663205656,0,24,24,24,6,-47.8593663205656
01-Aug-2026 01:47:28,-176.02450690303,-47.9175199565146,0,23,23,23,7,-47.9175199565146
01-Aug-2026 01:47:30,-176.276438835074,-48.1694518885586,0,23,23,23,6,-48.1694518885586
01-Aug-2026 01:47:32,-177.403102454143,-49.2961155076268,0,23,23,23,5,-49.2961155076268
01-Aug-2026 01:47:34,-178.136341095264,-50.0293541487478,0,23,23,23,5,-50.0293541487478
01-Aug-2026 01:47:36,-177.895328758086,-49.7883418115704,0,23,23,23,6,-49.7883418115704
01-Aug-2026 01:47:38,-178.338698454463,-50.231711507947,0,23,23,23,5,-50.231711507947
01-Aug-2026 01:47:40,-178.355958866762,-50.2489719202464,0,24,24,24,5,-50.2489719202464
01-Aug-2026 01:47:42,-178.814873769588,-50.7078868230717,0,24,24,24,5,-50.7078868230717
01-Aug-2026 01:47:44,-179.589418124543,-51.4824311780274,0,24,24,24,4,-51.4824311780274
01-Aug-2026 01:47:46,-180.009904605189,-51.9029176586735,0,24,24,24,4,-51.9029176586735
01-Aug-2026 01:47:48,-180.040151481038,-51.9331645345223,0,24,24,24,4,-51.9331645345223
01-Aug-2026 01:47:50,-179.826103144653,-51.7191161981373,0,24,24,24,4,-51.7191161981373
01-Aug-2026 01:47:52,-179.837277575184,-51.7302906286683,0,25,25,25,3,-51.7302906286683
01-Aug-2026 01:47:54,-179.852255657667,-51.7452687111513,0,25,25,25,3,-51.7452687111513
01-Aug-2026 01:47:56,-179.418013853658,-51.3110269071424,0,25,25,25,3,-51.3110269071424
01-Aug-2026 01:47:58,-179.648044064943,-51.5410571184276,0,25,25,25,3,-51.5410571184276
01-Aug-2026 01:48:00,-179.84763480266,-51.7406478561442,0,25,25,25,3,-51.7406478561442
01-Aug-2026 01:48:02,-180.174984590646,-52.0679976441305,0,25,25,25,3,-52.0679976441305
01-Aug-2026 01:48:04,-180.35135177522,-52.2443648287039,0,25,25,25,3,-52.2443648287039
01-Aug-2026 01:48:06,-180.274199618079,-52.1672126715634,0,25,25,25,4,-52.1672126715634
01-Aug-2026 01:48:08,-174.453418823323,-46.3464318768071,0,25,25,25,7,-46.3464318768071
01-Aug-2026 01:48:10,-173.980144493786,-45.8731575472699,0,25,25,25,6,-45.8731575472699
01-Aug-2026 01:48:12,-173.471045427179,-45.3640584806631,0,25,25,25,5,-45.3640584806631
01-Aug-2026 01:48:14,-173.274147495203,-45.1671605486873,0,25,25,25,5,-45.1671605486873
01-Aug-2026 01:48:16,-172.729165779238,-44.6221788327217,0,25,25,25,5,-44.6221788327217
01-Aug-2026 01:48:18,-172.112849794711,-44.0058628481952,0,25,25,25,5,-44.0058628481952
01-Aug-2026 01:48:20,-170.946129342055,-42.8391423955387,0,25,25,25,5,-42.8391423955387
01-Aug-2026 01:48:22,-170.372751887485,-42.265764940969,0,25,25,25,5,-42.265764940969
01-Aug-2026 01:48:24,-170.179974562164,-42.0729876156485,0,25,25,25,5,-42.0729876156485
01-Aug-2026 01:48:26,-169.1786720903,-41.0716851437844,0,25,25,25,5,-41.0716851437844
01-Aug-2026 01:48:28,-168.169750984994,-40.0627640384783,0,25,25,25,5,-40.0627640384783
01-Aug-2026 01:48:30,-165.874187500093,-37.7672005535769,0,26,26,26,7,-37.7672005535769
01-Aug-2026 01:48:32,-164.900418388154,-36.7934314416377,0,26,26,26,7,-36.7934314416377
01-Aug-2026 01:48:34,-169.182549909696,-41.0755629631803,0,26,26,26,6,-41.0755629631803
01-Aug-2026 01:48:36,-169.211020024111,-41.1040330775952,0,26,26,26,5,-41.1040330775952
01-Aug-2026 01:48:38,-169.031824142931,-40.924837196415,0,26,26,26,5,-40.924837196415
01-Aug-2026 01:48:40,-168.929725127421,-40.8227381809056,0,26,26,26,6,-40.8227381809056
01-Aug-2026 01:48:42,-168.836158455146,-40.7291715086297,0,27,27,27,6,-40.7291715086297
01-Aug-2026 01:48:44,-168.805398907439,-40.6984119609229,0,27,27,27,8,-40.6984119609229
01-Aug-2026 01:48:46,-168.964957663202,-40.857970716686,0,25,25,25,7,-40.857970716686
01-Aug-2026 01:48:48,-169.305704490087,-41.1987175435708,0,25,25,25,7,-41.1987175435708
01-Aug-2026 01:48:50,-176.132167921954,-48.0251809754386,0,25,25,25,6,-48.0251809754386
01-Aug-2026 01:48:52,-177.005261935634,-48.8982749891185,0,25,25,25,6,-48.8982749891185
01-Aug-2026 01:48:54,-176.677973293131,-48.5709863466151,0,25,25,25,7,-48.5709863466151
01-Aug-2026 01:48:56,-186.824055559673,-58.7170686131575,0,25,25,25,6,-58.7170686131575
01-Aug-2026 01:48:58,-187.71799217473,-59.6110052282141,0,25,25,25,5,-59.6110052282141
01-Aug-2026 01:49:00,-187.704821533132,-59.5978345866166,0,24,24,24,5,-59.5978345866166
01-Aug-2026 01:49:02,-187.941131264835,-59.8341443183193,0,24,24,24,5,-59.8341443183193
01-Aug-2026 01:49:04,-188.497197045917,-60.3902100994016,0,24,24,24,5,-60.3902100994016
01-Aug-2026 01:49:06,-188.400512938995,-60.2935259924796,0,24,24,24,4,-60.2935259924796
01-Aug-2026 01:49:08,-188.165931006376,-60.0589440598597,0,25,25,25,4,-60.0589440598597
01-Aug-2026 01:49:10,-188.423978278122,-60.3169913316065,0,25,25,25,3,-60.3169913316065
01-Aug-2026 01:49:12,-188.26645357233,-60.159466625814,0,24,24,24,3,-60.159466625814
01-Aug-2026 01:49:14,-188.247383274278,-60.1403963277618,0,24,24,24,3,-60.1403963277618
01-Aug-2026 01:49:16,-187.4790191633,-59.3720322167838,0,25,25,25,4,-59.3720322167838
01-Aug-2026 01:49:18,-184.774568428722,-56.6675814822066,0,25,25,25,4,-56.6675814822066
01-Aug-2026 01:49:20,-185.335383967228,-57.2283970207124,0,25,25,25,3,-57.2283970207124
01-Aug-2026 01:49:22,-190.160265022687,-62.0532780761716,0,25,25,25,2,-62.0532780761716
01-Aug-2026 01:49:24,-189.509693428855,-61.402706482339,0,25,25,25,3,-61.402706482339
01-Aug-2026 01:49:26,-190.056470247104,-61.949483300588,0,25,25,25,2,-61.949483300588
01-Aug-2026 01:49:28,-176.604787934984,-48.4978009884676,0,25,25,25,3,-48.4978009884676
01-Aug-2026 01:49:30,-177.029273576702,-48.922286630186,0,25,25,25,3,-48.922286630186
01-Aug-2026 01:49:32,-176.808497349443,-48.7015104029275,0,25,25,25,4,-48.7015104029275
01-Aug-2026 01:49:34,-176.561943997012,-48.4549570504965,0,25,25,25,5,-48.4549570504965
01-Aug-2026 01:49:36,-176.082909987934,-47.9759230414177,0,25,25,25,6,-47.9759230414177
01-Aug-2026 01:49:38,-176.51842510889,-48.4114381623744,0,25,25,25,6,-48.4114381623744
01-Aug-2026 01:49:40,-187.288192691648,-59.1812057451325,0,25,25,25,5,-59.1812057451325
01-Aug-2026 01:49:42,-186.861824313674,-58.7548373671582,0,26,26,26,6,-58.7548373671582
01-Aug-2026 01:49:44,-187.030913508844,-58.9239265623285,0,26,26,26,6,-58.9239265623285
01-Aug-2026 01:49:46,-186.356949466034,-58.2499625195185,0,27,27,27,7,-58.2499625195185
01-Aug-2026 01:49:48,-186.474222786365,-58.3672358398489,0,26,26,26,7,-58.3672358398489
01-Aug-2026 01:49:50,-186.486372125133,-58.3793851786176,0,26,26,26,7,-58.3793851786176
01-Aug-2026 01:49:52,-186.784284576488,-58.6772976299725,0,26,26,26,7,-58.6772976299725
01-Aug-2026 01:49:54,-186.690702390423,-58.5837154439067,0,26,26,26,7,-58.5837154439067
01-Aug-2026 01:49:56,-186.710767196311,-58.6037802497955,0,26,26,26,7,-58.6037802497955
01-Aug-2026 01:49:58,-186.844156660574,-58.7371697140578,0,26,26,26,7,-58.7371697140578
01-Aug-2026 01:50:00,-186.88719368899,-58.7802067424746,0,26,26,26,7,-58.7802067424746
01-Aug-2026 01:50:02,-186.948029369045,-58.8410424225293,0,26,26,26,6,-58.8410424225293
01-Aug-2026 01:50:04,-187.092507553207,-58.9855206066913,0,26,26,26,6,-58.9855206066913
01-Aug-2026 01:50:06,-187.27374619527,-59.1667592487537,0,26,26,26,6,-59.1667592487537
01-Aug-2026 01:50:08,-189.99656493288,-61.8895779863646,0,26,26,26,5,-61.8895779863646
01-Aug-2026 01:50:10,-177.135056695121,-49.0280697486053,0,26,26,26,6,-49.0280697486053
01-Aug-2026 01:50:12,-177.211166517589,-49.1041795710734,0,26,26,26,6,-49.1041795710734
01-Aug-2026 01:50:14,-177.399661730844,-49.2926747843284,0,26,26,26,6,-49.2926747843284
01-Aug-2026 01:50:16,-178.279217332848,-50.1722303863324,0,26,26,26,6,-50.1722303863324
01-Aug-2026 01:50:18,-177.014551919058,-48.907564972542,0,26,26,26,5,-48.907564972542
01-Aug-2026 01:50:20,-176.450983043754,-48.3439960972377,0,26,26,26,5,-48.3439960972377
01-Aug-2026 01:50:22,-177.308372962524,-49.2013860160084,0,26,26,26,5,-49.2013860160084
01-Aug-2026 01:50:24,-176.614019193099,-48.5070322465831,0,26,26,26,5,-48.5070322465831
01-Aug-2026 01:50:26,-176.301590284768,-48.1946033382523,0,26,26,26,3,-48.1946033382523
01-Aug-2026 01:50:28,-177.401341378903,-49.2943544323875,0,25,25,25,3,-49.2943544323875
01-Aug-2026 01:50:30,-176.849822255338,-48.7428353088218,0,24,24,24,2,-48.7428353088218
01-Aug-2026 01:50:32,-176.266080408129,-48.1590934616131,0,24,24,24,2,-48.1590934616131
01-Aug-2026 01:50:34,-175.190754678771,-47.083767732255,0,24,24,24,3,-47.083767732255
01-Aug-2026 01:50:36,-174.919740879709,-46.812753933193,0,24,24,24,3,-46.812753933193
01-Aug-2026 01:50:38,-174.692274675302,-46.5852877287865,0,24,24,24,2,-46.5852877287865
01-Aug-2026 01:50:40,-174.89564364393,-46.788656697414,0,24,24,24,2,-46.788656697414
01-Aug-2026 01:50:42,-174.237776556807,-46.1307896102908,0,24,24,24,2,-46.1307896102908
01-Aug-2026 01:50:44,-173.849100516076,-45.7421135695601,0,25,25,25,2,-45.7421135695601
01-Aug-2026 01:50:46,-173.193985836994,-45.0869988904779,0,25,25,25,2,-45.0869988904779
01-Aug-2026 01:50:48,-173.169478842719,-45.0624918962027,0,25,25,25,3,-45.0624918962027
01-Aug-2026 01:50:50,-172.740434321606,-44.6334473750897,0,24,24,24,4,-44.6334473750897
01-Aug-2026 01:50:52,-172.478132947094,-44.3711460005779,0,25,25,25,4,-44.3711460005779
01-Aug-2026 01:50:54,-172.871213395606,-44.7642264490904,0,25,25,25,3,-44.7642264490904
01-Aug-2026 01:50:56,-172.735576016562,-44.6285890700464,0,25,25,25,3,-44.6285890700464
01-Aug-2026 01:50:58,-187.864201318474,-59.7572143719578,0,25,25,25,3,-59.7572143719578
01-Aug-2026 01:51:00,-187.960404231005,-59.8534172844895,0,25,25,25,3,-59.8534172844895
01-Aug-2026 01:51:02,-186.757101246109,-58.6501142995929,0,25,25,25,4,-58.6501142995929
01-Aug-2026 01:51:04,-186.17174013815,-58.064753191634,0,24,24,24,4,-58.064753191634
01-Aug-2026 01:51:06,-185.976523008656,-57.8695360621406,0,24,24,24,3,-57.8695360621406
01-Aug-2026 01:51:08,-186.697802940384,-58.5908159938683,0,24,24,24,2,-58.5908159938683
01-Aug-2026 01:51:10,-197.447507217313,-69.3405202707974,0,24,24,24,1,-69.3405202707974
01-Aug-2026 01:51:12,-196.842157795216,-68.7351708487,0,24,24,24,2,-68.7351708487
01-Aug-2026 01:51:14,-197.072868495651,-68.9658815491354,0,24,24,24,2,-68.9658815491354
01-Aug-2026 01:51:16,-187.638064646315,-59.531077699799,0,24,24,24,3,-59.531077699799
01-Aug-2026 01:51:18,-186.831780483413,-58.7247935368974,0,24,24,24,3,-58.7247935368974
01-Aug-2026 01:51:20,-186.138665316877,-58.031678370361,0,23,23,23,3,-58.031678370361
01-Aug-2026 01:51:22,-186.07262589543,-57.9656389489143,0,23,23,23,3,-57.9656389489143
01-Aug-2026 01:51:24,-185.732090360068,-57.6251034135516,0,23,23,23,3,-57.6251034135516
01-Aug-2026 01:51:26,-196.079136594592,-67.9721496480766,0,23,23,23,2,-67.9721496480766
01-Aug-2026 01:51:28,-171.487356029909,-43.3803690833932,0,23,23,23,4,-43.3803690833932
01-Aug-2026 01:51:30,-171.158485348601,-43.0514984020853,0,23,23,23,4,-43.0514984020853
01-Aug-2026 01:51:32,-170.917234441027,-42.810247494511,0,23,23,23,4,-42.810247494511
01-Aug-2026 01:51:34,-170.96476710006,-42.8577801535444,0,24,24,24,4,-42.8577801535444
01-Aug-2026 01:51:36,-171.111528057037,-43.0045411105213,0,24,24,24,4,-43.0045411105213
01-Aug-2026 01:51:38,-170.936038447069,-42.8290515005533,0,24,24,24,5,-42.8290515005533
01-Aug-2026 01:51:40,-171.037014632017,-42.9300276855008,0,25,25,25,5,-42.9300276855008
01-Aug-2026 01:51:42,-170.88010059374,-42.773113647224,0,25,25,25,5,-42.773113647224
01-Aug-2026 01:51:44,-170.702906057312,-42.5959191107963,0,25,25,25,5,-42.5959191107963
01-Aug-2026 01:51:46,-169.714849570503,-41.6078626239875,0,25,25,25,6,-41.6078626239875
01-Aug-2026 01:51:48,-169.867533090575,-41.7605461440593,0,25,25,25,6,-41.7605461440593
01-Aug-2026 01:51:50,-169.736009487013,-41.6290225404976,0,25,25,25,6,-41.6290225404976
01-Aug-2026 01:51:52,-170.02019344788,-41.9132065013636,0,25,25,25,7,-41.9132065013636
01-Aug-2026 01:51:54,-169.941632900467,-41.8346459539516,0,25,25,25,6,-41.8346459539516
01-Aug-2026 01:51:56,-170.222495055602,-42.1155081090862,0,25,25,25,5,-42.1155081090862
01-Aug-2026 01:51:58,-170.989402690162,-42.8824157436465,0,25,25,25,4,-42.8824157436465
01-Aug-2026 01:52:00,-171.569963055995,-43.4629761094793,0,25,25,25,5,-43.4629761094793
01-Aug-2026 01:52:02,-171.786814252584,-43.6798273060684,0,25,25,25,6,-43.6798273060684
01-Aug-2026 01:52:04,-166.678689994471,-38.5717030479555,0,25,25,25,7,-38.5717030479555
01-Aug-2026 01:52:06,-171.284872539116,-43.1778855926001,0,25,25,25,6,-43.1778855926001
01-Aug-2026 01:52:08,-171.607053062729,-43.5000661162132,0,25,25,25,6,-43.5000661162132
01-Aug-2026 01:52:10,-171.254743037064,-43.1477560905482,0,25,25,25,6,-43.1477560905482
01-Aug-2026 01:52:12,-186.336862522496,-58.2298755759797,0,25,25,25,5,-58.2298755759797
01-Aug-2026 01:52:14,-186.701319918984,-58.5943329724677,0,25,25,25,4,-58.5943329724677
01-Aug-2026 01:52:16,-186.925754733613,-58.8187677870969,0,25,25,25,4,-58.8187677870969
01-Aug-2026 01:52:18,-184.965375849665,-56.8583889031495,0,26,26,26,6,-56.8583889031495
01-Aug-2026 01:52:20,-185.027921390655,-56.9209344441392,0,26,26,26,6,-56.9209344441392
01-Aug-2026 01:52:22,-185.286935985718,-57.1799490392019,0,26,26,26,5,-57.1799490392019
01-Aug-2026 01:52:24,-185.733328144151,-57.6263411976349,0,26,26,26,5,-57.6263411976349
01-Aug-2026 01:52:26,-186.010599721774,-57.9036127752578,0,26,26,26,5,-57.9036127752578
01-Aug-2026 01:52:28,-186.879308550324,-58.7723216038077,0,26,26,26,4,-58.7723216038077
01-Aug-2026 01:52:30,-186.812111335382,-58.7051243888658,0,26,26,26,4,-58.7051243888658
01-Aug-2026 01:52:32,-186.516956978148,-58.4099700316325,0,27,27,27,5,-58.4099700316325
01-Aug-2026 01:52:34,-186.906294892417,-58.7993079459013,0,27,27,27,4,-58.7993079459013
01-Aug-2026 01:52:36,-161.72747228179,-33.6204853352743,0,27,27,27,6,-33.6204853352743
01-Aug-2026 01:52:38,-161.641121416271,-33.5341344697547,0,26,26,26,7,-33.5341344697547
01-Aug-2026 01:52:40,-161.934546592343,-33.8275596458272,0,26,26,26,7,-33.8275596458272
01-Aug-2026 01:52:42,-161.615449387849,-33.5084624413329,0,25,25,25,6,-33.5084624413329
01-Aug-2026 01:52:44,-160.705141646478,-32.5981546999619,0,25,25,25,5,-32.5981546999619
01-Aug-2026 01:52:46,-160.791724227962,-32.6847372814465,0,25,25,25,5,-32.6847372814465
01-Aug-2026 01:52:48,-160.343561901163,-32.2365749546475,0,25,25,25,5,-32.2365749546475
01-Aug-2026 01:52:50,-187.429278212819,-59.3222912663034,0,25,25,25,5,-59.3222912663034
01-Aug-2026 01:52:52,-184.968439274706,-56.8614523281902,0,25,25,25,5,-56.8614523281902
01-Aug-2026 01:52:54,-184.758633302555,-56.6516463560394,0,24,24,24,5,-56.6516463560394
01-Aug-2026 01:52:56,-184.842560896564,-56.7355739500484,0,25,25,25,5,-56.7355739500484
01-Aug-2026 01:52:58,-184.788313956308,-56.6813270097921,0,25,25,25,6,-56.6813270097921
01-Aug-2026 01:53:00,-185.20283968533,-57.0958527388142,0,25,25,25,6,-57.0958527388142
01-Aug-2026 01:53:02,-185.502154880359,-57.3951679338427,0,24,24,24,6,-57.3951679338427
01-Aug-2026 01:53:04,-185.475780168426,-57.36879322191,0,24,24,24,6,-57.36879322191
01-Aug-2026 01:53:06,-185.798252294856,-57.6912653483403,0,24,24,24,5,-57.6912653483403
01-Aug-2026 01:53:08,-185.765075306652,-57.6580883601361,0,25,25,25,5,-57.6580883601361
01-Aug-2026 01:53:10,-186.067505530705,-57.9605185841895,0,25,25,25,5,-57.9605185841895
01-Aug-2026 01:53:12,-185.731042258011,-57.6240553114956,0,25,25,25,5,-57.6240553114956
01-Aug-2026 01:53:14,-185.916459210328,-57.8094722638126,0,25,25,25,5,-57.8094722638126
01-Aug-2026 01:53:16,-186.266080949093,-58.1590940025774,0,25,25,25,4,-58.1590940025774
01-Aug-2026 01:53:18,-186.198647928543,-58.091660982027,0,26,26,26,4,-58.091660982027
01-Aug-2026 01:53:20,-185.960894540028,-57.8539075935118,0,26,26,26,5,-57.8539075935118
01-Aug-2026 01:53:22,-186.479926448926,-58.3729395024097,0,26,26,26,5,-58.3729395024097
01-Aug-2026 01:53:24,-186.515128742558,-58.4081417960424,0,26,26,26,5,-58.4081417960424
01-Aug-2026 01:53:26,-184.793624415211,-56.6866374686948,0,26,26,26,6,-56.6866374686948
01-Aug-2026 01:53:28,-185.175051194339,-57.0680642478229,0,26,26,26,6,-57.0680642478229
01-Aug-2026 01:53:30,-185.197251154807,-57.090264208291,0,26,26,26,6,-57.090264208291
01-Aug-2026 01:53:32,-186.706779798632,-58.5997928521163,0,26,26,26,5,-58.5997928521163
01-Aug-2026 01:53:34,-187.086643076229,-58.9796561297128,0,26,26,26,5,-58.9796561297128
01-Aug-2026 01:53:36,-186.969349036799,-58.8623620902829,0,26,26,26,5,-58.8623620902829
01-Aug-2026 01:53:38,-187.23360841012,-59.1266214636043,0,25,25,25,4,-59.1266214636043
01-Aug-2026 01:53:40,-188.114289829586,-60.0073028830706,0,26,26,26,3,-60.0073028830706
01-Aug-2026 01:53:42,-188.367008261674,-60.2600213151578,0,26,26,26,3,-60.2600213151578
01-Aug-2026 01:53:44,-178.586006377948,-50.4790194314325,0,26,26,26,4,-50.4790194314325
01-Aug-2026 01:53:46,-178.570857265797,-50.4638703192813,0,26,26,26,4,-50.4638703192813
01-Aug-2026 01:53:48,-190.299139517257,-62.1921525707416,0,26,26,26,3,-62.1921525707416
01-Aug-2026 01:53:50,-161.712789110566,-33.6058021640506,0,26,26,26,4,-33.6058021640506
01-Aug-2026 01:53:52,-161.629027890658,-33.5220409441422,0,26,26,26,4,-33.5220409441422
01-Aug-2026 01:53:54,-162.496185792103,-34.3891988455872,0,26,26,26,4,-34.3891988455872
01-Aug-2026 01:53:56,-162.831159494536,-34.7241725480204,0,26,26,26,3,-34.7241725480204
01-Aug-2026 01:53:58,-163.006704358308,-34.8997174117921,0,26,26,26,4,-34.8997174117921
01-Aug-2026 01:54:00,-162.878663437327,-34.7716764908115,0,26,26,26,6,-34.7716764908115
01-Aug-2026 01:54:02,-163.47702662245,-35.3700396759342,0,26,26,26,8,-35.3700396759342
01-Aug-2026 01:54:04,-163.663415131699,-35.5564281851829,0,26,26,26,7,-35.5564281851829
01-Aug-2026 01:54:06,-164.472211453065,-36.3652245065488,0,26,26,26,7,-36.3652245065488
01-Aug-2026 01:54:08,-164.578663314638,-36.471676368122,0,26,26,26,7,-36.471676368122
01-Aug-2026 01:54:10,-164.91035433107,-36.803367384554,0,26,26,26,9,-36.803367384554
01-Aug-2026 01:54:12,-165.192030305726,-37.08504335921,0,25,25,25,9,-37.08504335921
01-Aug-2026 01:54:14,-165.651389176587,-37.5444022300713,0,25,25,25,9,-37.5444022300713
01-Aug-2026 01:54:16,-165.701906220761,-37.5949192742448,0,24,24,24,7,-37.5949192742448
01-Aug-2026 01:54:18,-166.422807581964,-38.315820635448,0,24,24,24,7,-38.315820635448
01-Aug-2026 01:54:20,-166.4413792531,-38.3343923065839,0,24,24,24,7,-38.3343923065839
01-Aug-2026 01:54:22,-166.491566464861,-38.3845795183449,0,24,24,24,7,-38.3845795183449
01-Aug-2026 01:54:24,-166.408026628198,-38.3010396816822,0,24,24,24,7,-38.3010396816822
01-Aug-2026 01:54:26,-166.668728325468,-38.561741378952,0,24,24,24,7,-38.561741378952
01-Aug-2026 01:54:28,-167.556346712222,-39.4493597657061,0,24,24,24,6,-39.4493597657061
01-Aug-2026 01:54:30,-167.617817655551,-39.5108307090355,0,24,24,24,6,-39.5108307090355
01-Aug-2026 01:54:32,-167.68023185311,-39.5732449065941,0,24,24,24,6,-39.5732449065941
01-Aug-2026 01:54:34,-167.917293817632,-39.8103068711164,0,24,24,24,6,-39.8103068711164
01-Aug-2026 01:54:36,-168.053772530616,-39.9467855841005,0,24,24,24,6,-39.9467855841005
01-Aug-2026 01:54:38,-168.503332367861,-40.3963454213451,0,24,24,24,6,-40.3963454213451
01-Aug-2026 01:54:40,-168.925795731203,-40.8188087846876,0,24,24,24,6,-40.8188087846876
01-Aug-2026 01:54:42,-169.075891355013,-40.9689044084971,0,25,25,25,5,-40.9689044084971
01-Aug-2026 01:54:44,-168.856862312008,-40.7498753654919,0,25,25,25,4,-40.7498753654919
01-Aug-2026 01:54:46,-174.381510306895,-46.274523360379,0,25,25,25,3,-46.274523360379
01-Aug-2026 01:54:48,-173.774795920646,-45.66780897413,0,25,25,25,3,-45.66780897413
01-Aug-2026 01:54:50,-174.49511561532,-46.3881286688043,0,25,25,25,3,-46.3881286688043
01-Aug-2026 01:54:52,-173.676345389028,-45.5693584425119,0,25,25,25,3,-45.5693584425119
01-Aug-2026 01:54:54,-165.817252909979,-37.7102659634631,0,25,25,25,4,-37.7102659634631
01-Aug-2026 01:54:56,-165.938316358132,-37.8313294116159,0,24,24,24,5,-37.8313294116159
01-Aug-2026 01:54:58,-166.07671414226,-37.9697271957437,0,24,24,24,4,-37.9697271957437
01-Aug-2026 01:55:00,-165.558767707939,-37.4517807614235,0,23,23,23,4,-37.4517807614235
01-Aug-2026 01:55:02,-165.639462478651,-37.532475532135,0,23,23,23,4,-37.532475532135
01-Aug-2026 01:55:04,-165.435511654922,-37.328524708406,0,24,24,24,5,-37.328524708406
01-Aug-2026 01:55:06,-165.21354522432,-37.1065582778045,0,24,24,24,6,-37.1065582778045
01-Aug-2026 01:55:08,-164.618745920562,-36.5117589740465,0,24,24,24,6,-36.5117589740465
01-Aug-2026 01:55:10,-165.246834797829,-37.1398478513133,0,24,24,24,4,-37.1398478513133
01-Aug-2026 01:55:12,-171.233224919416,-43.1262379729004,0,23,23,23,3,-43.1262379729004
01-Aug-2026 01:55:14,-171.573356187662,-43.4663692411465,0,23,23,23,3,-43.4663692411465
01-Aug-2026 01:55:16,-171.626233314349,-43.5192463678327,0,23,23,23,3,-43.5192463678327
01-Aug-2026 01:55:18,-171.766453600176,-43.6594666536602,0,23,23,23,3,-43.6594666536602
01-Aug-2026 01:55:20,-171.883321565572,-43.7763346190559,0,23,23,23,3,-43.7763346190559
01-Aug-2026 01:55:22,-172.002593213655,-43.8956062671388,0,23,23,23,3,-43.8956062671388
01-Aug-2026 01:55:24,-171.348596189099,-43.2416092425831,0,23,23,23,3,-43.2416092425831
01-Aug-2026 01:55:26,-171.496423808739,-43.3894368622231,0,24,24,24,3,-43.3894368622231
01-Aug-2026 01:55:28,-171.445026587103,-43.3380396405869,0,25,25,25,4,-43.3380396405869
01-Aug-2026 01:55:30,-170.894867045254,-42.7878800987384,0,25,25,25,4,-42.7878800987384
01-Aug-2026 01:55:32,-170.913658740351,-42.8066717938347,0,25,25,25,4,-42.8066717938347
01-Aug-2026 01:55:34,-170.176588852077,-42.0696019055607,0,25,25,25,4,-42.0696019055607
01-Aug-2026 01:55:36,-169.851395393438,-41.7444084469225,0,25,25,25,5,-41.7444084469225
01-Aug-2026 01:55:38,-169.683262112981,-41.5762751664647,0,25,25,25,5,-41.5762751664647
01-Aug-2026 01:55:40,-169.342202429873,-41.2352154833574,0,25,25,25,6,-41.2352154833574
01-Aug-2026 01:55:42,-169.323275087638,-41.2162881411222,0,25,25,25,7,-41.2162881411222
01-Aug-2026 01:55:44,-169.033451610687,-40.926464664171,0,25,25,25,8,-40.926464664171
01-Aug-2026 01:55:46,-169.659719896181,-41.5527329496654,0,25,25,25,8,-41.5527329496654
01-Aug-2026 01:55:48,-169.827095279736,-41.7201083332199,0,26,26,26,10,-41.7201083332199
01-Aug-2026 01:55:50,-169.474664555951,-41.367677609435,0,26,26,26,10,-41.367677609435
01-Aug-2026 01:55:52,-169.044139014373,-40.9371520678575,0,26,26,26,9,-40.9371520678575
01-Aug-2026 01:55:54,-168.04667103263,-39.939684086114,0,26,26,26,9,-39.939684086114
01-Aug-2026 01:55:56,-168.009669109023,-39.9026821625067,0,26,26,26,8,-39.9026821625067
01-Aug-2026 01:55:58,-168.013982289037,-39.9069953425213,0,26,26,26,6,-39.9069953425213
01-Aug-2026 01:56:00,-167.374109066353,-39.2671221198375,0,26,26,26,6,-39.2671221198375
01-Aug-2026 01:56:02,-167.397244963522,-39.2902580170061,0,26,26,26,5,-39.2902580170061
01-Aug-2026 01:56:04,-162.283956902103,-34.1769699555867,0,26,26,26,5,-34.1769699555867
01-Aug-2026 01:56:06,-162.008452851485,-33.9014659049691,0,26,26,26,5,-33.9014659049691
01-Aug-2026 01:56:08,-161.819483903057,-33.7124969565409,0,27,27,27,6,-33.7124969565409
01-Aug-2026 01:56:10,-161.53464389823,-33.4276569517139,0,27,27,27,6,-33.4276569517139
01-Aug-2026 01:56:12,-160.907849567159,-32.8008626206432,0,27,27,27,7,-32.8008626206432
01-Aug-2026 01:56:14,-160.897552039312,-32.790565092796,0,27,27,27,6,-32.790565092796
01-Aug-2026 01:56:16,-161.122327937301,-33.0153409907855,0,27,27,27,7,-33.0153409907855
01-Aug-2026 01:56:18,-161.502651153963,-33.3956642074473,0,27,27,27,8,-33.3956642074473
01-Aug-2026 01:56:20,-161.168075309668,-33.0610883631525,0,28,28,28,8,-33.0610883631525
01-Aug-2026 01:56:22,-161.416059212017,-33.3090722655015,0,28,28,28,8,-33.3090722655015
01-Aug-2026 01:56:24,-160.880886751924,-32.7738998054081,0,28,28,28,8,-32.7738998054081
01-Aug-2026 01:56:26,-160.847839125106,-32.74085217859,0,28,28,28,11,-32.74085217859
01-Aug-2026 01:56:28,-160.640613068611,-32.5336261220949,0,28,28,28,10,-32.5336261220949
01-Aug-2026 01:56:30,-160.549679622638,-32.4426926761221,0,27,27,27,9,-32.4426926761221
01-Aug-2026 01:56:32,-159.15124474717,-31.044257800654,0,27,27,27,11,-31.044257800654
01-Aug-2026 01:56:34,-159.147174037463,-31.0401870909473,0,27,27,27,11,-31.0401870909473
01-Aug-2026 01:56:36,-158.456987884856,-30.3500009383405,0,27,27,27,13,-30.3500009383405
01-Aug-2026 01:56:38,-158.834629707635,-30.7276427611191,0,26,26,26,12,-30.7276427611191
01-Aug-2026 01:56:40,-160.149876951258,-32.0428900047418,0,26,26,26,10,-32.0428900047418
01-Aug-2026 01:56:42,-160.231121846509,-32.1241348999927,0,26,26,26,10,-32.1241348999927
01-Aug-2026 01:56:44,-161.407860765791,-33.3008738192749,0,27,27,27,10,-33.3008738192749
01-Aug-2026 01:56:46,-160.770698831395,-32.6637118848796,0,26,26,26,10,-32.6637118848796
01-Aug-2026 01:56:48,-160.488408386635,-32.3814214401193,0,26,26,26,10,-32.3814214401193
01-Aug-2026 01:56:50,-159.730395836889,-31.6234088903727,0,26,26,26,10,-31.6234088903727
01-Aug-2026 01:56:52,-159.482709349499,-31.3757224029827,0,25,25,25,9,-31.3757224029827
01-Aug-2026 01:56:54,-159.700857581725,-31.5938706352086,0,25,25,25,8,-31.5938706352086
01-Aug-2026 01:56:56,-158.900967884339,-30.7939809378228,0,26,26,26,9,-30.7939809378228
01-Aug-2026 01:56:58,-181.324706416812,-53.2177194702965,0,26,26,26,6,-53.2177194702965
01-Aug-2026 01:57:00,-181.114220103118,-53.0072331566026,0,27,27,27,6,-53.0072331566026
01-Aug-2026 01:57:02,-180.946104263612,-52.8391173170957,0,27,27,27,6,-52.8391173170957
01-Aug-2026 01:57:04,-179.570747670434,-51.4637607239184,0,27,27,27,7,-51.4637607239184
01-Aug-2026 01:57:06,-179.407989123647,-51.3010021771314,0,27,27,27,8,-51.3010021771314
01-Aug-2026 01:57:08,-179.794109253471,-51.6871223069554,0,27,27,27,8,-51.6871223069554
01-Aug-2026 01:57:10,-180.051010649615,-51.9440237030995,0,27,27,27,7,-51.9440237030995
01-Aug-2026 01:57:12,-180.013190983664,-51.9062040371484,0,27,27,27,7,-51.9062040371484
01-Aug-2026 01:57:14,-179.986140702145,-51.8791537556292,0,27,27,27,7,-51.8791537556292
01-Aug-2026 01:57:16,-179.824347813695,-51.7173608671796,0,27,27,27,8,-51.7173608671796
01-Aug-2026 01:57:18,-168.286610895047,-40.1796239485309,0,27,27,27,9,-40.1796239485309
01-Aug-2026 01:57:20,-168.288832072224,-40.1818451257081,0,27,27,27,8,-40.1818451257081
01-Aug-2026 01:57:22,-168.298763993416,-40.1917770469001,0,27,27,27,7,-40.1917770469001
01-Aug-2026 01:57:24,-168.926633766901,-40.8196468203851,0,27,27,27,6,-40.8196468203851
01-Aug-2026 01:57:26,-168.646869235883,-40.5398822893674,0,27,27,27,6,-40.5398822893674
01-Aug-2026 01:57:28,-168.692852067732,-40.5858651212159,0,26,26,26,6,-40.5858651212159
01-Aug-2026 01:57:30,-179.829505176092,-51.7225182295763,0,26,26,26,5,-51.7225182295763
01-Aug-2026 01:57:32,-179.249739741236,-51.1427527947203,0,26,26,26,5,-51.1427527947203
01-Aug-2026 01:57:34,-178.089824560048,-49.9828376135324,0,26,26,26,7,-49.9828376135324
01-Aug-2026 01:57:36,-178.299644307303,-50.1926573607869,0,27,27,27,8,-50.1926573607869
01-Aug-2026 01:57:38,-178.907865960526,-50.8008790140097,0,27,27,27,7,-50.8008790140097
01-Aug-2026 01:57:40,-178.412779326864,-50.3057923803484,0,27,27,27,7,-50.3057923803484
01-Aug-2026 01:57:42,-175.562921090745,-47.4559341442293,0,27,27,27,9,-47.4559341442293
01-Aug-2026 01:57:44,-175.483578700623,-47.376591754107,0,27,27,27,9,-47.376591754107
01-Aug-2026 01:57:46,-175.239825472436,-47.1328385259205,0,26,26,26,8,-47.1328385259205
01-Aug-2026 01:57:48,-175.14990544692,-47.0429185004037,0,26,26,26,8,-47.0429185004037
01-Aug-2026 01:57:50,-174.845624965353,-46.7386380188372,0,26,26,26,8,-46.7386380188372
01-Aug-2026 01:57:52,-174.353576185338,-46.2465892388221,0,26,26,26,8,-46.2465892388221
01-Aug-2026 01:57:54,-173.424157852188,-45.3171709056726,0,26,26,26,8,-45.3171709056726
01-Aug-2026 01:57:56,-173.096782524491,-44.9897955779752,0,25,25,25,6,-44.9897955779752
01-Aug-2026 01:57:58,-172.401248593986,-44.2942616474699,0,25,25,25,6,-44.2942616474699
01-Aug-2026 01:58:00,-174.217437777695,-46.1104508311796,0,25,25,25,5,-46.1104508311796
01-Aug-2026 01:58:02,-173.646279400653,-45.539292454137,0,24,24,24,6,-45.539292454137
01-Aug-2026 01:58:04,-173.263363553772,-45.1563766072563,0,24,24,24,5,-45.1563766072563
01-Aug-2026 01:58:06,-172.894130930393,-44.7871439838774,0,24,24,24,5,-44.7871439838774
01-Aug-2026 01:58:08,-184.936121128574,-56.8291341820578,0,24,24,24,3,-56.8291341820578
01-Aug-2026 01:58:10,-171.983325019671,-43.8763380731547,0,24,24,24,3,-43.8763380731547
01-Aug-2026 01:58:12,-186.052887097577,-57.9459001510612,0,24,24,24,2,-57.9459001510612
01-Aug-2026 01:58:14,-168.557404931907,-40.4504179853915,0,24,24,24,2,-40.4504179853915
01-Aug-2026 01:58:16,-168.202534030108,-40.0955470835918,0,24,24,24,2,-40.0955470835918
01-Aug-2026 01:58:18,-167.8631608966,-39.7561739500844,0,24,24,24,2,-39.7561739500844
01-Aug-2026 01:58:20,-168.052489063763,-39.9455021172471,0,24,24,24,3,-39.9455021172471
01-Aug-2026 01:58:22,-168.447728105344,-40.3407411588278,0,24,24,24,3,-40.3407411588278
01-Aug-2026 01:58:24,-169.232618813098,-41.1256318665817,0,23,23,23,3,-41.1256318665817
01-Aug-2026 01:58:26,-169.232857543295,-41.1258705967795,0,23,23,23,3,-41.1258705967795
01-Aug-2026 01:58:28,-170.014508507113,-41.9075215605974,0,24,24,24,3,-41.9075215605974
01-Aug-2026 01:58:30,-170.194040997879,-42.0870540513635,0,24,24,24,5,-42.0870540513635
01-Aug-2026 01:58:32,-170.276011142797,-42.1690241962816,0,25,25,25,5,-42.1690241962816
01-Aug-2026 01:58:34,-170.62795876153,-42.5209718150143,0,25,25,25,5,-42.5209718150143
01-Aug-2026 01:58:36,-171.332950796039,-43.225963849523,0,25,25,25,5,-43.225963849523
01-Aug-2026 01:58:38,-170.98229780917,-42.875310862654,0,25,25,25,5,-42.875310862654
01-Aug-2026 01:58:40,-170.486872938415,-42.3798859918995,0,25,25,25,5,-42.3798859918995
01-Aug-2026 01:58:42,-170.740416812653,-42.6334298661368,0,25,25,25,4,-42.6334298661368
01-Aug-2026 01:58:44,-170.689156946653,-42.582170000137,0,25,25,25,4,-42.582170000137
01-Aug-2026 01:58:46,-171.207432741245,-43.1004457947295,0,25,25,25,5,-43.1004457947295
01-Aug-2026 01:58:48,-170.912968854423,-42.8059819079071,0,23,23,23,5,-42.8059819079071
01-Aug-2026 01:58:50,-171.480529544856,-43.3735425983401,0,23,23,23,5,-43.3735425983401
01-Aug-2026 01:58:52,-171.982248072216,-43.8752611256999,0,23,23,23,4,-43.8752611256999
01-Aug-2026 01:58:54,-172.802521720331,-44.6955347738154,0,23,23,23,4,-44.6955347738154
01-Aug-2026 01:58:56,-173.179817108764,-45.0728301622483,0,24,24,24,5,-45.0728301622483
01-Aug-2026 01:58:58,-172.345133159027,-44.238146212511,0,24,24,24,5,-44.238146212511
01-Aug-2026 01:59:00,-172.993100143312,-44.8861131967959,0,24,24,24,5,-44.8861131967959
01-Aug-2026 01:59:02,-172.630844383182,-44.5238574366665,0,24,24,24,7,-44.5238574366665
01-Aug-2026 01:59:04,-172.837437267086,-44.7304503205706,0,24,24,24,6,-44.7304503205706
01-Aug-2026 01:59:06,-181.74842671016,-53.6414397636444,0,24,24,24,6,-53.6414397636444
01-Aug-2026 01:59:08,-182.340432403082,-54.2334454565664,0,24,24,24,5,-54.2334454565664
01-Aug-2026 01:59:10,-175.460735358022,-47.3537484115065,0,24,24,24,6,-47.3537484115065
01-Aug-2026 01:59:12,-175.7069259995,-47.5999390529841,0,25,25,25,6,-47.5999390529841
01-Aug-2026 01:59:14,-175.152787945841,-47.045800999325,0,25,25,25,6,-47.045800999325
01-Aug-2026 01:59:16,-175.701522814474,-47.5945358679584,0,25,25,25,6,-47.5945358679584
01-Aug-2026 01:59:18,-176.042172916427,-47.9351859699112,0,25,25,25,6,-47.9351859699112
01-Aug-2026 01:59:20,-175.760434711247,-47.6534477647315,0,25,25,25,6,-47.6534477647315
01-Aug-2026 01:59:22,-176.213260448539,-48.1062735020234,0,26,26,26,6,-48.1062735020234
01-Aug-2026 01:59:24,-175.579756736705,-47.4727697901895,0,26,26,26,5,-47.4727697901895
01-Aug-2026 01:59:26,-175.626629619417,-47.5196426729008,0,26,26,26,4,-47.5196426729008
01-Aug-2026 01:59:28,-175.816273024878,-47.7092860783617,0,26,26,26,3,-47.7092860783617
01-Aug-2026 01:59:30,-178.452451624521,-50.3454646780054,0,26,26,26,2,-50.3454646780054
01-Aug-2026 01:59:32,-179.449989467971,-51.3430025214551,0,26,26,26,2,-51.3430025214551
01-Aug-2026 01:59:34,-175.896083734196,-47.7890967876802,0,26,26,26,2,-47.7890967876802
01-Aug-2026 01:59:36,-175.565217129593,-47.4582301830771,0,26,26,26,2,-47.4582301830771
01-Aug-2026 01:59:38,-170.453292480015,-42.3463055334995,0,26,26,26,3,-42.3463055334995
01-Aug-2026 01:59:40,-170.400433187442,-42.2934462409265,0,26,26,26,2,-42.2934462409265
01-Aug-2026 01:59:42,-171.017489880569,-42.9105029340535,0,26,26,26,3,-42.9105029340535
01-Aug-2026 01:59:44,-170.345811807816,-42.2388248613001,0,26,26,26,3,-42.2388248613001
01-Aug-2026 01:59:46,-170.195631601804,-42.0886446552879,0,26,26,26,3,-42.0886446552879
01-Aug-2026 01:59:48,-170.248404747669,-42.1414178011532,0,26,26,26,3,-42.1414178011532
01-Aug-2026 01:59:50,-169.877275510081,-41.7702885635651,0,26,26,26,3,-41.7702885635651
01-Aug-2026 01:59:52,-191.285910578672,-63.1789236321562,0,26,26,26,1,-63.1789236321562
01-Aug-2026 01:59:54,-190.992802615697,-62.8858156691809,0,26,26,26,1,-62.8858156691809
01-Aug-2026 01:59:56,-190.730787471898,-62.6238005253818,0,26,26,26,1,-62.6238005253818
01-Aug-2026 01:59:58,-190.271278426951,-62.1642914804355,0,27,27,27,2,-62.1642914804355
01-Aug-2026 02:00:00,-190.715949004554,-62.6089620580385,0,27,27,27,2,-62.6089620580385
