OuterAngleDeg,InnerAngleDeg,WorstExceedancePercent,RobustExceedancePercent,MedianExceedancePercent,MaximumIOverNDb,P95IOverNDb,PracticalPercentileIOverNDb,RobustAvailabilityPercent,RetaskDutyPercent,ShutdownDutyPercent,Feasible,PracticalFeasible,Score,SearchStage
0,0,1.88836434323799,1.88836434323799,1.72174396001111,26.4760060325639,-15.0280125795621,25.0674019040074,98.111635656762,0,0,0,0,0,coarse
0.5,0,1.88836434323799,1.88836434323799,1.72174396001111,26.4760060325639,-15.0280125795621,25.0674019040074,98.111635656762,0,0,0,0,0.5,coarse
0.5,0.5,1.88836434323799,1.88836434323799,1.72174396001111,26.4760060325639,-15.0280125795621,25.0674019040074,98.111635656762,0,0,0,0,1,coarse
1,0,1.88836434323799,1.88836434323799,1.72174396001111,26.4760060325639,-15.0280125795621,25.0674019040074,98.111635656762,0.011650937900501,0,0,0,1,coarse
1,0.5,1.88836434323799,1.88836434323799,1.72174396001111,26.4760060325639,-15.0280125795621,25.0674019040074,98.111635656762,0.011650937900501,0,0,0,1.5,coarse
1,1,1.88836434323799,1.88836434323799,1.72174396001111,26.4760060325639,-15.0280125795621,25.0674019040074,98.111635656762,0,0.011650937900501,0,0,2,coarse
2,0,1.88836434323799,1.88836434323799,1.72174396001111,26.4760060325639,-15.0280125795621,25.0674019040074,98.111635656762,0.0842886041807148,0,0,0,2,coarse
2,0.5,1.88836434323799,1.88836434323799,1.72174396001111,26.4760060325639,-15.0280125795621,25.0674019040074,98.111635656762,0.0842886041807148,0,0,0,2.5,coarse
2,1,1.88836434323799,1.88836434323799,1.72174396001111,26.4760060325639,-15.0280125795621,25.0674019040074,98.111635656762,0.0786693639020005,0.011650937900501,0,0,3,coarse
2,2,1.74951402388225,1.74951402388225,1.68008886420439,26.4760060325639,-15.4865082562486,25.0674019040074,98.2504859761177,0,0.0842886041807148,0,0,4,coarse
3,0,1.88836434323799,1.88836434323799,1.72174396001111,26.4760060325639,-15.0280125795621,25.0674019040074,98.111635656762,0.16857720836143,0,0,0,3,coarse
3,0.5,1.88836434323799,1.88836434323799,1.72174396001111,26.4760060325639,-15.0280125795621,25.0674019040074,98.111635656762,0.16857720836143,0,0,0,3.5,coarse
3,1,1.88836434323799,1.88836434323799,1.72174396001111,26.4760060325639,-15.0280125795621,25.0674019040074,98.111635656762,0.162957968082715,0.011650937900501,0,0,4,coarse
3,2,1.74951402388225,1.74951402388225,1.68008886420439,26.4760060325639,-15.4865082562486,25.0674019040074,98.2504859761177,0.0842886041807148,0.0842886041807148,0,0,5,coarse
3,3,1.74951402388225,1.74951402388225,1.58289364065537,26.4760060325639,-15.7062527619363,25.0674019040074,98.2504859761177,0,0.16857720836143,0,0,6,coarse
5,0,1.88836434323799,1.88836434323799,1.72174396001111,26.4760060325639,-15.0280125795621,25.0674019040074,98.111635656762,0.370869858395145,0,0,0,5,coarse
5,0.5,1.88836434323799,1.88836434323799,1.72174396001111,26.4760060325639,-15.0280125795621,25.0674019040074,98.111635656762,0.370869858395145,0,0,0,5.5,coarse
5,1,1.88836434323799,1.88836434323799,1.72174396001111,26.4760060325639,-15.0280125795621,25.0674019040074,98.111635656762,0.365250618116431,0.011650937900501,0,0,6,coarse
5,2,1.74951402388225,1.74951402388225,1.68008886420439,26.4760060325639,-15.4865082562486,25.0674019040074,98.2504859761177,0.28658125421443,0.0842886041807148,0,0,7,coarse
5,3,1.74951402388225,1.74951402388225,1.58289364065537,26.4760060325639,-15.7062527619363,25.0674019040074,98.2504859761177,0.202292650033715,0.16857720836143,0,0,8,coarse
5,5,1.74951402388225,1.74951402388225,1.43015828936407,26.4760060325639,-16.3074163334835,25.0674019040074,98.2504859761177,0,0.370869858395145,0,0,10,coarse
10,0,1.80505415162455,1.80505415162455,1.68008886420439,26.4760060325639,-15.0280125795621,25.0674019040074,98.1949458483755,0.972128568217577,0,0,0,10,coarse
10,0.5,1.80505415162455,1.80505415162455,1.68008886420439,26.4760060325639,-15.0280125795621,25.0674019040074,98.1949458483755,0.972128568217577,0,0,0,10.5,coarse
10,1,1.80505415162455,1.80505415162455,1.68008886420439,26.4760060325639,-15.0280125795621,25.0674019040074,98.1949458483755,0.966509327938863,0.011650937900501,0,0,11,coarse
10,2,1.7772840877534,1.7772840877534,1.58289364065537,26.4760060325639,-15.4865082562486,25.0674019040074,98.2227159122466,0.887839964036862,0.0842886041807148,0,0,12,coarse
10,3,1.7772840877534,1.7772840877534,1.48569841710636,26.4760060325639,-15.7062527619363,25.0674019040074,98.2227159122466,0.803551359856147,0.16857720836143,0,0,13,coarse
10,5,1.7772840877534,1.7772840877534,1.33296306581505,26.4760060325639,-16.3074163334835,25.0674019040074,98.2227159122466,0.601258709822432,0.370869858395145,0,0,15,coarse
10,10,1.38850319355735,1.38850319355735,1.12468758678145,26.4760060325639,-18.7710791488728,25.0674019040074,98.6114968064427,0,0.972128568217577,0,0,20,coarse
15,0,1.69397389613996,1.69397389613996,1.52735351291308,26.4760060325639,-15.0280125795621,25.0674019040074,98.30602610386,1.80939536974601,0,0,0,15,coarse
15,0.5,1.69397389613996,1.69397389613996,1.52735351291308,26.4760060325639,-15.0280125795621,25.0674019040074,98.30602610386,1.80939536974601,0,0,0,15.5,coarse
15,1,1.69397389613996,1.69397389613996,1.52735351291308,26.4760060325639,-15.0280125795621,25.0674019040074,98.30602610386,1.8037761294673,0.011650937900501,0,0,16,coarse
15,2,1.69397389613996,1.69397389613996,1.41627325742849,26.4760060325639,-15.4865082562486,25.0674019040074,98.30602610386,1.7251067655653,0.0842886041807148,0,0,17,coarse
15,3,1.69397389613996,1.69397389613996,1.31907803387948,26.4760060325639,-15.7062527619363,25.0674019040074,98.30602610386,1.64081816138458,0.16857720836143,0,0,18,coarse
15,5,1.69397389613996,1.69397389613996,1.16634268258817,26.4760060325639,-16.3074163334835,25.0674019040074,98.30602610386,1.43852551135087,0.370869858395145,0,0,20,coarse
15,10,1.3051930019439,1.3051930019439,0.958067203554568,26.4760060325639,-18.7710791488728,25.0674019040074,98.6948069980561,0.837266801528433,0.972128568217577,0,0,25,coarse
15,15,0.888642043876701,0.888642043876701,0.819216884198834,26.4760060325639,-21.4757061810816,25.0674019040074,99.1113579561233,0,1.80939536974601,0,0,30,coarse
20,0,1.47181338517079,1.47181338517079,1.23576784226604,23.8728323594935,-15.0462552543631,14.0544358370371,98.5281866148292,3.01753202966959,0,0,0,20,coarse
20,0.5,1.47181338517079,1.47181338517079,1.23576784226604,23.8728323594935,-15.0462552543631,14.0544358370371,98.5281866148292,3.01753202966959,0,0,0,20.5,coarse
20,1,1.47181338517079,1.47181338517079,1.23576784226604,23.8728323594935,-15.0462552543631,14.0544358370371,98.5281866148292,3.01191278939087,0.011650937900501,0,0,21,coarse
20,2,1.47181338517079,1.47181338517079,1.12468758678145,23.8728323594935,-15.4865082562486,14.0544358370371,98.5281866148292,2.93324342548887,0.0842886041807148,0,0,22,coarse
20,3,1.47181338517079,1.47181338517079,1.02749236323244,23.8728323594935,-15.7062527619363,13.8665503303753,98.5281866148292,2.84895482130816,0.16857720836143,0,0,23,coarse
20,5,1.47181338517079,1.47181338517079,0.874757011941127,23.8728323594935,-16.3074163334835,13.8665503303753,98.5281866148292,2.64666217127444,0.370869858395145,0,0,25,coarse
20,10,1.08303249097473,1.08303249097473,0.666481532907526,23.8728323594935,-18.7710791488728,13.8665503303753,98.9169675090253,2.04540346145201,0.972128568217577,0,0,30,coarse
20,15,0.638711469036379,0.638711469036379,0.541516245487365,23.8728323594935,-21.4757061810816,13.8665503303753,99.3612885309636,1.30490504485611,1.80939536974601,0,0,35,coarse
20,20,0.583171341294085,0.583171341294085,0.416550958067204,23.8728323594935,-22.9737119959034,13.8665503303753,99.4168286587059,0,3.01753202966959,0,0,40,coarse
25,0,1.16634268258817,1.16634268258817,0.916412107747848,22.6372972552742,-15.2576010294974,11.8504452772284,98.8336573174118,4.65454969125015,0,0,0,25,coarse
25,0.5,1.16634268258817,1.16634268258817,0.916412107747848,22.6372972552742,-15.2576010294974,11.8504452772284,98.8336573174118,4.65454969125015,0,0,0,25.5,coarse
25,1,1.16634268258817,1.16634268258817,0.902527075812274,19.2828507924109,-15.2576010294974,10.8452303233096,98.8336573174118,4.64289875334964,0.011650937900501,0,0,26,coarse
25,2,1.16634268258817,1.16634268258817,0.777561788392113,12.6422277148274,-15.6660659387584,6.81745145904021,98.8336573174118,4.57881859489689,0.0842886041807148,0,0,27,coarse
25,3,1.16634268258817,1.16634268258817,0.680366564843099,6.99635133187364,-15.8822254440987,2.44955155492959,98.8336573174118,4.50308749854363,0.16857720836143,0,0,28,coarse
25,5,1.16634268258817,1.16634268258817,0.527631213551791,4.67524633618339,-16.41915973504,0.973516555974014,98.8336573174118,4.37492718163812,0.370869858395145,0,0,30,coarse
25,10,0.777561788392113,0.777561788392113,0.319355734518189,4.67524633618339,-18.8932262113575,0.35770753344033,99.2224382116079,4.01957357567284,0.972128568217577,0,0,35,coarse
25,15,0.333240766453763,0.333240766453763,0.194390447098028,4.67524633618339,-21.4757061810816,-1.97271905862954,99.6667592335462,3.5069323080508,1.80939536974601,0,0,40,coarse
25,20,0.166620383226881,0.166620383226881,0.124965287420161,4.67524633618339,-22.9737119959034,-2.6246179986931,99.8333796167731,2.20202726319469,3.01753202966959,0,0,45,coarse
25,25,0.166620383226881,0.166620383226881,0.111080255484588,4.67524633618339,-24.5145204979016,-2.6246179986931,99.8333796167731,0,4.65454969125015,0,0,50,coarse
30,0,1.05526242710358,1.05526242710358,0.833101916134407,22.6372972552742,-15.5001494474936,11.8504452772284,98.9447375728964,8.00179815688919,0,0,0,30,coarse
30,0.5,1.05526242710358,1.05526242710358,0.833101916134407,22.6372972552742,-15.5001494474936,11.8504452772284,98.9447375728964,8.00179815688919,0,0,0,30.5,coarse
30,1,1.05526242710358,1.05526242710358,0.819216884198834,19.2828507924109,-15.5001494474936,10.8452303233096,98.9447375728964,7.99617891661047,0.011650937900501,0,0,31,coarse
30,2,1.05526242710358,1.05526242710358,0.652596500971952,12.6422277148274,-15.7819260846746,6.81745145904021,98.9447375728964,7.91750955270847,0.0842886041807148,0,0,32,coarse
30,3,1.05526242710358,1.05526242710358,0.541516245487365,6.99635133187364,-16.0217080212138,2.4322884367043,98.9447375728964,7.83322094852776,0.16857720836143,0,0,33,coarse
30,5,1.05526242710358,1.05526242710358,0.388780894196057,3.44909315044268,-16.7772510360864,0.429450093783913,98.9447375728964,7.63092829849404,0.370869858395145,0,0,35,coarse
30,10,0.666481532907526,0.666481532907526,0.222160510969175,0.491061794566463,-18.9404998968712,-0.201072600494395,99.3335184670925,7.03134102295235,0.972128568217577,0,0,40,coarse
30,15,0.222160510969175,0.222160510969175,0.0833101916134407,-1.55884643154033,-21.4757061810816,-3.55053387317407,99.7778394890308,6.5186997553303,1.80939536974601,0,0,45,coarse
30,20,0.111080255484588,0.111080255484588,0.0138850319355735,-2.20627814736113,-22.9737119959034,-6.24468900638881,99.8889197445154,5.21379471047419,3.01753202966959,0,0,50,coarse
30,25,0.111080255484588,0.111080255484588,0,-2.20627814736113,-24.5145204979016,-6.24468900638881,99.8889197445154,3.47830973252416,4.65454969125015,0,0,55,coarse
30,30,0.111080255484588,0.111080255484588,0,-2.20627814736113,-26.3763860226619,-6.24468900638881,99.8889197445154,0,8.00179815688919,0,0,60,coarse
35,0,1.05526242710358,1.05526242710358,0.833101916134407,22.6372972552742,-15.5001494474936,11.8504452772284,98.9447375728964,11.8341200269724,0,0,0,35,coarse
35,0.5,1.05526242710358,1.05526242710358,0.833101916134407,22.6372972552742,-15.5001494474936,11.8504452772284,98.9447375728964,11.8341200269724,0,0,0,35.5,coarse
35,1,1.05526242710358,1.05526242710358,0.819216884198834,19.2828507924109,-15.5001494474936,10.8452303233096,98.9447375728964,11.8285007866936,0.011650937900501,0,0,36,coarse
35,2,1.05526242710358,1.05526242710358,0.652596500971952,12.6422277148274,-15.8136380385412,6.81745145904021,98.9447375728964,11.7498314227916,0.0842886041807148,0,0,37,coarse
35,3,1.05526242710358,1.05526242710358,0.541516245487365,6.99635133187364,-16.051955717585,2.4322884367043,98.9447375728964,11.7164616285882,0.16857720836143,0,0,38,coarse
35,5,1.05526242710358,1.05526242710358,0.388780894196057,3.44909315044268,-16.8580042838167,0.429450093783913,98.9447375728964,11.6520210896309,0.370869858395145,0,0,40,coarse
35,10,0.666481532907526,0.666481532907526,0.222160510969175,0.491061794566463,-18.8705917422397,-0.201072600494395,99.3335184670925,11.2126537785589,0.972128568217577,0,0,45,coarse
35,15,0.222160510969175,0.222160510969175,0.0833101916134407,-1.55884643154033,-21.4757061810816,-3.55053387317407,99.7778394890308,10.3984620761971,1.80939536974601,0,0,50,coarse
35,20,0.111080255484588,0.111080255484588,0.0138850319355735,-2.20627814736113,-22.9737119959034,-6.24468900638881,99.8889197445154,9.26186291739895,3.01753202966959,0,0,55,coarse
35,25,0.111080255484588,0.111080255484588,0,-2.20627814736113,-24.5145204979016,-6.24468900638881,99.8889197445154,7.34622144112478,4.65454969125015,0,0,60,coarse
35,30,0.111080255484588,0.111080255484588,0,-2.20627814736113,-26.3763860226619,-6.24468900638881,99.8889197445154,4.43468072642062,8.00179815688919,0,0,65,coarse
35,35,0.111080255484588,0.111080255484588,0,-2.20627814736113,-28.4693193484368,-6.24468900638881,99.8889197445154,0,11.8341200269724,0,0,70,coarse
40,0,1.05526242710358,1.05526242710358,0.833101916134407,22.6372972552742,-15.5001494474936,11.8504452772284,98.9447375728964,18.509777478085,0,0,0,40,coarse
40,0.5,1.05526242710358,1.05526242710358,0.833101916134407,22.6372972552742,-15.5001494474936,11.8504452772284,98.9447375728964,18.509777478085,0,0,0,40.5,coarse
40,1,1.05526242710358,1.05526242710358,0.819216884198834,19.2828507924109,-15.5001494474936,10.8452303233096,98.9447375728964,18.5041582378062,0.011650937900501,0,0,41,coarse
40,2,1.05526242710358,1.05526242710358,0.652596500971952,12.6422277148274,-15.8136380385412,6.81745145904021,98.9447375728964,18.4254888739042,0.0842886041807148,0,0,42,coarse
40,3,1.05526242710358,1.05526242710358,0.541516245487365,6.99635133187364,-16.051955717585,2.4322884367043,98.9447375728964,18.3412002697235,0.16857720836143,0,0,43,coarse
40,5,1.05526242710358,1.05526242710358,0.388780894196057,3.44909315044268,-16.8580042838167,0.429450093783913,98.9447375728964,18.2718219097832,0.370869858395145,0,0,45,coarse
40,10,0.666481532907526,0.666481532907526,0.222160510969175,0.491061794566463,-18.8229497754205,-0.201072600494395,99.3335184670925,17.8324545987112,0.972128568217577,0,0,50,coarse
40,15,0.222160510969175,0.222160510969175,0.0833101916134407,-1.55884643154033,-21.4757061810816,-3.55053387317407,99.7778394890308,17.0005858230814,1.80939536974601,0,0,55,coarse
40,20,0.111080255484588,0.111080255484588,0.0138850319355735,-2.20627814736113,-22.9737119959034,-6.24468900638881,99.8889197445154,15.8816637375513,3.01753202966959,0,0,60,coarse
40,25,0.111080255484588,0.111080255484588,0,-2.20627814736113,-24.5145204979016,-6.24468900638881,99.8889197445154,13.9862890537199,4.65454969125015,0,0,65,coarse
40,30,0.111080255484588,0.111080255484588,0,-2.20627814736113,-26.3763860226619,-6.24468900638881,99.8889197445154,11.0544815465729,8.00179815688919,0,0,70,coarse
40,35,0.111080255484588,0.111080255484588,0,-2.20627814736113,-28.4693193484368,-6.24468900638881,99.8889197445154,6.67565745111261,11.8341200269724,0,0,75,coarse
40,40,0.111080255484588,0.111080255484588,0,-2.20627814736113,-32.4117305229975,-6.24468900638881,99.8889197445154,0,18.509777478085,0,0,80,coarse
45,0,1.05526242710358,1.05526242710358,0.833101916134407,22.6372972552742,-15.5001494474936,11.8504452772284,98.9447375728964,23.662620813666,0,0,0,45,coarse
45,0.5,1.05526242710358,1.05526242710358,0.833101916134407,22.6372972552742,-15.5001494474936,11.8504452772284,98.9447375728964,23.662620813666,0,0,0,45.5,coarse
45,1,1.05526242710358,1.05526242710358,0.819216884198834,19.2828507924109,-15.5001494474936,10.8452303233096,98.9447375728964,23.6570015733873,0.011650937900501,0,0,46,coarse
45,2,1.05526242710358,1.05526242710358,0.652596500971952,12.6422277148274,-15.8136380385412,6.81745145904021,98.9447375728964,23.5783322094853,0.0842886041807148,0,0,47,coarse
45,3,1.05526242710358,1.05526242710358,0.541516245487365,6.99635133187364,-16.051955717585,2.4322884367043,98.9447375728964,23.4940436053046,0.16857720836143,0,0,48,coarse
45,5,1.05526242710358,1.05526242710358,0.388780894196057,3.44909315044268,-16.8580042838167,0.429450093783913,98.9447375728964,23.2917509552708,0.370869858395145,0,0,50,coarse
45,10,0.666481532907526,0.666481532907526,0.222160510969175,0.491061794566463,-18.8229497754205,-0.201072600494395,99.3335184670925,22.6904922454484,0.972128568217577,0,0,55,coarse
45,15,0.222160510969175,0.222160510969175,0.0833101916134407,-1.55884643154033,-21.4757061810816,-3.55053387317407,99.7778394890308,21.85322544392,1.80939536974601,0,0,60,coarse
45,20,0.111080255484588,0.111080255484588,0.0138850319355735,-2.20627814736113,-22.9737119959034,-6.24468900638881,99.8889197445154,20.6795547744581,3.01753202966959,0,0,65,coarse
45,25,0.111080255484588,0.111080255484588,0,-2.20627814736113,-24.5145204979016,-6.24468900638881,99.8889197445154,19.139132389301,4.65454969125015,0,0,70,coarse
45,30,0.111080255484588,0.111080255484588,0,-2.20627814736113,-26.3763860226619,-6.24468900638881,99.8889197445154,15.8523725834798,8.00179815688919,0,0,75,coarse
45,35,0.111080255484588,0.111080255484588,0,-2.20627814736113,-28.4693193484368,-6.24468900638881,99.8889197445154,11.8285007866936,11.8341200269724,0,0,80,coarse
45,40,0.111080255484588,0.111080255484588,0,-2.20627814736113,-32.4117305229975,-6.24468900638881,99.8889197445154,5.33612955842945,18.509777478085,0,0,85,coarse
45,45,0.111080255484588,0.111080255484588,0,-2.20627974061853,-40.4616371841312,-6.24469327113031,99.8889197445154,0,23.662620813666,0,0,90,coarse
50,0,1.05526242710358,1.05526242710358,0.833101916134407,22.6372972552742,-15.5001494474936,11.8504452772284,98.9447375728964,28.6356484603282,0,0,0,50,coarse
50,0.5,1.05526242710358,1.05526242710358,0.833101916134407,22.6372972552742,-15.5001494474936,11.8504452772284,98.9447375728964,28.6356484603282,0,0,0,50.5,coarse
50,1,1.05526242710358,1.05526242710358,0.819216884198834,19.2828507924109,-15.5001494474936,10.8452303233096,98.9447375728964,28.6300292200495,0.011650937900501,0,0,51,coarse
50,2,1.05526242710358,1.05526242710358,0.652596500971952,12.6422277148274,-15.8136380385412,6.81745145904021,98.9447375728964,28.5513598561474,0.0842886041807148,0,0,52,coarse
50,3,1.05526242710358,1.05526242710358,0.541516245487365,6.99635133187364,-16.051955717585,2.4322884367043,98.9447375728964,28.4670712519667,0.16857720836143,0,0,53,coarse
50,5,1.05526242710358,1.05526242710358,0.388780894196057,3.44909315044268,-16.8580042838167,0.429450093783913,98.9447375728964,28.264778601933,0.370869858395145,0,0,55,coarse
50,10,0.666481532907526,0.666481532907526,0.222160510969175,0.491061794566463,-18.8229497754205,-0.201072600494395,99.3335184670925,27.6635198921106,0.972128568217577,0,0,60,coarse
50,15,0.222160510969175,0.222160510969175,0.0833101916134407,-1.55884643154033,-21.4757061810816,-3.55053387317407,99.7778394890308,26.8262530905822,1.80939536974601,0,0,65,coarse
50,20,0.111080255484588,0.111080255484588,0.0138850319355735,-2.20627814736113,-22.9737119959034,-6.24468900638881,99.8889197445154,25.6181164306586,3.01753202966959,0,0,70,coarse
50,25,0.111080255484588,0.111080255484588,0,-2.20627814736113,-24.5145204979016,-6.24468900638881,99.8889197445154,24.1121600359631,4.65454969125015,0,0,75,coarse
50,30,0.111080255484588,0.111080255484588,0,-2.20627814736113,-26.3763860226619,-6.24468900638881,99.8889197445154,20.633850303439,8.00179815688919,0,0,80,coarse
50,35,0.111080255484588,0.111080255484588,0,-2.20627814736113,-28.4693193484368,-6.24468900638881,99.8889197445154,16.8015284333558,11.8341200269724,0,0,85,coarse
50,40,0.111080255484588,0.111080255484588,0,-2.20627814736113,-32.4117305229975,-6.24468900638881,99.8889197445154,10.2430133657351,18.509777478085,0,0,90,coarse
50,45,0.111080255484588,0.111080255484588,0,-2.20627974061853,-40.4616371841312,-6.24469327113031,99.8889197445154,4.97302764666217,23.662620813666,0,0,95,coarse
50,50,0.111080255484588,0.111080255484588,0,-2.20627974061853,-44.7459520459216,-6.24469405491057,99.8889197445154,0,28.6356484603282,0,0,100,coarse
55,0,1.05526242710358,1.05526242710358,0.833101916134407,22.6372972552742,-15.5001494474936,11.8504452772284,98.9447375728964,32.5578781748708,0,0,0,55,coarse
55,0.5,1.05526242710358,1.05526242710358,0.833101916134407,22.6372972552742,-15.5001494474936,11.8504452772284,98.9447375728964,32.5578781748708,0,0,0,55.5,coarse
55,1,1.05526242710358,1.05526242710358,0.819216884198834,19.2828507924109,-15.5001494474936,10.8452303233096,98.9447375728964,32.552258934592,0.011650937900501,0,0,56,coarse
55,2,1.05526242710358,1.05526242710358,0.652596500971952,12.6422277148274,-15.8136380385412,6.81745145904021,98.9447375728964,32.47358957069,0.0842886041807148,0,0,57,coarse
55,3,1.05526242710358,1.05526242710358,0.541516245487365,6.99635133187364,-16.051955717585,2.4322884367043,98.9447375728964,32.3893009665093,0.16857720836143,0,0,58,coarse
55,5,1.05526242710358,1.05526242710358,0.388780894196057,3.44909315044268,-16.8580042838167,0.429450093783913,98.9447375728964,32.1870083164756,0.370869858395145,0,0,60,coarse
55,10,0.666481532907526,0.666481532907526,0.222160510969175,0.491061794566463,-18.8229497754205,-0.201072600494395,99.3335184670925,31.5857496066532,0.972128568217577,0,0,65,coarse
55,15,0.222160510969175,0.222160510969175,0.0833101916134407,-1.55884643154033,-21.4757061810816,-3.55053387317407,99.7778394890308,30.7484828051247,1.80939536974601,0,0,70,coarse
55,20,0.111080255484588,0.111080255484588,0.0138850319355735,-2.20627814736113,-22.9737119959034,-6.24468900638881,99.8889197445154,29.5403461452012,3.01753202966959,0,0,75,coarse
55,25,0.111080255484588,0.111080255484588,0,-2.20627814736113,-24.5145204979016,-6.24468900638881,99.8889197445154,28.0343897505057,4.65454969125015,0,0,80,coarse
55,30,0.111080255484588,0.111080255484588,0,-2.20627814736113,-26.3763860226619,-6.24468900638881,99.8889197445154,24.9696233292831,8.00179815688919,0,0,85,coarse
55,35,0.111080255484588,0.111080255484588,0,-2.20627814736113,-28.4693193484368,-6.24468900638881,99.8889197445154,21.2818955042527,11.8341200269724,0,0,90,coarse
55,40,0.111080255484588,0.111080255484588,0,-2.20627814736113,-32.4117305229975,-6.24468900638881,99.8889197445154,15.7837181044957,18.509777478085,0,0,95,coarse
55,45,0.111080255484588,0.111080255484588,0,-2.20627974061853,-40.4789689483205,-6.24469327113031,99.8889197445154,10.4799513973269,23.662620813666,0,0,100,coarse
55,50,0.111080255484588,0.111080255484588,0,-2.20627974061853,-44.7459520459216,-6.24469405491057,99.8889197445154,5.54070473876063,28.6356484603282,0,0,105,coarse
55,55,0.111080255484588,0.111080255484588,0,-2.20627974061853,-44.8787014404561,-6.24469405491057,99.8889197445154,0,32.5578781748708,0,0,110,coarse
60,0,1.05526242710358,1.05526242710358,0.833101916134407,22.6372972552742,-15.5001494474936,11.8504452772284,98.9447375728964,36.9408855922679,0,0,0,60,coarse
60,0.5,1.05526242710358,1.05526242710358,0.833101916134407,22.6372972552742,-15.5001494474936,11.8504452772284,98.9447375728964,36.9408855922679,0,0,0,60.5,coarse
60,1,1.05526242710358,1.05526242710358,0.819216884198834,19.2828507924109,-15.5001494474936,10.8452303233096,98.9447375728964,36.9352663519892,0.011650937900501,0,0,61,coarse
60,2,1.05526242710358,1.05526242710358,0.652596500971952,12.6422277148274,-15.8136380385412,6.81745145904021,98.9447375728964,36.8565969880872,0.0842886041807148,0,0,62,coarse
60,3,1.05526242710358,1.05526242710358,0.541516245487365,6.99635133187364,-16.051955717585,2.4322884367043,98.9447375728964,36.7723083839065,0.16857720836143,0,0,63,coarse
60,5,1.05526242710358,1.05526242710358,0.388780894196057,3.44909315044268,-16.8580042838167,0.429450093783913,98.9447375728964,36.613942589338,0.370869858395145,0,0,65,coarse
60,10,0.666481532907526,0.666481532907526,0.222160510969175,0.491061794566463,-18.8229497754205,-0.201072600494395,99.3335184670925,36.3061968408262,0.972128568217577,0,0,70,coarse
60,15,0.222160510969175,0.222160510969175,0.0833101916134407,-1.55884643154033,-21.4757061810816,-3.55053387317407,99.7778394890308,35.5164034021871,1.80939536974601,0,0,75,coarse
60,20,0.111080255484588,0.111080255484588,0.0138850319355735,-2.20627814736113,-22.9737119959034,-6.24468900638881,99.8889197445154,34.3742405832321,3.01753202966959,0,0,80,coarse
60,25,0.111080255484588,0.111080255484588,0,-2.20627814736113,-24.5145204979016,-6.24468900638881,99.8889197445154,32.6245443499392,4.65454969125015,0,0,85,coarse
60,30,0.111080255484588,0.111080255484588,0,-2.20627814736113,-26.3763860226619,-6.24468900638881,99.8889197445154,30.5164034021871,8.00179815688919,0,0,90,coarse
60,35,0.111080255484588,0.111080255484588,0,-2.20627814736113,-28.4693193484368,-6.24468900638881,99.8889197445154,26.8286755771567,11.8341200269724,0,0,95,coarse
60,40,0.111080255484588,0.111080255484588,0,-2.20627814736113,-32.4117305229975,-6.24468900638881,99.8889197445154,21.3304981773998,18.509777478085,0,0,100,coarse
60,45,0.111080255484588,0.111080255484588,0,-2.20627974061853,-40.5471173086621,-6.24469327113031,99.8889197445154,16.0267314702309,23.662620813666,0,0,105,coarse
60,50,0.111080255484588,0.111080255484588,0,-2.20627974061853,-44.7459520459216,-6.24469405491057,99.8889197445154,11.0874848116646,28.6356484603282,0,0,110,coarse
60,55,0.111080255484588,0.111080255484588,0,-2.20627974061853,-44.8787014404561,-6.24469405491057,99.8889197445154,5.54678007290401,32.5578781748708,0,0,115,coarse
60,60,0.111080255484588,0.111080255484588,0,-2.20628327048493,-45.5976475324952,-6.24470351943206,99.8889197445154,0,36.9408855922679,0,0,120,coarse
65,0,1.05526242710358,1.05526242710358,0.833101916134407,22.6372972552742,-15.5001494474936,11.8504452772284,98.9447375728964,42.0959902794654,0,0,0,65,coarse
65,0.5,1.05526242710358,1.05526242710358,0.833101916134407,22.6372972552742,-15.5001494474936,11.8504452772284,98.9447375728964,42.0959902794654,0,0,0,65.5,coarse
65,1,1.05526242710358,1.05526242710358,0.819216884198834,19.2828507924109,-15.5001494474936,10.8452303233096,98.9447375728964,42.0959902794654,0.011650937900501,0,0,66,coarse
65,2,1.05526242710358,1.05526242710358,0.652596500971952,12.6422277148274,-15.8136380385412,6.81745145904021,98.9447375728964,42.0959902794654,0.0842886041807148,0,0,67,coarse
65,3,1.05526242710358,1.05526242710358,0.541516245487365,6.99635133187364,-16.051955717585,2.4322884367043,98.9447375728964,42.0959902794654,0.16857720836143,0,0,68,coarse
65,5,1.05526242710358,1.05526242710358,0.388780894196057,3.44909315044268,-16.8580042838167,0.429450093783913,98.9447375728964,42.0959902794654,0.370869858395145,0,0,70,coarse
65,10,0.666481532907526,0.666481532907526,0.222160510969175,0.491061794566463,-18.8229497754205,-0.201072600494395,99.3335184670925,41.8226002430134,0.972128568217577,0,0,75,coarse
65,15,0.222160510969175,0.222160510969175,0.0833101916134407,-1.55884643154033,-21.4757061810816,-3.55053387317407,99.7778394890308,41.0328068043742,1.80939536974601,0,0,80,coarse
65,20,0.111080255484588,0.111080255484588,0.0138850319355735,-2.20627814736113,-22.9737119959034,-6.24468900638881,99.8889197445154,39.8906439854192,3.01753202966959,0,0,85,coarse
65,25,0.111080255484588,0.111080255484588,0,-2.20627814736113,-24.5145204979016,-6.24468900638881,99.8889197445154,38.1409477521264,4.65454969125015,0,0,90,coarse
65,30,0.111080255484588,0.111080255484588,0,-2.20627814736113,-26.3763860226619,-6.24468900638881,99.8889197445154,36.0328068043742,8.00179815688919,0,0,95,coarse
65,35,0.111080255484588,0.111080255484588,0,-2.20627814736113,-28.4832739606456,-6.24468900638881,99.8889197445154,32.3450789793439,11.8341200269724,0,0,100,coarse
65,40,0.111080255484588,0.111080255484588,0,-2.20627814736113,-32.5710426954892,-6.24468900638881,99.8889197445154,26.8469015795869,18.509777478085,0,0,105,coarse
65,45,0.111080255484588,0.111080255484588,0,-2.20627974061853,-40.6802113848721,-6.24469327113031,99.8889197445154,21.543134872418,23.662620813666,0,0,110,coarse
65,50,0.111080255484588,0.111080255484588,0,-2.20627974061853,-44.7459520459216,-6.24469405491057,99.8889197445154,16.6038882138518,28.6356484603282,0,0,115,coarse
65,55,0.111080255484588,0.111080255484588,0,-2.20627974061853,-44.8787014404561,-6.24469405491057,99.8889197445154,11.0631834750911,32.5578781748708,0,0,120,coarse
65,60,0.111080255484588,0.111080255484588,0,-2.20628327048493,-45.5976475324952,-6.24470351943206,99.8889197445154,5.51640340218712,36.9408855922679,0,0,125,coarse
65,65,0.111080255484588,0.111080255484588,0,-2.20628327048493,-45.813661761509,-6.2447043930047,99.8889197445154,0,42.0959902794654,0,0,130,coarse
70,0,1.05526242710358,1.05526242710358,0.833101916134407,22.6372972552742,-15.5001494474936,11.8504452772284,98.9447375728964,48.3171324422843,0,0,0,70,coarse
70,0.5,1.05526242710358,1.05526242710358,0.833101916134407,22.6372972552742,-15.5001494474936,11.8504452772284,98.9447375728964,48.3171324422843,0,0,0,70.5,coarse
70,1,1.05526242710358,1.05526242710358,0.819216884198834,19.2828507924109,-15.5001494474936,10.8452303233096,98.9447375728964,48.3171324422843,0.011650937900501,0,0,71,coarse
70,2,1.05526242710358,1.05526242710358,0.652596500971952,12.6422277148274,-15.8136380385412,6.81745145904021,98.9447375728964,48.3171324422843,0.0842886041807148,0,0,72,coarse
70,3,1.05526242710358,1.05526242710358,0.541516245487365,6.99635133187364,-16.051955717585,2.4322884367043,98.9447375728964,48.3171324422843,0.16857720836143,0,0,73,coarse
70,5,1.05526242710358,1.05526242710358,0.388780894196057,3.44909315044268,-16.8580042838167,0.429450093783913,98.9447375728964,48.3171324422843,0.370869858395145,0,0,75,coarse
70,10,0.666481532907526,0.666481532907526,0.222160510969175,0.491061794566463,-18.8229497754205,-0.201072600494395,99.3335184670925,48.0437424058323,0.972128568217577,0,0,80,coarse
70,15,0.222160510969175,0.222160510969175,0.0833101916134407,-1.55884643154033,-21.5370676651344,-3.55053387317407,99.7778394890308,47.2539489671932,1.80939536974601,0,0,85,coarse
70,20,0.111080255484588,0.111080255484588,0.0138850319355735,-2.20627814736113,-23.0493580294582,-6.24468900638881,99.8889197445154,46.1117861482382,3.01753202966959,0,0,90,coarse
70,25,0.111080255484588,0.111080255484588,0,-2.20627814736113,-24.599615582224,-6.24468900638881,99.8889197445154,44.3620899149453,4.65454969125015,0,0,95,coarse
70,30,0.111080255484588,0.111080255484588,0,-2.20627814736113,-26.4421951622418,-6.24468900638881,99.8889197445154,42.2539489671932,8.00179815688919,0,0,100,coarse
70,35,0.111080255484588,0.111080255484588,0,-2.20627814736113,-28.5103683466439,-6.24468900638881,99.8889197445154,38.5662211421628,11.8341200269724,0,0,105,coarse
70,40,0.111080255484588,0.111080255484588,0,-2.20627814736113,-32.6669212298131,-6.24468900638881,99.8889197445154,33.0680437424058,18.509777478085,0,0,110,coarse
70,45,0.111080255484588,0.111080255484588,0,-2.20627974061853,-40.8976931699383,-6.24469327113031,99.8889197445154,27.7642770352369,23.662620813666,0,0,115,coarse
70,50,0.111080255484588,0.111080255484588,0,-2.20627974061853,-44.7459520459216,-6.24469405491057,99.8889197445154,22.8250303766707,28.6356484603282,0,0,120,coarse
70,55,0.111080255484588,0.111080255484588,0,-2.20627974061853,-44.8787014404561,-6.24469405491057,99.8889197445154,17.2843256379101,32.5578781748708,0,0,125,coarse
70,60,0.111080255484588,0.111080255484588,0,-2.20628327048493,-45.5976475324952,-6.24470351943206,99.8889197445154,11.7375455650061,36.9408855922679,0,0,130,coarse
70,65,0.111080255484588,0.111080255484588,0,-2.20628327048493,-45.813661761509,-6.2447043930047,99.8889197445154,6.22114216281896,42.0959902794654,0,0,135,coarse
70,70,0.111080255484588,0.111080255484588,0,-2.20628507785014,-46.0728883568518,-6.24470800487599,99.8889197445154,0,48.3171324422843,0,0,140,coarse
75,0,1.05526242710358,1.05526242710358,0.833101916134407,22.6372972552742,-15.5001494474936,11.8504452772284,98.9447375728964,54.277035236938,0,0,0,75,coarse
75,0.5,1.05526242710358,1.05526242710358,0.833101916134407,22.6372972552742,-15.5001494474936,11.8504452772284,98.9447375728964,54.277035236938,0,0,0,75.5,coarse
75,1,1.05526242710358,1.05526242710358,0.819216884198834,19.2828507924109,-15.5001494474936,10.8452303233096,98.9447375728964,54.277035236938,0.011650937900501,0,0,76,coarse
75,2,1.05526242710358,1.05526242710358,0.652596500971952,12.6422277148274,-15.8136380385412,6.81745145904021,98.9447375728964,54.277035236938,0.0842886041807148,0,0,77,coarse
75,3,1.05526242710358,1.05526242710358,0.541516245487365,6.99635133187364,-16.051955717585,2.4322884367043,98.9447375728964,54.277035236938,0.16857720836143,0,0,78,coarse
75,5,1.05526242710358,1.05526242710358,0.388780894196057,3.44909315044268,-16.8580042838167,0.429450093783913,98.9447375728964,54.277035236938,0.370869858395145,0,0,80,coarse
75,10,0.666481532907526,0.666481532907526,0.222160510969175,0.491061794566463,-18.8705917422397,-0.201072600494395,99.3335184670925,54.003645200486,0.972128568217577,0,0,85,coarse
75,15,0.222160510969175,0.222160510969175,0.0833101916134407,-1.55884643154033,-21.5999792477072,-3.55053387317407,99.7778394890308,53.2138517618469,1.80939536974601,0,0,90,coarse
75,20,0.111080255484588,0.111080255484588,0.0138850319355735,-2.20627814736113,-23.1728841570581,-6.24468900638881,99.8889197445154,52.0716889428919,3.01753202966959,0,0,95,coarse
75,25,0.111080255484588,0.111080255484588,0,-2.20627814736113,-24.6960837967629,-6.24468900638881,99.8889197445154,50.321992709599,4.65454969125015,0,0,100,coarse
75,30,0.111080255484588,0.111080255484588,0,-2.20627814736113,-26.5640161227163,-6.24468900638881,99.8889197445154,48.2138517618469,8.00179815688919,0,0,105,coarse
75,35,0.111080255484588,0.111080255484588,0,-2.20627814736113,-28.595653146112,-6.24468900638881,99.8889197445154,44.5261239368165,11.8341200269724,0,0,110,coarse
75,40,0.111080255484588,0.111080255484588,0,-2.20627814736113,-32.8775794788568,-6.24468900638881,99.8889197445154,39.0279465370595,18.509777478085,0,0,115,coarse
75,45,0.111080255484588,0.111080255484588,0,-2.20627974061853,-41.4235676928379,-6.24469327113031,99.8889197445154,33.7241798298906,23.662620813666,0,0,120,coarse
75,50,0.111080255484588,0.111080255484588,0,-2.20627974061853,-44.890322948704,-6.24469405491057,99.8889197445154,28.7849331713244,28.6356484603282,0,0,125,coarse
75,55,0.111080255484588,0.111080255484588,0,-2.20627974061853,-44.9873253475524,-6.24469405491057,99.8889197445154,23.2442284325638,32.5578781748708,0,0,130,coarse
75,60,0.111080255484588,0.111080255484588,0,-2.20628327048493,-45.6805029834759,-6.24470351943206,99.8889197445154,17.6974483596598,36.9408855922679,0,0,135,coarse
75,65,0.111080255484588,0.111080255484588,0,-2.20628327048493,-45.8370429835792,-6.2447043930047,99.8889197445154,12.1810449574727,42.0959902794654,0,0,140,coarse
75,70,0.111080255484588,0.111080255484588,0,-2.20628507785014,-46.0871127517579,-6.24470800487599,99.8889197445154,5.95990279465371,48.3171324422843,0,0,145,coarse
75,75,0.111080255484588,0.111080255484588,0,-2.20628507785014,-46.3267104771251,-6.24471147188028,99.8889197445154,0,54.277035236938,0,0,150,coarse
80,0,1.05526242710358,1.05526242710358,0.833101916134407,22.6372972552742,-15.5001494474936,11.8504452772284,98.9447375728964,59.1555285540705,0,0,0,80,coarse
80,0.5,1.05526242710358,1.05526242710358,0.833101916134407,22.6372972552742,-15.5001494474936,11.8504452772284,98.9447375728964,59.1555285540705,0,0,0,80.5,coarse
80,1,1.05526242710358,1.05526242710358,0.819216884198834,19.2828507924109,-15.5001494474936,10.8452303233096,98.9447375728964,59.1555285540705,0.011650937900501,0,0,81,coarse
80,2,1.05526242710358,1.05526242710358,0.652596500971952,12.6422277148274,-15.8136380385412,6.81745145904021,98.9447375728964,59.1555285540705,0.0842886041807148,0,0,82,coarse
80,3,1.05526242710358,1.05526242710358,0.541516245487365,6.99635133187364,-16.051955717585,2.4322884367043,98.9447375728964,59.1555285540705,0.16857720836143,0,0,83,coarse
80,5,1.05526242710358,1.05526242710358,0.388780894196057,3.44909315044268,-16.8580042838167,0.429450093783913,98.9447375728964,59.1555285540705,0.370869858395145,0,0,85,coarse
80,10,0.666481532907526,0.666481532907526,0.222160510969175,0.491061794566463,-18.8705917422397,-0.201072600494395,99.3335184670925,58.8821385176185,0.972128568217577,0,0,90,coarse
80,15,0.222160510969175,0.222160510969175,0.0833101916134407,-1.55884643154033,-21.5999792477072,-3.55053387317407,99.7778394890308,58.0923450789793,1.80939536974601,0,0,95,coarse
80,20,0.111080255484588,0.111080255484588,0.0138850319355735,-2.20627814736113,-23.1728841570581,-6.24468900638881,99.8889197445154,56.9501822600243,3.01753202966959,0,0,100,coarse
80,25,0.111080255484588,0.111080255484588,0,-2.20627814736113,-24.6960837967629,-6.24468900638881,99.8889197445154,55.2004860267315,4.65454969125015,0,0,105,coarse
80,30,0.111080255484588,0.111080255484588,0,-2.20627814736113,-26.5640161227163,-6.24468900638881,99.8889197445154,53.0923450789793,8.00179815688919,0,0,110,coarse
80,35,0.111080255484588,0.111080255484588,0,-2.20627814736113,-28.6850546186109,-6.24468900638881,99.8889197445154,49.404617253949,11.8341200269724,0,0,115,coarse
80,40,0.111080255484588,0.111080255484588,0,-2.20627814736113,-32.8775794788568,-6.24468900638881,99.8889197445154,43.906439854192,18.509777478085,0,0,120,coarse
80,45,0.111080255484588,0.111080255484588,0,-2.20627974061853,-41.6215979101769,-6.24469327113031,99.8889197445154,38.6026731470231,23.662620813666,0,0,125,coarse
80,50,0.111080255484588,0.111080255484588,0,-2.20627974061853,-45.145188168411,-6.24469405491057,99.8889197445154,33.6634264884569,28.6356484603282,0,0,130,coarse
80,55,0.111080255484588,0.111080255484588,0,-2.20627974061853,-45.3197974604243,-6.24469405491057,99.8889197445154,28.1227217496962,32.5578781748708,0,0,135,coarse
80,60,0.111080255484588,0.111080255484588,0,-2.20628327048493,-45.8203660926292,-6.24470351943206,99.8889197445154,22.5759416767922,36.9408855922679,0,0,140,coarse
80,65,0.111080255484588,0.111080255484588,0,-2.20628327048493,-45.9470883797037,-6.2447043930047,99.8889197445154,17.0595382746051,42.0959902794654,0,0,145,coarse
80,70,0.111080255484588,0.111080255484588,0,-2.20628507785014,-46.2701824111312,-6.24470800487599,99.8889197445154,11.0486233157586,48.3171324422843,0,0,150,coarse
80,75,0.111080255484588,0.111080255484588,0,-2.20628507785014,-46.3707214968557,-6.24471147188028,99.8889197445154,5.69790964261632,54.277035236938,0,0,155,coarse
80,80,0.111080255484588,0.111080255484588,0,-2.20629250037345,-46.6603056748758,-6.24472665134796,99.8889197445154,0,59.1555285540705,0,0,160,coarse
85,0,1.05526242710358,1.05526242710358,0.833101916134407,22.6372972552742,-15.5001494474936,11.8504452772284,98.9447375728964,64.4835965978129,0,0,0,85,coarse
85,0.5,1.05526242710358,1.05526242710358,0.833101916134407,22.6372972552742,-15.5001494474936,11.8504452772284,98.9447375728964,64.4835965978129,0,0,0,85.5,coarse
85,1,1.05526242710358,1.05526242710358,0.819216884198834,19.2828507924109,-15.5001494474936,10.8452303233096,98.9447375728964,64.4835965978129,0.011650937900501,0,0,86,coarse
85,2,1.05526242710358,1.05526242710358,0.652596500971952,12.6422277148274,-15.8136380385412,6.81745145904021,98.9447375728964,64.4835965978129,0.0842886041807148,0,0,87,coarse
85,3,1.05526242710358,1.05526242710358,0.541516245487365,6.99635133187364,-16.051955717585,2.4322884367043,98.9447375728964,64.4835965978129,0.16857720836143,0,0,88,coarse
85,5,1.05526242710358,1.05526242710358,0.388780894196057,3.44909315044268,-16.8580042838167,0.429450093783913,98.9447375728964,64.4835965978129,0.370869858395145,0,0,90,coarse
85,10,0.666481532907526,0.666481532907526,0.222160510969175,0.491061794566463,-18.8705917422397,-0.201072600494395,99.3335184670925,64.2102065613609,0.972128568217577,0,0,95,coarse
85,15,0.222160510969175,0.222160510969175,0.0833101916134407,-1.55884643154033,-21.5999792477072,-3.55053387317407,99.7778394890308,63.4204131227217,1.80939536974601,0,0,100,coarse
85,20,0.111080255484588,0.111080255484588,0.0138850319355735,-2.20627814736113,-23.1728841570581,-6.24468900638881,99.8889197445154,62.2782503037667,3.01753202966959,0,0,105,coarse
85,25,0.111080255484588,0.111080255484588,0,-2.20627814736113,-24.6960837967629,-6.24468900638881,99.8889197445154,60.5285540704739,4.65454969125015,0,0,110,coarse
85,30,0.111080255484588,0.111080255484588,0,-2.20627814736113,-26.5640161227163,-6.24468900638881,99.8889197445154,58.4204131227217,8.00179815688919,0,0,115,coarse
85,35,0.111080255484588,0.111080255484588,0,-2.20627814736113,-28.6939295024189,-6.24468900638881,99.8889197445154,54.7326852976914,11.8341200269724,0,0,120,coarse
85,40,0.111080255484588,0.111080255484588,0,-2.20627814736113,-32.8775794788568,-6.24468900638881,99.8889197445154,49.2345078979344,18.509777478085,0,0,125,coarse
85,45,0.111080255484588,0.111080255484588,0,-2.20627974061853,-41.6937410131674,-6.24469327113031,99.8889197445154,43.9307411907655,23.662620813666,0,0,130,coarse
85,50,0.111080255484588,0.111080255484588,0,-2.20627974061853,-45.2694139905357,-6.24469405491057,99.8889197445154,38.9914945321993,28.6356484603282,0,0,135,coarse
85,55,0.111080255484588,0.111080255484588,0,-2.20627974061853,-45.4640258951371,-6.24469405491057,99.8889197445154,33.4507897934386,32.5578781748708,0,0,140,coarse
85,60,0.111080255484588,0.111080255484588,0,-2.20628327048493,-45.8275476997753,-6.24470351943206,99.8889197445154,27.9040097205346,36.9408855922679,0,0,145,coarse
85,65,0.111080255484588,0.111080255484588,0,-2.20628327048493,-45.9884406512547,-6.2447043930047,99.8889197445154,22.3876063183475,42.0959902794654,0,0,150,coarse
85,70,0.111080255484588,0.111080255484588,0,-2.20628507785014,-46.2859313659384,-6.24470800487599,99.8889197445154,16.1664641555286,48.3171324422843,0,0,155,coarse
85,75,0.111080255484588,0.111080255484588,0,-2.20628507785014,-46.3707214968557,-6.24471147188028,99.8889197445154,11.5643964935941,54.277035236938,0,0,160,coarse
85,80,0.111080255484588,0.111080255484588,0,-2.20629250037345,-46.6603056748758,-6.24472665134796,99.8889197445154,5.86648685097775,59.1555285540705,0,0,165,coarse
85,85,0.111080255484588,0.111080255484588,0,-2.20629250037345,-47.420381663954,-6.24472665134796,99.8889197445154,0,64.4835965978129,0,0,170,coarse
90,0,1.05526242710358,1.05526242710358,0.833101916134407,22.6372972552742,-15.5001494474936,11.8504452772284,98.9447375728964,68.63304981774,0,0,0,90,coarse
90,0.5,1.05526242710358,1.05526242710358,0.833101916134407,22.6372972552742,-15.5001494474936,11.8504452772284,98.9447375728964,68.63304981774,0,0,0,90.5,coarse
90,1,1.05526242710358,1.05526242710358,0.819216884198834,19.2828507924109,-15.5001494474936,10.8452303233096,98.9447375728964,68.63304981774,0.011650937900501,0,0,91,coarse
90,2,1.05526242710358,1.05526242710358,0.652596500971952,12.6422277148274,-15.8136380385412,6.81745145904021,98.9447375728964,68.63304981774,0.0842886041807148,0,0,92,coarse
90,3,1.05526242710358,1.05526242710358,0.541516245487365,6.99635133187364,-16.051955717585,2.4322884367043,98.9447375728964,68.63304981774,0.16857720836143,0,0,93,coarse
90,5,1.05526242710358,1.05526242710358,0.388780894196057,3.44909315044268,-16.8580042838167,0.429450093783913,98.9447375728964,68.63304981774,0.370869858395145,0,0,95,coarse
90,10,0.666481532907526,0.666481532907526,0.222160510969175,0.491061794566463,-18.8705917422397,-0.201072600494395,99.3335184670925,68.359659781288,0.972128568217577,0,0,100,coarse
90,15,0.222160510969175,0.222160510969175,0.0833101916134407,-1.55884643154033,-21.5999792477072,-3.55053387317407,99.7778394890308,67.5698663426489,1.80939536974601,0,0,105,coarse
90,20,0.111080255484588,0.111080255484588,0.0138850319355735,-2.20627814736113,-23.1728841570581,-6.24468900638881,99.8889197445154,66.4277035236938,3.01753202966959,0,0,110,coarse
90,25,0.111080255484588,0.111080255484588,0,-2.20627814736113,-24.6960837967629,-6.24468900638881,99.8889197445154,64.678007290401,4.65454969125015,0,0,115,coarse
90,30,0.111080255484588,0.111080255484588,0,-2.20627814736113,-26.5640161227163,-6.24468900638881,99.8889197445154,62.5698663426488,8.00179815688919,0,0,120,coarse
90,35,0.111080255484588,0.111080255484588,0,-2.20627814736113,-28.6939295024189,-6.24468900638881,99.8889197445154,58.8821385176185,11.8341200269724,0,0,125,coarse
90,40,0.111080255484588,0.111080255484588,0,-2.20627814736113,-32.8775794788568,-6.24468900638881,99.8889197445154,53.3839611178615,18.509777478085,0,0,130,coarse
90,45,0.111080255484588,0.111080255484588,0,-2.20627974061853,-41.6937410131674,-6.24469327113031,99.8889197445154,48.0801944106926,23.662620813666,0,0,135,coarse
90,50,0.111080255484588,0.111080255484588,0,-2.20627974061853,-45.2694139905357,-6.24469405491057,99.8889197445154,43.1409477521264,28.6356484603282,0,0,140,coarse
90,55,0.111080255484588,0.111080255484588,0,-2.20627974061853,-45.4640258951371,-6.24469405491057,99.8889197445154,37.6002430133657,32.5578781748708,0,0,145,coarse
90,60,0.111080255484588,0.111080255484588,0,-2.20628327048493,-45.8275476997753,-6.24470351943206,99.8889197445154,32.0534629404617,36.9408855922679,0,0,150,coarse
90,65,0.111080255484588,0.111080255484588,0,-2.20628327048493,-45.9884406512547,-6.2447043930047,99.8889197445154,26.5370595382746,42.0959902794654,0,0,155,coarse
90,70,0.111080255484588,0.111080255484588,0,-2.20628507785014,-46.2859313659384,-6.24470800487599,99.8889197445154,21.0440548437851,48.3171324422843,0,0,160,coarse
90,75,0.111080255484588,0.111080255484588,0,-2.20628507785014,-46.3707214968557,-6.24471147188028,99.8889197445154,16.4980894583052,54.277035236938,0,0,165,coarse
90,80,0.111080255484588,0.111080255484588,0,-2.20629250037345,-46.6603056748758,-6.24472665134796,99.8889197445154,10.8001798156889,59.1555285540705,0,0,170,coarse
90,85,0.111080255484588,0.111080255484588,0,-2.20629250037345,-47.420381663954,-6.24472665134796,99.8889197445154,4.93369296471117,64.4835965978129,0,0,175,coarse
90,90,0.111080255484588,0.111080255484588,0,-2.20629250037345,-47.7448294375169,-6.24472665134796,99.8889197445154,0,68.63304981774,0,0,180,coarse
95,0,1.05526242710358,1.05526242710358,0.833101916134407,22.6372972552742,-15.5001494474936,11.8504452772284,98.9447375728964,72.6063183475091,0,0,0,95,coarse
95,0.5,1.05526242710358,1.05526242710358,0.833101916134407,22.6372972552742,-15.5001494474936,11.8504452772284,98.9447375728964,72.6063183475091,0,0,0,95.5,coarse
95,1,1.05526242710358,1.05526242710358,0.819216884198834,19.2828507924109,-15.5001494474936,10.8452303233096,98.9447375728964,72.6063183475091,0.011650937900501,0,0,96,coarse
95,2,1.05526242710358,1.05526242710358,0.652596500971952,12.6422277148274,-15.8136380385412,6.81745145904021,98.9447375728964,72.6063183475091,0.0842886041807148,0,0,97,coarse
95,3,1.05526242710358,1.05526242710358,0.541516245487365,6.99635133187364,-16.051955717585,2.4322884367043,98.9447375728964,72.6063183475091,0.16857720836143,0,0,98,coarse
95,5,1.05526242710358,1.05526242710358,0.388780894196057,3.44909315044268,-16.8580042838167,0.429450093783913,98.9447375728964,72.6063183475091,0.370869858395145,0,0,100,coarse
95,10,0.666481532907526,0.666481532907526,0.222160510969175,0.491061794566463,-18.8705917422397,-0.201072600494395,99.3335184670925,72.3329283110571,0.972128568217577,0,0,105,coarse
95,15,0.222160510969175,0.222160510969175,0.0833101916134407,-1.55884643154033,-21.5999792477072,-3.55053387317407,99.7778394890308,71.543134872418,1.80939536974601,0,0,110,coarse
95,20,0.111080255484588,0.111080255484588,0.0138850319355735,-2.20627814736113,-23.1728841570581,-6.24468900638881,99.8889197445154,70.4009720534629,3.01753202966959,0,0,115,coarse
95,25,0.111080255484588,0.111080255484588,0,-2.20627814736113,-24.6960837967629,-6.24468900638881,99.8889197445154,68.6512758201701,4.65454969125015,0,0,120,coarse
95,30,0.111080255484588,0.111080255484588,0,-2.20627814736113,-26.5640161227163,-6.24468900638881,99.8889197445154,66.543134872418,8.00179815688919,0,0,125,coarse
95,35,0.111080255484588,0.111080255484588,0,-2.20627814736113,-28.6939295024189,-6.24468900638881,99.8889197445154,62.8554070473876,11.8341200269724,0,0,130,coarse
95,40,0.111080255484588,0.111080255484588,0,-2.20627814736113,-32.8775794788568,-6.24468900638881,99.8889197445154,57.3572296476306,18.509777478085,0,0,135,coarse
95,45,0.111080255484588,0.111080255484588,0,-2.20627974061853,-41.6937410131674,-6.24469327113031,99.8889197445154,52.0534629404617,23.662620813666,0,0,140,coarse
95,50,0.111080255484588,0.111080255484588,0,-2.20627974061853,-45.4240496360712,-6.24469405491057,99.8889197445154,47.1142162818955,28.6356484603282,0,0,145,coarse
95,55,0.111080255484588,0.111080255484588,0,-2.20627974061853,-45.5324489953212,-6.24469405491057,99.8889197445154,41.5735115431349,32.5578781748708,0,0,150,coarse
95,60,0.111080255484588,0.111080255484588,0,-2.20628327048493,-45.8871821908266,-6.24470351943206,99.8889197445154,36.0267314702309,36.9408855922679,0,0,155,coarse
95,65,0.111080255484588,0.111080255484588,0,-2.20628327048493,-46.1742335332836,-6.2447043930047,99.8889197445154,30.5103280680437,42.0959902794654,0,0,160,coarse
95,70,0.111080255484588,0.111080255484588,0,-2.20628507785014,-46.3580963049728,-6.24470800487599,99.8889197445154,25.8766014834794,48.3171324422843,0,0,165,coarse
95,75,0.111080255484588,0.111080255484588,0,-2.20628507785014,-46.5269189583468,-6.24471147188028,99.8889197445154,21.3306360979996,54.277035236938,0,0,170,coarse
95,80,0.111080255484588,0.111080255484588,0,-2.20629250037345,-46.8739715046632,-6.24472665134796,99.8889197445154,15.6327264553832,59.1555285540705,0,0,175,coarse
95,85,0.111080255484588,0.111080255484588,0,-2.20629250037345,-47.4864537473889,-6.24472665134796,99.8889197445154,9.76623960440548,64.4835965978129,0,0,180,coarse
95,90,0.111080255484588,0.111080255484588,0,-2.20629250037345,-47.7809578902103,-6.24472665134796,99.8889197445154,4.99707088459285,68.63304981774,0,0,185,coarse
95,95,0.111080255484588,0.111080255484588,0,-2.20629250037345,-48.0396732979329,-6.24472665134796,99.8889197445154,0,72.6063183475091,0,0,190,coarse
100,0,1.05526242710358,1.05526242710358,0.833101916134407,22.6372972552742,-15.5001494474936,11.8504452772284,98.9447375728964,77.0173072600584,0,0,0,100,coarse
100,0.5,1.05526242710358,1.05526242710358,0.833101916134407,22.6372972552742,-15.5001494474936,11.8504452772284,98.9447375728964,77.0173072600584,0,0,0,100.5,coarse
100,1,1.05526242710358,1.05526242710358,0.819216884198834,19.2828507924109,-15.5001494474936,10.8452303233096,98.9447375728964,77.0116880197797,0.011650937900501,0,0,101,coarse
100,2,1.05526242710358,1.05526242710358,0.652596500971952,12.6422277148274,-15.8136380385412,6.81745145904021,98.9447375728964,76.9330186558777,0.0842886041807148,0,0,102,coarse
100,3,1.05526242710358,1.05526242710358,0.541516245487365,6.99635133187364,-16.051955717585,2.4322884367043,98.9447375728964,76.848730051697,0.16857720836143,0,0,103,coarse
100,5,1.05526242710358,1.05526242710358,0.388780894196057,3.44909315044268,-16.8580042838167,0.429450093783913,98.9447375728964,76.6464374016633,0.370869858395145,0,0,105,coarse
100,10,0.666481532907526,0.666481532907526,0.222160510969175,0.491061794566463,-18.8705917422397,-0.201072600494395,99.3335184670925,76.0451786918409,0.972128568217577,0,0,110,coarse
100,15,0.222160510969175,0.222160510969175,0.0833101916134407,-1.55884643154033,-21.5999792477072,-3.55053387317407,99.7778394890308,75.2079118903124,1.80939536974601,0,0,115,coarse
100,20,0.111080255484588,0.111080255484588,0.0138850319355735,-2.20627814736113,-23.1728841570581,-6.24468900638881,99.8889197445154,73.9997752303888,3.01753202966959,0,0,120,coarse
100,25,0.111080255484588,0.111080255484588,0,-2.20627814736113,-24.6960837967629,-6.24468900638881,99.8889197445154,72.4938188356934,4.65454969125015,0,0,125,coarse
100,30,0.111080255484588,0.111080255484588,0,-2.20627814736113,-26.6504590797201,-6.24468900638881,99.8889197445154,69.6901579586877,8.00179815688919,0,0,130,coarse
100,35,0.111080255484588,0.111080255484588,0,-2.20627814736113,-28.6939295024189,-6.24468900638881,99.8889197445154,66.0024301336574,11.8341200269724,0,0,135,coarse
100,40,0.111080255484588,0.111080255484588,0,-2.20627814736113,-32.8775794788568,-6.24468900638881,99.8889197445154,60.5042527339004,18.509777478085,0,0,140,coarse
100,45,0.111080255484588,0.111080255484588,0,-2.20627974061853,-41.751393370017,-6.24469327113031,99.8889197445154,55.2004860267315,23.662620813666,0,0,145,coarse
100,50,0.111080255484588,0.111080255484588,0,-2.20627974061853,-45.4240496360712,-6.24469405491057,99.8889197445154,50.2612393681652,28.6356484603282,0,0,150,coarse
100,55,0.111080255484588,0.111080255484588,0,-2.20627974061853,-45.5324489953212,-6.24469405491057,99.8889197445154,44.7205346294046,32.5578781748708,0,0,155,coarse
100,60,0.111080255484588,0.111080255484588,0,-2.20628327048493,-45.8871821908266,-6.24470351943206,99.8889197445154,40.0764216677905,36.9408855922679,0,0,160,coarse
100,65,0.111080255484588,0.111080255484588,0,-2.20628327048493,-46.1742335332836,-6.2447043930047,99.8889197445154,35.7158912115082,42.0959902794654,0,0,165,coarse
100,70,0.111080255484588,0.111080255484588,0,-2.20628507785014,-46.3580963049728,-6.24470800487599,99.8889197445154,31.4677455608002,48.3171324422843,0,0,170,coarse
100,75,0.111080255484588,0.111080255484588,0,-2.20628507785014,-46.5269189583468,-6.24471147188028,99.8889197445154,26.9217801753203,54.277035236938,0,0,175,coarse
100,80,0.111080255484588,0.111080255484588,0,-2.20629250037345,-46.8739715046632,-6.24472665134796,99.8889197445154,21.223870532704,59.1555285540705,0,0,180,coarse
100,85,0.111080255484588,0.111080255484588,0,-2.20629250037345,-47.4864537473889,-6.24472665134796,99.8889197445154,15.3573836817262,64.4835965978129,0,0,185,coarse
100,90,0.111080255484588,0.111080255484588,0,-2.20629250037345,-47.7809578902103,-6.24472665134796,99.8889197445154,10.4236907170151,68.63304981774,0,0,190,coarse
100,95,0.111080255484588,0.111080255484588,0,-2.20629250037345,-48.0396732979329,-6.24472665134796,99.8889197445154,5.59114407732075,72.6063183475091,0,0,195,coarse
100,100,0.111080255484588,0.111080255484588,0,-2.20629250037345,-48.4330969234326,-6.24472665134796,99.8889197445154,0,77.0173072600584,0,0,200,coarse
105,0,1.05526242710358,1.05526242710358,0.833101916134407,22.6371340248352,-15.5001494474936,11.8504452772284,98.9447375728964,81.018206338503,0,0,0,105,coarse
105,0.5,1.05526242710358,1.05526242710358,0.833101916134407,22.6371340248352,-15.5001494474936,11.8504452772284,98.9447375728964,81.018206338503,0,0,0,105.5,coarse
105,1,1.05526242710358,1.05526242710358,0.819216884198834,19.2818848492389,-15.5001494474936,10.8451080618344,98.9447375728964,81.0125870982243,0.011650937900501,0,0,106,coarse
105,2,1.05526242710358,1.05526242710358,0.652596500971952,12.6422277148274,-15.8136380385412,6.81745145904021,98.9447375728964,80.9339177343223,0.0842886041807148,0,0,107,coarse
105,3,1.05526242710358,1.05526242710358,0.541516245487365,6.99635133187364,-16.051955717585,2.4322884367043,98.9447375728964,80.8496291301416,0.16857720836143,0,0,108,coarse
105,5,1.05526242710358,1.05526242710358,0.388780894196057,3.44909315044268,-16.8580042838167,0.429450093783913,98.9447375728964,80.6473364801079,0.370869858395145,0,0,110,coarse
105,10,0.666481532907526,0.666481532907526,0.222160510969175,0.491061794566463,-18.8705917422397,-0.201072600494395,99.3335184670925,80.0460777702855,0.972128568217577,0,0,115,coarse
105,15,0.222160510969175,0.222160510969175,0.0833101916134407,-1.55884643154033,-21.5999792477072,-3.55053387317407,99.7778394890308,79.208810968757,1.80939536974601,0,0,120,coarse
105,20,0.111080255484588,0.111080255484588,0.0138850319355735,-2.20627814736113,-23.1728841570581,-6.24468900638881,99.8889197445154,78.0006743088334,3.01753202966959,0,0,125,coarse
105,25,0.111080255484588,0.111080255484588,0,-2.20627814736113,-24.7087418507491,-6.24468900638881,99.8889197445154,76.494717914138,4.65454969125015,0,0,130,coarse
105,30,0.111080255484588,0.111080255484588,0,-2.20627814736113,-26.670577785596,-6.24468900638881,99.8889197445154,73.0164081816138,8.00179815688919,0,0,135,coarse
105,35,0.111080255484588,0.111080255484588,0,-2.20627814736113,-28.6939295024189,-6.24468900638881,99.8889197445154,69.1840863115307,11.8341200269724,0,0,140,coarse
105,40,0.111080255484588,0.111080255484588,0,-2.20627814736113,-33.0074195092811,-6.24468900638881,99.8889197445154,63.2199270959903,18.509777478085,0,0,145,coarse
105,45,0.111080255484588,0.111080255484588,0,-2.20627974061853,-41.9757223085769,-6.24469327113031,99.8889197445154,57.9161603888214,23.662620813666,0,0,150,coarse
105,50,0.111080255484588,0.111080255484588,0,-2.20627974061853,-45.4240496360712,-6.24469405491057,99.8889197445154,52.9769137302552,28.6356484603282,0,0,155,coarse
105,55,0.111080255484588,0.111080255484588,0,-2.20627974061853,-45.5324489953212,-6.24469405491057,99.8889197445154,48.4603281636323,32.5578781748708,0,0,160,coarse
105,60,0.111080255484588,0.111080255484588,0,-2.20628327048493,-45.8871821908266,-6.24470351943206,99.8889197445154,44.0773207462351,36.9408855922679,0,0,165,coarse
105,65,0.111080255484588,0.111080255484588,0,-2.20628327048493,-46.1742335332836,-6.2447043930047,99.8889197445154,39.7167902899528,42.0959902794654,0,0,170,coarse
105,70,0.111080255484588,0.111080255484588,0,-2.20628507785014,-46.3580963049728,-6.24470800487599,99.8889197445154,35.4686446392448,48.3171324422843,0,0,175,coarse
105,75,0.111080255484588,0.111080255484588,0,-2.20628507785014,-46.5269189583468,-6.24471147188028,99.8889197445154,30.9226792537649,54.277035236938,0,0,180,coarse
105,80,0.111080255484588,0.111080255484588,0,-2.20629250037345,-46.8739715046632,-6.24472665134796,99.8889197445154,25.2247696111486,59.1555285540705,0,0,185,coarse
105,85,0.111080255484588,0.111080255484588,0,-2.20629250037345,-47.4864537473889,-6.24472665134796,99.8889197445154,19.3582827601708,64.4835965978129,0,0,190,coarse
105,90,0.111080255484588,0.111080255484588,0,-2.20629250037345,-47.7809578902103,-6.24472665134796,99.8889197445154,14.4245897954597,68.63304981774,0,0,195,coarse
105,95,0.111080255484588,0.111080255484588,0,-2.20629250037345,-48.0396732979329,-6.24472665134796,99.8889197445154,9.59204315576534,72.6063183475091,0,0,200,coarse
105,100,0.111080255484588,0.111080255484588,0,-2.20629250037345,-48.4330969234326,-6.24472665134796,99.8889197445154,4.00089907844459,77.0173072600584,0,0,205,coarse
105,105,0.111080255484588,0.111080255484588,0,-2.20629250037345,-48.9840067938214,-6.24472665134796,99.8889197445154,0,81.018206338503,0,0,210,coarse
110,0,1.05526242710358,1.05526242710358,0.80533185226326,22.6371340248352,-15.5001494474936,11.8504452772284,98.9447375728964,84.4571813890762,0,0,0,110,coarse
110,0.5,1.05526242710358,1.05526242710358,0.80533185226326,22.6371340248352,-15.5001494474936,11.8504452772284,98.9447375728964,84.4571813890762,0,0,0,110.5,coarse
110,1,1.05526242710358,1.05526242710358,0.791446820327687,19.2818848492389,-15.5001494474936,10.8451080618344,98.9447375728964,84.4515621487975,0.011650937900501,0,0,111,coarse
110,2,1.05526242710358,1.05526242710358,0.638711469036379,12.6422277148274,-15.8136380385412,6.81745145904021,98.9447375728964,84.3728927848955,0.0842886041807148,0,0,112,coarse
110,3,1.05526242710358,1.05526242710358,0.541516245487365,6.99635133187364,-16.051955717585,2.4322884367043,98.9447375728964,84.2886041807148,0.16857720836143,0,0,113,coarse
110,5,1.05526242710358,1.05526242710358,0.388780894196057,3.44909315044268,-16.8580042838167,0.429450093783913,98.9447375728964,84.0863115306811,0.370869858395145,0,0,115,coarse
110,10,0.666481532907526,0.666481532907526,0.180505415162455,0.491061794566463,-18.8705917422397,-0.201072600494395,99.3335184670925,83.4850528208586,0.972128568217577,0,0,120,coarse
110,15,0.222160510969175,0.222160510969175,0.0555401277422938,-1.55884643154033,-21.5999792477072,-3.55053387317407,99.7778394890308,82.6477860193302,1.80939536974601,0,0,125,coarse
110,20,0.0277700638711469,0.0277700638711469,0,-4.95462099592902,-23.1728841570581,-7.13758583439376,99.9722299361289,81.4396493594066,3.01753202966959,0,1,130,coarse
110,25,0,0,0,-8.11458318391232,-24.7087418507491,-9.65106464077954,100,79.9336929647112,4.65454969125015,1,1,135,coarse
110,30,0,0,0,-9.71880451526786,-26.670577785596,-14.1592071948788,100,76.455383232187,8.00179815688919,1,1,140,coarse
110,35,0,0,0,-13.8553436048813,-28.6939295024189,-18.6434108983421,100,72.6230613621038,11.8341200269724,1,1,145,coarse
110,40,0,0,0,-19.91210403913,-33.1696624957048,-21.3706078547413,100,66.3791008505468,18.509777478085,1,1,150,coarse
110,45,0,0,0,-21.9504989732764,-41.9307029127776,-24.007825567422,100,61.0753341433779,23.662620813666,1,1,155,coarse
110,50,0,0,0,-21.9551031763137,-45.4240496360712,-28.5292262455152,100,56.1360874848117,28.6356484603282,1,1,160,coarse
110,55,0,0,0,-21.9551031763137,-45.5324489953212,-28.5292262455152,100,51.8993032142054,32.5578781748708,1,1,165,coarse
110,60,0,0,0,-21.9551031763137,-45.8871821908266,-28.5292262455152,100,47.5162957968083,36.9408855922679,1,1,170,coarse
110,65,0,0,0,-21.9551031763137,-46.1742335332836,-28.5292262455152,100,43.155765340526,42.0959902794654,1,1,175,coarse
110,70,0,0,0,-21.9560808301837,-46.3580963049728,-28.533528902509,100,38.9076196898179,48.3171324422843,1,1,180,coarse
110,75,0,0,0,-21.9560808301837,-46.5269189583468,-28.533528902509,100,34.3616543043381,54.277035236938,1,1,185,coarse
110,80,0,0,0,-21.9560808301837,-46.8739715046632,-28.533528902509,100,28.6637446617217,59.1555285540705,1,1,190,coarse
110,85,0,0,0,-21.9560808301837,-47.4864537473889,-28.533528902509,100,22.797257810744,64.4835965978129,1,1,195,coarse
110,90,0,0,0,-21.9560808301837,-47.7809578902103,-28.533528902509,100,17.8635648460328,68.63304981774,1,1,200,coarse
110,95,0,0,0,-21.9560808301837,-48.0396732979329,-28.5340891006814,100,13.0310182063385,72.6063183475091,1,1,205,coarse
110,100,0,0,0,-21.9562723994568,-48.4330969234326,-28.5352725257746,100,7.99836886869393,77.0173072600584,1,1,210,coarse
110,105,0,0,0,-21.9562723994568,-48.9840067938214,-28.5352725257746,100,4.0836537341256,81.018206338503,1,1,215,coarse
110,110,0,0,0,-21.9562723994568,-49.7979658034113,-28.5352725257746,100,0,84.4571813890762,1,1,220,coarse
115,0,1.05526242710358,1.05526242710358,0.80533185226326,22.6371340248352,-15.5001494474936,11.8504452772284,98.9447375728964,88.5873229939312,0,0,0,115,coarse
115,0.5,1.05526242710358,1.05526242710358,0.80533185226326,22.6371340248352,-15.5001494474936,11.8504452772284,98.9447375728964,88.5873229939312,0,0,0,115.5,coarse
115,1,1.05526242710358,1.05526242710358,0.791446820327687,19.2818848492389,-15.5001494474936,10.8451080618344,98.9447375728964,88.5817037536525,0.011650937900501,0,0,116,coarse
115,2,1.05526242710358,1.05526242710358,0.638711469036379,12.6422277148274,-15.8136380385412,6.81745145904021,98.9447375728964,88.5030343897505,0.0842886041807148,0,0,117,coarse
115,3,1.05526242710358,1.05526242710358,0.541516245487365,6.99635133187364,-16.051955717585,2.4322884367043,98.9447375728964,88.4187457855698,0.16857720836143,0,0,118,coarse
115,5,1.05526242710358,1.05526242710358,0.388780894196057,3.44909315044268,-16.8580042838167,0.429450093783913,98.9447375728964,88.2164531355361,0.370869858395145,0,0,120,coarse
115,10,0.666481532907526,0.666481532907526,0.180505415162455,0.491061794566463,-18.8705917422397,-0.201072600494395,99.3335184670925,87.6151944257136,0.972128568217577,0,0,125,coarse
115,15,0.222160510969175,0.222160510969175,0.0555401277422938,-1.55884643154033,-21.5999792477072,-3.55053387317407,99.7778394890308,86.7779276241852,1.80939536974601,0,0,130,coarse
115,20,0.0277700638711469,0.0277700638711469,0,-4.95462099592902,-23.1728841570581,-7.13758583439376,99.9722299361289,85.5697909642616,3.01753202966959,0,1,135,coarse
115,25,0,0,0,-8.11458318391232,-24.7087418507491,-9.65106464077954,100,84.0638345695662,4.65454969125015,1,1,140,coarse
115,30,0,0,0,-9.71880451526786,-26.670577785596,-14.1592071948788,100,80.585524837042,8.00179815688919,1,1,145,coarse
115,35,0,0,0,-13.8553436048813,-28.7036865843818,-18.6434108983421,100,76.7532029669589,11.8341200269724,1,1,150,coarse
115,40,0,0,0,-19.91210403913,-33.2393868282581,-21.3706078547413,100,70.9173754556501,18.509777478085,1,1,155,coarse
115,45,0,0,0,-23.1392846188413,-41.9307029127776,-24.007825567422,100,65.6136087484812,23.662620813666,1,1,160,coarse
115,50,0,0,0,-33.4756726782747,-45.4240496360712,-34.5662406905034,100,61.0276127228242,28.6356484603282,1,1,165,coarse
115,55,0,0,0,-33.4756726782747,-45.5324489953212,-34.5662406905034,100,56.7924967959921,32.5578781748708,1,1,170,coarse
115,60,0,0,0,-33.4756726782747,-45.8871821908266,-34.5662406905034,100,52.2952347663987,36.9408855922679,1,1,175,coarse
115,65,0,0,0,-33.4756726782747,-46.1742335332836,-34.5662406905034,100,47.9377839916113,42.0959902794654,1,1,180,coarse
115,70,0,0,0,-33.499052077973,-46.3580963049728,-34.5662406905034,100,43.037761294673,48.3171324422843,1,1,185,coarse
115,75,0,0,0,-33.499052077973,-46.5269189583468,-34.5662406905034,100,38.4917959091931,54.277035236938,1,1,190,coarse
115,80,0,0,0,-33.499052077973,-46.8739715046632,-34.5662406905034,100,33.1003145753233,59.1555285540705,1,1,195,coarse
115,85,0,0,0,-33.5036684464502,-47.4864537473889,-34.5662406905034,100,27.4204823488291,64.4835965978129,1,1,200,coarse
115,90,0,0,0,-33.5036684464502,-47.7809578902103,-34.5662406905034,100,22.9406967260865,68.63304981774,1,1,205,coarse
115,95,0,0,0,-33.5036684464502,-48.0396732979329,-34.5733918966617,100,18.0764301526273,72.6063183475091,1,1,210,coarse
115,100,0,0,0,-33.5036684464502,-48.4330969234326,-34.5738171509698,100,13.4277059303274,77.0173072600584,1,1,215,coarse
115,105,0,0,0,-33.5124891043583,-48.9840067938214,-34.5738171509698,100,9.51299079575906,81.018206338503,1,1,220,coarse
115,110,0,0,0,-33.5124891043583,-49.7979658034113,-34.5738171509698,100,5.42933706163346,84.4571813890762,1,1,225,coarse
115,115,0,0,0,-37.4732768529067,-51.2720588391489,-38.0464435023187,100,0,88.5873229939312,1,1,230,coarse
120,0,1.05526242710358,1.05526242710358,0.80533185226326,22.6371340248352,-15.5001494474936,11.8504452772284,98.9447375728964,92.0431557653405,0,0,0,120,coarse
120,0.5,1.05526242710358,1.05526242710358,0.80533185226326,22.6371340248352,-15.5001494474936,11.8504452772284,98.9447375728964,92.0431557653405,0,0,0,120.5,coarse
120,1,1.05526242710358,1.05526242710358,0.791446820327687,19.2818848492389,-15.5001494474936,10.8451080618344,98.9447375728964,92.0375365250618,0.011650937900501,0,0,121,coarse
120,2,1.05526242710358,1.05526242710358,0.638711469036379,12.6422277148274,-15.8136380385412,6.81745145904021,98.9447375728964,91.9588671611598,0.0842886041807148,0,0,122,coarse
120,3,1.05526242710358,1.05526242710358,0.541516245487365,6.99635133187364,-16.051955717585,2.4322884367043,98.9447375728964,91.8745785569791,0.16857720836143,0,0,123,coarse
120,5,1.05526242710358,1.05526242710358,0.388780894196057,3.44909315044268,-16.8580042838167,0.429450093783913,98.9447375728964,91.6722859069454,0.370869858395145,0,0,125,coarse
120,10,0.666481532907526,0.666481532907526,0.180505415162455,0.491061794566463,-18.8705917422397,-0.201072600494395,99.3335184670925,91.0710271971229,0.972128568217577,0,0,130,coarse
120,15,0.222160510969175,0.222160510969175,0.0555401277422938,-1.55884643154033,-21.5999792477072,-3.5505338731741,99.7778394890308,90.3355470115344,1.80939536974601,0,0,135,coarse
120,20,0.0277700638711469,0.0277700638711469,0,-4.95462099592902,-23.1728841570581,-7.13758583439376,99.9722299361289,89.0333919156415,3.01753202966959,0,1,140,coarse
120,25,0,0,0,-8.11458318391232,-24.7087418507491,-9.65106464077954,100,87.5196673409755,4.65454969125015,1,1,145,coarse
120,30,0,0,0,-9.71880451526786,-26.670577785596,-14.1592071948788,100,84.9392466585662,8.00179815688919,1,1,150,coarse
120,35,0,0,0,-13.8553436048813,-28.7036865843818,-18.6434108983421,100,81.2515188335358,11.8341200269724,1,1,155,coarse
120,40,0,0,0,-19.91210403913,-33.2393868282581,-21.3706078547413,100,75.7533414337789,18.509777478085,1,1,160,coarse
120,45,0,0,0,-23.1392846188413,-41.9307029127776,-24.007825567422,100,70.44957472661,23.662620813666,1,1,165,coarse
120,50,0,0,0,-33.4756726782747,-45.4240496360712,-34.5662406905034,100,65.5103280680437,28.6356484603282,1,1,170,coarse
120,55,0,0,0,-33.4756726782747,-45.5324489953212,-34.5662406905034,100,60.8994524059187,32.5578781748708,1,1,175,coarse
120,60,0,0,0,-33.4756726782747,-45.8871821908266,-34.5662406905034,100,56.4021903763253,36.9408855922679,1,1,180,coarse
120,65,0,0,0,-33.4756726782747,-46.1742335332836,-34.5662406905034,100,52.0447396015379,42.0959902794654,1,1,185,coarse
120,70,0,0,0,-33.499052077973,-46.3580963049728,-34.5662406905034,100,47.0348363043225,48.3171324422843,1,1,190,coarse
120,75,0,0,0,-33.499052077973,-46.5269189583468,-34.5662406905034,100,42.2929045788186,54.277035236938,1,1,195,coarse
120,80,0,0,0,-33.499052077973,-46.8739715046632,-34.5662406905034,100,37.2072701852499,59.1555285540705,1,1,200,coarse
120,85,0,0,0,-33.5036684464502,-47.4864537473889,-34.5662406905034,100,31.5274379587557,64.4835965978129,1,1,205,coarse
120,90,0,0,0,-33.5036684464502,-47.7809578902103,-34.5662406905034,100,27.047652336013,68.63304981774,1,1,210,coarse
120,95,0,0,0,-33.5036684464502,-48.0396732979329,-34.5733918966617,100,22.1833857625539,72.6063183475091,1,1,215,coarse
120,100,0,0,0,-33.5036684464502,-48.4330969234326,-34.5738171509698,100,17.534661540254,77.0173072600584,1,1,220,coarse
120,105,0,0,0,-33.5124891043583,-48.9840067938214,-34.5738171509698,100,13.6199464056857,81.018206338503,1,1,225,coarse
120,110,0,0,0,-33.5124891043583,-49.7979658034113,-34.5738171509698,100,10.0761570005858,84.4571813890762,1,1,230,coarse
120,115,0,0,0,-37.4732768529067,-51.2720588391489,-38.0464435023187,100,4.8359659781288,88.5873229939312,1,1,235,coarse
120,120,0,0,0,-40.8827191323208,-52.7098353464682,-41.373895502846,100,0,92.0431557653405,1,1,240,coarse
125,0,1.05526242710358,1.05526242710358,0.80533185226326,22.6371340248352,-15.5001494474936,11.8504452772284,98.9447375728964,96.3868285007867,0,0,0,125,coarse
125,0.5,1.05526242710358,1.05526242710358,0.80533185226326,22.6371340248352,-15.5001494474936,11.8504452772284,98.9447375728964,96.3868285007867,0,0,0,125.5,coarse
125,1,1.05526242710358,1.05526242710358,0.791446820327687,19.2818848492389,-15.5001494474936,10.8451080618344,98.9447375728964,96.381209260508,0.011650937900501,0,0,126,coarse
125,2,1.05526242710358,1.05526242710358,0.638711469036379,12.6422277148274,-15.8136380385412,6.81745145904021,98.9447375728964,96.302539896606,0.0842886041807148,0,0,127,coarse
125,3,1.05526242710358,1.05526242710358,0.541516245487365,6.99635133187364,-16.051955717585,2.4322884367043,98.9447375728964,96.2182512924253,0.16857720836143,0,0,128,coarse
125,5,1.05526242710358,1.05526242710358,0.388780894196057,3.44909315044268,-16.8580042838167,0.429450093783913,98.9447375728964,96.0159586423916,0.370869858395145,0,0,130,coarse
125,10,0.666481532907526,0.666481532907526,0.180505415162455,0.491061794566463,-18.8705917422397,-0.201072600494395,99.3335184670925,95.5710814094775,0.972128568217577,0,0,135,coarse
125,15,0.222160510969175,0.222160510969175,0.0555401277422938,-1.55884643154033,-21.5999792477072,-3.5505338731741,99.7778394890308,94.8328090411278,1.80939536974601,0,0,140,coarse
125,20,0.0277700638711469,0.0277700638711469,0,-4.95462099592902,-23.1728841570581,-7.13758583439376,99.9722299361289,93.6391251518833,3.01753202966959,0,1,145,coarse
125,25,0,0,0,-8.11458318391232,-24.7087418507491,-9.65106464077954,100,91.8894289185905,4.65454969125015,1,1,150,coarse
125,30,0,0,0,-9.71880451526786,-26.670577785596,-14.1592071948788,100,89.7812879708384,8.00179815688919,1,1,155,coarse
125,35,0,0,0,-13.8553436048813,-28.7036865843818,-18.6434108983421,100,86.093560145808,11.8341200269724,1,1,160,coarse
125,40,0,0,0,-19.91210403913,-33.2393868282581,-21.3706078547413,100,80.595382746051,18.509777478085,1,1,165,coarse
125,45,0,0,0,-23.1392846188413,-41.9307029127776,-24.007825567422,100,75.2916160388821,23.662620813666,1,1,170,coarse
125,50,0,0,0,-33.4756726782747,-45.4240496360712,-34.5662406905034,100,70.3523693803159,28.6356484603282,1,1,175,coarse
125,55,0,0,0,-33.4756726782747,-45.5324489953212,-34.5662406905034,100,65.3967144355121,32.5578781748708,1,1,180,coarse
125,60,0,0,0,-33.4756726782747,-45.8871821908266,-34.5662406905034,100,60.8994524059187,36.9408855922679,1,1,185,coarse
125,65,0,0,0,-33.4756726782747,-46.1742335332836,-34.5662406905034,100,56.5420016311313,42.0959902794654,1,1,190,coarse
125,70,0,0,0,-33.499052077973,-46.3580963049728,-34.5662406905034,100,51.5320983339159,48.3171324422843,1,1,195,coarse
125,75,0,0,0,-33.499052077973,-46.5269189583468,-34.5662406905034,100,46.790166608412,54.277035236938,1,1,200,coarse
125,80,0,0,0,-33.499052077973,-46.8739715046632,-34.5662406905034,100,41.7045322148433,59.1555285540705,1,1,205,coarse
125,85,0,0,0,-33.5036684464502,-47.4864537473889,-34.5662406905034,100,36.0246999883491,64.4835965978129,1,1,210,coarse
125,90,0,0,0,-33.5036684464502,-47.7809578902103,-34.5662406905034,100,31.5449143656064,68.63304981774,1,1,215,coarse
125,95,0,0,0,-33.5036684464502,-48.0396732979329,-34.5733918966617,100,26.6806477921473,72.6063183475091,1,1,220,coarse
125,100,0,0,0,-33.5036684464502,-48.4330969234326,-34.5738171509698,100,22.0319235698474,77.0173072600584,1,1,225,coarse
125,105,0,0,0,-33.5124891043583,-48.9840067938214,-34.5738171509698,100,18.117208435279,81.018206338503,1,1,230,coarse
125,110,0,0,0,-33.5124891043583,-49.7979658034113,-34.5738171509698,100,14.5752782659637,84.4571813890762,1,1,235,coarse
125,115,0,0,0,-37.4732768529067,-51.2720588391489,-38.0464435023187,100,9.67800729040097,88.5873229939312,1,1,240,coarse
125,120,0,0,0,-40.8827191323208,-52.7098353464682,-41.373895502846,100,4.84204131227218,92.0431557653405,1,1,245,coarse
125,125,0,0,0,-40.8827191323208,-57.6565397634677,-41.373895502846,100,0,96.3868285007867,1,1,250,coarse
130,0,1.05526242710358,1.05526242710358,0.80533185226326,22.6371340248352,-15.5001494474936,11.8504452772284,98.9447375728964,100,0,0,0,130,coarse
130,0.5,1.05526242710358,1.05526242710358,0.80533185226326,22.6371340248352,-15.5001494474936,11.8504452772284,98.9447375728964,100,0,0,0,130.5,coarse
130,1,1.05526242710358,1.05526242710358,0.791446820327687,19.2818848492389,-15.5001494474936,10.8451080618344,98.9447375728964,100,0.011650937900501,0,0,131,coarse
130,2,1.05526242710358,1.05526242710358,0.638711469036379,12.6422277148274,-15.8136380385412,6.81745145904021,98.9447375728964,100,0.0842886041807148,0,0,132,coarse
130,3,1.05526242710358,1.05526242710358,0.541516245487365,6.99635133187364,-16.051955717585,2.4322884367043,98.9447375728964,100,0.16857720836143,0,0,133,coarse
130,5,1.05526242710358,1.05526242710358,0.388780894196057,3.44909315044268,-16.8580042838167,0.429450093783913,98.9447375728964,100,0.370869858395145,0,0,135,coarse
130,10,0.666481532907526,0.666481532907526,0.180505415162455,0.491061794566463,-18.8705917422397,-0.201072600494395,99.3335184670925,99.726609963548,0.972128568217577,0,0,140,coarse
130,15,0.222160510969175,0.222160510969175,0.0555401277422938,-1.55884643154033,-21.5999792477072,-3.5505338731741,99.7778394890308,98.9368165249089,1.80939536974601,0,0,145,coarse
130,20,0.0277700638711469,0.0277700638711469,0,-4.95462099592902,-23.1728841570581,-7.13758583439376,99.9722299361289,97.7946537059538,3.01753202966959,0,1,150,coarse
130,25,0,0,0,-8.11458318391232,-24.7087418507491,-9.65106464077954,100,96.044957472661,4.65454969125015,1,1,155,coarse
130,30,0,0,0,-9.71880451526786,-26.670577785596,-14.1592071948788,100,93.9368165249089,8.00179815688919,1,1,160,coarse
130,35,0,0,0,-13.8553436048813,-28.7036865843818,-18.6434108983421,100,90.2490886998785,11.8341200269724,1,1,165,coarse
130,40,0,0,0,-19.91210403913,-33.2393868282581,-21.3706078547413,100,84.7509113001215,18.509777478085,1,1,170,coarse
130,45,0,0,0,-23.1392846188413,-41.9307029127776,-24.007825567422,100,79.4471445929526,23.662620813666,1,1,175,coarse
130,50,0,0,0,-33.4756726782747,-45.4240496360712,-34.5662406905034,100,74.5078979343864,28.6356484603282,1,1,180,coarse
130,55,0,0,0,-33.4756726782747,-45.5324489953212,-34.5662406905034,100,69.4162880111849,32.5578781748708,1,1,185,coarse
130,60,0,0,0,-33.4756726782747,-45.8871821908266,-34.5662406905034,100,64.9190259815915,36.9408855922679,1,1,190,coarse
130,65,0,0,0,-33.4756726782747,-46.1742335332836,-34.5662406905034,100,60.5615752068042,42.0959902794654,1,1,195,coarse
130,70,0,0,0,-33.499052077973,-46.3580963049728,-34.5662406905034,100,55.5516719095887,48.3171324422843,1,1,200,coarse
130,75,0,0,0,-33.499052077973,-46.5269189583468,-34.5662406905034,100,50.8097401840848,54.277035236938,1,1,205,coarse
130,80,0,0,0,-33.499052077973,-46.8739715046632,-34.5662406905034,100,45.7241057905161,59.1555285540705,1,1,210,coarse
130,85,0,0,0,-33.5036684464502,-47.4864537473889,-34.5662406905034,100,40.0442735640219,64.4835965978129,1,1,215,coarse
130,90,0,0,0,-33.5036684464502,-47.7809578902103,-34.5662406905034,100,35.5644879412793,68.63304981774,1,1,220,coarse
130,95,0,0,0,-33.5036684464502,-48.0396732979329,-34.5733918966617,100,30.7002213678201,72.6063183475091,1,1,225,coarse
130,100,0,0,0,-33.5036684464502,-48.4330969234326,-34.5738171509698,100,26.0514971455202,77.0173072600584,1,1,230,coarse
130,105,0,0,0,-33.5124891043583,-48.9840067938214,-34.5738171509698,100,22.1367820109519,81.018206338503,1,1,235,coarse
130,110,0,0,0,-33.5124891043583,-49.7979658034113,-34.5738171509698,100,18.5413005272408,84.4571813890762,1,1,240,coarse
130,115,0,0,0,-37.4732768529067,-51.2720588391489,-38.0464435023187,100,13.8335358444714,88.5873229939312,1,1,245,coarse
130,120,0,0,0,-40.8827191323208,-52.7098353464682,-41.373895502846,100,8.99756986634265,92.0431557653405,1,1,250,coarse
130,125,0,0,0,-40.8827191323208,-57.6565397634677,-41.373895502846,100,4.15552855407047,96.3868285007867,1,1,255,coarse
130,130,0,0,0,-2948.41956873937,-2948.41956873937,-2948.41956873937,100,0,100,1,1,260,coarse
135,0,1.05526242710358,1.05526242710358,0.80533185226326,22.6371340248352,-15.5001494474936,11.8504452772284,98.9447375728964,100,0,0,0,135,coarse
135,0.5,1.05526242710358,1.05526242710358,0.80533185226326,22.6371340248352,-15.5001494474936,11.8504452772284,98.9447375728964,100,0,0,0,135.5,coarse
135,1,1.05526242710358,1.05526242710358,0.791446820327687,19.2818848492389,-15.5001494474936,10.8451080618344,98.9447375728964,100,0.011650937900501,0,0,136,coarse
135,2,1.05526242710358,1.05526242710358,0.638711469036379,12.6422277148274,-15.8136380385412,6.81745145904021,98.9447375728964,100,0.0842886041807148,0,0,137,coarse
135,3,1.05526242710358,1.05526242710358,0.541516245487365,6.99635133187364,-16.051955717585,2.4322884367043,98.9447375728964,100,0.16857720836143,0,0,138,coarse
135,5,1.05526242710358,1.05526242710358,0.388780894196057,3.44909315044268,-16.8580042838167,0.429450093783913,98.9447375728964,100,0.370869858395145,0,0,140,coarse
135,10,0.666481532907526,0.666481532907526,0.180505415162455,0.491061794566463,-18.8705917422397,-0.201072600494395,99.3335184670925,99.726609963548,0.972128568217577,0,0,145,coarse
135,15,0.222160510969175,0.222160510969175,0.0555401277422938,-1.55884643154033,-21.5999792477072,-3.5505338731741,99.7778394890308,98.9368165249089,1.80939536974601,0,0,150,coarse
135,20,0.0277700638711469,0.0277700638711469,0,-4.95462099592902,-23.1728841570581,-7.13758583439376,99.9722299361289,97.7946537059538,3.01753202966959,0,1,155,coarse
135,25,0,0,0,-8.11458318391232,-24.7087418507491,-9.65106464077954,100,96.044957472661,4.65454969125015,1,1,160,coarse
135,30,0,0,0,-9.71880451526786,-26.670577785596,-14.1592071948788,100,93.9368165249089,8.00179815688919,1,1,165,coarse
135,35,0,0,0,-13.8553436048813,-28.7036865843818,-18.6434108983421,100,90.2490886998785,11.8341200269724,1,1,170,coarse
135,40,0,0,0,-19.91210403913,-33.2393868282581,-21.3706078547413,100,84.7509113001215,18.509777478085,1,1,175,coarse
135,45,0,0,0,-23.1392846188413,-41.9307029127776,-24.007825567422,100,79.4471445929526,23.662620813666,1,1,180,coarse
135,50,0,0,0,-33.4756726782747,-45.4240496360712,-34.5662406905034,100,74.5078979343864,28.6356484603282,1,1,185,coarse
135,55,0,0,0,-33.4756726782747,-45.5324489953212,-34.5662406905034,100,69.4162880111849,32.5578781748708,1,1,190,coarse
135,60,0,0,0,-33.4756726782747,-45.8871821908266,-34.5662406905034,100,64.9190259815915,36.9408855922679,1,1,195,coarse
135,65,0,0,0,-33.4756726782747,-46.1742335332836,-34.5662406905034,100,60.5615752068042,42.0959902794654,1,1,200,coarse
135,70,0,0,0,-33.499052077973,-46.3580963049728,-34.5662406905034,100,55.5516719095887,48.3171324422843,1,1,205,coarse
135,75,0,0,0,-33.499052077973,-46.5269189583468,-34.5662406905034,100,50.8097401840848,54.277035236938,1,1,210,coarse
135,80,0,0,0,-33.499052077973,-46.8739715046632,-34.5662406905034,100,45.7241057905161,59.1555285540705,1,1,215,coarse
135,85,0,0,0,-33.5036684464502,-47.4864537473889,-34.5662406905034,100,40.0442735640219,64.4835965978129,1,1,220,coarse
135,90,0,0,0,-33.5036684464502,-47.7809578902103,-34.5662406905034,100,35.5644879412793,68.63304981774,1,1,225,coarse
135,95,0,0,0,-33.5036684464502,-48.0396732979329,-34.5733918966617,100,30.7002213678201,72.6063183475091,1,1,230,coarse
135,100,0,0,0,-33.5036684464502,-48.4330969234326,-34.5738171509698,100,26.0514971455202,77.0173072600584,1,1,235,coarse
135,105,0,0,0,-33.5124891043583,-48.9840067938214,-34.5738171509698,100,22.1367820109519,81.018206338503,1,1,240,coarse
135,110,0,0,0,-33.5124891043583,-49.7979658034113,-34.5738171509698,100,18.5413005272408,84.4571813890762,1,1,245,coarse
135,115,0,0,0,-37.4732768529067,-51.2720588391489,-38.0464435023187,100,13.8335358444714,88.5873229939312,1,1,250,coarse
135,120,0,0,0,-40.8827191323208,-52.7098353464682,-41.373895502846,100,8.99756986634265,92.0431557653405,1,1,255,coarse
135,125,0,0,0,-40.8827191323208,-57.6565397634677,-41.373895502846,100,4.15552855407047,96.3868285007867,1,1,260,coarse
135,130,0,0,0,-2948.41956873937,-2948.41956873937,-2948.41956873937,100,0,100,1,1,265,coarse
135,135,0,0,0,-2948.41956873937,-2948.41956873937,-2948.41956873937,100,0,100,1,1,270,coarse
140,0,1.05526242710358,1.05526242710358,0.80533185226326,22.6371340248352,-15.5001494474936,11.8504452772284,98.9447375728964,100,0,0,0,140,coarse
140,0.5,1.05526242710358,1.05526242710358,0.80533185226326,22.6371340248352,-15.5001494474936,11.8504452772284,98.9447375728964,100,0,0,0,140.5,coarse
140,1,1.05526242710358,1.05526242710358,0.791446820327687,19.2818848492389,-15.5001494474936,10.8451080618344,98.9447375728964,100,0.011650937900501,0,0,141,coarse
140,2,1.05526242710358,1.05526242710358,0.638711469036379,12.6422277148274,-15.8136380385412,6.81745145904021,98.9447375728964,100,0.0842886041807148,0,0,142,coarse
140,3,1.05526242710358,1.05526242710358,0.541516245487365,6.99635133187364,-16.051955717585,2.4322884367043,98.9447375728964,100,0.16857720836143,0,0,143,coarse
140,5,1.05526242710358,1.05526242710358,0.388780894196057,3.44909315044268,-16.8580042838167,0.429450093783913,98.9447375728964,100,0.370869858395145,0,0,145,coarse
140,10,0.666481532907526,0.666481532907526,0.180505415162455,0.491061794566463,-18.8705917422397,-0.201072600494395,99.3335184670925,99.726609963548,0.972128568217577,0,0,150,coarse
140,15,0.222160510969175,0.222160510969175,0.0555401277422938,-1.55884643154033,-21.5999792477072,-3.5505338731741,99.7778394890308,98.9368165249089,1.80939536974601,0,0,155,coarse
140,20,0.0277700638711469,0.0277700638711469,0,-4.95462099592902,-23.1728841570581,-7.13758583439376,99.9722299361289,97.7946537059538,3.01753202966959,0,1,160,coarse
140,25,0,0,0,-8.11458318391232,-24.7087418507491,-9.65106464077954,100,96.044957472661,4.65454969125015,1,1,165,coarse
140,30,0,0,0,-9.71880451526786,-26.670577785596,-14.1592071948788,100,93.9368165249089,8.00179815688919,1,1,170,coarse
140,35,0,0,0,-13.8553436048813,-28.7036865843818,-18.6434108983421,100,90.2490886998785,11.8341200269724,1,1,175,coarse
140,40,0,0,0,-19.91210403913,-33.2393868282581,-21.3706078547413,100,84.7509113001215,18.509777478085,1,1,180,coarse
140,45,0,0,0,-23.1392846188413,-41.9307029127776,-24.007825567422,100,79.4471445929526,23.662620813666,1,1,185,coarse
140,50,0,0,0,-33.4756726782747,-45.4240496360712,-34.5662406905034,100,74.5078979343864,28.6356484603282,1,1,190,coarse
140,55,0,0,0,-33.4756726782747,-45.5324489953212,-34.5662406905034,100,69.4162880111849,32.5578781748708,1,1,195,coarse
140,60,0,0,0,-33.4756726782747,-45.8871821908266,-34.5662406905034,100,64.9190259815915,36.9408855922679,1,1,200,coarse
140,65,0,0,0,-33.4756726782747,-46.1742335332836,-34.5662406905034,100,60.5615752068042,42.0959902794654,1,1,205,coarse
140,70,0,0,0,-33.499052077973,-46.3580963049728,-34.5662406905034,100,55.5516719095887,48.3171324422843,1,1,210,coarse
140,75,0,0,0,-33.499052077973,-46.5269189583468,-34.5662406905034,100,50.8097401840848,54.277035236938,1,1,215,coarse
140,80,0,0,0,-33.499052077973,-46.8739715046632,-34.5662406905034,100,45.7241057905161,59.1555285540705,1,1,220,coarse
140,85,0,0,0,-33.5036684464502,-47.4864537473889,-34.5662406905034,100,40.0442735640219,64.4835965978129,1,1,225,coarse
140,90,0,0,0,-33.5036684464502,-47.7809578902103,-34.5662406905034,100,35.5644879412793,68.63304981774,1,1,230,coarse
140,95,0,0,0,-33.5036684464502,-48.0396732979329,-34.5733918966617,100,30.7002213678201,72.6063183475091,1,1,235,coarse
140,100,0,0,0,-33.5036684464502,-48.4330969234326,-34.5738171509698,100,26.0514971455202,77.0173072600584,1,1,240,coarse
140,105,0,0,0,-33.5124891043583,-48.9840067938214,-34.5738171509698,100,22.1367820109519,81.018206338503,1,1,245,coarse
140,110,0,0,0,-33.5124891043583,-49.7979658034113,-34.5738171509698,100,18.5413005272408,84.4571813890762,1,1,250,coarse
140,115,0,0,0,-37.4732768529067,-51.2720588391489,-38.0464435023187,100,13.8335358444714,88.5873229939312,1,1,255,coarse
140,120,0,0,0,-40.8827191323208,-52.7098353464682,-41.373895502846,100,8.99756986634265,92.0431557653405,1,1,260,coarse
140,125,0,0,0,-40.8827191323208,-57.6565397634677,-41.373895502846,100,4.15552855407047,96.3868285007867,1,1,265,coarse
140,130,0,0,0,-2948.41956873937,-2948.41956873937,-2948.41956873937,100,0,100,1,1,270,coarse
140,135,0,0,0,-2948.41956873937,-2948.41956873937,-2948.41956873937,100,0,100,1,1,275,coarse
140,140,0,0,0,-2948.41956873937,-2948.41956873937,-2948.41956873937,100,0,100,1,1,280,coarse
140.864787167433,0,1.05526242710358,1.05526242710358,0.80533185226326,22.6371340248352,-15.5001494474936,11.8504452772284,98.9447375728964,100,0,0,0,140.864787167433,coarse
140.864787167433,0.5,1.05526242710358,1.05526242710358,0.80533185226326,22.6371340248352,-15.5001494474936,11.8504452772284,98.9447375728964,100,0,0,0,141.364787167433,coarse
140.864787167433,1,1.05526242710358,1.05526242710358,0.791446820327687,19.2818848492389,-15.5001494474936,10.8451080618344,98.9447375728964,100,0.011650937900501,0,0,141.864787167433,coarse
140.864787167433,2,1.05526242710358,1.05526242710358,0.638711469036379,12.6422277148274,-15.8136380385412,6.81745145904021,98.9447375728964,100,0.0842886041807148,0,0,142.864787167433,coarse
140.864787167433,3,1.05526242710358,1.05526242710358,0.541516245487365,6.99635133187364,-16.051955717585,2.4322884367043,98.9447375728964,100,0.16857720836143,0,0,143.864787167433,coarse
140.864787167433,5,1.05526242710358,1.05526242710358,0.388780894196057,3.44909315044268,-16.8580042838167,0.429450093783913,98.9447375728964,100,0.370869858395145,0,0,145.864787167433,coarse
140.864787167433,10,0.666481532907526,0.666481532907526,0.180505415162455,0.491061794566463,-18.8705917422397,-0.201072600494395,99.3335184670925,99.726609963548,0.972128568217577,0,0,150.864787167433,coarse
140.864787167433,15,0.222160510969175,0.222160510969175,0.0555401277422938,-1.55884643154033,-21.5999792477072,-3.5505338731741,99.7778394890308,98.9368165249089,1.80939536974601,0,0,155.864787167433,coarse
140.864787167433,20,0.0277700638711469,0.0277700638711469,0,-4.95462099592902,-23.1728841570581,-7.13758583439376,99.9722299361289,97.7946537059538,3.01753202966959,0,1,160.864787167433,coarse
140.864787167433,25,0,0,0,-8.11458318391232,-24.7087418507491,-9.65106464077954,100,96.044957472661,4.65454969125015,1,1,165.864787167433,coarse
140.864787167433,30,0,0,0,-9.71880451526786,-26.670577785596,-14.1592071948788,100,93.9368165249089,8.00179815688919,1,1,170.864787167433,coarse
140.864787167433,35,0,0,0,-13.8553436048813,-28.7036865843818,-18.6434108983421,100,90.2490886998785,11.8341200269724,1,1,175.864787167433,coarse
140.864787167433,40,0,0,0,-19.91210403913,-33.2393868282581,-21.3706078547413,100,84.7509113001215,18.509777478085,1,1,180.864787167433,coarse
140.864787167433,45,0,0,0,-23.1392846188413,-41.9307029127776,-24.007825567422,100,79.4471445929526,23.662620813666,1,1,185.864787167433,coarse
140.864787167433,50,0,0,0,-33.4756726782747,-45.4240496360712,-34.5662406905034,100,74.5078979343864,28.6356484603282,1,1,190.864787167433,coarse
140.864787167433,55,0,0,0,-33.4756726782747,-45.5324489953212,-34.5662406905034,100,69.4162880111849,32.5578781748708,1,1,195.864787167433,coarse
140.864787167433,60,0,0,0,-33.4756726782747,-45.8871821908266,-34.5662406905034,100,64.9190259815915,36.9408855922679,1,1,200.864787167433,coarse
140.864787167433,65,0,0,0,-33.4756726782747,-46.1742335332836,-34.5662406905034,100,60.5615752068042,42.0959902794654,1,1,205.864787167433,coarse
140.864787167433,70,0,0,0,-33.499052077973,-46.3580963049728,-34.5662406905034,100,55.5516719095887,48.3171324422843,1,1,210.864787167433,coarse
140.864787167433,75,0,0,0,-33.499052077973,-46.5269189583468,-34.5662406905034,100,50.8097401840848,54.277035236938,1,1,215.864787167433,coarse
140.864787167433,80,0,0,0,-33.499052077973,-46.8739715046632,-34.5662406905034,100,45.7241057905161,59.1555285540705,1,1,220.864787167433,coarse
140.864787167433,85,0,0,0,-33.5036684464502,-47.4864537473889,-34.5662406905034,100,40.0442735640219,64.4835965978129,1,1,225.864787167433,coarse
140.864787167433,90,0,0,0,-33.5036684464502,-47.7809578902103,-34.5662406905034,100,35.5644879412793,68.63304981774,1,1,230.864787167433,coarse
140.864787167433,95,0,0,0,-33.5036684464502,-48.0396732979329,-34.5733918966617,100,30.7002213678201,72.6063183475091,1,1,235.864787167433,coarse
140.864787167433,100,0,0,0,-33.5036684464502,-48.4330969234326,-34.5738171509698,100,26.0514971455202,77.0173072600584,1,1,240.864787167433,coarse
140.864787167433,105,0,0,0,-33.5124891043583,-48.9840067938214,-34.5738171509698,100,22.1367820109519,81.018206338503,1,1,245.864787167433,coarse
140.864787167433,110,0,0,0,-33.5124891043583,-49.7979658034113,-34.5738171509698,100,18.5413005272408,84.4571813890762,1,1,250.864787167433,coarse
140.864787167433,115,0,0,0,-37.4732768529067,-51.2720588391489,-38.0464435023187,100,13.8335358444714,88.5873229939312,1,1,255.864787167433,coarse
140.864787167433,120,0,0,0,-40.8827191323208,-52.7098353464682,-41.373895502846,100,8.99756986634265,92.0431557653405,1,1,260.864787167433,coarse
140.864787167433,125,0,0,0,-40.8827191323208,-57.6565397634677,-41.373895502846,100,4.15552855407047,96.3868285007867,1,1,265.864787167433,coarse
140.864787167433,130,0,0,0,-2948.41956873937,-2948.41956873937,-2948.41956873937,100,0,100,1,1,270.864787167433,coarse
140.864787167433,135,0,0,0,-2948.41956873937,-2948.41956873937,-2948.41956873937,100,0,100,1,1,275.864787167433,coarse
140.864787167433,140,0,0,0,-2948.41956873937,-2948.41956873937,-2948.41956873937,100,0,100,1,1,280.864787167433,coarse
140.864787167433,140.864787167433,0,0,0,-2948.41956873937,-2948.41956873937,-2948.41956873937,100,0,100,1,1,281.729574334866,coarse
103,13,0.333240766453763,0.333240766453763,0.111080255484588,0.491061794566463,-20.7158253476588,-1.73512379918031,99.6667592335462,78.4052596089009,1.46100247246572,0,0,116,refinement
103,14,0.249930574840322,0.249930574840322,0.0833101916134407,-0.716285220929109,-21.3671474089163,-3.33751474670723,99.7500694251597,78.2591593616543,1.60710271971229,0,0,117,refinement
103,15,0.222160510969175,0.222160510969175,0.0833101916134407,-1.55884643154033,-21.5999792477072,-3.55053387317407,99.7778394890308,78.0568667116206,1.80939536974601,0,0,118,refinement
103,16,0.166620383226881,0.166620383226881,0.0833101916134407,-2.20627814736113,-22.0853253640607,-4.23754629674338,99.8333796167731,77.8995279838166,1.96673409755001,0,0,119,refinement
103,17,0.111080255484588,0.111080255484588,0.0833101916134407,-2.20627814736113,-22.4543843447925,-5.07721029147601,99.8889197445154,77.5736120476512,2.29265003371544,0,0,120,refinement
103,18,0.111080255484588,0.111080255484588,0.0694251596778673,-2.20627814736113,-22.7164226851029,-6.21338966353654,99.8889197445154,77.36008091706,2.50618116430659,0,0,121,refinement
103,19,0.111080255484588,0.111080255484588,0.0416550958067204,-2.20627814736113,-22.8364524584136,-6.24468900638881,99.8889197445154,77.0903573836817,2.77590469768487,0,0,122,refinement
103,20,0.111080255484588,0.111080255484588,0.0138850319355735,-2.20627814736113,-23.1728841570581,-6.24468900638881,99.8889197445154,76.848730051697,3.01753202966959,0,0,123,refinement
103,21,0.111080255484588,0.111080255484588,0,-2.20627814736113,-23.7660826187145,-6.24468900638881,99.8889197445154,76.6689143627782,3.19734771858845,0,0,124,refinement
103,22,0.111080255484588,0.111080255484588,0,-2.20627814736113,-24.0602923654716,-6.24468900638881,99.8889197445154,76.3710946280063,3.49516745336031,0,0,125,refinement
103,23,0.111080255484588,0.111080255484588,0,-2.20627814736113,-24.3374914258239,-6.24468900638881,99.8889197445154,76.1069903349067,3.75927174645988,0,0,126,refinement
103,24,0.111080255484588,0.111080255484588,0,-2.20627814736113,-24.5975767028231,-6.24468900638881,99.8889197445154,75.8147898404136,4.05147224095302,0,0,127,refinement
103,25,0.111080255484588,0.111080255484588,0,-2.20627814736113,-24.6960837967629,-6.24468900638881,99.8889197445154,75.3427736570016,4.65454969125015,0,0,128,refinement
103,26,0.111080255484588,0.111080255484588,0,-2.20627814736113,-24.8299801461091,-6.24468900638881,99.8889197445154,74.8482805124747,5.17301642782244,0,0,129,refinement
103,27,0.111080255484588,0.111080255484588,0,-2.20627814736113,-25.0965664936691,-6.24468900638881,99.8889197445154,74.4155990110137,5.76138879179774,0,0,130,refinement
103,28,0.111080255484588,0.111080255484588,0,-2.20627814736113,-25.8118004714544,-6.24468900638881,99.8889197445154,73.662620813666,6.23325177676803,0,0,131,refinement
103,29,0.111080255484588,0.111080255484588,0,-2.20627814736113,-26.248764126016,-6.24468900638881,99.8889197445154,72.7747808496291,7.09148123173747,0,0,132,refinement
103,30,0.111080255484588,0.111080255484588,0,-2.20627814736113,-26.6504590797201,-6.24468900638881,99.8889197445154,71.8644639244774,8.00179815688919,0,0,133,refinement
103,31,0.111080255484588,0.111080255484588,0,-2.20627814736113,-27.4161610674086,-6.24468900638881,99.8889197445154,71.105866486851,8.76039559451562,0,0,134,refinement
103,32,0.111080255484588,0.111080255484588,0,-2.20627814736113,-27.787480162197,-6.24468900638881,99.8889197445154,70.5720386603731,9.29422342099348,0,0,135,refinement
104,13,0.333240766453763,0.333240766453763,0.111080255484588,0.491061794566463,-20.7158253476588,-1.73512379918031,99.6667592335462,79.0402337603956,1.46100247246572,0,0,117,refinement
104,14,0.249930574840322,0.249930574840322,0.0833101916134407,-0.716285220929109,-21.3671474089163,-3.33751474670723,99.7500694251597,78.894133513149,1.60710271971229,0,0,118,refinement
104,15,0.222160510969175,0.222160510969175,0.0833101916134407,-1.55884643154033,-21.5999792477072,-3.55053387317407,99.7778394890308,78.6918408631153,1.80939536974601,0,0,119,refinement
104,16,0.166620383226881,0.166620383226881,0.0833101916134407,-2.20627814736113,-22.0853253640607,-4.23754629674338,99.8333796167731,78.5345021353113,1.96673409755001,0,0,120,refinement
104,17,0.111080255484588,0.111080255484588,0.0833101916134407,-2.20627814736113,-22.4543843447925,-5.07721029147601,99.8889197445154,78.2085861991459,2.29265003371544,0,0,121,refinement
104,18,0.111080255484588,0.111080255484588,0.0694251596778673,-2.20627814736113,-22.7164226851029,-6.21338966353654,99.8889197445154,77.9950550685547,2.50618116430659,0,0,122,refinement
104,19,0.111080255484588,0.111080255484588,0.0416550958067204,-2.20627814736113,-22.8364524584136,-6.24468900638881,99.8889197445154,77.7253315351764,2.77590469768487,0,0,123,refinement
104,20,0.111080255484588,0.111080255484588,0.0138850319355735,-2.20627814736113,-23.1728841570581,-6.24468900638881,99.8889197445154,77.4837042031917,3.01753202966959,0,0,124,refinement
104,21,0.111080255484588,0.111080255484588,0,-2.20627814736113,-23.7660826187145,-6.24468900638881,99.8889197445154,77.3038885142729,3.19734771858845,0,0,125,refinement
104,22,0.111080255484588,0.111080255484588,0,-2.20627814736113,-24.0602923654716,-6.24468900638881,99.8889197445154,77.006068779501,3.49516745336031,0,0,126,refinement
104,23,0.111080255484588,0.111080255484588,0,-2.20627814736113,-24.3374914258239,-6.24468900638881,99.8889197445154,76.7419644864014,3.75927174645988,0,0,127,refinement
104,24,0.111080255484588,0.111080255484588,0,-2.20627814736113,-24.599615582224,-6.24468900638881,99.8889197445154,76.4497639919083,4.05147224095302,0,0,128,refinement
104,25,0.111080255484588,0.111080255484588,0,-2.20627814736113,-24.7087418507491,-6.24468900638881,99.8889197445154,75.9777478084963,4.65454969125015,0,0,129,refinement
104,26,0.111080255484588,0.111080255484588,0,-2.20627814736113,-24.8508488280402,-6.24468900638881,99.8889197445154,75.4832546639694,5.17301642782244,0,0,130,refinement
104,27,0.111080255484588,0.111080255484588,0,-2.20627814736113,-25.1137142909302,-6.24468900638881,99.8889197445154,75.0505731625084,5.76138879179774,0,0,131,refinement
104,28,0.111080255484588,0.111080255484588,0,-2.20627814736113,-25.8341130262212,-6.24468900638881,99.8889197445154,74.2975949651607,6.23325177676803,0,0,132,refinement
104,29,0.111080255484588,0.111080255484588,0,-2.20627814736113,-26.2705825931039,-6.24468900638881,99.8889197445154,73.4097550011238,7.09148123173747,0,0,133,refinement
104,30,0.111080255484588,0.111080255484588,0,-2.20627814736113,-26.670577785596,-6.24468900638881,99.8889197445154,72.4994380759721,8.00179815688919,0,0,134,refinement
104,31,0.111080255484588,0.111080255484588,0,-2.20627814736113,-27.4715094312498,-6.24468900638881,99.8889197445154,71.7408406383457,8.76039559451562,0,0,135,refinement
104,32,0.111080255484588,0.111080255484588,0,-2.20627814736113,-27.829463473667,-6.24468900638881,99.8889197445154,71.2070128118678,9.29422342099348,0,0,136,refinement
105,13,0.333240766453763,0.333240766453763,0.111080255484588,0.491061794566463,-20.7158253476588,-1.73512379918031,99.6667592335462,79.5572038660373,1.46100247246572,0,0,118,refinement
105,14,0.249930574840322,0.249930574840322,0.0833101916134407,-0.716285220929109,-21.3671474089163,-3.33751474670723,99.7500694251597,79.4111036187907,1.60710271971229,0,0,119,refinement
105,15,0.222160510969175,0.222160510969175,0.0833101916134407,-1.55884643154033,-21.5999792477072,-3.55053387317407,99.7778394890308,79.208810968757,1.80939536974601,0,0,120,refinement
105,16,0.166620383226881,0.166620383226881,0.0833101916134407,-2.20627814736113,-22.0853253640607,-4.23754629674338,99.8333796167731,79.051472240953,1.96673409755001,0,0,121,refinement
105,17,0.111080255484588,0.111080255484588,0.0833101916134407,-2.20627814736113,-22.4543843447925,-5.07721029147601,99.8889197445154,78.7255563047876,2.29265003371544,0,0,122,refinement
105,18,0.111080255484588,0.111080255484588,0.0694251596778673,-2.20627814736113,-22.7164226851029,-6.21338966353654,99.8889197445154,78.5120251741965,2.50618116430659,0,0,123,refinement
105,19,0.111080255484588,0.111080255484588,0.0416550958067204,-2.20627814736113,-22.8364524584136,-6.24468900638881,99.8889197445154,78.2423016408182,2.77590469768487,0,0,124,refinement
105,20,0.111080255484588,0.111080255484588,0.0138850319355735,-2.20627814736113,-23.1728841570581,-6.24468900638881,99.8889197445154,78.0006743088334,3.01753202966959,0,0,125,refinement
105,21,0.111080255484588,0.111080255484588,0,-2.20627814736113,-23.7660826187145,-6.24468900638881,99.8889197445154,77.8208586199146,3.19734771858845,0,0,126,refinement
105,22,0.111080255484588,0.111080255484588,0,-2.20627814736113,-24.0602923654716,-6.24468900638881,99.8889197445154,77.5230388851427,3.49516745336031,0,0,127,refinement
105,23,0.111080255484588,0.111080255484588,0,-2.20627814736113,-24.3374914258239,-6.24468900638881,99.8889197445154,77.2589345920432,3.75927174645988,0,0,128,refinement
105,24,0.111080255484588,0.111080255484588,0,-2.20627814736113,-24.599615582224,-6.24468900638881,99.8889197445154,76.96673409755,4.05147224095302,0,0,129,refinement
105,25,0.111080255484588,0.111080255484588,0,-2.20627814736113,-24.7087418507491,-6.24468900638881,99.8889197445154,76.494717914138,4.65454969125015,0,0,130,refinement
105,26,0.111080255484588,0.111080255484588,0,-2.20627814736113,-24.8508488280402,-6.24468900638881,99.8889197445154,76.0002247696112,5.17301642782244,0,0,131,refinement
105,27,0.111080255484588,0.111080255484588,0,-2.20627814736113,-25.1137142909302,-6.24468900638881,99.8889197445154,75.5675432681501,5.76138879179774,0,0,132,refinement
105,28,0.111080255484588,0.111080255484588,0,-2.20627814736113,-25.8341130262212,-6.24468900638881,99.8889197445154,74.8145650708024,6.23325177676803,0,0,133,refinement
105,29,0.111080255484588,0.111080255484588,0,-2.20627814736113,-26.2705825931039,-6.24468900638881,99.8889197445154,73.9267251067656,7.09148123173747,0,0,134,refinement
105,30,0.111080255484588,0.111080255484588,0,-2.20627814736113,-26.670577785596,-6.24468900638881,99.8889197445154,73.0164081816138,8.00179815688919,0,0,135,refinement
105,31,0.111080255484588,0.111080255484588,0,-2.20627814736113,-27.4715094312498,-6.24468900638881,99.8889197445154,72.2578107439874,8.76039559451562,0,0,136,refinement
105,32,0.111080255484588,0.111080255484588,0,-2.20627814736113,-27.829463473667,-6.24468900638881,99.8889197445154,71.7239829175096,9.29422342099348,0,0,137,refinement
106,13,0.333240766453763,0.333240766453763,0.0833101916134407,0.491061794566463,-20.7158253476588,-1.73512379918031,99.6667592335462,80.0685547314003,1.46100247246572,0,0,119,refinement
106,14,0.249930574840322,0.249930574840322,0.0555401277422938,-0.716285220929109,-21.3671474089163,-3.33751474670723,99.7500694251597,79.9224544841537,1.60710271971229,0,0,120,refinement
106,15,0.222160510969175,0.222160510969175,0.0555401277422938,-1.55884643154033,-21.5999792477072,-3.55053387317407,99.7778394890308,79.72016183412,1.80939536974601,0,0,121,refinement
106,16,0.166620383226881,0.166620383226881,0.0555401277422938,-2.49971443565366,-22.0853253640607,-4.23754629674338,99.8333796167731,79.562823106316,1.96673409755001,0,0,122,refinement
106,17,0.111080255484588,0.111080255484588,0.0555401277422938,-2.49971443565366,-22.4543843447925,-5.07721029147601,99.8889197445154,79.2369071701506,2.29265003371544,0,0,123,refinement
106,18,0.0833101916134407,0.0833101916134407,0.0555401277422938,-2.49971443565366,-22.7164226851029,-6.21338966353654,99.9166898083866,79.0233760395595,2.50618116430659,0,1,124,refinement
106,19,0.0555401277422938,0.0555401277422938,0.0416550958067204,-2.49971443565366,-22.8364524584136,-6.94058059703929,99.9444598722577,78.7536525061812,2.77590469768487,0,1,125,refinement
106,20,0.0555401277422938,0.0555401277422938,0.0138850319355735,-2.49971443565366,-23.1728841570581,-7.13758583439376,99.9444598722577,78.5120251741965,3.01753202966959,0,1,126,refinement
106,21,0.0555401277422938,0.0555401277422938,0,-2.49971443565366,-23.7660826187145,-7.31372808870276,99.9444598722577,78.3322094852776,3.19734771858845,0,1,127,refinement
106,22,0.0555401277422938,0.0555401277422938,0,-2.49971443565366,-24.0602923654716,-7.47172862507438,99.9444598722577,78.0343897505057,3.49516745336031,0,1,128,refinement
106,23,0.0555401277422938,0.0555401277422938,0,-2.49971443565366,-24.3374914258239,-7.95037248932444,99.9444598722577,77.7702854574062,3.75927174645988,0,1,129,refinement
106,24,0.0555401277422938,0.0555401277422938,0,-2.49971443565366,-24.599615582224,-8.17469369220916,99.9444598722577,77.478084962913,4.05147224095302,0,1,130,refinement
106,25,0.0555401277422938,0.0555401277422938,0,-2.49971443565366,-24.7087418507491,-9.65106464077954,99.9444598722577,77.006068779501,4.65454969125015,0,1,131,refinement
106,26,0.0555401277422938,0.0555401277422938,0,-2.49971443565366,-24.8508488280402,-9.79114504989022,99.9444598722577,76.5115756349742,5.17301642782244,0,1,132,refinement
106,27,0.0555401277422938,0.0555401277422938,0,-2.49971443565366,-25.1137142909302,-10.901344477034,99.9444598722577,76.0788941335131,5.76138879179774,0,1,133,refinement
106,28,0.0555401277422938,0.0555401277422938,0,-2.49971443565366,-25.8341130262212,-13.4595273624039,99.9444598722577,75.3259159361654,6.23325177676803,0,1,134,refinement
106,29,0.0555401277422938,0.0555401277422938,0,-2.49971443565366,-26.2705825931039,-13.5577874641636,99.9444598722577,74.4380759721286,7.09148123173747,0,1,135,refinement
106,30,0.0555401277422938,0.0555401277422938,0,-2.49971443565366,-26.670577785596,-14.1592071948788,99.9444598722577,73.5277590469769,8.00179815688919,0,1,136,refinement
106,31,0.0555401277422938,0.0555401277422938,0,-2.49971443565366,-27.4715094312498,-14.2058675991347,99.9444598722577,72.7691616093504,8.76039559451562,0,1,137,refinement
106,32,0.0555401277422938,0.0555401277422938,0,-2.49971443565366,-27.829463473667,-14.2058675991347,99.9444598722577,72.2353337828726,9.29422342099348,0,1,138,refinement
107,13,0.333240766453763,0.333240766453763,0.0833101916134407,0.491061794566463,-20.7158253476588,-1.73512379918031,99.6667592335462,80.7316250842886,1.46100247246572,0,0,120,refinement
107,14,0.249930574840322,0.249930574840322,0.0555401277422938,-0.716285220929109,-21.3671474089163,-3.33751474670723,99.7500694251597,80.585524837042,1.60710271971229,0,0,121,refinement
107,15,0.222160510969175,0.222160510969175,0.0555401277422938,-1.55884643154033,-21.5999792477072,-3.55053387317407,99.7778394890308,80.3832321870083,1.80939536974601,0,0,122,refinement
107,16,0.166620383226881,0.166620383226881,0.0555401277422938,-3.30416690322923,-22.0853253640607,-4.23754629674338,99.8333796167731,80.2258934592043,1.96673409755001,0,0,123,refinement
107,17,0.111080255484588,0.111080255484588,0.0416550958067204,-3.47648436541684,-22.4543843447925,-5.07721029147601,99.8889197445154,79.8999775230389,2.29265003371544,0,0,124,refinement
107,18,0.0833101916134407,0.0833101916134407,0.0277700638711469,-4.20964780856025,-22.7164226851029,-6.21338966353654,99.9166898083866,79.6864463924477,2.50618116430659,0,1,125,refinement
107,19,0.0555401277422938,0.0555401277422938,0.0138850319355735,-4.48587046383975,-22.8364524584136,-6.94058059703929,99.9444598722577,79.4167228590695,2.77590469768487,0,1,126,refinement
107,20,0.0277700638711469,0.0277700638711469,0,-4.95462099592902,-23.1728841570581,-7.13758583439376,99.9722299361289,79.1750955270847,3.01753202966959,0,1,127,refinement
107,21,0,0,0,-6.16837639738844,-23.7660826187145,-7.31372808870276,100,78.9952798381659,3.19734771858845,1,1,128,refinement
107,22,0,0,0,-6.92052014726454,-24.0602923654716,-7.47172862507438,100,78.697460103394,3.49516745336031,1,1,129,refinement
107,23,0,0,0,-6.92052014726454,-24.3374914258239,-7.95037248932444,100,78.4333558102944,3.75927174645988,1,1,130,refinement
107,24,0,0,0,-7.42002704225723,-24.599615582224,-8.17469369220916,100,78.1411553158013,4.05147224095302,1,1,131,refinement
107,25,0,0,0,-8.11458318391232,-24.7087418507491,-9.65106464077954,100,77.6691391323893,4.65454969125015,1,1,132,refinement
107,26,0,0,0,-8.11458318391232,-24.8508488280402,-9.79114504989022,100,77.1746459878624,5.17301642782244,1,1,133,refinement
107,27,0,0,0,-9.64345426555897,-25.1137142909302,-10.901344477034,100,76.7419644864014,5.76138879179774,1,1,134,refinement
107,28,0,0,0,-9.71880451526786,-25.8341130262212,-13.4595273624039,100,75.9889862890537,6.23325177676803,1,1,135,refinement
107,29,0,0,0,-9.71880451526786,-26.2705825931039,-13.5577874641636,100,75.1011463250169,7.09148123173747,1,1,136,refinement
107,30,0,0,0,-9.71880451526786,-26.670577785596,-14.1592071948788,100,74.1908293998651,8.00179815688919,1,1,137,refinement
107,31,0,0,0,-9.71880451526786,-27.4715094312498,-14.2058675991347,100,73.4322319622387,8.76039559451562,1,1,138,refinement
107,32,0,0,0,-13.8376546164343,-27.829463473667,-14.2058675991347,100,72.8984041357608,9.29422342099348,1,1,139,refinement
108,13,0.333240766453763,0.333240766453763,0.0833101916134407,0.491061794566463,-20.7158253476588,-1.73512379918031,99.6667592335462,81.3160260732749,1.46100247246572,0,0,121,refinement
108,14,0.249930574840322,0.249930574840322,0.0555401277422938,-0.716285220929109,-21.3671474089163,-3.33751474670723,99.7500694251597,81.1699258260283,1.60710271971229,0,0,122,refinement
108,15,0.222160510969175,0.222160510969175,0.0555401277422938,-1.55884643154033,-21.5999792477072,-3.55053387317407,99.7778394890308,80.9676331759946,1.80939536974601,0,0,123,refinement
108,16,0.166620383226881,0.166620383226881,0.0555401277422938,-3.30416690322923,-22.0853253640607,-4.23754629674338,99.8333796167731,80.8102944481906,1.96673409755001,0,0,124,refinement
108,17,0.111080255484588,0.111080255484588,0.0416550958067204,-3.47648436541684,-22.4543843447925,-5.07721029147601,99.8889197445154,80.4843785120252,2.29265003371544,0,0,125,refinement
108,18,0.0833101916134407,0.0833101916134407,0.0277700638711469,-4.20964780856025,-22.7164226851029,-6.21338966353654,99.9166898083866,80.270847381434,2.50618116430659,0,1,126,refinement
108,19,0.0555401277422938,0.0555401277422938,0.0138850319355735,-4.48587046383975,-22.8364524584136,-6.94058059703929,99.9444598722577,80.0011238480557,2.77590469768487,0,1,127,refinement
108,20,0.0277700638711469,0.0277700638711469,0,-4.95462099592902,-23.1728841570581,-7.13758583439376,99.9722299361289,79.759496516071,3.01753202966959,0,1,128,refinement
108,21,0,0,0,-6.16837639738844,-23.7660826187145,-7.31372808870276,100,79.5796808271522,3.19734771858845,1,1,129,refinement
108,22,0,0,0,-6.92052014726454,-24.0602923654716,-7.47172862507438,100,79.2818610923803,3.49516745336031,1,1,130,refinement
108,23,0,0,0,-6.92052014726454,-24.3374914258239,-7.95037248932444,100,79.0177567992807,3.75927174645988,1,1,131,refinement
108,24,0,0,0,-7.42002704225723,-24.599615582224,-8.17469369220916,100,78.7255563047876,4.05147224095302,1,1,132,refinement
108,25,0,0,0,-8.11458318391232,-24.7087418507491,-9.65106464077954,100,78.2535401213756,4.65454969125015,1,1,133,refinement
108,26,0,0,0,-8.11458318391232,-24.8508488280402,-9.79114504989022,100,77.7590469768487,5.17301642782244,1,1,134,refinement
108,27,0,0,0,-9.64345426555897,-25.1137142909302,-10.901344477034,100,77.3263654753877,5.76138879179774,1,1,135,refinement
108,28,0,0,0,-9.71880451526786,-25.8341130262212,-13.4595273624039,100,76.57338727804,6.23325177676803,1,1,136,refinement
108,29,0,0,0,-9.71880451526786,-26.2705825931039,-13.5577874641636,100,75.6855473140031,7.09148123173747,1,1,137,refinement
108,30,0,0,0,-9.71880451526786,-26.670577785596,-14.1592071948788,100,74.7752303888514,8.00179815688919,1,1,138,refinement
108,31,0,0,0,-9.71880451526786,-27.4715094312498,-14.2058675991347,100,74.016632951225,8.76039559451562,1,1,139,refinement
108,32,0,0,0,-13.8376546164343,-27.829463473667,-14.2058675991347,100,73.4828051247471,9.29422342099348,1,1,140,refinement
109,13,0.333240766453763,0.333240766453763,0.0833101916134407,0.491061794566463,-20.7158253476588,-1.73512379918031,99.6667592335462,81.962238705327,1.46100247246572,0,0,122,refinement
109,14,0.249930574840322,0.249930574840322,0.0555401277422938,-0.716285220929109,-21.3671474089163,-3.33751474670723,99.7500694251597,81.8161384580805,1.60710271971229,0,0,123,refinement
109,15,0.222160510969175,0.222160510969175,0.0555401277422938,-1.55884643154033,-21.5999792477072,-3.55053387317407,99.7778394890308,81.6138458080467,1.80939536974601,0,0,124,refinement
109,16,0.166620383226881,0.166620383226881,0.0555401277422938,-3.30416690322923,-22.0853253640607,-4.23754629674338,99.8333796167731,81.4565070802427,1.96673409755001,0,0,125,refinement
109,17,0.111080255484588,0.111080255484588,0.0416550958067204,-3.47648436541684,-22.4543843447925,-5.07721029147601,99.8889197445154,81.1305911440773,2.29265003371544,0,0,126,refinement
109,18,0.0833101916134407,0.0833101916134407,0.0277700638711469,-4.20964780856025,-22.7164226851029,-6.21338966353654,99.9166898083866,80.9170600134862,2.50618116430659,0,1,127,refinement
109,19,0.0555401277422938,0.0555401277422938,0.0138850319355735,-4.48587046383975,-22.8364524584136,-6.94058059703929,99.9444598722577,80.6473364801079,2.77590469768487,0,1,128,refinement
109,20,0.0277700638711469,0.0277700638711469,0,-4.95462099592902,-23.1728841570581,-7.13758583439376,99.9722299361289,80.4057091481232,3.01753202966959,0,1,129,refinement
109,21,0,0,0,-6.16837639738844,-23.7660826187145,-7.31372808870276,100,80.2258934592043,3.19734771858845,1,1,130,refinement
109,22,0,0,0,-6.92052014726454,-24.0602923654716,-7.47172862507438,100,79.9280737244325,3.49516745336031,1,1,131,refinement
109,23,0,0,0,-6.92052014726454,-24.3374914258239,-7.95037248932444,100,79.6639694313329,3.75927174645988,1,1,132,refinement
109,24,0,0,0,-7.42002704225723,-24.599615582224,-8.17469369220916,100,79.3717689368397,4.05147224095302,1,1,133,refinement
109,25,0,0,0,-8.11458318391232,-24.7087418507491,-9.65106464077954,100,78.8997527534277,4.65454969125015,1,1,134,refinement
109,26,0,0,0,-8.11458318391232,-24.8508488280402,-9.79114504989022,100,78.4052596089009,5.17301642782244,1,1,135,refinement
109,27,0,0,0,-9.64345426555897,-25.1137142909302,-10.901344477034,100,77.9725781074399,5.76138879179774,1,1,136,refinement
109,28,0,0,0,-9.71880451526786,-25.8341130262212,-13.4595273624039,100,77.2195999100922,6.23325177676803,1,1,137,refinement
109,29,0,0,0,-9.71880451526786,-26.2705825931039,-13.5577874641636,100,76.3317599460553,7.09148123173747,1,1,138,refinement
109,30,0,0,0,-9.71880451526786,-26.670577785596,-14.1592071948788,100,75.4214430209036,8.00179815688919,1,1,139,refinement
109,31,0,0,0,-9.71880451526786,-27.4715094312498,-14.2058675991347,100,74.6628455832771,8.76039559451562,1,1,140,refinement
109,32,0,0,0,-13.8376546164343,-27.829463473667,-14.2058675991347,100,74.1290177567993,9.29422342099348,1,1,141,refinement
110,13,0.333240766453763,0.333240766453763,0.0833101916134407,0.491061794566463,-20.7158253476588,-1.73512379918031,99.6667592335462,82.9961789166105,1.46100247246572,0,0,123,refinement
110,14,0.249930574840322,0.249930574840322,0.0555401277422938,-0.716285220929109,-21.3671474089163,-3.33751474670723,99.7500694251597,82.8500786693639,1.60710271971229,0,0,124,refinement
110,15,0.222160510969175,0.222160510969175,0.0555401277422938,-1.55884643154033,-21.5999792477072,-3.55053387317407,99.7778394890308,82.6477860193302,1.80939536974601,0,0,125,refinement
110,16,0.166620383226881,0.166620383226881,0.0555401277422938,-3.30416690322923,-22.0853253640607,-4.23754629674338,99.8333796167731,82.4904472915262,1.96673409755001,0,0,126,refinement
110,17,0.111080255484588,0.111080255484588,0.0416550958067204,-3.47648436541684,-22.4543843447925,-5.07721029147601,99.8889197445154,82.1645313553608,2.29265003371544,0,0,127,refinement
110,18,0.0833101916134407,0.0833101916134407,0.0277700638711469,-4.20964780856025,-22.7164226851029,-6.21338966353654,99.9166898083866,81.9510002247696,2.50618116430659,0,1,128,refinement
110,19,0.0555401277422938,0.0555401277422938,0.0138850319355735,-4.48587046383975,-22.8364524584136,-6.94058059703929,99.9444598722577,81.6812766913913,2.77590469768487,0,1,129,refinement
110,20,0.0277700638711469,0.0277700638711469,0,-4.95462099592902,-23.1728841570581,-7.13758583439376,99.9722299361289,81.4396493594066,3.01753202966959,0,1,130,refinement
110,21,0,0,0,-6.16837639738844,-23.7660826187145,-7.31372808870276,100,81.2598336704878,3.19734771858845,1,1,131,refinement
110,22,0,0,0,-6.92052014726454,-24.0602923654716,-7.47172862507438,100,80.9620139357159,3.49516745336031,1,1,132,refinement
110,23,0,0,0,-6.92052014726454,-24.3374914258239,-7.95037248932444,100,80.6979096426163,3.75927174645988,1,1,133,refinement
110,24,0,0,0,-7.42002704225723,-24.599615582224,-8.17469369220916,100,80.4057091481232,4.05147224095302,1,1,134,refinement
110,25,0,0,0,-8.11458318391232,-24.7087418507491,-9.65106464077954,100,79.9336929647112,4.65454969125015,1,1,135,refinement
110,26,0,0,0,-8.11458318391232,-24.8508488280402,-9.79114504989022,100,79.4391998201843,5.17301642782244,1,1,136,refinement
110,27,0,0,0,-9.64345426555897,-25.1137142909302,-10.901344477034,100,79.0065183187233,5.76138879179774,1,1,137,refinement
110,28,0,0,0,-9.71880451526786,-25.8341130262212,-13.4595273624039,100,78.2535401213756,6.23325177676803,1,1,138,refinement
110,29,0,0,0,-9.71880451526786,-26.2705825931039,-13.5577874641636,100,77.3657001573387,7.09148123173747,1,1,139,refinement
110,30,0,0,0,-9.71880451526786,-26.670577785596,-14.1592071948788,100,76.455383232187,8.00179815688919,1,1,140,refinement
110,31,0,0,0,-9.71880451526786,-27.4715094312498,-14.2058675991347,100,75.6967857945606,8.76039559451562,1,1,141,refinement
110,32,0,0,0,-13.8376546164343,-27.829463473667,-14.2058675991347,100,75.1629579680827,9.29422342099348,1,1,142,refinement
111,13,0.333240766453763,0.333240766453763,0.0833101916134407,0.491061794566463,-20.7158253476588,-1.73512379918031,99.6667592335462,84.2661272195999,1.46100247246572,0,0,124,refinement
111,14,0.249930574840322,0.249930574840322,0.0555401277422938,-0.716285220929109,-21.3671474089163,-3.33751474670723,99.7500694251597,84.1200269723533,1.60710271971229,0,0,125,refinement
111,15,0.222160510969175,0.222160510969175,0.0555401277422938,-1.55884643154033,-21.5999792477072,-3.55053387317407,99.7778394890308,83.9177343223196,1.80939536974601,0,0,126,refinement
111,16,0.166620383226881,0.166620383226881,0.0555401277422938,-3.30416690322923,-22.0853253640607,-4.23754629674338,99.8333796167731,83.7603955945156,1.96673409755001,0,0,127,refinement
111,17,0.111080255484588,0.111080255484588,0.0416550958067204,-3.47648436541684,-22.4543843447925,-5.07721029147601,99.8889197445154,83.4344796583502,2.29265003371544,0,0,128,refinement
111,18,0.0833101916134407,0.0833101916134407,0.0277700638711469,-4.20964780856025,-22.7164226851029,-6.21338966353654,99.9166898083866,83.220948527759,2.50618116430659,0,1,129,refinement
111,19,0.0555401277422938,0.0555401277422938,0.0138850319355735,-4.48587046383975,-22.8364524584136,-6.94058059703929,99.9444598722577,82.9512249943808,2.77590469768487,0,1,130,refinement
111,20,0.0277700638711469,0.0277700638711469,0,-4.95462099592902,-23.1728841570581,-7.13758583439376,99.9722299361289,82.709597662396,3.01753202966959,0,1,131,refinement
111,21,0,0,0,-6.16837639738844,-23.7660826187145,-7.31372808870276,100,82.5297819734772,3.19734771858845,1,1,132,refinement
111,22,0,0,0,-6.92052014726454,-24.0602923654716,-7.47172862507438,100,82.2319622387053,3.49516745336031,1,1,133,refinement
111,23,0,0,0,-6.92052014726454,-24.3374914258239,-7.95037248932444,100,81.9678579456058,3.75927174645988,1,1,134,refinement
111,24,0,0,0,-7.42002704225723,-24.599615582224,-8.17469369220916,100,81.6756574511126,4.05147224095302,1,1,135,refinement
111,25,0,0,0,-8.11458318391232,-24.7087418507491,-9.65106464077954,100,81.2036412677006,4.65454969125015,1,1,136,refinement
111,26,0,0,0,-8.11458318391232,-24.8508488280402,-9.79114504989022,100,80.7091481231737,5.17301642782244,1,1,137,refinement
111,27,0,0,0,-9.64345426555897,-25.1137142909302,-10.901344477034,100,80.2764666217127,5.76138879179774,1,1,138,refinement
111,28,0,0,0,-9.71880451526786,-25.8341130262212,-13.4595273624039,100,79.523488424365,6.23325177676803,1,1,139,refinement
111,29,0,0,0,-9.71880451526786,-26.2705825931039,-13.5577874641636,100,78.6356484603282,7.09148123173747,1,1,140,refinement
111,30,0,0,0,-9.71880451526786,-26.670577785596,-14.1592071948788,100,77.7253315351764,8.00179815688919,1,1,141,refinement
111,31,0,0,0,-9.71880451526786,-27.4715094312498,-14.2058675991347,100,76.96673409755,8.76039559451562,1,1,142,refinement
111,32,0,0,0,-13.8376546164343,-27.829463473667,-14.2058675991347,100,76.4329062710722,9.29422342099348,1,1,143,refinement
112,13,0.333240766453763,0.333240766453763,0.0833101916134407,0.491061794566463,-20.7158253476588,-1.73512379918031,99.6667592335462,85.1483479433581,1.46100247246572,0,0,125,refinement
112,14,0.249930574840322,0.249930574840322,0.0555401277422938,-0.716285220929109,-21.3671474089163,-3.33751474670725,99.7500694251597,85.0022476961115,1.60710271971229,0,0,126,refinement
112,15,0.222160510969175,0.222160510969175,0.0555401277422938,-1.55884643154033,-21.5999792477072,-3.55053387317407,99.7778394890308,84.7999550460778,1.80939536974601,0,0,127,refinement
112,16,0.166620383226881,0.166620383226881,0.0555401277422938,-3.30416690322923,-22.0853253640607,-4.23754629674338,99.8333796167731,84.6426163182738,1.96673409755001,0,0,128,refinement
112,17,0.111080255484588,0.111080255484588,0.0416550958067204,-3.47648436541684,-22.4543843447925,-5.07721029147601,99.8889197445154,84.3167003821083,2.29265003371544,0,0,129,refinement
112,18,0.0833101916134407,0.0833101916134407,0.0277700638711469,-4.20964780856025,-22.7164226851029,-6.21338966353654,99.9166898083866,84.1031692515172,2.50618116430659,0,1,130,refinement
112,19,0.0555401277422938,0.0555401277422938,0.0138850319355735,-4.48587046383975,-22.8364524584136,-6.94058059703929,99.9444598722577,83.8334457181389,2.77590469768487,0,1,131,refinement
112,20,0.0277700638711469,0.0277700638711469,0,-4.95462099592902,-23.1728841570581,-7.13758583439376,99.9722299361289,83.5918183861542,3.01753202966959,0,1,132,refinement
112,21,0,0,0,-6.16837639738844,-23.7660826187145,-7.31372808870276,100,83.4120026972353,3.19734771858845,1,1,133,refinement
112,22,0,0,0,-6.92052014726454,-24.0602923654716,-7.47172862507438,100,83.1141829624635,3.49516745336031,1,1,134,refinement
112,23,0,0,0,-6.92052014726454,-24.3374914258239,-7.95037248932444,100,82.8500786693639,3.75927174645988,1,1,135,refinement
112,24,0,0,0,-7.42002704225723,-24.599615582224,-8.17469369220916,100,82.5578781748708,4.05147224095302,1,1,136,refinement
112,25,0,0,0,-8.11458318391232,-24.7087418507491,-9.65106464077954,100,82.0858619914588,4.65454969125015,1,1,137,refinement
112,26,0,0,0,-8.11458318391232,-24.8508488280402,-9.79114504989022,100,81.5913688469319,5.17301642782244,1,1,138,refinement
112,27,0,0,0,-9.64345426555897,-25.1137142909302,-10.901344477034,100,81.1586873454709,5.76138879179774,1,1,139,refinement
112,28,0,0,0,-9.71880451526786,-25.8341130262212,-13.4595273624039,100,80.4057091481232,6.23325177676803,1,1,140,refinement
112,29,0,0,0,-9.71880451526786,-26.2705825931039,-13.5577874641636,100,79.5178691840863,7.09148123173747,1,1,141,refinement
112,30,0,0,0,-9.71880451526786,-26.670577785596,-14.1592071948788,100,78.6075522589346,8.00179815688919,1,1,142,refinement
112,31,0,0,0,-9.71880451526786,-27.4715094312498,-14.2058675991347,100,77.8489548213082,8.76039559451562,1,1,143,refinement
112,32,0,0,0,-13.8376546164343,-27.829463473667,-14.2058675991347,100,77.3151269948303,9.29422342099348,1,1,144,refinement
113,13,0.333240766453763,0.333240766453763,0.0833101916134407,0.491061794566463,-20.7158253476588,-1.73512379918031,99.6667592335462,85.8451337379186,1.46100247246572,0,0,126,refinement
113,14,0.249930574840322,0.249930574840322,0.0555401277422938,-0.716285220929109,-21.3671474089163,-3.33751474670725,99.7500694251597,85.6990334906721,1.60710271971229,0,0,127,refinement
113,15,0.222160510969175,0.222160510969175,0.0555401277422938,-1.55884643154033,-21.5999792477072,-3.55053387317407,99.7778394890308,85.4967408406384,1.80939536974601,0,0,128,refinement
113,16,0.166620383226881,0.166620383226881,0.0555401277422938,-3.30416690322923,-22.0853253640607,-4.23754629674341,99.8333796167731,85.3394021128343,1.96673409755001,0,0,129,refinement
113,17,0.111080255484588,0.111080255484588,0.0416550958067204,-3.47648436541684,-22.4543843447925,-5.07721029147601,99.8889197445154,85.0134861766689,2.29265003371544,0,0,130,refinement
113,18,0.0833101916134407,0.0833101916134407,0.0277700638711469,-4.20964780856028,-22.7164226851029,-6.21338966353654,99.9166898083866,84.7999550460778,2.50618116430659,0,1,131,refinement
113,19,0.0555401277422938,0.0555401277422938,0.0138850319355735,-4.48587046383977,-22.8364524584136,-6.94058059703929,99.9444598722577,84.5302315126995,2.77590469768487,0,1,132,refinement
113,20,0.0277700638711469,0.0277700638711469,0,-4.95462099592902,-23.1728841570581,-7.13758583439376,99.9722299361289,84.2886041807148,3.01753202966959,0,1,133,refinement
113,21,0,0,0,-6.16837639738844,-23.7660826187145,-7.31372808870276,100,84.1087884917959,3.19734771858845,1,1,134,refinement
113,22,0,0,0,-6.92052014726454,-24.0602923654716,-7.47172862507438,100,83.8109687570241,3.49516745336031,1,1,135,refinement
113,23,0,0,0,-6.92052014726454,-24.3374914258239,-7.95037248932444,100,83.5468644639245,3.75927174645988,1,1,136,refinement
113,24,0,0,0,-7.42002704225723,-24.599615582224,-8.17469369220916,100,83.2546639694313,4.05147224095302,1,1,137,refinement
113,25,0,0,0,-8.11458318391232,-24.7087418507491,-9.65106464077954,100,82.7826477860193,4.65454969125015,1,1,138,refinement
113,26,0,0,0,-8.11458318391232,-24.8508488280402,-9.79114504989022,100,82.2881546414925,5.17301642782244,1,1,139,refinement
113,27,0,0,0,-9.64345426555897,-25.1137142909302,-10.901344477034,100,81.8554731400315,5.76138879179774,1,1,140,refinement
113,28,0,0,0,-9.71880451526786,-25.8341130262212,-13.4595273624039,100,81.1024949426837,6.23325177676803,1,1,141,refinement
113,29,0,0,0,-9.71880451526786,-26.2705825931039,-13.5577874641636,100,80.2146549786469,7.09148123173747,1,1,142,refinement
113,30,0,0,0,-9.71880451526786,-26.670577785596,-14.1592071948788,100,79.3043380534952,8.00179815688919,1,1,143,refinement
113,31,0,0,0,-9.71880451526786,-27.4715094312498,-14.2058675991347,100,78.5457406158687,8.76039559451562,1,1,144,refinement
113,32,0,0,0,-13.8376546164343,-27.829463473667,-14.2058675991347,100,78.0119127893909,9.29422342099348,1,1,145,refinement
114,13,0.333240766453763,0.333240766453763,0.0833101916134407,0.491061794566463,-20.7158253476588,-1.73512379918031,99.6667592335462,86.5082040908069,1.46100247246572,0,0,127,refinement
114,14,0.249930574840322,0.249930574840322,0.0555401277422938,-0.716285220929109,-21.3671474089163,-3.33751474670725,99.7500694251597,86.3621038435603,1.60710271971229,0,0,128,refinement
114,15,0.222160510969175,0.222160510969175,0.0555401277422938,-1.55884643154033,-21.5999792477072,-3.55053387317407,99.7778394890308,86.1598111935266,1.80939536974601,0,0,129,refinement
114,16,0.166620383226881,0.166620383226881,0.0555401277422938,-3.30416690322923,-22.0853253640607,-4.23754629674341,99.8333796167731,86.0024724657226,1.96673409755001,0,0,130,refinement
114,17,0.111080255484588,0.111080255484588,0.0416550958067204,-3.47648436541684,-22.4543843447925,-5.07721029147601,99.8889197445154,85.6765565295572,2.29265003371544,0,0,131,refinement
114,18,0.0833101916134407,0.0833101916134407,0.0277700638711469,-4.20964780856028,-22.7164226851029,-6.21338966353654,99.9166898083866,85.4630253989661,2.50618116430659,0,1,132,refinement
114,19,0.0555401277422938,0.0555401277422938,0.0138850319355735,-4.48587046383977,-22.8364524584136,-6.94058059703929,99.9444598722577,85.1933018655878,2.77590469768487,0,1,133,refinement
114,20,0.0277700638711469,0.0277700638711469,0,-4.95462099592902,-23.1728841570581,-7.13758583439376,99.9722299361289,84.9516745336031,3.01753202966959,0,1,134,refinement
114,21,0,0,0,-6.16837639738844,-23.7660826187145,-7.31372808870276,100,84.7718588446842,3.19734771858845,1,1,135,refinement
114,22,0,0,0,-6.92052014726454,-24.0602923654716,-7.47172862507438,100,84.4740391099123,3.49516745336031,1,1,136,refinement
114,23,0,0,0,-6.92052014726454,-24.3374914258239,-7.95037248932444,100,84.2099348168128,3.75927174645988,1,1,137,refinement
114,24,0,0,0,-7.42002704225723,-24.599615582224,-8.17469369220916,100,83.9177343223196,4.05147224095302,1,1,138,refinement
114,25,0,0,0,-8.11458318391232,-24.7087418507491,-9.65106464077954,100,83.4457181389076,4.65454969125015,1,1,139,refinement
114,26,0,0,0,-8.11458318391232,-24.8508488280402,-9.79114504989022,100,82.9512249943808,5.17301642782244,1,1,140,refinement
114,27,0,0,0,-9.64345426555897,-25.1137142909302,-10.901344477034,100,82.5185434929198,5.76138879179774,1,1,141,refinement
114,28,0,0,0,-9.71880451526786,-25.8341130262212,-13.4595273624039,100,81.765565295572,6.23325177676803,1,1,142,refinement
114,29,0,0,0,-9.71880451526786,-26.2705825931039,-13.5577874641636,100,80.8777253315352,7.09148123173747,1,1,143,refinement
114,30,0,0,0,-9.71880451526786,-26.670577785596,-14.1592071948788,100,79.9674084063835,8.00179815688919,1,1,144,refinement
114,31,0,0,0,-9.71880451526786,-27.4715094312498,-14.2058675991347,100,79.208810968757,8.76039559451562,1,1,145,refinement
114,32,0,0,0,-13.8376546164343,-27.829463473667,-14.2058675991347,100,78.6749831422792,9.29422342099348,1,1,146,refinement
115,13,0.333240766453763,0.333240766453763,0.0833101916134407,0.491061794566463,-20.7158253476588,-1.73512379918031,99.6667592335462,87.1263205214655,1.46100247246572,0,0,128,refinement
115,14,0.249930574840322,0.249930574840322,0.0555401277422938,-0.716285220929109,-21.3671474089163,-3.33751474670725,99.7500694251597,86.9802202742189,1.60710271971229,0,0,129,refinement
115,15,0.222160510969175,0.222160510969175,0.0555401277422938,-1.55884643154033,-21.5999792477072,-3.55053387317407,99.7778394890308,86.7779276241852,1.80939536974601,0,0,130,refinement
115,16,0.166620383226881,0.166620383226881,0.0555401277422938,-3.30416690322923,-22.0853253640607,-4.23754629674341,99.8333796167731,86.6205888963812,1.96673409755001,0,0,131,refinement
115,17,0.111080255484588,0.111080255484588,0.0416550958067204,-3.47648436541684,-22.4543843447925,-5.07721029147601,99.8889197445154,86.2946729602158,2.29265003371544,0,0,132,refinement
115,18,0.0833101916134407,0.0833101916134407,0.0277700638711469,-4.20964780856028,-22.7164226851029,-6.21338966353654,99.9166898083866,86.0811418296246,2.50618116430659,0,1,133,refinement
115,19,0.0555401277422938,0.0555401277422938,0.0138850319355735,-4.48587046383977,-22.8364524584136,-6.94058059703929,99.9444598722577,85.8114182962463,2.77590469768487,0,1,134,refinement
115,20,0.0277700638711469,0.0277700638711469,0,-4.95462099592902,-23.1728841570581,-7.13758583439376,99.9722299361289,85.5697909642616,3.01753202966959,0,1,135,refinement
115,21,0,0,0,-6.16837639738844,-23.7660826187145,-7.31372808870276,100,85.3899752753428,3.19734771858845,1,1,136,refinement
115,22,0,0,0,-6.92052014726454,-24.0602923654716,-7.47172862507438,100,85.0921555405709,3.49516745336031,1,1,137,refinement
115,23,0,0,0,-6.92052014726454,-24.3374914258239,-7.95037248932444,100,84.8280512474713,3.75927174645988,1,1,138,refinement
115,24,0,0,0,-7.42002704225723,-24.599615582224,-8.17469369220916,100,84.5358507529782,4.05147224095302,1,1,139,refinement
115,25,0,0,0,-8.11458318391232,-24.7087418507491,-9.65106464077954,100,84.0638345695662,4.65454969125015,1,1,140,refinement
115,26,0,0,0,-8.11458318391232,-24.8508488280402,-9.79114504989022,100,83.5693414250393,5.17301642782244,1,1,141,refinement
115,27,0,0,0,-9.64345426555897,-25.1137142909302,-10.901344477034,100,83.1366599235783,5.76138879179774,1,1,142,refinement
115,28,0,0,0,-9.71880451526786,-25.8341130262212,-13.4595273624039,100,82.3836817262306,6.23325177676803,1,1,143,refinement
115,29,0,0,0,-9.71880451526786,-26.2705825931039,-13.5577874641636,100,81.4958417621937,7.09148123173747,1,1,144,refinement
115,30,0,0,0,-9.71880451526786,-26.670577785596,-14.1592071948788,100,80.585524837042,8.00179815688919,1,1,145,refinement
115,31,0,0,0,-9.71880451526786,-27.4715094312498,-14.2058675991347,100,79.8269273994156,8.76039559451562,1,1,146,refinement
115,32,0,0,0,-13.8376546164343,-27.829463473667,-14.2058675991347,100,79.2930995729377,9.29422342099348,1,1,147,refinement
116,13,0.333240766453763,0.333240766453763,0.0833101916134407,0.491061794566463,-20.7158253476588,-1.73512379918031,99.6667592335462,87.6882445493369,1.46100247246572,0,0,129,refinement
116,14,0.249930574840322,0.249930574840322,0.0555401277422938,-0.716285220929109,-21.3671474089163,-3.33751474670725,99.7500694251597,87.5421443020904,1.60710271971229,0,0,130,refinement
116,15,0.222160510969175,0.222160510969175,0.0555401277422938,-1.55884643154033,-21.5999792477072,-3.5505338731741,99.7778394890308,87.3398516520566,1.80939536974601,0,0,131,refinement
116,16,0.166620383226881,0.166620383226881,0.0555401277422938,-3.30416690322923,-22.0853253640607,-4.23754629674341,99.8333796167731,87.1825129242526,1.96673409755001,0,0,132,refinement
116,17,0.111080255484588,0.111080255484588,0.0416550958067204,-3.47648436541687,-22.4543843447925,-5.07721029147601,99.8889197445154,86.8565969880872,2.29265003371544,0,0,133,refinement
116,18,0.0833101916134407,0.0833101916134407,0.0277700638711469,-4.20964780856028,-22.7164226851029,-6.21338966353654,99.9166898083866,86.6430658574961,2.50618116430659,0,1,134,refinement
116,19,0.0555401277422938,0.0555401277422938,0.0138850319355735,-4.48587046383977,-22.8364524584136,-6.94058059703929,99.9444598722577,86.3733423241178,2.77590469768487,0,1,135,refinement
116,20,0.0277700638711469,0.0277700638711469,0,-4.95462099592902,-23.1728841570581,-7.13758583439376,99.9722299361289,86.1317149921331,3.01753202966959,0,1,136,refinement
116,21,0,0,0,-6.16837639738844,-23.7660826187145,-7.31372808870276,100,85.9518993032142,3.19734771858845,1,1,137,refinement
116,22,0,0,0,-6.92052014726454,-24.0602923654716,-7.47172862507438,100,85.6540795684423,3.49516745336031,1,1,138,refinement
116,23,0,0,0,-6.92052014726454,-24.3374914258239,-7.95037248932444,100,85.3899752753428,3.75927174645988,1,1,139,refinement
116,24,0,0,0,-7.42002704225723,-24.599615582224,-8.17469369220916,100,85.0977747808496,4.05147224095302,1,1,140,refinement
116,25,0,0,0,-8.11458318391232,-24.7087418507491,-9.65106464077954,100,84.6257585974376,4.65454969125015,1,1,141,refinement
116,26,0,0,0,-8.11458318391232,-24.8508488280402,-9.79114504989022,100,84.1312654529108,5.17301642782244,1,1,142,refinement
116,27,0,0,0,-9.64345426555897,-25.1137142909302,-10.901344477034,100,83.6985839514498,5.76138879179774,1,1,143,refinement
116,28,0,0,0,-9.71880451526786,-25.8341130262212,-13.4595273624039,100,82.945605754102,6.23325177676803,1,1,144,refinement
116,29,0,0,0,-9.71880451526786,-26.2705825931039,-13.5577874641636,100,82.0577657900652,7.09148123173747,1,1,145,refinement
116,30,0,0,0,-9.71880451526786,-26.670577785596,-14.1592071948788,100,81.1474488649135,8.00179815688919,1,1,146,refinement
116,31,0,0,0,-9.71880451526786,-27.4715094312498,-14.2058675991347,100,80.388851427287,8.76039559451562,1,1,147,refinement
116,32,0,0,0,-13.8376546164343,-27.829463473667,-14.2058675991347,100,79.8550236008092,9.29422342099348,1,1,148,refinement
117,13,0.333240766453763,0.333240766453763,0.0833101916134407,0.491061794566463,-20.7158253476588,-1.73512379918031,99.6667592335462,88.2445493369297,1.46100247246572,0,0,130,refinement
117,14,0.249930574840322,0.249930574840322,0.0555401277422938,-0.716285220929109,-21.3671474089163,-3.33751474670725,99.7500694251597,88.0984490896831,1.60710271971229,0,0,131,refinement
117,15,0.222160510969175,0.222160510969175,0.0555401277422938,-1.55884643154033,-21.5999792477072,-3.5505338731741,99.7778394890308,87.929628335081,1.80939536974601,0,0,132,refinement
117,16,0.166620383226881,0.166620383226881,0.0555401277422938,-3.30416690322923,-22.0853253640607,-4.23754629674341,99.8333796167731,87.7723406734242,1.96673409755001,0,0,133,refinement
117,17,0.111080255484588,0.111080255484588,0.0416550958067204,-3.47648436541687,-22.4543843447925,-5.07721029147601,99.8889197445154,87.5509728533147,2.29265003371544,0,0,134,refinement
117,18,0.0833101916134407,0.0833101916134407,0.0277700638711469,-4.20964780856028,-22.7164226851029,-6.21338966353654,99.9166898083866,87.2305720610509,2.50618116430659,0,1,135,refinement
117,19,0.0555401277422938,0.0555401277422938,0.0138850319355735,-4.48587046383977,-22.8364524584136,-6.94058059703929,99.9444598722577,86.9684259582896,2.77590469768487,0,1,136,refinement
117,20,0.0277700638711469,0.0277700638711469,0,-4.95462099592902,-23.1728841570581,-7.13758583439376,99.9722299361289,86.6880197797258,3.01753202966959,0,1,137,refinement
117,21,0,0,0,-6.16837639738844,-23.7660826187145,-7.31372808870276,100,86.5082040908069,3.19734771858845,1,1,138,refinement
117,22,0,0,0,-6.92052014726454,-24.0602923654716,-7.47172862507438,100,86.2103843560351,3.49516745336031,1,1,139,refinement
117,23,0,0,0,-6.92052014726454,-24.3374914258239,-7.95037248932444,100,85.9462800629355,3.75927174645988,1,1,140,refinement
117,24,0,0,0,-7.42002704225723,-24.599615582224,-8.17469369220916,100,85.6540795684423,4.05147224095302,1,1,141,refinement
117,25,0,0,0,-8.11458318391232,-24.7087418507491,-9.65106464077954,100,85.1820633850303,4.65454969125015,1,1,142,refinement
117,26,0,0,0,-8.11458318391232,-24.8508488280402,-9.79114504989022,100,84.6875702405035,5.17301642782244,1,1,143,refinement
117,27,0,0,0,-9.64345426555897,-25.1137142909302,-10.901344477034,100,84.2548887390425,5.76138879179774,1,1,144,refinement
117,28,0,0,0,-9.71880451526786,-25.8341130262212,-13.4595273624039,100,83.5019105416948,6.23325177676803,1,1,145,refinement
117,29,0,0,0,-9.71880451526786,-26.2705825931039,-13.5577874641636,100,82.6140705776579,7.09148123173747,1,1,146,refinement
117,30,0,0,0,-9.71880451526786,-26.670577785596,-14.1592071948788,100,81.9319562575942,8.00179815688919,1,1,147,refinement
117,31,0,0,0,-9.71880451526786,-27.4715094312498,-14.2058675991347,100,81.2272174969623,8.76039559451562,1,1,148,refinement
117,32,0,0,0,-13.8376546164343,-27.829463473667,-14.2058675991347,100,80.7047387606318,9.29422342099348,1,1,149,refinement
140.864787167433,13,0.333240766453763,0.333240766453763,0.0833101916134407,0.491061794566463,-20.7158253476588,-1.73512379918031,99.6667592335462,99.2648845686513,1.46100247246572,0,0,153.864787167433,refinement
140.864787167433,14,0.249930574840322,0.249930574840322,0.0555401277422938,-0.716285220929109,-21.3671474089163,-3.33751474670725,99.7500694251597,99.1008505467801,1.60710271971229,0,0,154.864787167433,refinement
140.864787167433,15,0.222160510969175,0.222160510969175,0.0555401277422938,-1.55884643154033,-21.5999792477072,-3.5505338731741,99.7778394890308,98.9368165249089,1.80939536974601,0,0,155.864787167433,refinement
140.864787167433,16,0.166620383226881,0.166620383226881,0.0555401277422938,-3.30416690322923,-22.0853253640607,-4.23754629674341,99.8333796167731,98.7788578371811,1.96673409755001,0,0,156.864787167433,refinement
140.864787167433,17,0.111080255484588,0.111080255484588,0.0416550958067204,-3.47648436541687,-22.4543843447925,-5.07721029147601,99.8889197445154,98.5662211421628,2.29265003371544,0,0,157.864787167433,refinement
140.864787167433,18,0.0833101916134407,0.0833101916134407,0.0277700638711469,-4.20964780856028,-22.7164226851029,-6.21338966353654,99.9166898083866,98.3778857837181,2.50618116430659,0,1,158.864787167433,refinement
140.864787167433,19,0.0555401277422938,0.0555401277422938,0.0138850319355735,-4.48587046383977,-22.8364524584136,-6.94058059703929,99.9444598722577,98.1287970838396,2.77590469768487,0,1,159.864787167433,refinement
140.864787167433,20,0.0277700638711469,0.0277700638711469,0,-4.95462099592902,-23.1728841570581,-7.13758583439376,99.9722299361289,97.7946537059538,3.01753202966959,0,1,160.864787167433,refinement
140.864787167433,21,0,0,0,-6.16837639738844,-23.7660826187145,-7.31372808870276,100,97.460510328068,3.19734771858845,1,1,161.864787167433,refinement
140.864787167433,22,0,0,0,-6.92052014726454,-24.0602923654716,-7.47172862507438,100,97.0959902794654,3.49516745336031,1,1,162.864787167433,refinement
140.864787167433,23,0,0,0,-6.92052014726454,-24.3374914258239,-7.95037248932444,100,96.8043742405832,3.75927174645988,1,1,163.864787167433,refinement
140.864787167433,24,0,0,0,-7.42002704225723,-24.599615582224,-8.17469369220916,100,96.4520048602673,4.05147224095302,1,1,164.864787167433,refinement
140.864787167433,25,0,0,0,-8.11458318391232,-24.7087418507491,-9.65106464077954,100,96.044957472661,4.65454969125015,1,1,165.864787167433,refinement
140.864787167433,26,0,0,0,-8.11458318391232,-24.8508488280402,-9.79114504989022,100,95.6561360874848,5.17301642782244,1,1,166.864787167433,refinement
140.864787167433,27,0,0,0,-9.64345426555897,-25.1137142909302,-10.901344477034,100,95.1275820170109,5.76138879179774,1,1,167.864787167433,refinement
140.864787167433,28,0,0,0,-9.71880451526786,-25.8341130262212,-13.4595273624039,100,94.7144592952612,6.23325177676803,1,1,168.864787167433,refinement
140.864787167433,29,0,0,0,-9.71880451526786,-26.2705825931039,-13.5577874641636,100,94.3742405832321,7.09148123173747,1,1,169.864787167433,refinement
140.864787167433,30,0,0,0,-9.71880451526786,-26.670577785596,-14.1592071948788,100,93.9368165249089,8.00179815688919,1,1,170.864787167433,refinement
140.864787167433,31,0,0,0,-9.71880451526786,-27.4715094312498,-14.2058675991347,100,93.232077764277,8.76039559451562,1,1,171.864787167433,refinement
140.864787167433,32,0,0,0,-13.8376546164343,-27.829463473667,-14.2058675991347,100,92.7095990279465,9.29422342099348,1,1,172.864787167433,refinement
140.864787167433,140.864787167433,0,0,0,-2948.41956873937,-2948.41956873937,-2948.41956873937,100,0,100,1,1,281.729574334866,refinement
104.5,16.5,0.138850319355735,0.138850319355735,0.0833101916134407,-2.20627814736113,-22.2495637415658,-4.5332142675806,99.8611496806443,78.6131714992133,2.1577882670263,0,0,121,final
104.5,17,0.111080255484588,0.111080255484588,0.0833101916134407,-2.20627814736113,-22.4543843447925,-5.07721029147601,99.8889197445154,78.4783097325242,2.29265003371544,0,0,121.5,final
104.5,17.5,0.111080255484588,0.111080255484588,0.0833101916134407,-2.20627814736113,-22.5500589027314,-5.07721029147601,99.8889197445154,78.3715441672286,2.39941559901101,0,0,122,final
104.5,18,0.111080255484588,0.111080255484588,0.0694251596778673,-2.20627814736113,-22.7164226851029,-6.21338966353654,99.8889197445154,78.264778601933,2.50618116430659,0,0,122.5,final
104.5,18.5,0.111080255484588,0.111080255484588,0.0694251596778673,-2.20627814736113,-22.8182244180028,-6.24434291612567,99.8889197445154,78.1804899977523,2.5904697684873,0,0,123,final
104.5,19,0.111080255484588,0.111080255484588,0.0416550958067204,-2.20627814736113,-22.8364524584136,-6.24468900638881,99.8889197445154,77.9950550685547,2.77590469768487,0,0,123.5,final
104.5,19.5,0.111080255484588,0.111080255484588,0.0416550958067204,-2.20627814736113,-22.9737119959034,-6.24468900638881,99.8889197445154,77.8658125421443,2.9051472240953,0,0,124,final
104.5,20,0.111080255484588,0.111080255484588,0.0138850319355735,-2.20627814736113,-23.1728841570581,-6.24468900638881,99.8889197445154,77.75342773657,3.01753202966959,0,0,124.5,final
104.5,20.5,0.111080255484588,0.111080255484588,0.0138850319355735,-2.20627814736113,-23.4740445237492,-6.24468900638881,99.8889197445154,77.6859968532254,3.08496291301416,0,0,125,final
104.5,21,0.111080255484588,0.111080255484588,0,-2.20627814736113,-23.7660826187145,-6.24468900638881,99.8889197445154,77.5736120476512,3.19734771858845,0,0,125.5,final
104.5,21.5,0.111080255484588,0.111080255484588,0,-2.20627814736113,-23.852539772417,-6.24468900638881,99.8889197445154,77.3937963587323,3.37716340750731,0,0,126,final
104.5,22,0.111080255484588,0.111080255484588,0,-2.20627814736113,-24.0602923654716,-6.24468900638881,99.8889197445154,77.2757923128793,3.49516745336031,0,0,126.5,final
104.5,22.5,0.111080255484588,0.111080255484588,0,-2.20627814736113,-24.1940883849715,-6.24468900638881,99.8889197445154,77.163407507305,3.60755225893459,0,0,127,final
105,16.5,0.138850319355735,0.138850319355735,0.0833101916134407,-2.20627814736113,-22.2495637415658,-4.5332142675806,99.8611496806443,78.8604180714767,2.1577882670263,0,0,121.5,final
105,17,0.111080255484588,0.111080255484588,0.0833101916134407,-2.20627814736113,-22.4543843447925,-5.07721029147601,99.8889197445154,78.7255563047876,2.29265003371544,0,0,122,final
105,17.5,0.111080255484588,0.111080255484588,0.0833101916134407,-2.20627814736113,-22.5500589027314,-5.07721029147601,99.8889197445154,78.618790739492,2.39941559901101,0,0,122.5,final
105,18,0.111080255484588,0.111080255484588,0.0694251596778673,-2.20627814736113,-22.7164226851029,-6.21338966353654,99.8889197445154,78.5120251741965,2.50618116430659,0,0,123,final
105,18.5,0.111080255484588,0.111080255484588,0.0694251596778673,-2.20627814736113,-22.8182244180028,-6.24434291612567,99.8889197445154,78.4277365700157,2.5904697684873,0,0,123.5,final
105,19,0.111080255484588,0.111080255484588,0.0416550958067204,-2.20627814736113,-22.8364524584136,-6.24468900638881,99.8889197445154,78.2423016408182,2.77590469768487,0,0,124,final
105,19.5,0.111080255484588,0.111080255484588,0.0416550958067204,-2.20627814736113,-22.9737119959034,-6.24468900638881,99.8889197445154,78.1130591144077,2.9051472240953,0,0,124.5,final
105,20,0.111080255484588,0.111080255484588,0.0138850319355735,-2.20627814736113,-23.1728841570581,-6.24468900638881,99.8889197445154,78.0006743088334,3.01753202966959,0,0,125,final
105,20.5,0.111080255484588,0.111080255484588,0.0138850319355735,-2.20627814736113,-23.4740445237492,-6.24468900638881,99.8889197445154,77.9332434254889,3.08496291301416,0,0,125.5,final
105,21,0.111080255484588,0.111080255484588,0,-2.20627814736113,-23.7660826187145,-6.24468900638881,99.8889197445154,77.8208586199146,3.19734771858845,0,0,126,final
105,21.5,0.111080255484588,0.111080255484588,0,-2.20627814736113,-23.852539772417,-6.24468900638881,99.8889197445154,77.6410429309957,3.37716340750731,0,0,126.5,final
105,22,0.111080255484588,0.111080255484588,0,-2.20627814736113,-24.0602923654716,-6.24468900638881,99.8889197445154,77.5230388851427,3.49516745336031,0,0,127,final
105,22.5,0.111080255484588,0.111080255484588,0,-2.20627814736113,-24.1940883849715,-6.24468900638881,99.8889197445154,77.4106540795684,3.60755225893459,0,0,127.5,final
105.5,16.5,0.138850319355735,0.138850319355735,0.0694251596778673,-2.20627814736113,-22.2495637415658,-4.5332142675806,99.8611496806443,79.0739492020679,2.1577882670263,0,0,122,final
105.5,17,0.111080255484588,0.111080255484588,0.0694251596778673,-2.20627814736113,-22.4543843447925,-5.07721029147601,99.8889197445154,78.9390874353787,2.29265003371544,0,0,122.5,final
105.5,17.5,0.111080255484588,0.111080255484588,0.0694251596778673,-2.20627814736113,-22.5500589027314,-5.07721029147601,99.8889197445154,78.8323218700832,2.39941559901101,0,0,123,final
105.5,18,0.0833101916134407,0.0833101916134407,0.0694251596778673,-2.20627814736113,-22.7164226851029,-6.21338966353654,99.9166898083866,78.7255563047876,2.50618116430659,0,1,123.5,final
105.5,18.5,0.0833101916134407,0.0833101916134407,0.0694251596778673,-2.20627814736113,-22.8182244180028,-6.24434291612567,99.9166898083866,78.6412677006069,2.5904697684873,0,1,124,final
105.5,19,0.0833101916134407,0.0833101916134407,0.0416550958067204,-2.20627814736113,-22.8364524584136,-6.94058059703929,99.9166898083866,78.4558327714093,2.77590469768487,0,1,124.5,final
105.5,19.5,0.0833101916134407,0.0833101916134407,0.0416550958067204,-2.20627814736113,-22.9737119959034,-6.94058059703929,99.9166898083866,78.3265902449989,2.9051472240953,0,1,125,final
105.5,20,0.0833101916134407,0.0833101916134407,0.0138850319355735,-2.20627814736113,-23.1728841570581,-7.13758583439376,99.9166898083866,78.2142054394246,3.01753202966959,0,1,125.5,final
105.5,20.5,0.0833101916134407,0.0833101916134407,0.0138850319355735,-2.20627814736113,-23.4740445237492,-7.13758583439376,99.9166898083866,78.14677455608,3.08496291301416,0,1,126,final
105.5,21,0.0833101916134407,0.0833101916134407,0,-2.20627814736113,-23.7660826187145,-7.31372808870276,99.9166898083866,78.0343897505057,3.19734771858845,0,1,126.5,final
105.5,21.5,0.0833101916134407,0.0833101916134407,0,-2.20627814736113,-23.852539772417,-7.31372808870276,99.9166898083866,77.8545740615869,3.37716340750731,0,1,127,final
105.5,22,0.0833101916134407,0.0833101916134407,0,-2.20627814736113,-24.0602923654716,-7.47172862507438,99.9166898083866,77.7365700157339,3.49516745336031,0,1,127.5,final
105.5,22.5,0.0833101916134407,0.0833101916134407,0,-2.20627814736113,-24.1940883849715,-7.95037248932444,99.9166898083866,77.6241852101596,3.60755225893459,0,1,128,final
106,16.5,0.138850319355735,0.138850319355735,0.0555401277422938,-2.49971443565366,-22.2495637415658,-4.5332142675806,99.8611496806443,79.3717689368397,2.1577882670263,0,0,122.5,final
106,17,0.111080255484588,0.111080255484588,0.0555401277422938,-2.49971443565366,-22.4543843447925,-5.07721029147601,99.8889197445154,79.2369071701506,2.29265003371544,0,0,123,final
106,17.5,0.111080255484588,0.111080255484588,0.0555401277422938,-2.49971443565366,-22.5500589027314,-5.07721029147601,99.8889197445154,79.130141604855,2.39941559901101,0,0,123.5,final
106,18,0.0833101916134407,0.0833101916134407,0.0555401277422938,-2.49971443565366,-22.7164226851029,-6.21338966353654,99.9166898083866,79.0233760395595,2.50618116430659,0,1,124,final
106,18.5,0.0833101916134407,0.0833101916134407,0.0555401277422938,-2.49971443565366,-22.8182244180028,-6.24434291612567,99.9166898083866,78.9390874353787,2.5904697684873,0,1,124.5,final
106,19,0.0555401277422938,0.0555401277422938,0.0416550958067204,-2.49971443565366,-22.8364524584136,-6.94058059703929,99.9444598722577,78.7536525061812,2.77590469768487,0,1,125,final
106,19.5,0.0555401277422938,0.0555401277422938,0.0416550958067204,-2.49971443565366,-22.9737119959034,-6.94058059703929,99.9444598722577,78.6244099797707,2.9051472240953,0,1,125.5,final
106,20,0.0555401277422938,0.0555401277422938,0.0138850319355735,-2.49971443565366,-23.1728841570581,-7.13758583439376,99.9444598722577,78.5120251741965,3.01753202966959,0,1,126,final
106,20.5,0.0555401277422938,0.0555401277422938,0.0138850319355735,-2.49971443565366,-23.4740445237492,-7.13758583439376,99.9444598722577,78.4445942908519,3.08496291301416,0,1,126.5,final
106,21,0.0555401277422938,0.0555401277422938,0,-2.49971443565366,-23.7660826187145,-7.31372808870276,99.9444598722577,78.3322094852776,3.19734771858845,0,1,127,final
106,21.5,0.0555401277422938,0.0555401277422938,0,-2.49971443565366,-23.852539772417,-7.31372808870276,99.9444598722577,78.1523937963587,3.37716340750731,0,1,127.5,final
106,22,0.0555401277422938,0.0555401277422938,0,-2.49971443565366,-24.0602923654716,-7.47172862507438,99.9444598722577,78.0343897505057,3.49516745336031,0,1,128,final
106,22.5,0.0555401277422938,0.0555401277422938,0,-2.49971443565366,-24.1940883849715,-7.95037248932444,99.9444598722577,77.9220049449314,3.60755225893459,0,1,128.5,final
106.5,16.5,0.138850319355735,0.138850319355735,0.0555401277422938,-3.30416690322923,-22.2495637415658,-4.5332142675806,99.8611496806443,79.7089233535626,2.1577882670263,0,0,123,final
106.5,17,0.111080255484588,0.111080255484588,0.0416550958067204,-3.47648436541684,-22.4543843447925,-5.07721029147601,99.8889197445154,79.5740615868735,2.29265003371544,0,0,123.5,final
106.5,17.5,0.111080255484588,0.111080255484588,0.0416550958067204,-3.47648436541684,-22.5500589027314,-5.07721029147601,99.8889197445154,79.4672960215779,2.39941559901101,0,0,124,final
106.5,18,0.0833101916134407,0.0833101916134407,0.0277700638711469,-4.20964780856025,-22.7164226851029,-6.21338966353654,99.9166898083866,79.3605304562823,2.50618116430659,0,1,124.5,final
106.5,18.5,0.0833101916134407,0.0833101916134407,0.0277700638711469,-4.20964780856025,-22.8182244180028,-6.24434291612567,99.9166898083866,79.2762418521016,2.5904697684873,0,1,125,final
106.5,19,0.0555401277422938,0.0555401277422938,0.0138850319355735,-4.48587046383975,-22.8364524584136,-6.94058059703929,99.9444598722577,79.090806922904,2.77590469768487,0,1,125.5,final
106.5,19.5,0.0555401277422938,0.0555401277422938,0.0138850319355735,-4.48587046383975,-22.9737119959034,-6.94058059703929,99.9444598722577,78.9615643964936,2.9051472240953,0,1,126,final
106.5,20,0.0277700638711469,0.0277700638711469,0,-4.95462099592902,-23.1728841570581,-7.13758583439376,99.9722299361289,78.8491795909193,3.01753202966959,0,1,126.5,final
106.5,20.5,0.0277700638711469,0.0277700638711469,0,-4.95462099592902,-23.4740445237492,-7.13758583439376,99.9722299361289,78.7817487075747,3.08496291301416,0,1,127,final
106.5,21,0,0,0,-6.16837639738844,-23.7660826187145,-7.31372808870276,100,78.6693639020005,3.19734771858845,1,1,127.5,final
106.5,21.5,0,0,0,-6.16837639738844,-23.852539772417,-7.31372808870276,100,78.4895482130816,3.37716340750731,1,1,128,final
106.5,22,0,0,0,-6.92052014726454,-24.0602923654716,-7.47172862507438,100,78.3715441672286,3.49516745336031,1,1,128.5,final
106.5,22.5,0,0,0,-6.92052014726454,-24.1940883849715,-7.95037248932444,100,78.2591593616543,3.60755225893459,1,1,129,final
107,16.5,0.138850319355735,0.138850319355735,0.0555401277422938,-3.30416690322923,-22.2495637415658,-4.5332142675806,99.8611496806443,80.034839289728,2.1577882670263,0,0,123.5,final
107,17,0.111080255484588,0.111080255484588,0.0416550958067204,-3.47648436541684,-22.4543843447925,-5.07721029147601,99.8889197445154,79.8999775230389,2.29265003371544,0,0,124,final
107,17.5,0.111080255484588,0.111080255484588,0.0416550958067204,-3.47648436541684,-22.5500589027314,-5.07721029147601,99.8889197445154,79.7932119577433,2.39941559901101,0,0,124.5,final
107,18,0.0833101916134407,0.0833101916134407,0.0277700638711469,-4.20964780856025,-22.7164226851029,-6.21338966353654,99.9166898083866,79.6864463924477,2.50618116430659,0,1,125,final
107,18.5,0.0833101916134407,0.0833101916134407,0.0277700638711469,-4.20964780856025,-22.8182244180028,-6.24434291612567,99.9166898083866,79.602157788267,2.5904697684873,0,1,125.5,final
107,19,0.0555401277422938,0.0555401277422938,0.0138850319355735,-4.48587046383975,-22.8364524584136,-6.94058059703929,99.9444598722577,79.4167228590695,2.77590469768487,0,1,126,final
107,19.5,0.0555401277422938,0.0555401277422938,0.0138850319355735,-4.48587046383975,-22.9737119959034,-6.94058059703929,99.9444598722577,79.287480332659,2.9051472240953,0,1,126.5,final
107,20,0.0277700638711469,0.0277700638711469,0,-4.95462099592902,-23.1728841570581,-7.13758583439376,99.9722299361289,79.1750955270847,3.01753202966959,0,1,127,final
107,20.5,0.0277700638711469,0.0277700638711469,0,-4.95462099592902,-23.4740445237492,-7.13758583439376,99.9722299361289,79.1076646437402,3.08496291301416,0,1,127.5,final
107,21,0,0,0,-6.16837639738844,-23.7660826187145,-7.31372808870276,100,78.9952798381659,3.19734771858845,1,1,128,final
107,21.5,0,0,0,-6.16837639738844,-23.852539772417,-7.31372808870276,100,78.815464149247,3.37716340750731,1,1,128.5,final
107,22,0,0,0,-6.92052014726454,-24.0602923654716,-7.47172862507438,100,78.697460103394,3.49516745336031,1,1,129,final
107,22.5,0,0,0,-6.92052014726454,-24.1940883849715,-7.95037248932444,100,78.5850752978197,3.60755225893459,1,1,129.5,final
107.5,16.5,0.138850319355735,0.138850319355735,0.0555401277422938,-3.30416690322923,-22.2495637415658,-4.5332142675806,99.8611496806443,80.3382782647786,2.1577882670263,0,0,124,final
107.5,17,0.111080255484588,0.111080255484588,0.0416550958067204,-3.47648436541684,-22.4543843447925,-5.07721029147601,99.8889197445154,80.2034164980895,2.29265003371544,0,0,124.5,final
107.5,17.5,0.111080255484588,0.111080255484588,0.0416550958067204,-3.47648436541684,-22.5500589027314,-5.07721029147601,99.8889197445154,80.0966509327939,2.39941559901101,0,0,125,final
107.5,18,0.0833101916134407,0.0833101916134407,0.0277700638711469,-4.20964780856025,-22.7164226851029,-6.21338966353654,99.9166898083866,79.9898853674983,2.50618116430659,0,1,125.5,final
107.5,18.5,0.0833101916134407,0.0833101916134407,0.0277700638711469,-4.20964780856025,-22.8182244180028,-6.24434291612567,99.9166898083866,79.9055967633176,2.5904697684873,0,1,126,final
107.5,19,0.0555401277422938,0.0555401277422938,0.0138850319355735,-4.48587046383975,-22.8364524584136,-6.94058059703929,99.9444598722577,79.72016183412,2.77590469768487,0,1,126.5,final
107.5,19.5,0.0555401277422938,0.0555401277422938,0.0138850319355735,-4.48587046383975,-22.9737119959034,-6.94058059703929,99.9444598722577,79.5909193077096,2.9051472240953,0,1,127,final
107.5,20,0.0277700638711469,0.0277700638711469,0,-4.95462099592902,-23.1728841570581,-7.13758583439376,99.9722299361289,79.4785345021353,3.01753202966959,0,1,127.5,final
107.5,20.5,0.0277700638711469,0.0277700638711469,0,-4.95462099592902,-23.4740445237492,-7.13758583439376,99.9722299361289,79.4111036187907,3.08496291301416,0,1,128,final
107.5,21,0,0,0,-6.16837639738844,-23.7660826187145,-7.31372808870276,100,79.2987188132165,3.19734771858845,1,1,128.5,final
107.5,21.5,0,0,0,-6.16837639738844,-23.852539772417,-7.31372808870276,100,79.1189031242976,3.37716340750731,1,1,129,final
107.5,22,0,0,0,-6.92052014726454,-24.0602923654716,-7.47172862507438,100,79.0008990784446,3.49516745336031,1,1,129.5,final
107.5,22.5,0,0,0,-6.92052014726454,-24.1940883849715,-7.95037248932444,100,78.8885142728703,3.60755225893459,1,1,130,final
108,16.5,0.138850319355735,0.138850319355735,0.0555401277422938,-3.30416690322923,-22.2495637415658,-4.5332142675806,99.8611496806443,80.6192402787143,2.1577882670263,0,0,124.5,final
108,17,0.111080255484588,0.111080255484588,0.0416550958067204,-3.47648436541684,-22.4543843447925,-5.07721029147601,99.8889197445154,80.4843785120252,2.29265003371544,0,0,125,final
108,17.5,0.111080255484588,0.111080255484588,0.0416550958067204,-3.47648436541684,-22.5500589027314,-5.07721029147601,99.8889197445154,80.3776129467296,2.39941559901101,0,0,125.5,final
108,18,0.0833101916134407,0.0833101916134407,0.0277700638711469,-4.20964780856025,-22.7164226851029,-6.21338966353654,99.9166898083866,80.270847381434,2.50618116430659,0,1,126,final
108,18.5,0.0833101916134407,0.0833101916134407,0.0277700638711469,-4.20964780856025,-22.8182244180028,-6.24434291612567,99.9166898083866,80.1865587772533,2.5904697684873,0,1,126.5,final
108,19,0.0555401277422938,0.0555401277422938,0.0138850319355735,-4.48587046383975,-22.8364524584136,-6.94058059703929,99.9444598722577,80.0011238480557,2.77590469768487,0,1,127,final
108,19.5,0.0555401277422938,0.0555401277422938,0.0138850319355735,-4.48587046383975,-22.9737119959034,-6.94058059703929,99.9444598722577,79.8718813216453,2.9051472240953,0,1,127.5,final
108,20,0.0277700638711469,0.0277700638711469,0,-4.95462099592902,-23.1728841570581,-7.13758583439376,99.9722299361289,79.759496516071,3.01753202966959,0,1,128,final
108,20.5,0.0277700638711469,0.0277700638711469,0,-4.95462099592902,-23.4740445237492,-7.13758583439376,99.9722299361289,79.6920656327265,3.08496291301416,0,1,128.5,final
108,21,0,0,0,-6.16837639738844,-23.7660826187145,-7.31372808870276,100,79.5796808271522,3.19734771858845,1,1,129,final
108,21.5,0,0,0,-6.16837639738844,-23.852539772417,-7.31372808870276,100,79.3998651382333,3.37716340750731,1,1,129.5,final
108,22,0,0,0,-6.92052014726454,-24.0602923654716,-7.47172862507438,100,79.2818610923803,3.49516745336031,1,1,130,final
108,22.5,0,0,0,-6.92052014726454,-24.1940883849715,-7.95037248932444,100,79.169476286806,3.60755225893459,1,1,130.5,final
108.5,16.5,0.138850319355735,0.138850319355735,0.0555401277422938,-3.30416690322923,-22.2495637415658,-4.5332142675806,99.8611496806443,80.9507754551585,2.1577882670263,0,0,125,final
108.5,17,0.111080255484588,0.111080255484588,0.0416550958067204,-3.47648436541684,-22.4543843447925,-5.07721029147601,99.8889197445154,80.8159136884693,2.29265003371544,0,0,125.5,final
108.5,17.5,0.111080255484588,0.111080255484588,0.0416550958067204,-3.47648436541684,-22.5500589027314,-5.07721029147601,99.8889197445154,80.7091481231737,2.39941559901101,0,0,126,final
108.5,18,0.0833101916134407,0.0833101916134407,0.0277700638711469,-4.20964780856025,-22.7164226851029,-6.21338966353654,99.9166898083866,80.6023825578782,2.50618116430659,0,1,126.5,final
108.5,18.5,0.0833101916134407,0.0833101916134407,0.0277700638711469,-4.20964780856025,-22.8182244180028,-6.24434291612567,99.9166898083866,80.5180939536975,2.5904697684873,0,1,127,final
108.5,19,0.0555401277422938,0.0555401277422938,0.0138850319355735,-4.48587046383975,-22.8364524584136,-6.94058059703929,99.9444598722577,80.3326590244999,2.77590469768487,0,1,127.5,final
108.5,19.5,0.0555401277422938,0.0555401277422938,0.0138850319355735,-4.48587046383975,-22.9737119959034,-6.94058059703929,99.9444598722577,80.2034164980895,2.9051472240953,0,1,128,final
108.5,20,0.0277700638711469,0.0277700638711469,0,-4.95462099592902,-23.1728841570581,-7.13758583439376,99.9722299361289,80.0910316925152,3.01753202966959,0,1,128.5,final
108.5,20.5,0.0277700638711469,0.0277700638711469,0,-4.95462099592902,-23.4740445237492,-7.13758583439376,99.9722299361289,80.0236008091706,3.08496291301416,0,1,129,final
108.5,21,0,0,0,-6.16837639738844,-23.7660826187145,-7.31372808870276,100,79.9112160035963,3.19734771858845,1,1,129.5,final
108.5,21.5,0,0,0,-6.16837639738844,-23.852539772417,-7.31372808870276,100,79.7314003146775,3.37716340750731,1,1,130,final
108.5,22,0,0,0,-6.92052014726454,-24.0602923654716,-7.47172862507438,100,79.6133962688245,3.49516745336031,1,1,130.5,final
108.5,22.5,0,0,0,-6.92052014726454,-24.1940883849715,-7.95037248932444,100,79.5010114632502,3.60755225893459,1,1,131,final
140.864787167433,16.5,0.138850319355735,0.138850319355735,0.0555401277422938,-3.30416690322923,-22.2495637415658,-4.53321426758063,99.8611496806443,98.7059538274605,2.1577882670263,0,0,157.364787167433,final
140.864787167433,17,0.111080255484588,0.111080255484588,0.0416550958067204,-3.47648436541687,-22.4543843447925,-5.07721029147601,99.8889197445154,98.5662211421628,2.29265003371544,0,0,157.864787167433,final
140.864787167433,17.5,0.111080255484588,0.111080255484588,0.0416550958067204,-3.47648436541687,-22.5500589027314,-5.07721029147601,99.8889197445154,98.4690157958688,2.39941559901101,0,0,158.364787167433,final
140.864787167433,18,0.0833101916134407,0.0833101916134407,0.0277700638711469,-4.20964780856028,-22.7164226851029,-6.21338966353654,99.9166898083866,98.3778857837181,2.50618116430659,0,1,158.864787167433,final
140.864787167433,18.5,0.0833101916134407,0.0833101916134407,0.0277700638711469,-4.20964780856028,-22.8182244180028,-6.24434291612567,99.9166898083866,98.2442284325638,2.5904697684873,0,1,159.364787167433,final
140.864787167433,19,0.0555401277422938,0.0555401277422938,0.0138850319355735,-4.48587046383977,-22.8364524584136,-6.94058059703929,99.9444598722577,98.1287970838396,2.77590469768487,0,1,159.864787167433,final
140.864787167433,19.5,0.0555401277422938,0.0555401277422938,0.0138850319355735,-4.48587046383977,-22.9737119959034,-6.94058059703929,99.9444598722577,97.910085054678,2.9051472240953,0,1,160.364787167433,final
140.864787167433,20,0.0277700638711469,0.0277700638711469,0,-4.95462099592902,-23.1728841570581,-7.13758583439376,99.9722299361289,97.7946537059538,3.01753202966959,0,1,160.864787167433,final
140.864787167433,20.5,0.0277700638711469,0.0277700638711469,0,-4.95462099592902,-23.4740445237492,-7.13758583439376,99.9722299361289,97.685297691373,3.08496291301416,0,1,161.364787167433,final
140.864787167433,21,0,0,0,-6.16837639738844,-23.7660826187145,-7.31372808870276,100,97.460510328068,3.19734771858845,1,1,161.864787167433,final
140.864787167433,21.5,0,0,0,-6.16837639738844,-23.852539772417,-7.31372808870276,100,97.2357229647631,3.37716340750731,1,1,162.364787167433,final
140.864787167433,22,0,0,0,-6.92052014726454,-24.0602923654716,-7.47172862507438,100,97.0959902794654,3.49516745336031,1,1,162.864787167433,final
140.864787167433,22.5,0,0,0,-6.92052014726454,-24.1940883849715,-7.95037248932444,100,96.9684082624544,3.60755225893459,1,1,163.364787167433,final
140.864787167433,140.864787167433,0,0,0,-2948.41956873937,-2948.41956873937,-2948.41956873937,100,0,100,1,1,281.729574334866,final
