Time,AggregateInterferenceDbm,IOverNDb,DominantSatelliteIndex,VisibleSatelliteCount,EligibleCandidateCount,CandidateSatelliteCount,EffectiveContributorCount,PracticalSelectedIOverNDb
01-Aug-2026 00:00:00,-170.993396551822,-42.8864096053059,0,26,26,26,5,-42.8864096053059
01-Aug-2026 00:00:02,-184.201021210352,-56.0940342638361,0,25,25,25,4,-56.0940342638361
01-Aug-2026 00:00:04,-184.050100141091,-55.9431131945752,0,25,25,25,4,-55.9431131945752
01-Aug-2026 00:00:06,-183.925827055119,-55.8188401086032,0,25,25,25,4,-55.8188401086032
01-Aug-2026 00:00:08,-189.930020877972,-61.8230339314566,0,26,26,26,4,-61.8230339314566
01-Aug-2026 00:00:10,-163.453626996736,-35.34664005022,0,26,26,26,4,-35.34664005022
01-Aug-2026 00:00:12,-163.191558492885,-35.0845715463689,0,26,26,26,5,-35.0845715463689
01-Aug-2026 00:00:14,-162.790751041536,-34.6837640950201,0,26,26,26,5,-34.6837640950201
01-Aug-2026 00:00:16,-162.206741284098,-34.0997543375819,0,26,26,26,6,-34.0997543375819
01-Aug-2026 00:00:18,-162.313442247076,-34.2064553005602,0,26,26,26,6,-34.2064553005602
01-Aug-2026 00:00:20,-162.611826128432,-34.504839181916,0,26,26,26,5,-34.504839181916
01-Aug-2026 00:00:22,-161.898825024374,-33.7918380778581,0,26,26,26,5,-33.7918380778581
01-Aug-2026 00:00:24,-161.708053255676,-33.6010663091597,0,26,26,26,4,-33.6010663091597
01-Aug-2026 00:00:26,-161.15080151752,-33.0438145710037,0,25,25,25,4,-33.0438145710037
01-Aug-2026 00:00:28,-161.087410087525,-32.9804231410087,0,25,25,25,4,-32.9804231410087
01-Aug-2026 00:00:30,-160.999361562923,-32.8923746164069,0,25,25,25,4,-32.8923746164069
01-Aug-2026 00:00:32,-161.095220105727,-32.9882331592115,0,25,25,25,4,-32.9882331592115
01-Aug-2026 00:00:34,-160.684409245529,-32.5774222990129,0,25,25,25,4,-32.5774222990129
01-Aug-2026 00:00:36,-160.814472698643,-32.7074857521275,0,25,25,25,4,-32.7074857521275
01-Aug-2026 00:00:38,-160.764425822814,-32.6574388762976,0,24,24,24,4,-32.6574388762976
01-Aug-2026 00:00:40,-160.039407664354,-31.932420717838,0,24,24,24,4,-31.932420717838
01-Aug-2026 00:00:42,-160.362468808355,-32.2554818618395,0,24,24,24,3,-32.2554818618395
01-Aug-2026 00:00:44,-160.240778313526,-32.1337913670102,0,24,24,24,2,-32.1337913670102
01-Aug-2026 00:00:46,-160.544022363672,-32.437035417156,0,24,24,24,1,-32.437035417156
01-Aug-2026 00:00:48,-160.530692733133,-32.4237057866169,0,24,24,24,2,-32.4237057866169
01-Aug-2026 00:00:50,-160.466599793623,-32.3596128471067,0,23,23,23,2,-32.3596128471067
01-Aug-2026 00:00:52,-168.580970593227,-40.4739836467108,0,23,23,23,1,-40.4739836467108
01-Aug-2026 00:00:54,-155.545396402663,-27.4384094561469,0,24,24,24,3,-27.4384094561469
01-Aug-2026 00:00:56,-155.104581002966,-26.9975940564502,0,23,23,23,4,-26.9975940564502
01-Aug-2026 00:00:58,-155.392358102618,-27.2853711561021,0,23,23,23,3,-27.2853711561021
01-Aug-2026 00:01:00,-155.40683777621,-27.2998508296942,0,23,23,23,2,-27.2998508296942
01-Aug-2026 00:01:02,-154.860100921749,-26.7531139752327,0,23,23,23,3,-26.7531139752327
01-Aug-2026 00:01:04,-154.011113229993,-25.9041262834775,0,23,23,23,3,-25.9041262834775
01-Aug-2026 00:01:06,-153.608715592572,-25.5017286460561,0,23,23,23,4,-25.5017286460561
01-Aug-2026 00:01:08,-152.981167805039,-24.8741808585228,0,23,23,23,4,-24.8741808585228
01-Aug-2026 00:01:10,-152.879283184482,-24.772296237966,0,23,23,23,4,-24.772296237966
01-Aug-2026 00:01:12,-152.441809836088,-24.3348228895724,0,23,23,23,4,-24.3348228895724
01-Aug-2026 00:01:14,-152.193205029965,-24.0862180834487,0,23,23,23,4,-24.0862180834487
01-Aug-2026 00:01:16,-187.777008351681,-59.6700214051652,0,23,23,23,3,-59.6700214051652
01-Aug-2026 00:01:18,-185.425601033939,-57.3186140874231,0,23,23,23,4,-57.3186140874231
01-Aug-2026 00:01:20,-156.631297449556,-28.5243105030398,0,23,23,23,4,-28.5243105030398
01-Aug-2026 00:01:22,-155.102207669587,-26.9952207230706,0,23,23,23,5,-26.9952207230706
01-Aug-2026 00:01:24,-154.871679848542,-26.764692902026,0,23,23,23,5,-26.764692902026
01-Aug-2026 00:01:26,-154.942499417172,-26.8355124706558,0,23,23,23,5,-26.8355124706558
01-Aug-2026 00:01:28,-154.269284689128,-26.1622977426123,0,23,23,23,5,-26.1622977426123
01-Aug-2026 00:01:30,-152.47829615122,-24.3713092047042,0,23,23,23,4,-24.3713092047042
01-Aug-2026 00:01:32,-152.368489935136,-24.2615029886204,0,23,23,23,4,-24.2615029886204
01-Aug-2026 00:01:34,-151.944101572952,-23.837114626436,0,23,23,23,4,-23.837114626436
01-Aug-2026 00:01:36,-151.491855768427,-23.3848688219109,0,23,23,23,4,-23.3848688219109
01-Aug-2026 00:01:38,-150.517715904364,-22.4107289578481,0,24,24,24,4,-22.4107289578481
01-Aug-2026 00:01:40,-150.104626510934,-21.997639564418,0,24,24,24,4,-21.997639564418
01-Aug-2026 00:01:42,-150.407274828574,-22.3002878820582,0,24,24,24,4,-22.3002878820582
01-Aug-2026 00:01:44,-150.030983931269,-21.9239969847527,0,24,24,24,3,-21.9239969847527
01-Aug-2026 00:01:46,-149.190965414552,-21.0839784680359,0,24,24,24,3,-21.0839784680359
01-Aug-2026 00:01:48,-148.706491881479,-20.5995049349633,0,23,23,23,4,-20.5995049349633
01-Aug-2026 00:01:50,-148.013698738202,-19.9067117916859,0,23,23,23,3,-19.9067117916859
01-Aug-2026 00:01:52,-147.935310551744,-19.828323605228,0,23,23,23,3,-19.828323605228
01-Aug-2026 00:01:54,-148.061562880244,-19.9545759337281,0,23,23,23,3,-19.9545759337281
01-Aug-2026 00:01:56,-148.095288910212,-19.9883019636963,0,24,24,24,2,-19.9883019636963
01-Aug-2026 00:01:58,-148.578113001644,-20.4711260551283,0,24,24,24,3,-20.4711260551283
01-Aug-2026 00:02:00,-148.201341908853,-20.094354962337,0,24,24,24,3,-20.094354962337
01-Aug-2026 00:02:02,-148.703001113461,-20.5960141669447,0,24,24,24,3,-20.5960141669447
01-Aug-2026 00:02:04,-149.182448831442,-21.0754618849259,0,23,23,23,2,-21.0754618849259
01-Aug-2026 00:02:06,-149.546090359474,-21.4391034129577,0,23,23,23,2,-21.4391034129577
01-Aug-2026 00:02:08,-149.592672761266,-21.4856858147503,0,23,23,23,2,-21.4856858147503
01-Aug-2026 00:02:10,-150.650329500999,-22.5433425544832,0,23,23,23,2,-22.5433425544832
01-Aug-2026 00:02:12,-150.883487882826,-22.7765009363098,0,23,23,23,2,-22.7765009363098
01-Aug-2026 00:02:14,-151.367303168273,-23.2603162217576,0,23,23,23,2,-23.2603162217576
01-Aug-2026 00:02:16,-152.282857989737,-24.1758710432216,0,23,23,23,2,-24.1758710432216
01-Aug-2026 00:02:18,-151.302589819309,-23.1956028727932,0,23,23,23,2,-23.1956028727932
01-Aug-2026 00:02:20,-151.658220772056,-23.5512338255404,0,23,23,23,2,-23.5512338255404
01-Aug-2026 00:02:22,-151.59711945411,-23.4901325075946,0,23,23,23,3,-23.4901325075946
01-Aug-2026 00:02:24,-191.893264774506,-63.7862778279905,0,23,23,23,2,-63.7862778279905
01-Aug-2026 00:02:26,-170.229198930176,-42.1222119836601,0,23,23,23,3,-42.1222119836601
01-Aug-2026 00:02:28,-190.99562170082,-62.8886347543044,0,24,24,24,2,-62.8886347543044
01-Aug-2026 00:02:30,-193.864302640533,-65.7573156940168,0,24,24,24,1,-65.7573156940168
01-Aug-2026 00:02:32,-192.647191404217,-64.5402044577015,0,25,25,25,1,-64.5402044577015
01-Aug-2026 00:02:34,-191.812248027121,-63.7052610806054,0,25,25,25,1,-63.7052610806054
01-Aug-2026 00:02:36,-190.602071492857,-62.4950845463411,0,25,25,25,1,-62.4950845463411
01-Aug-2026 00:02:38,-187.327860977532,-59.2208740310159,0,25,25,25,2,-59.2208740310159
01-Aug-2026 00:02:40,-185.378213865484,-57.2712269189678,0,25,25,25,4,-57.2712269189678
01-Aug-2026 00:02:42,-171.760324286655,-43.6533373401387,0,24,24,24,4,-43.6533373401387
01-Aug-2026 00:02:44,-186.392963341531,-58.2859763950151,0,24,24,24,3,-58.2859763950151
01-Aug-2026 00:02:46,-186.058212883167,-57.9512259366515,0,24,24,24,3,-57.9512259366515
01-Aug-2026 00:02:48,-186.249593172025,-58.1426062255095,0,25,25,25,3,-58.1426062255095
01-Aug-2026 00:02:50,-186.778296144849,-58.6713091983327,0,25,25,25,3,-58.6713091983327
01-Aug-2026 00:02:52,-172.643657748729,-44.5366708022127,0,25,25,25,5,-44.5366708022127
01-Aug-2026 00:02:54,-173.437234038076,-45.3302470915605,0,25,25,25,4,-45.3302470915605
01-Aug-2026 00:02:56,-174.388261006454,-46.2812740599377,0,25,25,25,4,-46.2812740599377
01-Aug-2026 00:02:58,-173.750865753792,-45.6438788072764,0,26,26,26,5,-45.6438788072764
01-Aug-2026 00:03:00,-173.869701456871,-45.7627145103552,0,26,26,26,5,-45.7627145103536
01-Aug-2026 00:03:02,-168.597300748647,-40.4903138021308,0,26,26,26,4,-40.4903138021308
01-Aug-2026 00:03:04,-177.955561069862,-49.8485741233459,0,26,26,26,3,-49.8485741233459
01-Aug-2026 00:03:06,-190.222060188937,-62.115073242421,0,26,26,26,2,-62.115073242421
01-Aug-2026 00:03:08,-3076.52655568589,-2948.41956873937,0,26,26,26,0,-2948.41956873937
01-Aug-2026 00:03:10,-3076.52655568589,-2948.41956873937,0,26,26,26,0,-2948.41956873937
01-Aug-2026 00:03:12,-3076.52655568589,-2948.41956873937,0,26,26,26,0,-2948.41956873937
01-Aug-2026 00:03:14,-3076.52655568589,-2948.41956873937,0,26,26,26,0,-2948.41956873937
01-Aug-2026 00:03:16,-195.113824960566,-67.0068380140502,0,26,26,26,1,-67.0068380140502
01-Aug-2026 00:03:18,-195.961743519181,-67.8547565726656,0,25,25,25,1,-67.8547565726656
01-Aug-2026 00:03:20,-179.808853857041,-51.7018669105249,0,25,25,25,2,-51.7018669105249
01-Aug-2026 00:03:22,-179.338382930492,-51.2313959839759,0,25,25,25,2,-51.2313959839759
01-Aug-2026 00:03:24,-179.743546863039,-51.6365599165229,0,24,24,24,2,-51.6365599165229
01-Aug-2026 00:03:26,-180.090249955475,-51.9832630089588,0,24,24,24,2,-51.9832630089588
01-Aug-2026 00:03:28,-178.82242838876,-50.715441442244,0,24,24,24,3,-50.715441442244
01-Aug-2026 00:03:30,-178.059251119778,-49.952264173262,0,25,25,25,3,-49.952264173262
01-Aug-2026 00:03:32,-177.861868049508,-49.7548811029917,0,25,25,25,4,-49.7548811029917
01-Aug-2026 00:03:34,-177.79852919694,-49.6915422504237,0,25,25,25,4,-49.6915422504237
01-Aug-2026 00:03:36,-178.332493220143,-50.2255062736275,0,25,25,25,4,-50.2255062736275
01-Aug-2026 00:03:38,-171.046726449762,-42.9397395032463,0,25,25,25,4,-42.9397395032463
01-Aug-2026 00:03:40,-179.253573633664,-51.1465866871478,0,25,25,25,3,-51.1465866871478
01-Aug-2026 00:03:42,-180.357599425264,-52.2506124787486,0,25,25,25,2,-52.2506124787486
01-Aug-2026 00:03:44,-179.932582437825,-51.8255954913088,0,25,25,25,2,-51.8255954913088
01-Aug-2026 00:03:46,-180.253411057256,-52.1464241107406,0,25,25,25,2,-52.1464241107406
01-Aug-2026 00:03:48,-180.316287852713,-52.2093009061975,0,25,25,25,2,-52.2093009061975
01-Aug-2026 00:03:50,-180.522280813177,-52.4152938666611,0,24,24,24,2,-52.4152938666611
01-Aug-2026 00:03:52,-180.564638881868,-52.457651935352,0,24,24,24,2,-52.457651935352
01-Aug-2026 00:03:54,-180.723454078169,-52.6164671316534,0,24,24,24,2,-52.6164671316534
01-Aug-2026 00:03:56,-180.691179153827,-52.5841922073111,0,24,24,24,3,-52.5841922073111
01-Aug-2026 00:03:58,-180.728205523848,-52.6212185773323,0,24,24,24,3,-52.6212185773323
01-Aug-2026 00:04:00,-188.21948053779,-60.1124935912737,0,24,24,24,3,-60.1124935912737
01-Aug-2026 00:04:02,-188.989677018032,-60.8826900715158,0,26,26,26,2,-60.8826900715158
01-Aug-2026 00:04:04,-188.910075565592,-60.8030886190764,0,26,26,26,2,-60.8030886190764
01-Aug-2026 00:04:06,-191.219779549854,-63.1127926033378,0,25,25,25,1,-63.1127926033378
01-Aug-2026 00:04:08,-191.27412472822,-63.1671377817043,0,25,25,25,1,-63.1671377817043
01-Aug-2026 00:04:10,-172.576514800753,-44.4695278542374,0,25,25,25,2,-44.4695278542374
01-Aug-2026 00:04:12,-172.174013187462,-44.0670262409459,0,25,25,25,2,-44.0670262409459
01-Aug-2026 00:04:14,-171.774867448308,-43.667880501792,0,25,25,25,3,-43.667880501792
01-Aug-2026 00:04:16,-171.123650910879,-43.0166639643635,0,25,25,25,3,-43.0166639643635
01-Aug-2026 00:04:18,-171.918022935229,-43.8110359887134,0,25,25,25,3,-43.8110359887134
01-Aug-2026 00:04:20,-174.409380198313,-46.3023932517974,0,25,25,25,3,-46.3023932517974
01-Aug-2026 00:04:22,-161.379360963732,-33.2723740172161,0,25,25,25,4,-33.2723740172161
01-Aug-2026 00:04:24,-161.767614918029,-33.6606279715131,0,25,25,25,4,-33.6606279715131
01-Aug-2026 00:04:26,-161.519672467822,-33.4126855213066,0,24,24,24,4,-33.4126855213066
01-Aug-2026 00:04:28,-161.695655057475,-33.5886681109595,0,24,24,24,4,-33.5886681109595
01-Aug-2026 00:04:30,-161.22321989872,-33.1162329522046,0,24,24,24,4,-33.1162329522046
01-Aug-2026 00:04:32,-171.421257761753,-43.3142708152375,0,24,24,24,3,-43.3142708152375
01-Aug-2026 00:04:34,-171.260014930773,-43.1530279842574,0,24,24,24,3,-43.1530279842574
01-Aug-2026 00:04:36,-171.21990481043,-43.112917863914,0,24,24,24,3,-43.112917863914
01-Aug-2026 00:04:38,-169.692744947466,-41.5857580009504,0,23,23,23,3,-41.5857580009504
01-Aug-2026 00:04:40,-169.992528523171,-41.8855415766547,0,23,23,23,4,-41.8855415766547
01-Aug-2026 00:04:42,-169.743783863607,-41.6367969170913,0,23,23,23,4,-41.6367969170913
01-Aug-2026 00:04:44,-169.076101390657,-40.9691144441413,0,23,23,23,4,-40.9691144441413
01-Aug-2026 00:04:46,-168.704232284361,-40.5972453378452,0,23,23,23,4,-40.5972453378452
01-Aug-2026 00:04:48,-168.784588378587,-40.6776014320716,0,22,22,22,4,-40.6776014320716
01-Aug-2026 00:04:50,-168.432900476584,-40.3259135300679,0,22,22,22,4,-40.3259135300679
01-Aug-2026 00:04:52,-168.549168544644,-40.4421815981278,0,22,22,22,4,-40.4421815981278
01-Aug-2026 00:04:54,-167.739033270835,-39.6320463243192,0,22,22,22,4,-39.6320463243192
01-Aug-2026 00:04:56,-168.039188183728,-39.9322012372118,0,22,22,22,4,-39.9322012372118
01-Aug-2026 00:04:58,-169.331824775185,-41.2248378286694,0,22,22,22,4,-41.2248378286694
01-Aug-2026 00:05:00,-168.949485787602,-40.8424988410866,0,22,22,22,5,-40.8424988410866
01-Aug-2026 00:05:02,-154.866727764053,-26.7597408175371,0,22,22,22,5,-26.7597408175371
01-Aug-2026 00:05:04,-156.071454634838,-27.9644676883218,0,22,22,22,5,-27.9644676883218
01-Aug-2026 00:05:06,-156.263221471505,-28.1562345249893,0,22,22,22,5,-28.1562345249893
01-Aug-2026 00:05:08,-157.291540988948,-29.1845540424322,0,22,22,22,5,-29.1845540424322
01-Aug-2026 00:05:10,-158.307043540898,-30.2000565943821,0,22,22,22,5,-30.2000565943821
01-Aug-2026 00:05:12,-158.157326317641,-30.0503393711255,0,22,22,22,5,-30.0503393711255
01-Aug-2026 00:05:14,-159.141189356693,-31.0342024101776,0,22,22,22,6,-31.0342024101776
01-Aug-2026 00:05:16,-159.656541768199,-31.5495548216827,0,22,22,22,6,-31.5495548216827
01-Aug-2026 00:05:18,-159.345395413895,-31.2384084673796,0,22,22,22,6,-31.2384084673796
01-Aug-2026 00:05:20,-159.143420952621,-31.0364340061051,0,22,22,22,6,-31.0364340061051
01-Aug-2026 00:05:22,-160.359785104647,-32.2527981581312,0,22,22,22,7,-32.2527981581312
01-Aug-2026 00:05:24,-160.432458855826,-32.3254719093097,0,22,22,22,7,-32.3254719093097
01-Aug-2026 00:05:26,-170.907149071388,-42.8001621248726,0,23,23,23,6,-42.8001621248726
01-Aug-2026 00:05:28,-179.289271889764,-51.1822849432483,0,23,23,23,5,-51.1822849432483
01-Aug-2026 00:05:30,-178.926471495772,-50.8194845492557,0,23,23,23,5,-50.8194845492557
01-Aug-2026 00:05:32,-178.287692424682,-50.1807054781658,0,23,23,23,5,-50.1807054781658
01-Aug-2026 00:05:34,-178.104043215478,-49.9970562689624,0,23,23,23,5,-49.9970562689624
01-Aug-2026 00:05:36,-178.018436285529,-49.9114493390127,0,23,23,23,4,-49.9114493390127
01-Aug-2026 00:05:38,-183.690917531889,-55.5839305853731,0,23,23,23,3,-55.5839305853731
01-Aug-2026 00:05:40,-184.282992572383,-56.1760056258671,0,23,23,23,3,-56.1760056258671
01-Aug-2026 00:05:42,-184.20853748772,-56.1015505412039,0,23,23,23,3,-56.1015505412039
01-Aug-2026 00:05:44,-183.87672450202,-55.7697375555037,0,24,24,24,4,-55.7697375555037
01-Aug-2026 00:05:46,-183.331043584383,-55.2240566378672,0,24,24,24,3,-55.2240566378672
01-Aug-2026 00:05:48,-183.190730667446,-55.0837437209299,0,24,24,24,3,-55.0837437209299
01-Aug-2026 00:05:50,-181.626042825453,-53.5190558789371,0,24,24,24,4,-53.5190558789371
01-Aug-2026 00:05:52,-181.330301234843,-53.2233142883267,0,24,24,24,4,-53.2233142883267
01-Aug-2026 00:05:54,-181.237091925543,-53.1301049790267,0,24,24,24,4,-53.1301049790267
01-Aug-2026 00:05:56,-183.533973145292,-55.4269861987763,0,24,24,24,3,-55.4269861987763
01-Aug-2026 00:05:58,-183.951916663192,-55.8449297166764,0,23,23,23,2,-55.8449297166764
01-Aug-2026 00:06:00,-182.580467752513,-54.4734808059971,0,23,23,23,3,-54.4734808059971
01-Aug-2026 00:06:02,-182.716407774304,-54.609420827788,0,23,23,23,3,-54.609420827788
01-Aug-2026 00:06:04,-182.652404272266,-54.5454173257504,0,23,23,23,3,-54.5454173257504
01-Aug-2026 00:06:06,-182.680158943635,-54.5731719971191,0,23,23,23,3,-54.5731719971191
01-Aug-2026 00:06:08,-183.53371390955,-55.4267269630336,0,23,23,23,2,-55.4267269630336
01-Aug-2026 00:06:10,-179.033270287572,-50.9262833410558,0,23,23,23,3,-50.9262833410558
01-Aug-2026 00:06:12,-179.016715810542,-50.9097288640264,0,24,24,24,4,-50.9097288640264
01-Aug-2026 00:06:14,-183.70264859171,-55.5956616451939,0,24,24,24,3,-55.5956616451939
01-Aug-2026 00:06:16,-182.359509835846,-54.2525228893304,0,25,25,25,4,-54.2525228893304
01-Aug-2026 00:06:18,-184.070501306956,-55.9635143604399,0,25,25,25,3,-55.9635143604399
01-Aug-2026 00:06:20,-184.12992220135,-56.0229352548337,0,25,25,25,3,-56.0229352548337
01-Aug-2026 00:06:22,-182.634517764631,-54.5275308181148,0,25,25,25,4,-54.5275308181148
01-Aug-2026 00:06:24,-182.319891881515,-54.2129049349996,0,25,25,25,4,-54.2129049349996
01-Aug-2026 00:06:26,-163.750274486595,-35.6432875400792,0,25,25,25,4,-35.6432875400792
01-Aug-2026 00:06:28,-163.450883815017,-35.3438968685013,0,25,25,25,5,-35.3438968685013
01-Aug-2026 00:06:30,-162.741755355705,-34.6347684091892,0,25,25,25,7,-34.6347684091892
01-Aug-2026 00:06:32,-161.172900440415,-33.065913493899,0,24,24,24,7,-33.065913493899
01-Aug-2026 00:06:34,-160.970401960566,-32.8634150140499,0,24,24,24,7,-32.8634150140499
01-Aug-2026 00:06:36,-160.732869440876,-32.6258824943597,0,24,24,24,6,-32.6258824943597
01-Aug-2026 00:06:38,-160.940615778722,-32.833628832206,0,24,24,24,9,-32.833628832206
01-Aug-2026 00:06:40,-160.678754430576,-32.5717674840599,0,25,25,25,9,-32.5717674840599
01-Aug-2026 00:06:42,-160.162868714051,-32.0558817675347,0,25,25,25,9,-32.0558817675347
01-Aug-2026 00:06:44,-159.502816703517,-31.3958297570014,0,25,25,25,12,-31.3958297570014
01-Aug-2026 00:06:46,-159.707191508651,-31.6002045621349,0,25,25,25,11,-31.6002045621349
01-Aug-2026 00:06:48,-159.853024528354,-31.7460375818384,0,26,26,26,11,-31.7460375818384
01-Aug-2026 00:06:50,-173.246358391047,-45.1393714445314,0,26,26,26,10,-45.1393714445314
01-Aug-2026 00:06:52,-173.286257848865,-45.1792709023492,0,26,26,26,9,-45.1792709023492
01-Aug-2026 00:06:54,-174.517933273957,-46.4109463274409,0,26,26,26,8,-46.4109463274409
01-Aug-2026 00:06:56,-174.172025081,-46.0650381344846,0,26,26,26,8,-46.0650381344846
01-Aug-2026 00:06:58,-173.858212395524,-45.7512254490079,0,26,26,26,8,-45.7512254490079
01-Aug-2026 00:07:00,-173.740973965249,-45.6339870187327,0,26,26,26,7,-45.6339870187327
01-Aug-2026 00:07:02,-173.456853455888,-45.3498665093725,0,26,26,26,8,-45.3498665093725
01-Aug-2026 00:07:04,-172.909273552072,-44.8022866055566,0,26,26,26,8,-44.8022866055566
01-Aug-2026 00:07:06,-172.471739584068,-44.3647526375517,0,26,26,26,7,-44.3647526375517
01-Aug-2026 00:07:08,-173.02235980666,-44.9153728601443,0,25,25,25,6,-44.9153728601443
01-Aug-2026 00:07:10,-173.702667793402,-45.5956808468861,0,25,25,25,5,-45.5956808468861
01-Aug-2026 00:07:12,-173.702859445353,-45.5958724988374,0,25,25,25,5,-45.5958724988374
01-Aug-2026 00:07:14,-173.045256437399,-44.9382694908826,0,25,25,25,4,-44.9382694908826
01-Aug-2026 00:07:16,-154.791498428582,-26.6845114820662,0,24,24,24,5,-26.6845114820662
01-Aug-2026 00:07:18,-154.923204734934,-26.816217788418,0,24,24,24,5,-26.816217788418
01-Aug-2026 00:07:20,-154.49413493082,-26.3871479843037,0,25,25,25,6,-26.3871479843037
01-Aug-2026 00:07:22,-154.726968072036,-26.6199811255206,0,25,25,25,5,-26.6199811255206
01-Aug-2026 00:07:24,-154.248443109284,-26.1414561627685,0,25,25,25,6,-26.1414561627685
01-Aug-2026 00:07:26,-153.942930571841,-25.835943625325,0,25,25,25,6,-25.835943625325
01-Aug-2026 00:07:28,-184.02064545298,-55.9136585064646,0,25,25,25,5,-55.9136585064646
01-Aug-2026 00:07:30,-182.535351897716,-54.4283649511997,0,25,25,25,6,-54.4283649511997
01-Aug-2026 00:07:32,-182.793023591722,-54.6860366452064,0,25,25,25,6,-54.6860366452064
01-Aug-2026 00:07:34,-185.101626676089,-56.9946397295727,0,25,25,25,3,-56.9946397295727
01-Aug-2026 00:07:36,-185.260252073783,-57.1532651272671,0,25,25,25,3,-57.1532651272671
01-Aug-2026 00:07:38,-185.485207967722,-57.3782210212062,0,24,24,24,3,-57.3782210212062
01-Aug-2026 00:07:40,-184.967033686148,-56.8600467396321,0,24,24,24,3,-56.8600467396321
01-Aug-2026 00:07:42,-184.436709229207,-56.3297222826908,0,24,24,24,3,-56.3297222826908
01-Aug-2026 00:07:44,-163.461206493197,-35.3542195466809,0,24,24,24,4,-35.3542195466809
01-Aug-2026 00:07:46,-163.226987575306,-35.1200006287903,0,23,23,23,4,-35.1200006287903
01-Aug-2026 00:07:48,-162.829058723502,-34.7220717769859,0,23,23,23,3,-34.7220717769859
01-Aug-2026 00:07:50,-162.846786532654,-34.7397995861385,0,23,23,23,3,-34.7397995861385
01-Aug-2026 00:07:52,-162.53727295071,-34.4302860041936,0,23,23,23,3,-34.4302860041936
01-Aug-2026 00:07:54,-162.77518580575,-34.6681988592343,0,24,24,24,4,-34.6681988592343
01-Aug-2026 00:07:56,-163.010553507423,-34.903566560907,0,24,24,24,4,-34.903566560907
01-Aug-2026 00:07:58,-162.769190465688,-34.6622035191722,0,24,24,24,4,-34.6622035191722
01-Aug-2026 00:08:00,-164.052341449265,-35.9453545027494,0,24,24,24,4,-35.9453545027494
01-Aug-2026 00:08:02,-164.266758861062,-36.1597719145458,0,24,24,24,4,-36.1597719145458
01-Aug-2026 00:08:04,-164.385048954321,-36.2780620078051,0,24,24,24,3,-36.2780620078051
01-Aug-2026 00:08:06,-164.375281196623,-36.2682942501072,0,24,24,24,4,-36.2682942501072
01-Aug-2026 00:08:08,-158.791179524526,-30.6841925780106,0,24,24,24,5,-30.6841925780106
01-Aug-2026 00:08:10,-159.072414824299,-30.965427877783,0,24,24,24,5,-30.965427877783
01-Aug-2026 00:08:12,-159.336145564937,-31.2291586184215,0,24,24,24,5,-31.2291586184215
01-Aug-2026 00:08:14,-159.210536057211,-31.1035491106951,0,23,23,23,5,-31.1035491106951
01-Aug-2026 00:08:16,-159.82499229048,-31.7180053439638,0,23,23,23,5,-31.7180053439638
01-Aug-2026 00:08:18,-160.036372976029,-31.9293860295133,0,23,23,23,5,-31.9293860295133
01-Aug-2026 00:08:20,-160.804900252867,-32.6979133063515,0,23,23,23,5,-32.6979133063515
01-Aug-2026 00:08:22,-157.56587577077,-29.4588888242545,0,23,23,23,7,-29.4588888242545
01-Aug-2026 00:08:24,-157.344272492154,-29.2372855456383,0,23,23,23,7,-29.2372855456383
01-Aug-2026 00:08:26,-157.424314179038,-29.3173272325217,0,23,23,23,6,-29.3173272325217
01-Aug-2026 00:08:28,-157.530628467211,-29.4236415206956,0,22,22,22,7,-29.4236415206956
01-Aug-2026 00:08:30,-157.128247951559,-29.021261005043,0,22,22,22,8,-29.021261005043
01-Aug-2026 00:08:32,-162.412214345512,-34.3052273989963,0,21,21,21,6,-34.3052273989963
01-Aug-2026 00:08:34,-166.148361953743,-38.0413750072274,0,22,22,22,6,-38.0413750072274
01-Aug-2026 00:08:36,-166.572888723535,-38.4659017770192,0,22,22,22,5,-38.4659017770192
01-Aug-2026 00:08:38,-166.972373806295,-38.8653868597792,0,22,22,22,6,-38.8653868597792
01-Aug-2026 00:08:40,-167.02365831937,-38.9166713728543,0,22,22,22,6,-38.9166713728543
01-Aug-2026 00:08:42,-164.879916973474,-36.7729300269579,0,22,22,22,8,-36.7729300269579
01-Aug-2026 00:08:44,-164.61092662129,-36.5039396747741,0,22,22,22,8,-36.5039396747741
01-Aug-2026 00:08:46,-163.447193811994,-35.3402068654779,0,22,22,22,10,-35.3402068654779
01-Aug-2026 00:08:48,-163.375607593755,-35.2686206472387,0,22,22,22,10,-35.2686206472387
01-Aug-2026 00:08:50,-163.295978341573,-35.1889913950573,0,22,22,22,10,-35.1889913950573
01-Aug-2026 00:08:52,-163.209920940365,-35.1029339938491,0,22,22,22,11,-35.1029339938491
01-Aug-2026 00:08:54,-163.009899460155,-34.9029125136389,0,22,22,22,11,-34.9029125136389
01-Aug-2026 00:08:56,-163.187727178132,-35.0807402316163,0,22,22,22,11,-35.0807402316163
01-Aug-2026 00:08:58,-167.262555428615,-39.1555684820994,0,22,22,22,9,-39.1555684820994
01-Aug-2026 00:09:00,-163.300347361293,-35.1933604147767,0,22,22,22,10,-35.1933604147767
01-Aug-2026 00:09:02,-163.273050588344,-35.1660636418278,0,22,22,22,8,-35.1660636418278
01-Aug-2026 00:09:04,-165.888425871009,-37.7814389244929,0,22,22,22,7,-37.7814389244929
01-Aug-2026 00:09:06,-165.846359858125,-37.7393729116095,0,22,22,22,7,-37.7393729116095
01-Aug-2026 00:09:08,-166.296512963367,-38.1895260168509,0,22,22,22,8,-38.1895260168509
01-Aug-2026 00:09:10,-166.99374263719,-38.8867556906744,0,23,23,23,7,-38.8867556906744
01-Aug-2026 00:09:12,-166.614275829688,-38.5072888831717,0,22,22,22,6,-38.5072888831717
01-Aug-2026 00:09:14,-166.099019202548,-37.9920322560325,0,22,22,22,5,-37.9920322560325
01-Aug-2026 00:09:16,-165.665387732702,-37.5584007861863,0,23,23,23,5,-37.5584007861863
01-Aug-2026 00:09:18,-190.263425993989,-62.1564390474732,0,23,23,23,3,-62.1564390474732
01-Aug-2026 00:09:20,-191.533665765117,-63.426678818601,0,23,23,23,2,-63.426678818601
01-Aug-2026 00:09:22,-195.11960769191,-67.0126207453945,0,23,23,23,1,-67.0126207453945
01-Aug-2026 00:09:24,-184.861134810731,-56.7541478642149,0,23,23,23,3,-56.7541478642149
01-Aug-2026 00:09:26,-184.688543549997,-56.5815566034808,0,23,23,23,2,-56.5815566034808
01-Aug-2026 00:09:28,-185.276021936315,-57.1690349897994,0,23,23,23,2,-57.1690349897994
01-Aug-2026 00:09:30,-185.412595352754,-57.3056084062378,0,24,24,24,2,-57.3056084062378
01-Aug-2026 00:09:32,-185.264840892048,-57.1578539455325,0,24,24,24,2,-57.1578539455325
01-Aug-2026 00:09:34,-184.055917241528,-55.948930295012,0,24,24,24,3,-55.948930295012
01-Aug-2026 00:09:36,-191.123019114697,-63.0160321681807,0,24,24,24,2,-63.0160321681807
01-Aug-2026 00:09:38,-190.797793056636,-62.6908061101198,0,24,24,24,2,-62.6908061101198
01-Aug-2026 00:09:40,-183.990123329112,-55.8831363825957,0,24,24,24,3,-55.8831363825957
01-Aug-2026 00:09:42,-183.881003958284,-55.7740170117685,0,24,24,24,3,-55.7740170117685
01-Aug-2026 00:09:44,-184.084762780155,-55.9777758336388,0,24,24,24,3,-55.9777758336388
01-Aug-2026 00:09:46,-184.125198989027,-56.0182120425112,0,24,24,24,3,-56.0182120425112
01-Aug-2026 00:09:48,-184.278449433697,-56.1714624871811,0,24,24,24,3,-56.1714624871811
01-Aug-2026 00:09:50,-183.376276126013,-55.2692891794973,0,25,25,25,4,-55.2692891794973
01-Aug-2026 00:09:52,-183.493668152126,-55.38668120561,0,24,24,24,4,-55.38668120561
01-Aug-2026 00:09:54,-183.704217879767,-55.5972309332507,0,24,24,24,4,-55.5972309332507
01-Aug-2026 00:09:56,-183.659689259914,-55.5527023133983,0,24,24,24,5,-55.5527023133983
01-Aug-2026 00:09:58,-183.487245613803,-55.3802586672872,0,24,24,24,5,-55.3802586672872
01-Aug-2026 00:10:00,-172.448825328611,-44.3418383820948,0,24,24,24,5,-44.3418383820948
01-Aug-2026 00:10:02,-172.358844496477,-44.2518575499614,0,24,24,24,5,-44.2518575499614
01-Aug-2026 00:10:04,-171.786437863428,-43.6794509169119,0,25,25,25,5,-43.6794509169119
01-Aug-2026 00:10:06,-184.022884953426,-55.9158980069105,0,25,25,25,4,-55.9158980069105
01-Aug-2026 00:10:08,-184.109336180774,-56.0023492342577,0,25,25,25,4,-56.0023492342577
01-Aug-2026 00:10:10,-184.52788573841,-56.420898791894,0,25,25,25,4,-56.420898791894
01-Aug-2026 00:10:12,-184.731698850134,-56.624711903618,0,25,25,25,4,-56.624711903618
01-Aug-2026 00:10:14,-184.843761144049,-56.7367741975335,0,25,25,25,4,-56.7367741975335
01-Aug-2026 00:10:16,-184.915129828391,-56.808142881875,0,25,25,25,4,-56.808142881875
01-Aug-2026 00:10:18,-184.773696702918,-56.6667097564018,0,25,25,25,4,-56.6667097564018
01-Aug-2026 00:10:20,-184.074366778899,-55.9673798323828,0,25,25,25,5,-55.9673798323828
01-Aug-2026 00:10:22,-184.235893938626,-56.12890699211,0,25,25,25,5,-56.12890699211
01-Aug-2026 00:10:24,-174.568817537661,-46.4618305911447,0,24,24,24,6,-46.4618305911447
01-Aug-2026 00:10:26,-173.873612417494,-45.7666254709785,0,24,24,24,6,-45.7666254709785
01-Aug-2026 00:10:28,-171.05924331251,-42.9522563659939,0,24,24,24,7,-42.9522563659939
01-Aug-2026 00:10:30,-168.361134022865,-40.2541470763495,0,24,24,24,7,-40.2541470763495
01-Aug-2026 00:10:32,-168.208289051794,-40.1013021052778,0,25,25,25,8,-40.1013021052778
01-Aug-2026 00:10:34,-170.681137191487,-42.5741502449715,0,25,25,25,5,-42.5741502449715
01-Aug-2026 00:10:36,-170.238772104743,-42.131785158227,0,25,25,25,5,-42.131785158227
01-Aug-2026 00:10:38,-169.629375883081,-41.5223889365656,0,26,26,26,4,-41.5223889365656
01-Aug-2026 00:10:40,-169.133557246601,-41.0265703000846,0,26,26,26,4,-41.0265703000846
01-Aug-2026 00:10:42,-169.216251027775,-41.109264081259,0,26,26,26,3,-41.109264081259
01-Aug-2026 00:10:44,-168.612710834148,-40.5057238876326,0,26,26,26,3,-40.5057238876326
01-Aug-2026 00:10:46,-168.014348445224,-39.9073614987084,0,26,26,26,3,-39.9073614987084
01-Aug-2026 00:10:48,-168.038417369682,-39.9314304231659,0,26,26,26,3,-39.9314304231659
01-Aug-2026 00:10:50,-167.817990250006,-39.7110033034897,0,26,26,26,3,-39.7110033034897
01-Aug-2026 00:10:52,-167.937820846571,-39.8308339000553,0,26,26,26,2,-39.8308339000553
01-Aug-2026 00:10:54,-189.879649243868,-61.7726622973522,0,26,26,26,1,-61.7726622973522
01-Aug-2026 00:10:56,-189.916139739456,-61.8091527929399,0,26,26,26,1,-61.8091527929399
01-Aug-2026 00:10:58,-177.314245919018,-49.2072589725026,0,25,25,25,3,-49.2072589725026
01-Aug-2026 00:11:00,-178.421653332551,-50.3146663860354,0,25,25,25,3,-50.3146663860354
01-Aug-2026 00:11:02,-187.024036725057,-58.9170497785412,0,25,25,25,3,-58.9170497785412
01-Aug-2026 00:11:04,-170.549605450639,-42.4426185041228,0,25,25,25,6,-42.4426185041228
01-Aug-2026 00:11:06,-171.844877057585,-43.7378901110691,0,25,25,25,5,-43.7378901110691
01-Aug-2026 00:11:08,-161.324639327529,-33.2176523810131,0,24,24,24,6,-33.2176523810131
01-Aug-2026 00:11:10,-160.927986982704,-32.8210000361882,0,24,24,24,5,-32.8210000361882
01-Aug-2026 00:11:12,-160.328212450135,-32.2212255036193,0,25,25,25,5,-32.2212255036193
01-Aug-2026 00:11:14,-159.849882030912,-31.7428950843964,0,25,25,25,5,-31.7428950843964
01-Aug-2026 00:11:16,-159.022614502283,-30.9156275557673,0,25,25,25,4,-30.9156275557673
01-Aug-2026 00:11:18,-158.569454970618,-30.4624680241018,0,25,25,25,4,-30.4624680241018
01-Aug-2026 00:11:20,-158.335112308953,-30.2281253624371,0,25,25,25,4,-30.2281253624371
01-Aug-2026 00:11:22,-158.291183398216,-30.1841964517006,0,25,25,25,4,-30.1841964517006
01-Aug-2026 00:11:24,-158.151968578519,-30.0449816320034,0,24,24,24,4,-30.0449816320034
01-Aug-2026 00:11:26,-157.759044288389,-29.652057341873,0,23,23,23,5,-29.652057341873
01-Aug-2026 00:11:28,-156.899979712907,-28.7929927663914,0,23,23,23,5,-28.7929927663914
01-Aug-2026 00:11:30,-168.035796805546,-39.9288098590301,0,23,23,23,4,-39.9288098590301
01-Aug-2026 00:11:32,-167.74312613518,-39.6361391886644,0,23,23,23,4,-39.6361391886644
01-Aug-2026 00:11:34,-167.219390429611,-39.1124034830947,0,23,23,23,4,-39.1124034830947
01-Aug-2026 00:11:36,-166.687029564519,-38.5800426180029,0,23,23,23,5,-38.5800426180029
01-Aug-2026 00:11:38,-165.953727194735,-37.8467402482191,0,23,23,23,5,-42.6549425979726
01-Aug-2026 00:11:40,-171.351973819665,-43.2449868731489,0,23,23,23,5,-43.2449868731489
01-Aug-2026 00:11:42,-171.957342046806,-43.8503551002904,0,23,23,23,5,-43.8503551002904
01-Aug-2026 00:11:44,-172.734310739359,-44.6273237928429,0,23,23,23,5,-44.6273237928429
01-Aug-2026 00:11:46,-173.880785605402,-45.7737986588864,0,23,23,23,5,-45.7737986588864
01-Aug-2026 00:11:48,-174.151920969184,-46.0449340226686,0,24,24,24,5,-46.0449340226686
01-Aug-2026 00:11:50,-174.49640560518,-46.3894186586646,0,24,24,24,5,-46.3894186586646
01-Aug-2026 00:11:52,-174.339401434594,-46.2324144880786,0,24,24,24,5,-46.2324144880786
01-Aug-2026 00:11:54,-180.166845417556,-52.0598584710401,0,24,24,24,4,-52.0598584710401
01-Aug-2026 00:11:56,-179.594990744185,-51.4880037976687,0,24,24,24,5,-51.4880037976687
01-Aug-2026 00:11:58,-179.263866305943,-51.156879359427,0,24,24,24,6,-51.156879359427
01-Aug-2026 00:12:00,-179.922183205966,-51.8151962594502,0,23,23,23,4,-51.8151962594502
01-Aug-2026 00:12:02,-151.957269878407,-23.8502829318907,0,23,23,23,6,-23.8502829318907
01-Aug-2026 00:12:04,-179.170757327499,-51.0637703809833,0,23,23,23,5,-51.0637703809833
01-Aug-2026 00:12:06,-182.557236566069,-54.4502496195529,0,23,23,23,4,-54.4502496195529
01-Aug-2026 00:12:08,-182.597829953523,-54.4908430070074,0,23,23,23,4,-54.4908430070074
01-Aug-2026 00:12:10,-183.381926160706,-55.2749392141905,0,23,23,23,3,-55.2749392141905
01-Aug-2026 00:12:12,-183.227914953731,-55.1209280072151,0,23,23,23,3,-55.1209280072151
01-Aug-2026 00:12:14,-183.193179219639,-55.0861922731231,0,23,23,23,4,-55.0861922731231
01-Aug-2026 00:12:16,-183.436328210196,-55.3293412636799,0,22,22,22,4,-55.3293412636799
01-Aug-2026 00:12:18,-183.798205905202,-55.6912189586865,0,23,23,23,4,-55.6912189586865
01-Aug-2026 00:12:20,-183.99050234287,-55.883515396354,0,23,23,23,4,-55.883515396354
01-Aug-2026 00:12:22,-186.332087328475,-58.2251003819588,0,22,22,22,3,-58.2251003819588
01-Aug-2026 00:12:24,-172.255051596127,-44.1480646496112,0,22,22,22,5,-44.1480646496112
01-Aug-2026 00:12:26,-171.827736330597,-43.7207493840814,0,23,23,23,5,-43.7207493840814
01-Aug-2026 00:12:28,-171.918380160536,-43.8113932140198,0,23,23,23,4,-43.8113932140198
01-Aug-2026 00:12:30,-185.465073965264,-57.3580870187483,0,23,23,23,3,-57.3580870187483
01-Aug-2026 00:12:32,-185.099535475014,-56.9925485284978,0,23,23,23,3,-56.9925485284978
01-Aug-2026 00:12:34,-185.771642743268,-57.6646557967522,0,23,23,23,2,-57.6646557967522
01-Aug-2026 00:12:36,-185.562558545946,-57.4555715994305,0,23,23,23,2,-57.4555715994305
01-Aug-2026 00:12:38,-185.305449699276,-57.1984627527606,0,23,23,23,2,-57.1984627527606
01-Aug-2026 00:12:40,-183.163944795453,-55.0569578489376,0,23,23,23,4,-55.0569578489376
01-Aug-2026 00:12:42,-182.741599211256,-54.6346122647404,0,23,23,23,4,-54.6346122647404
01-Aug-2026 00:12:44,-182.593948126976,-54.4869611804604,0,23,23,23,4,-54.4869611804604
01-Aug-2026 00:12:46,-182.187774636458,-54.0807876899426,0,23,23,23,4,-54.0807876899426
01-Aug-2026 00:12:48,-182.074271723048,-53.9672847765318,0,23,23,23,4,-53.9672847765318
01-Aug-2026 00:12:50,-181.978335511144,-53.8713485646279,0,23,23,23,4,-53.8713485646279
01-Aug-2026 00:12:52,-181.696448040064,-53.5894610935484,0,23,23,23,4,-53.5894610935484
01-Aug-2026 00:12:54,-159.309092642193,-31.2021056956772,0,23,23,23,5,-31.2021056956772
01-Aug-2026 00:12:56,-158.580029526298,-30.4730425797823,0,23,23,23,5,-30.4730425797823
01-Aug-2026 00:12:58,-158.517009532064,-30.4100225855483,0,24,24,24,5,-30.4100225855483
01-Aug-2026 00:13:00,-158.242470707815,-30.1354837612993,0,24,24,24,7,-30.1354837612993
01-Aug-2026 00:13:02,-157.913566228422,-29.806579281906,0,23,23,23,7,-29.806579281906
01-Aug-2026 00:13:04,-158.016886055486,-29.9098991089699,0,24,24,24,7,-29.9098991089699
01-Aug-2026 00:13:06,-157.472169059492,-29.3651821129757,0,24,24,24,7,-29.3651821129757
01-Aug-2026 00:13:08,-157.863083850197,-29.7560969036809,0,24,24,24,8,-29.7560969036809
01-Aug-2026 00:13:10,-158.38582997256,-30.2788430260444,0,24,24,24,8,-30.2788430260444
01-Aug-2026 00:13:12,-158.364380803121,-30.2573938566048,0,24,24,24,8,-30.2573938566048
01-Aug-2026 00:13:14,-157.859663943433,-29.7526769969175,0,24,24,24,7,-29.7526769969175
01-Aug-2026 00:13:16,-158.19004044772,-30.0830535012046,0,24,24,24,7,-30.0830535012046
01-Aug-2026 00:13:18,-158.156038515558,-30.0490515690419,0,25,25,25,7,-30.0490515690419
01-Aug-2026 00:13:20,-158.269542905647,-30.1625559591311,0,25,25,25,8,-30.1625559591311
01-Aug-2026 00:13:22,-157.907387624866,-29.8004006783505,0,25,25,25,8,-29.8004006783505
01-Aug-2026 00:13:24,-158.966074815088,-30.8590878685719,0,25,25,25,8,-30.8590878685719
01-Aug-2026 00:13:26,-159.312777451395,-31.2057905048793,0,25,25,25,7,-31.2057905048793
01-Aug-2026 00:13:28,-159.001762867237,-30.894775920721,0,25,25,25,8,-30.894775920721
01-Aug-2026 00:13:30,-158.570302554535,-30.4633156080187,0,26,26,26,9,-30.4633156080187
01-Aug-2026 00:13:32,-158.913346758327,-30.8063598118108,0,26,26,26,9,-30.8063598118108
01-Aug-2026 00:13:34,-159.588429490535,-31.4814425440196,0,26,26,26,8,-31.4814425440196
01-Aug-2026 00:13:36,-160.581951232418,-32.4749642859017,0,26,26,26,8,-32.4749642859017
01-Aug-2026 00:13:38,-161.084628761354,-32.9776418148384,0,26,26,26,8,-32.9776418148384
01-Aug-2026 00:13:40,-161.21127795816,-33.1042910116444,0,26,26,26,8,-33.1042910116444
01-Aug-2026 00:13:42,-160.644164063312,-32.5371771167958,0,26,26,26,9,-32.5371771167958
01-Aug-2026 00:13:44,-161.442448621408,-33.3354616748924,0,25,25,25,8,-33.3354616748924
01-Aug-2026 00:13:46,-161.323487167619,-33.2165002211028,0,25,25,25,6,-33.2165002211028
01-Aug-2026 00:13:48,-161.073792209342,-32.9668052628264,0,25,25,25,6,-32.9668052628264
01-Aug-2026 00:13:50,-160.662421250452,-32.5554343039366,0,25,25,25,6,-32.5554343039366
01-Aug-2026 00:13:52,-160.318773960405,-32.2117870138894,0,26,26,26,7,-32.2117870138894
01-Aug-2026 00:13:54,-160.551353561998,-32.4443666154826,0,26,26,26,6,-32.4443666154826
01-Aug-2026 00:13:56,-161.561890614336,-33.4549036678205,0,26,26,26,6,-33.4549036678205
01-Aug-2026 00:13:58,-161.440939046554,-33.333952100038,0,26,26,26,6,-33.333952100038
01-Aug-2026 00:14:00,-161.364274834095,-33.2572878875795,0,26,26,26,4,-33.2572878875795
01-Aug-2026 00:14:02,-185.28607216896,-57.1790852224442,0,26,26,26,3,-57.1790852224442
01-Aug-2026 00:14:04,-186.381084405868,-58.2740974593517,0,26,26,26,2,-58.2740974593517
01-Aug-2026 00:14:06,-186.144219618571,-58.0372326720555,0,26,26,26,2,-58.0372326720555
01-Aug-2026 00:14:08,-184.101151240947,-55.9941642944307,0,26,26,26,3,-55.9941642944307
01-Aug-2026 00:14:10,-183.872254191356,-55.7652672448399,0,26,26,26,3,-55.7652672448399
01-Aug-2026 00:14:12,-163.004317617582,-34.897330671066,0,26,26,26,4,-34.897330671066
01-Aug-2026 00:14:14,-163.13687501772,-35.0298880712045,0,25,25,25,3,-35.0298880712045
01-Aug-2026 00:14:16,-163.254664159832,-35.1476772133159,0,25,25,25,4,-35.1476772133159
01-Aug-2026 00:14:18,-163.103628437209,-34.9966414906931,0,25,25,25,4,-34.9966414906931
01-Aug-2026 00:14:20,-162.678430760002,-34.5714438134862,0,25,25,25,4,-34.5714438134862
01-Aug-2026 00:14:22,-162.204576889236,-34.0975899427204,0,24,24,24,4,-34.0975899427204
01-Aug-2026 00:14:24,-162.438063691955,-34.3310767454392,0,25,25,25,6,-34.3310767454392
01-Aug-2026 00:14:26,-161.986625460032,-33.8796385135165,0,25,25,25,6,-33.8796385135165
01-Aug-2026 00:14:28,-161.18162639594,-33.0746394494239,0,26,26,26,5,-33.0746394494239
01-Aug-2026 00:14:30,-161.186376397648,-33.0793894511322,0,26,26,26,5,-33.0793894511322
01-Aug-2026 00:14:32,-161.013685146097,-32.9066981995811,0,26,26,26,5,-32.9066981995811
01-Aug-2026 00:14:34,-160.850905698418,-32.7439187519024,0,26,26,26,5,-32.7439187519024
01-Aug-2026 00:14:36,-160.824174655415,-32.7171877088987,0,26,26,26,5,-32.7171877088987
01-Aug-2026 00:14:38,-160.543566803361,-32.4365798568456,0,26,26,26,5,-32.4365798568456
01-Aug-2026 00:14:40,-160.656426587348,-32.5494396408325,0,26,26,26,5,-32.5494396408325
01-Aug-2026 00:14:42,-160.24721563905,-32.1402286925338,0,26,26,26,5,-32.1402286925338
01-Aug-2026 00:14:44,-159.424334721413,-31.3173477748971,0,26,26,26,6,-31.3173477748971
01-Aug-2026 00:14:46,-159.49358881518,-31.3866018686639,0,26,26,26,6,-31.3866018686639
01-Aug-2026 00:14:48,-159.296998304182,-31.1900113576663,0,25,25,25,6,-31.1900113576663
01-Aug-2026 00:14:50,-159.245549884407,-31.1385629378912,0,25,25,25,6,-31.1385629378912
01-Aug-2026 00:14:52,-159.711832196832,-31.6048452503163,0,25,25,25,7,-31.6048452503163
01-Aug-2026 00:14:54,-159.20887460725,-31.1018876607337,0,25,25,25,7,-31.1018876607337
01-Aug-2026 00:14:56,-159.257742830474,-31.1507558839581,0,25,25,25,7,-31.1507558839581
01-Aug-2026 00:14:58,-159.629737038012,-31.5227500914959,0,25,25,25,6,-31.5227500914959
01-Aug-2026 00:15:00,-159.68048719716,-31.5735002506441,0,24,24,24,5,-31.5735002506441
01-Aug-2026 00:15:02,-160.549017935257,-32.4420309887407,0,24,24,24,2,-32.4420309887407
01-Aug-2026 00:15:04,-161.748722923984,-33.6417359774682,0,24,24,24,3,-33.6417359774682
01-Aug-2026 00:15:06,-161.745642887412,-33.638655940896,0,24,24,24,3,-33.638655940896
01-Aug-2026 00:15:08,-161.792551806107,-33.6855648595912,0,24,24,24,3,-33.6855648595912
01-Aug-2026 00:15:10,-162.076304033164,-33.9693170866486,0,24,24,24,4,-33.9693170866486
01-Aug-2026 00:15:12,-162.025688507278,-33.9187015607618,0,24,24,24,4,-33.9187015607618
01-Aug-2026 00:15:14,-162.38823982933,-34.2812528828145,0,23,23,23,4,-34.2812528828145
01-Aug-2026 00:15:16,-161.286543485654,-33.1795565391385,0,23,23,23,4,-33.1795565391385
01-Aug-2026 00:15:18,-160.335414138109,-32.2284271915935,0,23,23,23,4,-32.2284271915935
01-Aug-2026 00:15:20,-159.464788096258,-31.3578011497423,0,23,23,23,4,-31.3578011497423
01-Aug-2026 00:15:22,-159.602646664807,-31.4956597182915,0,23,23,23,5,-31.4956597182915
01-Aug-2026 00:15:24,-158.855744250748,-30.7487573042324,0,23,23,23,7,-30.7487573042324
01-Aug-2026 00:15:26,-158.114737285353,-30.0077503388371,0,23,23,23,7,-30.0077503388371
01-Aug-2026 00:15:28,-157.789638698873,-29.6826517523574,0,23,23,23,9,-29.6826517523574
01-Aug-2026 00:15:30,-158.884699169143,-30.7777122226274,0,23,23,23,9,-30.7777122226274
01-Aug-2026 00:15:32,-158.871749579523,-30.7647626330068,0,23,23,23,8,-30.7647626330068
01-Aug-2026 00:15:34,-158.706337391224,-30.5993504447086,0,23,23,23,8,-30.5993504447086
01-Aug-2026 00:15:36,-158.923221158328,-30.8162342118122,0,23,23,23,8,-30.8162342118122
01-Aug-2026 00:15:38,-158.797414031854,-30.6904270853384,0,24,24,24,7,-30.6904270853384
01-Aug-2026 00:15:40,-158.770024319419,-30.6630373729027,0,24,24,24,7,-30.6630373729027
01-Aug-2026 00:15:42,-158.867650173151,-30.760663226635,0,25,25,25,7,-30.760663226635
01-Aug-2026 00:15:44,-158.525553867326,-30.4185669208097,0,25,25,25,7,-30.4185669208097
01-Aug-2026 00:15:46,-158.784951461296,-30.6779645147797,0,25,25,25,7,-30.6779645147797
01-Aug-2026 00:15:48,-158.998180093734,-30.891193147218,0,24,24,24,7,-30.891193147218
01-Aug-2026 00:15:50,-158.857525171845,-30.7505382253296,0,24,24,24,7,-30.7505382253296
01-Aug-2026 00:15:52,-159.04458521563,-30.9375982691138,0,24,24,24,6,-30.9375982691138
01-Aug-2026 00:15:54,-159.292634989392,-31.1856480428765,0,24,24,24,6,-31.1856480428765
01-Aug-2026 00:15:56,-159.530129261133,-31.4231423146175,0,24,24,24,6,-31.4231423146175
01-Aug-2026 00:15:58,-159.040666653635,-30.9336797071194,0,24,24,24,6,-30.9336797071194
01-Aug-2026 00:16:00,-159.259836966687,-31.1528500201713,0,24,24,24,5,-31.1528500201713
01-Aug-2026 00:16:02,-160.472080864051,-32.3650939175353,0,24,24,24,5,-32.3650939175353
01-Aug-2026 00:16:04,-160.431915665749,-32.3249287192335,0,23,23,23,4,-32.3249287192335
01-Aug-2026 00:16:06,-160.162554238105,-32.0555672915896,0,23,23,23,5,-32.0555672915896
01-Aug-2026 00:16:08,-160.050678526298,-31.9436915797824,0,23,23,23,5,-31.9436915797824
01-Aug-2026 00:16:10,-159.32385724254,-31.2168702960246,0,22,22,22,5,-31.2168702960246
01-Aug-2026 00:16:12,-159.773441605305,-31.6664546587894,0,22,22,22,4,-31.6664546587894
01-Aug-2026 00:16:14,-168.211280177457,-40.1042932309412,0,22,22,22,3,-40.1042932309412
01-Aug-2026 00:16:16,-167.538138977756,-39.43115203124,0,23,23,23,3,-39.43115203124
01-Aug-2026 00:16:18,-167.811607626396,-39.70462067988,0,23,23,23,3,-39.70462067988
01-Aug-2026 00:16:20,-167.75613026005,-39.649143313534,0,23,23,23,3,-39.649143313534
01-Aug-2026 00:16:22,-167.853392742247,-39.7464057957309,0,23,23,23,2,-39.7464057957309
01-Aug-2026 00:16:24,-167.807941737785,-39.700954791269,0,23,23,23,2,-39.700954791269
01-Aug-2026 00:16:26,-167.533679688108,-39.4266927415925,0,23,23,23,2,-39.4266927415925
01-Aug-2026 00:16:28,-180.652317790428,-52.5453308439126,0,23,23,23,1,-52.5453308439126
01-Aug-2026 00:16:30,-181.345444742934,-53.2384577964185,0,23,23,23,1,-53.2384577964185
01-Aug-2026 00:16:32,-182.013413537425,-53.9064265909089,0,23,23,23,1,-53.9064265909089
01-Aug-2026 00:16:34,-182.530975265756,-54.4239883192401,0,23,23,23,1,-54.4239883192401
01-Aug-2026 00:16:36,-182.828272960701,-54.7212860141849,0,23,23,23,1,-54.7212860141849
01-Aug-2026 00:16:38,-158.095969636732,-29.9889826902157,0,23,23,23,3,-29.9889826902157
01-Aug-2026 00:16:40,-157.867305291312,-29.7603183447964,0,23,23,23,3,-29.7603183447964
01-Aug-2026 00:16:42,-158.980384682264,-30.8733977357483,0,23,23,23,4,-30.8733977357483
01-Aug-2026 00:16:44,-159.225576898628,-31.1185899521119,0,23,23,23,4,-31.1185899521119
01-Aug-2026 00:16:46,-158.965310151893,-30.8583232053775,0,23,23,23,4,-30.8583232053775
01-Aug-2026 00:16:48,-156.796682127988,-28.6896951814722,0,24,24,24,5,-28.6896951814722
01-Aug-2026 00:16:50,-157.752399323057,-29.6454123765414,0,24,24,24,5,-29.6454123765414
01-Aug-2026 00:16:52,-157.154916979216,-29.0479300327005,0,25,25,25,5,-29.0479300327005
01-Aug-2026 00:16:54,-156.065604257367,-27.9586173108513,0,24,24,24,6,-27.9586173108513
01-Aug-2026 00:16:56,-156.024048484654,-27.9170615381379,0,24,24,24,7,-27.9170615381379
01-Aug-2026 00:16:58,-155.99616136735,-27.8891744208346,0,24,24,24,7,-27.8891744208346
01-Aug-2026 00:17:00,-155.961985060778,-27.8549981142624,0,24,24,24,7,-27.8549981142624
01-Aug-2026 00:17:02,-155.693165762584,-27.5861788160683,0,24,24,24,7,-27.5861788160683
01-Aug-2026 00:17:04,-155.677454356251,-27.5704674097353,0,24,24,24,7,-27.5704674097353
01-Aug-2026 00:17:06,-155.823560570423,-27.7165736239069,0,25,25,25,7,-27.7165736239069
01-Aug-2026 00:17:08,-155.368459923879,-27.261472977363,0,25,25,25,5,-27.261472977363
01-Aug-2026 00:17:10,-155.053168949248,-26.9461820027323,0,26,26,26,5,-26.9461820027323
01-Aug-2026 00:17:12,-155.440340107568,-27.3333531610526,0,26,26,26,6,-27.3333531610526
01-Aug-2026 00:17:14,-155.443620218316,-27.3366332717999,0,26,26,26,7,-27.3366332717999
01-Aug-2026 00:17:16,-155.194067585172,-27.0870806386559,0,26,26,26,8,-27.0870806386559
01-Aug-2026 00:17:18,-155.973493034901,-27.8665060883852,0,26,26,26,8,-27.8665060883852
01-Aug-2026 00:17:20,-156.321599393589,-28.2146124470736,0,26,26,26,6,-28.2146124470736
01-Aug-2026 00:17:22,-156.218922324998,-28.1119353784822,0,26,26,26,6,-28.1119353784822
01-Aug-2026 00:17:24,-155.579681735639,-27.4726947891233,0,26,26,26,6,-27.4726947891233
01-Aug-2026 00:17:26,-155.690857654495,-27.583870707979,0,26,26,26,5,-27.583870707979
01-Aug-2026 00:17:28,-155.598272933637,-27.4912859871212,0,26,26,26,6,-27.4912859871212
01-Aug-2026 00:17:30,-169.441723719031,-41.3347367725156,0,26,26,26,4,-41.3347367725156
01-Aug-2026 00:17:32,-169.24594964403,-41.1389626975141,0,26,26,26,4,-41.1389626975141
01-Aug-2026 00:17:34,-169.330763860447,-41.223776913931,0,26,26,26,3,-41.223776913931
01-Aug-2026 00:17:36,-191.414086239082,-63.3070992925661,0,25,25,25,1,-63.3070992925661
01-Aug-2026 00:17:38,-151.608512619592,-23.5015256730758,0,25,25,25,2,-23.5015256730758
01-Aug-2026 00:17:40,-152.48780665957,-24.3808197130542,0,26,26,26,3,-24.3808197130542
01-Aug-2026 00:17:42,-152.405272564148,-24.2982856176319,0,26,26,26,3,-24.2982856176319
01-Aug-2026 00:17:44,-152.72107971235,-24.6140927658342,0,26,26,26,3,-24.6140927658342
01-Aug-2026 00:17:46,-153.433670802695,-25.3266838561788,0,26,26,26,3,-25.3266838561788
01-Aug-2026 00:17:48,-154.160937060463,-26.053950113947,0,26,26,26,3,-26.053950113947
01-Aug-2026 00:17:50,-155.01160658656,-26.9046196400441,0,26,26,26,3,-26.9046196400441
01-Aug-2026 00:17:52,-155.764631878246,-27.6576449317301,0,26,26,26,3,-27.6576449317301
01-Aug-2026 00:17:54,-155.680456374112,-27.5734694275958,0,26,26,26,4,-27.5734694275958
01-Aug-2026 00:17:56,-155.707548030634,-27.6005610841178,0,26,26,26,4,-27.6005610841178
01-Aug-2026 00:17:58,-156.190013191551,-28.0830262450355,0,26,26,26,4,-28.0830262450355
01-Aug-2026 00:18:00,-157.074617791711,-28.9676308451948,0,26,26,26,3,-28.9676308451948
01-Aug-2026 00:18:02,-157.734400296903,-29.6274133503875,0,26,26,26,4,-29.6274133503875
01-Aug-2026 00:18:04,-158.818961221214,-30.7119742746981,0,25,25,25,4,-30.7119742746981
01-Aug-2026 00:18:06,-159.253322051096,-31.1463351045804,0,25,25,25,5,-31.1463351045804
01-Aug-2026 00:18:08,-159.120281488672,-31.013294542156,0,25,25,25,5,-31.013294542156
01-Aug-2026 00:18:10,-159.94841780099,-31.8414308544739,0,25,25,25,6,-31.8414308544739
01-Aug-2026 00:18:12,-160.307678111821,-32.200691165305,0,25,25,25,6,-32.200691165305
01-Aug-2026 00:18:14,-160.675128895607,-32.5681419490915,0,25,25,25,6,-32.5681419490915
01-Aug-2026 00:18:16,-161.541720162926,-33.4347332164103,0,26,26,26,5,-33.4347332164103
01-Aug-2026 00:18:18,-185.023120831316,-56.9161338847998,0,26,26,26,3,-56.9161338847998
01-Aug-2026 00:18:20,-184.046701062795,-55.9397141162789,0,27,27,27,4,-55.9397141162789
01-Aug-2026 00:18:22,-184.26300697424,-56.1560200277245,0,27,27,27,4,-56.1560200277245
01-Aug-2026 00:18:24,-184.208027776048,-56.1010408295323,0,27,27,27,4,-56.1010408295323
01-Aug-2026 00:18:26,-183.604849726933,-55.4978627804167,0,27,27,27,4,-55.4978627804167
01-Aug-2026 00:18:28,-183.780816819051,-55.673829872535,0,27,27,27,4,-55.673829872535
01-Aug-2026 00:18:30,-183.775520782158,-55.6685338356423,0,27,27,27,4,-55.6685338356423
01-Aug-2026 00:18:32,-183.664379949399,-55.5573930028836,0,27,27,27,4,-55.5573930028836
01-Aug-2026 00:18:34,-188.699221153297,-60.5922342067814,0,27,27,27,3,-60.5922342067814
01-Aug-2026 00:18:36,-188.960570691415,-60.8535837448989,0,27,27,27,3,-60.8535837448989
01-Aug-2026 00:18:38,-190.404692880631,-62.2977059341152,0,26,26,26,3,-62.2977059341152
01-Aug-2026 00:18:40,-160.761983602734,-32.6549966562181,0,24,24,24,4,-32.6549966562181
01-Aug-2026 00:18:42,-160.589545672886,-32.48255872637,0,24,24,24,5,-32.48255872637
01-Aug-2026 00:18:44,-159.815547417363,-31.7085604708467,0,24,24,24,5,-31.7085604708467
01-Aug-2026 00:18:46,-159.114727489604,-31.0077405430886,0,24,24,24,6,-31.0077405430886
01-Aug-2026 00:18:48,-158.540091268108,-30.4331043215923,0,24,24,24,6,-30.4331043215923
01-Aug-2026 00:18:50,-158.966161444361,-30.8591744978449,0,23,23,23,6,-30.8591744978449
01-Aug-2026 00:18:52,-158.600971209287,-30.4939842627711,0,23,23,23,6,-30.4939842627711
01-Aug-2026 00:18:54,-157.821395883682,-29.7144089371666,0,24,24,24,6,-29.7144089371666
01-Aug-2026 00:18:56,-158.144370992489,-30.0373840459728,0,24,24,24,7,-30.0373840459728
01-Aug-2026 00:18:58,-157.879771203364,-29.7727842568485,0,24,24,24,7,-29.7727842568485
01-Aug-2026 00:19:00,-157.724919944567,-29.617932998051,0,24,24,24,7,-29.617932998051
01-Aug-2026 00:19:02,-157.61254762973,-29.5055606832146,0,23,23,23,6,-29.5055606832146
01-Aug-2026 00:19:04,-172.52137191486,-44.4143849683445,0,24,24,24,5,-44.4143849683445
01-Aug-2026 00:19:06,-172.177579313208,-44.0705923666918,0,24,24,24,5,-44.0705923666918
01-Aug-2026 00:19:08,-156.634508602393,-28.5275216558771,0,24,24,24,5,-28.5275216558771
01-Aug-2026 00:19:10,-156.247329166859,-28.1403422203427,0,24,24,24,5,-28.1403422203427
01-Aug-2026 00:19:12,-156.070630640553,-27.9636436940371,0,24,24,24,5,-27.9636436940371
01-Aug-2026 00:19:14,-155.989739009745,-27.8827520632291,0,24,24,24,5,-27.8827520632291
01-Aug-2026 00:19:16,-156.309468139847,-28.2024811933314,0,24,24,24,6,-28.2024811933314
01-Aug-2026 00:19:18,-169.716132306127,-41.6091453596115,0,24,24,24,5,-41.6091453596115
01-Aug-2026 00:19:20,-169.697457932601,-41.5904709860849,0,24,24,24,5,-41.5904709860849
01-Aug-2026 00:19:22,-169.713107905951,-41.6061209594347,0,24,24,24,5,-41.6061209594347
01-Aug-2026 00:19:24,-168.894975315594,-40.7879883690782,0,24,24,24,6,-40.7879883690782
01-Aug-2026 00:19:26,-168.407367921675,-40.300380975159,0,24,24,24,5,-40.300380975159
01-Aug-2026 00:19:28,-168.416456247689,-40.3094693011727,0,24,24,24,5,-40.3094693011727
01-Aug-2026 00:19:30,-168.486639427879,-40.3796524813629,0,24,24,24,5,-40.3796524813629
01-Aug-2026 00:19:32,-180.152555964825,-52.0455690183096,0,24,24,24,4,-52.0455690183096
01-Aug-2026 00:19:34,-179.907620767389,-51.8006338208733,0,23,23,23,4,-51.8006338208733
01-Aug-2026 00:19:36,-178.335084877643,-50.2280979311273,0,23,23,23,4,-50.2280979311273
01-Aug-2026 00:19:38,-178.366865173597,-50.2598782270811,0,24,24,24,5,-50.2598782270811
01-Aug-2026 00:19:40,-178.076828119135,-49.9698411726187,0,24,24,24,5,-49.9698411726187
01-Aug-2026 00:19:42,-178.043866999307,-49.9368800527915,0,24,24,24,4,-49.9368800527915
01-Aug-2026 00:19:44,-177.387430246794,-49.2804433002782,0,24,24,24,5,-49.2804433002782
01-Aug-2026 00:19:46,-177.115531740022,-49.0085447935064,0,24,24,24,5,-49.0085447935064
01-Aug-2026 00:19:48,-177.609424864859,-49.5024379183433,0,24,24,24,5,-49.5024379183433
01-Aug-2026 00:19:50,-177.866130318293,-49.759143371777,0,24,24,24,5,-49.759143371777
01-Aug-2026 00:19:52,-178.812512187852,-50.7055252413364,0,23,23,23,4,-50.7055252413364
01-Aug-2026 00:19:54,-178.713606222967,-50.6066192764513,0,23,23,23,5,-50.6066192764513
01-Aug-2026 00:19:56,-178.640680174834,-50.533693228318,0,23,23,23,5,-50.533693228318
01-Aug-2026 00:19:58,-178.493030508622,-50.3860435621058,0,22,22,22,4,-50.3860435621058
01-Aug-2026 00:20:00,-178.732120910863,-50.6251339643472,0,22,22,22,4,-50.6251339643472
01-Aug-2026 00:20:02,-178.758244086884,-50.651257140368,0,22,22,22,3,-50.651257140368
01-Aug-2026 00:20:04,-178.517245603732,-50.4102586572166,0,22,22,22,3,-50.4102586572166
01-Aug-2026 00:20:06,-178.762156338749,-50.6551693922329,0,23,23,23,3,-50.6551693922329
01-Aug-2026 00:20:08,-178.547537392913,-50.4405504463971,0,23,23,23,3,-50.4405504463971
01-Aug-2026 00:20:10,-178.777275831545,-50.6702888850287,0,23,23,23,3,-50.6702888850287
01-Aug-2026 00:20:12,-165.357802664705,-37.2508157181892,0,23,23,23,5,-37.2508157181892
01-Aug-2026 00:20:14,-165.602282883092,-37.4952959365762,0,23,23,23,5,-37.4952959365762
01-Aug-2026 00:20:16,-166.636003602076,-38.52901665556,0,23,23,23,4,-38.52901665556
01-Aug-2026 00:20:18,-167.571428509699,-39.4644415631828,0,23,23,23,4,-39.4644415631828
01-Aug-2026 00:20:20,-167.195302722686,-39.0883157761704,0,23,23,23,4,-39.0883157761704
01-Aug-2026 00:20:22,-172.569045473029,-44.4620585265127,0,23,23,23,4,-44.4620585265127
01-Aug-2026 00:20:24,-173.360234649078,-45.2532477025625,0,23,23,23,4,-45.2532477025625
01-Aug-2026 00:20:26,-173.450202870276,-45.3432159237601,0,23,23,23,3,-45.3432159237601
01-Aug-2026 00:20:28,-173.571997679273,-45.4650107327575,0,23,23,23,4,-45.4650107327575
01-Aug-2026 00:20:30,-173.473849870222,-45.366862923706,0,23,23,23,4,-45.366862923706
01-Aug-2026 00:20:32,-173.816742377615,-45.7097554310991,0,23,23,23,4,-45.7097554310991
01-Aug-2026 00:20:34,-174.67870294315,-46.5717159966337,0,23,23,23,3,-46.5717159966337
01-Aug-2026 00:20:36,-185.939252445018,-57.8322654985018,0,24,24,24,2,-57.8322654985018
01-Aug-2026 00:20:38,-185.996437221352,-57.8894502748361,0,24,24,24,2,-57.8894502748361
01-Aug-2026 00:20:40,-185.792183485775,-57.6851965392587,0,24,24,24,2,-57.6851965392587
01-Aug-2026 00:20:42,-185.698999999155,-57.5920130526388,0,25,25,25,2,-57.5920130526388
01-Aug-2026 00:20:44,-185.416302754319,-57.3093158078035,0,24,24,24,2,-57.3093158078035
01-Aug-2026 00:20:46,-185.46093406832,-57.3539471218039,0,24,24,24,2,-57.3539471218039
01-Aug-2026 00:20:48,-184.070102388392,-55.9631154418765,0,24,24,24,3,-55.9631154418765
01-Aug-2026 00:20:50,-182.165027579558,-54.0580406330424,0,24,24,24,4,-54.0580406330424
01-Aug-2026 00:20:52,-169.746621352896,-41.6396344063803,0,25,25,25,6,-41.6396344063803
01-Aug-2026 00:20:54,-168.680229844658,-40.5732428981426,0,26,26,26,6,-40.5732428981426
01-Aug-2026 00:20:56,-168.4542810576,-40.3472941110838,0,26,26,26,7,-40.3472941110838
01-Aug-2026 00:20:58,-168.266741952044,-40.1597550055283,0,26,26,26,9,-40.1597550055283
01-Aug-2026 00:21:00,-167.800816850546,-39.6938299040301,0,26,26,26,9,-39.6938299040301
01-Aug-2026 00:21:02,-171.747406236106,-43.64041928959,0,26,26,26,8,-43.64041928959
01-Aug-2026 00:21:04,-172.028244078209,-43.9212571316932,0,26,26,26,7,-43.9212571316932
01-Aug-2026 00:21:06,-172.04077084373,-43.9337838972137,0,26,26,26,7,-43.9337838972137
01-Aug-2026 00:21:08,-172.115407903387,-44.0084209568709,0,26,26,26,7,-44.0084209568709
01-Aug-2026 00:21:10,-170.421301707361,-42.3143147608453,0,26,26,26,8,-42.3143147608453
01-Aug-2026 00:21:12,-170.045523644827,-41.9385366983115,0,26,26,26,9,-41.9385366983115
01-Aug-2026 00:21:14,-170.091784781004,-41.9847978344884,0,26,26,26,8,-41.9847978344884
01-Aug-2026 00:21:16,-170.017784011367,-41.9107970648515,0,26,26,26,8,-41.9107970648515
01-Aug-2026 00:21:18,-169.779594260921,-41.6726073144049,0,26,26,26,8,-41.6726073144049
01-Aug-2026 00:21:20,-169.768655340582,-41.6616683940664,0,26,26,26,8,-41.6616683940664
01-Aug-2026 00:21:22,-171.083209170039,-42.9762222235235,0,26,26,26,7,-42.9762222235235
01-Aug-2026 00:21:24,-171.227049084723,-43.1200621382076,0,26,26,26,7,-43.1200621382076
01-Aug-2026 00:21:26,-174.24849324439,-46.1415062978741,0,26,26,26,5,-46.1415062978741
01-Aug-2026 00:21:28,-174.23901803862,-46.1320310921042,0,26,26,26,7,-18.980472643961
01-Aug-2026 00:21:30,-147.320091775198,-19.2131048286818,0,26,26,26,7,-19.2131048286818
01-Aug-2026 00:21:32,-147.233083073304,-19.1260961267882,0,26,26,26,8,-19.1260961267882
01-Aug-2026 00:21:34,-147.672951696349,-19.5659647498331,0,26,26,26,5,-19.5659647498331
01-Aug-2026 00:21:36,-148.345661644667,-20.2386746981511,0,26,26,26,5,-20.2386746981511
01-Aug-2026 00:21:38,-144.579376118896,-16.4723891723801,0,26,26,26,5,-16.4723891723801
01-Aug-2026 00:21:40,-145.276618745613,-17.169631799097,0,26,26,26,4,-17.169631799097
01-Aug-2026 00:21:42,-145.964400072642,-17.8574131261266,0,26,26,26,4,-17.8574131261266
01-Aug-2026 00:21:44,-146.142057609885,-18.0350706633687,0,26,26,26,4,-18.0350706633687
01-Aug-2026 00:21:46,-147.119569653763,-19.0125827072472,0,26,26,26,3,-19.0125827072472
01-Aug-2026 00:21:48,-148.806614567392,-20.6996276208756,0,26,26,26,2,-20.6996276208756
01-Aug-2026 00:21:50,-149.44172673061,-21.3347397840942,0,26,26,26,2,-21.3347397840942
01-Aug-2026 00:21:52,-150.182854037131,-22.0758670906151,0,26,26,26,2,-22.0758670906151
01-Aug-2026 00:21:54,-150.885813748014,-22.7788268014983,0,26,26,26,2,-22.7788268014983
01-Aug-2026 00:21:56,-151.59002087059,-23.4830339240744,0,25,25,25,2,-23.4830339240744
01-Aug-2026 00:21:58,-152.819615848236,-24.7126289017203,0,25,25,25,3,-24.7126289017203
01-Aug-2026 00:22:00,-152.811950493898,-24.7049635473822,0,25,25,25,2,-24.7049635473822
01-Aug-2026 00:22:02,-153.802900820477,-25.6959138739607,0,25,25,25,2,-25.6959138739607
01-Aug-2026 00:22:04,-154.958522156065,-26.8515352095492,0,25,25,25,2,-26.8515352095492
01-Aug-2026 00:22:06,-156.057568478269,-27.9505815317532,0,25,25,25,3,-27.9505815317532
01-Aug-2026 00:22:08,-157.097392102976,-28.9904051564604,0,26,26,26,4,-28.9904051564604
01-Aug-2026 00:22:10,-157.243858840539,-29.1368718940233,0,27,27,27,3,-29.1368718940233
01-Aug-2026 00:22:12,-185.640435267029,-57.5334483205132,0,27,27,27,2,-57.5334483205132
01-Aug-2026 00:22:14,-192.711225130569,-64.6042381840535,0,27,27,27,1,-64.6042381840535
01-Aug-2026 00:22:16,-193.052202146899,-64.9452152003835,0,27,27,27,1,-64.9452152003835
01-Aug-2026 00:22:18,-192.838814119348,-64.7318271728324,0,26,26,26,1,-64.7318271728324
01-Aug-2026 00:22:20,-193.232175648909,-65.1251887023929,0,26,26,26,1,-65.1251887023929
01-Aug-2026 00:22:22,-3076.52655568589,-2948.41956873937,0,26,26,26,0,-2948.41956873937
01-Aug-2026 00:22:24,-182.1719874112,-54.0650004646843,0,26,26,26,1,-54.0650004646843
01-Aug-2026 00:22:26,-153.953382524621,-25.8463955781052,0,26,26,26,2,-25.8463955781052
01-Aug-2026 00:22:28,-154.465243760901,-26.3582568143847,0,26,26,26,2,-26.3582568143847
01-Aug-2026 00:22:30,-154.216491636668,-26.1095046901519,0,25,25,25,2,-26.1095046901519
01-Aug-2026 00:22:32,-152.781573044955,-24.6745860984388,0,25,25,25,2,-24.6745860984388
01-Aug-2026 00:22:34,-152.963882767429,-24.8568958209136,0,25,25,25,2,-24.8568958209136
01-Aug-2026 00:22:36,-152.920494088014,-24.8135071414978,0,26,26,26,2,-24.8135071414978
01-Aug-2026 00:22:38,-152.818820136383,-24.7118331898674,0,26,26,26,3,-24.7118331898674
01-Aug-2026 00:22:40,-153.220241401496,-25.1132544549802,0,26,26,26,3,-25.1132544549802
01-Aug-2026 00:22:42,-152.513064785185,-24.4060778386695,0,25,25,25,4,-24.4060778386695
01-Aug-2026 00:22:44,-152.364302978868,-24.2573160323525,0,26,26,26,4,-24.2573160323525
01-Aug-2026 00:22:46,-153.111820324969,-25.0048333784528,0,25,25,25,3,-25.0048333784528
01-Aug-2026 00:22:48,-153.306880014447,-25.1998930679312,0,25,25,25,3,-25.1998930679312
01-Aug-2026 00:22:50,-152.910612942198,-24.8036259956825,0,24,24,24,4,-24.8036259956825
01-Aug-2026 00:22:52,-153.114545930017,-25.0075589835011,0,24,24,24,4,-25.0075589835011
01-Aug-2026 00:22:54,-160.034221239532,-31.9272342930162,0,24,24,24,2,-31.9272342930162
01-Aug-2026 00:22:56,-156.067868739809,-27.9608817932933,0,24,24,24,3,-27.9608817932933
01-Aug-2026 00:22:58,-156.08034687051,-27.9733599239937,0,24,24,24,3,-27.9733599239937
01-Aug-2026 00:23:00,-148.744393267841,-20.6374063213252,0,24,24,24,4,-20.6374063213252
01-Aug-2026 00:23:02,-148.042197800441,-19.935210853925,0,24,24,24,5,-19.935210853925
01-Aug-2026 00:23:04,-147.05664014939,-18.9496532028741,0,24,24,24,5,-18.9496532028741
01-Aug-2026 00:23:06,-146.296747454954,-18.1897605084377,0,24,24,24,5,-18.1897605084377
01-Aug-2026 00:23:08,-145.96408997489,-17.8571030283746,0,24,24,24,4,-17.8571030283746
01-Aug-2026 00:23:10,-145.048362723095,-16.9413757765794,0,24,24,24,5,-16.9413757765794
01-Aug-2026 00:23:12,-158.005087832961,-29.8981008864453,0,24,24,24,5,-29.8981008864453
01-Aug-2026 00:23:14,-157.994859353759,-29.8878724072432,0,24,24,24,6,-29.8878724072432
01-Aug-2026 00:23:16,-157.969580069298,-29.8625931227826,0,24,24,24,6,-29.8625931227826
01-Aug-2026 00:23:18,-157.913885077534,-29.8068981310182,0,24,24,24,3,-29.8068981310182
01-Aug-2026 00:23:20,-157.978688926896,-29.8717019803802,0,24,24,24,3,-29.8717019803802
01-Aug-2026 00:23:22,-157.999245861003,-29.8922589144871,0,23,23,23,3,-29.8922589144871
01-Aug-2026 00:23:24,-157.941293756689,-29.8343068101727,0,23,23,23,3,-29.8343068101727
01-Aug-2026 00:23:26,-158.170731510748,-30.0637445642317,0,23,23,23,3,-30.0637445642317
01-Aug-2026 00:23:28,-158.351480132392,-30.2444931858766,0,23,23,23,3,-30.2444931858766
01-Aug-2026 00:23:30,-158.98212152748,-30.8751345809646,0,23,23,23,3,-30.8751345809646
01-Aug-2026 00:23:32,-158.907789525756,-30.8008025792402,0,23,23,23,4,-30.8008025792402
01-Aug-2026 00:23:34,-159.224047825442,-31.1170608789265,0,24,24,24,5,-31.1170608789265
01-Aug-2026 00:23:36,-157.514353935676,-29.4073669891598,0,24,24,24,6,-29.4073669891598
01-Aug-2026 00:23:38,-157.247372790129,-29.1403858436131,0,24,24,24,8,-29.1403858436131
01-Aug-2026 00:23:40,-157.21041501968,-29.1034280731643,0,23,23,23,8,-29.1034280731643
01-Aug-2026 00:23:42,-160.198645336638,-32.0916583901221,0,23,23,23,7,-32.0916583901221
01-Aug-2026 00:23:44,-160.152667878598,-32.045680932082,0,23,23,23,7,-32.045680932082
01-Aug-2026 00:23:46,-160.188520129039,-32.0815331825228,0,23,23,23,7,-32.0815331825228
01-Aug-2026 00:23:48,-160.473691455643,-32.3667045091276,0,22,22,22,7,-32.3667045091276
01-Aug-2026 00:23:50,-160.492039596088,-32.3850526495724,0,22,22,22,7,-32.3850526495724
01-Aug-2026 00:23:52,-160.819864938415,-32.712877991899,0,22,22,22,6,-32.712877991899
01-Aug-2026 00:23:54,-160.891098029516,-32.7841110830001,0,22,22,22,6,-32.7841110830001
01-Aug-2026 00:23:56,-161.392593710883,-33.2856067643671,0,22,22,22,6,-33.2856067643671
01-Aug-2026 00:23:58,-161.659923390958,-33.5529364444424,0,23,23,23,6,-33.5529364444424
01-Aug-2026 00:24:00,-161.424915403084,-33.3179284565684,0,23,23,23,6,-33.3179284565684
01-Aug-2026 00:24:02,-161.510421113962,-33.4034341674465,0,23,23,23,7,-33.4034341674465
01-Aug-2026 00:24:04,-161.738620905719,-33.6316339592034,0,23,23,23,7,-33.6316339592034
01-Aug-2026 00:24:06,-161.462590816114,-33.3556038695983,0,23,23,23,8,-33.3556038695983
01-Aug-2026 00:24:08,-161.155358142995,-33.0483711964794,0,23,23,23,8,-33.0483711964794
01-Aug-2026 00:24:10,-161.350935939939,-33.2439489934227,0,23,23,23,7,-33.2439489934227
01-Aug-2026 00:24:12,-161.478170061451,-33.3711831149351,0,23,23,23,7,-33.3711831149351
01-Aug-2026 00:24:14,-168.637664746932,-40.5306778004164,0,23,23,23,7,-40.5306778004164
01-Aug-2026 00:24:16,-167.68730750404,-39.5803205575239,0,23,23,23,7,-39.5803205575239
01-Aug-2026 00:24:18,-167.241316893136,-39.1343299466205,0,23,23,23,6,-39.1343299466205
01-Aug-2026 00:24:20,-167.091787750019,-38.984800803503,0,23,23,23,6,-38.984800803503
01-Aug-2026 00:24:22,-166.678090793994,-38.5711038474779,0,23,23,23,5,-38.5711038474779
01-Aug-2026 00:24:24,-165.938824246992,-37.8318373004765,0,24,24,24,5,-37.8318373004765
01-Aug-2026 00:24:26,-165.054035836876,-36.9470488903601,0,24,24,24,5,-36.9470488903601
01-Aug-2026 00:24:28,-164.796780772177,-36.6897938256611,0,24,24,24,5,-36.6897938256611
01-Aug-2026 00:24:30,-164.844564717902,-36.7375777713864,0,25,25,25,5,-36.7375777713864
01-Aug-2026 00:24:32,-164.240047777851,-36.1330608313355,0,25,25,25,5,-36.1330608313355
01-Aug-2026 00:24:34,-164.279969500781,-36.1729825542648,0,25,25,25,5,-36.1729825542648
01-Aug-2026 00:24:36,-163.878941843537,-35.7719548970212,0,25,25,25,5,-35.7719548970212
01-Aug-2026 00:24:38,-163.554088324517,-35.4471013780012,0,25,25,25,6,-35.4471013780012
01-Aug-2026 00:24:40,-189.310339570031,-61.2033526235151,0,25,25,25,5,-35.3313870641375
01-Aug-2026 00:24:42,-175.403155977048,-47.2961690305318,0,26,26,26,7,-33.6834595076164
01-Aug-2026 00:24:44,-175.05729642636,-46.9503094798441,0,26,26,26,7,-33.3305628717745
01-Aug-2026 00:24:46,-189.187791468147,-61.0808045216311,0,26,26,26,5,-61.0808045216311
01-Aug-2026 00:24:48,-189.085901724087,-60.978914777571,0,26,26,26,5,-60.978914777571
01-Aug-2026 00:24:50,-189.313689781326,-61.20670283481,0,26,26,26,4,-61.20670283481
01-Aug-2026 00:24:52,-188.800639392689,-60.6936524461732,0,26,26,26,5,-60.6936524461732
01-Aug-2026 00:24:54,-188.927280985157,-60.8202940386409,0,26,26,26,5,-60.8202940386409
01-Aug-2026 00:24:56,-188.332094324919,-60.2251073784032,0,26,26,26,5,-60.2251073784032
01-Aug-2026 00:24:58,-188.310468073029,-60.203481126513,0,26,26,26,5,-60.203481126513
01-Aug-2026 00:25:00,-184.482547379105,-56.3755604325896,0,26,26,26,6,-56.3755604325896
01-Aug-2026 00:25:02,-184.652303473438,-56.5453165269223,0,26,26,26,6,-56.5453165269223
01-Aug-2026 00:25:04,-185.182208162491,-57.0752212159754,0,26,26,26,6,-57.0752212159754
01-Aug-2026 00:25:06,-184.826637706007,-56.7196507594915,0,26,26,26,6,-56.7196507594915
01-Aug-2026 00:25:08,-184.926260567395,-56.8192736208786,0,26,26,26,6,-56.8192736208786
01-Aug-2026 00:25:10,-179.358012849839,-51.2510259033226,0,26,26,26,5,-51.2510259033226
01-Aug-2026 00:25:12,-177.583499711636,-49.4765127651202,0,26,26,26,7,-49.4765127651202
01-Aug-2026 00:25:14,-177.704011014966,-49.5970240684503,0,26,26,26,7,-49.5970240684503
01-Aug-2026 00:25:16,-177.980776477817,-49.8737895313011,0,27,27,27,7,-49.8737895313011
01-Aug-2026 00:25:18,-177.394972498911,-49.2879855523954,0,27,27,27,7,-28.2027271496862
01-Aug-2026 00:25:20,-177.046887543174,-48.9399005966582,0,26,26,26,7,-28.3085827931113
01-Aug-2026 00:25:22,-181.597603251154,-53.4906163046383,0,26,26,26,5,-53.4906163046383
01-Aug-2026 00:25:24,-181.560693090246,-53.4537061437301,0,26,26,26,4,-53.4537061437301
01-Aug-2026 00:25:26,-181.229552387623,-53.1225654411076,0,26,26,26,5,-53.1225654411076
01-Aug-2026 00:25:28,-181.205756201938,-53.0987692554224,0,26,26,26,5,-53.0987692554224
01-Aug-2026 00:25:30,-181.162135476002,-53.0551485294865,0,26,26,26,5,-53.0551485294865
01-Aug-2026 00:25:32,-181.027421145755,-52.9204341992391,0,26,26,26,5,-52.9204341992391
01-Aug-2026 00:25:34,-181.093172070949,-52.986185124433,0,26,26,26,5,-52.986185124433
01-Aug-2026 00:25:36,-181.010431508455,-52.9034445619388,0,26,26,26,5,-52.9034445619388
01-Aug-2026 00:25:38,-180.895654198688,-52.7886672521723,0,26,26,26,5,-52.7886672521723
01-Aug-2026 00:25:40,-179.656716009307,-51.5497290627909,0,26,26,26,6,-51.5497290627909
01-Aug-2026 00:25:42,-179.624478074091,-51.5174911275751,0,26,26,26,6,-51.5174911275751
01-Aug-2026 00:25:44,-179.582307436443,-51.4753204899275,0,26,26,26,6,-51.4753204899275
01-Aug-2026 00:25:46,-169.604246894621,-41.4972599481052,0,25,25,25,6,-41.4972599481052
01-Aug-2026 00:25:48,-170.055254738118,-41.9482677916023,0,25,25,25,7,-41.9482677916023
01-Aug-2026 00:25:50,-169.992190367533,-41.8852034210167,0,25,25,25,6,-41.8852034210167
01-Aug-2026 00:25:52,-180.322681225577,-52.215694279061,0,24,24,24,5,-52.215694279061
01-Aug-2026 00:25:54,-183.004242395594,-54.8972554490782,0,24,24,24,4,-54.8972554490782
01-Aug-2026 00:25:56,-183.300808899519,-55.1938219530028,0,24,24,24,4,-55.1938219530028
01-Aug-2026 00:25:58,-164.139860532613,-36.0328735860967,0,24,24,24,5,-36.0328735860967
01-Aug-2026 00:26:00,-163.861866645086,-35.7548796985699,0,26,26,26,4,-35.7548796985699
01-Aug-2026 00:26:02,-162.418801090506,-34.3118141439904,0,26,26,26,5,-34.3118141439904
01-Aug-2026 00:26:04,-161.85327191922,-33.7462849727039,0,26,26,26,5,-33.7462849727039
01-Aug-2026 00:26:06,-161.361437857779,-33.2544509112632,0,26,26,26,5,-33.2544509112632
01-Aug-2026 00:26:08,-160.834685594813,-32.7276986482967,0,26,26,26,5,-32.7276986482967
01-Aug-2026 00:26:10,-160.815103374803,-32.7081164282874,0,27,27,27,7,-32.7081164282874
01-Aug-2026 00:26:12,-160.530519927774,-32.4235329812581,0,27,27,27,8,-32.4235329812581
01-Aug-2026 00:26:14,-159.853979337245,-31.7469923907295,0,27,27,27,8,-31.7469923907295
01-Aug-2026 00:26:16,-159.337509060676,-31.2305221141603,0,27,27,27,6,-31.2305221141603
01-Aug-2026 00:26:18,-159.435491606453,-31.3285046599373,0,27,27,27,7,-31.3285046599373
01-Aug-2026 00:26:20,-158.976260875063,-30.8692739285472,0,26,26,26,8,-30.8692739285472
01-Aug-2026 00:26:22,-157.663047180418,-29.5560602339017,0,26,26,26,8,-29.5560602339017
01-Aug-2026 00:26:24,-161.781517465721,-33.6745305192049,0,26,26,26,7,-33.6745305192049
01-Aug-2026 00:26:26,-161.638804448193,-33.5318175016766,0,26,26,26,6,-33.5318175016766
01-Aug-2026 00:26:28,-150.932204034739,-22.8252170882231,0,26,26,26,7,-22.8252170882231
01-Aug-2026 00:26:30,-150.642063530241,-22.5350765837247,0,26,26,26,6,-22.5350765837247
01-Aug-2026 00:26:32,-150.783519407216,-22.6765324606999,0,26,26,26,5,-22.6765324606999
01-Aug-2026 00:26:34,-150.919120626653,-22.8121336801375,0,26,26,26,5,-22.8121336801375
01-Aug-2026 00:26:36,-151.193610137008,-23.0866231904918,0,26,26,26,5,-23.0866231904918
01-Aug-2026 00:26:38,-151.612736271267,-23.505749324751,0,25,25,25,4,-23.505749324751
01-Aug-2026 00:26:40,-151.570044425423,-23.4630574789074,0,25,25,25,4,-23.4630574789074
01-Aug-2026 00:26:42,-151.961373224818,-23.8543862783022,0,25,25,25,5,-23.8543862783022
01-Aug-2026 00:26:44,-151.962452554476,-23.8554656079598,0,25,25,25,5,-23.8554656079598
01-Aug-2026 00:26:46,-152.245977904899,-24.1389909583831,0,25,25,25,6,-24.1389909583831
01-Aug-2026 00:26:48,-152.91724565347,-24.8102587069538,0,25,25,25,6,-24.8102587069538
01-Aug-2026 00:26:50,-153.603266224886,-25.4962792783706,0,25,25,25,6,-25.4962792783706
01-Aug-2026 00:26:52,-154.002050023625,-25.8950630771088,0,24,24,24,5,-25.8950630771088
01-Aug-2026 00:26:54,-154.104596917682,-25.997609971166,0,24,24,24,6,-25.997609971166
01-Aug-2026 00:26:56,-154.751126778647,-26.6441398321315,0,24,24,24,6,-26.6441398321315
01-Aug-2026 00:26:58,-155.30498303887,-27.1979960923542,0,24,24,24,7,-27.1979960923542
01-Aug-2026 00:27:00,-155.382980633607,-27.275993687091,0,24,24,24,6,-27.275993687091
01-Aug-2026 00:27:02,-156.476650648233,-28.3696637017173,0,24,24,24,6,-28.3696637017173
01-Aug-2026 00:27:04,-159.013640860284,-30.9066539137681,0,24,24,24,6,-30.9066539137681
01-Aug-2026 00:27:06,-156.047936609343,-27.9409496628275,0,24,24,24,7,-27.9409496628275
01-Aug-2026 00:27:08,-155.725205653577,-27.6182187070612,0,23,23,23,6,-27.6182187070612
01-Aug-2026 00:27:10,-155.48947927977,-27.3824923332539,0,23,23,23,8,-27.3824923332539
01-Aug-2026 00:27:12,-155.35543220992,-27.2484452634043,0,23,23,23,8,-27.2484452634043
01-Aug-2026 00:27:14,-155.088158644313,-26.9811716977976,0,23,23,23,8,-26.9811716977976
01-Aug-2026 00:27:16,-155.130661610545,-27.0236746640286,0,23,23,23,7,-27.0236746640286
01-Aug-2026 00:27:18,-158.263990593914,-30.1570036473984,0,23,23,23,6,-30.1570036473984
01-Aug-2026 00:27:20,-157.951898409218,-29.844911462702,0,23,23,23,6,-29.844911462702
01-Aug-2026 00:27:22,-157.961058743447,-29.8540717969312,0,23,23,23,5,-29.8540717969312
01-Aug-2026 00:27:24,-158.383229510339,-30.2762425638227,0,23,23,23,5,-30.2762425638227
01-Aug-2026 00:27:26,-158.199614772885,-30.0926278263688,0,22,22,22,5,-30.0926278263688
01-Aug-2026 00:27:28,-157.922985560934,-29.8159986144179,0,22,22,22,5,-29.8159986144179
01-Aug-2026 00:27:30,-157.715792477404,-29.608805530888,0,22,22,22,5,-29.608805530888
01-Aug-2026 00:27:32,-157.36727792712,-29.2602909806046,0,23,23,23,6,-29.2602909806046
01-Aug-2026 00:27:34,-157.280577199527,-29.1735902530116,0,23,23,23,6,-29.1735902530116
01-Aug-2026 00:27:36,-157.300672066338,-29.1936851198221,0,22,22,22,6,-29.1936851198221
01-Aug-2026 00:27:38,-158.977398751455,-30.870411804939,0,22,22,22,5,-30.870411804939
01-Aug-2026 00:27:40,-169.987897728313,-41.8809107817975,0,22,22,22,4,-41.8809107817975
01-Aug-2026 00:27:42,-170.335003782259,-42.2280168357427,0,22,22,22,4,-42.2280168357427
01-Aug-2026 00:27:44,-170.622455704043,-42.515468757527,0,22,22,22,4,-42.515468757527
01-Aug-2026 00:27:46,-169.890106475254,-41.7831195287384,0,22,22,22,3,-41.7831195287384
01-Aug-2026 00:27:48,-170.290530355481,-42.1835434089647,0,23,23,23,4,-42.1835434089647
01-Aug-2026 00:27:50,-170.915460326725,-42.8084733802089,0,23,23,23,4,-42.8084733802089
01-Aug-2026 00:27:52,-170.227149783318,-42.1201628368023,0,23,23,23,5,-42.1201628368023
01-Aug-2026 00:27:54,-170.492604713395,-42.3856177668787,0,23,23,23,5,-42.3856177668787
01-Aug-2026 00:27:56,-170.322222498414,-42.2152355518979,0,23,23,23,6,-42.2152355518979
01-Aug-2026 00:27:58,-170.498462790013,-42.3914758434974,0,23,23,23,6,-42.3914758434974
01-Aug-2026 00:28:00,-170.934711614664,-42.8277246681477,0,23,23,23,6,-42.8277246681477
01-Aug-2026 00:28:02,-170.712505444129,-42.605518497613,0,23,23,23,5,-42.605518497613
01-Aug-2026 00:28:04,-170.601991991193,-42.4950050446776,0,23,23,23,5,-42.4950050446776
01-Aug-2026 00:28:06,-170.884532424693,-42.7775454781774,0,23,23,23,6,-42.7775454781774
01-Aug-2026 00:28:08,-169.803980224414,-41.6969932778981,0,23,23,23,5,-41.6969932778981
01-Aug-2026 00:28:10,-169.841888553702,-41.7349016071857,0,23,23,23,5,-41.7349016071857
01-Aug-2026 00:28:12,-169.367003818054,-41.2600168715377,0,24,24,24,6,-41.2600168715377
01-Aug-2026 00:28:14,-169.706665025785,-41.5996780792691,0,25,25,25,7,-41.5996780792691
01-Aug-2026 00:28:16,-169.403841740531,-41.2968547940155,0,25,25,25,7,-41.2968547940155
01-Aug-2026 00:28:18,-169.687429254986,-41.5804423084699,0,25,25,25,7,-41.5804423084699
01-Aug-2026 00:28:20,-170.152057496467,-42.045070549951,0,26,26,26,8,-42.045070549951
01-Aug-2026 00:28:22,-170.768358360067,-42.6613714135508,0,26,26,26,8,-42.6613714135508
01-Aug-2026 00:28:24,-170.486031556483,-42.3790446099671,0,26,26,26,8,-42.3790446099671
01-Aug-2026 00:28:26,-170.552152879887,-42.445165933371,0,25,25,25,5,-42.445165933371
01-Aug-2026 00:28:28,-183.224173513599,-55.1171865670834,0,25,25,25,5,-55.1171865670834
01-Aug-2026 00:28:30,-183.435713534275,-55.3287265877588,0,26,26,26,5,-55.3287265877588
01-Aug-2026 00:28:32,-184.383207768351,-56.2762208218348,0,26,26,26,4,-56.2762208218348
01-Aug-2026 00:28:34,-184.879224974589,-56.7722380280732,0,26,26,26,4,-56.7722380280732
01-Aug-2026 00:28:36,-184.98314247134,-56.8761555248238,0,26,26,26,3,-56.8761555248238
01-Aug-2026 00:28:38,-185.286716523481,-57.1797295769654,0,26,26,26,3,-57.1797295769654
01-Aug-2026 00:28:40,-174.535878187826,-46.4288912413097,0,26,26,26,4,-46.4288912413097
01-Aug-2026 00:28:42,-185.358077853204,-57.2510909066878,0,26,26,26,3,-57.2510909066878
01-Aug-2026 00:28:44,-188.511476920606,-60.4044899740903,0,26,26,26,2,-60.4044899740903
01-Aug-2026 00:28:46,-188.546860821328,-60.4398738748125,0,26,26,26,2,-60.4398738748125
01-Aug-2026 00:28:48,-188.921143257252,-60.8141563107362,0,26,26,26,2,-60.8141563107362
01-Aug-2026 00:28:50,-189.212358148645,-61.1053712021288,0,26,26,26,2,-61.1053712021288
01-Aug-2026 00:28:52,-189.362942851944,-61.2559559054282,0,26,26,26,2,-61.2559559054282
01-Aug-2026 00:28:54,-189.346403376486,-61.2394164299697,0,26,26,26,2,-61.2394164299697
01-Aug-2026 00:28:56,-189.463120113111,-61.3561331665947,0,26,26,26,3,-61.3561331665947
01-Aug-2026 00:28:58,-189.71635939593,-61.6093724494146,0,26,26,26,3,-61.6093724494146
01-Aug-2026 00:29:00,-189.8115977527,-61.7046108061846,0,26,26,26,3,-61.7046108061846
01-Aug-2026 00:29:02,-189.401791864805,-61.2948049182892,0,26,26,26,3,-61.2948049182892
01-Aug-2026 00:29:04,-185.515280370062,-57.408293423546,0,27,27,27,5,-57.408293423546
01-Aug-2026 00:29:06,-167.706123957538,-39.5991370110221,0,27,27,27,5,-39.5991370110221
01-Aug-2026 00:29:08,-167.630470239691,-39.5234832931748,0,27,27,27,5,-39.5234832931748
01-Aug-2026 00:29:10,-167.29354816347,-39.1865612169543,0,26,26,26,5,-39.1865612169543
01-Aug-2026 00:29:12,-166.959327646155,-38.852340699639,0,26,26,26,4,-38.852340699639
01-Aug-2026 00:29:14,-166.695551699851,-38.5885647533349,0,26,26,26,4,-38.5885647533349
01-Aug-2026 00:29:16,-166.681249082818,-38.5742621363018,0,26,26,26,4,-38.5742621363018
01-Aug-2026 00:29:18,-166.494844776455,-38.3878578299396,0,26,26,26,3,-38.3878578299396
01-Aug-2026 00:29:20,-166.928766958671,-38.821780012155,0,26,26,26,3,-38.821780012155
01-Aug-2026 00:29:22,-167.102798771105,-38.9958118245889,0,26,26,26,4,-38.9958118245889
01-Aug-2026 00:29:24,-167.836811661355,-39.7298247148391,0,26,26,26,3,-39.7298247148391
01-Aug-2026 00:29:26,-167.442841025638,-39.3358540791226,0,26,26,26,3,-39.3358540791226
01-Aug-2026 00:29:28,-166.910735818089,-38.8037488715733,0,25,25,25,3,-38.8037488715733
01-Aug-2026 00:29:30,-166.852920484146,-38.74593353763,0,25,25,25,3,-38.74593353763
01-Aug-2026 00:29:32,-166.942743292133,-38.835756345617,0,25,25,25,2,-38.835756345617
01-Aug-2026 00:29:34,-166.195228284484,-38.0882413379684,0,25,25,25,2,-38.0882413379684
01-Aug-2026 00:29:36,-166.196103130935,-38.0891161844187,0,24,24,24,3,-38.0891161844187
01-Aug-2026 00:29:38,-165.799131512484,-37.6921445659679,0,24,24,24,3,-37.6921445659679
01-Aug-2026 00:29:40,-165.661741773558,-37.5547548270426,0,24,24,24,3,-37.5547548270426
01-Aug-2026 00:29:42,-166.033971022493,-37.9269840759775,0,24,24,24,3,-37.9269840759775
01-Aug-2026 00:29:44,-166.188891108506,-38.0819041619906,0,24,24,24,3,-38.0819041619906
01-Aug-2026 00:29:46,-163.495676020358,-35.3886890738422,0,25,25,25,4,-35.3886890738422
01-Aug-2026 00:29:48,-163.431053130578,-35.3240661840617,0,25,25,25,4,-35.3240661840617
01-Aug-2026 00:29:50,-163.393084338979,-35.2860973924628,0,26,26,26,4,-35.2860973924628
01-Aug-2026 00:29:52,-164.06400406918,-35.9570171226645,0,27,27,27,6,-35.9570171226645
01-Aug-2026 00:29:54,-163.698700189492,-35.5917132429766,0,27,27,27,6,-35.5917132429766
01-Aug-2026 00:29:56,-165.947962258978,-37.8409753124621,0,27,27,27,4,-37.8409753124621
01-Aug-2026 00:29:58,-165.087099856309,-36.9801129097934,0,27,27,27,3,-36.9801129097934
01-Aug-2026 00:30:00,-164.710439481537,-36.6034525350208,0,27,27,27,3,-36.6034525350208
01-Aug-2026 00:30:02,-164.863649230101,-36.7566622835854,0,27,27,27,3,-36.7566622835854
01-Aug-2026 00:30:04,-164.239584697828,-36.1325977513123,0,27,27,27,3,-36.1325977513123
01-Aug-2026 00:30:06,-163.952514188687,-35.8455272421707,0,27,27,27,5,-35.8455272421707
01-Aug-2026 00:30:08,-162.979185350645,-34.8721984041295,0,27,27,27,3,-34.8721984041295
01-Aug-2026 00:30:10,-162.990416516778,-34.8834295702623,0,26,26,26,4,-34.8834295702623
01-Aug-2026 00:30:12,-162.6907695099,-34.5837825633845,0,26,26,26,3,-34.5837825633845
01-Aug-2026 00:30:14,-162.756336439809,-34.6493494932932,0,26,26,26,3,-34.6493494932932
01-Aug-2026 00:30:16,-161.406811475293,-33.2998245287771,0,26,26,26,3,-33.2998245287771
01-Aug-2026 00:30:18,-161.424597170211,-33.317610223695,0,26,26,26,3,-33.317610223695
01-Aug-2026 00:30:20,-161.559286460664,-33.4522995141485,0,26,26,26,3,-33.4522995141485
01-Aug-2026 00:30:22,-160.841894025279,-32.7349070787632,0,26,26,26,3,-32.7349070787632
01-Aug-2026 00:30:24,-160.897711393076,-32.7907244465605,0,25,25,25,3,-32.7907244465605
01-Aug-2026 00:30:26,-160.295231768807,-32.1882448222912,0,25,25,25,4,-32.1882448222912
01-Aug-2026 00:30:28,-160.54447463192,-32.4374876854039,0,25,25,25,4,-32.4374876854039
01-Aug-2026 00:30:30,-182.521968313451,-54.4149813669352,0,25,25,25,3,-54.4149813669352
01-Aug-2026 00:30:32,-182.615553940496,-54.5085669939804,0,25,25,25,3,-54.5085669939804
01-Aug-2026 00:30:34,-178.722554842238,-50.6155678957221,0,25,25,25,5,-50.6155678957221
01-Aug-2026 00:30:36,-179.056681000371,-50.9496940538551,0,25,25,25,5,-50.9496940538551
01-Aug-2026 00:30:38,-179.399353969719,-51.2923670232028,0,25,25,25,5,-51.2923670232028
01-Aug-2026 00:30:40,-156.114503038849,-28.007516092333,0,25,25,25,6,-28.007516092333
01-Aug-2026 00:30:42,-156.493213858569,-28.3862269120533,0,25,25,25,6,-28.3862269120533
01-Aug-2026 00:30:44,-179.258959001597,-51.1519720550809,0,25,25,25,4,-51.1519720550809
01-Aug-2026 00:30:46,-178.781463542164,-50.674476595648,0,25,25,25,5,-50.674476595648
01-Aug-2026 00:30:48,-178.7543001157,-50.6473131691841,0,25,25,25,5,-50.6473131691841
01-Aug-2026 00:30:50,-179.322509612282,-51.2155226657661,0,25,25,25,6,-51.2155226657661
01-Aug-2026 00:30:52,-179.420901794848,-51.3139148483319,0,25,25,25,6,-51.3139148483319
01-Aug-2026 00:30:54,-179.466573283541,-51.3595863370252,0,23,23,23,7,-51.3595863370252
01-Aug-2026 00:30:56,-179.188503413734,-51.0815164672177,0,23,23,23,7,-51.0815164672177
01-Aug-2026 00:30:58,-178.85803586099,-50.7510489144742,0,23,23,23,7,-50.7510489144742
01-Aug-2026 00:31:00,-178.67765852071,-50.5706715741943,0,23,23,23,7,-50.5706715741943
01-Aug-2026 00:31:02,-178.906819181158,-50.7998322346425,0,23,23,23,7,-50.7998322346425
01-Aug-2026 00:31:04,-179.296197766978,-51.1892108204622,0,23,23,23,6,-51.1892108204622
01-Aug-2026 00:31:06,-179.488091425624,-51.3811044791078,0,23,23,23,6,-51.3811044791078
01-Aug-2026 00:31:08,-179.544175014127,-51.4371880676113,0,23,23,23,6,-51.4371880676113
01-Aug-2026 00:31:10,-179.538626378695,-51.4316394321788,0,23,23,23,5,-51.4316394321788
01-Aug-2026 00:31:12,-179.684345479653,-51.5773585331374,0,23,23,23,5,-51.5773585331374
01-Aug-2026 00:31:14,-159.655210459156,-31.5482235126398,0,22,22,22,6,-31.5482235126398
01-Aug-2026 00:31:16,-160.780487312311,-32.6735003657956,0,22,22,22,6,-32.6735003657956
01-Aug-2026 00:31:18,-178.453824972094,-50.3468380255777,0,22,22,22,4,-50.3468380255777
01-Aug-2026 00:31:20,-178.682978199457,-50.5759912529416,0,22,22,22,4,-50.5759912529416
01-Aug-2026 00:31:22,-178.447992285205,-50.3410053386891,0,22,22,22,4,-50.3410053386891
01-Aug-2026 00:31:24,-178.481266606248,-50.3742796597317,0,22,22,22,4,-50.3742796597317
01-Aug-2026 00:31:26,-178.34339304054,-50.2364060940239,0,21,21,21,5,-50.2364060940239
01-Aug-2026 00:31:28,-178.33214261363,-50.2251556671137,0,21,21,21,5,-50.2251556671137
01-Aug-2026 00:31:30,-178.537561015194,-50.4305740686784,0,22,22,22,5,-50.4305740686784
01-Aug-2026 00:31:32,-178.22505269222,-50.1180657457042,0,22,22,22,5,-50.1180657457042
01-Aug-2026 00:31:34,-178.07031180273,-49.9633248562139,0,22,22,22,5,-49.9633248562139
01-Aug-2026 00:31:36,-177.973553973332,-49.8665670268161,0,22,22,22,6,-49.8665670268161
01-Aug-2026 00:31:38,-180.50874913012,-52.4017621836037,0,23,23,23,4,-52.4017621836037
01-Aug-2026 00:31:40,-180.067454478767,-51.960467532251,0,23,23,23,4,-51.960467532251
01-Aug-2026 00:31:42,-179.916354397997,-51.8093674514813,0,23,23,23,4,-51.8093674514813
01-Aug-2026 00:31:44,-187.607982460765,-59.5009955142489,0,23,23,23,3,-59.5009955142489
01-Aug-2026 00:31:46,-187.115116068062,-59.0081291215466,0,23,23,23,4,-59.0081291215466
01-Aug-2026 00:31:48,-186.994543661276,-58.8875567147606,0,23,23,23,5,-58.8875567147606
01-Aug-2026 00:31:50,-184.901166056788,-56.7941791102726,0,23,23,23,6,-56.7941791102726
01-Aug-2026 00:31:52,-184.509239098075,-56.4022521515591,0,23,23,23,6,-56.4022521515591
01-Aug-2026 00:31:54,-184.858529938767,-56.7515429922515,0,23,23,23,4,-56.7515429922515
01-Aug-2026 00:31:56,-184.250896210962,-56.1439092644463,0,23,23,23,5,-56.1439092644463
01-Aug-2026 00:31:58,-173.957864982554,-45.8508780360376,0,24,24,24,8,-29.7152918228001
01-Aug-2026 00:32:00,-174.105095114226,-45.9981081677104,0,25,25,25,8,-45.9981081677104
01-Aug-2026 00:32:02,-174.750862090351,-46.6438751438353,0,25,25,25,8,-46.6438751438353
01-Aug-2026 00:32:04,-174.456834111653,-46.3498471651374,0,25,25,25,7,-46.3498471651374
01-Aug-2026 00:32:06,-175.17717107203,-47.070184125514,0,25,25,25,6,-47.070184125514
01-Aug-2026 00:32:08,-175.471528838851,-47.3645418923346,0,26,26,26,6,-47.3645418923346
01-Aug-2026 00:32:10,-174.642319726082,-46.5353327795657,0,26,26,26,6,-46.5353327795657
01-Aug-2026 00:32:12,-174.07075107224,-45.9637641257237,0,26,26,26,7,-45.9637641257237
01-Aug-2026 00:32:14,-174.570993042791,-46.4640060962756,0,26,26,26,5,-46.4640060962756
01-Aug-2026 00:32:16,-174.997768699265,-46.8907817527491,0,25,25,25,5,-46.8907817527491
01-Aug-2026 00:32:18,-175.11444045277,-47.0074535062539,0,26,26,26,5,-47.0074535062539
01-Aug-2026 00:32:20,-175.051749863811,-46.9447629172954,0,26,26,26,5,-46.9447629172954
01-Aug-2026 00:32:22,-174.837708097452,-46.730721150936,0,26,26,26,5,-46.730721150936
01-Aug-2026 00:32:24,-174.96272397584,-46.8557370293238,0,26,26,26,5,-46.8557370293238
01-Aug-2026 00:32:26,-174.017492700702,-45.9105057541866,0,26,26,26,6,-45.9105057541866
01-Aug-2026 00:32:28,-181.566900603201,-53.4599136566854,0,26,26,26,5,-53.4599136566854
01-Aug-2026 00:32:30,-181.741038781238,-53.6340518347226,0,26,26,26,5,-53.6340518347226
01-Aug-2026 00:32:32,-181.980502052118,-53.8735151056022,0,26,26,26,5,-53.8735151056022
01-Aug-2026 00:32:34,-181.59237846206,-53.4853915155444,0,26,26,26,5,-53.4853915155444
01-Aug-2026 00:32:36,-179.575511345442,-51.4685243989259,0,26,26,26,5,-51.4685243989259
01-Aug-2026 00:32:38,-180.375850143357,-52.2688631968415,0,26,26,26,5,-52.2688631968415
01-Aug-2026 00:32:40,-180.785343843624,-52.6783568971085,0,26,26,26,5,-52.6783568971085
01-Aug-2026 00:32:42,-177.273778759557,-49.1667918130412,0,26,26,26,6,-49.1667918130412
01-Aug-2026 00:32:44,-178.704742993249,-50.5977560467332,0,26,26,26,4,-50.5977560467332
01-Aug-2026 00:32:46,-178.862994047793,-50.7560071012772,0,26,26,26,3,-50.7560071012772
01-Aug-2026 00:32:48,-176.592361753131,-48.4853748066148,0,26,26,26,3,-48.4853748066148
01-Aug-2026 00:32:50,-176.084561684127,-47.9775747376111,0,26,26,26,3,-47.9775747376111
01-Aug-2026 00:32:52,-176.379471582696,-48.2724846361804,0,27,27,27,3,-48.2724846361804
01-Aug-2026 00:32:54,-180.635624281739,-52.5286373352234,0,27,27,27,3,-52.5286373352234
01-Aug-2026 00:32:56,-181.021602887458,-52.9146159409422,0,27,27,27,3,-52.9146159409422
01-Aug-2026 00:32:58,-180.406140872859,-52.2991539263432,0,27,27,27,2,-52.2991539263432
01-Aug-2026 00:33:00,-179.670231634052,-51.5632446875362,0,26,26,26,3,-51.5632446875362
01-Aug-2026 00:33:02,-179.776396965202,-51.6694100186858,0,25,25,25,2,-51.6694100186858
01-Aug-2026 00:33:04,-179.385916858578,-51.2789299120622,0,25,25,25,2,-51.2789299120622
01-Aug-2026 00:33:06,-179.234764819488,-51.1277778729721,0,25,25,25,2,-51.1277778729721
01-Aug-2026 00:33:08,-165.007472299655,-36.9004853531387,0,25,25,25,4,-36.9004853531387
01-Aug-2026 00:33:10,-165.735568171705,-37.6285812251887,0,25,25,25,4,-37.6285812251887
01-Aug-2026 00:33:12,-166.572995752606,-38.4660088060903,0,25,25,25,3,-38.4660088060903
01-Aug-2026 00:33:14,-166.562081889445,-38.4550949429289,0,25,25,25,3,-38.4550949429289
01-Aug-2026 00:33:16,-167.035906921821,-38.9289199753055,0,25,25,25,3,-38.9289199753055
01-Aug-2026 00:33:18,-165.767861860638,-37.6608749141225,0,25,25,25,3,-37.6608749141225
01-Aug-2026 00:33:20,-165.437444675524,-37.3304577290078,0,25,25,25,3,-37.3304577290078
01-Aug-2026 00:33:22,-166.749848396595,-38.6428614500796,0,26,26,26,3,-38.6428614500796
01-Aug-2026 00:33:24,-166.634949697601,-38.5279627510856,0,26,26,26,3,-38.5279627510856
01-Aug-2026 00:33:26,-166.185374735551,-38.0783877890353,0,26,26,26,2,-38.0783877890353
01-Aug-2026 00:33:28,-159.316206921113,-31.2092199745968,0,25,25,25,3,-31.2092199745968
01-Aug-2026 00:33:30,-154.762099348507,-26.6551124019915,0,25,25,25,4,-26.6551124019915
01-Aug-2026 00:33:32,-154.461697709522,-26.3547107630061,0,25,25,25,3,-26.3547107630061
01-Aug-2026 00:33:34,-154.217772421139,-26.1107854746232,0,25,25,25,3,-26.1107854746232
01-Aug-2026 00:33:36,-153.786260988149,-25.6792740416329,0,25,25,25,3,-25.6792740416329
01-Aug-2026 00:33:38,-153.553191961299,-25.4462050147832,0,25,25,25,3,-25.4462050147832
01-Aug-2026 00:33:40,-153.091434637249,-24.9844476907333,0,25,25,25,3,-24.9844476907333
01-Aug-2026 00:33:42,-152.530034411249,-24.4230474647327,0,26,26,26,4,-24.4230474647327
01-Aug-2026 00:33:44,-152.073031612457,-23.9660446659406,0,26,26,26,4,-23.9660446659406
01-Aug-2026 00:33:46,-151.937497053238,-23.8305101067218,0,27,27,27,4,-23.8305101067218
01-Aug-2026 00:33:48,-157.054056768054,-28.9470698215379,0,27,27,27,4,-23.1314455030031
01-Aug-2026 00:33:50,-157.096114567734,-28.9891276212184,0,27,27,27,5,-22.6256185245605
01-Aug-2026 00:33:52,-156.706161721392,-28.599174774876,0,27,27,27,5,-28.599174774876
01-Aug-2026 00:33:54,-156.65799325704,-28.5510063105245,0,27,27,27,5,-28.5510063105245
01-Aug-2026 00:33:56,-155.910841883577,-27.8038549370613,0,27,27,27,5,-27.8038549370613
01-Aug-2026 00:33:58,-156.028090695776,-27.9211037492598,0,27,27,27,4,-27.9211037492598
01-Aug-2026 00:34:00,-155.957402859224,-27.8504159127079,0,26,26,26,4,-27.8504159127079
01-Aug-2026 00:34:02,-156.072110090577,-27.9651231440613,0,26,26,26,3,-27.9651231440613
01-Aug-2026 00:34:04,-155.817174135603,-27.7101871890876,0,26,26,26,3,-27.7101871890876
01-Aug-2026 00:34:06,-155.87445349499,-27.767466548474,0,26,26,26,3,-27.767466548474
01-Aug-2026 00:34:08,-155.795956069136,-27.6889691226201,0,26,26,26,4,-27.6889691226201
01-Aug-2026 00:34:10,-155.351590740809,-27.2446037942934,0,26,26,26,3,-27.2446037942934
01-Aug-2026 00:34:12,-155.27428180423,-27.1672948577143,0,25,25,25,4,-27.1672948577143
01-Aug-2026 00:34:14,-190.739807078666,-62.6328201321499,0,25,25,25,3,-62.6328201321499
01-Aug-2026 00:34:16,-191.29502793509,-63.1880409885739,0,25,25,25,3,-63.1880409885739
01-Aug-2026 00:34:18,-191.056147306976,-62.9491603604598,0,25,25,25,3,-62.9491603604598
01-Aug-2026 00:34:20,-190.866944237014,-62.759957290498,0,25,25,25,3,-62.759957290498
01-Aug-2026 00:34:22,-195.548135363988,-67.4411484174724,0,25,25,25,2,-67.4411484174724
01-Aug-2026 00:34:24,-195.545492095897,-67.4385051493815,0,25,25,25,2,-67.4385051493815
01-Aug-2026 00:34:26,-194.959277754749,-66.8522908082327,0,25,25,25,2,-66.8522908082327
01-Aug-2026 00:34:28,-194.631993722458,-66.5250067759418,0,25,25,25,2,-66.5250067759418
01-Aug-2026 00:34:30,-161.224447236177,-33.1174602896613,0,25,25,25,3,-33.1174602896613
01-Aug-2026 00:34:32,-161.134953968384,-33.0279670218677,0,25,25,25,3,-33.0279670218677
01-Aug-2026 00:34:34,-160.842127427474,-32.7351404809579,0,25,25,25,3,-32.7351404809579
01-Aug-2026 00:34:36,-159.890526069175,-31.7835391226589,0,25,25,25,4,-31.7835391226589
01-Aug-2026 00:34:38,-167.206885291251,-39.0998983447356,0,25,25,25,3,-39.0998983447356
01-Aug-2026 00:34:40,-167.595059534835,-39.4880725883191,0,24,24,24,3,-39.4880725883191
01-Aug-2026 00:34:42,-167.768187146665,-39.6612002001491,0,24,24,24,2,-39.6612002001491
01-Aug-2026 00:34:44,-163.303425851603,-35.196438905087,0,24,24,24,3,-35.196438905087
01-Aug-2026 00:34:46,-162.659353554864,-34.5523666083478,0,24,24,24,5,-34.5523666083478
01-Aug-2026 00:34:48,-162.036323611713,-33.9293366651974,0,24,24,24,6,-33.9293366651974
01-Aug-2026 00:34:50,-161.901653693919,-33.7946667474027,0,24,24,24,6,-33.7946667474027
01-Aug-2026 00:34:52,-160.86901954597,-32.7620325994542,0,24,24,24,7,-32.7620325994542
01-Aug-2026 00:34:54,-160.867641112273,-32.7606541657568,0,24,24,24,7,-32.7606541657568
01-Aug-2026 00:34:56,-161.082289888356,-32.9753029418405,0,23,23,23,8,-32.9753029418405
01-Aug-2026 00:34:58,-163.00621688919,-34.8992299426737,0,23,23,23,7,-34.8992299426737
01-Aug-2026 00:35:00,-162.93599827175,-34.8290113252343,0,23,23,23,8,-34.8290113252343
01-Aug-2026 00:35:02,-163.283011950024,-35.1760250035085,0,22,22,22,6,-35.1760250035085
01-Aug-2026 00:35:04,-163.391258532153,-35.2842715856366,0,22,22,22,6,-35.2842715856366
01-Aug-2026 00:35:06,-162.781828385815,-34.6748414392989,0,22,22,22,6,-34.6748414392989
01-Aug-2026 00:35:08,-162.532774837914,-34.4257878913986,0,22,22,22,6,-34.4257878913986
01-Aug-2026 00:35:10,-162.359620222864,-34.2526332763479,0,22,22,22,6,-34.2526332763479
01-Aug-2026 00:35:12,-162.300554980745,-34.1935680342293,0,22,22,22,6,-34.1935680342293
01-Aug-2026 00:35:14,-162.832798832493,-34.7258118859768,0,22,22,22,6,-34.7258118859768
01-Aug-2026 00:35:16,-162.869132468398,-34.7621455218825,0,21,21,21,4,-34.7621455218825
01-Aug-2026 00:35:18,-172.342677160414,-44.2356902138977,0,21,21,21,3,-44.2356902138977
01-Aug-2026 00:35:20,-172.000544733822,-43.8935577873062,0,21,21,21,3,-43.8935577873062
01-Aug-2026 00:35:22,-171.513593625143,-43.4066066786272,0,21,21,21,3,-43.4066066786272
01-Aug-2026 00:35:24,-171.95731247808,-43.8503255315638,0,21,21,21,3,-43.8503255315638
01-Aug-2026 00:35:26,-171.79592879184,-43.6889418453246,0,21,21,21,4,-43.6889418453246
01-Aug-2026 00:35:28,-171.920584838681,-43.8135978921653,0,22,22,22,7,-43.8135978921653
01-Aug-2026 00:35:30,-172.140707763741,-44.0337208172247,0,23,23,23,7,-44.0337208172247
01-Aug-2026 00:35:32,-172.256309707941,-44.1493227614256,0,23,23,23,7,-44.1493227614256
01-Aug-2026 00:35:34,-172.467647014438,-44.3606600679225,0,23,23,23,5,-44.3606600679225
01-Aug-2026 00:35:36,-172.346897763782,-44.2399108172658,0,23,23,23,6,-44.2399108172658
01-Aug-2026 00:35:38,-172.102692366593,-43.9957054200771,0,23,23,23,5,-43.9957054200771
01-Aug-2026 00:35:40,-171.453221442476,-43.3462344959601,0,24,24,24,7,-43.3462344959601
01-Aug-2026 00:35:42,-171.255428605011,-43.1484416584952,0,24,24,24,8,-43.1484416584952
01-Aug-2026 00:35:44,-172.018002700767,-43.9110157542509,0,24,24,24,8,-43.9110157542509
01-Aug-2026 00:35:46,-171.657777523685,-43.550790577169,0,24,24,24,7,-43.550790577169
01-Aug-2026 00:35:48,-170.962854310848,-42.8558673643326,0,25,25,25,7,-42.8558673643326
01-Aug-2026 00:35:50,-171.19377914738,-43.0867922008638,0,25,25,25,7,-43.0867922008638
01-Aug-2026 00:35:52,-171.479973973689,-43.3729870271735,0,25,25,25,7,-43.3729870271735
01-Aug-2026 00:35:54,-171.510991905563,-43.4040049590469,0,25,25,25,7,-43.4040049590469
01-Aug-2026 00:35:56,-170.206212102368,-42.0992251558523,0,25,25,25,8,-42.0992251558523
01-Aug-2026 00:35:58,-170.425687025355,-42.318700078839,0,26,26,26,9,-42.318700078839
01-Aug-2026 00:36:00,-170.508368173635,-42.4013812271196,0,26,26,26,9,-42.4013812271196
01-Aug-2026 00:36:02,-170.133012413964,-42.0260254674485,0,26,26,26,10,-42.0260254674485
01-Aug-2026 00:36:04,-170.216575319157,-42.109588372641,0,26,26,26,7,-42.109588372641
01-Aug-2026 00:36:06,-169.771729870076,-41.6647429235601,0,26,26,26,6,-41.6647429235601
01-Aug-2026 00:36:08,-169.270472260839,-41.1634853143234,0,26,26,26,6,-41.1634853143234
01-Aug-2026 00:36:10,-168.638111110092,-40.5311241635764,0,26,26,26,6,-40.5311241635764
01-Aug-2026 00:36:12,-168.922921293816,-40.8159343473002,0,26,26,26,7,-40.8159343473002
01-Aug-2026 00:36:14,-168.817465488078,-40.7104785415626,0,26,26,26,7,-40.7104785415626
01-Aug-2026 00:36:16,-169.437650527026,-41.3306635805104,0,26,26,26,7,-41.3306635805104
01-Aug-2026 00:36:18,-169.513868261402,-41.4068813148857,0,26,26,26,7,-41.4068813148857
01-Aug-2026 00:36:20,-169.309646194472,-41.2026592479558,0,26,26,26,7,-41.2026592479558
01-Aug-2026 00:36:22,-169.466852944722,-41.3598659982058,0,26,26,26,7,-41.3598659982058
01-Aug-2026 00:36:24,-159.452891422696,-31.3459044761798,0,26,26,26,8,-31.3459044761798
01-Aug-2026 00:36:26,-173.581311901355,-45.4743249548387,0,26,26,26,8,-45.4743249548387
01-Aug-2026 00:36:28,-173.675606558027,-45.5686196115107,0,26,26,26,8,-45.5686196115107
01-Aug-2026 00:36:30,-173.364073940836,-45.25708699432,0,26,26,26,8,-45.25708699432
01-Aug-2026 00:36:32,-172.727874002077,-44.6208870555615,0,25,25,25,8,-44.6208870555615
01-Aug-2026 00:36:34,-183.737457290262,-55.6304703437461,0,25,25,25,6,-55.6304703437461
01-Aug-2026 00:36:36,-183.586248206043,-55.4792612595275,0,25,25,25,6,-55.4792612595275
01-Aug-2026 00:36:38,-183.646996862929,-55.5400099164135,0,25,25,25,6,-55.5400099164135
01-Aug-2026 00:36:40,-184.145158030034,-56.0381710835181,0,26,26,26,6,-56.0381710835181
01-Aug-2026 00:36:42,-184.086401444115,-55.9794144975987,0,26,26,26,7,-55.9794144975987
01-Aug-2026 00:36:44,-184.871698129953,-56.7647111834373,0,26,26,26,6,-56.7647111834373
01-Aug-2026 00:36:46,-185.123446905754,-57.0164599592385,0,26,26,26,6,-57.0164599592385
01-Aug-2026 00:36:48,-185.309771037673,-57.2027840911574,0,26,26,26,6,-57.2027840911574
01-Aug-2026 00:36:50,-184.987899354004,-56.8809124074885,0,26,26,26,6,-56.8809124074885
01-Aug-2026 00:36:52,-169.573737206378,-41.4667502598622,0,25,25,25,6,-41.4667502598622
01-Aug-2026 00:36:54,-168.781173089724,-40.6741861432085,0,25,25,25,6,-40.6741861432085
01-Aug-2026 00:36:56,-168.366235931547,-40.2592489850308,0,25,25,25,6,-40.2592489850308
01-Aug-2026 00:36:58,-168.206416952139,-40.0994300056227,0,25,25,25,5,-40.0994300056227
01-Aug-2026 00:37:00,-168.263996122308,-40.157009175792,0,26,26,26,5,-11.8115705529334
01-Aug-2026 00:37:02,-167.611128950723,-39.5041420042071,0,26,26,26,6,-12.1288026934118
01-Aug-2026 00:37:04,-140.966370832916,-12.8593838863997,0,26,26,26,4,-12.8593838863997
01-Aug-2026 00:37:06,-141.18977463346,-13.0827876869438,0,26,26,26,6,-13.0827876869438
01-Aug-2026 00:37:08,-141.662496129918,-13.5555091834024,0,26,26,26,6,-13.5555091834024
01-Aug-2026 00:37:10,-141.793551623144,-13.6865646766277,0,26,26,26,7,-13.6865646766277
01-Aug-2026 00:37:12,-141.98278644845,-13.8757995019339,0,26,26,26,7,-13.8757995019339
01-Aug-2026 00:37:14,-142.012406550832,-13.9054196043163,0,26,26,26,7,-13.9054196043163
01-Aug-2026 00:37:16,-142.041493837457,-13.9345068909408,0,26,26,26,7,-13.9345068909408
01-Aug-2026 00:37:18,-142.241402058048,-14.1344151115317,0,25,25,25,7,-14.1344151115317
01-Aug-2026 00:37:20,-141.94464156295,-13.8376546164343,0,25,25,25,7,-13.8376546164343
01-Aug-2026 00:37:22,-142.294723474182,-14.1877365276662,0,25,25,25,7,-14.1877365276662
01-Aug-2026 00:37:24,-142.474239033277,-14.3672520867615,0,25,25,25,8,-14.3672520867615
01-Aug-2026 00:37:26,-142.262988954952,-14.1560020084366,0,25,25,25,8,-14.1560020084366
01-Aug-2026 00:37:28,-141.962330551397,-13.8553436048813,0,25,25,25,7,-13.8553436048813
01-Aug-2026 00:37:30,-146.452706050171,-18.3457191036553,0,25,25,25,8,-18.3457191036553
01-Aug-2026 00:37:32,-147.189782915791,-19.0827959692754,0,26,26,26,8,-19.0827959692754
01-Aug-2026 00:37:34,-148.19297708721,-20.0859901406937,0,26,26,26,8,-20.0859901406937
01-Aug-2026 00:37:36,-148.57422776025,-20.4672408137341,0,26,26,26,9,-20.4672408137341
01-Aug-2026 00:37:38,-149.308534197775,-21.2015472512593,0,27,27,27,11,-21.2015472512593
01-Aug-2026 00:37:40,-149.952866097236,-21.8458791507201,0,27,27,27,12,-21.8458791507201
01-Aug-2026 00:37:42,-150.562644033162,-22.4556570866459,0,27,27,27,12,-22.4556570866459
01-Aug-2026 00:37:44,-151.113658659494,-23.0066717129785,0,27,27,27,10,-23.0066717129785
01-Aug-2026 00:37:46,-151.945598027992,-23.8386110814758,0,27,27,27,9,-23.8386110814758
01-Aug-2026 00:37:48,-152.446661720182,-24.339674773666,0,27,27,27,9,-24.339674773666
01-Aug-2026 00:37:50,-153.469345871527,-25.362358925011,0,26,26,26,8,-25.362358925011
01-Aug-2026 00:37:52,-173.536698149267,-45.4297112027515,0,26,26,26,7,-45.4297112027515
01-Aug-2026 00:37:54,-174.200004395182,-46.093017448666,0,26,26,26,6,-46.093017448666
01-Aug-2026 00:37:56,-174.799934128909,-46.6929471823932,0,26,26,26,6,-46.6929471823932
01-Aug-2026 00:37:58,-174.62792865735,-46.5209417108345,0,26,26,26,7,-46.5209417108345
01-Aug-2026 00:38:00,-174.990467892395,-46.8834809458792,0,25,25,25,6,-46.8834809458792
01-Aug-2026 00:38:02,-176.117095516245,-48.0101085697288,0,25,25,25,5,-48.0101085697288
01-Aug-2026 00:38:04,-176.871406021315,-48.7644190747988,0,25,25,25,3,-48.7644190747988
01-Aug-2026 00:38:06,-177.271235377163,-49.1642484306476,0,25,25,25,3,-49.1642484306476
01-Aug-2026 00:38:08,-177.514286228505,-49.4072992819896,0,25,25,25,3,-49.4072992819896
01-Aug-2026 00:38:10,-194.825169445528,-66.7181824990124,0,25,25,25,1,-66.7181824990124
01-Aug-2026 00:38:12,-196.013854895089,-67.9068679485728,0,25,25,25,1,-67.9068679485728
01-Aug-2026 00:38:14,-191.718886879752,-63.6118999332364,0,25,25,25,2,-63.6118999332364
01-Aug-2026 00:38:16,-191.436745502306,-63.3297585557902,0,25,25,25,2,-63.3297585557902
01-Aug-2026 00:38:18,-189.77710095296,-61.6701140064439,0,25,25,25,3,-61.6701140064439
01-Aug-2026 00:38:20,-189.805178452751,-61.6981915062355,0,25,25,25,3,-61.6981915062355
01-Aug-2026 00:38:22,-167.149744884857,-39.0427579383408,0,25,25,25,3,-39.0427579383408
01-Aug-2026 00:38:24,-167.604872358162,-39.4978854116465,0,24,24,24,2,-39.4978854116465
01-Aug-2026 00:38:26,-168.104034189014,-39.9970472424982,0,24,24,24,3,-39.9970472424982
01-Aug-2026 00:38:28,-168.002854124268,-39.8958671777517,0,24,24,24,4,-39.8958671777517
01-Aug-2026 00:38:30,-167.760368318878,-39.6533813723618,0,24,24,24,5,-27.8590447246002
01-Aug-2026 00:38:32,-156.706849098233,-28.5998621517171,0,24,24,24,5,-28.5998621517171
01-Aug-2026 00:38:34,-167.936511116639,-39.8295241701228,0,24,24,24,4,-39.8295241701228
01-Aug-2026 00:38:36,-168.065918428016,-39.9589314814997,0,24,24,24,4,-39.9589314814997
01-Aug-2026 00:38:38,-167.780350285261,-39.6733633387453,0,24,24,24,3,-39.6733633387453
01-Aug-2026 00:38:40,-167.731550336021,-39.6245633895048,0,24,24,24,3,-39.6245633895048
01-Aug-2026 00:38:42,-167.650598900251,-39.5436119537349,0,24,24,24,3,-39.5436119537349
01-Aug-2026 00:38:44,-167.614375240288,-39.5073882937716,0,24,24,24,3,-39.5073882937716
01-Aug-2026 00:38:46,-167.971595413568,-39.8646084670525,0,24,24,24,4,-39.8646084670525
01-Aug-2026 00:38:48,-168.432877120271,-40.3258901737553,0,23,23,23,4,-40.3258901737553
01-Aug-2026 00:38:50,-168.513659465576,-40.4066725190604,0,23,23,23,3,-40.4066725190604
01-Aug-2026 00:38:52,-168.496437187518,-40.3894502410017,0,23,23,23,3,-40.3894502410017
01-Aug-2026 00:38:54,-169.073694651625,-40.9667077051094,0,22,22,22,3,-40.9667077051094
01-Aug-2026 00:38:56,-168.642028543738,-40.5350415972223,0,22,22,22,3,-40.5350415972223
01-Aug-2026 00:38:58,-189.938284197546,-61.8312972510305,0,22,22,22,2,-61.8312972510305
01-Aug-2026 00:39:00,-189.570375819904,-61.4633888733885,0,22,22,22,2,-61.4633888733885
01-Aug-2026 00:39:02,-189.723259073451,-61.6162721269348,0,22,22,22,2,-61.6162721269348
01-Aug-2026 00:39:04,-189.431399804473,-61.3244128579567,0,21,21,21,2,-61.3244128579567
01-Aug-2026 00:39:06,-188.756679007366,-60.6496920608499,0,21,21,21,2,-60.6496920608499
01-Aug-2026 00:39:08,-188.426255668236,-60.3192687217197,0,21,21,21,2,-60.3192687217197
01-Aug-2026 00:39:10,-188.450960603918,-60.3439736574025,0,21,21,21,2,-60.3439736574025
01-Aug-2026 00:39:12,-195.502610227026,-67.3956232805097,0,21,21,21,1,-67.3956232805097
01-Aug-2026 00:39:14,-195.162891239088,-67.0559042925721,0,21,21,21,1,-67.0559042925721
01-Aug-2026 00:39:16,-191.51580654735,-63.4088196008339,0,21,21,21,2,-63.4088196008339
01-Aug-2026 00:39:18,-191.555779245148,-63.4487922986323,0,21,21,21,2,-63.4487922986323
01-Aug-2026 00:39:20,-189.040470750355,-60.9334838038386,0,22,22,22,3,-60.9334838038386
01-Aug-2026 00:39:22,-187.924726148944,-59.8177392024284,0,23,23,23,4,-59.8177392024284
01-Aug-2026 00:39:24,-189.130741397479,-61.0237544509636,0,23,23,23,3,-61.0237544509636
01-Aug-2026 00:39:26,-174.795017605024,-46.688030658508,0,23,23,23,4,-46.688030658508
01-Aug-2026 00:39:28,-158.666484583083,-30.559497636567,0,23,23,23,5,-30.559497636567
01-Aug-2026 00:39:30,-158.946241577136,-30.8392546306198,0,23,23,23,4,-30.8392546306198
01-Aug-2026 00:39:32,-158.746712271233,-30.6397253247175,0,23,23,23,5,-30.6397253247175
01-Aug-2026 00:39:34,-175.04798212484,-46.940995178324,0,24,24,24,3,-46.940995178324
01-Aug-2026 00:39:36,-174.89293956256,-46.7859526160441,0,25,25,25,4,-46.7859526160441
01-Aug-2026 00:39:38,-174.388144425081,-46.2811574785652,0,25,25,25,4,-46.2811574785652
01-Aug-2026 00:39:40,-174.596427104485,-46.4894401579693,0,25,25,25,3,-46.4894401579693
01-Aug-2026 00:39:42,-174.73246166309,-46.6254747165742,0,25,25,25,3,-46.6254747165742
01-Aug-2026 00:39:44,-175.037491927639,-46.9305049811229,0,25,25,25,3,-46.9305049811229
01-Aug-2026 00:39:46,-175.45711648795,-47.3501295414345,0,25,25,25,3,-47.3501295414345
01-Aug-2026 00:39:48,-175.694492714847,-47.5875057683313,0,26,26,26,3,-47.5875057683313
01-Aug-2026 00:39:50,-175.859274811428,-47.7522878649126,0,26,26,26,3,-47.7522878649126
01-Aug-2026 00:39:52,-175.398172003327,-47.2911850568109,0,26,26,26,3,-47.2911850568109
01-Aug-2026 00:39:54,-175.115629711109,-47.0086427645929,0,26,26,26,3,-47.0086427645929
01-Aug-2026 00:39:56,-174.649138235415,-46.5421512888987,0,27,27,27,3,-46.5421512888987
01-Aug-2026 00:39:58,-174.582490243617,-46.4755032971008,0,26,26,26,3,-46.4755032971008
01-Aug-2026 00:40:00,-174.496060686366,-46.38907373985,0,26,26,26,3,-46.38907373985
01-Aug-2026 00:40:02,-191.483134962871,-63.3761480163556,0,25,25,25,2,-63.3761480163556
01-Aug-2026 00:40:04,-191.543272123362,-63.4362851768461,0,25,25,25,2,-63.4362851768461
01-Aug-2026 00:40:06,-190.327527032325,-62.220540085809,0,25,25,25,4,-62.220540085809
01-Aug-2026 00:40:08,-190.306961022518,-62.1999740760017,0,25,25,25,4,-62.1999740760017
01-Aug-2026 00:40:10,-191.833839943127,-63.7268529966109,0,25,25,25,2,-63.7268529966109
01-Aug-2026 00:40:12,-188.577668634456,-60.4706816879398,0,25,25,25,2,-60.4706816879398
01-Aug-2026 00:40:14,-188.918865562893,-60.8118786163774,0,25,25,25,2,-60.8118786163774
01-Aug-2026 00:40:16,-188.04056661017,-59.9335796636543,0,25,25,25,4,-59.9335796636543
01-Aug-2026 00:40:18,-188.281451658122,-60.1744647116058,0,25,25,25,4,-60.1744647116058
01-Aug-2026 00:40:20,-188.419612821096,-60.3126258745799,0,25,25,25,4,-60.3126258745799
01-Aug-2026 00:40:22,-188.07605907585,-59.9690721293342,0,25,25,25,4,-59.9690721293342
01-Aug-2026 00:40:24,-188.512926943803,-60.4059399972875,0,25,25,25,3,-60.4059399972875
01-Aug-2026 00:40:26,-188.454089837046,-60.3471028905302,0,25,25,25,3,-60.3471028905302
01-Aug-2026 00:40:28,-173.004841422091,-44.8978544755747,0,26,26,26,4,-44.8978544755747
01-Aug-2026 00:40:30,-173.044546762821,-44.9375598163053,0,26,26,26,4,-44.9375598163053
01-Aug-2026 00:40:32,-173.176600939249,-45.069613992733,0,26,26,26,5,-45.069613992733
01-Aug-2026 00:40:34,-173.26026664339,-45.1532796968739,0,26,26,26,5,-45.1532796968739
01-Aug-2026 00:40:36,-188.659245612103,-60.5522586655869,0,26,26,26,4,-60.5522586655869
01-Aug-2026 00:40:38,-188.549099301196,-60.4421123546798,0,26,26,26,4,-60.4421123546798
01-Aug-2026 00:40:40,-189.559491285709,-61.4525043391933,0,27,27,27,3,-61.4525043391933
01-Aug-2026 00:40:42,-189.351156789635,-61.2441698431187,0,26,26,26,3,-61.2441698431187
01-Aug-2026 00:40:44,-191.264396727843,-63.1574097813274,0,26,26,26,2,-63.1574097813274
01-Aug-2026 00:40:46,-191.252620186102,-63.145633239586,0,26,26,26,2,-63.145633239586
01-Aug-2026 00:40:48,-189.091419581288,-60.9844326347724,0,26,26,26,3,-60.9844326347724
01-Aug-2026 00:40:50,-187.122872193388,-59.0158852468718,0,26,26,26,4,-59.0158852468718
01-Aug-2026 00:40:52,-187.164473226691,-59.0574862801748,0,26,26,26,4,-59.0574862801748
01-Aug-2026 00:40:54,-187.412382376009,-59.3053954294928,0,26,26,26,4,-59.3053954294928
01-Aug-2026 00:40:56,-187.856388705894,-59.7494017593782,0,26,26,26,4,-59.7494017593782
01-Aug-2026 00:40:58,-187.54816973493,-59.441182788414,0,26,26,26,4,-59.441182788414
01-Aug-2026 00:41:00,-172.076987269905,-43.9700003233887,0,26,26,26,4,-43.9700003233887
01-Aug-2026 00:41:02,-171.449400993838,-43.3424140473217,0,26,26,26,4,-43.3424140473217
01-Aug-2026 00:41:04,-171.428722411098,-43.3217354645823,0,26,26,26,5,-43.3217354645823
01-Aug-2026 00:41:06,-171.120388117137,-43.0134011706215,0,26,26,26,6,-43.0134011706215
01-Aug-2026 00:41:08,-171.324642175911,-43.2176552293954,0,25,25,25,6,-43.2176552293954
01-Aug-2026 00:41:10,-171.219321670199,-43.1123347236827,0,25,25,25,6,-43.1123347236827
01-Aug-2026 00:41:12,-171.46220481519,-43.3552178686742,0,25,25,25,6,-43.3552178686742
01-Aug-2026 00:41:14,-171.38908434044,-43.2820973939243,0,25,25,25,6,-43.2820973939243
01-Aug-2026 00:41:16,-171.104664899589,-42.9976779530736,0,25,25,25,6,-42.9976779530736
01-Aug-2026 00:41:18,-171.291571972905,-43.1845850263887,0,25,25,25,6,-43.1845850263887
01-Aug-2026 00:41:20,-148.959319281722,-20.8523323352063,0,25,25,25,5,-20.8523323352063
01-Aug-2026 00:41:22,-149.820084007137,-21.7130970606215,0,26,26,26,6,-21.7130970606215
01-Aug-2026 00:41:24,-150.49906002596,-22.3920730794443,0,26,26,26,9,-22.3920730794443
01-Aug-2026 00:41:26,-150.529126741061,-22.4221397945449,0,26,26,26,10,-22.4221397945449
01-Aug-2026 00:41:28,-151.141425392383,-23.0344384458668,0,26,26,26,11,-23.0344384458668
01-Aug-2026 00:41:30,-158.387767719707,-30.280780773191,0,26,26,26,11,-30.280780773191
01-Aug-2026 00:41:32,-158.796510015213,-30.6895230686971,0,27,27,27,10,-30.6895230686971
01-Aug-2026 00:41:34,-159.412527274604,-31.3055403280877,0,27,27,27,9,-31.3055403280877
01-Aug-2026 00:41:36,-160.130210646153,-32.0232236996376,0,27,27,27,9,-32.0232236996376
01-Aug-2026 00:41:38,-160.104422801873,-31.997435855357,0,27,27,27,8,-31.997435855357
01-Aug-2026 00:41:40,-160.216920789845,-32.1099338433287,0,26,26,26,8,-32.1099338433287
01-Aug-2026 00:41:42,-160.263679937891,-32.1566929913754,0,26,26,26,9,-32.1566929913754
01-Aug-2026 00:41:44,-160.761610422748,-32.6546234762325,0,26,26,26,9,-32.6546234762325
01-Aug-2026 00:41:46,-174.770336283037,-46.6633493365208,0,26,26,26,10,-46.6633493365208
01-Aug-2026 00:41:48,-174.453906962899,-46.3469200163835,0,25,25,25,9,-46.3469200163835
01-Aug-2026 00:41:50,-174.576370339625,-46.4693833931091,0,25,25,25,10,-46.4693833931091
01-Aug-2026 00:41:52,-177.269592909844,-49.1626059633278,0,25,25,25,10,-49.1626059633278
01-Aug-2026 00:41:54,-178.079856430037,-49.9728694835207,0,25,25,25,10,-49.9728694835207
01-Aug-2026 00:41:56,-178.300963365723,-50.193976419207,0,26,26,26,10,-50.193976419207
01-Aug-2026 00:41:58,-178.663460608719,-50.5564736622033,0,25,25,25,9,-50.5564736622033
01-Aug-2026 00:42:00,-178.904657479092,-50.7976705325757,0,25,25,25,9,-50.7976705325757
01-Aug-2026 00:42:02,-178.943108333205,-50.8361213866892,0,25,25,25,8,-50.8361213866892
01-Aug-2026 00:42:04,-182.636904874894,-54.5299179283783,0,25,25,25,7,-54.5299179283783
01-Aug-2026 00:42:06,-182.597095870274,-54.4901089237585,0,25,25,25,6,-54.4901089237585
01-Aug-2026 00:42:08,-182.94657626184,-54.8395893153243,0,25,25,25,5,-54.8395893153243
01-Aug-2026 00:42:10,-181.169019457443,-53.062032510927,0,24,24,24,6,-53.062032510927
01-Aug-2026 00:42:12,-180.562837323545,-52.4558503770294,0,24,24,24,6,-52.4558503770294
01-Aug-2026 00:42:14,-180.734469484314,-52.6274825377977,0,24,24,24,6,-52.6274825377977
01-Aug-2026 00:42:16,-150.362415595246,-22.25542864873,0,24,24,24,7,-22.25542864873
01-Aug-2026 00:42:18,-150.483726731085,-22.3767397845688,0,24,24,24,8,-22.3767397845688
01-Aug-2026 00:42:20,-150.135100597677,-22.0281136511612,0,24,24,24,8,-22.0281136511612
01-Aug-2026 00:42:22,-149.647666435425,-21.5406794889096,0,24,24,24,8,-21.5406794889096
01-Aug-2026 00:42:24,-149.570495797558,-21.4635088510421,0,24,24,24,8,-21.4635088510421
01-Aug-2026 00:42:26,-148.94351203397,-20.8365250874538,0,24,24,24,8,-20.8365250874538
01-Aug-2026 00:42:28,-149.272631481784,-21.1656445352678,0,24,24,24,8,-21.1656445352678
01-Aug-2026 00:42:30,-148.92597183874,-20.8189848922239,0,24,24,24,9,-20.8189848922239
01-Aug-2026 00:42:32,-148.265683945358,-20.1586969988423,0,24,24,24,8,-20.1586969988423
01-Aug-2026 00:42:34,-148.55869989769,-20.4517129511743,0,23,23,23,8,-20.4517129511743
01-Aug-2026 00:42:36,-148.407261849677,-20.3002749031614,0,23,23,23,8,-20.3002749031614
01-Aug-2026 00:42:38,-148.43031797402,-20.3233310275046,0,23,23,23,8,-20.3233310275046
01-Aug-2026 00:42:40,-148.011143359595,-19.9041564130787,0,23,23,23,9,-19.9041564130787
01-Aug-2026 00:42:42,-148.03356226074,-19.9265753142237,0,23,23,23,9,-19.9265753142237
01-Aug-2026 00:42:44,-148.353272540082,-20.2462855935659,0,23,23,23,8,-20.2462855935659
01-Aug-2026 00:42:46,-148.405853540826,-20.2988665943099,0,23,23,23,8,-20.2988665943099
01-Aug-2026 00:42:48,-148.920325723928,-20.8133387774124,0,23,23,23,8,-20.8133387774124
01-Aug-2026 00:42:50,-148.918337853151,-20.8113509066352,0,23,23,23,8,-20.8113509066352
01-Aug-2026 00:42:52,-148.869253251065,-20.7622663045488,0,22,22,22,8,-20.7622663045488
01-Aug-2026 00:42:54,-149.108986634556,-21.0019996880397,0,21,21,21,8,-21.0019996880397
01-Aug-2026 00:42:56,-149.434271762586,-21.3272848160704,0,21,21,21,7,-21.3272848160704
01-Aug-2026 00:42:58,-149.71094893591,-21.6039619893938,0,21,21,21,6,-21.6039619893938
01-Aug-2026 00:43:00,-149.897987989434,-21.7910010429181,0,21,21,21,6,-21.7910010429181
01-Aug-2026 00:43:02,-150.084360839903,-21.9773738933866,0,21,21,21,5,-21.9773738933866
01-Aug-2026 00:43:04,-150.307693473748,-22.2007065272317,0,21,21,21,5,-22.2007065272317
01-Aug-2026 00:43:06,-150.662541043268,-22.5555540967526,0,22,22,22,5,-22.5555540967526
01-Aug-2026 00:43:08,-150.559815717932,-22.4528287714161,0,22,22,22,5,-22.4528287714161
01-Aug-2026 00:43:10,-151.561606397294,-23.4546194507783,0,23,23,23,4,-23.4546194507783
01-Aug-2026 00:43:12,-185.032189075416,-56.9252021289002,0,23,23,23,2,-56.9252021289002
01-Aug-2026 00:43:14,-185.196287828165,-57.0893008816493,0,23,23,23,2,-57.0893008816493
01-Aug-2026 00:43:16,-181.118018599944,-53.011031653428,0,23,23,23,3,-53.011031653428
01-Aug-2026 00:43:18,-181.684746260452,-53.5777593139358,0,23,23,23,2,-53.5777593139358
01-Aug-2026 00:43:20,-181.925171437216,-53.8181844907004,0,23,23,23,2,-53.8181844907004
01-Aug-2026 00:43:22,-181.902567866523,-53.7955809200068,0,23,23,23,2,-53.7955809200068
01-Aug-2026 00:43:24,-182.123512989775,-54.0165260432594,0,24,24,24,2,-54.0165260432594
01-Aug-2026 00:43:26,-168.527359274373,-40.4203723278576,0,24,24,24,3,-40.4203723278576
01-Aug-2026 00:43:28,-169.218006627604,-41.1110196810882,0,23,23,23,5,-41.1110196810882
01-Aug-2026 00:43:30,-168.762439338484,-40.6554523919684,0,23,23,23,4,-40.6554523919684
01-Aug-2026 00:43:32,-161.014727573469,-32.9077406269531,0,23,23,23,6,-32.9077406269531
01-Aug-2026 00:43:34,-168.899810613168,-40.7928236666523,0,23,23,23,5,-40.7928236666523
01-Aug-2026 00:43:36,-168.827101236406,-40.7201142898897,0,23,23,23,5,-40.7201142898897
01-Aug-2026 00:43:38,-168.557484321612,-40.4504973750963,0,24,24,24,5,-40.4504973750963
01-Aug-2026 00:43:40,-168.590578624063,-40.4835916775474,0,24,24,24,5,-40.4835916775474
01-Aug-2026 00:43:42,-169.093890400517,-40.9869034540012,0,25,25,25,4,-40.9869034540012
01-Aug-2026 00:43:44,-167.057030643071,-38.9500436965551,0,26,26,26,5,-38.9500436965551
01-Aug-2026 00:43:46,-167.266960843399,-39.1599738968835,0,26,26,26,6,-39.1599738968835
01-Aug-2026 00:43:48,-166.998508668211,-38.8915217216954,0,25,25,25,5,-38.8915217216954
01-Aug-2026 00:43:50,-168.559873865503,-40.4528869189867,0,25,25,25,7,-40.4528869189867
01-Aug-2026 00:43:52,-168.180950478158,-40.0739635316423,0,25,25,25,6,-40.0739635316423
01-Aug-2026 00:43:54,-168.712924961501,-40.6059380149856,0,25,25,25,6,-40.6059380149856
01-Aug-2026 00:43:56,-168.81711951962,-40.7101325731042,0,25,25,25,6,-40.7101325731042
01-Aug-2026 00:43:58,-168.924195972837,-40.8172090263215,0,25,25,25,6,-40.8172090263215
01-Aug-2026 00:44:00,-168.423462152459,-40.3164752059432,0,25,25,25,6,-40.3164752059432
01-Aug-2026 00:44:02,-168.108113351258,-40.001126404742,0,25,25,25,7,-40.001126404742
01-Aug-2026 00:44:04,-168.897932446854,-40.7909455003376,0,25,25,25,7,-40.7909455003376
01-Aug-2026 00:44:06,-169.202954160867,-41.095967214351,0,25,25,25,7,-41.095967214351
01-Aug-2026 00:44:08,-168.600802196196,-40.4938152496799,0,25,25,25,6,-40.4938152496799
01-Aug-2026 00:44:10,-168.103134898591,-39.9961479520752,0,25,25,25,5,-39.9961479520752
01-Aug-2026 00:44:12,-167.783340479341,-39.676353532825,0,25,25,25,6,-39.676353532825
01-Aug-2026 00:44:14,-167.525232239065,-39.4182452925496,0,25,25,25,6,-39.4182452925496
01-Aug-2026 00:44:16,-167.587711374068,-39.480724427552,0,26,26,26,5,-39.480724427552
01-Aug-2026 00:44:18,-174.06672805258,-45.9597411060645,0,26,26,26,4,-45.9597411060645
01-Aug-2026 00:44:20,-180.938562826743,-52.8315758802276,0,27,27,27,4,-52.8315758802276
01-Aug-2026 00:44:22,-182.403756309553,-54.2967693630372,0,27,27,27,3,-54.2967693630372
01-Aug-2026 00:44:24,-185.268634064361,-57.1616471178455,0,27,27,27,2,-57.1616471178455
01-Aug-2026 00:44:26,-185.09621306751,-56.9892261209941,0,27,27,27,2,-56.9892261209941
01-Aug-2026 00:44:28,-185.187093965201,-57.0801070186848,0,27,27,27,2,-57.0801070186848
01-Aug-2026 00:44:30,-185.17104559324,-57.0640586467239,0,27,27,27,2,-57.0640586467239
01-Aug-2026 00:44:32,-184.659284022813,-56.5522970762975,0,26,26,26,2,-56.5522970762975
01-Aug-2026 00:44:34,-184.4849566534,-56.3779697068844,0,26,26,26,2,-56.3779697068844
01-Aug-2026 00:44:36,-186.42709250151,-58.3201055549937,0,26,26,26,1,-58.3201055549937
01-Aug-2026 00:44:38,-187.14052187548,-59.0335349289645,0,26,26,26,1,-59.0335349289645
01-Aug-2026 00:44:40,-186.348732188561,-58.2417452420449,0,26,26,26,1,-58.2417452420449
01-Aug-2026 00:44:42,-186.236213658426,-58.1292267119099,0,26,26,26,1,-58.1292267119099
01-Aug-2026 00:44:44,-183.698049595224,-55.5910626487083,0,26,26,26,3,-55.5910626487083
01-Aug-2026 00:44:46,-183.083314952792,-54.9763280062759,0,26,26,26,3,-54.9763280062759
01-Aug-2026 00:44:48,-183.097076569518,-54.9900896230019,0,26,26,26,3,-54.9900896230019
01-Aug-2026 00:44:50,-182.823157692022,-54.7161707455064,0,26,26,26,3,-54.7161707455064
01-Aug-2026 00:44:52,-182.960510078005,-54.8535231314895,0,26,26,26,3,-54.8535231314895
01-Aug-2026 00:44:54,-182.646885817247,-54.5398988707307,0,26,26,26,3,-54.5398988707307
01-Aug-2026 00:44:56,-182.084990546804,-53.978003600288,0,26,26,26,2,-53.978003600288
01-Aug-2026 00:44:58,-155.282932596832,-27.1759456503159,0,26,26,26,4,-27.1759456503159
01-Aug-2026 00:45:00,-155.350338587693,-27.2433516411769,0,25,25,25,3,-27.2433516411769
01-Aug-2026 00:45:02,-155.333175209855,-27.2261882633393,0,25,25,25,3,-27.2261882633393
01-Aug-2026 00:45:04,-155.177521634834,-27.0705346883177,0,25,25,25,3,-27.0705346883177
01-Aug-2026 00:45:06,-155.454926904952,-27.3479399584364,0,25,25,25,3,-27.3479399584364
01-Aug-2026 00:45:08,-154.660384982928,-26.5533980364121,0,25,25,25,3,-26.5533980364121
01-Aug-2026 00:45:10,-154.575179786719,-26.4681928402033,0,25,25,25,3,-26.4681928402033
01-Aug-2026 00:45:12,-153.183157043027,-25.0761700965112,0,26,26,26,6,-25.0761700965112
01-Aug-2026 00:45:14,-153.590161431086,-25.4831744845698,0,26,26,26,6,-25.4831744845698
01-Aug-2026 00:45:16,-154.438841049562,-26.3318541030458,0,26,26,26,5,-26.3318541030458
01-Aug-2026 00:45:18,-154.136500897658,-26.0295139511418,0,26,26,26,5,-26.0295139511418
01-Aug-2026 00:45:20,-153.887999261637,-25.7810123151212,0,26,26,26,6,-25.7810123151212
01-Aug-2026 00:45:22,-153.926087964879,-25.8191010183629,0,26,26,26,5,-25.8191010183629
01-Aug-2026 00:45:24,-153.63679887086,-25.529811924344,0,27,27,27,5,-25.529811924344
01-Aug-2026 00:45:26,-154.136188299221,-26.0292013527053,0,27,27,27,7,-26.0292013527053
01-Aug-2026 00:45:28,-162.716190522417,-34.6092035759012,0,26,26,26,6,-34.6092035759012
01-Aug-2026 00:45:30,-163.608601112734,-35.5016141662181,0,26,26,26,5,-35.5016141662181
01-Aug-2026 00:45:32,-164.484223314811,-36.377236368295,0,26,26,26,5,-36.377236368295
01-Aug-2026 00:45:34,-164.839583442996,-36.7325964964797,0,26,26,26,4,-36.7325964964797
01-Aug-2026 00:45:36,-164.711555272944,-36.6045683264285,0,25,25,25,4,-36.6045683264285
01-Aug-2026 00:45:38,-165.144629775122,-37.0376428286066,0,25,25,25,4,-37.0376428286066
01-Aug-2026 00:45:40,-183.186237773726,-55.0792508272105,0,25,25,25,5,-55.0792508272105
01-Aug-2026 00:45:42,-183.303266881004,-55.1962799344877,0,25,25,25,5,-55.1962799344877
01-Aug-2026 00:45:44,-183.405410872046,-55.2984239255301,0,25,25,25,5,-55.2984239255301
01-Aug-2026 00:45:46,-182.896627115574,-54.7896401690585,0,26,26,26,5,-54.7896401690585
01-Aug-2026 00:45:48,-182.910245248589,-54.8032583020734,0,25,25,25,5,-54.8032583020734
01-Aug-2026 00:45:50,-182.773465392443,-54.6664784459267,0,25,25,25,5,-54.6664784459267
01-Aug-2026 00:45:52,-183.357496571388,-55.2505096248717,0,25,25,25,4,-55.2505096248717
01-Aug-2026 00:45:54,-184.201949508987,-56.0949625624716,0,24,24,24,3,-56.0949625624716
01-Aug-2026 00:45:56,-186.813743641944,-58.7067566954283,0,24,24,24,2,-58.7067566954283
01-Aug-2026 00:45:58,-185.825552317024,-57.7185653705086,0,24,24,24,3,-57.7185653705086
01-Aug-2026 00:46:00,-185.597697103233,-57.4907101567171,0,24,24,24,3,-57.4907101567171
01-Aug-2026 00:46:02,-160.691170150438,-32.5841832039218,0,24,24,24,5,-32.5841832039218
01-Aug-2026 00:46:04,-161.258352213374,-33.1513652668579,0,24,24,24,5,-33.1513652668579
01-Aug-2026 00:46:06,-161.030548577099,-32.9235616305827,0,24,24,24,5,-32.9235616305827
01-Aug-2026 00:46:08,-157.93766658463,-29.830679638114,0,24,24,24,6,-29.830679638114
01-Aug-2026 00:46:10,-157.713714604288,-29.6067276577722,0,24,24,24,6,-29.6067276577722
01-Aug-2026 00:46:12,-157.612652454505,-29.5056655079891,0,24,24,24,5,-29.5056655079891
01-Aug-2026 00:46:14,-157.801094825853,-29.6941078793373,0,24,24,24,5,-29.6941078793373
01-Aug-2026 00:46:16,-157.968698149834,-29.8617112033181,0,24,24,24,6,-29.8617112033181
01-Aug-2026 00:46:18,-158.268889879516,-30.1619029330006,0,24,24,24,6,-30.1619029330006
01-Aug-2026 00:46:20,-157.965685364959,-29.8586984184436,0,24,24,24,5,-29.8586984184436
01-Aug-2026 00:46:22,-157.98548214827,-29.8784952017537,0,23,23,23,5,-29.8784952017537
01-Aug-2026 00:46:24,-158.055487883233,-29.9485009367172,0,23,23,23,5,-29.9485009367172
01-Aug-2026 00:46:26,-158.435036371322,-30.3280494248062,0,23,23,23,5,-30.3280494248062
01-Aug-2026 00:46:28,-156.47776472997,-28.3707777834538,0,23,23,23,6,-28.3707777834538
01-Aug-2026 00:46:30,-156.857781309359,-28.7507943628429,0,23,23,23,5,-28.7507943628429
01-Aug-2026 00:46:32,-157.915135025827,-29.8081480793111,0,23,23,23,5,-29.8081480793111
01-Aug-2026 00:46:34,-157.418604915236,-29.3116179687196,0,23,23,23,5,-29.3116179687196
01-Aug-2026 00:46:36,-163.242453120752,-35.135466174236,0,23,23,23,4,-35.135466174236
01-Aug-2026 00:46:38,-163.010312048385,-34.9033251018693,0,23,23,23,4,-34.9033251018693
01-Aug-2026 00:46:40,-162.860960919525,-34.7539739730096,0,23,23,23,4,-34.7539739730096
01-Aug-2026 00:46:42,-162.47797901048,-34.3709920639641,0,23,23,23,4,-34.3709920639641
01-Aug-2026 00:46:44,-162.310922591814,-34.2039356452977,0,22,22,22,4,-34.2039356452977
01-Aug-2026 00:46:46,-162.894132592883,-34.7871456463668,0,22,22,22,4,-34.7871456463668
01-Aug-2026 00:46:48,-163.75288578304,-35.6458988365238,0,22,22,22,4,-35.6458988365238
01-Aug-2026 00:46:50,-164.219201090193,-36.1122141436769,0,21,21,21,4,-36.1122141436769
01-Aug-2026 00:46:52,-164.633888842742,-36.526901896226,0,21,21,21,5,-36.526901896226
01-Aug-2026 00:46:54,-164.335262217076,-36.2282752705599,0,21,21,21,5,-36.2282752705599
01-Aug-2026 00:46:56,-160.297066338215,-32.1900793916987,0,21,21,21,6,-32.1900793916987
01-Aug-2026 00:46:58,-160.179863509326,-32.0728765628105,0,21,21,21,7,-32.0728765628105
01-Aug-2026 00:47:00,-160.481495612453,-32.374508665937,0,22,22,22,7,-32.374508665937
01-Aug-2026 00:47:02,-160.660870827065,-32.5538838805495,0,22,22,22,7,-32.5538838805495
01-Aug-2026 00:47:04,-161.788785794023,-33.6817988475069,0,22,22,22,7,-33.6817988475069
01-Aug-2026 00:47:06,-185.051668775484,-56.9446818289684,0,22,22,22,5,-56.9446818289684
01-Aug-2026 00:47:08,-185.479002222687,-57.3720152761709,0,22,22,22,4,-57.3720152761709
01-Aug-2026 00:47:10,-186.015832411351,-57.9088454648349,0,22,22,22,3,-57.9088454648349
01-Aug-2026 00:47:12,-186.49691270595,-58.3899257594337,0,23,23,23,3,-58.3899257594337
01-Aug-2026 00:47:14,-186.240662773698,-58.1336758271818,0,23,23,23,3,-58.1336758271818
01-Aug-2026 00:47:16,-186.336399510391,-58.2294125638749,0,23,23,23,3,-58.2294125638749
01-Aug-2026 00:47:18,-186.342199493445,-58.2352125469293,0,23,23,23,3,-58.2352125469293
01-Aug-2026 00:47:20,-186.520862353543,-58.4138754070269,0,23,23,23,4,-58.4138754070269
01-Aug-2026 00:47:22,-186.385348506479,-58.2783615599633,0,23,23,23,4,-58.2783615599633
01-Aug-2026 00:47:24,-186.246611055746,-58.1396241092298,0,23,23,23,4,-58.1396241092298
01-Aug-2026 00:47:26,-186.701298599878,-58.5943116533625,0,23,23,23,3,-58.5943116533625
01-Aug-2026 00:47:28,-187.036756926628,-58.9297699801126,0,24,24,24,3,-58.9297699801126
01-Aug-2026 00:47:30,-187.578728544109,-59.4717415975934,0,24,24,24,2,-59.4717415975934
01-Aug-2026 00:47:32,-187.100239023879,-58.9932520773636,0,25,25,25,2,-58.9932520773636
01-Aug-2026 00:47:34,-186.61170040236,-58.5047134558439,0,25,25,25,2,-58.5047134558439
01-Aug-2026 00:47:36,-186.742462066807,-58.6354751202916,0,25,25,25,2,-58.6354751202916
01-Aug-2026 00:47:38,-197.007705113421,-68.9007181669049,0,24,24,24,1,-68.9007181669049
01-Aug-2026 00:47:40,-3076.52655568589,-2948.41956873937,0,24,24,24,0,-2948.41956873937
01-Aug-2026 00:47:42,-3076.52655568589,-2948.41956873937,0,24,24,24,0,-2948.41956873937
01-Aug-2026 00:47:44,-3076.52655568589,-2948.41956873937,0,24,24,24,1,-2948.41956873937
01-Aug-2026 00:47:46,-3076.52655568589,-2948.41956873937,0,24,24,24,1,-2948.41956873937
01-Aug-2026 00:47:48,-3076.52655568589,-2948.41956873937,0,24,24,24,1,-2948.41956873937
01-Aug-2026 00:47:50,-3076.52655568589,-2948.41956873937,0,24,24,24,1,-2948.41956873937
01-Aug-2026 00:47:52,-195.076042345985,-66.9690553994688,0,24,24,24,2,-66.9690553994688
01-Aug-2026 00:47:54,-194.502348472776,-66.39536152626,0,24,24,24,2,-66.39536152626
01-Aug-2026 00:47:56,-194.919227320704,-66.8122403741878,0,24,24,24,2,-66.8122403741878
01-Aug-2026 00:47:58,-186.591756629969,-58.4847696834527,0,24,24,24,3,-58.4847696834527
01-Aug-2026 00:48:00,-186.386671476287,-58.2796845297708,0,26,26,26,3,-58.2796845297708
01-Aug-2026 00:48:02,-186.409327110359,-58.3023401638429,0,26,26,26,3,-58.3023401638429
01-Aug-2026 00:48:04,-186.501506085381,-58.3945191388652,0,26,26,26,3,-58.3945191388652
01-Aug-2026 00:48:06,-182.263463369294,-54.1564764227786,0,27,27,27,4,-54.1564764227786
01-Aug-2026 00:48:08,-182.209035397376,-54.1020484508597,0,27,27,27,4,-54.1020484508597
01-Aug-2026 00:48:10,-182.519890041336,-54.4129030948199,0,27,27,27,4,-54.4129030948199
01-Aug-2026 00:48:12,-182.438745016111,-54.3317580695952,0,27,27,27,4,-54.3317580695952
01-Aug-2026 00:48:14,-169.580021108966,-41.4730341624502,0,27,27,27,5,-41.4730341624502
01-Aug-2026 00:48:16,-169.466140138552,-41.3591531920358,0,27,27,27,3,-41.3591531920358
01-Aug-2026 00:48:18,-168.854267498082,-40.7472805515662,0,27,27,27,4,-19.8500394594002
01-Aug-2026 00:48:20,-169.961198221188,-41.8542112746722,0,27,27,27,4,-20.0577033059073
01-Aug-2026 00:48:22,-170.748379238454,-42.641392291938,0,26,26,26,5,-20.3205019233706
01-Aug-2026 00:48:24,-170.981033416195,-42.874046469679,0,26,26,26,6,-20.6506542238028
01-Aug-2026 00:48:26,-149.80285055058,-21.6958636040645,0,26,26,26,8,-21.6958636040645
01-Aug-2026 00:48:28,-150.014560820676,-21.9075738741605,0,26,26,26,7,-21.9075738741605
01-Aug-2026 00:48:30,-150.936934700246,-22.8299477537304,0,26,26,26,6,-22.8299477537304
01-Aug-2026 00:48:32,-151.80645244351,-23.6994654969945,0,26,26,26,5,-23.6994654969945
01-Aug-2026 00:48:34,-153.31994513703,-25.2129581905141,0,26,26,26,5,-25.2129581905141
01-Aug-2026 00:48:36,-153.020619219431,-24.9136322729153,0,26,26,26,4,-22.765796244896
01-Aug-2026 00:48:38,-152.848597797367,-24.7416108508511,0,26,26,26,4,-22.9514124332656
01-Aug-2026 00:48:40,-152.950445005489,-24.8434580589729,0,26,26,26,5,-23.2679057466912
01-Aug-2026 00:48:42,-152.792217714744,-24.6852307682282,0,26,26,26,3,-24.6852307682282
01-Aug-2026 00:48:44,-153.304920768558,-25.1979338220421,0,26,26,26,3,-25.1979338220421
01-Aug-2026 00:48:46,-153.278301152922,-25.1713142064059,0,26,26,26,2,-25.1713142064059
01-Aug-2026 00:48:48,-153.75215378033,-25.645166833814,0,26,26,26,3,-25.645166833814
01-Aug-2026 00:48:50,-168.227891759782,-40.1209048132659,0,25,25,25,2,-40.1209048132659
01-Aug-2026 00:48:52,-167.952516675619,-39.8455297291028,0,25,25,25,2,-39.8455297291028
01-Aug-2026 00:48:54,-168.067037049885,-39.9600501033692,0,25,25,25,2,-39.9600501033692
01-Aug-2026 00:48:56,-148.320200648254,-20.2132137017377,0,25,25,25,3,-20.2132137017377
01-Aug-2026 00:48:58,-148.972234814126,-20.8652478676106,0,25,25,25,3,-20.8652478676106
01-Aug-2026 00:49:00,-149.833204327615,-21.7262173810993,0,25,25,25,3,-21.7262173810993
01-Aug-2026 00:49:02,-150.237168340608,-22.1301813940924,0,25,25,25,3,-22.1301813940924
01-Aug-2026 00:49:04,-151.006658299385,-22.8996713528696,0,26,26,26,5,-22.8996713528696
01-Aug-2026 00:49:06,-151.799910485068,-23.6929235385521,0,26,26,26,6,-23.6929235385521
01-Aug-2026 00:49:08,-152.705396219217,-24.5984092727013,0,26,26,26,6,-24.5984092727013
01-Aug-2026 00:49:10,-166.652290081782,-38.5453031352657,0,26,26,26,7,-38.5453031352657
01-Aug-2026 00:49:12,-164.363286778757,-36.2562998322412,0,26,26,26,9,-36.2562998322412
01-Aug-2026 00:49:14,-164.618696003098,-36.5117090565825,0,26,26,26,8,-36.5117090565825
01-Aug-2026 00:49:16,-167.5954132702,-39.488426323684,0,26,26,26,8,-39.488426323684
01-Aug-2026 00:49:18,-167.796411869843,-39.6894249233269,0,26,26,26,7,-39.6894249233269
01-Aug-2026 00:49:20,-167.785613314395,-39.6786263678791,0,26,26,26,7,-39.6786263678791
01-Aug-2026 00:49:22,-167.448818161456,-39.3418312149401,0,26,26,26,7,-39.3418312149401
01-Aug-2026 00:49:24,-167.36218937229,-39.2552024257737,0,25,25,25,6,-39.2552024257737
01-Aug-2026 00:49:26,-164.981006624267,-36.8740196777507,0,25,25,25,6,-36.8740196777507
01-Aug-2026 00:49:28,-164.493461894899,-36.3864749483832,0,25,25,25,6,-36.3864749483832
01-Aug-2026 00:49:30,-164.079298955204,-35.9723120086883,0,25,25,25,7,-35.9723120086883
01-Aug-2026 00:49:32,-164.421514573319,-36.3145276268032,0,25,25,25,6,-36.3145276268032
01-Aug-2026 00:49:34,-164.691818189034,-36.5848312425177,0,25,25,25,6,-36.5848312425177
01-Aug-2026 00:49:36,-164.52969125214,-36.4227043056243,0,26,26,26,7,-36.4227043056243
01-Aug-2026 00:49:38,-164.347627531921,-36.2406405854052,0,26,26,26,7,-36.2406405854052
01-Aug-2026 00:49:40,-164.48760880615,-36.3806218596346,0,24,24,24,8,-36.3806218596346
01-Aug-2026 00:49:42,-164.346313475128,-36.2393265286119,0,24,24,24,8,-36.2393265286119
01-Aug-2026 00:49:44,-164.059540001989,-35.9525530554729,0,24,24,24,8,-35.9525530554729
01-Aug-2026 00:49:46,-164.358250718506,-36.25126377199,0,24,24,24,7,-36.25126377199
01-Aug-2026 00:49:48,-164.125589552645,-36.0186026061296,0,24,24,24,7,-36.0186026061296
01-Aug-2026 00:49:50,-167.111660172693,-39.0046732261767,0,24,24,24,6,-39.0046732261767
01-Aug-2026 00:49:52,-167.215728082904,-39.108741136388,0,24,24,24,5,-39.108741136388
01-Aug-2026 00:49:54,-167.729659993365,-39.6226730468493,0,24,24,24,5,-39.6226730468493
01-Aug-2026 00:49:56,-167.791512342542,-39.6845253960265,0,24,24,24,5,-39.6845253960265
01-Aug-2026 00:49:58,-166.703909088844,-38.5969221423286,0,24,24,24,5,-38.5969221423286
01-Aug-2026 00:50:00,-166.340054284944,-38.233067338428,0,24,24,24,4,-38.233067338428
01-Aug-2026 00:50:02,-165.93015646836,-37.8231695218438,0,24,24,24,3,-37.8231695218438
01-Aug-2026 00:50:04,-166.010862491077,-37.9038755445613,0,23,23,23,3,-37.9038755445613
01-Aug-2026 00:50:06,-165.38728164075,-37.2802946942338,0,23,23,23,3,-37.2802946942338
01-Aug-2026 00:50:08,-164.763884353909,-36.6568974073934,0,22,22,22,3,-36.6568974073934
01-Aug-2026 00:50:10,-164.460279497016,-36.3532925505004,0,22,22,22,4,-36.3532925505004
01-Aug-2026 00:50:12,-164.109193568199,-36.0022066216835,0,22,22,22,4,-36.0022066216835
01-Aug-2026 00:50:14,-164.202016826009,-36.095029879493,0,22,22,22,4,-36.095029879493
01-Aug-2026 00:50:16,-164.440217192459,-36.3332302459428,0,22,22,22,4,-36.3332302459428
01-Aug-2026 00:50:18,-163.794763147632,-35.687776201116,0,22,22,22,4,-35.687776201116
01-Aug-2026 00:50:20,-180.999717563762,-52.8927306172462,0,22,22,22,3,-52.8927306172462
01-Aug-2026 00:50:22,-180.480139961648,-52.3731530151321,0,22,22,22,3,-52.3731530151321
01-Aug-2026 00:50:24,-180.513438489547,-52.4064515430308,0,22,22,22,3,-52.4064515430308
01-Aug-2026 00:50:26,-180.398819933501,-52.2918329869856,0,22,22,22,3,-52.2918329869856
01-Aug-2026 00:50:28,-180.317719279068,-52.2107323325524,0,22,22,22,2,-52.2107323325524
01-Aug-2026 00:50:30,-179.993703831581,-51.8867168850651,0,22,22,22,2,-51.8867168850651
01-Aug-2026 00:50:32,-180.039060152823,-51.9320732063071,0,22,22,22,2,-51.9320732063071
01-Aug-2026 00:50:34,-180.349019280961,-52.2420323344448,0,22,22,22,3,-52.2420323344448
01-Aug-2026 00:50:36,-180.332779182017,-52.2257922355015,0,22,22,22,3,-52.2257922355015
01-Aug-2026 00:50:38,-194.335059801126,-66.22807285461,0,22,22,22,2,-66.22807285461
01-Aug-2026 00:50:40,-187.266826477661,-59.1598395311452,0,22,22,22,3,-59.1598395311452
01-Aug-2026 00:50:42,-188.463935411001,-60.356948464485,0,22,22,22,2,-60.356948464485
01-Aug-2026 00:50:44,-169.541930972713,-41.4349440261975,0,22,22,22,3,-41.4349440261975
01-Aug-2026 00:50:46,-188.633715161525,-60.526728215009,0,21,21,21,2,-60.526728215009
01-Aug-2026 00:50:48,-170.423325156468,-42.3163382099517,0,21,21,21,3,-42.3163382099517
01-Aug-2026 00:50:50,-170.400166827894,-42.2931798813786,0,21,21,21,4,-42.2931798813786
01-Aug-2026 00:50:52,-170.328969206247,-42.2219822597309,0,22,22,22,4,-42.2219822597309
01-Aug-2026 00:50:54,-170.123984094313,-42.0169971477973,0,22,22,22,3,-42.0169971477973
01-Aug-2026 00:50:56,-170.707075887409,-42.6000889408935,0,22,22,22,4,-42.6000889408935
01-Aug-2026 00:50:58,-170.775587487014,-42.6686005404981,0,22,22,22,4,-42.6686005404981
01-Aug-2026 00:51:00,-170.579996076036,-42.4730091295199,0,23,23,23,5,-42.4730091295199
01-Aug-2026 00:51:02,-170.330283173544,-42.2232962270285,0,23,23,23,6,-42.2232962270285
01-Aug-2026 00:51:04,-170.410631838209,-42.3036448916935,0,23,23,23,6,-42.3036448916935
01-Aug-2026 00:51:06,-169.978914969425,-41.8719280229093,0,23,23,23,5,-41.8719280229093
01-Aug-2026 00:51:08,-169.677637220813,-41.5706502742973,0,23,23,23,5,-41.5706502742973
01-Aug-2026 00:51:10,-169.257338267142,-41.1503513206266,0,23,23,23,5,-41.1503513206266
01-Aug-2026 00:51:12,-168.819627753412,-40.7126408068958,0,23,23,23,5,-40.7126408068958
01-Aug-2026 00:51:14,-168.507600120462,-40.4006131739458,0,23,23,23,4,-40.4006131739458
01-Aug-2026 00:51:16,-168.186112878915,-40.0791259323988,0,23,23,23,4,-40.0791259323988
01-Aug-2026 00:51:18,-168.358924686711,-40.2519377401954,0,24,24,24,4,-40.2519377401954
01-Aug-2026 00:51:20,-168.324250095686,-40.2172631491701,0,24,24,24,3,-40.2172631491701
01-Aug-2026 00:51:22,-168.531606592721,-40.4246196462047,0,25,25,25,3,-40.4246196462047
01-Aug-2026 00:51:24,-168.641111517658,-40.5341245711424,0,25,25,25,3,-40.5341245711424
01-Aug-2026 00:51:26,-168.206541532746,-40.0995545862298,0,25,25,25,2,-40.0995545862298
01-Aug-2026 00:51:28,-188.650086493857,-60.5430995473413,0,24,24,24,1,-60.5430995473413
01-Aug-2026 00:51:30,-163.413084945285,-35.306097998769,0,24,24,24,4,-35.306097998769
01-Aug-2026 00:51:32,-162.813920677779,-34.7069337312627,0,24,24,24,5,-34.7069337312627
01-Aug-2026 00:51:34,-163.298325404639,-35.1913384581235,0,24,24,24,5,-35.1913384581235
01-Aug-2026 00:51:36,-163.64973549117,-35.5427485446541,0,24,24,24,6,-35.5427485446541
01-Aug-2026 00:51:38,-163.949518728673,-35.8425317821568,0,24,24,24,7,-35.8425317821568
01-Aug-2026 00:51:40,-184.993615370086,-56.8866284235704,0,25,25,25,6,-56.8866284235704
01-Aug-2026 00:51:42,-185.091611441893,-56.9846244953768,0,25,25,25,6,-56.9846244953768
01-Aug-2026 00:51:44,-184.55417800277,-56.447191056254,0,25,25,25,6,-56.447191056254
01-Aug-2026 00:51:46,-184.60159062295,-56.4946036764337,0,25,25,25,5,-56.4946036764337
01-Aug-2026 00:51:48,-184.336636698186,-56.2296497516705,0,25,25,25,5,-56.2296497516705
01-Aug-2026 00:51:50,-188.347868708391,-60.2408817618752,0,25,25,25,4,-60.2408817618752
01-Aug-2026 00:51:52,-188.113399399567,-60.0064124530506,0,25,25,25,4,-60.0064124530506
01-Aug-2026 00:51:54,-190.953258674891,-62.8462717283749,0,26,26,26,3,-62.8462717283749
01-Aug-2026 00:51:56,-190.859839917126,-62.7528529706102,0,26,26,26,3,-62.7528529706102
01-Aug-2026 00:51:58,-190.705104901296,-62.5981179547805,0,26,26,26,3,-62.5981179547805
01-Aug-2026 00:52:00,-191.05406850255,-62.9470815560346,0,26,26,26,3,-62.9470815560346
01-Aug-2026 00:52:02,-191.471044797843,-63.3640578513271,0,26,26,26,3,-63.3640578513271
01-Aug-2026 00:52:04,-194.674971865053,-66.5679849185371,0,26,26,26,2,-66.5679849185371
01-Aug-2026 00:52:06,-194.963321183085,-66.8563342365691,0,26,26,26,2,-66.8563342365691
01-Aug-2026 00:52:08,-195.36910932232,-67.2621223758042,0,26,26,26,2,-67.2621223758042
01-Aug-2026 00:52:10,-195.480488351754,-67.3735014052384,0,26,26,26,2,-67.3735014052384
01-Aug-2026 00:52:12,-174.684989667773,-46.5780027212572,0,25,25,25,3,-23.0828388209199
01-Aug-2026 00:52:14,-174.264129857805,-46.1571429112886,0,25,25,25,3,-23.9688477000458
01-Aug-2026 00:52:16,-174.115924539391,-46.0089375928752,0,25,25,25,3,-24.2878349586003
01-Aug-2026 00:52:18,-153.249883089306,-25.14289614279,0,25,25,25,3,-25.14289614279
01-Aug-2026 00:52:20,-154.576694464408,-26.4697075178918,0,25,25,25,4,-26.4697075178918
01-Aug-2026 00:52:22,-155.745464586556,-27.6384776400406,0,25,25,25,4,-27.6384776400406
01-Aug-2026 00:52:24,-155.700345891213,-27.5933589446974,0,25,25,25,5,-27.5933589446974
01-Aug-2026 00:52:26,-155.834174244833,-27.7271872983173,0,25,25,25,6,-27.7271872983173
01-Aug-2026 00:52:28,-156.021176095562,-27.9141891490459,0,25,25,25,6,-27.9141891490459
01-Aug-2026 00:52:30,-156.365247236598,-28.2582602900825,0,25,25,25,6,-28.2582602900825
01-Aug-2026 00:52:32,-157.013383803956,-28.90639685744,0,25,25,25,6,-28.90639685744
01-Aug-2026 00:52:34,-156.542434690517,-28.4354477440011,0,25,25,25,6,-28.4354477440011
01-Aug-2026 00:52:36,-156.58748876001,-28.4805018134945,0,25,25,25,7,-28.4805018134945
01-Aug-2026 00:52:38,-156.892061130153,-28.7850741836376,0,25,25,25,7,-28.7850741836376
01-Aug-2026 00:52:40,-160.236317410441,-32.1293304639249,0,24,24,24,7,-28.8314906413421
01-Aug-2026 00:52:42,-160.815523513135,-32.7085365666193,0,24,24,24,8,-28.8573464448681
01-Aug-2026 00:52:44,-160.324991953768,-32.2180050072523,0,24,24,24,8,-32.2180050072523
01-Aug-2026 00:52:46,-160.742579499076,-32.6355925525604,0,24,24,24,8,-32.6355925525604
01-Aug-2026 00:52:48,-161.203804214525,-33.0968172680088,0,24,24,24,7,-33.0968172680088
01-Aug-2026 00:52:50,-161.654703006866,-33.5477160603506,0,24,24,24,5,-33.5477160603506
01-Aug-2026 00:52:52,-161.933367405058,-33.8263804585418,0,24,24,24,5,-33.8263804585418
01-Aug-2026 00:52:54,-163.255342238685,-35.1483552921692,0,25,25,25,5,-35.1483552921692
01-Aug-2026 00:52:56,-163.220640173681,-35.113653227165,0,25,25,25,4,-35.113653227165
01-Aug-2026 00:52:58,-163.101061432809,-34.9940744862932,0,25,25,25,4,-34.9940744862932
01-Aug-2026 00:53:00,-180.80143700894,-52.6944500624242,0,25,25,25,6,-52.6944500624242
01-Aug-2026 00:53:02,-181.936865541265,-53.8298785947492,0,25,25,25,5,-53.8298785947492
01-Aug-2026 00:53:04,-163.355770600315,-35.248783653799,0,25,25,25,6,-35.248783653799
01-Aug-2026 00:53:06,-162.922221723404,-34.815234776888,0,25,25,25,6,-34.815234776888
01-Aug-2026 00:53:08,-162.167760291022,-34.0607733445063,0,24,24,24,6,-34.0607733445063
01-Aug-2026 00:53:10,-161.522262098084,-33.4152751515678,0,24,24,24,7,-33.4152751515678
01-Aug-2026 00:53:12,-161.252475454379,-33.1454885078635,0,24,24,24,7,-33.1454885078635
01-Aug-2026 00:53:14,-161.496889442102,-33.3899024955865,0,24,24,24,6,-33.3899024955865
01-Aug-2026 00:53:16,-161.363921654239,-33.2569347077231,0,24,24,24,6,-33.2569347077231
01-Aug-2026 00:53:18,-161.381652690235,-33.274665743719,0,24,24,24,5,-33.274665743719
01-Aug-2026 00:53:20,-161.60836488973,-33.501377943214,0,24,24,24,4,-33.501377943214
01-Aug-2026 00:53:22,-161.297657418637,-33.1906704721208,0,24,24,24,5,-33.1906704721208
01-Aug-2026 00:53:24,-161.427011104471,-33.3200241579554,0,23,23,23,5,-33.3200241579554
01-Aug-2026 00:53:26,-161.788921908799,-33.6819349622829,0,23,23,23,5,-33.6819349622829
01-Aug-2026 00:53:28,-158.706861293632,-30.5998743471162,0,24,24,24,5,-30.5998743471162
01-Aug-2026 00:53:30,-158.697258187722,-30.5902712412061,0,23,23,23,4,-30.5902712412061
01-Aug-2026 00:53:32,-158.386448756369,-30.2794618098532,0,23,23,23,4,-30.2794618098532
01-Aug-2026 00:53:34,-158.247023277849,-30.1400363313328,0,23,23,23,4,-30.1400363313328
01-Aug-2026 00:53:36,-157.864166208185,-29.7571792616691,0,23,23,23,4,-29.7571792616691
01-Aug-2026 00:53:38,-157.718196213743,-29.6112092672275,0,23,23,23,5,-29.6112092672275
01-Aug-2026 00:53:40,-157.313239532693,-29.2062525861772,0,23,23,23,6,-29.2062525861772
01-Aug-2026 00:53:42,-157.378395389822,-29.2714084433061,0,23,23,23,7,-29.2714084433061
01-Aug-2026 00:53:44,-156.801153287383,-28.6941663408674,0,23,23,23,7,-28.6941663408674
01-Aug-2026 00:53:46,-156.626462419896,-28.5194754733806,0,23,23,23,6,-28.5194754733806
01-Aug-2026 00:53:48,-156.483993340276,-28.3770063937603,0,23,23,23,6,-28.3770063937603
01-Aug-2026 00:53:50,-156.269572684909,-28.1625857383928,0,23,23,23,6,-28.1625857383928
01-Aug-2026 00:53:52,-156.28600627506,-28.1790193285446,0,23,23,23,6,-28.1790193285446
01-Aug-2026 00:53:54,-156.351420172818,-28.2444332263018,0,22,22,22,6,-28.2444332263018
01-Aug-2026 00:53:56,-156.587736302298,-28.480749355782,0,22,22,22,7,-28.480749355782
01-Aug-2026 00:53:58,-156.321669653293,-28.2146827067769,0,22,22,22,7,-28.2146827067769
01-Aug-2026 00:54:00,-156.326774517467,-28.2197875709515,0,22,22,22,7,-28.2197875709515
01-Aug-2026 00:54:02,-156.373845960814,-28.2668590142978,0,22,22,22,6,-28.2668590142978
01-Aug-2026 00:54:04,-156.541429333337,-28.4344423868215,0,22,22,22,7,-28.4344423868215
01-Aug-2026 00:54:06,-156.484029030376,-28.3770420838598,0,22,22,22,7,-28.3770420838598
01-Aug-2026 00:54:08,-156.660938822257,-28.5539518757409,0,22,22,22,6,-28.5539518757409
01-Aug-2026 00:54:10,-157.890010819353,-29.783023872837,0,22,22,22,5,-29.783023872837
01-Aug-2026 00:54:12,-157.341968784568,-29.234981838052,0,22,22,22,5,-29.234981838052
01-Aug-2026 00:54:14,-158.2328890027,-30.1259020561837,0,22,22,22,6,-30.1259020561837
01-Aug-2026 00:54:16,-158.280234456947,-30.1732475104314,0,22,22,22,6,-30.1732475104314
01-Aug-2026 00:54:18,-157.996816394692,-29.8898294481764,0,23,23,23,6,-29.8898294481764
01-Aug-2026 00:54:20,-158.133055087607,-30.0260681410916,0,23,23,23,6,-30.0260681410916
01-Aug-2026 00:54:22,-158.745916602538,-30.6389296560218,0,22,22,22,5,-30.6389296560218
01-Aug-2026 00:54:24,-161.200152080887,-33.0931651343713,0,22,22,22,5,-33.0931651343713
01-Aug-2026 00:54:26,-160.480412105956,-32.3734251594406,0,22,22,22,6,-32.3734251594406
01-Aug-2026 00:54:28,-160.198233144294,-32.0912461977781,0,22,22,22,6,-32.0912461977781
01-Aug-2026 00:54:30,-159.97429458224,-31.8673076357246,0,22,22,22,6,-31.8673076357246
01-Aug-2026 00:54:32,-159.822010681021,-31.7150237345055,0,22,22,22,4,-31.7150237345055
01-Aug-2026 00:54:34,-159.821675490587,-31.7146885440714,0,22,22,22,4,-31.7146885440714
01-Aug-2026 00:54:36,-159.799001420061,-31.6920144735451,0,22,22,22,4,-31.6920144735451
01-Aug-2026 00:54:38,-159.7424617867,-31.6354748401845,0,22,22,22,4,-31.6354748401845
01-Aug-2026 00:54:40,-158.936327923221,-30.8293409767053,0,22,22,22,4,-30.8293409767053
01-Aug-2026 00:54:42,-159.649275911709,-31.5422889651928,0,22,22,22,4,-31.5422889651928
01-Aug-2026 00:54:44,-159.594156501455,-31.4871695549388,0,22,22,22,4,-31.4871695549388
01-Aug-2026 00:54:46,-159.120768075764,-31.013781129248,0,22,22,22,4,-31.013781129248
01-Aug-2026 00:54:48,-157.785570622789,-29.6785836762735,0,23,23,23,5,-29.6785836762735
01-Aug-2026 00:54:50,-158.341958304866,-30.2349713583503,0,23,23,23,5,-30.2349713583503
01-Aug-2026 00:54:52,-157.987099937253,-29.8801129907367,0,23,23,23,5,-29.8801129907367
01-Aug-2026 00:54:54,-158.104083364929,-29.9970964184128,0,23,23,23,5,-29.9970964184128
01-Aug-2026 00:54:56,-158.072890768296,-29.9659038217802,0,23,23,23,5,-29.9659038217802
01-Aug-2026 00:54:58,-159.830835436822,-31.7238484903058,0,23,23,23,6,-31.7238484903058
01-Aug-2026 00:55:00,-160.099767075467,-31.9927801289511,0,23,23,23,7,-31.9927801289511
01-Aug-2026 00:55:02,-160.172728101329,-32.0657411548127,0,23,23,23,6,-32.0657411548127
01-Aug-2026 00:55:04,-159.78195604004,-31.6749690935239,0,23,23,23,6,-31.6749690935239
01-Aug-2026 00:55:06,-159.635195212893,-31.5282082663768,0,23,23,23,5,-31.5282082663768
01-Aug-2026 00:55:08,-159.107190339364,-31.0002033928482,0,24,24,24,5,-31.0002033928482
01-Aug-2026 00:55:10,-159.578915114298,-31.4719281677824,0,25,25,25,5,-31.4719281677824
01-Aug-2026 00:55:12,-159.504166291042,-31.3971793445262,0,25,25,25,5,-31.3971793445262
01-Aug-2026 00:55:14,-181.290865112526,-53.1838781660103,0,25,25,25,3,-53.1838781660103
01-Aug-2026 00:55:16,-180.94207754432,-52.8350905978045,0,25,25,25,3,-52.8350905978045
01-Aug-2026 00:55:18,-180.630072530543,-52.5230855840268,0,25,25,25,3,-52.5230855840268
01-Aug-2026 00:55:20,-180.524948675571,-52.4179617290548,0,24,24,24,3,-52.4179617290548
01-Aug-2026 00:55:22,-180.225928871085,-52.1189419245695,0,25,25,25,3,-52.1189419245695
01-Aug-2026 00:55:24,-180.028407406377,-51.9214204598611,0,25,25,25,2,-51.9214204598611
01-Aug-2026 00:55:26,-180.293979608484,-52.1869926619686,0,25,25,25,2,-52.1869926619686
01-Aug-2026 00:55:28,-180.165885696297,-52.0588987497807,0,25,25,25,3,-52.0588987497807
01-Aug-2026 00:55:30,-180.603353204036,-52.4963662575201,0,25,25,25,3,-52.4963662575201
01-Aug-2026 00:55:32,-180.874451344688,-52.7674643981726,0,25,25,25,4,-52.7674643981726
01-Aug-2026 00:55:34,-179.983472306204,-51.8764853596877,0,25,25,25,5,-51.8764853596877
01-Aug-2026 00:55:36,-179.02234540573,-50.9153584592139,0,25,25,25,6,-50.9153584592139
01-Aug-2026 00:55:38,-179.139697902193,-51.0327109556774,0,25,25,25,6,-51.0327109556774
01-Aug-2026 00:55:40,-179.532602740931,-51.4256157944156,0,25,25,25,5,-51.4256157944156
01-Aug-2026 00:55:42,-179.666640100187,-51.5596531536715,0,26,26,26,5,-51.5596531536715
01-Aug-2026 00:55:44,-179.941981949448,-51.8349950029317,0,26,26,26,5,-51.8349950029317
01-Aug-2026 00:55:46,-180.796451880051,-52.6894649335355,0,26,26,26,5,-52.6894649335355
01-Aug-2026 00:55:48,-181.012483816831,-52.9054968703153,0,26,26,26,5,-52.9054968703153
01-Aug-2026 00:55:50,-181.064057457036,-52.9570705105201,0,26,26,26,5,-52.9570705105201
01-Aug-2026 00:55:52,-181.680429603576,-53.5734426570598,0,26,26,26,5,-53.5734426570598
01-Aug-2026 00:55:54,-182.334209140379,-54.2272221938635,0,26,26,26,5,-54.2272221938635
01-Aug-2026 00:55:56,-185.634211444879,-57.5272244983628,0,26,26,26,4,-57.5272244983628
01-Aug-2026 00:55:58,-185.769017203977,-57.6620302574614,0,26,26,26,3,-57.6620302574614
01-Aug-2026 00:56:00,-179.474682672738,-51.3676957262226,0,25,25,25,3,-51.3676957262226
01-Aug-2026 00:56:02,-179.45967851759,-51.3526915710739,0,25,25,25,3,-51.3526915710739
01-Aug-2026 00:56:04,-179.371207087942,-51.2642201414261,0,25,25,25,3,-51.2642201414261
01-Aug-2026 00:56:06,-180.480653083134,-52.3736661366178,0,25,25,25,2,-52.3736661366178
01-Aug-2026 00:56:08,-180.307407953677,-52.2004210071612,0,25,25,25,2,-52.2004210071612
01-Aug-2026 00:56:10,-165.179434112046,-37.0724471655305,0,25,25,25,4,-37.0724471655305
01-Aug-2026 00:56:12,-164.930337534934,-36.8233505884178,0,25,25,25,5,-36.8233505884178
01-Aug-2026 00:56:14,-164.443819450041,-36.3368325035255,0,25,25,25,6,-36.3368325035255
01-Aug-2026 00:56:16,-164.067016591237,-35.9600296447211,0,25,25,25,6,-35.9600296447211
01-Aug-2026 00:56:18,-163.066894853742,-34.9599079072259,0,25,25,25,5,-34.9599079072259
01-Aug-2026 00:56:20,-163.401854943501,-35.2948679969854,0,25,25,25,5,-35.2948679969854
01-Aug-2026 00:56:22,-163.258367277587,-35.1513803310713,0,25,25,25,5,-35.1513803310713
01-Aug-2026 00:56:24,-163.286640141958,-35.1796531954423,0,25,25,25,6,-35.1796531954423
01-Aug-2026 00:56:26,-176.160203435735,-48.0532164892189,0,25,25,25,5,-48.0532164892189
01-Aug-2026 00:56:28,-174.378752392948,-46.2717654464319,0,25,25,25,6,-46.2717654464319
01-Aug-2026 00:56:30,-174.274445779081,-46.1674588325653,0,25,25,25,6,-46.1674588325653
01-Aug-2026 00:56:32,-174.72688174146,-46.6198947949443,0,24,24,24,6,-46.6198947949443
01-Aug-2026 00:56:34,-174.615718725521,-46.5087317790054,0,24,24,24,6,-46.5087317790054
01-Aug-2026 00:56:36,-174.292052345421,-46.1850653989056,0,24,24,24,6,-46.1850653989056
01-Aug-2026 00:56:38,-174.056438169061,-45.9494512225447,0,24,24,24,6,-45.9494512225447
01-Aug-2026 00:56:40,-174.05805713961,-45.9510701930946,0,24,24,24,7,-45.9510701930946
01-Aug-2026 00:56:42,-174.284784325478,-46.1777973789626,0,24,24,24,6,-46.1777973789626
01-Aug-2026 00:56:44,-174.02085909276,-45.9138721462444,0,25,25,25,7,-45.9138721462444
01-Aug-2026 00:56:46,-185.819583227115,-57.7125962805994,0,25,25,25,5,-57.7125962805994
01-Aug-2026 00:56:48,-182.325949699755,-54.2189627532395,0,25,25,25,5,-54.2189627532395
01-Aug-2026 00:56:50,-159.854128278536,-31.7471413320204,0,25,25,25,7,-31.7471413320204
01-Aug-2026 00:56:52,-160.232863765487,-32.1258768189712,0,25,25,25,8,-32.1258768189712
01-Aug-2026 00:56:54,-167.143338698341,-39.0363517518256,0,25,25,25,7,-39.0363517518256
01-Aug-2026 00:56:56,-164.096931600559,-35.9899446540435,0,25,25,25,7,-35.9899446540435
01-Aug-2026 00:56:58,-163.416791779042,-35.3098048325263,0,23,23,23,6,-35.3098048325263
01-Aug-2026 00:57:00,-163.121643584753,-35.0146566382373,0,23,23,23,7,-35.0146566382373
01-Aug-2026 00:57:02,-162.88760882727,-34.780621880754,0,23,23,23,7,-34.780621880754
01-Aug-2026 00:57:04,-162.442957026827,-34.3359700803115,0,23,23,23,7,-34.3359700803115
01-Aug-2026 00:57:06,-162.102287705751,-33.995300759235,0,24,24,24,9,-33.995300759235
01-Aug-2026 00:57:08,-162.1314272421,-34.0244402955842,0,23,23,23,8,-34.0244402955842
01-Aug-2026 00:57:10,-162.15976950396,-34.0527825574443,0,23,23,23,8,-34.0527825574443
01-Aug-2026 00:57:12,-167.06698141084,-38.9599944643244,0,23,23,23,6,-38.9599944643244
01-Aug-2026 00:57:14,-167.488671260809,-39.3816843142927,0,23,23,23,6,-39.3816843142927
01-Aug-2026 00:57:16,-167.489645591204,-39.3826586446885,0,23,23,23,6,-39.3826586446885
01-Aug-2026 00:57:18,-163.440507937268,-35.3335209907517,0,24,24,24,7,-35.3335209907517
01-Aug-2026 00:57:20,-164.019199967099,-35.9122130205836,0,24,24,24,6,-35.9122130205836
01-Aug-2026 00:57:22,-164.214316060188,-36.1073291136721,0,23,23,23,6,-36.1073291136721
01-Aug-2026 00:57:24,-167.569549574777,-39.4625626282613,0,23,23,23,6,-39.4625626282613
01-Aug-2026 00:57:26,-167.06855097683,-38.9615640303144,0,23,23,23,6,-38.9615640303144
01-Aug-2026 00:57:28,-166.666083018515,-38.5590960719995,0,23,23,23,6,-38.5590960719995
01-Aug-2026 00:57:30,-166.718059280167,-38.6110723336513,0,23,23,23,6,-38.6110723336513
01-Aug-2026 00:57:32,-166.536200439746,-38.4292134932298,0,23,23,23,5,-38.4292134932298
01-Aug-2026 00:57:34,-166.299594110604,-38.1926071640879,0,23,23,23,5,-38.1926071640879
01-Aug-2026 00:57:36,-166.392168870393,-38.2851819238772,0,23,23,23,6,-38.2851819238772
01-Aug-2026 00:57:38,-166.845531385718,-38.7385444392023,0,23,23,23,6,-38.7385444392023
01-Aug-2026 00:57:40,-167.339363087203,-39.2323761406867,0,22,22,22,6,-39.2323761406867
01-Aug-2026 00:57:42,-167.401661617589,-39.2946746710735,0,22,22,22,7,-39.2946746710735
01-Aug-2026 00:57:44,-167.581862712265,-39.4748757657496,0,22,22,22,7,-39.4748757657496
01-Aug-2026 00:57:46,-167.383624310769,-39.2766373642527,0,22,22,22,6,-39.2766373642527
01-Aug-2026 00:57:48,-167.661489979877,-39.5545030333607,0,22,22,22,5,-39.5545030333607
01-Aug-2026 00:57:50,-168.077537281832,-39.9705503353165,0,22,22,22,5,-39.9705503353165
01-Aug-2026 00:57:52,-168.55949139733,-40.452504450814,0,22,22,22,5,-40.452504450814
01-Aug-2026 00:57:54,-169.113154208449,-41.006167261933,0,22,22,22,4,-41.006167261933
01-Aug-2026 00:57:56,-168.913016188976,-40.8060292424597,0,22,22,22,4,-40.8060292424597
01-Aug-2026 00:57:58,-169.428124812462,-41.3211378659466,0,22,22,22,3,-41.3211378659466
01-Aug-2026 00:58:00,-170.32802337077,-42.2210364242542,0,22,22,22,3,-42.2210364242542
01-Aug-2026 00:58:02,-170.17249699427,-42.0655100477541,0,22,22,22,5,-42.0655100477541
01-Aug-2026 00:58:04,-170.423870020968,-42.3168830744522,0,23,23,23,6,-42.3168830744522
01-Aug-2026 00:58:06,-171.002879071386,-42.8958921248697,0,23,23,23,6,-42.8958921248697
01-Aug-2026 00:58:08,-154.981124036677,-26.8741370901609,0,23,23,23,7,-26.8741370901609
01-Aug-2026 00:58:10,-171.639860631385,-43.5328736848693,0,23,23,23,7,-43.5328736848693
01-Aug-2026 00:58:12,-171.009521985962,-42.9025350394463,0,22,22,22,5,-42.9025350394463
01-Aug-2026 00:58:14,-171.398471178396,-43.2914842318797,0,22,22,22,5,-43.2914842318797
01-Aug-2026 00:58:16,-163.033792017245,-34.9268050707295,0,22,22,22,5,-34.9268050707295
01-Aug-2026 00:58:18,-163.06107277122,-34.9540858247041,0,22,22,22,5,-34.9540858247041
01-Aug-2026 00:58:20,-162.957387292002,-34.8504003454858,0,22,22,22,6,-34.8504003454858
01-Aug-2026 00:58:22,-163.661360268651,-35.5543733221353,0,22,22,22,6,-35.5543733221353
01-Aug-2026 00:58:24,-164.365910921633,-36.2589239751173,0,22,22,22,5,-36.2589239751173
01-Aug-2026 00:58:26,-164.427494868586,-36.3205079220706,0,22,22,22,5,-36.3205079220706
01-Aug-2026 00:58:28,-164.149588376705,-36.0426014301889,0,22,22,22,5,-36.0426014301889
01-Aug-2026 00:58:30,-164.182847360969,-36.0758604144528,0,22,22,22,4,-36.0758604144528
01-Aug-2026 00:58:32,-160.331002551914,-32.2240156053986,0,23,23,23,5,-32.2240156053986
01-Aug-2026 00:58:34,-159.985114203439,-31.8781272569231,0,23,23,23,6,-31.8781272569231
01-Aug-2026 00:58:36,-160.511087893716,-32.4041009471997,0,24,24,24,6,-32.4041009471997
01-Aug-2026 00:58:38,-160.688820788617,-32.5818338421011,0,23,23,23,6,-32.5818338421011
01-Aug-2026 00:58:40,-161.473118355139,-33.3661314086231,0,23,23,23,6,-33.3661314086231
01-Aug-2026 00:58:42,-161.420409809554,-33.3134228630382,0,23,23,23,7,-33.3134228630382
01-Aug-2026 00:58:44,-161.614174064624,-33.5071871181078,0,23,23,23,7,-33.5071871181078
01-Aug-2026 00:58:46,-163.735026640489,-35.6280396939732,0,23,23,23,5,-35.6280396939732
01-Aug-2026 00:58:48,-163.926852726371,-35.8198657798553,0,23,23,23,5,-35.8198657798553
01-Aug-2026 00:58:50,-164.14876327411,-36.0417763275944,0,23,23,23,5,-36.0417763275944
01-Aug-2026 00:58:52,-164.513346322623,-36.4063593761069,0,23,23,23,5,-36.4063593761069
01-Aug-2026 00:58:54,-165.651853298487,-37.5448663519714,0,23,23,23,4,-37.5448663519714
01-Aug-2026 00:58:56,-165.724076046481,-37.6170890999652,0,23,23,23,4,-37.6170890999652
01-Aug-2026 00:58:58,-164.978860055964,-36.871873109448,0,24,24,24,4,-36.871873109448
01-Aug-2026 00:59:00,-181.240112628398,-53.1331256818823,0,25,25,25,5,-53.1331256818823
01-Aug-2026 00:59:02,-181.890227310052,-53.7832403635362,0,25,25,25,4,-53.7832403635362
01-Aug-2026 00:59:04,-181.639158682167,-53.5321717356513,0,25,25,25,4,-53.5321717356513
01-Aug-2026 00:59:06,-170.064296031724,-41.9573090852084,0,26,26,26,3,-41.9573090852084
01-Aug-2026 00:59:08,-169.575621055312,-41.468634108796,0,26,26,26,4,-41.468634108796
01-Aug-2026 00:59:10,-169.860005059866,-41.7530181133498,0,25,25,25,5,-41.7530181133498
01-Aug-2026 00:59:12,-170.994560967502,-42.8875740209861,0,25,25,25,5,-42.8875740209861
01-Aug-2026 00:59:14,-169.667060903804,-41.5600739572881,0,25,25,25,5,-41.5600739572881
01-Aug-2026 00:59:16,-169.039722635818,-40.9327356893022,0,25,25,25,5,-40.9327356893022
01-Aug-2026 00:59:18,-168.801804569642,-40.6948176231262,0,25,25,25,5,-40.6948176231262
01-Aug-2026 00:59:20,-168.177947051655,-40.070960105139,0,25,25,25,4,-40.070960105139
01-Aug-2026 00:59:22,-167.801633891538,-39.694646945022,0,25,25,25,4,-39.694646945022
01-Aug-2026 00:59:24,-167.990594290574,-39.883607344058,0,25,25,25,5,-39.883607344058
01-Aug-2026 00:59:26,-167.752052214285,-39.6450652677688,0,25,25,25,5,-39.6450652677688
01-Aug-2026 00:59:28,-168.044148680676,-39.9371617341604,0,25,25,25,5,-39.9371617341604
01-Aug-2026 00:59:30,-167.782579155583,-39.6755922090669,0,25,25,25,5,-39.6755922090669
01-Aug-2026 00:59:32,-167.844431641635,-39.7374446951194,0,26,26,26,6,-39.7374446951194
01-Aug-2026 00:59:34,-167.260750947425,-39.1537640009093,0,26,26,26,7,-39.1537640009093
01-Aug-2026 00:59:36,-167.771293277378,-39.6643063308623,0,26,26,26,8,-39.6643063308623
01-Aug-2026 00:59:38,-164.621710518813,-36.5147235722972,0,26,26,26,10,-36.5147235722972
01-Aug-2026 00:59:40,-164.129512983922,-36.022526037406,0,26,26,26,9,-36.022526037406
01-Aug-2026 00:59:42,-164.046083017099,-35.9390960705834,0,26,26,26,8,-35.9390960705834
01-Aug-2026 00:59:44,-163.783849069879,-35.676862123363,0,26,26,26,8,-35.676862123363
01-Aug-2026 00:59:46,-163.355804043892,-35.2488170973763,0,26,26,26,9,-35.2488170973763
01-Aug-2026 00:59:48,-165.538255037437,-37.431268090921,0,26,26,26,8,-37.431268090921
01-Aug-2026 00:59:50,-162.737162292981,-34.6301753464656,0,25,25,25,7,-34.6301753464656
01-Aug-2026 00:59:52,-162.72277332277,-34.6157863762542,0,25,25,25,6,-34.6157863762542
01-Aug-2026 00:59:54,-162.329511303328,-34.2225243568124,0,25,25,25,6,-34.2225243568124
01-Aug-2026 00:59:56,-162.274403799643,-34.1674168531271,0,25,25,25,7,-34.1674168531271
01-Aug-2026 00:59:58,-161.643046519302,-33.5360595727864,0,25,25,25,7,-33.5360595727864
01-Aug-2026 01:00:00,-161.243555284833,-33.1365683383175,0,25,25,25,8,-33.1365683383175
01-Aug-2026 01:00:02,-161.250605191063,-33.1436182445476,0,25,25,25,8,-33.1436182445476
01-Aug-2026 01:00:04,-160.396863187315,-32.2898762407987,0,25,25,25,9,-32.2898762407987
01-Aug-2026 01:00:06,-164.578558531689,-36.4715715851734,0,25,25,25,7,-36.4715715851734
01-Aug-2026 01:00:08,-164.769827999817,-36.6628410533014,0,25,25,25,8,-36.6628410533014
01-Aug-2026 01:00:10,-164.931700255259,-36.824713308743,0,25,25,25,8,-36.824713308743
01-Aug-2026 01:00:12,-165.235716092822,-37.1287291463062,0,25,25,25,7,-37.1287291463062
01-Aug-2026 01:00:14,-165.135044538634,-37.0280575921179,0,25,25,25,7,-37.0280575921179
01-Aug-2026 01:00:16,-165.959176493169,-37.8521895466529,0,25,25,25,7,-37.8521895466529
01-Aug-2026 01:00:18,-140.26566975235,-12.1586828058342,0,25,25,25,8,-12.1586828058342
01-Aug-2026 01:00:20,-140.847803108655,-12.7408161621391,0,25,25,25,8,-12.7408161621391
01-Aug-2026 01:00:22,-141.221069197989,-13.114082251473,0,24,24,24,9,-13.114082251473
01-Aug-2026 01:00:24,-142.291202914897,-14.1842159683812,0,24,24,24,9,-14.1842159683812
01-Aug-2026 01:00:26,-142.684657224017,-14.5776702775011,0,24,24,24,8,-14.5776702775011
01-Aug-2026 01:00:28,-143.671276833451,-15.5642898869356,0,24,24,24,7,-15.5642898869356
01-Aug-2026 01:00:30,-143.981101088259,-15.8741141417433,0,24,24,24,7,-15.8741141417433
01-Aug-2026 01:00:32,-144.330361791127,-16.2233748446113,0,24,24,24,7,-16.2233748446113
01-Aug-2026 01:00:34,-143.905032803535,-15.7980458570187,0,24,24,24,7,-15.7980458570187
01-Aug-2026 01:00:36,-143.974559125524,-15.8675721790079,0,25,25,25,8,-15.8675721790079
01-Aug-2026 01:00:38,-186.631312490512,-58.5243255439966,0,25,25,25,7,-58.5243255439966
01-Aug-2026 01:00:40,-186.947976133929,-58.8409891874129,0,25,25,25,7,-58.8409891874129
01-Aug-2026 01:00:42,-187.227501488419,-59.1205145419029,0,25,25,25,6,-59.1205145419029
01-Aug-2026 01:00:44,-184.505296336438,-56.3983093899223,0,25,25,25,5,-56.3983093899223
01-Aug-2026 01:00:46,-184.330499646152,-56.2235126996361,0,24,24,24,5,-56.2235126996361
01-Aug-2026 01:00:48,-184.875798162672,-56.7688112161565,0,23,23,23,5,-56.7688112161565
01-Aug-2026 01:00:50,-184.463562258687,-56.3565753121709,0,23,23,23,6,-56.3565753121709
01-Aug-2026 01:00:52,-182.703693317145,-54.5967063706295,0,22,22,22,7,-54.5967063706295
01-Aug-2026 01:00:54,-182.847089673366,-54.7401027268503,0,22,22,22,7,-54.7401027268503
01-Aug-2026 01:00:56,-164.582767446617,-36.4757805001016,0,22,22,22,8,-36.4757805001016
01-Aug-2026 01:00:58,-163.911905859476,-35.8049189129605,0,22,22,22,8,-35.8049189129605
01-Aug-2026 01:01:00,-182.430239469953,-54.3232525234376,0,23,23,23,8,-54.3232525234376
01-Aug-2026 01:01:02,-182.571935600891,-54.4649486543747,0,23,23,23,8,-54.4649486543747
01-Aug-2026 01:01:04,-182.937609354579,-54.8306224080634,0,23,23,23,6,-54.8306224080634
01-Aug-2026 01:01:06,-183.106548679727,-54.9995617332116,0,23,23,23,4,-54.9995617332116
01-Aug-2026 01:01:08,-183.072169282034,-54.9651823355179,0,24,24,24,4,-54.9651823355179
01-Aug-2026 01:01:10,-183.117929981984,-55.0109430354681,0,24,24,24,4,-55.0109430354681
01-Aug-2026 01:01:12,-183.171275888047,-55.0642889415314,0,23,23,23,4,-55.0642889415314
01-Aug-2026 01:01:14,-183.215887586844,-55.1089006403278,0,23,23,23,4,-55.1089006403278
01-Aug-2026 01:01:16,-169.228804243486,-41.1218172969698,0,23,23,23,4,-41.1218172969698
01-Aug-2026 01:01:18,-182.481352591407,-54.3743656448915,0,23,23,23,4,-54.3743656448915
01-Aug-2026 01:01:20,-183.040767173045,-54.9337802265293,0,23,23,23,4,-54.9337802265293
01-Aug-2026 01:01:22,-183.125459931507,-55.0184729849915,0,23,23,23,4,-55.0184729849915
01-Aug-2026 01:01:24,-183.111173696492,-55.0041867499757,0,22,22,22,4,-55.0041867499757
01-Aug-2026 01:01:26,-182.791047650926,-54.6840607044105,0,22,22,22,4,-54.6840607044105
01-Aug-2026 01:01:28,-182.817084217421,-54.7100972709053,0,22,22,22,4,-54.7100972709053
01-Aug-2026 01:01:30,-183.105940739325,-54.9989537928088,0,22,22,22,4,-54.9989537928088
01-Aug-2026 01:01:32,-183.053036595507,-54.9460496489912,0,22,22,22,4,-54.9460496489912
01-Aug-2026 01:01:34,-183.108219243709,-55.0012322971926,0,22,22,22,4,-55.0012322971926
01-Aug-2026 01:01:36,-182.888483096774,-54.7814961502582,0,22,22,22,4,-54.7814961502582
01-Aug-2026 01:01:38,-182.800457495307,-54.6934705487907,0,22,22,22,4,-54.6934705487907
01-Aug-2026 01:01:40,-187.9907056653,-59.8837187187841,0,22,22,22,3,-59.8837187187841
01-Aug-2026 01:01:42,-189.931908399922,-61.8249214534066,0,22,22,22,2,-61.8249214534066
01-Aug-2026 01:01:44,-179.746955189847,-51.6399682433315,0,22,22,22,3,-51.6399682433315
01-Aug-2026 01:01:46,-179.882676187115,-51.7756892405987,0,22,22,22,4,-51.7756892405987
01-Aug-2026 01:01:48,-179.073111708947,-50.9661247624309,0,23,23,23,4,-50.9661247624309
01-Aug-2026 01:01:50,-188.524097609535,-60.4171106630191,0,23,23,23,3,-60.4171106630191
01-Aug-2026 01:01:52,-188.773694995085,-60.6667080485688,0,23,23,23,3,-60.6667080485688
01-Aug-2026 01:01:54,-192.971385850465,-64.8643989039489,0,23,23,23,2,-64.8643989039489
01-Aug-2026 01:01:56,-192.941667540365,-64.8346805938489,0,23,23,23,2,-64.8346805938489
01-Aug-2026 01:01:58,-192.820543917383,-64.7135569708673,0,23,23,23,2,-64.7135569708673
01-Aug-2026 01:02:00,-157.768240561278,-29.6612536147623,0,23,23,23,3,-29.6612536147623
01-Aug-2026 01:02:02,-157.86390041074,-29.7569134642245,0,22,22,22,3,-29.7569134642245
01-Aug-2026 01:02:04,-157.971809463345,-29.8648225168288,0,22,22,22,3,-29.8648225168288
01-Aug-2026 01:02:06,-177.207729885117,-49.1007429386007,0,22,22,22,2,-49.1007429386007
01-Aug-2026 01:02:08,-177.115433393556,-49.0084464470405,0,22,22,22,2,-49.0084464470405
01-Aug-2026 01:02:10,-176.556495311753,-48.4495083652375,0,22,22,22,3,-48.4495083652375
01-Aug-2026 01:02:12,-176.830019506862,-48.723032560346,0,22,22,22,3,-48.723032560346
01-Aug-2026 01:02:14,-176.517400669123,-48.4104137226067,0,22,22,22,3,-48.4104137226067
01-Aug-2026 01:02:16,-175.534510178391,-47.4275232318754,0,22,22,22,4,-47.4275232318754
01-Aug-2026 01:02:18,-175.696784056501,-47.5897971099848,0,22,22,22,3,-47.5897971099848
01-Aug-2026 01:02:20,-163.678419772221,-35.5714328257048,0,22,22,22,4,-35.5714328257048
01-Aug-2026 01:02:22,-163.303208927676,-35.19622198116,0,22,22,22,4,-35.19622198116
01-Aug-2026 01:02:24,-162.996255991601,-34.8892690450847,0,24,24,24,4,-34.8892690450847
01-Aug-2026 01:02:26,-162.900907604241,-34.7939206577253,0,24,24,24,4,-34.7939206577253
01-Aug-2026 01:02:28,-160.38857787925,-32.2815909327342,0,24,24,24,5,-32.2815909327342
01-Aug-2026 01:02:30,-160.351957815178,-32.2449708686625,0,24,24,24,4,-32.2449708686625
01-Aug-2026 01:02:32,-162.367837322339,-34.260850375823,0,24,24,24,3,-34.260850375823
01-Aug-2026 01:02:34,-162.172756024968,-34.0657690784519,0,23,23,23,3,-34.0657690784519
01-Aug-2026 01:02:36,-162.239455679012,-34.1324687324957,0,23,23,23,3,-34.1324687324957
01-Aug-2026 01:02:38,-162.269058906081,-34.1620719595649,0,23,23,23,3,-34.1620719595649
01-Aug-2026 01:02:40,-160.068303688098,-31.9613167415818,0,23,23,23,4,-31.9613167415818
01-Aug-2026 01:02:42,-160.116236168925,-32.0092492224092,0,23,23,23,4,-32.0092492224092
01-Aug-2026 01:02:44,-160.121928279967,-32.0149413334512,0,23,23,23,4,-32.0149413334512
01-Aug-2026 01:02:46,-162.116305371861,-34.0093184253452,0,23,23,23,3,-34.0093184253452
01-Aug-2026 01:02:48,-161.36820841637,-33.2612214698543,0,25,25,25,3,-33.2612214698543
01-Aug-2026 01:02:50,-160.067962719112,-31.960975772596,0,26,26,26,4,-31.960975772596
01-Aug-2026 01:02:52,-160.008699310424,-31.9017123639086,0,26,26,26,5,-30.7780577426857
01-Aug-2026 01:02:54,-160.368476654875,-32.2614897083596,0,26,26,26,6,-31.1471651642332
01-Aug-2026 01:02:56,-160.328168033001,-32.2211810864852,0,26,26,26,5,-32.2211810864852
01-Aug-2026 01:02:58,-161.831421586609,-33.7244346400934,0,26,26,26,4,-33.7244346400934
01-Aug-2026 01:03:00,-161.328804378,-33.2218174314842,0,25,25,25,3,-33.2218174314842
01-Aug-2026 01:03:02,-160.366754630729,-32.2597676842134,0,25,25,25,3,-32.2597676842134
01-Aug-2026 01:03:04,-160.20763456967,-32.1006476231541,0,25,25,25,3,-32.1006476231541
01-Aug-2026 01:03:06,-183.294606217007,-55.1876192704914,0,25,25,25,2,-55.1876192704914
01-Aug-2026 01:03:08,-183.165069278194,-55.0580823316782,0,25,25,25,3,-55.0580823316782
01-Aug-2026 01:03:10,-183.2938006918,-55.1868137452838,0,25,25,25,3,-55.1868137452838
01-Aug-2026 01:03:12,-184.681580676702,-56.5745937301859,0,25,25,25,2,-56.5745937301859
01-Aug-2026 01:03:14,-184.764131620708,-56.657144674192,0,25,25,25,2,-56.657144674192
01-Aug-2026 01:03:16,-185.001605174355,-56.8946182278387,0,25,25,25,2,-56.8946182278387
01-Aug-2026 01:03:18,-183.315689887394,-55.2087029408785,0,25,25,25,3,-55.2087029408785
01-Aug-2026 01:03:20,-183.32692647655,-55.2199395300339,0,26,26,26,3,-55.2199395300339
01-Aug-2026 01:03:22,-183.903951406625,-55.7969644601094,0,26,26,26,3,-55.7969644601094
01-Aug-2026 01:03:24,-183.761852417154,-55.6548654706384,0,26,26,26,3,-55.6548654706384
01-Aug-2026 01:03:26,-183.807359985689,-55.7003730391729,0,26,26,26,3,-55.7003730391729
01-Aug-2026 01:03:28,-184.800629423829,-56.6936424773127,0,26,26,26,2,-56.6936424773127
01-Aug-2026 01:03:30,-184.744843445389,-56.637856498873,0,26,26,26,2,-56.637856498873
01-Aug-2026 01:03:32,-187.770163533546,-59.6631765870297,0,26,26,26,1,-59.6631765870297
01-Aug-2026 01:03:34,-164.894225756919,-36.7872388104026,0,26,26,26,3,-36.7872388104026
01-Aug-2026 01:03:36,-164.518413863595,-36.4114269170786,0,26,26,26,3,-36.4114269170786
01-Aug-2026 01:03:38,-164.696501296628,-36.5895143501117,0,26,26,26,3,-36.5895143501117
01-Aug-2026 01:03:40,-162.177798388402,-34.0708114418861,0,25,25,25,4,-34.0708114418861
01-Aug-2026 01:03:42,-162.788093638073,-34.6811066915569,0,25,25,25,4,-34.6811066915569
01-Aug-2026 01:03:44,-163.404193829015,-35.2972068824989,0,25,25,25,4,-35.2972068824989
01-Aug-2026 01:03:46,-169.011335700761,-40.9043487542451,0,25,25,25,4,-40.9043487542451
01-Aug-2026 01:03:48,-169.76005895646,-41.6530720099444,0,25,25,25,4,-41.6530720099444
01-Aug-2026 01:03:50,-183.027942285161,-54.9209553386449,0,25,25,25,4,-54.9209553386449
01-Aug-2026 01:03:52,-181.372528311248,-53.2655413647317,0,25,25,25,5,-53.2655413647317
01-Aug-2026 01:03:54,-181.417153980087,-53.3101670335712,0,25,25,25,5,-53.3101670335712
01-Aug-2026 01:03:56,-181.625304816038,-53.5183178695224,0,25,25,25,5,-53.5183178695224
01-Aug-2026 01:03:58,-181.37748735957,-53.2705004130541,0,25,25,25,6,-53.2705004130541
01-Aug-2026 01:04:00,-176.428876063096,-48.3218891165801,0,25,25,25,5,-48.3218891165801
01-Aug-2026 01:04:02,-176.444914849616,-48.3379279030998,0,25,25,25,6,-48.3379279033899
01-Aug-2026 01:04:04,-176.819052568485,-48.7120656219691,0,25,25,25,6,-48.7120656276215
01-Aug-2026 01:04:06,-177.293170136296,-49.1861831897802,0,25,25,25,4,-49.1861831897802
01-Aug-2026 01:04:08,-177.170417900181,-49.0634309536648,0,25,25,25,4,-49.0634309536648
01-Aug-2026 01:04:10,-185.790870173265,-57.6838832267496,0,25,25,25,3,-57.6838832267496
01-Aug-2026 01:04:12,-178.03667336974,-49.9296864232243,0,24,24,24,4,-49.9296864232243
01-Aug-2026 01:04:14,-186.270226793773,-58.163239847257,0,24,24,24,3,-58.163239847257
01-Aug-2026 01:04:16,-186.458154449413,-58.3511675028968,0,24,24,24,3,-58.3511675028968
01-Aug-2026 01:04:18,-190.019070181977,-61.9120832354609,0,24,24,24,2,-61.9120832354609
01-Aug-2026 01:04:20,-189.318194834463,-61.2112078879473,0,24,24,24,3,-61.2112078879473
01-Aug-2026 01:04:22,-189.66179914861,-61.554812202094,0,24,24,24,3,-61.554812202094
01-Aug-2026 01:04:24,-187.968503588134,-59.8615166416182,0,24,24,24,4,-59.8615166416182
01-Aug-2026 01:04:26,-187.814314124373,-59.7073271778573,0,25,25,25,4,-59.7073271778573
01-Aug-2026 01:04:28,-187.865284639889,-59.7582976933733,0,25,25,25,4,-59.7582976933733
01-Aug-2026 01:04:30,-187.885431011409,-59.7784440648929,0,25,25,25,4,-59.7784440648929
01-Aug-2026 01:04:32,-187.792815516631,-59.6858285701149,0,25,25,25,4,-59.6858285701149
01-Aug-2026 01:04:34,-188.252677578007,-60.1456906314911,0,23,23,23,4,-60.1456906314911
01-Aug-2026 01:04:36,-190.049691798522,-61.9427048520061,0,22,22,22,3,-61.9427048520061
01-Aug-2026 01:04:38,-190.358093575758,-62.2511066292417,0,22,22,22,3,-62.2511066292417
01-Aug-2026 01:04:40,-191.873468886446,-63.76648193993,0,22,22,22,2,-63.76648193993
01-Aug-2026 01:04:42,-185.102376261053,-56.9953893145373,0,22,22,22,3,-56.9953893145373
01-Aug-2026 01:04:44,-184.91911711722,-56.8121301707043,0,22,22,22,5,-18.6371124971113
01-Aug-2026 01:04:46,-172.018133666928,-43.911146720412,0,22,22,22,6,-18.4514317489248
01-Aug-2026 01:04:48,-172.058036122521,-43.9510491760052,0,22,22,22,6,-17.7636686679135
01-Aug-2026 01:04:50,-182.913581571686,-54.8065946251705,0,22,22,22,5,-54.8065946251705
01-Aug-2026 01:04:52,-182.972609276234,-54.8656223297177,0,22,22,22,5,-54.8656223297177
01-Aug-2026 01:04:54,-182.670735164269,-54.563748217753,0,22,22,22,5,-54.563748217753
01-Aug-2026 01:04:56,-181.680014575186,-53.5730276286699,0,23,23,23,7,-53.5730276286699
01-Aug-2026 01:04:58,-181.437162257555,-53.3301753110393,0,24,24,24,6,-53.3301753110393
01-Aug-2026 01:05:00,-180.979386232395,-52.8723992858792,0,24,24,24,6,-52.8723992858792
01-Aug-2026 01:05:02,-180.870093574102,-52.7631066275865,0,23,23,23,6,-52.7631066275865
01-Aug-2026 01:05:04,-180.82059908833,-52.713612141814,0,23,23,23,5,-52.713612141814
01-Aug-2026 01:05:06,-154.912600917554,-26.805613971038,0,23,23,23,6,-26.805613971038
01-Aug-2026 01:05:08,-155.801798749674,-27.6948118031585,0,23,23,23,7,-27.6948118031585
01-Aug-2026 01:05:10,-155.965061951393,-27.858075004877,0,22,22,22,7,-27.858075004877
01-Aug-2026 01:05:12,-168.730039853083,-40.6230529065668,0,22,22,22,7,-40.6230529065668
01-Aug-2026 01:05:14,-169.137541618772,-41.0305546722563,0,22,22,22,7,-41.0305546722563
01-Aug-2026 01:05:16,-169.06714248107,-40.9601555345545,0,22,22,22,7,-40.9601555345545
01-Aug-2026 01:05:18,-167.52910860567,-39.4221216591537,0,22,22,22,8,-39.4221216591537
01-Aug-2026 01:05:20,-167.152216496635,-39.0452295501191,0,22,22,22,7,-39.0452295501191
01-Aug-2026 01:05:22,-166.911133437073,-38.8041464905569,0,22,22,22,9,-38.8041464905569
01-Aug-2026 01:05:24,-166.601879919771,-38.494892973255,0,22,22,22,9,-38.494892973255
01-Aug-2026 01:05:26,-170.236931751585,-42.129944805069,0,22,22,22,7,-42.129944805069
01-Aug-2026 01:05:28,-170.413550383535,-42.3065634370196,0,22,22,22,7,-42.3065634370196
01-Aug-2026 01:05:30,-170.219941418008,-42.1129544714926,0,22,22,22,6,-42.1129544714926
01-Aug-2026 01:05:32,-169.904726380863,-41.7977394343472,0,22,22,22,6,-41.7977394343472
01-Aug-2026 01:05:34,-169.593463059073,-41.4864761125573,0,23,23,23,5,-41.4864761125573
01-Aug-2026 01:05:36,-179.080947132955,-50.973960186439,0,23,23,23,4,-50.973960186439
01-Aug-2026 01:05:38,-179.930464068035,-51.8234771215188,0,23,23,23,3,-51.8234771215188
01-Aug-2026 01:05:40,-180.062278312722,-51.9552913662064,0,23,23,23,3,-51.9552913662064
01-Aug-2026 01:05:42,-179.418790478061,-51.3118035315449,0,23,23,23,4,-51.3118035315449
01-Aug-2026 01:05:44,-180.225230457799,-52.1182435112833,0,23,23,23,4,-52.1182435112833
01-Aug-2026 01:05:46,-180.134359988838,-52.0273730423219,0,23,23,23,4,-52.0273730423219
01-Aug-2026 01:05:48,-180.21891689506,-52.1119299485439,0,23,23,23,4,-52.1119299485439
01-Aug-2026 01:05:50,-180.537497429208,-52.4305104826926,0,23,23,23,4,-52.4305104826926
01-Aug-2026 01:05:52,-180.836008487114,-52.7290215405981,0,22,22,22,4,-52.7290215405981
01-Aug-2026 01:05:54,-181.146772713871,-53.0397857673549,0,22,22,22,4,-53.0397857673549
01-Aug-2026 01:05:56,-181.203664920142,-53.0966779736262,0,22,22,22,3,-53.0966779736262
01-Aug-2026 01:05:58,-181.387251469002,-53.2802645224859,0,22,22,22,3,-53.2802645224859
01-Aug-2026 01:06:00,-180.660623653371,-52.5536367068547,0,22,22,22,3,-52.5536367068547
01-Aug-2026 01:06:02,-181.882401130431,-53.7754141839148,0,22,22,22,2,-53.7754141839148
01-Aug-2026 01:06:04,-181.866365936659,-53.7593789901435,0,22,22,22,2,-53.7593789901435
01-Aug-2026 01:06:06,-192.414849041086,-64.3078620945704,0,22,22,22,1,-64.3078620945704
01-Aug-2026 01:06:08,-192.431663391357,-64.324676444841,0,22,22,22,1,-64.324676444841
01-Aug-2026 01:06:10,-192.518467248568,-64.4114803020518,0,22,22,22,1,-64.4114803020518
01-Aug-2026 01:06:12,-192.489292371174,-64.3823054246585,0,23,23,23,1,-64.3823054246585
01-Aug-2026 01:06:14,-190.687475234485,-62.5804882879691,0,24,24,24,2,-62.5804882879691
01-Aug-2026 01:06:16,-190.679142164012,-62.5721552174961,0,24,24,24,2,-62.5721552174961
01-Aug-2026 01:06:18,-190.516867922882,-62.4098809763658,0,24,24,24,2,-62.4098809763658
01-Aug-2026 01:06:20,-190.941885768813,-62.8348988222971,0,24,24,24,2,-62.8348988222971
01-Aug-2026 01:06:22,-199.064626160532,-70.9576392140165,0,24,24,24,1,-70.9576392140165
01-Aug-2026 01:06:24,-192.436645461346,-64.3296585148302,0,24,24,24,2,-64.3296585148302
01-Aug-2026 01:06:26,-193.142285609659,-65.0352986631428,0,24,24,24,2,-65.0352986631428
01-Aug-2026 01:06:28,-198.676658625492,-70.569671678976,0,23,23,23,1,-70.569671678976
01-Aug-2026 01:06:30,-196.955863722541,-68.8488767760253,0,23,23,23,1,-68.8488767760253
01-Aug-2026 01:06:32,-170.904656140113,-42.7976691935976,0,24,24,24,2,-42.7976691935976
01-Aug-2026 01:06:34,-171.146630318917,-43.0396433724012,0,24,24,24,2,-43.0396433724012
01-Aug-2026 01:06:36,-170.243987853839,-42.1370009073228,0,24,24,24,2,-42.1370009073228
01-Aug-2026 01:06:38,-169.784459888178,-41.6774729416626,0,26,26,26,3,-41.6774729416626
01-Aug-2026 01:06:40,-170.272737020462,-42.1657500739458,0,26,26,26,3,-42.1657500739458
01-Aug-2026 01:06:42,-170.312265235848,-42.2052782893325,0,26,26,26,3,-42.2052782893325
01-Aug-2026 01:06:44,-170.916244684622,-42.8092577381065,0,26,26,26,4,-42.8092577381065
01-Aug-2026 01:06:46,-171.713030117047,-43.6060431705316,0,26,26,26,4,-43.6060431705316
01-Aug-2026 01:06:48,-171.149688482439,-43.0427015359233,0,26,26,26,5,-43.0427015359233
01-Aug-2026 01:06:50,-171.136664510937,-43.0296775644207,0,26,26,26,5,-43.0296775644207
01-Aug-2026 01:06:52,-170.817521012237,-42.7105340657207,0,25,25,25,5,-42.7105340657207
01-Aug-2026 01:06:54,-171.240810914593,-43.1338239680773,0,25,25,25,5,-43.1338239680773
01-Aug-2026 01:06:56,-171.160265381788,-43.0532784352717,0,25,25,25,6,-43.0532784352717
01-Aug-2026 01:06:58,-171.574064085054,-43.4670771385383,0,25,25,25,6,-43.4670771385383
01-Aug-2026 01:07:00,-171.2979561224,-43.1909691758837,0,25,25,25,5,-43.1909691758837
01-Aug-2026 01:07:02,-171.440286885552,-43.3332999390363,0,25,25,25,4,-43.3332999390363
01-Aug-2026 01:07:04,-170.332430812825,-42.2254438663093,0,25,25,25,5,-42.2254438663093
01-Aug-2026 01:07:06,-168.931093852045,-40.8241069055293,0,25,25,25,5,-40.8241069055293
01-Aug-2026 01:07:08,-168.471625586258,-40.364638639742,0,25,25,25,5,-40.364638639742
01-Aug-2026 01:07:10,-168.481873926908,-40.3748869803918,0,26,26,26,5,-40.3748869803918
01-Aug-2026 01:07:12,-168.292366521416,-40.1853795749,0,26,26,26,6,-40.1853795749
01-Aug-2026 01:07:14,-168.337802885518,-40.230815939002,0,26,26,26,6,-40.230815939002
01-Aug-2026 01:07:16,-177.517869478895,-49.4108825323789,0,26,26,26,5,-49.4108825323789
01-Aug-2026 01:07:18,-177.32499722341,-49.2180102768938,0,26,26,26,5,-49.2180102768938
01-Aug-2026 01:07:20,-177.559006273429,-49.4520193269136,0,26,26,26,5,-49.4520193269136
01-Aug-2026 01:07:22,-177.318683554379,-49.2116966078633,0,26,26,26,5,-49.2116966078633
01-Aug-2026 01:07:24,-176.654753351932,-48.5477664054159,0,26,26,26,6,-48.5477664054159
01-Aug-2026 01:07:26,-177.115871206676,-49.0088842601604,0,26,26,26,6,-49.0088842601604
01-Aug-2026 01:07:28,-176.972457504198,-48.8654705576821,0,25,25,25,6,-48.8654705576821
01-Aug-2026 01:07:30,-176.803566250634,-48.6965793041186,0,25,25,25,6,-48.6965793041186
01-Aug-2026 01:07:32,-176.702745908034,-48.5957589615184,0,25,25,25,7,-48.5957589615184
01-Aug-2026 01:07:34,-177.162318145943,-49.0553311994269,0,25,25,25,7,-49.0553311994269
01-Aug-2026 01:07:36,-177.403888838582,-49.2969018920663,0,25,25,25,6,-49.2969018920663
01-Aug-2026 01:07:38,-177.933752864593,-49.8267659180769,0,25,25,25,6,-49.8267659180769
01-Aug-2026 01:07:40,-177.992201155901,-49.8852142093847,0,25,25,25,6,-49.8852142093847
01-Aug-2026 01:07:42,-178.052893423866,-49.9459064773506,0,25,25,25,6,-49.9459064773506
01-Aug-2026 01:07:44,-178.273024039539,-50.1660370930236,0,25,25,25,6,-50.1660370930236
01-Aug-2026 01:07:46,-178.533005615784,-50.4260186692685,0,25,25,25,6,-50.4260186692685
01-Aug-2026 01:07:48,-178.300305713739,-50.1933187672228,0,25,25,25,5,-50.1933187672228
01-Aug-2026 01:07:50,-178.197918257724,-50.0909313112083,0,25,25,25,6,-50.0909313112083
01-Aug-2026 01:07:52,-178.054512870259,-49.9475259237429,0,25,25,25,7,-49.9475259237429
01-Aug-2026 01:07:54,-178.656383362152,-50.5493964156366,0,25,25,25,6,-50.5493964156366
01-Aug-2026 01:07:56,-178.508303393424,-50.401316446908,0,25,25,25,7,-50.401316446908
01-Aug-2026 01:07:58,-178.692223258487,-50.5852363119707,0,25,25,25,7,-50.5852363119707
01-Aug-2026 01:08:00,-155.5874046699,-27.4804177233843,0,25,25,25,9,-27.4804177233843
01-Aug-2026 01:08:02,-154.451786511982,-26.3447995654662,0,24,24,24,8,-26.3447995654662
01-Aug-2026 01:08:04,-154.287657168845,-26.1806702223294,0,24,24,24,7,-26.1806702223294
01-Aug-2026 01:08:06,-153.586277444192,-25.4792904976761,0,24,24,24,7,-25.4792904976761
01-Aug-2026 01:08:08,-153.152963851261,-25.045976904745,0,24,24,24,6,-25.045976904745
01-Aug-2026 01:08:10,-153.250905540987,-25.1439185944708,0,24,24,24,7,-25.1439185944708
01-Aug-2026 01:08:12,-152.743183113959,-24.6361961674432,0,24,24,24,6,-24.6361961674432
01-Aug-2026 01:08:14,-152.229952886444,-24.1229659399284,0,24,24,24,6,-24.1229659399284
01-Aug-2026 01:08:16,-151.776770107685,-23.6697831611696,0,24,24,24,7,-23.6697831611696
01-Aug-2026 01:08:18,-151.902585808262,-23.7955988617465,0,24,24,24,5,-23.7955988617465
01-Aug-2026 01:08:20,-160.198798469076,-32.0918115225597,0,24,24,24,5,-32.0918115225597
01-Aug-2026 01:08:22,-154.831821844555,-26.7248348980387,0,23,23,23,5,-26.7248348980387
01-Aug-2026 01:08:24,-160.779496119126,-32.6725091726101,0,23,23,23,4,-26.5803766835792
01-Aug-2026 01:08:26,-160.088932206181,-31.9819452596649,0,22,22,22,4,-26.2401028316337
01-Aug-2026 01:08:28,-159.918862011169,-31.8118750646535,0,22,22,22,4,-25.5764056680064
01-Aug-2026 01:08:30,-180.941910046171,-52.8349230996555,0,22,22,22,3,-52.8349230996555
01-Aug-2026 01:08:32,-181.176023093078,-53.0690361465626,0,22,22,22,2,-53.0690361465626
01-Aug-2026 01:08:34,-181.273292977023,-53.1663060305073,0,22,22,22,2,-53.1663060305073
01-Aug-2026 01:08:36,-167.281311664043,-39.1743247175273,0,22,22,22,3,-39.1743247175273
01-Aug-2026 01:08:38,-167.49505409398,-39.3880671474646,0,22,22,22,3,-39.3880671474646
01-Aug-2026 01:08:40,-167.36224835248,-39.2552614059639,0,22,22,22,3,-39.2552614059639
01-Aug-2026 01:08:42,-167.047661004078,-38.9406740575625,0,22,22,22,3,-38.9406740575625
01-Aug-2026 01:08:44,-166.733339285776,-38.6263523392601,0,22,22,22,4,-38.6263523392601
01-Aug-2026 01:08:46,-166.724349491371,-38.6173625448551,0,22,22,22,5,-38.6173625448551
01-Aug-2026 01:08:48,-167.048697145487,-38.9417101989716,0,23,23,23,5,-38.9417101989716
01-Aug-2026 01:08:50,-167.434072485394,-39.3270855388777,0,24,24,24,5,-39.3270855388777
01-Aug-2026 01:08:52,-167.847491896256,-39.7405049497404,0,24,24,24,5,-39.7405049497404
01-Aug-2026 01:08:54,-167.713542093858,-39.6065551473423,0,22,22,22,4,-39.6065551473423
01-Aug-2026 01:08:56,-167.398291257188,-39.2913043106724,0,22,22,22,4,-39.2913043106724
01-Aug-2026 01:08:58,-167.871188341327,-39.7642013948106,0,22,22,22,4,-39.7642013948106
01-Aug-2026 01:09:00,-167.103277002934,-38.9962900564181,0,22,22,22,4,-38.9962900564181
01-Aug-2026 01:09:02,-166.98089538792,-38.873908441404,0,22,22,22,4,-38.873908441404
01-Aug-2026 01:09:04,-167.297178550704,-39.190191604188,0,22,22,22,4,-39.190191604188
01-Aug-2026 01:09:06,-166.968748963042,-38.8617620165265,0,22,22,22,4,-38.8617620165265
01-Aug-2026 01:09:08,-166.743054664328,-38.6360677178121,0,22,22,22,4,-38.6360677178121
01-Aug-2026 01:09:10,-166.678907928197,-38.5719209816806,0,22,22,22,4,-38.5719209816806
01-Aug-2026 01:09:12,-167.228765738112,-39.121778791596,0,22,22,22,5,-39.121778791596
01-Aug-2026 01:09:14,-166.846212320427,-38.7392253739114,0,22,22,22,5,-38.7392253739114
01-Aug-2026 01:09:16,-166.790690706748,-38.6837037602323,0,22,22,22,7,-38.6837037602323
01-Aug-2026 01:09:18,-167.114160711817,-39.0071737653016,0,23,23,23,7,-39.0071737653016
01-Aug-2026 01:09:20,-183.180759673964,-55.0737727274478,0,23,23,23,6,-55.0737727274478
01-Aug-2026 01:09:22,-181.016465136493,-52.9094781899767,0,23,23,23,7,-52.9094781899767
01-Aug-2026 01:09:24,-180.851230608752,-52.7442436622363,0,23,23,23,7,-52.7442436622363
01-Aug-2026 01:09:26,-180.611578446617,-52.5045915001008,0,23,23,23,8,-52.5045915001008
01-Aug-2026 01:09:28,-180.446376948179,-52.3393900016635,0,23,23,23,8,-52.3393900016635
01-Aug-2026 01:09:30,-182.302212363819,-54.1952254173029,0,23,23,23,7,-54.1952254173029
01-Aug-2026 01:09:32,-181.960112915734,-53.8531259692184,0,23,23,23,7,-53.8531259692184
01-Aug-2026 01:09:34,-181.946113496236,-53.8391265497204,0,23,23,23,8,-24.7383573066314
01-Aug-2026 01:09:36,-182.407547594574,-54.3005606480579,0,23,23,23,7,-24.9712453372378
01-Aug-2026 01:09:38,-182.744455552642,-54.6374686061259,0,23,23,23,7,-24.1004223622285
01-Aug-2026 01:09:40,-164.45131430905,-36.3443273625344,0,23,23,23,8,-24.0429787201139
01-Aug-2026 01:09:42,-152.488060931239,-24.3810739847228,0,22,22,22,7,-24.3810739847228
01-Aug-2026 01:09:44,-152.672263794698,-24.565276848182,0,22,22,22,7,-24.565276848182
01-Aug-2026 01:09:46,-153.514603847392,-25.4076169008764,0,22,22,22,7,-25.4076169008764
01-Aug-2026 01:09:48,-153.891120594942,-25.7841336484262,0,22,22,22,7,-25.7841336484262
01-Aug-2026 01:09:50,-154.20911669553,-26.1021297490144,0,22,22,22,6,-26.1021297490144
01-Aug-2026 01:09:52,-155.427277838637,-27.3202908921216,0,22,22,22,5,-27.3202908921216
01-Aug-2026 01:09:54,-156.478571029512,-28.3715840829965,0,22,22,22,4,-28.3715840829965
01-Aug-2026 01:09:56,-168.447250466133,-40.3402635196176,0,22,22,22,5,-40.3402635196176
01-Aug-2026 01:09:58,-167.772413492113,-39.6654265455972,0,22,22,22,5,-39.6654265455972
01-Aug-2026 01:10:00,-167.492415539841,-39.3854285933256,0,23,23,23,5,-39.3854285933256
01-Aug-2026 01:10:02,-166.915480816526,-38.8084938700099,0,23,23,23,5,-38.8084938700099
01-Aug-2026 01:10:04,-166.868948883281,-38.761961936765,0,23,23,23,4,-38.761961936765
01-Aug-2026 01:10:06,-166.419821469275,-38.3128345227592,0,24,24,24,5,-38.3128345227592
01-Aug-2026 01:10:08,-166.566732792396,-38.4597458458801,0,24,24,24,6,-38.4597458458801
01-Aug-2026 01:10:10,-166.742874814278,-38.6358878677617,0,24,24,24,7,-38.6358878677617
01-Aug-2026 01:10:12,-167.642924866199,-39.5359379196832,0,24,24,24,7,-39.5359379196832
01-Aug-2026 01:10:14,-179.804918880002,-51.6979319334859,0,25,25,25,7,-38.5347750924087
01-Aug-2026 01:10:16,-177.293091798381,-49.1861048518649,0,25,25,25,8,-38.2273607356879
01-Aug-2026 01:10:18,-177.509246546071,-49.4022595995555,0,25,25,25,8,-38.9782051406359
01-Aug-2026 01:10:20,-177.500598682589,-49.3936117360728,0,25,25,25,7,-49.3936117360728
01-Aug-2026 01:10:22,-165.881938817822,-37.7749518713064,0,24,24,24,8,-37.7749518713064
01-Aug-2026 01:10:24,-161.322577588511,-33.2155906419948,0,24,24,24,9,-33.2155906419948
01-Aug-2026 01:10:26,-161.18944104372,-33.0824540972044,0,24,24,24,8,-33.0824540972044
01-Aug-2026 01:10:28,-165.099134143778,-36.9921471972623,0,26,26,26,9,-36.9921471972623
01-Aug-2026 01:10:30,-164.755197357126,-36.6482104106103,0,26,26,26,9,-36.6482104106103
01-Aug-2026 01:10:32,-165.200253841597,-37.0932668950808,0,26,26,26,9,-37.0932668950808
01-Aug-2026 01:10:34,-163.362783903138,-35.2557969566226,0,26,26,26,10,-35.2557969566226
01-Aug-2026 01:10:36,-163.114629928985,-35.0076429824693,0,26,26,26,11,-35.0076429824693
01-Aug-2026 01:10:38,-165.071087869153,-36.9641009226374,0,26,26,26,10,-36.9641009226374
01-Aug-2026 01:10:40,-164.442541774809,-36.335554828293,0,26,26,26,9,-36.335554828293
01-Aug-2026 01:10:42,-164.968550382509,-36.8615634359929,0,25,25,25,9,-36.8615634359929
01-Aug-2026 01:10:44,-177.693783042313,-49.5867960957969,0,25,25,25,6,-49.5867960957969
01-Aug-2026 01:10:46,-177.627914188044,-49.5209272415279,0,25,25,25,6,-49.5209272415279
01-Aug-2026 01:10:48,-177.453646608149,-49.3466596616333,0,25,25,25,6,-49.3466596616333
01-Aug-2026 01:10:50,-177.068792855494,-48.9618059089784,0,25,25,25,6,-48.9618059089784
01-Aug-2026 01:10:52,-177.57305979598,-49.4660728494646,0,25,25,25,6,-49.4660728494646
01-Aug-2026 01:10:54,-177.479145782911,-49.3721588363948,0,25,25,25,6,-49.3721588363948
01-Aug-2026 01:10:56,-177.177932986912,-49.0709460403964,0,25,25,25,7,-49.0709460403964
01-Aug-2026 01:10:58,-177.126855939953,-49.0198689934374,0,26,26,26,7,-49.0198689934374
01-Aug-2026 01:11:00,-182.328987682724,-54.2220007362082,0,26,26,26,5,-54.2220007362082
01-Aug-2026 01:11:02,-182.807571262192,-54.7005843156759,0,26,26,26,5,-54.7005843156759
01-Aug-2026 01:11:04,-182.494083980397,-54.387097033881,0,26,26,26,5,-54.387097033881
01-Aug-2026 01:11:06,-178.625664243477,-50.5186772969608,0,26,26,26,5,-50.5186772969608
01-Aug-2026 01:11:08,-178.364608553181,-50.2576216066651,0,26,26,26,5,-50.2576216066651
01-Aug-2026 01:11:10,-178.688791854593,-50.5818049080769,0,26,26,26,5,-50.5818049080769
01-Aug-2026 01:11:12,-179.426709554063,-51.3197226075474,0,26,26,26,4,-51.3197226075474
01-Aug-2026 01:11:14,-180.463603338875,-52.3566163923589,0,26,26,26,3,-52.3566163923589
01-Aug-2026 01:11:16,-182.883271485093,-54.7762845385776,0,25,25,25,2,-54.7762845385776
01-Aug-2026 01:11:18,-181.536726467576,-53.42973952106,0,25,25,25,3,-53.42973952106
01-Aug-2026 01:11:20,-182.240961373857,-54.1339744273414,0,25,25,25,3,-54.1339744273414
01-Aug-2026 01:11:22,-181.937855774877,-53.8308688283612,0,25,25,25,4,-53.8308688283612
01-Aug-2026 01:11:24,-175.066840514706,-46.9598535681897,0,25,25,25,5,-46.9598535681897
01-Aug-2026 01:11:26,-175.301456815753,-47.1944698692367,0,25,25,25,5,-47.1944698692367
01-Aug-2026 01:11:28,-175.471987608987,-47.3650006624716,0,25,25,25,7,-47.3650006624716
01-Aug-2026 01:11:30,-163.7563917103,-35.6494047637842,0,25,25,25,7,-35.6494047637842
01-Aug-2026 01:11:32,-163.964575319578,-35.857588373062,0,25,25,25,5,-35.857588373062
01-Aug-2026 01:11:34,-163.743482517846,-35.6364955713302,0,25,25,25,5,-35.6364955713302
01-Aug-2026 01:11:36,-163.11182273932,-35.0048357928046,0,25,25,25,4,-35.0048357928046
01-Aug-2026 01:11:38,-162.237110939057,-34.1301239925407,0,25,25,25,3,-34.1301239925407
01-Aug-2026 01:11:40,-162.308415354664,-34.201428408148,0,25,25,25,3,-34.201428408148
01-Aug-2026 01:11:42,-162.621698888966,-34.5147119424497,0,25,25,25,3,-34.5147119424497
01-Aug-2026 01:11:44,-162.690959530087,-34.5839725835713,0,25,25,25,3,-34.5839725835713
01-Aug-2026 01:11:46,-161.92027935748,-33.8132924109644,0,25,25,25,4,-33.8132924109644
01-Aug-2026 01:11:48,-161.460599258023,-33.3536123115074,0,25,25,25,4,-33.3536123115074
01-Aug-2026 01:11:50,-161.514307492623,-33.4073205461072,0,25,25,25,4,-33.4073205461072
01-Aug-2026 01:11:52,-161.817908107171,-33.710921160655,0,24,24,24,6,-33.710921160655
01-Aug-2026 01:11:54,-161.340364920194,-33.2333779736776,0,24,24,24,5,-33.2333779736776
01-Aug-2026 01:11:56,-160.626935311713,-32.5199483651969,0,24,24,24,4,-32.5199483651969
01-Aug-2026 01:11:58,-160.204592661748,-32.0976057152319,0,24,24,24,4,-32.0976057152319
01-Aug-2026 01:12:00,-159.866360292836,-31.7593733463198,0,23,23,23,4,-31.7593733463198
01-Aug-2026 01:12:02,-170.325590886208,-42.2186039396926,0,23,23,23,3,-31.5871879629847
01-Aug-2026 01:12:04,-169.915243424954,-41.8082564784381,0,23,23,23,2,-30.8056824673967
01-Aug-2026 01:12:06,-169.877481897097,-41.7704949505807,0,24,24,24,2,-30.1699738182986
01-Aug-2026 01:12:08,-169.324202911698,-41.2172159651819,0,24,24,24,2,-30.4831238534102
01-Aug-2026 01:12:10,-169.279139003867,-41.1721520573512,0,23,23,23,2,-30.0953197211951
01-Aug-2026 01:12:12,-169.443669714394,-41.3366827678777,0,23,23,23,2,-29.9357872768343
01-Aug-2026 01:12:14,-169.237683216404,-41.1306962698884,0,22,22,22,2,-29.231020496485
01-Aug-2026 01:12:16,-169.239615951295,-41.132629004779,0,22,22,22,5,-29.7306518210478
01-Aug-2026 01:12:18,-169.153400082141,-41.046413135625,0,22,22,22,6,-29.2977118410454
01-Aug-2026 01:12:20,-169.348655556186,-41.2416686096698,0,22,22,22,6,-28.7567895879292
01-Aug-2026 01:12:22,-169.647160653393,-41.5401737068768,0,22,22,22,5,-41.5401737068768
01-Aug-2026 01:12:24,-169.097485438159,-40.9904984916428,0,22,22,22,6,-40.9904984916428
01-Aug-2026 01:12:26,-168.918561608549,-40.8115746620333,0,22,22,22,6,-40.8115746620333
01-Aug-2026 01:12:28,-169.535705182564,-41.4287182360486,0,22,22,22,6,-41.4287182360486
01-Aug-2026 01:12:30,-169.57399379971,-41.4670068531945,0,22,22,22,6,-41.4670068531945
01-Aug-2026 01:12:32,-169.315836868377,-41.2088499218614,0,22,22,22,5,-41.2088499218614
01-Aug-2026 01:12:34,-168.822562537367,-40.715575590851,0,22,22,22,5,-40.715575590851
01-Aug-2026 01:12:36,-169.065892784636,-40.9589058381201,0,23,23,23,4,-40.9589058381201
01-Aug-2026 01:12:38,-168.681719077167,-40.5747321306508,0,23,23,23,3,-40.5747321306508
01-Aug-2026 01:12:40,-166.674254178292,-38.5672672317764,0,22,22,22,2,-38.5672672317764
01-Aug-2026 01:12:42,-166.221896955032,-38.1149100085166,0,22,22,22,2,-38.1149100085166
01-Aug-2026 01:12:44,-165.710796938834,-37.6038099923178,0,21,21,21,2,-37.6038099923178
01-Aug-2026 01:12:46,-166.188528157127,-38.0815412106109,0,22,22,22,3,-22.8150254321616
01-Aug-2026 01:12:48,-3076.52655568589,-2948.41956873937,0,22,22,22,1,-23.2420947071502
01-Aug-2026 01:12:50,-3076.52655568589,-2948.41956873937,0,22,22,22,1,-22.841774489518
01-Aug-2026 01:12:52,-199.84398100991,-71.736994063394,0,22,22,22,2,-22.7244759454467
01-Aug-2026 01:12:54,-200.271571456604,-72.1645845100879,0,22,22,22,2,-22.5407924267216
01-Aug-2026 01:12:56,-193.787581776111,-65.6805948295953,0,22,22,22,3,-22.8208417700547
01-Aug-2026 01:12:58,-193.276096854444,-65.1691099079283,0,22,22,22,2,-65.1691099079283
01-Aug-2026 01:13:00,-193.286027316654,-65.1790403701385,0,22,22,22,2,-65.1790403701385
01-Aug-2026 01:13:02,-193.984441035534,-65.8774540890185,0,22,22,22,2,-65.8774540890185
01-Aug-2026 01:13:04,-190.100606952831,-61.9936200063156,0,23,23,23,2,-61.9936200063156
01-Aug-2026 01:13:06,-190.031784917066,-61.9247979705503,0,23,23,23,3,-61.9247979705503
01-Aug-2026 01:13:08,-185.841496926917,-57.734509980401,0,23,23,23,3,-57.734509980401
01-Aug-2026 01:13:10,-185.955562958559,-57.8485760120434,0,23,23,23,3,-57.8485760120434
01-Aug-2026 01:13:12,-186.605414934092,-58.4984279875762,0,23,23,23,2,-58.4984279875762
01-Aug-2026 01:13:14,-187.426033576316,-59.3190466297998,0,23,23,23,2,-59.3190466297998
01-Aug-2026 01:13:16,-187.016945631248,-58.9099586847317,0,23,23,23,2,-58.9099586847317
01-Aug-2026 01:13:18,-156.688689173475,-28.5817022269592,0,23,23,23,3,-28.5817022269592
01-Aug-2026 01:13:20,-156.735190886673,-28.6282039401576,0,23,23,23,3,-28.6282039401576
01-Aug-2026 01:13:22,-155.860603300605,-27.7536163540886,0,23,23,23,5,-27.7536163540886
01-Aug-2026 01:13:24,-156.158723814299,-28.051736867783,0,23,23,23,5,-28.051736867783
01-Aug-2026 01:13:26,-156.683916924275,-28.5769299777594,0,23,23,23,6,-28.5769299777594
01-Aug-2026 01:13:28,-156.684007119849,-28.5770201733327,0,23,23,23,6,-28.5770201733327
01-Aug-2026 01:13:30,-157.240581730393,-29.1335947838774,0,23,23,23,6,-29.1335947838774
01-Aug-2026 01:13:32,-168.117027192423,-40.0100402459073,0,22,22,22,5,-10.8412162818678
01-Aug-2026 01:13:34,-168.276830079304,-40.1698431327879,0,22,22,22,5,-11.3044143193623
01-Aug-2026 01:13:36,-168.375846567843,-40.2688596213274,0,22,22,22,5,-12.4323476865907
01-Aug-2026 01:13:38,-140.946556560577,-12.8395696140616,0,22,22,22,6,-12.8395696140616
01-Aug-2026 01:13:40,-141.528039460886,-13.4210525143699,0,23,23,23,6,-13.4210525143699
01-Aug-2026 01:13:42,-168.434436491096,-40.3274495445801,0,23,23,23,5,-40.3274495445801
01-Aug-2026 01:13:44,-168.179312900928,-40.0723259544126,0,23,23,23,5,-40.0723259544126
01-Aug-2026 01:13:46,-156.815705125881,-28.7087181793652,0,23,23,23,6,-28.7087181793652
01-Aug-2026 01:13:48,-157.443997853558,-29.3370109070426,0,24,24,24,6,-29.3370109070426
01-Aug-2026 01:13:50,-157.42662977605,-29.3196428295342,0,24,24,24,6,-29.3196428295342
01-Aug-2026 01:13:52,-157.706864594212,-29.5998776476957,0,24,24,24,7,-29.5998776476957
01-Aug-2026 01:13:54,-157.782864000224,-29.6758770537085,0,24,24,24,7,-29.6758770537085
01-Aug-2026 01:13:56,-158.548509088014,-30.4415221414981,0,25,25,25,6,-30.4415221414981
01-Aug-2026 01:13:58,-157.019461787185,-28.9124748406693,0,26,26,26,6,-28.9124748406693
01-Aug-2026 01:14:00,-161.6279588644,-33.5209719178842,0,26,26,26,4,-33.5209719178842
01-Aug-2026 01:14:02,-161.674954845143,-33.5679678986269,0,26,26,26,5,-33.5679678986269
01-Aug-2026 01:14:04,-161.726247983792,-33.6192610372763,0,26,26,26,5,-33.6192610372763
01-Aug-2026 01:14:06,-161.648160326577,-33.5411733800613,0,26,26,26,5,-33.5411733800613
01-Aug-2026 01:14:08,-162.035981300267,-33.9289943537508,0,26,26,26,5,-33.9289943537508
01-Aug-2026 01:14:10,-162.404567693392,-34.2975807468762,0,26,26,26,5,-34.2975807468762
01-Aug-2026 01:14:12,-162.654872803907,-34.5478858573916,0,26,26,26,5,-34.5478858573916
01-Aug-2026 01:14:14,-163.116470892539,-35.0094839460231,0,26,26,26,5,-35.0094839460231
01-Aug-2026 01:14:16,-168.670121584159,-40.5631346376427,0,25,25,25,4,-40.5631346376427
01-Aug-2026 01:14:18,-168.593040129327,-40.486053182811,0,26,26,26,4,-40.486053182811
01-Aug-2026 01:14:20,-182.368752225626,-54.2617652791103,0,27,27,27,4,-54.2617652791103
01-Aug-2026 01:14:22,-183.397157835964,-55.2901708894482,0,27,27,27,3,-55.2901708894482
01-Aug-2026 01:14:24,-184.951866767338,-56.8448798208217,0,27,27,27,3,-56.8448798208217
01-Aug-2026 01:14:26,-184.320390378988,-56.2134034324725,0,27,27,27,4,-56.2134034324725
01-Aug-2026 01:14:28,-184.521986586242,-56.414999639726,0,27,27,27,4,-56.414999639726
01-Aug-2026 01:14:30,-184.488810201096,-56.38182325458,0,27,27,27,5,-56.38182325458
01-Aug-2026 01:14:32,-170.246945156862,-42.1399582103464,0,26,26,26,5,-42.1399582103464
01-Aug-2026 01:14:34,-170.494915295047,-42.3879283485311,0,26,26,26,5,-42.3879283485311
01-Aug-2026 01:14:36,-170.391669107265,-42.2846821607489,0,26,26,26,6,-42.2846821607489
01-Aug-2026 01:14:38,-170.758514683238,-42.6515277367223,0,26,26,26,5,-42.6515277367223
01-Aug-2026 01:14:40,-171.12628613995,-43.0192991934343,0,26,26,26,3,-43.0192991934343
01-Aug-2026 01:14:42,-171.779432697627,-43.6724457511112,0,25,25,25,4,-43.6724457511112
01-Aug-2026 01:14:44,-171.686305456415,-43.5793185098995,0,25,25,25,4,-43.5793185098995
01-Aug-2026 01:14:46,-171.926009727197,-43.8190227806815,0,25,25,25,5,-43.8190227806815
01-Aug-2026 01:14:48,-171.342912326489,-43.2359253799729,0,26,26,26,5,-43.2359253799729
01-Aug-2026 01:14:50,-172.048075934263,-43.9410889877474,0,26,26,26,4,-43.9410889877474
01-Aug-2026 01:14:52,-171.304823633014,-43.1978366864978,0,26,26,26,4,-43.1978366864978
01-Aug-2026 01:14:54,-170.553199176941,-42.4462122304251,0,26,26,26,3,-42.4462122304251
01-Aug-2026 01:14:56,-170.34077012971,-42.2337831831945,0,26,26,26,4,-42.2337831831945
01-Aug-2026 01:14:58,-170.182244132604,-42.0752571860882,0,26,26,26,4,-42.0752571860882
01-Aug-2026 01:15:00,-170.144824708651,-42.0378377621352,0,26,26,26,5,-42.0378377621352
01-Aug-2026 01:15:02,-170.856724131358,-42.7497371848421,0,26,26,26,5,-42.7497371848421
01-Aug-2026 01:15:04,-162.921512700098,-34.8145257535817,0,26,26,26,7,-34.8145257535817
01-Aug-2026 01:15:06,-163.022495368998,-34.9155084224825,0,25,25,25,6,-34.9155084224825
01-Aug-2026 01:15:08,-163.095834003146,-34.98884705663,0,25,25,25,6,-34.98884705663
01-Aug-2026 01:15:10,-163.004107892705,-34.897120946189,0,25,25,25,6,-34.897120946189
01-Aug-2026 01:15:12,-162.679146608166,-34.5721596616498,0,25,25,25,6,-34.5721596616498
01-Aug-2026 01:15:14,-162.286455288742,-34.1794683422261,0,25,25,25,4,-34.1794683422261
01-Aug-2026 01:15:16,-162.125127166624,-34.0181402201084,0,25,25,25,4,-34.0181402201084
01-Aug-2026 01:15:18,-162.048039175262,-33.9410522287465,0,25,25,25,2,-33.9410522287465
01-Aug-2026 01:15:20,-162.234299359135,-34.1273124126187,0,25,25,25,2,-34.1273124126187
01-Aug-2026 01:15:22,-162.155918822088,-34.0489318755724,0,25,25,25,2,-34.0489318755724
01-Aug-2026 01:15:24,-161.640886995745,-33.5339000492289,0,25,25,25,2,-33.5339000492289
01-Aug-2026 01:15:26,-161.488309945366,-33.3813229988497,0,25,25,25,2,-33.3813229988497
01-Aug-2026 01:15:28,-161.474838297205,-33.3678513506896,0,25,25,25,2,-33.3678513506896
01-Aug-2026 01:15:30,-160.824605645986,-32.7176186994702,0,25,25,25,2,-32.7176186994702
01-Aug-2026 01:15:32,-160.046256046057,-31.9392690995409,0,25,25,25,2,-31.9392690995409
01-Aug-2026 01:15:34,-159.746226342026,-31.6392393955104,0,25,25,25,1,-31.6392393955104
01-Aug-2026 01:15:36,-159.54709359982,-31.4401066533044,0,25,25,25,1,-31.4401066533044
01-Aug-2026 01:15:38,-156.109755579745,-28.0027686332289,0,25,25,25,3,-28.0027686332289
01-Aug-2026 01:15:40,-193.711422862253,-65.6044359157376,0,24,24,24,1,-65.6044359157376
01-Aug-2026 01:15:42,-186.285552954923,-58.1785660084075,0,23,23,23,1,-58.1785660084075
01-Aug-2026 01:15:44,-161.146816956533,-33.0398300100167,0,23,23,23,2,-33.0398300100167
01-Aug-2026 01:15:46,-161.911456307872,-33.8044693613562,0,23,23,23,2,-33.8044693613562
01-Aug-2026 01:15:48,-186.220067881882,-58.1130809353658,0,23,23,23,1,-58.1130809353658
01-Aug-2026 01:15:50,-185.467124702005,-57.3601377554891,0,23,23,23,2,-57.3601377554891
01-Aug-2026 01:15:52,-185.578681276035,-57.4716943295191,0,23,23,23,2,-57.4716943295191
01-Aug-2026 01:15:54,-184.561144696669,-56.4541577501533,0,23,23,23,3,-56.4541577501533
01-Aug-2026 01:15:56,-184.316926475125,-56.2099395286094,0,23,23,23,3,-56.2099395286094
01-Aug-2026 01:15:58,-184.566616133023,-56.4596291865072,0,23,23,23,3,-56.4596291865072
01-Aug-2026 01:16:00,-183.999428796484,-55.8924418499682,0,23,23,23,4,-55.8924418499682
01-Aug-2026 01:16:02,-183.314738528034,-55.2077515815178,0,23,23,23,5,-55.2077515815178
01-Aug-2026 01:16:04,-183.803181294986,-55.6961943484705,0,22,22,22,4,-55.6961943484705
01-Aug-2026 01:16:06,-183.585620320012,-55.4786333734963,0,22,22,22,4,-55.4786333734963
01-Aug-2026 01:16:08,-183.673966569485,-55.5669796229687,0,22,22,22,4,-55.5669796229687
01-Aug-2026 01:16:10,-183.560150520733,-55.4531635742175,0,22,22,22,5,-55.4531635742175
01-Aug-2026 01:16:12,-183.552894640401,-55.4459076938854,0,22,22,22,5,-55.4459076938854
01-Aug-2026 01:16:14,-183.269640929882,-55.162653983366,0,22,22,22,5,-55.162653983366
01-Aug-2026 01:16:16,-182.090487582485,-53.9835006359687,0,22,22,22,6,-53.9835006359687
01-Aug-2026 01:16:18,-180.245943740186,-52.1389567936703,0,22,22,22,7,-52.1389567936703
01-Aug-2026 01:16:20,-180.020387130757,-51.9134001842413,0,22,22,22,7,-51.9134001842413
01-Aug-2026 01:16:22,-179.885355004993,-51.7783680584768,0,22,22,22,7,-51.7783680584768
01-Aug-2026 01:16:24,-179.82161204007,-51.7146250935538,0,21,21,21,6,-51.7146250935538
01-Aug-2026 01:16:26,-162.501915931684,-34.3949289851677,0,22,22,22,7,-34.3949289851677
01-Aug-2026 01:16:28,-162.307972589595,-34.2009856430791,0,22,22,22,6,-34.2009856430791
01-Aug-2026 01:16:30,-161.744165357435,-33.6371784109188,0,22,22,22,6,-33.6371784109188
01-Aug-2026 01:16:32,-162.213710214004,-34.1067232674881,0,22,22,22,5,-34.1067232674881
01-Aug-2026 01:16:34,-161.272937722285,-33.1659507757695,0,21,21,21,4,-33.1659507757695
01-Aug-2026 01:16:36,-170.400494551143,-42.2935076046267,0,21,21,21,3,-42.2935076046267
01-Aug-2026 01:16:38,-170.823639815389,-42.7166528688736,0,22,22,22,5,-42.7166528688736
01-Aug-2026 01:16:40,-171.322717821345,-43.2157308748291,0,22,22,22,5,-43.2157308748291
01-Aug-2026 01:16:42,-171.536488032492,-43.4295010859766,0,23,23,23,5,-43.4295010859766
01-Aug-2026 01:16:44,-171.314811415728,-43.2078244692122,0,23,23,23,5,-43.2078244692122
01-Aug-2026 01:16:46,-171.187493601999,-43.0805066554828,0,23,23,23,5,-43.0805066554828
01-Aug-2026 01:16:48,-171.016558061708,-42.909571115192,0,23,23,23,6,-42.909571115192
01-Aug-2026 01:16:50,-170.998007733415,-42.8910207868987,0,24,24,24,6,-42.8910207868987
01-Aug-2026 01:16:52,-171.587915000092,-43.4809280535758,0,24,24,24,6,-43.4809280535758
01-Aug-2026 01:16:54,-163.805341560215,-35.6983546136993,0,24,24,24,6,-35.6983546136993
01-Aug-2026 01:16:56,-165.252531324198,-37.1455443776819,0,24,24,24,6,-37.1455443776819
01-Aug-2026 01:16:58,-165.681449334788,-37.5744623882718,0,24,24,24,6,-37.5744623882718
01-Aug-2026 01:17:00,-165.300690459096,-37.1937035125805,0,24,24,24,6,-37.1937035125805
01-Aug-2026 01:17:02,-165.645372676056,-37.53838572954,0,24,24,24,6,-37.53838572954
01-Aug-2026 01:17:04,-165.6264687543,-37.5194818077844,0,24,24,24,6,-37.5194818077844
01-Aug-2026 01:17:06,-164.911699175844,-36.8047122293286,0,24,24,24,4,-36.8047122293286
01-Aug-2026 01:17:08,-164.291970984079,-36.1849840375634,0,24,24,24,3,-36.1849840375634
01-Aug-2026 01:17:10,-164.127467039968,-36.0204800934521,0,24,24,24,3,-36.0204800934521
01-Aug-2026 01:17:12,-164.700902846129,-36.5939158996131,0,24,24,24,2,-36.5939158996131
01-Aug-2026 01:17:14,-164.769071520902,-36.662084574386,0,24,24,24,2,-36.662084574386
01-Aug-2026 01:17:16,-194.221970890604,-66.114983944088,0,24,24,24,2,-66.114983944088
01-Aug-2026 01:17:18,-167.382399126335,-39.2754121798195,0,24,24,24,3,-39.2754121798195
01-Aug-2026 01:17:20,-167.353652303898,-39.2466653573823,0,24,24,24,3,-39.2466653573823
01-Aug-2026 01:17:22,-166.953144964336,-38.8461580178201,0,23,23,23,4,-38.8461580178201
01-Aug-2026 01:17:24,-166.860133690196,-38.7531467436806,0,23,23,23,4,-38.7531467436806
01-Aug-2026 01:17:26,-166.480406223207,-38.3734192766908,0,23,23,23,5,-38.3734192766908
01-Aug-2026 01:17:28,-166.473206380199,-38.3662194336833,0,23,23,23,5,-38.3662194336833
01-Aug-2026 01:17:30,-165.953169940502,-37.8461829939864,0,23,23,23,5,-37.8461829939864
01-Aug-2026 01:17:32,-165.939178153074,-37.8321912065584,0,23,23,23,5,-37.8321912065584
01-Aug-2026 01:17:34,-165.831526504486,-37.7245395579704,0,23,23,23,5,-37.7245395579704
01-Aug-2026 01:17:36,-165.769020474908,-37.6620335283924,0,24,24,24,5,-37.6620335283924
01-Aug-2026 01:17:38,-166.299743707532,-38.1927567610159,0,24,24,24,5,-38.1927567610159
01-Aug-2026 01:17:40,-166.299088713073,-38.1921017665568,0,24,24,24,5,-38.1921017665568
01-Aug-2026 01:17:42,-166.136969599867,-38.0299826533511,0,24,24,24,4,-38.0299826533511
01-Aug-2026 01:17:44,-164.788162583465,-36.681175636949,0,25,25,25,5,-36.681175636949
01-Aug-2026 01:17:46,-164.690136192025,-36.5831492455087,0,25,25,25,5,-36.5831492455087
01-Aug-2026 01:17:48,-165.14090325347,-37.0339163069537,0,26,26,26,6,-37.0339163069537
01-Aug-2026 01:17:50,-164.877330578595,-36.7703436320793,0,26,26,26,6,-36.7703436320793
01-Aug-2026 01:17:52,-164.688692334908,-36.5817053883921,0,26,26,26,7,-36.5817053883921
01-Aug-2026 01:17:54,-164.419394815394,-36.312407868878,0,26,26,26,9,-36.312407868878
01-Aug-2026 01:17:56,-164.438040674724,-36.331053728208,0,26,26,26,9,-36.331053728208
01-Aug-2026 01:17:58,-164.018122483899,-35.9111355373829,0,26,26,26,9,-35.9111355373829
01-Aug-2026 01:18:00,-164.071047199023,-35.9640602525071,0,26,26,26,9,-35.9640602525071
01-Aug-2026 01:18:02,-164.150616590397,-36.0436296438814,0,26,26,26,9,-36.0436296438814
01-Aug-2026 01:18:04,-164.017480918747,-35.910493972231,0,26,26,26,10,-35.910493972231
01-Aug-2026 01:18:06,-163.302743833473,-35.1957568869576,0,26,26,26,10,-35.1957568869576
01-Aug-2026 01:18:08,-164.096933999878,-35.9899470533617,0,27,27,27,9,-35.9899470533617
01-Aug-2026 01:18:10,-164.459838173777,-36.3528512272616,0,27,27,27,6,-36.3528512272616
01-Aug-2026 01:18:12,-164.685621343096,-36.5786343965798,0,27,27,27,6,-36.5786343965798
01-Aug-2026 01:18:14,-164.759996899583,-36.6530099530673,0,27,27,27,5,-36.6530099530673
01-Aug-2026 01:18:16,-164.414545303092,-36.3075583565765,0,27,27,27,5,-36.3075583565765
01-Aug-2026 01:18:18,-166.625191488549,-38.5182045420328,0,27,27,27,4,-38.5182045420328
01-Aug-2026 01:18:20,-166.513249356709,-38.406262410193,0,27,27,27,4,-38.406262410193
01-Aug-2026 01:18:22,-166.411374416478,-38.3043874699617,0,27,27,27,4,-38.3043874699617
01-Aug-2026 01:18:24,-165.734959498247,-37.6279725517308,0,26,26,26,4,-37.6279725517308
01-Aug-2026 01:18:26,-165.950276705599,-37.8432897590827,0,26,26,26,3,-37.8432897590827
01-Aug-2026 01:18:28,-166.511924937472,-38.4049379909559,0,26,26,26,4,-38.4049379909559
01-Aug-2026 01:18:30,-166.16968317236,-38.0626962258441,0,26,26,26,5,-38.0626962258441
01-Aug-2026 01:18:32,-166.289741607447,-38.1827546609308,0,26,26,26,5,-38.1827546609308
01-Aug-2026 01:18:34,-189.170255807961,-61.0632688614448,0,26,26,26,3,-61.0632688614448
01-Aug-2026 01:18:36,-172.701413403444,-44.5944264569277,0,26,26,26,5,-44.5944264569277
01-Aug-2026 01:18:38,-173.33102396794,-45.2240370214237,0,27,27,27,5,-45.2240370214237
01-Aug-2026 01:18:40,-173.858473082844,-45.7514861363285,0,27,27,27,6,-45.7514861363285
01-Aug-2026 01:18:42,-173.696182709545,-45.5891957630294,0,27,27,27,6,-45.5891957630294
01-Aug-2026 01:18:44,-180.636294728864,-52.5293077823478,0,27,27,27,8,-52.5293077823478
01-Aug-2026 01:18:46,-179.596216827045,-51.4892298805289,0,27,27,27,8,-51.4892298805289
01-Aug-2026 01:18:48,-179.409320056759,-51.3023331102429,0,27,27,27,8,-51.3023331102429
01-Aug-2026 01:18:50,-179.011339492779,-50.9043525462627,0,27,27,27,9,-50.9043525462627
01-Aug-2026 01:18:52,-180.532449042881,-52.4254620963654,0,27,27,27,6,-52.4254620963654
01-Aug-2026 01:18:54,-180.650779958785,-52.5437930122691,0,26,26,26,6,-52.5437930122691
01-Aug-2026 01:18:56,-182.858591131158,-54.7516041846424,0,26,26,26,4,-54.7516041846424
01-Aug-2026 01:18:58,-169.374507369021,-41.2675204225053,0,26,26,26,6,-41.2675204225053
01-Aug-2026 01:19:00,-169.172172105491,-41.0651851589756,0,26,26,26,7,-41.0651851589756
01-Aug-2026 01:19:02,-168.94515776838,-40.838170821864,0,26,26,26,7,-40.838170821864
01-Aug-2026 01:19:04,-168.971179169463,-40.8641922229476,0,26,26,26,6,-40.8641922229476
01-Aug-2026 01:19:06,-169.319031293788,-41.2120443472726,0,26,26,26,6,-41.2120443472726
01-Aug-2026 01:19:08,-169.005354383472,-40.8983674369562,0,26,26,26,6,-40.8983674369562
01-Aug-2026 01:19:10,-168.543414491772,-40.4364275452565,0,26,26,26,6,-40.4364275452565
01-Aug-2026 01:19:12,-168.549074829386,-40.4420878828705,0,26,26,26,6,-12.0396674670939
01-Aug-2026 01:19:14,-168.220838273145,-40.1138513266288,0,25,25,25,6,-40.1138513266288
01-Aug-2026 01:19:16,-167.936150166736,-39.8291632202206,0,25,25,25,6,-39.8291632202206
01-Aug-2026 01:19:18,-168.368226657982,-40.261239711466,0,25,25,25,5,-40.261239711466
01-Aug-2026 01:19:20,-168.951067518988,-40.844080572472,0,25,25,25,4,-40.844080572472
01-Aug-2026 01:19:22,-169.247584642774,-41.1405976962579,0,24,24,24,4,-41.1405976962579
01-Aug-2026 01:19:24,-169.059518770944,-40.9525318244277,0,24,24,24,4,-40.9525318244277
01-Aug-2026 01:19:26,-169.434272854097,-41.3272859075811,0,24,24,24,3,-41.3272859075811
01-Aug-2026 01:19:28,-169.85733798688,-41.7503510403639,0,24,24,24,3,-41.7503510403639
01-Aug-2026 01:19:30,-196.286364113125,-68.1793771666087,0,24,24,24,1,-68.1793771666087
01-Aug-2026 01:19:32,-196.508714047911,-68.4017271013951,0,23,23,23,1,-68.4017271013951
01-Aug-2026 01:19:34,-191.898254626151,-63.7912676796352,0,23,23,23,2,-63.7912676796352
01-Aug-2026 01:19:36,-187.257906557363,-59.1509196108469,0,23,23,23,3,-59.1509196108469
01-Aug-2026 01:19:38,-187.095613703919,-58.9886267574027,0,23,23,23,4,-58.9886267574027
01-Aug-2026 01:19:40,-162.452975763222,-34.3459888167062,0,23,23,23,5,-34.3459888167062
01-Aug-2026 01:19:42,-162.286206229025,-34.179219282509,0,23,23,23,4,-34.179219282509
01-Aug-2026 01:19:44,-162.906755990712,-34.7997690441961,0,23,23,23,4,-34.7997690441961
01-Aug-2026 01:19:46,-185.129445417227,-57.0224584707111,0,22,22,22,3,-57.0224584707111
01-Aug-2026 01:19:48,-184.50169443836,-56.3947074918444,0,23,23,23,3,-56.3947074918444
01-Aug-2026 01:19:50,-184.56365509845,-56.456668151934,0,23,23,23,3,-56.456668151934
01-Aug-2026 01:19:52,-179.931301375399,-51.8243144288832,0,22,22,22,4,-51.8243144288832
01-Aug-2026 01:19:54,-179.774911716136,-51.6679247696204,0,22,22,22,4,-51.6679247696204
01-Aug-2026 01:19:56,-179.966713355937,-51.8597264094215,0,23,23,23,4,-51.8597264094215
01-Aug-2026 01:19:58,-179.807328195201,-51.7003412486849,0,23,23,23,3,-51.7003412486849
01-Aug-2026 01:20:00,-179.558345277182,-51.4513583306663,0,23,23,23,3,-51.4513583306663
01-Aug-2026 01:20:02,-179.540798586895,-51.4338116403793,0,23,23,23,3,-51.4338116403793
01-Aug-2026 01:20:04,-179.723263298786,-51.6162763522706,0,23,23,23,3,-51.6162763522706
01-Aug-2026 01:20:06,-179.558606439255,-51.4516194927388,0,23,23,23,2,-51.4516194927388
01-Aug-2026 01:20:08,-179.860262228771,-51.7532752822553,0,22,22,22,2,-51.7532752822553
01-Aug-2026 01:20:10,-176.897475111883,-48.7904881653672,0,22,22,22,3,-48.7904881653672
01-Aug-2026 01:20:12,-176.879051743338,-48.772064796822,0,22,22,22,4,-48.772064796822
01-Aug-2026 01:20:14,-176.68496361878,-48.5779766722644,0,22,22,22,4,-48.5779766722644
01-Aug-2026 01:20:16,-160.221717158446,-32.1147302119305,0,23,23,23,5,-32.1147302119305
01-Aug-2026 01:20:18,-160.072867744466,-31.9658807979504,0,23,23,23,5,-31.9658807979504
01-Aug-2026 01:20:20,-159.461017139242,-31.3540301927261,0,23,23,23,5,-31.3540301927261
01-Aug-2026 01:20:22,-159.526164180222,-31.419177233706,0,23,23,23,5,-31.419177233706
01-Aug-2026 01:20:24,-159.217950639592,-31.1109636930758,0,23,23,23,5,-31.1109636930758
01-Aug-2026 01:20:26,-158.618935926942,-30.5119489804262,0,22,22,22,6,-30.5119489804262
01-Aug-2026 01:20:28,-158.093013176442,-29.9860262299257,0,22,22,22,6,-29.9860262299257
01-Aug-2026 01:20:30,-155.549652867677,-27.442665921161,0,22,22,22,8,-27.442665921161
01-Aug-2026 01:20:32,-154.132699830686,-26.0257128841702,0,22,22,22,9,-26.0257128841702
01-Aug-2026 01:20:34,-154.329008083217,-26.2220211367012,0,22,22,22,9,-26.2220211367012
01-Aug-2026 01:20:36,-153.9579501964,-25.8509632498841,0,23,23,23,9,-25.8509632498841
01-Aug-2026 01:20:38,-154.129889396527,-26.0229024500108,0,23,23,23,9,-26.0229024500108
01-Aug-2026 01:20:40,-154.645872674212,-26.5388857276957,0,24,24,24,8,-26.5388857276957
01-Aug-2026 01:20:42,-154.575108238086,-26.4681212915701,0,24,24,24,8,-26.4681212915701
01-Aug-2026 01:20:44,-154.997679302887,-26.8906923563715,0,24,24,24,8,-26.8906923563715
01-Aug-2026 01:20:46,-154.697080118396,-26.5900931718805,0,24,24,24,8,-26.5900931718805
01-Aug-2026 01:20:48,-154.650503501586,-26.5435165550706,0,24,24,24,7,-26.5435165550706
01-Aug-2026 01:20:50,-154.497896522092,-26.3909095755757,0,24,24,24,7,-26.3909095755757
01-Aug-2026 01:20:52,-154.07386223489,-25.9668752883741,0,24,24,24,8,-25.9668752883741
01-Aug-2026 01:20:54,-154.199074867494,-26.0920879209782,0,24,24,24,8,-26.0920879209782
01-Aug-2026 01:20:56,-154.226712513439,-26.1197255669229,0,24,24,24,6,-26.1197255669229
01-Aug-2026 01:20:58,-154.133401731926,-26.02641478541,0,24,24,24,6,-26.02641478541
01-Aug-2026 01:21:00,-154.220331497661,-26.1133445511449,0,24,24,24,7,-26.1133445511449
01-Aug-2026 01:21:02,-154.328997677086,-26.2220107305703,0,24,24,24,5,-26.2220107305703
01-Aug-2026 01:21:04,-155.388672332129,-27.2816853856127,0,24,24,24,5,-27.2816853856127
01-Aug-2026 01:21:06,-155.840251344553,-27.7332643980373,0,24,24,24,5,-27.7332643980373
01-Aug-2026 01:21:08,-156.692058040601,-28.5850710940852,0,24,24,24,5,-28.5850710940852
01-Aug-2026 01:21:10,-156.201736927607,-28.0947499810909,0,24,24,24,5,-28.0947499810909
01-Aug-2026 01:21:12,-155.96772954385,-27.8607425973339,0,24,24,24,5,-27.8607425973339
01-Aug-2026 01:21:14,-157.343063217391,-29.2360762708752,0,23,23,23,4,-29.2360762708752
01-Aug-2026 01:21:16,-156.563712526449,-28.4567255799333,0,23,23,23,4,-28.4567255799333
01-Aug-2026 01:21:18,-156.463201536299,-28.3562145897835,0,23,23,23,5,-28.3562145897835
01-Aug-2026 01:21:20,-156.344764495653,-28.2377775491367,0,23,23,23,4,-28.2377775491367
01-Aug-2026 01:21:22,-155.988198613209,-27.8812116666929,0,23,23,23,5,-27.8812116666929
01-Aug-2026 01:21:24,-165.372135030924,-37.2651480844079,0,24,24,24,5,-37.2651480844079
01-Aug-2026 01:21:26,-163.457470978257,-35.350484031741,0,24,24,24,5,-35.350484031741
01-Aug-2026 01:21:28,-163.392255196787,-35.2852682502716,0,25,25,25,6,-35.2852682502716
01-Aug-2026 01:21:30,-163.095480004542,-34.9884930580266,0,25,25,25,7,-34.9884930580266
01-Aug-2026 01:21:32,-162.906636464722,-34.7996495182063,0,25,25,25,5,-34.7996495182063
01-Aug-2026 01:21:34,-162.567010347167,-34.4600234006508,0,25,25,25,4,-34.4600234006508
01-Aug-2026 01:21:36,-162.718574037366,-34.6115870908498,0,25,25,25,5,-34.6115870908498
01-Aug-2026 01:21:38,-162.322777129697,-34.2157901831814,0,26,26,26,5,-34.2157901831814
01-Aug-2026 01:21:40,-162.101030288892,-33.9940433423761,0,26,26,26,5,-33.9940433423761
01-Aug-2026 01:21:42,-161.775262776631,-33.6682758301149,0,26,26,26,5,-33.6682758301149
01-Aug-2026 01:21:44,-157.609177534889,-29.5021905883731,0,26,26,26,7,-29.5021905883731
01-Aug-2026 01:21:46,-158.411916106341,-30.3049291598248,0,26,26,26,7,-30.3049291598248
01-Aug-2026 01:21:48,-158.198698792327,-30.0917118458116,0,26,26,26,7,-30.0917118458116
01-Aug-2026 01:21:50,-158.002353040767,-29.8953660942513,0,26,26,26,7,-29.8953660942513
01-Aug-2026 01:21:52,-164.870743642839,-36.7637566963227,0,26,26,26,7,-29.573930183102
01-Aug-2026 01:21:54,-164.933368627501,-36.8263816809848,0,26,26,26,7,-29.2888279718815
01-Aug-2026 01:21:56,-164.966636723667,-36.8596497771508,0,27,27,27,8,-28.831223785653
01-Aug-2026 01:21:58,-165.039568270746,-36.9325813242298,0,27,27,27,6,-36.9325813242298
01-Aug-2026 01:22:00,-169.451807509342,-41.3448205628261,0,28,28,28,5,-41.3448205628261
01-Aug-2026 01:22:02,-157.431414140835,-29.3244271943187,0,28,28,28,6,-29.5618462850474
01-Aug-2026 01:22:04,-156.761606877664,-28.6546199311477,0,27,27,27,6,-28.6546199311477
01-Aug-2026 01:22:06,-166.245533395991,-38.1385464494756,0,27,27,27,6,-28.3242992893958
01-Aug-2026 01:22:08,-166.048063807989,-37.9410768614729,0,27,27,27,8,-28.3479829296697
01-Aug-2026 01:22:10,-166.575973706406,-38.4689867598899,0,27,27,27,9,-28.4034664754343
01-Aug-2026 01:22:12,-165.977185611388,-37.870198664872,0,27,27,27,8,-37.870198664872
01-Aug-2026 01:22:14,-165.991751416583,-37.8847644700673,0,26,26,26,8,-37.8847644700673
01-Aug-2026 01:22:16,-170.969131790643,-42.8621448441269,0,26,26,26,7,-42.8621448441269
01-Aug-2026 01:22:18,-170.827670134315,-42.7206831877991,0,26,26,26,7,-42.7206831877991
01-Aug-2026 01:22:20,-170.72021235248,-42.613225405964,0,26,26,26,5,-42.613225405964
01-Aug-2026 01:22:22,-170.511477586191,-42.4044906396754,0,26,26,26,5,-42.4044906396754
01-Aug-2026 01:22:24,-170.407370742505,-42.300383795989,0,26,26,26,4,-42.300383795989
01-Aug-2026 01:22:26,-169.821351837533,-41.7143648910173,0,26,26,26,5,-41.7143648910173
01-Aug-2026 01:22:28,-190.082342234451,-61.9753552879356,0,27,27,27,4,-61.9753552879356
01-Aug-2026 01:22:30,-190.128387297792,-62.0214003512762,0,27,27,27,4,-62.0214003512762
01-Aug-2026 01:22:32,-188.971016401068,-60.8640294545519,0,27,27,27,5,-60.8640294545519
01-Aug-2026 01:22:34,-172.61457366836,-44.507586721844,0,27,27,27,6,-44.507586721844
01-Aug-2026 01:22:36,-173.932200692992,-45.8252137464756,0,27,27,27,5,-45.8252137464756
01-Aug-2026 01:22:38,-173.543811562065,-45.4368246155493,0,27,27,27,6,-45.4368246155493
01-Aug-2026 01:22:40,-172.994357773791,-44.8873708272752,0,27,27,27,5,-44.8873708272752
01-Aug-2026 01:22:42,-173.358851554818,-45.2518646083017,0,26,26,26,5,-45.2518646083017
01-Aug-2026 01:22:44,-173.046986629647,-44.9399996831313,0,26,26,26,6,-44.9399996831313
01-Aug-2026 01:22:46,-173.006297334029,-44.8993103875134,0,26,26,26,6,-44.8993103875134
01-Aug-2026 01:22:48,-173.337756860408,-45.2307699138922,0,26,26,26,5,-45.2307699138922
01-Aug-2026 01:22:50,-172.966504612438,-44.8595176659225,0,26,26,26,5,-44.8595176659225
01-Aug-2026 01:22:52,-173.520388333679,-45.4134013871635,0,26,26,26,5,-45.4134013871635
01-Aug-2026 01:22:54,-174.242357850651,-46.135370904135,0,26,26,26,5,-46.135370904135
01-Aug-2026 01:22:56,-174.474538225929,-46.3675512794134,0,26,26,26,5,-46.3675512794134
01-Aug-2026 01:22:58,-175.311327141967,-47.2043401954515,0,26,26,26,5,-47.2043401954515
01-Aug-2026 01:23:00,-175.745963486111,-47.6389765395953,0,26,26,26,4,-47.6389765395953
01-Aug-2026 01:23:02,-192.884218874516,-64.7772319279998,0,25,25,25,3,-64.7772319279998
01-Aug-2026 01:23:04,-191.310204546276,-63.2032175997601,0,25,25,25,4,-63.2032175997601
01-Aug-2026 01:23:06,-191.515572529187,-63.4085855826715,0,25,25,25,4,-63.4085855826715
01-Aug-2026 01:23:08,-175.693039356076,-47.5860524095606,0,25,25,25,5,-47.5860524095606
01-Aug-2026 01:23:10,-175.254576030471,-47.147589083955,0,25,25,25,5,-47.147589083955
01-Aug-2026 01:23:12,-174.523846980417,-46.4168600339013,0,25,25,25,5,-46.4168600339013
01-Aug-2026 01:23:14,-174.944188148864,-46.8372012023486,0,25,25,25,6,-46.8372012023486
01-Aug-2026 01:23:16,-175.020440979541,-46.9134540330248,0,25,25,25,6,-46.9134540330248
01-Aug-2026 01:23:18,-175.683004600119,-47.5760176536036,0,25,25,25,5,-47.5760176536036
01-Aug-2026 01:23:20,-174.46047114743,-46.3534842009143,0,26,26,26,5,-25.327037899214
01-Aug-2026 01:23:22,-173.464372601371,-45.3573856548547,0,25,25,25,5,-25.6941430082628
01-Aug-2026 01:23:24,-186.576525017874,-58.4695380713581,0,25,25,25,5,-26.6570877090192
01-Aug-2026 01:23:26,-186.779650732344,-58.6726637858278,0,24,24,24,4,-26.5886076294358
01-Aug-2026 01:23:28,-155.178036066275,-27.0710491197591,0,24,24,24,4,-27.0710491197591
01-Aug-2026 01:23:30,-155.276076632148,-27.1690896856325,0,24,24,24,4,-27.1690896856325
01-Aug-2026 01:23:32,-187.417258823952,-59.3102718774365,0,24,24,24,3,-59.3102718774365
01-Aug-2026 01:23:34,-185.401957440215,-57.2949704936991,0,23,23,23,4,-57.2949704936991
01-Aug-2026 01:23:36,-184.95075022655,-56.8437632800337,0,23,23,23,4,-56.8437632800337
01-Aug-2026 01:23:38,-175.618239492842,-47.5112525463263,0,24,24,24,5,-47.5112525463263
01-Aug-2026 01:23:40,-175.683720292601,-47.5767333460856,0,24,24,24,4,-47.5767333460856
01-Aug-2026 01:23:42,-176.339748910178,-48.2327619636619,0,23,23,23,4,-48.2327619636619
01-Aug-2026 01:23:44,-176.193393645511,-48.0864066989952,0,23,23,23,4,-48.0864066989952
01-Aug-2026 01:23:46,-175.846260619101,-47.7392736725854,0,23,23,23,4,-47.7392736725854
01-Aug-2026 01:23:48,-175.778045292797,-47.6710583462813,0,23,23,23,4,-47.6710583462813
01-Aug-2026 01:23:50,-175.868691801434,-47.7617048549186,0,22,22,22,4,-47.7617048549186
01-Aug-2026 01:23:52,-175.230689605831,-47.1237026593148,0,22,22,22,4,-47.1237026593148
01-Aug-2026 01:23:54,-174.827537661828,-46.7205507153126,0,22,22,22,4,-46.7205507153126
01-Aug-2026 01:23:56,-174.806543754605,-46.6995568080894,0,22,22,22,4,-46.6995568080894
01-Aug-2026 01:23:58,-184.494441520967,-56.3874545744507,0,22,22,22,2,-56.3874545744507
01-Aug-2026 01:24:00,-183.938381749103,-55.8313948025871,0,22,22,22,2,-55.8313948025871
01-Aug-2026 01:24:02,-183.538843571074,-55.4318566245578,0,22,22,22,2,-55.4318566245578
01-Aug-2026 01:24:04,-183.993633966943,-55.8866470204267,0,22,22,22,2,-55.8866470204267
01-Aug-2026 01:24:06,-183.433843414537,-55.3268564680215,0,23,23,23,2,-55.3268564680215
01-Aug-2026 01:24:08,-162.706528570903,-34.5995416243875,0,23,23,23,2,-34.5995416243875
01-Aug-2026 01:24:10,-161.565982012864,-33.4589950663483,0,23,23,23,3,-33.4589950663483
01-Aug-2026 01:24:12,-160.120833792726,-32.0138468462101,0,23,23,23,4,-32.0138468462101
01-Aug-2026 01:24:14,-159.973663771557,-31.8666768250413,0,23,23,23,4,-31.8666768250413
01-Aug-2026 01:24:16,-159.764391075285,-31.6574041287696,0,22,22,22,5,-31.6574041287696
01-Aug-2026 01:24:18,-159.236863496902,-31.1298765503862,0,22,22,22,5,-31.1298765503862
01-Aug-2026 01:24:20,-159.272257826925,-31.1652708804088,0,22,22,22,6,-31.1652708804088
01-Aug-2026 01:24:22,-158.538715321214,-30.4317283746981,0,22,22,22,6,-30.4317283746981
01-Aug-2026 01:24:24,-156.3715603066,-28.2645733600842,0,23,23,23,6,-28.2645733600842
01-Aug-2026 01:24:26,-155.839929239292,-27.732942292776,0,23,23,23,6,-27.732942292776
01-Aug-2026 01:24:28,-156.5692616137,-28.4622746671837,0,23,23,23,6,-28.4622746671837
01-Aug-2026 01:24:30,-156.27640697013,-28.169420023614,0,23,23,23,6,-28.169420023614
01-Aug-2026 01:24:32,-155.851619707717,-27.744632761201,0,23,23,23,6,-27.744632761201
01-Aug-2026 01:24:34,-155.490753192672,-27.3837662461557,0,23,23,23,5,-27.3837662461557
01-Aug-2026 01:24:36,-155.152855983569,-27.0458690370528,0,23,23,23,4,-27.0458690370528
01-Aug-2026 01:24:38,-154.40354706305,-26.296560116534,0,24,24,24,4,-26.296560116534
01-Aug-2026 01:24:40,-154.20177880291,-26.0947918563937,0,24,24,24,4,-26.0947918563937
01-Aug-2026 01:24:42,-154.055031628949,-25.9480446824336,0,24,24,24,4,-25.9480446824336
01-Aug-2026 01:24:44,-154.404289084428,-26.2973021379118,0,24,24,24,4,-26.2973021379118
01-Aug-2026 01:24:46,-153.743141224061,-25.6361542775449,0,24,24,24,5,-25.6361542775449
01-Aug-2026 01:24:48,-153.025576147113,-24.9185892005973,0,24,24,24,5,-24.9185892005973
01-Aug-2026 01:24:50,-153.076729736617,-24.9697427901012,0,24,24,24,5,-24.9697427901012
01-Aug-2026 01:24:52,-154.202958245471,-26.0959712989551,0,24,24,24,4,-26.0959712989551
01-Aug-2026 01:24:54,-153.844202310138,-25.7372153636226,0,24,24,24,4,-25.7372153636226
01-Aug-2026 01:24:56,-154.392559307929,-26.2855723614127,0,24,24,24,4,-26.2855723614127
01-Aug-2026 01:24:58,-154.377706359413,-26.2707194128971,0,24,24,24,4,-26.2707194128971
01-Aug-2026 01:25:00,-154.240470524484,-26.1334835779681,0,24,24,24,4,-26.1334835779681
01-Aug-2026 01:25:02,-154.377402315428,-26.2704153689123,0,24,24,24,5,-26.2704153689123
01-Aug-2026 01:25:04,-154.506118859289,-26.3991319127732,0,23,23,23,6,-26.3991319127732
01-Aug-2026 01:25:06,-154.542140805689,-26.4351538591732,0,23,23,23,5,-26.4351538591732
01-Aug-2026 01:25:08,-155.399354488843,-27.292367542327,0,23,23,23,6,-27.292367542327
01-Aug-2026 01:25:10,-156.286727378219,-28.1797404317036,0,24,24,24,7,-28.1797404317036
01-Aug-2026 01:25:12,-156.868121090834,-28.7611341443178,0,24,24,24,8,-28.7611341443178
01-Aug-2026 01:25:14,-157.419719595393,-29.3127326488769,0,25,25,25,9,-29.3127326488769
01-Aug-2026 01:25:16,-161.963206650419,-33.8562197039031,0,25,25,25,9,-33.8562197039031
01-Aug-2026 01:25:18,-161.782412121652,-33.6754251751365,0,25,25,25,8,-33.6754251751365
01-Aug-2026 01:25:20,-160.996947651822,-32.8899607053061,0,25,25,25,9,-32.8899607053061
01-Aug-2026 01:25:22,-146.006090957199,-17.8991040106832,0,25,25,25,10,-17.8991040106832
01-Aug-2026 01:25:24,-147.439773621793,-19.3327866752772,0,25,25,25,9,-19.3327866752772
01-Aug-2026 01:25:26,-148.784281791266,-20.6772948447497,0,25,25,25,9,-20.6772948447497
01-Aug-2026 01:25:28,-150.751118455425,-22.6441315089091,0,25,25,25,9,-22.6441315089091
01-Aug-2026 01:25:30,-151.748058202498,-23.6410712559822,0,26,26,26,8,-23.6410712559822
01-Aug-2026 01:25:32,-152.707589509258,-24.6006025627425,0,26,26,26,8,-24.6006025627425
01-Aug-2026 01:25:34,-153.906823521999,-25.7998365754834,0,26,26,26,8,-25.7998365754834
01-Aug-2026 01:25:36,-155.282150881867,-27.1751639353508,0,26,26,26,7,-27.1751639353508
01-Aug-2026 01:25:38,-156.595445987815,-28.4884590412995,0,26,26,26,7,-28.4884590412995
01-Aug-2026 01:25:40,-175.070030537152,-46.9630435906365,0,26,26,26,7,-46.9630435906365
01-Aug-2026 01:25:42,-175.838729579427,-47.7317426329112,0,26,26,26,8,-47.7317426329112
01-Aug-2026 01:25:44,-176.053138310827,-47.9461513643113,0,26,26,26,8,-47.9461513643113
01-Aug-2026 01:25:46,-176.66891434689,-48.5619274003745,0,27,27,27,8,-48.5619274003745
01-Aug-2026 01:25:48,-177.38872492144,-49.2817379749239,0,27,27,27,7,-49.2817379749239
01-Aug-2026 01:25:50,-177.606755925561,-49.4997689790448,0,27,27,27,7,-49.4997689790448
01-Aug-2026 01:25:52,-177.756372690782,-49.6493857442666,0,28,28,28,6,-49.6493857442666
01-Aug-2026 01:25:54,-177.854642851895,-49.7476559053792,0,28,28,28,6,-49.7476559053792
01-Aug-2026 01:25:56,-178.27673973939,-50.1697527928744,0,27,27,27,5,-50.1697527928744
01-Aug-2026 01:25:58,-178.679082480299,-50.5720955337827,0,27,27,27,5,-50.5720955337827
01-Aug-2026 01:26:00,-178.741742842064,-50.6347558955481,0,27,27,27,5,-50.6347558955481
01-Aug-2026 01:26:02,-178.714743849538,-50.6077569030225,0,27,27,27,5,-50.6077569030225
01-Aug-2026 01:26:04,-178.894801129947,-50.7878141834309,0,26,26,26,5,-50.7878141834309
01-Aug-2026 01:26:06,-178.831512343916,-50.7245253973998,0,26,26,26,5,-50.7245253973998
01-Aug-2026 01:26:08,-178.523475433353,-50.4164884868367,0,26,26,26,5,-50.4164884868367
01-Aug-2026 01:26:10,-179.031849913713,-50.924862967197,0,26,26,26,5,-50.924862967197
01-Aug-2026 01:26:12,-179.226214823794,-51.1192278772778,0,26,26,26,4,-51.1192278772778
01-Aug-2026 01:26:14,-179.252336181631,-51.1453492351148,0,26,26,26,5,-51.1453492351148
01-Aug-2026 01:26:16,-179.172592450944,-51.0656055044284,0,26,26,26,5,-51.0656055044284
01-Aug-2026 01:26:18,-178.606576474037,-50.4995895275211,0,27,27,27,6,-50.4995895275211
01-Aug-2026 01:26:20,-177.513264637699,-49.4062776911827,0,27,27,27,6,-49.4062776911827
01-Aug-2026 01:26:22,-179.250431127979,-51.1434441814627,0,27,27,27,5,-51.1434441814627
01-Aug-2026 01:26:24,-179.0990116984,-50.9920247518844,0,27,27,27,4,-50.9920247518844
01-Aug-2026 01:26:26,-178.4397159891,-50.3327290425845,0,27,27,27,4,-50.3327290425845
01-Aug-2026 01:26:28,-178.293419620058,-50.1864326735417,0,27,27,27,4,-50.1864326735417
01-Aug-2026 01:26:30,-178.010587006995,-49.9036000604791,0,26,26,26,3,-49.9036000604791
01-Aug-2026 01:26:32,-177.819208727981,-49.7122217814655,0,26,26,26,3,-49.7122217814655
01-Aug-2026 01:26:34,-178.473302592239,-50.3663156457234,0,26,26,26,2,-50.3663156457234
01-Aug-2026 01:26:36,-178.119416571279,-50.0124296247628,0,26,26,26,4,-50.0124296247628
01-Aug-2026 01:26:38,-178.309360562633,-50.2023736161169,0,26,26,26,4,-50.2023736161169
01-Aug-2026 01:26:40,-177.89548070152,-49.7884937550039,0,26,26,26,5,-49.7884937550039
01-Aug-2026 01:26:42,-177.309475927637,-49.2024889811215,0,25,25,25,5,-49.2024889811215
01-Aug-2026 01:26:44,-177.252374617483,-49.1453876709674,0,25,25,25,4,-49.1453876709674
01-Aug-2026 01:26:46,-177.241871245327,-49.1348842988109,0,25,25,25,3,-49.1348842988109
01-Aug-2026 01:26:48,-177.739615902837,-49.6326289563206,0,26,26,26,4,-49.6326289563206
01-Aug-2026 01:26:50,-177.766600606916,-49.6596136604004,0,26,26,26,4,-49.6596136604004
01-Aug-2026 01:26:52,-177.778446430366,-49.6714594838497,0,26,26,26,3,-49.6714594838497
01-Aug-2026 01:26:54,-177.201038291259,-49.094051344743,0,26,26,26,2,-49.094051344743
01-Aug-2026 01:26:56,-177.578480680642,-49.4714937341258,0,26,26,26,2,-49.4714937341258
01-Aug-2026 01:26:58,-174.276616858623,-46.1696299121076,0,26,26,26,2,-46.1696299121076
01-Aug-2026 01:27:00,-177.586207422715,-49.4792204761988,0,26,26,26,1,-49.4792204761988
01-Aug-2026 01:27:02,-177.316907098628,-49.2099201521124,0,26,26,26,2,-49.2099201521124
01-Aug-2026 01:27:04,-177.844857100506,-49.7378701539899,0,26,26,26,1,-49.7378701539899
01-Aug-2026 01:27:06,-177.648037337486,-49.5410503909702,0,26,26,26,1,-49.5410503909702
01-Aug-2026 01:27:08,-177.308103593576,-49.2011166470599,0,26,26,26,1,-49.2011166470599
01-Aug-2026 01:27:10,-175.336630945567,-47.2296439990509,0,26,26,26,2,-47.2296439990509
01-Aug-2026 01:27:12,-175.576969749456,-47.4699828029397,0,25,25,25,2,-47.4699828029397
01-Aug-2026 01:27:14,-175.591149383878,-47.4841624373619,0,25,25,25,2,-47.4841624373619
01-Aug-2026 01:27:16,-175.896050321862,-47.7890633753459,0,25,25,25,2,-47.7890633753459
01-Aug-2026 01:27:18,-175.827289959952,-47.7203030134357,0,25,25,25,2,-47.7203030134357
01-Aug-2026 01:27:20,-176.079281792165,-47.9722948456491,0,25,25,25,2,-47.9722948456491
01-Aug-2026 01:27:22,-169.877889004554,-41.7709020580381,0,24,24,24,4,-41.7709020580381
01-Aug-2026 01:27:24,-170.019780650788,-41.9127937042725,0,24,24,24,5,-41.9127937042725
01-Aug-2026 01:27:26,-170.162538638917,-42.0555516924009,0,24,24,24,5,-42.0555516924009
01-Aug-2026 01:27:28,-170.477536491175,-42.3705495446594,0,24,24,24,3,-42.3705495446594
01-Aug-2026 01:27:30,-182.822903010053,-54.7159160635373,0,24,24,24,1,-54.7159160635373
01-Aug-2026 01:27:32,-183.425648007157,-55.3186610606413,0,23,23,23,1,-55.3186610606413
01-Aug-2026 01:27:34,-184.670784982565,-56.5637980360493,0,22,22,22,1,-56.5637980360493
01-Aug-2026 01:27:36,-185.222111672521,-57.1151247260056,0,22,22,22,1,-57.1151247260056
01-Aug-2026 01:27:38,-185.936955627144,-57.8299686806286,0,22,22,22,1,-57.8299686806286
01-Aug-2026 01:27:40,-185.588303268058,-57.481316321542,0,22,22,22,1,-57.481316321542
01-Aug-2026 01:27:42,-185.546367927415,-57.4393809808989,0,22,22,22,1,-57.4393809808989
01-Aug-2026 01:27:44,-185.997955718314,-57.8909687717979,0,22,22,22,2,-57.8909687717979
01-Aug-2026 01:27:46,-186.768746792762,-58.6617598462456,0,22,22,22,2,-58.6617598462456
01-Aug-2026 01:27:48,-188.012207232698,-59.9052202861822,0,22,22,22,2,-59.9052202861822
01-Aug-2026 01:27:50,-187.443404347327,-59.3364174008115,0,22,22,22,2,-59.3364174008115
01-Aug-2026 01:27:52,-184.529188943188,-56.4222019966718,0,22,22,22,5,-56.4222019966718
01-Aug-2026 01:27:54,-184.553219269207,-56.4462323226912,0,22,22,22,5,-56.4462323226912
01-Aug-2026 01:27:56,-185.074220311104,-56.9672333645885,0,23,23,23,4,-56.9672333645885
01-Aug-2026 01:27:58,-176.965657802675,-48.8586708561594,0,23,23,23,5,-48.8586708561594
01-Aug-2026 01:28:00,-177.19419988249,-49.0872129359737,0,23,23,23,5,-49.0872129359737
01-Aug-2026 01:28:02,-177.414277209323,-49.3072902628069,0,23,23,23,5,-49.3072902628069
01-Aug-2026 01:28:04,-178.057680502653,-49.9506935561371,0,23,23,23,4,-49.9506935561371
01-Aug-2026 01:28:06,-178.400062399877,-50.2930754533608,0,22,22,22,3,-50.2930754533608
01-Aug-2026 01:28:08,-178.427943154673,-50.3209562081573,0,22,22,22,3,-50.3209562081573
01-Aug-2026 01:28:10,-177.517924428858,-49.4109374823419,0,23,23,23,4,-49.4109374823419
01-Aug-2026 01:28:12,-177.560671999292,-49.4536850527759,0,23,23,23,4,-49.4536850527759
01-Aug-2026 01:28:14,-177.133807020102,-49.0268200735864,0,23,23,23,5,-49.0268200735864
01-Aug-2026 01:28:16,-177.238108476764,-49.1311215302484,0,23,23,23,5,-49.1311215302484
01-Aug-2026 01:28:18,-177.315018340998,-49.2080313944824,0,23,23,23,5,-49.2080313944824
01-Aug-2026 01:28:20,-177.619166300929,-49.5121793544133,0,23,23,23,4,-49.5121793544133
01-Aug-2026 01:28:22,-177.65526840345,-49.5482814569345,0,23,23,23,4,-49.5482814569345
01-Aug-2026 01:28:24,-177.953570384876,-49.8465834383598,0,23,23,23,3,-49.8465834383598
01-Aug-2026 01:28:26,-178.190427483015,-50.083440536499,0,23,23,23,4,-50.083440536499
01-Aug-2026 01:28:28,-169.465618295335,-41.3586313488189,0,23,23,23,5,-41.3586313488189
01-Aug-2026 01:28:30,-169.334461937767,-41.2274749912511,0,23,23,23,4,-41.2274749912511
01-Aug-2026 01:28:32,-169.19624401691,-41.089257070394,0,23,23,23,5,-41.089257070394
01-Aug-2026 01:28:34,-169.262600398513,-41.1556134519967,0,23,23,23,5,-41.1556134519967
01-Aug-2026 01:28:36,-169.465796947395,-41.3588100008792,0,24,24,24,4,-41.3588100008792
01-Aug-2026 01:28:38,-169.756801000883,-41.6498140543671,0,24,24,24,5,-41.6498140543671
01-Aug-2026 01:28:40,-158.746128482375,-30.639141535859,0,24,24,24,5,-30.639141535859
01-Aug-2026 01:28:42,-158.935865193684,-30.8288782471678,0,24,24,24,6,-30.8288782471678
01-Aug-2026 01:28:44,-158.788459030224,-30.6814720837082,0,24,24,24,6,-30.6814720837082
01-Aug-2026 01:28:46,-159.090472001958,-30.9834850554417,0,24,24,24,7,-30.9834850554417
01-Aug-2026 01:28:48,-159.34208689442,-31.2350999479037,0,24,24,24,7,-31.2350999479037
01-Aug-2026 01:28:50,-158.881200866942,-30.7742139204265,0,24,24,24,7,-30.7742139204265
01-Aug-2026 01:28:52,-159.516310171981,-31.4093232254651,0,24,24,24,7,-31.4093232254651
01-Aug-2026 01:28:54,-159.953153533653,-31.8461665871376,0,23,23,23,7,-31.8461665871376
01-Aug-2026 01:28:56,-160.011635388397,-31.9046484418814,0,23,23,23,7,-31.9046484418814
01-Aug-2026 01:28:58,-161.607538695743,-33.5005517492272,0,25,25,25,5,-33.5005517492272
01-Aug-2026 01:29:00,-161.352706077777,-33.245719131261,0,25,25,25,5,-33.245719131261
01-Aug-2026 01:29:02,-161.444297620773,-33.337310674257,0,25,25,25,4,-33.337310674257
01-Aug-2026 01:29:04,-161.88919918031,-33.7822122337944,0,25,25,25,5,-33.7822122337944
01-Aug-2026 01:29:06,-161.463963706982,-33.3569767604664,0,25,25,25,5,-33.3569767604664
01-Aug-2026 01:29:08,-161.733168796946,-33.6261818504304,0,25,25,25,5,-33.6261818504304
01-Aug-2026 01:29:10,-161.863364136114,-33.7563771895986,0,25,25,25,5,-33.7563771895986
01-Aug-2026 01:29:12,-161.864929385129,-33.7579424386128,0,25,25,25,5,-33.7579424386128
01-Aug-2026 01:29:14,-185.421662367702,-57.314675421186,0,25,25,25,3,-57.314675421186
01-Aug-2026 01:29:16,-184.594445649992,-56.4874587034759,0,25,25,25,3,-56.4874587034759
01-Aug-2026 01:29:18,-184.878765576922,-56.7717786304064,0,25,25,25,3,-56.7717786304064
01-Aug-2026 01:29:20,-185.525874741248,-57.4188877947322,0,26,26,26,3,-57.4188877947322
01-Aug-2026 01:29:22,-184.707913942292,-56.6009269957761,0,26,26,26,3,-56.6009269957761
01-Aug-2026 01:29:24,-184.393209434887,-56.2862224883708,0,26,26,26,4,-56.2862224883708
01-Aug-2026 01:29:26,-184.263343501796,-56.15635655528,0,26,26,26,5,-56.15635655528
01-Aug-2026 01:29:28,-184.715049369054,-56.6080624225382,0,26,26,26,4,-56.6080624225382
01-Aug-2026 01:29:30,-180.377474185444,-52.2704872389283,0,26,26,26,5,-52.2704872389283
01-Aug-2026 01:29:32,-180.41541655749,-52.3084296109744,0,26,26,26,5,-52.3084296109744
01-Aug-2026 01:29:34,-180.666212892122,-52.5592259456056,0,26,26,26,4,-52.5592259456056
01-Aug-2026 01:29:36,-180.414067568763,-52.3070806222473,0,27,27,27,4,-52.3070806222473
01-Aug-2026 01:29:38,-182.707192912719,-54.600205966203,0,27,27,27,2,-54.600205966203
01-Aug-2026 01:29:40,-182.538123774406,-54.4311368278898,0,27,27,27,2,-54.4311368278898
01-Aug-2026 01:29:42,-189.133709476657,-61.0267225301408,0,28,28,28,2,-61.0267225301408
01-Aug-2026 01:29:44,-170.401703927387,-42.2947169808716,0,28,28,28,2,-42.2947169808716
01-Aug-2026 01:29:46,-170.16320348262,-42.0562165361043,0,28,28,28,3,-42.0562165361043
01-Aug-2026 01:29:48,-170.500281144927,-42.3932941984113,0,28,28,28,3,-42.3932941984113
01-Aug-2026 01:29:50,-170.769876112412,-42.6628891658962,0,27,27,27,4,-42.6628891658962
01-Aug-2026 01:29:52,-170.76030939563,-42.6533224491146,0,27,27,27,5,-42.6533224491146
01-Aug-2026 01:29:54,-170.752306857007,-42.6453199104916,0,26,26,26,5,-42.6453199104916
01-Aug-2026 01:29:56,-170.250499385758,-42.1435124392425,0,26,26,26,6,-42.1435124392425
01-Aug-2026 01:29:58,-170.708770262039,-42.601783315523,0,26,26,26,6,-42.601783315523
01-Aug-2026 01:30:00,-171.12194894601,-43.0149619994939,0,26,26,26,6,-43.0149619994939
01-Aug-2026 01:30:02,-170.932061666149,-42.825074719633,0,26,26,26,6,-42.825074719633
01-Aug-2026 01:30:04,-171.346977971456,-43.2399910249403,0,26,26,26,6,-43.2399910249403
01-Aug-2026 01:30:06,-171.451336243504,-43.3443492969881,0,26,26,26,5,-43.3443492969881
01-Aug-2026 01:30:08,-171.364304202442,-43.2573172559257,0,27,27,27,5,-43.2573172559257
01-Aug-2026 01:30:10,-164.167937113103,-36.0609501665872,0,27,27,27,5,-36.0609501665872
01-Aug-2026 01:30:12,-164.13150187787,-36.024514931354,0,27,27,27,6,-36.024514931354
01-Aug-2026 01:30:14,-164.135737168536,-36.0287502220205,0,27,27,27,7,-36.0287502220205
01-Aug-2026 01:30:16,-164.295224880986,-36.1882379344702,0,27,27,27,9,-36.1882379344702
01-Aug-2026 01:30:18,-164.065801002479,-35.9588140559634,0,28,28,28,9,-35.9588140559634
01-Aug-2026 01:30:20,-164.288175352618,-36.1811884061017,0,26,26,26,8,-36.1811884061017
01-Aug-2026 01:30:22,-164.740495080077,-36.633508133561,0,26,26,26,8,-36.633508133561
01-Aug-2026 01:30:24,-165.018013034023,-36.9110260875071,0,26,26,26,8,-36.9110260875071
01-Aug-2026 01:30:26,-164.776869049578,-36.6698821030619,0,26,26,26,9,-36.6698821030619
01-Aug-2026 01:30:28,-164.063986598597,-35.9569996520807,0,26,26,26,8,-35.9569996520807
01-Aug-2026 01:30:30,-164.027621721008,-35.920634774492,0,26,26,26,8,-35.920634774492
01-Aug-2026 01:30:32,-163.877494051392,-35.7705071048766,0,26,26,26,7,-35.7705071048766
01-Aug-2026 01:30:34,-163.74394307529,-35.6369561287739,0,26,26,26,7,-35.6369561287739
01-Aug-2026 01:30:36,-163.802983862502,-35.6959969159859,0,26,26,26,6,-35.6959969159859
01-Aug-2026 01:30:38,-163.71616329819,-35.6091763516746,0,26,26,26,6,-35.6091763516746
01-Aug-2026 01:30:40,-163.073866749794,-34.9668798032782,0,26,26,26,5,-34.9668798032782
01-Aug-2026 01:30:42,-163.282195243517,-35.1752082970009,0,26,26,26,6,-35.1752082970009
01-Aug-2026 01:30:44,-163.667353484068,-35.5603665375525,0,26,26,26,6,-28.1769752803159
01-Aug-2026 01:30:46,-156.531370802834,-28.4243838563184,0,26,26,26,6,-28.4243838563184
01-Aug-2026 01:30:48,-156.660999587896,-28.5540126413805,0,26,26,26,6,-28.5540126413805
01-Aug-2026 01:30:50,-162.401229680147,-34.2942427336309,0,26,26,26,5,-34.2942427336309
01-Aug-2026 01:30:52,-162.398933260863,-34.2919463143475,0,26,26,26,5,-34.2919463143475
01-Aug-2026 01:30:54,-162.154078280695,-34.0470913341794,0,26,26,26,4,-34.0470913341794
01-Aug-2026 01:30:56,-161.879646115958,-33.772659169442,0,26,26,26,4,-33.772659169442
01-Aug-2026 01:30:58,-161.848669773126,-33.7416828266097,0,26,26,26,5,-33.7416828266097
01-Aug-2026 01:31:00,-162.12487338135,-34.0178864348342,0,26,26,26,3,-34.0178864348342
01-Aug-2026 01:31:02,-161.924127313008,-33.8171403664923,0,25,25,25,3,-33.8171403664923
01-Aug-2026 01:31:04,-162.001487096394,-33.8945001498786,0,25,25,25,4,-33.8945001498786
01-Aug-2026 01:31:06,-162.080658974888,-33.9736720283717,0,25,25,25,4,-33.9736720283717
01-Aug-2026 01:31:08,-151.6914207551,-23.5844338085839,0,25,25,25,4,-23.5844338085839
01-Aug-2026 01:31:10,-149.256105406176,-21.1491184596606,0,24,24,24,4,-21.1491184596606
01-Aug-2026 01:31:12,-149.402086268528,-21.2950993220122,0,24,24,24,5,-21.2950993220122
01-Aug-2026 01:31:14,-149.63964016037,-21.5326532138536,0,24,24,24,6,-21.5326532138536
01-Aug-2026 01:31:16,-149.555166786508,-21.4481798399923,0,24,24,24,6,-21.4481798399923
01-Aug-2026 01:31:18,-150.158228022304,-22.0512410757878,0,22,22,22,7,-22.0512410757878
01-Aug-2026 01:31:20,-149.970272687282,-21.8632857407665,0,23,23,23,7,-21.8632857407665
01-Aug-2026 01:31:22,-149.891789955184,-21.7848030086682,0,23,23,23,8,-21.7848030086682
01-Aug-2026 01:31:24,-149.484554596574,-21.3775676500584,0,23,23,23,8,-21.3775676500584
01-Aug-2026 01:31:26,-149.177539745432,-21.0705527989158,0,23,23,23,7,-21.0705527989158
01-Aug-2026 01:31:28,-148.605506473346,-20.4985195268302,0,23,23,23,5,-20.4985195268302
01-Aug-2026 01:31:30,-148.532092252168,-20.4251053056521,0,23,23,23,6,-20.4251053056521
01-Aug-2026 01:31:32,-165.092255465446,-36.9852685189305,0,23,23,23,5,-20.1649954612618
01-Aug-2026 01:31:34,-165.058380003086,-36.9513930565697,0,22,22,22,5,-19.9165157808606
01-Aug-2026 01:31:36,-164.949395317199,-36.8424083706827,0,22,22,22,5,-19.692402957707
01-Aug-2026 01:31:38,-164.906583384127,-36.7995964376111,0,22,22,22,6,-19.4765681970741
01-Aug-2026 01:31:40,-164.599959668304,-36.4929727217882,0,22,22,22,6,-36.4929727217882
01-Aug-2026 01:31:42,-164.524618182291,-36.417631235775,0,22,22,22,6,-36.417631235775
01-Aug-2026 01:31:44,-164.482217526126,-36.3752305796097,0,23,23,23,8,-36.3752305796097
01-Aug-2026 01:31:46,-163.87815008073,-35.7711631342144,0,23,23,23,8,-35.7711631342144
01-Aug-2026 01:31:48,-163.800447268286,-35.6934603217701,0,23,23,23,8,-35.6934603217701
01-Aug-2026 01:31:50,-163.592872902868,-35.4858859563517,0,23,23,23,8,-35.4858859563517
01-Aug-2026 01:31:52,-174.01210082937,-45.9051138828538,0,23,23,23,7,-45.9051138828538
01-Aug-2026 01:31:54,-174.775996125826,-46.6690091793101,0,23,23,23,7,-46.6690091793101
01-Aug-2026 01:31:56,-174.472312478362,-46.3653255318463,0,24,24,24,8,-46.3653255318463
01-Aug-2026 01:31:58,-175.706396025393,-47.5994090788769,0,23,23,23,6,-47.5994090788769
01-Aug-2026 01:32:00,-175.869397784594,-47.7624108380782,0,23,23,23,6,-47.7624108380782
01-Aug-2026 01:32:02,-188.53586698544,-60.4288800389243,0,23,23,23,5,-60.4288800389243
01-Aug-2026 01:32:04,-188.546468131547,-60.4394811850307,0,23,23,23,5,-60.4394811850307
01-Aug-2026 01:32:06,-174.353722085376,-46.2467351388602,0,23,23,23,6,-46.2467351388602
01-Aug-2026 01:32:08,-158.22034803849,-30.1133610919738,0,23,23,23,6,-30.1133610919738
01-Aug-2026 01:32:10,-158.028468619865,-29.9214816733493,0,23,23,23,6,-29.9214816733493
01-Aug-2026 01:32:12,-157.753415537885,-29.6464285913693,0,23,23,23,6,-29.6464285913693
01-Aug-2026 01:32:14,-157.508764436136,-29.4017774896204,0,23,23,23,7,-29.4017774896204
01-Aug-2026 01:32:16,-157.923178926311,-29.8161919797955,0,23,23,23,6,-29.8161919797955
01-Aug-2026 01:32:18,-157.542954040342,-29.4359670938264,0,23,23,23,6,-29.4359670938264
01-Aug-2026 01:32:20,-157.16874026928,-29.0617533227643,0,23,23,23,6,-29.0617533227643
01-Aug-2026 01:32:22,-156.688509283631,-28.5815223371151,0,23,23,23,5,-28.5815223371151
01-Aug-2026 01:32:24,-156.729047969237,-28.6220610227211,0,23,23,23,5,-28.6220610227211
01-Aug-2026 01:32:26,-173.938228310085,-45.8312413635689,0,23,23,23,3,-45.8312413635689
01-Aug-2026 01:32:28,-173.839540968629,-45.7325540221127,0,23,23,23,3,-45.7325540221127
01-Aug-2026 01:32:30,-172.976770686799,-44.869783740283,0,23,23,23,3,-44.869783740283
01-Aug-2026 01:32:32,-173.75681958742,-45.6498326409041,0,23,23,23,3,-45.6498326409041
01-Aug-2026 01:32:34,-174.425860528281,-46.318873581765,0,23,23,23,3,-46.318873581765
01-Aug-2026 01:32:36,-174.529439149861,-46.4224522033452,0,24,24,24,3,-46.4224522033452
01-Aug-2026 01:32:38,-174.036233471793,-45.9292465252771,0,24,24,24,3,-45.9292465252771
01-Aug-2026 01:32:40,-174.381447692112,-46.2744607455959,0,24,24,24,3,-46.2744607455959
01-Aug-2026 01:32:42,-174.47738813023,-46.3704011837137,0,24,24,24,3,-23.7546686946002
01-Aug-2026 01:32:44,-171.052129570107,-42.9451426235912,0,24,24,24,4,-24.1616823969612
01-Aug-2026 01:32:46,-153.420791055027,-25.3138041085114,0,25,25,25,5,-25.3138041085114
01-Aug-2026 01:32:48,-154.163992244957,-26.0570052984411,0,25,25,25,5,-26.0570052984411
01-Aug-2026 01:32:50,-154.337235687577,-26.2302487410608,0,25,25,25,6,-26.2302487410608
01-Aug-2026 01:32:52,-154.796699176539,-26.6897122300226,0,25,25,25,7,-26.6897122300226
01-Aug-2026 01:32:54,-155.112868337943,-27.0058813914275,0,25,25,25,7,-27.0058813914275
01-Aug-2026 01:32:56,-155.206467723202,-27.0994807766857,0,25,25,25,5,-27.0994807766857
01-Aug-2026 01:32:58,-155.602095613293,-27.4951086667771,0,25,25,25,5,-27.4951086667771
01-Aug-2026 01:33:00,-156.109497165045,-28.0025102185292,0,25,25,25,5,-28.0025102185292
01-Aug-2026 01:33:02,-156.286222077151,-28.1792351306354,0,25,25,25,4,-28.1792351306354
01-Aug-2026 01:33:04,-156.993089359172,-28.886102412656,0,25,25,25,4,-28.886102412656
01-Aug-2026 01:33:06,-156.621483733254,-28.5144967867381,0,25,25,25,4,-28.5144967867381
01-Aug-2026 01:33:08,-157.203676433888,-29.0966894873717,0,25,25,25,4,-29.0966894873717
01-Aug-2026 01:33:10,-157.432201181827,-29.325214235311,0,25,25,25,5,-29.325214235311
01-Aug-2026 01:33:12,-169.704709529274,-41.5977225827581,0,26,26,26,4,-41.5977225827581
01-Aug-2026 01:33:14,-170.34771508583,-42.2407281393143,0,26,26,26,3,-42.2407281393143
01-Aug-2026 01:33:16,-170.170480755127,-42.0634938086108,0,26,26,26,3,-42.0634938086108
01-Aug-2026 01:33:18,-169.656020506814,-41.5490335602979,0,26,26,26,3,-41.5490335602979
01-Aug-2026 01:33:20,-169.406964718988,-41.2999777724718,0,26,26,26,4,-41.2999777724718
01-Aug-2026 01:33:22,-168.97313344798,-40.8661465014646,0,26,26,26,4,-40.8661465014646
01-Aug-2026 01:33:24,-168.892379639419,-40.7853926929034,0,26,26,26,4,-40.7853926929034
01-Aug-2026 01:33:26,-169.202847262807,-41.0958603162911,0,27,27,27,5,-41.0958603162911
01-Aug-2026 01:33:28,-169.518619075441,-41.4116321289253,0,27,27,27,5,-41.4116321289253
01-Aug-2026 01:33:30,-168.864531224592,-40.757544278076,0,27,27,27,4,-40.757544278076
01-Aug-2026 01:33:32,-168.798541343021,-40.6915543965055,0,28,28,28,5,-40.6915543965055
01-Aug-2026 01:33:34,-168.902439742204,-40.7954527956886,0,28,28,28,5,-40.7954527956886
01-Aug-2026 01:33:36,-168.479920957941,-40.3729340114249,0,28,28,28,5,-40.3729340114249
01-Aug-2026 01:33:38,-168.783604610028,-40.676617663512,0,28,28,28,5,-40.676617663512
01-Aug-2026 01:33:40,-168.849965176802,-40.7429782302864,0,28,28,28,6,-40.7429782302864
01-Aug-2026 01:33:42,-168.825640234916,-40.7186532883997,0,27,27,27,5,-40.7186532883997
01-Aug-2026 01:33:44,-168.698996346119,-40.5920093996031,0,27,27,27,5,-40.5920093996031
01-Aug-2026 01:33:46,-170.427690285083,-42.3207033385672,0,26,26,26,5,-42.3207033385672
01-Aug-2026 01:33:48,-170.064391160685,-41.9574042141691,0,26,26,26,6,-41.9574042141691
01-Aug-2026 01:33:50,-169.90407839377,-41.7970914472537,0,27,27,27,6,-41.7970914472537
01-Aug-2026 01:33:52,-169.508816615748,-41.4018296692323,0,27,27,27,6,-41.4018296692323
01-Aug-2026 01:33:54,-169.408262578648,-41.301275632132,0,27,27,27,6,-41.301275632132
01-Aug-2026 01:33:56,-169.50519536659,-41.398208420074,0,27,27,27,6,-41.398208420074
01-Aug-2026 01:33:58,-169.365418114112,-41.2584311675966,0,27,27,27,6,-41.2584311675966
01-Aug-2026 01:34:00,-167.890986022119,-39.7839990756029,0,27,27,27,6,-39.7839990756029
01-Aug-2026 01:34:02,-167.663983476628,-39.5569965301125,0,27,27,27,7,-39.5569965301125
01-Aug-2026 01:34:04,-167.497225066173,-39.3902381196572,0,27,27,27,7,-39.3902381196572
01-Aug-2026 01:34:06,-167.305482148364,-39.1984952018477,0,27,27,27,6,-39.1984952018477
01-Aug-2026 01:34:08,-167.385249730975,-39.2782627844595,0,26,26,26,5,-39.2782627844595
01-Aug-2026 01:34:10,-166.816192581994,-38.7092056354782,0,26,26,26,6,-38.7092056354782
01-Aug-2026 01:34:12,-166.634977677693,-38.5279907311767,0,26,26,26,6,-38.5279907311767
01-Aug-2026 01:34:14,-166.772018354757,-38.6650314082416,0,26,26,26,5,-38.6650314082416
01-Aug-2026 01:34:16,-166.272504488227,-38.1655175417112,0,26,26,26,5,-38.1655175417112
01-Aug-2026 01:34:18,-166.623236042827,-38.5162490963108,0,26,26,26,4,-38.5162490963108
01-Aug-2026 01:34:20,-166.283167316075,-38.1761803695589,0,26,26,26,4,-38.1761803695589
01-Aug-2026 01:34:22,-165.976484215023,-37.8694972685074,0,26,26,26,5,-37.8694972685074
01-Aug-2026 01:34:24,-165.800593637005,-37.693606690489,0,26,26,26,4,-37.693606690489
01-Aug-2026 01:34:26,-164.675527326647,-36.5685403801309,0,26,26,26,5,-36.5685403801309
01-Aug-2026 01:34:28,-167.309827380974,-39.2028404344584,0,26,26,26,3,-39.2028404344584
01-Aug-2026 01:34:30,-167.219314255513,-39.1123273089971,0,26,26,26,4,-39.1123273089971
01-Aug-2026 01:34:32,-166.934438090316,-38.8274511438005,0,26,26,26,5,-38.8274511438005
01-Aug-2026 01:34:34,-166.730796438352,-38.6238094918358,0,26,26,26,4,-38.6238094918358
01-Aug-2026 01:34:36,-166.594961386742,-38.4879744402257,0,26,26,26,4,-38.4879744402257
01-Aug-2026 01:34:38,-166.595956790316,-38.4889698438002,0,26,26,26,4,-38.4889698438002
01-Aug-2026 01:34:40,-166.790060539498,-38.6830735929822,0,26,26,26,3,-38.6830735929822
01-Aug-2026 01:34:42,-167.305366438017,-39.198379491501,0,26,26,26,3,-39.198379491501
01-Aug-2026 01:34:44,-167.498150399993,-39.3911634534776,0,26,26,26,4,-39.3911634534776
01-Aug-2026 01:34:46,-166.967655172854,-38.8606682263381,0,26,26,26,3,-38.8606682263381
01-Aug-2026 01:34:48,-154.465621960061,-26.358635013545,0,26,26,26,4,-26.358635013545
01-Aug-2026 01:34:50,-154.076662661616,-25.9696757151003,0,25,25,25,3,-25.9696757151003
01-Aug-2026 01:34:52,-154.554943174905,-26.4479562283887,0,25,25,25,3,-26.4479562283887
01-Aug-2026 01:34:54,-166.858771974918,-38.7517850284026,0,25,25,25,2,-38.7517850284026
01-Aug-2026 01:34:56,-166.904755314188,-38.7977683676718,0,25,25,25,2,-38.7977683676718
01-Aug-2026 01:34:58,-190.440756025077,-62.3337690785608,0,24,24,24,1,-62.3337690785608
01-Aug-2026 01:35:00,-167.093254190591,-38.9862672440752,0,23,23,23,3,-38.9862672440752
01-Aug-2026 01:35:02,-167.679652340393,-39.5726653938775,0,23,23,23,2,-39.5726653938775
01-Aug-2026 01:35:04,-167.220390291098,-39.1134033445825,0,23,23,23,2,-39.1134033445825
01-Aug-2026 01:35:06,-167.370093866704,-39.2631069201886,0,23,23,23,2,-39.2631069201886
01-Aug-2026 01:35:08,-167.04796007086,-38.9409731243444,0,22,22,22,2,-38.9409731243444
01-Aug-2026 01:35:10,-167.580520454602,-39.4735335080866,0,23,23,23,2,-39.4735335080866
01-Aug-2026 01:35:12,-167.024726024407,-38.9177390778907,0,23,23,23,2,-38.9177390778907
01-Aug-2026 01:35:14,-166.03807693231,-37.9310899857938,0,23,23,23,2,-37.9310899857938
01-Aug-2026 01:35:16,-165.856870801364,-37.7498838548483,0,23,23,23,2,-37.7498838548483
01-Aug-2026 01:35:18,-165.619001464897,-37.5120145183808,0,23,23,23,2,-37.5120145183808
01-Aug-2026 01:35:20,-188.062819277934,-59.9558323314183,0,23,23,23,1,-59.9558323314183
01-Aug-2026 01:35:22,-187.581499770967,-59.4745128244507,0,23,23,23,1,-59.4745128244507
01-Aug-2026 01:35:24,-3076.52655568589,-2948.41956873937,0,23,23,23,0,-2948.41956873937
01-Aug-2026 01:35:26,-3076.52655568589,-2948.41956873937,0,23,23,23,0,-2948.41956873937
01-Aug-2026 01:35:28,-3076.52655568589,-2948.41956873937,0,23,23,23,0,-2948.41956873937
01-Aug-2026 01:35:30,-3076.52655568589,-2948.41956873937,0,23,23,23,0,-2948.41956873937
01-Aug-2026 01:35:32,-3076.52655568589,-2948.41956873937,0,23,23,23,0,-2948.41956873937
01-Aug-2026 01:35:34,-185.326334988996,-57.2193480424804,0,23,23,23,1,-57.2193480424804
01-Aug-2026 01:35:36,-185.19904700316,-57.0920600566439,0,23,23,23,1,-57.0920600566439
01-Aug-2026 01:35:38,-163.912148040786,-35.8051610942705,0,23,23,23,1,-35.8051610942705
01-Aug-2026 01:35:40,-163.548525036846,-35.4415380903301,0,23,23,23,1,-35.4415380903301
01-Aug-2026 01:35:42,-163.429984108168,-35.3229971616523,0,23,23,23,1,-35.3229971616523
01-Aug-2026 01:35:44,-162.932338537087,-34.8253515905711,0,24,24,24,2,-34.8253515905711
01-Aug-2026 01:35:46,-162.628949150784,-34.5219622042679,0,24,24,24,2,-34.5219622042679
01-Aug-2026 01:35:48,-162.690786294191,-34.5837993476756,0,23,23,23,2,-34.5837993476756
01-Aug-2026 01:35:50,-183.222746646542,-55.1157597000263,0,23,23,23,2,-55.1157597000263
01-Aug-2026 01:35:52,-183.819228984443,-55.7122420379269,0,23,23,23,2,-55.7122420379269
01-Aug-2026 01:35:54,-183.752875649749,-55.6458887032332,0,23,23,23,2,-55.6458887032332
01-Aug-2026 01:35:56,-183.936983358748,-55.8299964122318,0,23,23,23,2,-55.8299964122318
01-Aug-2026 01:35:58,-183.742342338993,-55.6353553924775,0,23,23,23,2,-55.6353553924775
01-Aug-2026 01:36:00,-184.093118654864,-55.9861317083483,0,23,23,23,2,-55.9861317083483
01-Aug-2026 01:36:02,-183.554713826859,-55.4477268803436,0,23,23,23,4,-55.4477268803436
01-Aug-2026 01:36:04,-182.821168711846,-54.7141817653305,0,23,23,23,4,-54.7141817653305
01-Aug-2026 01:36:06,-183.184965077728,-55.0779781312125,0,23,23,23,4,-55.0779781312125
01-Aug-2026 01:36:08,-183.474599912395,-55.3676129658787,0,23,23,23,4,-55.3676129658787
01-Aug-2026 01:36:10,-183.567530915234,-55.460543968718,0,23,23,23,4,-55.460543968718
01-Aug-2026 01:36:12,-184.283827963535,-56.1768410170187,0,23,23,23,3,-56.1768410170187
01-Aug-2026 01:36:14,-192.970988350946,-64.8640014044304,0,23,23,23,2,-64.8640014044304
01-Aug-2026 01:36:16,-192.186606364491,-64.0796194179749,0,23,23,23,2,-64.0796194179749
01-Aug-2026 01:36:18,-191.944604868604,-63.8376179220877,0,23,23,23,2,-63.8376179220877
01-Aug-2026 01:36:20,-191.515212115682,-63.4082251691664,0,23,23,23,2,-63.4082251691664
01-Aug-2026 01:36:22,-191.494615153631,-63.3876282071148,0,23,23,23,2,-63.3876282071148
01-Aug-2026 01:36:24,-187.372166618145,-59.2651796716295,0,23,23,23,3,-59.2651796716295
01-Aug-2026 01:36:26,-165.44655756168,-37.3395706151643,0,23,23,23,4,-37.3395706151643
01-Aug-2026 01:36:28,-164.470400387338,-36.3634134408226,0,23,23,23,4,-36.3634134408226
01-Aug-2026 01:36:30,-164.4499729108,-36.3429859642841,0,24,24,24,5,-36.3429859642841
01-Aug-2026 01:36:32,-157.698684962572,-29.5916980160562,0,24,24,24,5,-29.5916980160562
01-Aug-2026 01:36:34,-151.369020980666,-23.2620340341505,0,24,24,24,5,-23.2620340341505
01-Aug-2026 01:36:36,-151.679206908744,-23.5722199622286,0,24,24,24,5,-23.5722199622286
01-Aug-2026 01:36:38,-152.651939634653,-24.5449526881375,0,25,25,25,5,-24.5449526881375
01-Aug-2026 01:36:40,-153.070301948764,-24.9633150022481,0,25,25,25,5,-24.9633150022481
01-Aug-2026 01:36:42,-145.220685418165,-17.113698471649,0,25,25,25,8,-17.113698471649
01-Aug-2026 01:36:44,-146.434272055577,-18.3272851090608,0,25,25,25,9,-18.3272851090608
01-Aug-2026 01:36:46,-146.701034227323,-18.594047280807,0,25,25,25,9,-18.594047280807
01-Aug-2026 01:36:48,-148.226548614294,-20.1195616677786,0,25,25,25,7,-20.1195616677786
01-Aug-2026 01:36:50,-149.031865845896,-20.9248788993804,0,25,25,25,7,-20.9248788993804
01-Aug-2026 01:36:52,-150.302607300113,-22.1956203535972,0,25,25,25,7,-22.1956203535972
01-Aug-2026 01:36:54,-151.396496382821,-23.2895094363051,0,25,25,25,7,-23.2895094363051
01-Aug-2026 01:36:56,-152.280499310515,-24.1735123639987,0,25,25,25,6,-24.1735123639987
01-Aug-2026 01:36:58,-163.962530587707,-35.8555436411908,0,25,25,25,5,-35.8555436411908
01-Aug-2026 01:37:00,-163.312874019435,-35.2058870729187,0,25,25,25,5,-35.2058870729187
01-Aug-2026 01:37:02,-162.6083787393,-34.5013917927844,0,26,26,26,6,-34.5013917927844
01-Aug-2026 01:37:04,-162.342019671375,-34.2350327248589,0,26,26,26,6,-34.2350327248589
01-Aug-2026 01:37:06,-162.052764689199,-33.9457777426836,0,26,26,26,5,-33.9457777426836
01-Aug-2026 01:37:08,-162.132244909641,-34.0252579631249,0,26,26,26,5,-34.0252579631249
01-Aug-2026 01:37:10,-189.528461431756,-61.4214744852405,0,26,26,26,4,-61.4214744852405
01-Aug-2026 01:37:12,-189.651929842197,-61.5449428956809,0,26,26,26,4,-61.5449428956809
01-Aug-2026 01:37:14,-190.134470942132,-62.0274839956165,0,26,26,26,4,-62.0274839956165
01-Aug-2026 01:37:16,-191.372767627475,-63.2657806809589,0,27,27,27,3,-63.2657806809589
01-Aug-2026 01:37:18,-164.563722097116,-36.4567351506003,0,27,27,27,4,-36.4567351506003
01-Aug-2026 01:37:20,-163.6950362558,-35.588049309284,0,27,27,27,4,-35.588049309284
01-Aug-2026 01:37:22,-164.093939378038,-35.9869524315219,0,27,27,27,4,-35.9869524315219
01-Aug-2026 01:37:24,-163.714779110117,-35.6077921636013,0,29,29,29,5,-35.6077921636013
01-Aug-2026 01:37:26,-176.056449053693,-47.9494621071769,0,29,29,29,5,-47.9494621071769
01-Aug-2026 01:37:28,-175.770775936844,-47.6637889903282,0,29,29,29,6,-47.6637889903282
01-Aug-2026 01:37:30,-175.22714795003,-47.120161003514,0,29,29,29,6,-47.120161003514
01-Aug-2026 01:37:32,-175.090371817431,-46.9833848709152,0,29,29,29,6,-46.9833848709152
01-Aug-2026 01:37:34,-175.128631109116,-47.0216441626003,0,27,27,27,5,-47.0216441626003
01-Aug-2026 01:37:36,-175.5509990135,-47.4440120669839,0,26,26,26,4,-47.4440120669839
01-Aug-2026 01:37:38,-175.399563337544,-47.2925763910279,0,26,26,26,4,-47.2925763910279
01-Aug-2026 01:37:40,-174.988882165803,-46.8818952192869,0,26,26,26,3,-46.8818952192869
01-Aug-2026 01:37:42,-174.712544862327,-46.6055579158112,0,26,26,26,3,-46.6055579158112
01-Aug-2026 01:37:44,-173.201056462531,-45.0940695160155,0,26,26,26,4,-45.0940695160155
01-Aug-2026 01:37:46,-173.545600364217,-45.4386134177012,0,26,26,26,4,-45.4386134177012
01-Aug-2026 01:37:48,-173.376451706172,-45.2694647596561,0,26,26,26,4,-45.2694647596561
01-Aug-2026 01:37:50,-175.131188251588,-47.024201305072,0,27,27,27,5,-47.024201305072
01-Aug-2026 01:37:52,-175.158562673625,-47.0515757271088,0,27,27,27,4,-47.0515757271088
01-Aug-2026 01:37:54,-175.250109010789,-47.1431220642731,0,27,27,27,4,-47.1431220642731
01-Aug-2026 01:37:56,-175.473224494228,-47.366237547712,0,26,26,26,4,-47.366237547712
01-Aug-2026 01:37:58,-173.548614619107,-45.4416276725908,0,26,26,26,5,-45.4416276725908
01-Aug-2026 01:38:00,-173.521225150158,-45.4142382036422,0,26,26,26,7,-45.4142382036422
01-Aug-2026 01:38:02,-173.827838186859,-45.7208512403427,0,26,26,26,7,-45.7208512403427
01-Aug-2026 01:38:04,-174.248911399889,-46.1419244533736,0,26,26,26,6,-46.1419244533736
01-Aug-2026 01:38:06,-177.547365598678,-49.4403786521625,0,26,26,26,5,-49.4403786521625
01-Aug-2026 01:38:08,-178.006667140531,-49.8996801940148,0,26,26,26,4,-49.8996801940148
01-Aug-2026 01:38:10,-178.106501114959,-49.9995141684431,0,26,26,26,4,-49.9995141684431
01-Aug-2026 01:38:12,-177.966613383187,-49.859626436671,0,26,26,26,4,-49.859626436671
01-Aug-2026 01:38:14,-178.044516742598,-49.9375297960823,0,26,26,26,4,-49.9375297960823
01-Aug-2026 01:38:16,-162.668667296198,-34.5616803496817,0,26,26,26,5,-34.5616803496817
01-Aug-2026 01:38:18,-162.394270987202,-34.2872840406858,0,26,26,26,5,-34.2872840406858
01-Aug-2026 01:38:20,-161.85494537327,-33.7479584267539,0,26,26,26,5,-33.7479584267539
01-Aug-2026 01:38:22,-161.760564852949,-33.6535779064332,0,26,26,26,5,-33.6535779064332
01-Aug-2026 01:38:24,-161.622961900916,-33.5159749544001,0,26,26,26,6,-19.3725211468213
01-Aug-2026 01:38:26,-148.274189672769,-20.1672027262535,0,26,26,26,6,-20.1672027262535
01-Aug-2026 01:38:28,-148.428019305241,-20.3210323587255,0,26,26,26,8,-20.3210323587255
01-Aug-2026 01:38:30,-149.540252202731,-21.4332652562152,0,26,26,26,9,-21.4332652562152
01-Aug-2026 01:38:32,-150.813566757865,-22.7065798113493,0,26,26,26,8,-22.7065798113493
01-Aug-2026 01:38:34,-151.604184767204,-23.4971978206883,0,26,26,26,8,-23.4971978206883
01-Aug-2026 01:38:36,-160.703110055275,-32.5961231087587,0,26,26,26,7,-21.7981850886517
01-Aug-2026 01:38:38,-167.902320270499,-39.7953333239828,0,26,26,26,6,-22.4920294948708
01-Aug-2026 01:38:40,-168.062938653005,-39.9559517064895,0,25,25,25,5,-23.0293915332713
01-Aug-2026 01:38:42,-167.389038038343,-39.2820510918275,0,24,24,24,5,-23.4153814549287
01-Aug-2026 01:38:44,-166.990103274781,-38.8831163282648,0,24,24,24,5,-23.164761796843
01-Aug-2026 01:38:46,-163.34612859527,-35.2391416487545,0,23,23,23,7,-23.0615649614876
01-Aug-2026 01:38:48,-151.565402417812,-23.4584154712961,0,23,23,23,7,-23.4584154712961
01-Aug-2026 01:38:50,-151.224177349341,-23.1171904028248,0,23,23,23,8,-23.1171904028248
01-Aug-2026 01:38:52,-151.902919472709,-23.7959325261935,0,23,23,23,7,-23.7959325261935
01-Aug-2026 01:38:54,-152.449356234715,-24.3423692881992,0,23,23,23,5,-24.3423692881992
01-Aug-2026 01:38:56,-153.026740556691,-24.919753610175,0,22,22,22,4,-24.919753610175
01-Aug-2026 01:38:58,-153.494872495311,-25.3878855487956,0,22,22,22,4,-25.3878855487956
01-Aug-2026 01:39:00,-153.624608891301,-25.5176219447849,0,22,22,22,4,-25.5176219447849
01-Aug-2026 01:39:02,-153.354151060442,-25.2471641139259,0,23,23,23,5,-25.2471641139259
01-Aug-2026 01:39:04,-153.838928044899,-25.7319410983828,0,23,23,23,5,-25.7319410983828
01-Aug-2026 01:39:06,-154.271842426398,-26.1648554798822,0,23,23,23,5,-26.1648554798822
01-Aug-2026 01:39:08,-154.084350117915,-25.9773631713994,0,23,23,23,7,-25.9773631713994
01-Aug-2026 01:39:10,-156.424062195815,-28.3170752492995,0,23,23,23,5,-28.3170752492995
01-Aug-2026 01:39:12,-156.59359196572,-28.4866050192039,0,23,23,23,5,-28.4866050192039
01-Aug-2026 01:39:14,-157.185846758052,-29.0788598115361,0,23,23,23,5,-29.0788598115361
01-Aug-2026 01:39:16,-155.563086654768,-27.4560997082518,0,23,23,23,6,-27.4560997082518
01-Aug-2026 01:39:18,-155.378216494526,-27.2712295480106,0,23,23,23,6,-27.2712295480106
01-Aug-2026 01:39:20,-155.952392106908,-27.8454051603923,0,23,23,23,6,-27.8454051603923
01-Aug-2026 01:39:22,-160.21320728076,-32.1062203342441,0,24,24,24,3,-32.1062203342441
01-Aug-2026 01:39:24,-159.545127969066,-31.43814102255,0,24,24,24,3,-31.43814102255
01-Aug-2026 01:39:26,-159.117594296064,-31.0106073495479,0,24,24,24,4,-31.0106073495479
01-Aug-2026 01:39:28,-158.98672862822,-30.8797416817045,0,24,24,24,4,-30.8797416817045
01-Aug-2026 01:39:30,-159.993168150252,-31.8861812037364,0,24,24,24,4,-31.8861812037364
01-Aug-2026 01:39:32,-159.682395332396,-31.5754083858801,0,24,24,24,5,-31.5754083858801
01-Aug-2026 01:39:34,-160.072818487168,-31.9658315406521,0,24,24,24,5,-31.9658315406521
01-Aug-2026 01:39:36,-150.337958898136,-22.2309719516203,0,24,24,24,7,-22.2309719516203
01-Aug-2026 01:39:38,-155.864747301373,-27.7577603548573,0,23,23,23,6,-21.7732886281164
01-Aug-2026 01:39:40,-157.122585813447,-29.0155988669314,0,23,23,23,5,-22.0930639514252
01-Aug-2026 01:39:42,-156.635123891376,-28.5281369448604,0,23,23,23,4,-21.199189731708
01-Aug-2026 01:39:44,-155.376848163483,-27.2698612169675,0,23,23,23,3,-20.5058976403763
01-Aug-2026 01:39:46,-155.012484785903,-26.905497839387,0,23,23,23,3,-19.9659689087265
01-Aug-2026 01:39:48,-154.895311122965,-26.7883241764494,0,23,23,23,3,-19.5221792665282
01-Aug-2026 01:39:50,-200.26859083862,-72.1616038921044,0,23,23,23,2,-20.0747267371987
01-Aug-2026 01:39:52,-201.347265077287,-73.240278130771,0,23,23,23,2,-19.5302429451004
01-Aug-2026 01:39:54,-201.516835975959,-73.4098490294429,0,23,23,23,2,-19.0134621461784
01-Aug-2026 01:39:56,-201.455854526663,-73.3488675801467,0,23,23,23,2,-18.7659597736967
01-Aug-2026 01:39:58,-201.149789001179,-73.0428020546634,0,23,23,23,2,-18.6362513439403
01-Aug-2026 01:40:00,-202.757780879947,-74.6507939334314,0,23,23,23,2,-19.0326411466439
01-Aug-2026 01:40:02,-202.987101182882,-74.8801142363664,0,23,23,23,2,-18.7804670893189
01-Aug-2026 01:40:04,-202.923324861553,-74.8163379150368,0,23,23,23,2,-18.1131828596377
01-Aug-2026 01:40:06,-3076.52655568589,-2948.41956873937,0,23,23,23,1,-18.45612273289
01-Aug-2026 01:40:08,-147.089712473113,-18.9827255265968,0,23,23,23,2,-18.9827255265968
01-Aug-2026 01:40:10,-147.526317999283,-19.4193310527667,0,23,23,23,2,-19.4193310527667
01-Aug-2026 01:40:12,-148.383879770032,-20.2768928235164,0,23,23,23,2,-20.2768928235164
01-Aug-2026 01:40:14,-147.770686202931,-19.6636992564155,0,23,23,23,3,-19.6636992564155
01-Aug-2026 01:40:16,-147.784795348549,-19.677808402033,0,24,24,24,3,-19.677808402033
01-Aug-2026 01:40:18,-148.106062826116,-19.9990758796001,0,24,24,24,5,-19.9990758796001
01-Aug-2026 01:40:20,-148.68748487664,-20.5804979301238,0,24,24,24,5,-20.5804979301238
01-Aug-2026 01:40:22,-149.903689212368,-21.7967022658526,0,25,25,25,4,-21.7967022658526
01-Aug-2026 01:40:24,-150.541575084303,-22.4345881377868,0,25,25,25,5,-22.4345881377868
01-Aug-2026 01:40:26,-150.643044958864,-22.5360580123479,0,24,24,24,5,-22.5360580123479
01-Aug-2026 01:40:28,-151.286516671023,-23.1795297245069,0,24,24,24,6,-23.1795297245069
01-Aug-2026 01:40:30,-151.987555782304,-23.8805688357879,0,24,24,24,6,-23.8805688357879
01-Aug-2026 01:40:32,-151.991671150813,-23.8846842042975,0,24,24,24,6,-23.8846842042975
01-Aug-2026 01:40:34,-152.359065346855,-24.252078400339,0,24,24,24,6,-24.252078400339
01-Aug-2026 01:40:36,-152.703546063932,-24.5965591174163,0,24,24,24,6,-24.5965591174163
01-Aug-2026 01:40:38,-153.488051995936,-25.3810650494197,0,24,24,24,4,-25.3810650494197
01-Aug-2026 01:40:40,-153.57927680831,-25.4722898617939,0,24,24,24,4,-25.4722898617939
01-Aug-2026 01:40:42,-170.755889591371,-42.6489026448556,0,25,25,25,4,-42.6489026448556
01-Aug-2026 01:40:44,-154.407387295719,-26.3004003492031,0,25,25,25,6,-26.3004003492031
01-Aug-2026 01:40:46,-169.2647843835,-41.1577974369841,0,25,25,25,6,-41.1577974369841
01-Aug-2026 01:40:48,-169.267838557101,-41.1608516105854,0,25,25,25,6,-41.1608516105854
01-Aug-2026 01:40:50,-169.749534970117,-41.6425480236009,0,25,25,25,6,-41.6425480236009
01-Aug-2026 01:40:52,-170.370293290964,-42.2633063444483,0,25,25,25,4,-42.2633063444483
01-Aug-2026 01:40:54,-170.367284997914,-42.2602980513977,0,26,26,26,6,-42.2602980513977
01-Aug-2026 01:40:56,-170.877817442006,-42.7708304954898,0,26,26,26,6,-42.7708304954898
01-Aug-2026 01:40:58,-165.209578698676,-37.1025917521605,0,26,26,26,7,-37.1025917521605
01-Aug-2026 01:41:00,-164.439589100221,-36.3326021537055,0,27,27,27,9,-36.3326021537055
01-Aug-2026 01:41:02,-163.952664652295,-35.8456777057789,0,27,27,27,9,-35.8456777057789
01-Aug-2026 01:41:04,-164.027782701785,-35.9207957552687,0,27,27,27,8,-35.9207957552687
01-Aug-2026 01:41:06,-164.853512851437,-36.7465259049215,0,28,28,28,7,-36.7465259049215
01-Aug-2026 01:41:08,-164.715308556733,-36.6083216102171,0,28,28,28,7,-36.6083216102171
01-Aug-2026 01:41:10,-164.37356981063,-36.2665828641137,0,27,27,27,8,-36.2665828641137
01-Aug-2026 01:41:12,-164.713883655979,-36.6068967094628,0,27,27,27,7,-36.6068967094628
01-Aug-2026 01:41:14,-164.941761742165,-36.8347747956492,0,28,28,28,6,-36.8347747956492
01-Aug-2026 01:41:16,-178.042711940628,-49.9357249941123,0,28,28,28,5,-49.9357249941123
01-Aug-2026 01:41:18,-178.020787198641,-49.9138002521249,0,28,28,28,6,-49.9138002521249
01-Aug-2026 01:41:20,-178.183073224223,-50.0760862777073,0,28,28,28,6,-50.0760862777073
01-Aug-2026 01:41:22,-178.555380244619,-50.448393298103,0,28,28,28,5,-50.448393298103
01-Aug-2026 01:41:24,-178.880803546955,-50.7738166004395,0,28,28,28,5,-50.7738166004395
01-Aug-2026 01:41:26,-178.768498562824,-50.6615116163083,0,27,27,27,4,-50.6615116163083
01-Aug-2026 01:41:28,-179.744476316394,-51.6374893698783,0,26,26,26,4,-31.1241476702029
01-Aug-2026 01:41:30,-179.819534045695,-51.7125470991795,0,26,26,26,4,-30.7684974434515
01-Aug-2026 01:41:32,-180.070841960819,-51.9638550143027,0,26,26,26,4,-30.1317884417367
01-Aug-2026 01:41:34,-180.346610129465,-52.2396231829496,0,26,26,26,4,-31.0547752705781
01-Aug-2026 01:41:36,-185.518989684163,-57.4120027376472,0,26,26,26,3,-30.3108552981891
01-Aug-2026 01:41:38,-186.211305908288,-58.1043189617719,0,26,26,26,3,-29.8854155614948
01-Aug-2026 01:41:40,-186.297194028166,-58.1902070816503,0,26,26,26,3,-58.1902070816503
01-Aug-2026 01:41:42,-185.910034618757,-57.8030476722407,0,27,27,27,3,-57.8030476722407
01-Aug-2026 01:41:44,-185.796485870311,-57.6894989237954,0,26,26,26,5,-57.6894989237954
01-Aug-2026 01:41:46,-185.179080369143,-57.0720934226268,0,26,26,26,4,-57.0720934226268
01-Aug-2026 01:41:48,-191.584334362671,-63.4773474161555,0,26,26,26,5,-63.4773474161555
01-Aug-2026 01:41:50,-192.168539439887,-64.061552493371,0,26,26,26,4,-64.061552493371
01-Aug-2026 01:41:52,-191.880633116431,-63.7736461699155,0,26,26,26,4,-63.7736461699155
01-Aug-2026 01:41:54,-191.926140139518,-63.8191531930024,0,26,26,26,4,-63.8191531930024
01-Aug-2026 01:41:56,-192.170788389403,-64.0638014428876,0,26,26,26,4,-64.0638014428876
01-Aug-2026 01:41:58,-192.211499033487,-64.1045120869709,0,26,26,26,4,-64.1045120869709
01-Aug-2026 01:42:00,-191.748233651657,-63.6412467051412,0,26,26,26,4,-63.6412467051412
01-Aug-2026 01:42:02,-191.042881044168,-62.9358940976522,0,26,26,26,4,-62.9358940976522
01-Aug-2026 01:42:04,-190.870999744914,-62.7640127983981,0,26,26,26,4,-62.7640127983981
01-Aug-2026 01:42:06,-188.55941256942,-60.4524256229041,0,26,26,26,4,-60.4524256229041
01-Aug-2026 01:42:08,-189.595985777136,-61.4889988306197,0,26,26,26,2,-61.4889988306197
01-Aug-2026 01:42:10,-166.073247541695,-37.9662605951791,0,26,26,26,4,-23.3093464844723
01-Aug-2026 01:42:12,-165.531850038716,-37.4248630922,0,26,26,26,4,-23.9625871849048
01-Aug-2026 01:42:14,-151.535547680596,-23.4285607340805,0,26,26,26,4,-23.4285607340805
01-Aug-2026 01:42:16,-152.537694790389,-24.4307078438734,0,26,26,26,4,-24.4307078438734
01-Aug-2026 01:42:18,-152.837928469575,-24.7309415230588,0,26,26,26,4,-24.7309415230588
01-Aug-2026 01:42:20,-153.576311773416,-25.4693248268998,0,26,26,26,4,-25.4693248268998
01-Aug-2026 01:42:22,-154.370736318783,-26.2637493722673,0,26,26,26,4,-26.2637493722673
01-Aug-2026 01:42:24,-154.329288442325,-26.2223014958094,0,25,25,25,3,-26.2223014958094
01-Aug-2026 01:42:26,-155.055546466728,-26.9485595202121,0,25,25,25,3,-26.9485595202121
01-Aug-2026 01:42:28,-155.440703519339,-27.3337165728233,0,25,25,25,4,-27.3337165728233
01-Aug-2026 01:42:30,-155.691114281328,-27.5841273348117,0,24,24,24,4,-27.5841273348117
01-Aug-2026 01:42:32,-156.343090158021,-28.2361032115048,0,24,24,24,4,-28.2361032115048
01-Aug-2026 01:42:34,-157.618795530719,-29.511808584203,0,23,23,23,4,-29.511808584203
01-Aug-2026 01:42:36,-158.635980727901,-30.5289937813853,0,23,23,23,4,-30.5289937813853
01-Aug-2026 01:42:38,-158.944429577744,-30.8374426312283,0,23,23,23,4,-30.8374426312283
01-Aug-2026 01:42:40,-159.484892553564,-31.3779056070485,0,23,23,23,4,-31.3779056070485
01-Aug-2026 01:42:42,-159.542649549639,-31.4356626031233,0,23,23,23,4,-31.4356626031233
01-Aug-2026 01:42:44,-161.030040635798,-32.9230536892822,0,22,22,22,4,-32.9230536892822
01-Aug-2026 01:42:46,-160.78131310441,-32.6743261578945,0,22,22,22,5,-32.6743261578945
01-Aug-2026 01:42:48,-179.456542500754,-51.3495555542384,0,22,22,22,5,-51.3495555542384
01-Aug-2026 01:42:50,-179.735622976408,-51.6286360298924,0,22,22,22,6,-51.6286360298924
01-Aug-2026 01:42:52,-180.635148970766,-52.5281620242499,0,23,23,23,5,-52.5281620242499
01-Aug-2026 01:42:54,-180.554575128311,-52.4475881817947,0,23,23,23,5,-52.4475881817947
01-Aug-2026 01:42:56,-181.222045687344,-53.1150587408281,0,23,23,23,4,-53.1150587408281
01-Aug-2026 01:42:58,-181.006820135753,-52.8998331892372,0,23,23,23,3,-52.8998331892372
01-Aug-2026 01:43:00,-180.764583793811,-52.6575968472952,0,23,23,23,6,-52.6575968472952
01-Aug-2026 01:43:02,-180.656920689466,-52.5499337429501,0,23,23,23,6,-52.5499337429501
01-Aug-2026 01:43:04,-181.218013848918,-53.1110269024026,0,23,23,23,5,-53.1110269024026
01-Aug-2026 01:43:06,-181.674392168228,-53.5674052217121,0,23,23,23,5,-53.5674052217121
01-Aug-2026 01:43:08,-181.671858056788,-53.5648711102725,0,23,23,23,5,-53.5648711102725
01-Aug-2026 01:43:10,-181.602319846374,-53.4953328998582,0,23,23,23,5,-53.4953328998582
01-Aug-2026 01:43:12,-181.881825189384,-53.7748382428679,0,24,24,24,5,-53.7748382428679
01-Aug-2026 01:43:14,-182.303322244309,-54.1963352977927,0,24,24,24,5,-54.1963352977927
01-Aug-2026 01:43:16,-181.710945020882,-53.603958074366,0,24,24,24,4,-53.603958074366
01-Aug-2026 01:43:18,-186.685202017297,-58.5782150707809,0,24,24,24,3,-58.5782150707809
01-Aug-2026 01:43:20,-177.884129289658,-49.7771423431418,0,25,25,25,4,-49.7771423431418
01-Aug-2026 01:43:22,-177.132489373543,-49.0255024270269,0,25,25,25,4,-49.0255024270269
01-Aug-2026 01:43:24,-176.845655862891,-48.7386689163748,0,25,25,25,4,-48.7386689163748
01-Aug-2026 01:43:26,-177.223181335446,-49.1161943889304,0,25,25,25,4,-49.1161943889304
01-Aug-2026 01:43:28,-177.191361149388,-49.0843742028723,0,24,24,24,4,-49.0843742028723
01-Aug-2026 01:43:30,-176.989596983539,-48.8826100370229,0,23,23,23,6,-48.8826100370229
01-Aug-2026 01:43:32,-177.289620743201,-49.1826337966848,0,23,23,23,6,-49.1826337966848
01-Aug-2026 01:43:34,-177.435974183036,-49.3289872365204,0,23,23,23,4,-49.3289872365204
01-Aug-2026 01:43:36,-176.978275645842,-48.8712886993258,0,23,23,23,4,-48.8712886993258
01-Aug-2026 01:43:38,-177.040936834929,-48.9339498884128,0,23,23,23,4,-48.9339498884128
01-Aug-2026 01:43:40,-177.791821632592,-49.6848346860763,0,23,23,23,4,-49.6848346860763
01-Aug-2026 01:43:42,-177.810436040566,-49.7034490940502,0,23,23,23,4,-49.7034490940502
01-Aug-2026 01:43:44,-177.815612136223,-49.7086251897074,0,23,23,23,3,-49.7086251897074
01-Aug-2026 01:43:46,-178.407131230494,-50.3001442839783,0,23,23,23,2,-50.3001442839783
01-Aug-2026 01:43:48,-178.560401400995,-50.4534144544791,0,23,23,23,2,-50.4534144544791
01-Aug-2026 01:43:50,-192.054239618886,-63.9472526723703,0,23,23,23,1,-63.9472526723703
01-Aug-2026 01:43:52,-191.840829370666,-63.7338424241505,0,23,23,23,1,-63.7338424241505
01-Aug-2026 01:43:54,-152.437337204051,-24.3303502575351,0,23,23,23,2,-24.3303502575351
01-Aug-2026 01:43:56,-152.58431254524,-24.4773255987243,0,23,23,23,2,-24.4773255987243
01-Aug-2026 01:43:58,-165.305482826155,-37.1984958796395,0,23,23,23,2,-37.1984958796395
01-Aug-2026 01:44:00,-166.445281387114,-38.3382944405985,0,23,23,23,2,-38.3382944405985
01-Aug-2026 01:44:02,-166.015225825079,-37.9082388785632,0,24,24,24,3,-37.9082388785632
01-Aug-2026 01:44:04,-166.968773301437,-38.8617863549216,0,24,24,24,2,-38.8617863549216
01-Aug-2026 01:44:06,-167.208908453929,-39.101921507413,0,24,24,24,1,-39.101921507413
01-Aug-2026 01:44:08,-166.909475498408,-38.8024885518926,0,24,24,24,1,-38.8024885518926
01-Aug-2026 01:44:10,-167.02427482147,-38.9172878749546,0,25,25,25,1,-38.9172878749546
01-Aug-2026 01:44:12,-166.441151799503,-38.334164852987,0,25,25,25,1,-38.334164852987
01-Aug-2026 01:44:14,-3076.52655568589,-2948.41956873937,0,25,25,25,0,-2948.41956873937
01-Aug-2026 01:44:16,-3076.52655568589,-2948.41956873937,0,24,24,24,0,-2948.41956873937
01-Aug-2026 01:44:18,-3076.52655568589,-2948.41956873937,0,24,24,24,0,-2948.41956873937
01-Aug-2026 01:44:20,-3076.52655568589,-2948.41956873937,0,24,24,24,0,-2948.41956873937
01-Aug-2026 01:44:22,-3076.52655568589,-2948.41956873937,0,24,24,24,0,-2948.41956873937
01-Aug-2026 01:44:24,-3076.52655568589,-2948.41956873937,0,24,24,24,0,-2948.41956873937
01-Aug-2026 01:44:26,-164.875980173846,-36.7689932273304,0,24,24,24,1,-36.7689932273304
01-Aug-2026 01:44:28,-164.688621559005,-36.5816346124889,0,24,24,24,1,-36.5816346124889
01-Aug-2026 01:44:30,-165.604841100634,-37.4978541541181,0,24,24,24,2,-37.4978541541181
01-Aug-2026 01:44:32,-165.861706323087,-37.7547193765715,0,24,24,24,2,-37.7547193765715
01-Aug-2026 01:44:34,-166.659677314733,-38.5526903682172,0,24,24,24,2,-38.5526903682172
01-Aug-2026 01:44:36,-166.363407214254,-38.256420267738,0,25,25,25,2,-38.256420267738
01-Aug-2026 01:44:38,-167.826170262929,-39.7191833164133,0,25,25,25,2,-39.7191833164133
01-Aug-2026 01:44:40,-186.378104301867,-58.271117355351,0,25,25,25,2,-58.271117355351
01-Aug-2026 01:44:42,-186.298394196304,-58.1914072497879,0,24,24,24,2,-58.1914072497879
01-Aug-2026 01:44:44,-186.274741050802,-58.1677541042858,0,25,25,25,2,-58.1677541042858
01-Aug-2026 01:44:46,-186.650490021906,-58.5435030753902,0,25,25,25,3,-58.5435030753902
01-Aug-2026 01:44:48,-165.018805390091,-36.9118184435752,0,26,26,26,4,-36.9118184435752
01-Aug-2026 01:44:50,-165.105307019045,-36.9983200725294,0,26,26,26,4,-36.9983200725294
01-Aug-2026 01:44:52,-164.589060369157,-36.4820734226409,0,26,26,26,4,-36.4820734226409
01-Aug-2026 01:44:54,-164.301031851887,-36.1940449053712,0,26,26,26,5,-36.1940449053712
01-Aug-2026 01:44:56,-164.2088419835,-36.1018550369838,0,27,27,27,4,-36.1018550369838
01-Aug-2026 01:44:58,-163.876889872355,-35.7699029258395,0,27,27,27,4,-35.7699029258395
01-Aug-2026 01:45:00,-163.275538044981,-35.1685510984654,0,27,27,27,2,-35.1685510984654
01-Aug-2026 01:45:02,-162.142818207527,-34.0358312610114,0,27,27,27,2,-34.0358312610114
01-Aug-2026 01:45:04,-161.572809148985,-33.465822202469,0,28,28,28,2,-33.465822202469
01-Aug-2026 01:45:06,-160.991263724925,-32.8842767784089,0,28,28,28,2,-32.8842767784089
01-Aug-2026 01:45:08,-189.497072377969,-61.3900854314529,0,28,28,28,2,-61.3900854314529
01-Aug-2026 01:45:10,-189.244178128916,-61.1371911824,0,28,28,28,2,-61.1371911824
01-Aug-2026 01:45:12,-189.458438824229,-61.3514518777135,0,28,28,28,2,-61.3514518777135
01-Aug-2026 01:45:14,-189.524172159655,-61.4171852131392,0,28,28,28,2,-61.4171852131392
01-Aug-2026 01:45:16,-194.630246386582,-66.5232594400657,0,27,27,27,1,-66.5232594400657
01-Aug-2026 01:45:18,-195.131710512157,-67.0247235656406,0,27,27,27,1,-67.0247235656406
01-Aug-2026 01:45:20,-194.614923581241,-66.5079366347248,0,26,26,26,1,-66.5079366347248
01-Aug-2026 01:45:22,-195.634847869216,-67.5278609227002,0,26,26,26,1,-67.5278609227002
01-Aug-2026 01:45:24,-195.871527557853,-67.7645406113376,0,26,26,26,1,-67.7645406113376
01-Aug-2026 01:45:26,-168.390529642237,-40.283542695721,0,26,26,26,4,-40.283542695721
01-Aug-2026 01:45:28,-167.965740108046,-39.8587531615304,0,26,26,26,4,-39.8587531615304
01-Aug-2026 01:45:30,-167.451233446837,-39.3442465003207,0,26,26,26,5,-39.3442465003207
01-Aug-2026 01:45:32,-168.128517581711,-40.0215306351956,0,26,26,26,4,-40.0215306351956
01-Aug-2026 01:45:34,-168.094920640007,-39.9879336934911,0,26,26,26,4,-39.9879336934911
01-Aug-2026 01:45:36,-168.48188891754,-40.3749019710237,0,26,26,26,4,-40.3749019710237
01-Aug-2026 01:45:38,-169.02908059132,-40.9220936448042,0,26,26,26,4,-40.9220936448042
01-Aug-2026 01:45:40,-169.160921709615,-41.0539347630993,0,26,26,26,4,-41.0539347630993
01-Aug-2026 01:45:42,-169.524968843383,-41.417981896867,0,26,26,26,5,-41.417981896867
01-Aug-2026 01:45:44,-169.52492911428,-41.4179421677645,0,26,26,26,5,-41.4179421677645
01-Aug-2026 01:45:46,-169.474599087114,-41.3676121405981,0,26,26,26,5,-41.3676121405981
01-Aug-2026 01:45:48,-168.970138679756,-40.86315173324,0,26,26,26,6,-40.86315173324
01-Aug-2026 01:45:50,-165.952316598793,-37.8453296522776,0,26,26,26,7,-37.8453296522776
01-Aug-2026 01:45:52,-182.95454064572,-54.847553699204,0,26,26,26,5,-54.847553699204
01-Aug-2026 01:45:54,-168.760644842265,-40.6536578957495,0,26,26,26,5,-40.6536578957495
01-Aug-2026 01:45:56,-183.115555083513,-55.0085681369974,0,26,26,26,4,-55.0085681369974
01-Aug-2026 01:45:58,-180.503659273664,-52.3966723271482,0,26,26,26,7,-52.3966723271482
01-Aug-2026 01:46:00,-181.136620826884,-53.0296338803685,0,26,26,26,6,-53.0296338803685
01-Aug-2026 01:46:02,-182.756452884035,-54.649465937519,0,26,26,26,5,-54.649465937519
01-Aug-2026 01:46:04,-181.847975412053,-53.740988465537,0,25,25,25,6,-53.740988465537
01-Aug-2026 01:46:06,-178.985683196097,-50.8786962495808,0,25,25,25,8,-50.8786962495808
01-Aug-2026 01:46:08,-180.085278935338,-51.9782919888221,0,25,25,25,6,-51.9782919888221
01-Aug-2026 01:46:10,-179.712685444029,-51.6056984975133,0,25,25,25,5,-51.6056984975133
01-Aug-2026 01:46:12,-179.683915116692,-51.5769281701765,0,25,25,25,5,-51.5769281701765
01-Aug-2026 01:46:14,-179.56346908612,-51.4564821396041,0,25,25,25,5,-51.4564821396041
01-Aug-2026 01:46:16,-179.491832897671,-51.3848459511553,0,25,25,25,5,-51.3848459511553
01-Aug-2026 01:46:18,-179.469553702275,-51.3625667557591,0,24,24,24,6,-31.8974421932249
01-Aug-2026 01:46:20,-179.295452997852,-51.1884660513358,0,24,24,24,6,-51.1884660513358
01-Aug-2026 01:46:22,-179.63099733233,-51.5240103858142,0,24,24,24,6,-51.5240103858142
01-Aug-2026 01:46:24,-179.661724444726,-51.5547374982106,0,23,23,23,6,-51.5547374982106
01-Aug-2026 01:46:26,-174.683659910147,-46.576672963631,0,23,23,23,6,-46.576672963631
01-Aug-2026 01:46:28,-174.592846012838,-46.4858590663223,0,23,23,23,7,-46.4858590663223
01-Aug-2026 01:46:30,-175.00230478122,-46.8953178347039,0,23,23,23,6,-46.8953178347039
01-Aug-2026 01:46:32,-175.237949946743,-47.1309630002275,0,22,22,22,6,-47.1309630002275
01-Aug-2026 01:46:34,-175.137410221555,-47.0304232750396,0,22,22,22,6,-47.0304232750396
01-Aug-2026 01:46:36,-175.125110605317,-47.0181236588006,0,22,22,22,7,-47.0181236588006
01-Aug-2026 01:46:38,-175.067853759825,-46.9608668133091,0,22,22,22,7,-46.9608668133091
01-Aug-2026 01:46:40,-175.005047852802,-46.8980609062858,0,22,22,22,6,-46.8980609062858
01-Aug-2026 01:46:42,-175.04084015683,-46.9338532103143,0,23,23,23,6,-46.9338532103143
01-Aug-2026 01:46:44,-175.061122300349,-46.9541353538334,0,23,23,23,6,-46.9541353538334
01-Aug-2026 01:46:46,-174.652421897465,-46.5454349509494,0,23,23,23,6,-46.5454349509494
01-Aug-2026 01:46:48,-174.880867573515,-46.7738806269989,0,23,23,23,6,-46.7738806269989
01-Aug-2026 01:46:50,-180.199975907992,-52.0929889614757,0,23,23,23,5,-52.0929889614757
01-Aug-2026 01:46:52,-180.179633523312,-52.072646576796,0,23,23,23,5,-52.072646576796
01-Aug-2026 01:46:54,-180.630346583548,-52.5233596370325,0,23,23,23,5,-52.5233596370325
01-Aug-2026 01:46:56,-180.538055880247,-52.4310689337312,0,23,23,23,5,-52.4310689337312
01-Aug-2026 01:46:58,-180.048993959598,-51.9420070130824,0,23,23,23,5,-51.9420070130824
01-Aug-2026 01:47:00,-179.868353090871,-51.7613661443554,0,24,24,24,5,-51.7613661443554
01-Aug-2026 01:47:02,-179.685135557406,-51.5781486108898,0,24,24,24,5,-51.5781486108898
01-Aug-2026 01:47:04,-179.640262183508,-51.5332752369924,0,24,24,24,5,-51.5332752369924
01-Aug-2026 01:47:06,-161.909153948627,-33.8021670021114,0,25,25,25,6,-33.8021670021114
01-Aug-2026 01:47:08,-161.476162387114,-33.3691754405977,0,25,25,25,6,-33.3691754405977
01-Aug-2026 01:47:10,-160.717806334312,-32.6108193877959,0,25,25,25,6,-32.6108193877959
01-Aug-2026 01:47:12,-159.487362519047,-31.3803755725311,0,25,25,25,7,-31.3803755725311
01-Aug-2026 01:47:14,-158.926908921121,-30.8199219746054,0,25,25,25,7,-30.8199219746054
01-Aug-2026 01:47:16,-158.920724763978,-30.8137378174622,0,25,25,25,6,-30.8137378174622
01-Aug-2026 01:47:18,-158.533753454661,-30.4267665081449,0,25,25,25,6,-30.4267665081449
01-Aug-2026 01:47:20,-158.15105122341,-30.0440642768946,0,24,24,24,4,-30.0440642768946
01-Aug-2026 01:47:22,-158.200314836069,-30.0933278895528,0,24,24,24,5,-30.0933278895528
01-Aug-2026 01:47:24,-157.288572423469,-29.1815854769531,0,23,23,23,5,-29.1815854769531
01-Aug-2026 01:47:26,-157.023492541165,-28.9165055946494,0,23,23,23,6,-28.9165055946494
01-Aug-2026 01:47:28,-156.731257561973,-28.6242706154571,0,23,23,23,9,-28.6242706154571
01-Aug-2026 01:47:30,-156.467714657701,-28.360727711185,0,23,23,23,9,-28.360727711185
01-Aug-2026 01:47:32,-156.549730236453,-28.4427432899367,0,23,23,23,8,-28.4427432899367
01-Aug-2026 01:47:34,-155.925492025135,-27.8185050786196,0,23,23,23,8,-27.8185050786196
01-Aug-2026 01:47:36,-154.790218227788,-26.6832312812725,0,23,23,23,8,-26.6832312812725
01-Aug-2026 01:47:38,-153.909864527304,-25.8028775807885,0,23,23,23,8,-25.8028775807885
01-Aug-2026 01:47:40,-153.118209723545,-25.0112227770296,0,23,23,23,7,-25.0112227770296
01-Aug-2026 01:47:42,-152.907861627109,-24.8008746805929,0,23,23,23,7,-24.8008746805929
01-Aug-2026 01:47:44,-152.131929267271,-24.0249423207555,0,23,23,23,5,-24.0249423207555
01-Aug-2026 01:47:46,-151.83699415708,-23.7300072105642,0,23,23,23,5,-23.7300072105642
01-Aug-2026 01:47:48,-151.668156979267,-23.561170032751,0,23,23,23,5,-23.561170032751
01-Aug-2026 01:47:50,-151.040414843772,-22.9334278972561,0,24,24,24,5,-22.9334278972561
01-Aug-2026 01:47:52,-172.455875288093,-44.348888341577,0,24,24,24,4,-44.348888341577
01-Aug-2026 01:47:54,-172.74853476469,-44.6415478181744,0,24,24,24,4,-44.6415478181744
01-Aug-2026 01:47:56,-172.287982900691,-44.1809959541754,0,24,24,24,4,-44.1809959541754
01-Aug-2026 01:47:58,-172.666010276856,-44.5590233303404,0,25,25,25,4,-44.5590233303404
01-Aug-2026 01:48:00,-172.81961835416,-44.7126314076446,0,25,25,25,4,-44.7126314076446
01-Aug-2026 01:48:02,-173.188326926155,-45.0813399796388,0,25,25,25,5,-45.0813399796388
01-Aug-2026 01:48:04,-173.56510572041,-45.4581187738943,0,25,25,25,5,-45.4581187738943
01-Aug-2026 01:48:06,-158.928221031632,-30.8212340851166,0,24,24,24,5,-30.8212340851166
01-Aug-2026 01:48:08,-159.22589246247,-31.1189055159541,0,24,24,24,7,-31.1189055159541
01-Aug-2026 01:48:10,-159.70140854455,-31.5944215980338,0,24,24,24,7,-31.5944215980338
01-Aug-2026 01:48:12,-173.146868308923,-45.0398813624072,0,24,24,24,6,-45.0398813624072
01-Aug-2026 01:48:14,-173.707812186624,-45.6008252401083,0,24,24,24,6,-45.6008252401083
01-Aug-2026 01:48:16,-178.107775698933,-50.0007887524175,0,24,24,24,6,-50.0007887524175
01-Aug-2026 01:48:18,-177.955124214599,-49.8481372680832,0,24,24,24,6,-49.8481372680832
01-Aug-2026 01:48:20,-177.687531100344,-49.5805441538279,0,24,24,24,5,-49.5805441538279
01-Aug-2026 01:48:22,-177.337784004313,-49.2307970577971,0,24,24,24,6,-49.2307970577971
01-Aug-2026 01:48:24,-162.193061739792,-34.0860747932757,0,24,24,24,7,-34.0860747932757
01-Aug-2026 01:48:26,-162.663781868227,-34.5567949217114,0,24,24,24,6,-34.5567949217114
01-Aug-2026 01:48:28,-162.593298624953,-34.4863116784376,0,24,24,24,6,-34.4863116784376
01-Aug-2026 01:48:30,-161.416784997411,-33.3097980508954,0,24,24,24,6,-33.3097980508954
01-Aug-2026 01:48:32,-161.21116602956,-33.1041790830444,0,24,24,24,6,-33.1041790830444
01-Aug-2026 01:48:34,-160.226489126966,-32.1195021804496,0,24,24,24,5,-32.1195021804496
01-Aug-2026 01:48:36,-159.856659372188,-31.7496724256718,0,25,25,25,4,-31.7496724256718
01-Aug-2026 01:48:38,-159.716549716248,-31.6095627697317,0,25,25,25,4,-31.6095627697317
01-Aug-2026 01:48:40,-179.806928877187,-51.6999419306711,0,25,25,25,5,-51.6999419306711
01-Aug-2026 01:48:42,-179.613901730176,-51.5069147836604,0,25,25,25,5,-51.5069147836604
01-Aug-2026 01:48:44,-179.730213730768,-51.6232267842524,0,25,25,25,5,-51.6232267842524
01-Aug-2026 01:48:46,-179.954414609024,-51.8474276625079,0,26,26,26,5,-51.8474276625079
01-Aug-2026 01:48:48,-180.027139398735,-51.9201524522189,0,26,26,26,4,-51.9201524522189
01-Aug-2026 01:48:50,-180.589796180509,-52.4828092339931,0,26,26,26,4,-52.4828092339931
01-Aug-2026 01:48:52,-180.685337244247,-52.5783502977314,0,26,26,26,4,-52.5783502977314
01-Aug-2026 01:48:54,-180.797015292481,-52.6900283459654,0,26,26,26,4,-52.6900283459654
01-Aug-2026 01:48:56,-179.740587882586,-51.6336009360706,0,27,27,27,4,-51.6336009360706
01-Aug-2026 01:48:58,-179.779878813268,-51.6728918667519,0,27,27,27,5,-51.6728918667519
01-Aug-2026 01:49:00,-179.747221300898,-51.6402343543824,0,28,28,28,5,-51.6402343543824
01-Aug-2026 01:49:02,-156.399582593806,-28.2925956472902,0,28,28,28,6,-28.2925956472902
01-Aug-2026 01:49:04,-155.395160599468,-27.2881736529518,0,28,28,28,6,-27.2881736529518
01-Aug-2026 01:49:06,-154.723558286076,-26.61657133956,0,28,28,28,7,-26.61657133956
01-Aug-2026 01:49:08,-153.943830758995,-25.8368438124796,0,27,27,27,7,-25.8368438124796
01-Aug-2026 01:49:10,-153.216902691043,-25.109915744527,0,27,27,27,7,-25.109915744527
01-Aug-2026 01:49:12,-175.23636075785,-47.1293738113339,0,26,26,26,5,-24.2680914168736
01-Aug-2026 01:49:14,-174.828783270553,-46.7217963240374,0,26,26,26,6,-23.7113729971284
01-Aug-2026 01:49:16,-175.043021240358,-46.9360342938425,0,26,26,26,6,-23.2300701352351
01-Aug-2026 01:49:18,-169.57575166012,-41.4687647136043,0,26,26,26,7,-23.313182416893
01-Aug-2026 01:49:20,-169.133845225728,-41.0268582792118,0,25,25,25,6,-41.0268582792118
01-Aug-2026 01:49:22,-168.901087003483,-40.7941000569672,0,25,25,25,5,-40.7941000569672
01-Aug-2026 01:49:24,-168.928433908213,-40.8214469616971,0,26,26,26,6,-40.8214469616971
01-Aug-2026 01:49:26,-168.806237882636,-40.6992509361199,0,26,26,26,5,-40.6992509361199
01-Aug-2026 01:49:28,-168.384141705586,-40.2771547590702,0,26,26,26,6,-40.2771547590702
01-Aug-2026 01:49:30,-168.229787826507,-40.1228008799912,0,26,26,26,5,-40.1228008799912
01-Aug-2026 01:49:32,-168.054643164511,-39.9476562179949,0,26,26,26,5,-39.9476562179949
01-Aug-2026 01:49:34,-168.464627777892,-40.3576408313759,0,26,26,26,5,-40.3576408313759
01-Aug-2026 01:49:36,-168.206134288405,-40.0991473418888,0,26,26,26,6,-40.0991473418888
01-Aug-2026 01:49:38,-177.423576453582,-49.3165895070659,0,26,26,26,5,-49.3165895070659
01-Aug-2026 01:49:40,-177.375124883251,-49.2681379367349,0,26,26,26,4,-49.2681379367349
01-Aug-2026 01:49:42,-177.202209371483,-49.0952224249674,0,26,26,26,4,-49.0952224249674
01-Aug-2026 01:49:44,-177.750291028167,-49.6433040816516,0,26,26,26,4,-49.6433040816516
01-Aug-2026 01:49:46,-156.695712104847,-28.5887251583314,0,25,25,25,4,-28.5887251583314
01-Aug-2026 01:49:48,-187.834665655209,-59.7276787086931,0,25,25,25,3,-59.7276787086931
01-Aug-2026 01:49:50,-188.360721786632,-60.2537348401166,0,25,25,25,3,-60.2537348401166
01-Aug-2026 01:49:52,-188.571864242165,-60.4648772956491,0,25,25,25,3,-60.4648772956491
01-Aug-2026 01:49:54,-187.446793335888,-59.3398063893725,0,25,25,25,4,-59.3398063893725
01-Aug-2026 01:49:56,-187.202407159692,-59.0954202131764,0,25,25,25,4,-59.0954202131764
01-Aug-2026 01:49:58,-187.509121032978,-59.4021340864625,0,25,25,25,4,-59.4021340864625
01-Aug-2026 01:50:00,-153.22107746686,-25.1140905203438,0,25,25,25,4,-25.1140905203438
01-Aug-2026 01:50:02,-154.442952427671,-26.3359654811554,0,25,25,25,4,-26.3359654811554
01-Aug-2026 01:50:04,-154.751758632349,-26.6447716858327,0,25,25,25,4,-26.6447716858327
01-Aug-2026 01:50:06,-154.838847020452,-26.7318600739361,0,25,25,25,4,-26.7318600739361
01-Aug-2026 01:50:08,-155.832936837079,-27.7259498905632,0,24,24,24,3,-27.7259498905632
01-Aug-2026 01:50:10,-157.351601405659,-29.244614459143,0,24,24,24,4,-29.244614459143
01-Aug-2026 01:50:12,-158.001897288408,-29.8949103418921,0,23,23,23,4,-29.8949103418921
01-Aug-2026 01:50:14,-158.942292513362,-30.8353055668457,0,23,23,23,4,-30.8353055668457
01-Aug-2026 01:50:16,-160.323218677318,-32.216231730802,0,23,23,23,5,-32.216231730802
01-Aug-2026 01:50:18,-160.357374035894,-32.2503870893777,0,23,23,23,6,-32.2503870893777
01-Aug-2026 01:50:20,-160.900701313423,-32.7937143669072,0,22,22,22,6,-32.7937143669072
01-Aug-2026 01:50:22,-161.618321841409,-33.5113348948935,0,22,22,22,7,-33.5113348948935
01-Aug-2026 01:50:24,-161.646796781296,-33.5398098347802,0,22,22,22,7,-33.5398098347802
01-Aug-2026 01:50:26,-163.372800456072,-35.2658135095562,0,22,22,22,7,-35.2658135095562
01-Aug-2026 01:50:28,-163.330147589456,-35.2231606429397,0,22,22,22,7,-35.2231606429397
01-Aug-2026 01:50:30,-162.854655206039,-34.7476682595234,0,22,22,22,6,-34.7476682595234
01-Aug-2026 01:50:32,-162.312399709809,-34.2054127632935,0,23,23,23,6,-34.2054127632935
01-Aug-2026 01:50:34,-162.256210739637,-34.1492237931207,0,23,23,23,6,-34.1492237931207
01-Aug-2026 01:50:36,-162.062974985595,-33.9559880390795,0,23,23,23,6,-33.9559880390795
01-Aug-2026 01:50:38,-161.864038391597,-33.757051445081,0,23,23,23,6,-33.757051445081
01-Aug-2026 01:50:40,-161.670609312192,-33.5636223656761,0,23,23,23,6,-33.5636223656761
01-Aug-2026 01:50:42,-161.738268457578,-33.6312815110622,0,23,23,23,6,-33.6312815110622
01-Aug-2026 01:50:44,-169.764309331108,-41.6573223845919,0,23,23,23,5,-41.6573223845919
01-Aug-2026 01:50:46,-170.05969869436,-41.9527117478438,0,23,23,23,5,-41.9527117478438
01-Aug-2026 01:50:48,-164.845889151391,-36.7389022048747,0,23,23,23,6,-36.7389022048747
01-Aug-2026 01:50:50,-164.743513700197,-36.6365267536809,0,24,24,24,6,-36.6365267536809
01-Aug-2026 01:50:52,-169.718737733112,-41.611750786596,0,24,24,24,5,-41.611750786596
01-Aug-2026 01:50:54,-169.687955023431,-41.580968076915,0,25,25,25,5,-41.580968076915
01-Aug-2026 01:50:56,-164.599892722581,-36.4929057760647,0,25,25,25,5,-36.4929057760647
01-Aug-2026 01:50:58,-164.057293565299,-35.9503066187836,0,25,25,25,3,-35.9503066187836
01-Aug-2026 01:51:00,-163.828164905587,-35.7211779590708,0,25,25,25,3,-35.7211779590708
01-Aug-2026 01:51:02,-159.314274815473,-31.2072878689573,0,25,25,25,4,-31.2072878689573
01-Aug-2026 01:51:04,-161.128461258616,-33.0214743120999,0,25,25,25,3,-33.0214743120999
01-Aug-2026 01:51:06,-161.061774795997,-32.9547878494813,0,25,25,25,3,-32.9547878494813
01-Aug-2026 01:51:08,-161.109817046361,-33.0028300998455,0,25,25,25,2,-33.0028300998455
01-Aug-2026 01:51:10,-161.064491618487,-32.9575046719713,0,24,24,24,2,-32.9575046719713
01-Aug-2026 01:51:12,-161.465607742757,-33.3586207962415,0,24,24,24,3,-33.3586207962415
01-Aug-2026 01:51:14,-161.697629337626,-33.5906423911105,0,24,24,24,3,-33.5906423911105
01-Aug-2026 01:51:16,-161.607730905346,-33.5007439588299,0,24,24,24,4,-33.5007439588299
01-Aug-2026 01:51:18,-161.442466498188,-33.3354795516724,0,24,24,24,4,-33.3354795516724
01-Aug-2026 01:51:20,-156.761399986654,-28.6544130401381,0,23,23,23,5,-28.6544130401381
01-Aug-2026 01:51:22,-156.149684681589,-28.0426977350735,0,23,23,23,5,-28.0426977350735
01-Aug-2026 01:51:24,-162.231566691657,-34.1245797451409,0,23,23,23,3,-34.1245797451409
01-Aug-2026 01:51:26,-162.222362405121,-34.1153754586052,0,23,23,23,1,-34.1153754586052
01-Aug-2026 01:51:28,-162.376470529258,-34.2694835827422,0,23,23,23,1,-34.2694835827422
01-Aug-2026 01:51:30,-163.220141902921,-35.1131549564055,0,23,23,23,1,-35.1131549564055
01-Aug-2026 01:51:32,-162.941334076037,-34.8343471295209,0,23,23,23,1,-34.8343471295209
01-Aug-2026 01:51:34,-162.659817614583,-34.5528306680675,0,23,23,23,1,-34.5528306680675
01-Aug-2026 01:51:36,-162.563889134268,-34.456902187752,0,23,23,23,2,-34.456902187752
01-Aug-2026 01:51:38,-162.750138186314,-34.6431512397982,0,23,23,23,3,-34.6431512397982
01-Aug-2026 01:51:40,-163.497817082722,-35.3908301362063,0,23,23,23,3,-35.3908301362063
01-Aug-2026 01:51:42,-163.305553087524,-35.1985661410078,0,23,23,23,3,-35.1985661410078
01-Aug-2026 01:51:44,-163.354413686099,-35.2474267395831,0,23,23,23,3,-35.2474267395831
01-Aug-2026 01:51:46,-163.615050890453,-35.5080639439367,0,24,24,24,3,-35.5080639439367
01-Aug-2026 01:51:48,-163.685000313822,-35.5780133673057,0,24,24,24,4,-35.5780133673057
01-Aug-2026 01:51:50,-163.949547181724,-35.8425602352077,0,25,25,25,4,-35.8425602352077
01-Aug-2026 01:51:52,-163.378641375475,-35.2716544289588,0,25,25,25,4,-35.2716544289588
01-Aug-2026 01:51:54,-180.720109939235,-52.613122992719,0,25,25,25,2,-52.613122992719
01-Aug-2026 01:51:56,-180.98895875575,-52.8819718092343,0,25,25,25,2,-52.8819718092343
01-Aug-2026 01:51:58,-180.948447599089,-52.8414606525733,0,24,24,24,1,-52.8414606525733
01-Aug-2026 01:52:00,-178.718832475772,-50.6118455292562,0,24,24,24,2,-50.6118455292562
01-Aug-2026 01:52:02,-178.403370637231,-50.2963836907156,0,24,24,24,2,-50.2963836907156
01-Aug-2026 01:52:04,-178.002810773297,-49.8958238267813,0,24,24,24,3,-49.8958238267813
01-Aug-2026 01:52:06,-178.207775385058,-50.1007884385424,0,24,24,24,3,-50.1007884385424
01-Aug-2026 01:52:08,-178.004023441154,-49.8970364946379,0,24,24,24,3,-49.8970364946379
01-Aug-2026 01:52:10,-177.867853497508,-49.7608665509923,0,24,24,24,3,-49.7608665509923
01-Aug-2026 01:52:12,-179.236404244277,-51.1294172977609,0,24,24,24,2,-51.1294172977609
01-Aug-2026 01:52:14,-178.53309956262,-50.4261126161046,0,24,24,24,2,-50.4261126161046
01-Aug-2026 01:52:16,-178.441048182405,-50.3340612358887,0,24,24,24,2,-50.3340612358887
01-Aug-2026 01:52:18,-178.247140210566,-50.1401532640497,0,24,24,24,2,-50.1401532640497
01-Aug-2026 01:52:20,-178.058108913383,-49.9511219668672,0,24,24,24,3,-49.9511219668672
01-Aug-2026 01:52:22,-177.358717702355,-49.251730755839,0,24,24,24,3,-49.251730755839
01-Aug-2026 01:52:24,-176.690783618318,-48.5837966718025,0,24,24,24,2,-48.5837966718025
01-Aug-2026 01:52:26,-176.017828667862,-47.9108417213461,0,24,24,24,2,-47.9108417213461
01-Aug-2026 01:52:28,-175.535504246847,-47.4285173003307,0,25,25,25,2,-47.4285173003307
01-Aug-2026 01:52:30,-175.167755591942,-47.0607686454261,0,25,25,25,2,-47.0607686454261
01-Aug-2026 01:52:32,-174.535932395823,-46.4289454493069,0,25,25,25,4,-46.4289454493069
01-Aug-2026 01:52:34,-174.591530973624,-46.4845440271079,0,25,25,25,3,-46.4845440271079
01-Aug-2026 01:52:36,-174.473358038256,-46.3663710917397,0,25,25,25,4,-46.3663710917397
01-Aug-2026 01:52:38,-174.059246068156,-45.9522591216398,0,26,26,26,4,-45.9522591216398
01-Aug-2026 01:52:40,-174.059846825431,-45.9528598789148,0,26,26,26,4,-45.9528598789148
01-Aug-2026 01:52:42,-173.527779710132,-45.4207927636159,0,26,26,26,4,-45.4207927636159
01-Aug-2026 01:52:44,-173.391334147224,-45.2843472007083,0,26,26,26,4,-45.2843472007083
01-Aug-2026 01:52:46,-172.718649313879,-44.6116623673633,0,27,27,27,5,-44.6116623673633
01-Aug-2026 01:52:48,-172.614185545846,-44.5071985993303,0,27,27,27,5,-44.5071985993303
01-Aug-2026 01:52:50,-173.21207944853,-45.1050925020142,0,27,27,27,6,-45.1050925020142
01-Aug-2026 01:52:52,-173.97671457823,-45.8697276317139,0,27,27,27,6,-45.8697276317139
01-Aug-2026 01:52:54,-173.518672034838,-45.4116850883223,0,27,27,27,7,-45.4116850883223
01-Aug-2026 01:52:56,-173.878269683205,-45.7712827366891,0,27,27,27,7,-45.7712827366891
01-Aug-2026 01:52:58,-174.270264990111,-46.1632780435956,0,26,26,26,7,-46.1632780435956
01-Aug-2026 01:53:00,-174.790997461184,-46.6840105146682,0,26,26,26,7,-46.6840105146682
01-Aug-2026 01:53:02,-174.626367291624,-46.5193803451079,0,26,26,26,7,-46.5193803451079
01-Aug-2026 01:53:04,-174.78243999923,-46.6754530527142,0,25,25,25,6,-46.6754530527142
01-Aug-2026 01:53:06,-175.962418668584,-47.8554317220685,0,25,25,25,5,-47.8554317220685
01-Aug-2026 01:53:08,-175.954305824995,-47.8473188784795,0,24,24,24,6,-47.8473188784795
01-Aug-2026 01:53:10,-176.42468784086,-48.3177008943444,0,24,24,24,6,-48.3177008943444
01-Aug-2026 01:53:12,-176.891279102906,-48.7842921563901,0,24,24,24,6,-48.7842921563901
01-Aug-2026 01:53:14,-177.123981776961,-49.0169948304447,0,24,24,24,6,-49.0169948304447
01-Aug-2026 01:53:16,-177.492355046308,-49.3853680997919,0,24,24,24,5,-49.3853680997919
01-Aug-2026 01:53:18,-177.98454337708,-49.8775564305641,0,25,25,25,6,-49.8775564305641
01-Aug-2026 01:53:20,-177.290325441396,-49.1833384948806,0,25,25,25,7,-49.1833384948806
01-Aug-2026 01:53:22,-178.130890900139,-50.0239039536235,0,25,25,25,6,-50.0239039536235
01-Aug-2026 01:53:24,-177.814277463465,-49.7072905169491,0,26,26,26,5,-49.7072905169491
01-Aug-2026 01:53:26,-178.641776488646,-50.5347895421297,0,25,25,25,5,-50.5347895421297
01-Aug-2026 01:53:28,-179.009381472549,-50.9023945260334,0,25,25,25,5,-50.9023945260334
01-Aug-2026 01:53:30,-178.880546265485,-50.7735593189695,0,25,25,25,5,-50.7735593189695
01-Aug-2026 01:53:32,-179.357239015686,-51.2502520691696,0,25,25,25,5,-51.2502520691696
01-Aug-2026 01:53:34,-179.219937625382,-51.1129506788661,0,25,25,25,5,-51.1129506788661
01-Aug-2026 01:53:36,-179.445362301926,-51.3383753554102,0,25,25,25,5,-51.3383753554102
01-Aug-2026 01:53:38,-180.896165290042,-52.7891783435262,0,25,25,25,4,-52.7891783435262
01-Aug-2026 01:53:40,-182.152684065022,-54.0456971185066,0,25,25,25,2,-54.0456971185066
01-Aug-2026 01:53:42,-181.233323361112,-53.1263364145962,0,25,25,25,2,-53.1263364145962
01-Aug-2026 01:53:44,-173.670961993672,-45.563975047156,0,25,25,25,3,-45.563975047156
01-Aug-2026 01:53:46,-173.618207329375,-45.5112203828589,0,25,25,25,3,-45.5112203828589
01-Aug-2026 01:53:48,-181.080005967897,-52.9730190213812,0,25,25,25,2,-52.9730190213812
01-Aug-2026 01:53:50,-181.296300366879,-53.1893134203633,0,25,25,25,3,-53.1893134203633
01-Aug-2026 01:53:52,-161.899099292604,-33.7921123460882,0,25,25,25,4,-33.7921123460882
01-Aug-2026 01:53:54,-162.152609315053,-34.0456223685375,0,25,25,25,4,-34.0456223685375
01-Aug-2026 01:53:56,-162.106911379817,-33.9999244333008,0,24,24,24,3,-33.9999244333008
01-Aug-2026 01:53:58,-161.764937020807,-33.6579500742916,0,24,24,24,3,-33.6579500742916
01-Aug-2026 01:54:00,-161.07328415467,-32.9662972081542,0,23,23,23,5,-32.9662972081542
01-Aug-2026 01:54:02,-160.723817966576,-32.6168310200606,0,23,23,23,6,-32.6168310200606
01-Aug-2026 01:54:04,-161.10583155757,-32.9988446110545,0,23,23,23,6,-32.9988446110545
01-Aug-2026 01:54:06,-161.090910362244,-32.9839234157286,0,22,22,22,6,-32.9839234157286
01-Aug-2026 01:54:08,-161.370984695355,-33.2639977488388,0,22,22,22,5,-33.2639977488388
01-Aug-2026 01:54:10,-161.878036257082,-33.7710493105661,0,22,22,22,6,-33.7710493105661
01-Aug-2026 01:54:12,-161.235916210716,-33.1289292641999,0,22,22,22,6,-33.1289292641999
01-Aug-2026 01:54:14,-177.792404664123,-49.6854177176067,0,22,22,22,5,-49.6854177176067
01-Aug-2026 01:54:16,-175.543845052767,-47.4368581062512,0,22,22,22,7,-47.4368581062512
01-Aug-2026 01:54:18,-176.120048674375,-48.0130617278591,0,22,22,22,6,-48.0130617278591
01-Aug-2026 01:54:20,-176.17842041517,-48.0714334686546,0,22,22,22,6,-48.0714334686546
01-Aug-2026 01:54:22,-174.821430918351,-46.7144439718356,0,22,22,22,7,-46.7144439718356
01-Aug-2026 01:54:24,-175.012021720828,-46.9050347743119,0,23,23,23,7,-46.9050347743119
01-Aug-2026 01:54:26,-178.509946810091,-50.4029598635751,0,23,23,23,5,-50.4029598635751
01-Aug-2026 01:54:28,-178.939838764709,-50.8328518181934,0,23,23,23,4,-50.8328518181934
01-Aug-2026 01:54:30,-178.86642178094,-50.7594348344245,0,23,23,23,5,-50.7594348344245
01-Aug-2026 01:54:32,-179.314723766071,-51.2077368195549,0,23,23,23,5,-51.2077368195549
01-Aug-2026 01:54:34,-179.458028907241,-51.3510419607249,0,23,23,23,5,-51.3510419607249
01-Aug-2026 01:54:36,-179.350095272509,-51.2431083259927,0,23,23,23,5,-51.2431083259927
01-Aug-2026 01:54:38,-179.888083051665,-51.7810961051493,0,24,24,24,5,-51.7810961051493
01-Aug-2026 01:54:40,-181.178682479388,-53.0716955328724,0,24,24,24,5,-53.0716955328724
01-Aug-2026 01:54:42,-183.98987672574,-55.8828897792242,0,24,24,24,4,-55.8828897792242
01-Aug-2026 01:54:44,-183.215208114127,-55.1082211676111,0,25,25,25,5,-55.1082211676111
01-Aug-2026 01:54:46,-183.851205441993,-55.7442184954776,0,24,24,24,4,-55.7442184954776
01-Aug-2026 01:54:48,-184.082948170118,-55.9759612236024,0,24,24,24,4,-55.9759612236024
01-Aug-2026 01:54:50,-184.143001255405,-56.0360143088893,0,24,24,24,4,-56.0360143088893
01-Aug-2026 01:54:52,-184.412006445475,-56.3050194989594,0,24,24,24,3,-56.3050194989594
01-Aug-2026 01:54:54,-184.80294372461,-56.6959567780946,0,24,24,24,3,-56.6959567780946
01-Aug-2026 01:54:56,-166.614852721751,-38.5078657752352,0,24,24,24,5,-38.5078657752352
01-Aug-2026 01:54:58,-166.970401208166,-38.8634142616498,0,24,24,24,4,-38.8634142616498
01-Aug-2026 01:55:00,-167.438499522361,-39.3315125758452,0,24,24,24,6,-39.3315125758452
01-Aug-2026 01:55:02,-167.104659749184,-38.997672802668,0,23,23,23,6,-38.997672802668
01-Aug-2026 01:55:04,-168.326422801668,-40.2194358551526,0,23,23,23,6,-40.2194358551526
01-Aug-2026 01:55:06,-168.701028109509,-40.5940411629935,0,23,23,23,7,-40.5940411629935
01-Aug-2026 01:55:08,-182.250001680644,-54.143014734128,0,23,23,23,6,-54.143014734128
01-Aug-2026 01:55:10,-184.79739377862,-56.6904068321045,0,23,23,23,4,-56.6904068321045
01-Aug-2026 01:55:12,-190.515125552964,-62.408138606448,0,23,23,23,3,-62.408138606448
01-Aug-2026 01:55:14,-190.305251982994,-62.198265036478,0,22,22,22,3,-62.198265036478
01-Aug-2026 01:55:16,-190.44196769123,-62.3349807447139,0,22,22,22,3,-62.3349807447139
01-Aug-2026 01:55:18,-190.657399836764,-62.5504128902479,0,22,22,22,3,-62.5504128902479
01-Aug-2026 01:55:20,-182.835509745539,-54.7285227990236,0,22,22,22,4,-54.7285227990236
01-Aug-2026 01:55:22,-182.865317329571,-54.7583303830548,0,23,23,23,4,-54.7583303830548
01-Aug-2026 01:55:24,-183.17522621478,-55.0682392682645,0,23,23,23,4,-55.0682392682645
01-Aug-2026 01:55:26,-183.89645362311,-55.7894666765945,0,23,23,23,3,-55.7894666765945
01-Aug-2026 01:55:28,-179.975205529549,-51.8682185830335,0,23,23,23,4,-51.8682185830335
01-Aug-2026 01:55:30,-183.779331553525,-55.6723446070087,0,24,24,24,3,-55.6723446070087
01-Aug-2026 01:55:32,-183.494856935104,-55.3878699885882,0,25,25,25,3,-55.3878699885882
01-Aug-2026 01:55:34,-184.093133859019,-55.9861469125034,0,25,25,25,2,-55.9861469125034
01-Aug-2026 01:55:36,-184.324060659726,-56.2170737132099,0,25,25,25,2,-56.2170737132099
01-Aug-2026 01:55:38,-184.151946987119,-56.0449600406033,0,25,25,25,2,-56.0449600406033
01-Aug-2026 01:55:40,-175.64791512019,-47.5409281736742,0,25,25,25,3,-47.5409281736742
01-Aug-2026 01:55:42,-151.547666104117,-23.4406791576014,0,25,25,25,4,-23.4406791576014
01-Aug-2026 01:55:44,-151.99091594103,-23.8839289945142,0,25,25,25,4,-23.8839289945142
01-Aug-2026 01:55:46,-151.461464155949,-23.3544772094332,0,25,25,25,5,-23.3544772094332
01-Aug-2026 01:55:48,-151.728563584377,-23.6215766378611,0,24,24,24,6,-23.6215766378611
01-Aug-2026 01:55:50,-152.315980429283,-24.2089934827669,0,24,24,24,6,-24.2089934827669
01-Aug-2026 01:55:52,-152.135592323349,-24.028605376833,0,24,24,24,5,-24.028605376833
01-Aug-2026 01:55:54,-160.905572935943,-32.7985859894272,0,24,24,24,6,-32.7985859894272
01-Aug-2026 01:55:56,-174.872752589463,-46.7657656429473,0,24,24,24,4,-46.7657656429473
01-Aug-2026 01:55:58,-183.720889958239,-55.613903011723,0,24,24,24,3,-55.613903011723
01-Aug-2026 01:56:00,-168.327444087518,-40.2204571410025,0,24,24,24,4,-40.2204571410025
01-Aug-2026 01:56:02,-167.005253084445,-38.8982661379295,0,24,24,24,5,-38.8982661379295
01-Aug-2026 01:56:04,-166.711939131493,-38.6049521849775,0,24,24,24,6,-38.6049521849775
01-Aug-2026 01:56:06,-167.143140168725,-39.0361532222088,0,24,24,24,6,-39.0361532222088
01-Aug-2026 01:56:08,-168.622272977702,-40.5152860311866,0,24,24,24,6,-40.5152860311866
01-Aug-2026 01:56:10,-168.545310421456,-40.4383234749401,0,24,24,24,6,-40.4383234749401
01-Aug-2026 01:56:12,-168.354905592464,-40.2479186459483,0,24,24,24,7,-40.2479186459483
01-Aug-2026 01:56:14,-165.667834365222,-37.5608474187061,0,24,24,24,8,-37.5608474187061
01-Aug-2026 01:56:16,-168.523479970599,-40.4164930240833,0,24,24,24,9,-40.4164930240833
01-Aug-2026 01:56:18,-168.535853276351,-40.4288663298354,0,24,24,24,9,-40.4288663298354
01-Aug-2026 01:56:20,-168.386585220648,-40.2795982741319,0,25,25,25,9,-40.2795982741319
01-Aug-2026 01:56:22,-168.341520518039,-40.2345335715228,0,25,25,25,10,-40.2345335715228
01-Aug-2026 01:56:24,-168.376674752379,-40.2696878058626,0,25,25,25,9,-40.2696878058626
01-Aug-2026 01:56:26,-168.104459994363,-39.997473047847,0,25,25,25,8,-39.997473047847
01-Aug-2026 01:56:28,-168.724035872141,-40.6170489256249,0,26,26,26,8,-40.6170489256249
01-Aug-2026 01:56:30,-168.650908108726,-40.5439211622104,0,26,26,26,7,-40.5439211622104
01-Aug-2026 01:56:32,-168.793698313397,-40.6867113668815,0,26,26,26,9,-40.6867113668815
01-Aug-2026 01:56:34,-169.047919846645,-40.9409329001296,0,26,26,26,10,-40.9409329001296
01-Aug-2026 01:56:36,-169.623880655507,-41.5168937089911,0,26,26,26,10,-41.5168937089911
01-Aug-2026 01:56:38,-170.114556165074,-42.0075692185578,0,27,27,27,9,-42.0075692185578
01-Aug-2026 01:56:40,-169.871746168506,-41.7647592219901,0,27,27,27,8,-41.7647592219901
01-Aug-2026 01:56:42,-178.9016937107,-50.7947067641842,0,27,27,27,7,-50.7947067641842
01-Aug-2026 01:56:44,-179.02356387514,-50.9165769286245,0,27,27,27,7,-50.9165769286245
01-Aug-2026 01:56:46,-179.098152193337,-50.991165246821,0,27,27,27,7,-50.991165246821
01-Aug-2026 01:56:48,-172.048488677614,-43.9415017310981,0,26,26,26,8,-43.9415017310981
01-Aug-2026 01:56:50,-171.934518817842,-43.8275318713258,0,26,26,26,7,-43.8275318713258
01-Aug-2026 01:56:52,-180.163218681194,-52.0562317346778,0,26,26,26,5,-52.0562317346778
01-Aug-2026 01:56:54,-181.198143997401,-53.0911570508846,0,25,25,25,4,-53.0911570508846
01-Aug-2026 01:56:56,-180.926314733442,-52.8193277869262,0,24,24,24,4,-52.8193277869262
01-Aug-2026 01:56:58,-186.842535355031,-58.7355484085153,0,24,24,24,2,-58.7355484085153
01-Aug-2026 01:57:00,-184.912212532288,-56.8052255857719,0,24,24,24,3,-56.8052255857719
01-Aug-2026 01:57:02,-184.910314255906,-56.8033273093905,0,24,24,24,3,-56.8033273093905
01-Aug-2026 01:57:04,-182.971741933285,-54.8647549867696,0,24,24,24,4,-54.8647549867696
01-Aug-2026 01:57:06,-158.931400871323,-30.8244139248069,0,23,23,23,5,-30.8244139248069
01-Aug-2026 01:57:08,-158.149086769477,-30.0420998229608,0,23,23,23,5,-30.0420998229608
01-Aug-2026 01:57:10,-157.333833394906,-29.22684644839,0,24,24,24,5,-29.22684644839
01-Aug-2026 01:57:12,-157.401016500053,-29.2940295535375,0,24,24,24,5,-29.2940295535375
01-Aug-2026 01:57:14,-157.664746400198,-29.5577594536822,0,24,24,24,5,-29.5577594536822
01-Aug-2026 01:57:16,-158.16624903353,-30.0592620870139,0,24,24,24,5,-30.0592620870139
01-Aug-2026 01:57:18,-154.802345570074,-26.6953586235583,0,24,24,24,7,-26.6953586235583
01-Aug-2026 01:57:20,-154.580055349298,-26.4730684027824,0,24,24,24,6,-26.4730684027824
01-Aug-2026 01:57:22,-154.354496811754,-26.2475098652382,0,24,24,24,5,-26.2475098652382
01-Aug-2026 01:57:24,-157.719904563938,-29.612917617422,0,24,24,24,4,-29.612917617422
01-Aug-2026 01:57:26,-157.760928094229,-29.653941147713,0,24,24,24,4,-29.653941147713
01-Aug-2026 01:57:28,-157.651747135557,-29.5447601890409,0,24,24,24,4,-29.5447601890409
01-Aug-2026 01:57:30,-157.741923850963,-29.6349369044474,0,24,24,24,3,-29.6349369044474
01-Aug-2026 01:57:32,-157.683014078379,-29.5760271318628,0,24,24,24,3,-29.5760271318628
01-Aug-2026 01:57:34,-157.902020279498,-29.7950333329821,0,24,24,24,5,-29.7950333329821
01-Aug-2026 01:57:36,-156.733849009165,-28.6268620626491,0,24,24,24,6,-28.6268620626491
01-Aug-2026 01:57:38,-156.838036465434,-28.7310495189177,0,24,24,24,6,-28.7310495189177
01-Aug-2026 01:57:40,-156.588686208811,-28.4816992622954,0,24,24,24,6,-28.4816992622954
01-Aug-2026 01:57:42,-156.453725875656,-28.34673892914,0,24,24,24,7,-28.34673892914
01-Aug-2026 01:57:44,-156.697803739762,-28.5908167932464,0,23,23,23,7,-28.5908167932464
01-Aug-2026 01:57:46,-156.384579727644,-28.2775927811284,0,23,23,23,7,-28.2775927811284
01-Aug-2026 01:57:48,-157.125977392393,-29.0189904458767,0,22,22,22,6,-29.0189904458767
01-Aug-2026 01:57:50,-157.822102899477,-29.7151159529615,0,22,22,22,6,-29.7151159529615
01-Aug-2026 01:57:52,-158.493695497523,-30.3867085510075,0,22,22,22,6,-30.3867085510075
01-Aug-2026 01:57:54,-158.878997879752,-30.7720109332365,0,21,21,21,6,-30.7720109332365
01-Aug-2026 01:57:56,-159.822199885372,-31.7152129388562,0,21,21,21,5,-31.7152129388562
01-Aug-2026 01:57:58,-160.185258223466,-32.0782712769506,0,21,21,21,5,-32.0782712769506
01-Aug-2026 01:58:00,-160.467824098891,-32.3608371523756,0,21,21,21,3,-32.3608371523756
01-Aug-2026 01:58:02,-160.687191939816,-32.5802049933006,0,21,21,21,3,-32.5802049933006
01-Aug-2026 01:58:04,-161.005067409698,-32.898080463182,0,21,21,21,3,-32.898080463182
01-Aug-2026 01:58:06,-161.601827600683,-33.4948406541669,0,21,21,21,3,-33.4948406541669
01-Aug-2026 01:58:08,-165.081171072733,-36.9741841262167,0,21,21,21,2,-36.9741841262167
01-Aug-2026 01:58:10,-165.273762713206,-37.16677576669,0,21,21,21,2,-37.16677576669
01-Aug-2026 01:58:12,-164.951190191401,-36.8442032448851,0,21,21,21,2,-36.8442032448851
01-Aug-2026 01:58:14,-165.127271171241,-37.0202842247253,0,22,22,22,3,-37.0202842247253
01-Aug-2026 01:58:16,-165.06853056445,-36.9615436179344,0,22,22,22,4,-36.9615436179344
01-Aug-2026 01:58:18,-165.109588904132,-37.0026019576159,0,22,22,22,4,-37.0026019576159
01-Aug-2026 01:58:20,-164.593868934388,-36.4868819878718,0,22,22,22,6,-36.4868819878718
01-Aug-2026 01:58:22,-164.483024987,-36.3760380404844,0,22,22,22,6,-36.3760380404844
01-Aug-2026 01:58:24,-164.457182895013,-36.3501959484973,0,22,22,22,6,-36.3501959484973
01-Aug-2026 01:58:26,-164.98721923301,-36.8802322864946,0,22,22,22,8,-36.8802322864946
01-Aug-2026 01:58:28,-165.180313104316,-37.0733261578001,0,23,23,23,7,-37.0733261578001
01-Aug-2026 01:58:30,-161.740764523694,-33.6337775771783,0,23,23,23,8,-33.6337775771783
01-Aug-2026 01:58:32,-162.028655469352,-33.921668522836,0,24,24,24,9,-33.921668522836
01-Aug-2026 01:58:34,-159.458584860635,-31.3515979141193,0,24,24,24,9,-31.3515979141193
01-Aug-2026 01:58:36,-158.892147556297,-30.7851606097816,0,24,24,24,9,-30.7851606097816
01-Aug-2026 01:58:38,-158.256721514515,-30.1497345679992,0,24,24,24,9,-30.1497345679992
01-Aug-2026 01:58:40,-158.380235070969,-30.2732481244535,0,24,24,24,9,-30.2732481244535
01-Aug-2026 01:58:42,-157.763973436587,-29.6569864900712,0,24,24,24,8,-29.6569864900712
01-Aug-2026 01:58:44,-157.698567629486,-29.5915806829697,0,24,24,24,7,-29.5915806829697
01-Aug-2026 01:58:46,-157.655636453676,-29.5486495071602,0,24,24,24,7,-29.5486495071602
01-Aug-2026 01:58:48,-157.715048608719,-29.6080616622036,0,24,24,24,7,-29.6080616622036
01-Aug-2026 01:58:50,-157.590622701982,-29.483635755466,0,24,24,24,6,-29.483635755466
01-Aug-2026 01:58:52,-157.938297563684,-29.8313106171678,0,23,23,23,6,-29.8313106171678
01-Aug-2026 01:58:54,-156.921301961098,-28.8143150145818,0,23,23,23,6,-28.8143150145818
01-Aug-2026 01:58:56,-164.353294634289,-36.2463076877733,0,23,23,23,5,-36.2463076877733
01-Aug-2026 01:58:58,-164.681234788071,-36.5742478415549,0,23,23,23,5,-36.5742478415549
01-Aug-2026 01:59:00,-163.820544963787,-35.7135580172715,0,23,23,23,5,-35.7135580172715
01-Aug-2026 01:59:02,-162.736662225637,-34.6296752791216,0,23,23,23,6,-34.6296752791216
01-Aug-2026 01:59:04,-163.167117595891,-35.060130649375,0,23,23,23,5,-35.060130649375
01-Aug-2026 01:59:06,-162.692202730997,-34.5852157844807,0,22,22,22,5,-34.5852157844807
01-Aug-2026 01:59:08,-162.649422949193,-34.5424360026771,0,23,23,23,6,-34.5424360026771
01-Aug-2026 01:59:10,-163.094922807735,-34.9879358612194,0,24,24,24,6,-34.9879358612194
01-Aug-2026 01:59:12,-163.057314259481,-34.9503273129655,0,24,24,24,4,-34.9503273129655
01-Aug-2026 01:59:14,-163.76129542036,-35.6543084738444,0,24,24,24,4,-35.6543084738444
01-Aug-2026 01:59:16,-164.010066628647,-35.9030796821313,0,24,24,24,4,-35.9030796821313
01-Aug-2026 01:59:18,-163.894975230817,-35.787988284301,0,24,24,24,4,-35.787988284301
01-Aug-2026 01:59:20,-163.75984313237,-35.6528561858543,0,25,25,25,4,-35.6528561858543
01-Aug-2026 01:59:22,-163.532069876143,-35.4250829296272,0,25,25,25,4,-35.4250829296272
01-Aug-2026 01:59:24,-170.553782796248,-42.4467958497326,0,25,25,25,3,-42.4467958497326
01-Aug-2026 01:59:26,-170.778037112082,-42.671050165566,0,25,25,25,3,-42.671050165566
01-Aug-2026 01:59:28,-170.522472347677,-42.4154854011614,0,25,25,25,2,-42.4154854011614
01-Aug-2026 01:59:30,-192.504051524408,-64.3970645778923,0,25,25,25,1,-64.3970645778923
01-Aug-2026 01:59:32,-3076.52655568589,-2948.41956873937,0,25,25,25,0,-2948.41956873937
01-Aug-2026 01:59:34,-187.668357418289,-59.5613704717729,0,25,25,25,1,-59.5613704717729
01-Aug-2026 01:59:36,-187.666634417987,-59.5596474714712,0,25,25,25,1,-59.5596474714712
01-Aug-2026 01:59:38,-186.443161162018,-58.3361742155023,0,24,24,24,2,-58.3361742155023
01-Aug-2026 01:59:40,-186.08253875141,-57.9755518048944,0,24,24,24,2,-57.9755518048944
01-Aug-2026 01:59:42,-186.506184833599,-58.3991978870833,0,24,24,24,2,-58.3991978870833
01-Aug-2026 01:59:44,-164.694244013138,-36.5872570666226,0,24,24,24,3,-36.5872570666226
01-Aug-2026 01:59:46,-164.843928839248,-36.7369418927325,0,24,24,24,3,-36.7369418927325
01-Aug-2026 01:59:48,-165.556539554206,-37.4495526076896,0,24,24,24,3,-37.4495526076896
01-Aug-2026 01:59:50,-165.602201261416,-37.4952143149002,0,24,24,24,3,-37.4952143149002
01-Aug-2026 01:59:52,-164.959279596948,-36.8522926504322,0,24,24,24,1,-36.8522926504322
01-Aug-2026 01:59:54,-164.317960128046,-36.2109731815301,0,24,24,24,1,-36.2109731815301
01-Aug-2026 01:59:56,-164.238647790828,-36.1316608443121,0,24,24,24,4,-36.1316608443121
01-Aug-2026 01:59:58,-176.628168508786,-48.5211815622698,0,24,24,24,3,-48.5211815622698
01-Aug-2026 02:00:00,-175.751660551393,-47.6446736048769,0,24,24,24,3,-47.6446736048769
