Time,AggregateInterferenceDbm,IOverNDb,DominantSatelliteIndex,VisibleSatelliteCount,EligibleCandidateCount,CandidateSatelliteCount,EffectiveContributorCount,PracticalSelectedIOverNDb
01-Aug-2026 00:00:00,-175.279088172129,-47.1721012256135,0,25,25,25,4,-47.1721012256135
01-Aug-2026 00:00:02,-175.637267083382,-47.5302801368663,0,25,25,25,4,-47.5302801368663
01-Aug-2026 00:00:04,-175.465016317096,-47.3580293705798,0,25,25,25,3,-47.3580293705798
01-Aug-2026 00:00:06,-175.36735342056,-47.2603664740445,0,26,26,26,3,-47.2603664740445
01-Aug-2026 00:00:08,-192.975637887549,-64.8686509410327,0,25,25,25,3,-64.8686509410327
01-Aug-2026 00:00:10,-194.077257713273,-65.9702707667572,0,25,25,25,2,-65.9702707667572
01-Aug-2026 00:00:12,-170.563736128158,-42.4567491816417,0,26,26,26,4,-42.4567491816417
01-Aug-2026 00:00:14,-170.180122631926,-42.0731356854097,0,26,26,26,4,-42.0731356854097
01-Aug-2026 00:00:16,-169.838627355503,-41.7316404089875,0,26,26,26,5,-41.7316404089875
01-Aug-2026 00:00:18,-169.961326532763,-41.8543395862475,0,25,25,25,4,-41.8543395862475
01-Aug-2026 00:00:20,-170.193989262971,-42.0870023164556,0,25,25,25,3,-42.0870023164556
01-Aug-2026 00:00:22,-169.961138002721,-41.8541510562054,0,25,25,25,3,-41.8541510562054
01-Aug-2026 00:00:24,-169.801587965755,-41.6946010192387,0,25,25,25,4,-41.6946010192387
01-Aug-2026 00:00:26,-169.174757006767,-41.0677700602511,0,24,24,24,4,-41.0677700602511
01-Aug-2026 00:00:28,-169.166902907714,-41.059915961198,0,24,24,24,4,-41.059915961198
01-Aug-2026 00:00:30,-169.084851096383,-40.9778641498675,0,25,25,25,4,-40.9778641498675
01-Aug-2026 00:00:32,-169.257363760401,-41.1503768138854,0,25,25,25,4,-41.1503768138854
01-Aug-2026 00:00:34,-168.851495337955,-40.7445083914396,0,25,25,25,4,-40.7445083914396
01-Aug-2026 00:00:36,-169.019645998924,-40.9126590524082,0,25,25,25,3,-40.9126590524082
01-Aug-2026 00:00:38,-169.04222131119,-40.9352343646741,0,25,25,25,3,-40.9352343646741
01-Aug-2026 00:00:40,-168.241086451857,-40.1340995053409,0,25,25,25,3,-40.1340995053409
01-Aug-2026 00:00:42,-168.090628791323,-39.9836418448076,0,25,25,25,3,-39.9836418448076
01-Aug-2026 00:00:44,-167.943686087494,-39.836699140978,0,25,25,25,2,-39.836699140978
01-Aug-2026 00:00:46,-168.27695702803,-40.169970081514,0,24,24,24,3,-40.169970081514
01-Aug-2026 00:00:48,-168.893514210588,-40.7865272640726,0,24,24,24,3,-40.7865272640726
01-Aug-2026 00:00:50,-168.88387128726,-40.7768843407442,0,24,24,24,3,-40.7768843407442
01-Aug-2026 00:00:52,-200.948380369742,-72.8413934232265,0,24,24,24,1,-72.8413934232265
01-Aug-2026 00:00:54,-169.99443092812,-41.8874439816043,0,24,24,24,2,-41.8874439816043
01-Aug-2026 00:00:56,-169.423147859492,-41.3161609129764,0,25,25,25,4,-41.3161609129764
01-Aug-2026 00:00:58,-169.823656043892,-41.716669097376,0,25,25,25,3,-41.716669097376
01-Aug-2026 00:01:00,-169.991723832977,-41.8847368864609,0,25,25,25,3,-41.8847368864609
01-Aug-2026 00:01:02,-169.372118714469,-41.2651317679533,0,25,25,25,4,-41.2651317679533
01-Aug-2026 00:01:04,-168.638246030013,-40.5312590834976,0,24,24,24,3,-40.5312590834976
01-Aug-2026 00:01:06,-168.275570833672,-40.1685838871564,0,24,24,24,5,-40.1685838871564
01-Aug-2026 00:01:08,-167.810881782085,-39.7038948355687,0,24,24,24,5,-39.7038948355687
01-Aug-2026 00:01:10,-167.722353686211,-39.6153667396948,0,24,24,24,5,-39.6153667396948
01-Aug-2026 00:01:12,-167.365149399795,-39.2581624532787,0,24,24,24,5,-39.2581624532787
01-Aug-2026 00:01:14,-167.213126122953,-39.1061391764372,0,24,24,24,5,-39.1061391764372
01-Aug-2026 00:01:16,-183.173607660676,-55.0666207141601,0,24,24,24,4,-55.0666207141601
01-Aug-2026 00:01:18,-182.239227458804,-54.1322405122885,0,24,24,24,4,-54.1322405122885
01-Aug-2026 00:01:20,-174.652768493465,-46.5457815469494,0,25,25,25,4,-46.5457815469494
01-Aug-2026 00:01:22,-173.561505297302,-45.4545183507861,0,25,25,25,5,-45.4545183507861
01-Aug-2026 00:01:24,-173.651783693456,-45.5447967469397,0,25,25,25,6,-45.5447967469397
01-Aug-2026 00:01:26,-174.009024275459,-45.9020373289433,0,25,25,25,6,-45.9020373289433
01-Aug-2026 00:01:28,-173.754290915506,-45.6473039689901,0,25,25,25,6,-45.6473039689901
01-Aug-2026 00:01:30,-172.399591467722,-44.2926045212056,0,25,25,25,5,-44.2926045212056
01-Aug-2026 00:01:32,-172.570602506905,-44.4636155603892,0,25,25,25,4,-44.4636155603892
01-Aug-2026 00:01:34,-172.437736325052,-44.3307493785364,0,24,24,24,5,-44.3307493785364
01-Aug-2026 00:01:36,-172.348149631047,-44.2411626845308,0,24,24,24,5,-44.2411626845308
01-Aug-2026 00:01:38,-171.760036160786,-43.65304921427,0,25,25,25,5,-43.65304921427
01-Aug-2026 00:01:40,-171.691593835438,-43.5846068889222,0,25,25,25,5,-43.5846068889222
01-Aug-2026 00:01:42,-172.236048188053,-44.1290612415372,0,24,24,24,5,-44.1290612415372
01-Aug-2026 00:01:44,-172.188171425614,-44.0811844790981,0,24,24,24,5,-44.0811844790981
01-Aug-2026 00:01:46,-171.672092727771,-43.565105781255,0,24,24,24,5,-43.565105781255
01-Aug-2026 00:01:48,-171.405140520505,-43.2981535739896,0,24,24,24,5,-43.2981535739896
01-Aug-2026 00:01:50,-171.497870500938,-43.3908835544221,0,24,24,24,3,-43.3908835544221
01-Aug-2026 00:01:52,-171.602263590064,-43.4952766435481,0,24,24,24,3,-43.4952766435481
01-Aug-2026 00:01:54,-171.905897366246,-43.7989104197305,0,24,24,24,3,-43.7989104197305
01-Aug-2026 00:01:56,-172.119026874179,-44.0120399276631,0,24,24,24,3,-44.0120399276631
01-Aug-2026 00:01:58,-172.620165848487,-44.5131789019709,0,25,25,25,4,-44.5131789019709
01-Aug-2026 00:02:00,-172.279198726855,-44.1722117803392,0,25,25,25,4,-44.1722117803392
01-Aug-2026 00:02:02,-172.727651096411,-44.6206641498953,0,25,25,25,4,-44.6206641498953
01-Aug-2026 00:02:04,-173.063728220552,-44.956741274036,0,25,25,25,4,-44.956741274036
01-Aug-2026 00:02:06,-173.205252910778,-45.0982659642621,0,25,25,25,4,-45.0982659642621
01-Aug-2026 00:02:08,-173.069702314932,-44.9627153684161,0,25,25,25,3,-44.9627153684161
01-Aug-2026 00:02:10,-173.772987213988,-45.6660002674722,0,25,25,25,4,-45.6660002674722
01-Aug-2026 00:02:12,-173.622211472894,-45.5152245263783,0,25,25,25,4,-45.5152245263783
01-Aug-2026 00:02:14,-173.685046764392,-45.5780598178759,0,25,25,25,4,-45.5780598178759
01-Aug-2026 00:02:16,-174.133787442001,-46.0268004954854,0,24,24,24,4,-46.0268004954854
01-Aug-2026 00:02:18,-172.670082293899,-44.5630953473831,0,24,24,24,4,-44.5630953473831
01-Aug-2026 00:02:20,-172.504809833732,-44.3978228872161,0,24,24,24,4,-44.3978228872161
01-Aug-2026 00:02:22,-166.841471373975,-38.7344844274587,0,24,24,24,5,-38.7344844274587
01-Aug-2026 00:02:24,-168.376286287371,-40.2692993408556,0,25,25,25,4,-40.2692993408556
01-Aug-2026 00:02:26,-167.800041509736,-39.6930545632205,0,25,25,25,4,-39.6930545632205
01-Aug-2026 00:02:28,-167.275850530107,-39.1688635835907,0,25,25,25,4,-39.1688635835907
01-Aug-2026 00:02:30,-168.376771052229,-40.2697841057133,0,25,25,25,3,-40.2697841057133
01-Aug-2026 00:02:32,-167.216452850991,-39.109465904475,0,25,25,25,3,-39.109465904475
01-Aug-2026 00:02:34,-166.27276425751,-38.1657773109944,0,25,25,25,3,-38.1657773109944
01-Aug-2026 00:02:36,-165.074437860275,-36.9674509137591,0,24,24,24,2,-36.9674509137591
01-Aug-2026 00:02:38,-165.181915169429,-37.0749282229133,0,24,24,24,3,-37.0749282229133
01-Aug-2026 00:02:40,-164.675978711446,-36.5689917649298,0,24,24,24,4,-36.5689917649298
01-Aug-2026 00:02:42,-163.37957316217,-35.2725862156541,0,25,25,25,5,-35.2725862156541
01-Aug-2026 00:02:44,-164.037022377314,-35.9300354307978,0,25,25,25,4,-35.9300354307978
01-Aug-2026 00:02:46,-163.675387699416,-35.5684007528997,0,26,26,26,5,-35.5684007528997
01-Aug-2026 00:02:48,-163.893242164144,-35.7862552176281,0,26,26,26,5,-35.7862552176281
01-Aug-2026 00:02:50,-187.804597559671,-59.697610613155,0,26,26,26,5,-59.697610613155
01-Aug-2026 00:02:52,-187.203191873625,-59.0962049271096,0,26,26,26,6,-59.0962049271096
01-Aug-2026 00:02:54,-189.97580493498,-61.8688179884642,0,26,26,26,4,-61.8688179884642
01-Aug-2026 00:02:56,-191.302810575985,-63.195823629469,0,25,25,25,3,-63.195823629469
01-Aug-2026 00:02:58,-189.506542507447,-61.399555560931,0,25,25,25,4,-61.399555560931
01-Aug-2026 00:03:00,-190.456684332404,-62.3496973858879,0,25,25,25,3,-62.3496973858879
01-Aug-2026 00:03:02,-171.512395326634,-43.4054083801178,0,25,25,25,4,-43.4054083801178
01-Aug-2026 00:03:04,-188.873648354069,-60.7666614075528,0,25,25,25,4,-60.7666614075528
01-Aug-2026 00:03:06,-189.585548323734,-61.4785613772179,0,25,25,25,3,-61.4785613772179
01-Aug-2026 00:03:08,-191.994966977512,-63.8879800309959,0,25,25,25,2,-63.8879800309959
01-Aug-2026 00:03:10,-192.168054261759,-64.0610673152434,0,25,25,25,2,-64.0610673152434
01-Aug-2026 00:03:12,-192.187772606962,-64.0807856604459,0,25,25,25,2,-64.0807856604459
01-Aug-2026 00:03:14,-192.217203836363,-64.1102168898474,0,25,25,25,2,-64.1102168898474
01-Aug-2026 00:03:16,-192.337915142243,-64.2309281957273,0,25,25,25,2,-64.2309281957273
01-Aug-2026 00:03:18,-192.534271113857,-64.4272841673408,0,25,25,25,2,-64.4272841673408
01-Aug-2026 00:03:20,-168.242604000874,-40.1356170543581,0,25,25,25,2,-40.1356170543581
01-Aug-2026 00:03:22,-167.457272290168,-39.3502853436523,0,25,25,25,2,-39.3502853436523
01-Aug-2026 00:03:24,-167.608720412873,-39.5017334663576,0,25,25,25,2,-39.5017334663576
01-Aug-2026 00:03:26,-167.673919989814,-39.5669330432977,0,25,25,25,2,-39.5669330432977
01-Aug-2026 00:03:28,-166.862904769716,-38.7559178231999,0,25,25,25,3,-38.7559178231999
01-Aug-2026 00:03:30,-165.792368894511,-37.685381947995,0,25,25,25,3,-37.685381947995
01-Aug-2026 00:03:32,-165.443415808313,-37.3364288617969,0,25,25,25,4,-37.3364288617969
01-Aug-2026 00:03:34,-165.220032222176,-37.1130452756601,0,25,25,25,4,-37.1130452756601
01-Aug-2026 00:03:36,-165.613730758026,-37.5067438115104,0,25,25,25,4,-37.5067438115104
01-Aug-2026 00:03:38,-164.524971545209,-36.4179845986929,0,25,25,25,5,-36.4179845986929
01-Aug-2026 00:03:40,-165.005420129471,-36.8984331829551,0,24,24,24,3,-36.8984331829551
01-Aug-2026 00:03:42,-165.822416614782,-37.715429668266,0,24,24,24,3,-37.715429668266
01-Aug-2026 00:03:44,-165.02142749654,-36.9144405500242,0,24,24,24,3,-36.9144405500242
01-Aug-2026 00:03:46,-165.043884426621,-36.9368974801054,0,24,24,24,3,-36.9368974801054
01-Aug-2026 00:03:48,-164.875190371035,-36.7682034245188,0,24,24,24,3,-36.7682034245188
01-Aug-2026 00:03:50,-164.773049202125,-36.6660622556093,0,24,24,24,3,-36.6660622556093
01-Aug-2026 00:03:52,-164.612251828786,-36.5052648822704,0,24,24,24,3,-36.5052648822704
01-Aug-2026 00:03:54,-164.425280904831,-36.3182939583155,0,24,24,24,3,-36.3182939583155
01-Aug-2026 00:03:56,-164.603008545099,-36.4960215985835,0,24,24,24,3,-36.4960215985835
01-Aug-2026 00:03:58,-164.402690438384,-36.2957034918678,0,25,25,25,3,-36.2957034918678
01-Aug-2026 00:04:00,-186.337588404207,-58.2306014576908,0,25,25,25,2,-58.2306014576908
01-Aug-2026 00:04:02,-186.55177503397,-58.4447880874546,0,25,25,25,2,-58.4447880874546
01-Aug-2026 00:04:04,-186.383725910395,-58.2767389638796,0,25,25,25,2,-58.2767389638796
01-Aug-2026 00:04:06,-196.528531159104,-68.421544212588,0,25,25,25,2,-68.421544212588
01-Aug-2026 00:04:08,-196.483186891493,-68.3761999449775,0,25,25,25,2,-68.3761999449775
01-Aug-2026 00:04:10,-180.899256253581,-52.7922693070648,0,25,25,25,3,-52.7922693070648
01-Aug-2026 00:04:12,-165.215251010379,-37.108264063863,0,25,25,25,5,-37.108264063863
01-Aug-2026 00:04:14,-164.489104839279,-36.3821178927634,0,25,25,25,4,-36.3821178927634
01-Aug-2026 00:04:16,-163.865678092646,-35.75869114613,0,25,25,25,4,-35.75869114613
01-Aug-2026 00:04:18,-164.241336079652,-36.1343491331365,0,25,25,25,3,-36.1343491331365
01-Aug-2026 00:04:20,-164.284125473976,-36.1771385274598,0,24,24,24,3,-36.1771385274598
01-Aug-2026 00:04:22,-163.915966964085,-35.8089800175691,0,25,25,25,4,-35.8089800175691
01-Aug-2026 00:04:24,-163.849810311293,-35.7428233647769,0,25,25,25,4,-35.7428233647769
01-Aug-2026 00:04:26,-164.043232559942,-35.9362456134262,0,25,25,25,4,-35.9362456134262
01-Aug-2026 00:04:28,-164.135994295887,-36.0290073493711,0,25,25,25,4,-36.0290073493711
01-Aug-2026 00:04:30,-164.386924500687,-36.2799375541712,0,25,25,25,4,-36.2799375541712
01-Aug-2026 00:04:32,-165.718635135345,-37.6116481888295,0,25,25,25,4,-37.6116481888295
01-Aug-2026 00:04:34,-165.732263347124,-37.6252764006081,0,25,25,25,4,-37.6252764006081
01-Aug-2026 00:04:36,-166.063066406471,-37.9560794599551,0,25,25,25,4,-37.9560794599551
01-Aug-2026 00:04:38,-166.196453557376,-38.0894666108597,0,24,24,24,4,-38.0894666108597
01-Aug-2026 00:04:40,-166.208600347781,-38.1016134012649,0,24,24,24,3,-38.1016134012649
01-Aug-2026 00:04:42,-165.863699923639,-37.7567129771234,0,24,24,24,4,-37.7567129771234
01-Aug-2026 00:04:44,-166.082783227759,-37.9757962812435,0,24,24,24,4,-37.9757962812435
01-Aug-2026 00:04:46,-166.05267073596,-37.9456837894443,0,24,24,24,4,-37.9456837894443
01-Aug-2026 00:04:48,-166.344291004446,-38.2373040579302,0,24,24,24,4,-38.2373040579302
01-Aug-2026 00:04:50,-171.523199671322,-43.4162127248062,0,25,25,25,4,-43.4162127248062
01-Aug-2026 00:04:52,-171.290440700783,-43.1834537542672,0,24,24,24,5,-43.1834537542672
01-Aug-2026 00:04:54,-160.802719581906,-32.6957326353897,0,24,24,24,6,-32.6957326353897
01-Aug-2026 00:04:56,-160.463101922172,-32.3561149756562,0,24,24,24,6,-32.3561149756562
01-Aug-2026 00:04:58,-160.371590781398,-32.2646038348826,0,24,24,24,7,-32.2646038348826
01-Aug-2026 00:05:00,-160.887494817939,-32.7805078714231,0,24,24,24,8,-32.7805078714231
01-Aug-2026 00:05:02,-160.654378364995,-32.5473914184795,0,24,24,24,7,-32.5473914184795
01-Aug-2026 00:05:04,-166.993185621106,-38.8861986745906,0,25,25,25,8,-38.8861986745906
01-Aug-2026 00:05:06,-166.776068942898,-38.6690819963822,0,26,26,26,7,-38.6690819963822
01-Aug-2026 00:05:08,-167.079035714452,-38.9720487679361,0,26,26,26,6,-38.9720487679361
01-Aug-2026 00:05:10,-167.411391124852,-39.3044041783361,0,26,26,26,6,-39.3044041783361
01-Aug-2026 00:05:12,-166.812774236118,-38.7057872896023,0,26,26,26,7,-38.7057872896023
01-Aug-2026 00:05:14,-167.249116320098,-39.1421293735826,0,26,26,26,8,-39.1421293735826
01-Aug-2026 00:05:16,-167.605312885114,-39.4983259385978,0,26,26,26,8,-39.4983259385978
01-Aug-2026 00:05:18,-166.729105826004,-38.6221188794883,0,26,26,26,9,-38.6221188794883
01-Aug-2026 00:05:20,-166.318815035968,-38.2118280894521,0,26,26,26,9,-38.2118280894521
01-Aug-2026 00:05:22,-167.098628966128,-38.991642019612,0,26,26,26,9,-38.991642019612
01-Aug-2026 00:05:24,-166.808110636942,-38.7011236904264,0,26,26,26,9,-38.7011236904264
01-Aug-2026 00:05:26,-182.797432130084,-54.6904451835682,0,26,26,26,8,-54.6904451835682
01-Aug-2026 00:05:28,-182.287230399845,-54.1802434533294,0,25,25,25,6,-54.1802434533294
01-Aug-2026 00:05:30,-181.496265819624,-53.3892788731079,0,25,25,25,6,-53.3892788731079
01-Aug-2026 00:05:32,-181.416653905327,-53.309666958811,0,25,25,25,5,-53.309666958811
01-Aug-2026 00:05:34,-180.983162289978,-52.8761753434624,0,25,25,25,5,-52.8761753434624
01-Aug-2026 00:05:36,-180.063181970032,-51.9561950235165,0,25,25,25,5,-51.9561950235165
01-Aug-2026 00:05:38,-179.597766836118,-51.4907798896024,0,25,25,25,3,-51.4907798896024
01-Aug-2026 00:05:40,-179.301228648317,-51.1942417018013,0,25,25,25,3,-51.1942417018013
01-Aug-2026 00:05:42,-179.433481264861,-51.326494318345,0,25,25,25,3,-51.326494318345
01-Aug-2026 00:05:44,-179.174997152152,-51.0680102056364,0,24,24,24,4,-51.0680102056364
01-Aug-2026 00:05:46,-184.689478042833,-56.5824910963172,0,24,24,24,3,-56.5824910963172
01-Aug-2026 00:05:48,-184.682548871344,-56.5755619248282,0,25,25,25,3,-56.5755619248282
01-Aug-2026 00:05:50,-184.8922772061,-56.7852902595846,0,25,25,25,3,-56.7852902595846
01-Aug-2026 00:05:52,-184.799785391977,-56.6927984454611,0,25,25,25,3,-56.6927984454611
01-Aug-2026 00:05:54,-184.900259369985,-56.7932724234696,0,25,25,25,3,-56.7932724234696
01-Aug-2026 00:05:56,-185.31783780369,-57.2108508571746,0,25,25,25,2,-57.2108508571746
01-Aug-2026 00:05:58,-185.211468850227,-57.104481903711,0,25,25,25,3,-57.104481903711
01-Aug-2026 00:06:00,-178.248087899576,-50.1411009530605,0,25,25,25,4,-50.1411009530605
01-Aug-2026 00:06:02,-179.031499627875,-50.9245126813588,0,25,25,25,3,-50.9245126813588
01-Aug-2026 00:06:04,-178.400161149877,-50.2931742033613,0,25,25,25,3,-50.2931742033613
01-Aug-2026 00:06:06,-178.700467189269,-50.593480242753,0,25,25,25,3,-50.593480242753
01-Aug-2026 00:06:08,-187.441017867637,-59.3340309211212,0,24,24,24,1,-59.3340309211212
01-Aug-2026 00:06:10,-180.040075359699,-51.9330884131834,0,24,24,24,2,-51.9330884131834
01-Aug-2026 00:06:12,-179.899706986209,-51.7927200396933,0,24,24,24,3,-51.7927200396933
01-Aug-2026 00:06:14,-177.930409770268,-49.8234228237519,0,25,25,25,3,-49.8234228237519
01-Aug-2026 00:06:16,-178.277183272884,-50.1701963263677,0,25,25,25,4,-50.1701963263677
01-Aug-2026 00:06:18,-178.569872610411,-50.4628856638948,0,25,25,25,3,-50.4628856638948
01-Aug-2026 00:06:20,-178.595120717171,-50.4881337706547,0,25,25,25,3,-50.4881337706547
01-Aug-2026 00:06:22,-161.402718277527,-33.2957313310107,0,25,25,25,4,-33.2957313310107
01-Aug-2026 00:06:24,-161.525089730056,-33.4181027835401,0,25,25,25,4,-33.4181027835401
01-Aug-2026 00:06:26,-161.531609134861,-33.424622188345,0,25,25,25,4,-33.424622188345
01-Aug-2026 00:06:28,-161.853250779861,-33.7462638333452,0,24,24,24,4,-33.7462638333452
01-Aug-2026 00:06:30,-161.591705281767,-33.4847183352513,0,25,25,25,6,-33.4847183352513
01-Aug-2026 00:06:32,-162.073672773771,-33.9666858272548,0,25,25,25,6,-33.9666858272548
01-Aug-2026 00:06:34,-161.933209010375,-33.8262220638591,0,25,25,25,6,-33.8262220638591
01-Aug-2026 00:06:36,-176.820285488961,-48.7132985424454,0,25,25,25,5,-48.7132985424454
01-Aug-2026 00:06:38,-163.534572275305,-35.4275853287889,0,25,25,25,8,-35.4275853287889
01-Aug-2026 00:06:40,-163.361739657844,-35.2547527113277,0,26,26,26,7,-35.2547527113277
01-Aug-2026 00:06:42,-163.587416046052,-35.4804290995357,0,26,26,26,7,-35.4804290995357
01-Aug-2026 00:06:44,-164.193144170956,-36.0861572244405,0,26,26,26,10,-36.0861572244405
01-Aug-2026 00:06:46,-165.371894700839,-37.2649077543228,0,25,25,25,10,-37.2649077543228
01-Aug-2026 00:06:48,-165.383833180583,-37.2768462340671,0,26,26,26,12,-37.2768462340671
01-Aug-2026 00:06:50,-165.421807755578,-37.3148208090625,0,26,26,26,11,-37.3148208090625
01-Aug-2026 00:06:52,-165.647981280221,-37.5409943337053,0,26,26,26,11,-37.5409943337053
01-Aug-2026 00:06:54,-166.132023335598,-38.0250363890817,0,25,25,25,10,-38.0250363890817
01-Aug-2026 00:06:56,-165.768190565153,-37.6612036186366,0,25,25,25,10,-37.6612036186366
01-Aug-2026 00:06:58,-165.869450450093,-37.762463503577,0,25,25,25,10,-37.762463503577
01-Aug-2026 00:07:00,-167.2443950801,-39.1374081335843,0,25,25,25,9,-39.1374081335843
01-Aug-2026 00:07:02,-167.703693637523,-39.5967066910075,0,25,25,25,10,-39.5967066910075
01-Aug-2026 00:07:04,-167.435390577359,-39.3284036308431,0,25,25,25,10,-39.3284036308431
01-Aug-2026 00:07:06,-167.073091431402,-38.9661044848864,0,25,25,25,10,-38.9661044848864
01-Aug-2026 00:07:08,-167.383767250199,-39.2767803036835,0,25,25,25,9,-39.2767803036835
01-Aug-2026 00:07:10,-175.142315881782,-47.0353289352663,0,25,25,25,8,-47.0353289352663
01-Aug-2026 00:07:12,-175.18162506762,-47.0746381211038,0,25,25,25,7,-47.0746381211038
01-Aug-2026 00:07:14,-174.795153375274,-46.6881664287577,0,25,25,25,6,-46.6881664287577
01-Aug-2026 00:07:16,-172.641926276082,-44.5349393295657,0,25,25,25,7,-44.5349393295657
01-Aug-2026 00:07:18,-172.53550490653,-44.428517960014,0,25,25,25,7,-44.428517960014
01-Aug-2026 00:07:20,-172.144416173051,-44.0374292265351,0,25,25,25,8,-44.0374292265351
01-Aug-2026 00:07:22,-176.288685209158,-48.181698262642,0,25,25,25,8,-48.181698262642
01-Aug-2026 00:07:24,-175.687108212285,-47.580121265769,0,25,25,25,9,-47.580121265769
01-Aug-2026 00:07:26,-175.855285705537,-47.7482987590209,0,24,24,24,8,-47.7482987590209
01-Aug-2026 00:07:28,-180.643780678715,-52.5367937321987,0,24,24,24,6,-52.5367937321987
01-Aug-2026 00:07:30,-180.080551029726,-51.9735640832103,0,24,24,24,6,-51.9735640832103
01-Aug-2026 00:07:32,-180.069063469482,-51.9620765229663,0,24,24,24,6,-51.9620765229663
01-Aug-2026 00:07:34,-186.329271244688,-58.2222842981722,0,24,24,24,5,-58.2222842981722
01-Aug-2026 00:07:36,-187.181235677464,-59.0742487309482,0,24,24,24,4,-59.0742487309482
01-Aug-2026 00:07:38,-186.211241317744,-58.1042543712284,0,24,24,24,5,-58.1042543712284
01-Aug-2026 00:07:40,-185.762590646976,-57.6556037004598,0,24,24,24,5,-57.6556037004598
01-Aug-2026 00:07:42,-185.873425428146,-57.7664384816305,0,24,24,24,5,-57.7664384816305
01-Aug-2026 00:07:44,-177.937043029049,-49.8300560825327,0,24,24,24,7,-49.8300560825327
01-Aug-2026 00:07:46,-177.752258879452,-49.645271932936,0,24,24,24,7,-49.645271932936
01-Aug-2026 00:07:48,-177.468389607348,-49.3614026608326,0,25,25,25,7,-49.3614026608326
01-Aug-2026 00:07:50,-177.490846093533,-49.3838591470174,0,24,24,24,7,-49.3838591470174
01-Aug-2026 00:07:52,-177.214011527115,-49.1070245805995,0,24,24,24,7,-49.1070245805995
01-Aug-2026 00:07:54,-177.332885494233,-49.2258985477173,0,25,25,25,7,-49.2258985477173
01-Aug-2026 00:07:56,-177.358918803878,-49.2519318573621,0,25,25,25,7,-49.2519318573621
01-Aug-2026 00:07:58,-176.887305495138,-48.7803185486218,0,25,25,25,7,-48.7803185486218
01-Aug-2026 00:08:00,-177.776661250215,-49.6696743036991,0,25,25,25,7,-49.6696743036991
01-Aug-2026 00:08:02,-177.715187441363,-49.6082004948472,0,25,25,25,7,-49.6082004948472
01-Aug-2026 00:08:04,-177.513167288596,-49.4061803420801,0,25,25,25,7,-49.4061803420801
01-Aug-2026 00:08:06,-177.150317845642,-49.0433308991266,0,25,25,25,8,-49.0433308991266
01-Aug-2026 00:08:08,-168.283147426499,-40.1761604799834,0,25,25,25,10,-40.1761604799834
01-Aug-2026 00:08:10,-168.268282807125,-40.1612958606087,0,25,25,25,10,-40.1612958606087
01-Aug-2026 00:08:12,-168.466725005644,-40.3597380591279,0,25,25,25,9,-40.3597380591279
01-Aug-2026 00:08:14,-168.228248003335,-40.121261056819,0,25,25,25,9,-40.121261056819
01-Aug-2026 00:08:16,-168.615484547136,-40.5084976006201,0,25,25,25,9,-40.5084976006201
01-Aug-2026 00:08:18,-168.654324689923,-40.5473377434068,0,25,25,25,8,-40.5473377434068
01-Aug-2026 00:08:20,-169.269428362613,-41.162441416097,0,25,25,25,8,-41.162441416097
01-Aug-2026 00:08:22,-168.023492872093,-39.9165059255768,0,25,25,25,9,-39.9165059255768
01-Aug-2026 00:08:24,-167.975416804735,-39.8684298582193,0,25,25,25,9,-39.8684298582193
01-Aug-2026 00:08:26,-168.009617089953,-39.9026301434368,0,25,25,25,9,-39.9026301434368
01-Aug-2026 00:08:28,-167.973576118363,-39.8665891718468,0,24,24,24,9,-39.8665891718468
01-Aug-2026 00:08:30,-166.168566148053,-38.061579201537,0,24,24,24,10,-38.061579201537
01-Aug-2026 00:08:32,-167.098574194441,-38.991587247925,0,24,24,24,8,-38.991587247925
01-Aug-2026 00:08:34,-166.614378980476,-38.5073920339603,0,25,25,25,7,-38.5073920339603
01-Aug-2026 00:08:36,-166.025329757894,-37.9183428113786,0,25,25,25,6,-37.9183428113786
01-Aug-2026 00:08:38,-164.377001357811,-36.2700144112954,0,25,25,25,7,-36.2700144112954
01-Aug-2026 00:08:40,-165.343455783741,-37.2364688372253,0,24,24,24,7,-37.2364688372253
01-Aug-2026 00:08:42,-165.094616524186,-36.9876295776699,0,25,25,25,8,-36.9876295776699
01-Aug-2026 00:08:44,-164.860916289408,-36.7539293428924,0,25,25,25,8,-36.7539293428924
01-Aug-2026 00:08:46,-164.578053363428,-36.4710664169126,0,25,25,25,9,-36.4710664169126
01-Aug-2026 00:08:48,-164.428728188484,-36.3217412419682,0,25,25,25,9,-36.3217412419682
01-Aug-2026 00:08:50,-164.417215522236,-36.3102285757205,0,25,25,25,8,-36.3102285757205
01-Aug-2026 00:08:52,-163.904858246451,-35.7978712999347,0,25,25,25,8,-35.7978712999347
01-Aug-2026 00:08:54,-163.476790428526,-35.3698034820104,0,26,26,26,7,-35.3698034820104
01-Aug-2026 00:08:56,-163.133693427452,-35.0267064809361,0,26,26,26,7,-35.0267064809361
01-Aug-2026 00:08:58,-164.543353387788,-36.4363664412726,0,26,26,26,6,-36.4363664412726
01-Aug-2026 00:09:00,-161.77037005719,-33.6633831106739,0,26,26,26,7,-33.6633831106739
01-Aug-2026 00:09:02,-162.873183454882,-34.7661965083657,0,26,26,26,6,-34.7661965083657
01-Aug-2026 00:09:04,-165.711497106711,-37.6045101601952,0,26,26,26,5,-37.6045101601952
01-Aug-2026 00:09:06,-165.12636171781,-37.0193747712945,0,26,26,26,5,-37.0193747712945
01-Aug-2026 00:09:08,-164.414442144524,-36.3074551980086,0,26,26,26,5,-36.3074551980086
01-Aug-2026 00:09:10,-162.878371104522,-34.7713841580064,0,26,26,26,4,-34.7713841580064
01-Aug-2026 00:09:12,-160.127625717005,-32.0206387704887,0,26,26,26,4,-32.0206387704887
01-Aug-2026 00:09:14,-156.55180774137,-28.4448207948545,0,26,26,26,4,-28.4448207948545
01-Aug-2026 00:09:16,-164.823755240502,-36.7167682939863,0,25,25,25,7,-36.7167682939863
01-Aug-2026 00:09:18,-188.455191697363,-60.3482047508476,0,25,25,25,5,-60.3482047508476
01-Aug-2026 00:09:20,-190.427421479199,-62.3204345326835,0,25,25,25,4,-62.3204345326835
01-Aug-2026 00:09:22,-190.502516010408,-62.3955290638922,0,25,25,25,4,-62.3955290638922
01-Aug-2026 00:09:24,-189.600001151136,-61.4930142046206,0,25,25,25,4,-61.4930142046206
01-Aug-2026 00:09:26,-189.037837793874,-60.9308508473576,0,25,25,25,4,-60.9308508473576
01-Aug-2026 00:09:28,-189.283878118292,-61.176891171776,0,25,25,25,4,-61.176891171776
01-Aug-2026 00:09:30,-189.497999549701,-61.3910126031855,0,25,25,25,4,-61.3910126031855
01-Aug-2026 00:09:32,-189.309306190865,-61.2023192443487,0,25,25,25,4,-61.2023192443487
01-Aug-2026 00:09:34,-188.529996118259,-60.4230091717429,0,25,25,25,4,-60.4230091717429
01-Aug-2026 00:09:36,-191.071727124121,-62.964740177605,0,26,26,26,4,-62.964740177605
01-Aug-2026 00:09:38,-191.067560693126,-62.9605737466098,0,26,26,26,4,-62.9605737466098
01-Aug-2026 00:09:40,-162.048369883076,-33.9413829365599,0,26,26,26,4,-33.9413829365599
01-Aug-2026 00:09:42,-161.691019990257,-33.5840330437408,0,26,26,26,4,-33.5840330437408
01-Aug-2026 00:09:44,-161.652407351365,-33.5454204048488,0,26,26,26,4,-33.5454204048488
01-Aug-2026 00:09:46,-161.570032422304,-33.463045475788,0,26,26,26,4,-33.463045475788
01-Aug-2026 00:09:48,-161.650344569109,-33.5433576225936,0,25,25,25,3,-33.5433576225936
01-Aug-2026 00:09:50,-161.831918310623,-33.724931364107,0,25,25,25,4,-33.724931364107
01-Aug-2026 00:09:52,-161.672557373816,-33.5655704273003,0,25,25,25,3,-33.5655704273003
01-Aug-2026 00:09:54,-162.061125083877,-33.9541381373614,0,25,25,25,4,-33.9541381373614
01-Aug-2026 00:09:56,-162.188311243285,-34.0813242967694,0,25,25,25,4,-34.0813242967694
01-Aug-2026 00:09:58,-161.405194067094,-33.2982071205782,0,25,25,25,4,-33.2982071205782
01-Aug-2026 00:10:00,-161.493840619749,-33.3868536732334,0,24,24,24,4,-33.3868536732334
01-Aug-2026 00:10:02,-161.334664524831,-33.2276775783155,0,24,24,24,4,-33.2276775783155
01-Aug-2026 00:10:04,-160.832328941289,-32.725341994773,0,24,24,24,4,-32.725341994773
01-Aug-2026 00:10:06,-160.899061438299,-32.792074491783,0,25,25,25,4,-32.792074491783
01-Aug-2026 00:10:08,-161.011864819262,-32.9048778727462,0,25,25,25,4,-32.9048778727462
01-Aug-2026 00:10:10,-161.228563435678,-33.1215764891625,0,25,25,25,4,-33.1215764891625
01-Aug-2026 00:10:12,-161.082929731935,-32.9759427854194,0,25,25,25,5,-32.9759427854194
01-Aug-2026 00:10:14,-161.264708558711,-33.1577216121949,0,25,25,25,5,-33.1577216121949
01-Aug-2026 00:10:16,-161.370932043628,-33.2639450971122,0,25,25,25,6,-33.2639450971122
01-Aug-2026 00:10:18,-160.997999214361,-32.8910122678454,0,25,25,25,5,-32.8910122678454
01-Aug-2026 00:10:20,-160.905987325734,-32.7990003792182,0,25,25,25,5,-32.7990003792182
01-Aug-2026 00:10:22,-161.125984981706,-33.0189980351905,0,25,25,25,5,-33.0189980351905
01-Aug-2026 00:10:24,-161.32494146768,-33.2179545211639,0,25,25,25,7,-33.2179545211639
01-Aug-2026 00:10:26,-161.75020484094,-33.6432178944243,0,25,25,25,7,-33.6432178944243
01-Aug-2026 00:10:28,-161.82200577399,-33.7150188274742,0,25,25,25,7,-33.7150188274742
01-Aug-2026 00:10:30,-162.305488023552,-34.1985010770362,0,25,25,25,6,-34.1985010770362
01-Aug-2026 00:10:32,-161.578526905269,-33.4715399587533,0,25,25,25,6,-33.4715399587533
01-Aug-2026 00:10:34,-162.111653509274,-34.0046665627577,0,27,27,27,4,-34.0046665627577
01-Aug-2026 00:10:36,-161.757394445132,-33.6504074986163,0,26,26,26,4,-33.6504074986163
01-Aug-2026 00:10:38,-162.193572220483,-34.0865852739672,0,26,26,26,4,-34.0865852739672
01-Aug-2026 00:10:40,-161.929450311589,-33.8224633650728,0,26,26,26,4,-33.8224633650728
01-Aug-2026 00:10:42,-161.530219031693,-33.4232320851774,0,26,26,26,4,-33.4232320851774
01-Aug-2026 00:10:44,-162.068581733702,-33.9615947871864,0,25,25,25,5,-33.9615947871864
01-Aug-2026 00:10:46,-162.046165355912,-33.9391784093966,0,25,25,25,5,-33.9391784093966
01-Aug-2026 00:10:48,-161.996928040629,-33.8899410941135,0,25,25,25,5,-33.8899410941135
01-Aug-2026 00:10:50,-161.881798315103,-33.7748113685875,0,25,25,25,5,-33.7748113685875
01-Aug-2026 00:10:52,-189.722230503843,-61.615243557327,0,25,25,25,3,-61.615243557327
01-Aug-2026 00:10:54,-189.838897038153,-61.7319100916369,0,25,25,25,3,-61.7319100916369
01-Aug-2026 00:10:56,-189.864703025528,-61.7577160790119,0,25,25,25,3,-61.7577160790119
01-Aug-2026 00:10:58,-181.815924837515,-53.7089378909994,0,25,25,25,4,-53.7089378909994
01-Aug-2026 00:11:00,-182.495633530098,-54.3886465835825,0,25,25,25,4,-54.3886465835825
01-Aug-2026 00:11:02,-167.807078469784,-39.7000915232681,0,25,25,25,4,-39.7000915232681
01-Aug-2026 00:11:04,-164.98057931942,-36.8735923729046,0,25,25,25,6,-36.8735923729046
01-Aug-2026 00:11:06,-164.826528063262,-36.7195411167465,0,25,25,25,5,-36.7195411167465
01-Aug-2026 00:11:08,-165.015592497936,-36.9086055514198,0,25,25,25,6,-36.9086055514198
01-Aug-2026 00:11:10,-165.060573434811,-36.9535864882949,0,24,24,24,5,-36.9535864882949
01-Aug-2026 00:11:12,-165.511445921047,-37.4044589745314,0,24,24,24,6,-37.4044589745314
01-Aug-2026 00:11:14,-165.235471154646,-37.1284842081301,0,24,24,24,6,-37.1284842081301
01-Aug-2026 00:11:16,-165.155965435598,-37.0489784890824,0,24,24,24,5,-37.0489784890824
01-Aug-2026 00:11:18,-164.853305951092,-36.7463190045766,0,24,24,24,5,-36.7463190045766
01-Aug-2026 00:11:20,-165.005558398728,-36.8985714522124,0,24,24,24,5,-36.8985714522124
01-Aug-2026 00:11:22,-165.085939260927,-36.9789523144115,0,24,24,24,5,-36.9789523144115
01-Aug-2026 00:11:24,-165.527792339774,-37.4208053932581,0,24,24,24,5,-37.4208053932581
01-Aug-2026 00:11:26,-165.444999076037,-37.3380121295215,0,24,24,24,6,-37.3380121295215
01-Aug-2026 00:11:28,-165.313496948951,-37.2065100024353,0,24,24,24,6,-37.2065100024353
01-Aug-2026 00:11:30,-166.126020326731,-38.0190333802149,0,24,24,24,6,-38.0190333802149
01-Aug-2026 00:11:32,-167.060994486832,-38.9540075403165,0,24,24,24,7,-38.9540075403165
01-Aug-2026 00:11:34,-167.009790655215,-38.9028037086991,0,24,24,24,7,-38.9028037086991
01-Aug-2026 00:11:36,-167.081356852119,-38.9743699056035,0,23,23,23,5,-38.9743699056035
01-Aug-2026 00:11:38,-172.006339176523,-43.8993522300075,0,24,24,24,4,-43.8993522300075
01-Aug-2026 00:11:40,-172.132171587556,-44.02518464104,0,24,24,24,4,-44.02518464104
01-Aug-2026 00:11:42,-172.101602382065,-43.9946154355492,0,24,24,24,3,-43.9946154355492
01-Aug-2026 00:11:44,-172.345369511326,-44.2383825648101,0,24,24,24,3,-44.2383825648101
01-Aug-2026 00:11:46,-172.770910255486,-44.66392330897,0,25,25,25,3,-44.66392330897
01-Aug-2026 00:11:48,-177.067329599161,-48.9603426526451,0,25,25,25,3,-48.9603426526451
01-Aug-2026 00:11:50,-176.521323178189,-48.4143362316731,0,25,25,25,3,-48.4143362316731
01-Aug-2026 00:11:52,-176.28208536318,-48.1750984166641,0,25,25,25,3,-48.1750984166641
01-Aug-2026 00:11:54,-177.329095633764,-49.2221086872478,0,25,25,25,2,-49.2221086872478
01-Aug-2026 00:11:56,-177.286270077648,-49.1792831311317,0,25,25,25,2,-49.1792831311317
01-Aug-2026 00:11:58,-177.425702404664,-49.3187154581478,0,25,25,25,3,-49.3187154581478
01-Aug-2026 00:12:00,-176.617292614947,-48.5103056684308,0,25,25,25,3,-48.5103056684308
01-Aug-2026 00:12:02,-172.7431848138,-44.6361978672846,0,26,26,26,4,-44.6361978672846
01-Aug-2026 00:12:04,-174.776788248118,-46.6698013016025,0,25,25,25,3,-46.6698013016025
01-Aug-2026 00:12:06,-182.309841898316,-54.2028549518003,0,26,26,26,2,-54.2028549518003
01-Aug-2026 00:12:08,-182.37895681349,-54.2719698669741,0,26,26,26,2,-54.2719698669741
01-Aug-2026 00:12:10,-182.089379818074,-53.9823928715584,0,26,26,26,2,-53.9823928715584
01-Aug-2026 00:12:12,-182.126843344445,-54.019856397929,0,26,26,26,2,-54.019856397929
01-Aug-2026 00:12:14,-181.7446504806,-53.6376635340841,0,26,26,26,3,-53.6376635340841
01-Aug-2026 00:12:16,-181.984305754479,-53.8773188079628,0,26,26,26,3,-53.8773188079628
01-Aug-2026 00:12:18,-179.724541321322,-51.6175543748057,0,26,26,26,3,-51.6175543748057
01-Aug-2026 00:12:20,-180.032970830107,-51.9259838835908,0,25,25,25,3,-51.9259838835908
01-Aug-2026 00:12:22,-180.5487846417,-52.4417976951838,0,25,25,25,3,-52.4417976951838
01-Aug-2026 00:12:24,-169.575972368209,-41.4689854216932,0,25,25,25,4,-41.4689854216932
01-Aug-2026 00:12:26,-168.990140028756,-40.88315308224,0,25,25,25,4,-40.88315308224
01-Aug-2026 00:12:28,-168.759830067629,-40.6528431211132,0,24,24,24,4,-40.6528431211132
01-Aug-2026 00:12:30,-168.743576009997,-40.6365890634807,0,24,24,24,3,-40.6365890634807
01-Aug-2026 00:12:32,-168.594882997793,-40.4878960512775,0,24,24,24,3,-40.4878960512775
01-Aug-2026 00:12:34,-179.272009412657,-51.1650224661409,0,25,25,25,1,-51.1650224661409
01-Aug-2026 00:12:36,-178.43185954687,-50.3248726003545,0,25,25,25,1,-50.3248726003545
01-Aug-2026 00:12:38,-177.674713443503,-49.5677264969867,0,25,25,25,2,-49.5677264969867
01-Aug-2026 00:12:40,-178.547035820046,-50.4400488735303,0,26,26,26,2,-50.4400488735303
01-Aug-2026 00:12:42,-179.382578187794,-51.2755912412779,0,26,26,26,2,-51.2755912412779
01-Aug-2026 00:12:44,-179.234486862178,-51.1274999156618,0,26,26,26,2,-51.1274999156618
01-Aug-2026 00:12:46,-178.596491985535,-50.489505039019,0,26,26,26,2,-50.489505039019
01-Aug-2026 00:12:48,-178.068057453046,-49.9610705065302,0,26,26,26,4,-49.9610705065302
01-Aug-2026 00:12:50,-178.479421379559,-50.3724344330433,0,26,26,26,4,-50.3724344330433
01-Aug-2026 00:12:52,-178.865424399311,-50.7584374527951,0,26,26,26,4,-50.7584374527951
01-Aug-2026 00:12:54,-169.375016233729,-41.2680292872135,0,26,26,26,4,-41.2680292872135
01-Aug-2026 00:12:56,-168.640108228953,-40.5331212824371,0,26,26,26,4,-40.5331212824371
01-Aug-2026 00:12:58,-168.581863961586,-40.4748770150699,0,26,26,26,4,-40.4748770150699
01-Aug-2026 00:13:00,-167.868467232104,-39.7614802855886,0,26,26,26,5,-39.7614802855886
01-Aug-2026 00:13:02,-167.508906300057,-39.401919353541,0,26,26,26,5,-39.401919353541
01-Aug-2026 00:13:04,-167.41989397809,-39.312907031574,0,25,25,25,5,-39.312907031574
01-Aug-2026 00:13:06,-166.797329505363,-38.6903425588473,0,25,25,25,5,-38.6903425588473
01-Aug-2026 00:13:08,-167.036528350334,-38.9295414038185,0,25,25,25,5,-38.9295414038185
01-Aug-2026 00:13:10,-167.219515965874,-39.1125290193583,0,25,25,25,6,-39.1125290193583
01-Aug-2026 00:13:12,-167.037859044882,-38.9308720983663,0,25,25,25,6,-38.9308720983663
01-Aug-2026 00:13:14,-166.436367956392,-38.329381009876,0,25,25,25,6,-38.329381009876
01-Aug-2026 00:13:16,-166.591215193044,-38.4842282465282,0,25,25,25,6,-38.4842282465282
01-Aug-2026 00:13:18,-166.305197426599,-38.1982104800827,0,25,25,25,5,-38.1982104800827
01-Aug-2026 00:13:20,-166.037148510048,-37.9301615635321,0,25,25,25,6,-37.9301615635321
01-Aug-2026 00:13:22,-165.618687282305,-37.5117003357893,0,25,25,25,6,-37.5117003357893
01-Aug-2026 00:13:24,-166.509219448233,-38.4022325017168,0,25,25,25,5,-38.4022325017168
01-Aug-2026 00:13:26,-167.075792843801,-38.9688058972855,0,26,26,26,5,-38.9688058972855
01-Aug-2026 00:13:28,-166.532377989527,-38.4253910430112,0,26,26,26,5,-38.4253910430112
01-Aug-2026 00:13:30,-163.966968945082,-35.8599819985666,0,26,26,26,6,-35.8599819985666
01-Aug-2026 00:13:32,-165.493805085706,-37.3868181391905,0,26,26,26,5,-37.3868181391905
01-Aug-2026 00:13:34,-166.225725190889,-38.118738244373,0,26,26,26,5,-38.118738244373
01-Aug-2026 00:13:36,-167.022651771512,-38.9156648249964,0,26,26,26,5,-38.9156648249964
01-Aug-2026 00:13:38,-167.285169122833,-39.1781821763167,0,26,26,26,6,-39.1781821763167
01-Aug-2026 00:13:40,-167.151720921086,-39.0447339745701,0,26,26,26,6,-39.0447339745701
01-Aug-2026 00:13:42,-162.421994210901,-34.3150072643849,0,26,26,26,7,-34.3150072643849
01-Aug-2026 00:13:44,-162.331294999265,-34.224308052749,0,26,26,26,7,-34.224308052749
01-Aug-2026 00:13:46,-162.017488069235,-33.9105011227196,0,26,26,26,6,-33.9105011227196
01-Aug-2026 00:13:48,-161.705216585208,-33.5982296386919,0,25,25,25,6,-33.5982296386919
01-Aug-2026 00:13:50,-161.51276111994,-33.4057741734239,0,25,25,25,6,-33.4057741734239
01-Aug-2026 00:13:52,-161.247234812193,-33.1402478656771,0,24,24,24,6,-33.1402478656771
01-Aug-2026 00:13:54,-161.490051375389,-33.3830644288735,0,24,24,24,6,-33.3830644288735
01-Aug-2026 00:13:56,-161.993589546718,-33.8866026002025,0,24,24,24,6,-33.8866026002025
01-Aug-2026 00:13:58,-161.780405526948,-33.6734185804316,0,25,25,25,7,-33.6734185804316
01-Aug-2026 00:14:00,-161.858413338671,-33.7514263921553,0,25,25,25,6,-33.7514263921553
01-Aug-2026 00:14:02,-164.987861953826,-36.8808750073098,0,25,25,25,5,-36.8808750073098
01-Aug-2026 00:14:04,-181.752281106807,-53.6452941602912,0,25,25,25,4,-53.6452941602912
01-Aug-2026 00:14:06,-181.505269486992,-53.3982825404763,0,26,26,26,4,-53.3982825404763
01-Aug-2026 00:14:08,-181.169012285632,-53.0620253391165,0,25,25,25,4,-53.0620253391165
01-Aug-2026 00:14:10,-180.781046576586,-52.6740596300697,0,25,25,25,5,-52.6740596300697
01-Aug-2026 00:14:12,-180.904313885162,-52.7973269386462,0,25,25,25,4,-52.7973269386462
01-Aug-2026 00:14:14,-187.512202940068,-59.4052159935524,0,25,25,25,3,-59.4052159935524
01-Aug-2026 00:14:16,-187.131557049735,-59.0245701032194,0,25,25,25,4,-59.0245701032194
01-Aug-2026 00:14:18,-187.088632472324,-58.981645525808,0,25,25,25,4,-58.981645525808
01-Aug-2026 00:14:20,-187.466982778633,-59.3599958321172,0,26,26,26,4,-59.3599958321172
01-Aug-2026 00:14:22,-187.343613345999,-59.2366263994831,0,26,26,26,4,-59.2366263994831
01-Aug-2026 00:14:24,-183.499302510593,-55.3923155640775,0,26,26,26,5,-55.3923155640775
01-Aug-2026 00:14:26,-183.757840637184,-55.6508536906683,0,25,25,25,4,-55.6508536906683
01-Aug-2026 00:14:28,-184.020802500231,-55.9138155537154,0,25,25,25,4,-55.9138155537154
01-Aug-2026 00:14:30,-172.41726958363,-44.3102826371146,0,26,26,26,6,-44.3102826371146
01-Aug-2026 00:14:32,-172.298485565716,-44.1914986192004,0,26,26,26,6,-44.1914986192004
01-Aug-2026 00:14:34,-172.222977002699,-44.1159900561833,0,26,26,26,6,-44.1159900561833
01-Aug-2026 00:14:36,-172.243440125807,-44.1364531792916,0,25,25,25,6,-44.1364531792916
01-Aug-2026 00:14:38,-172.056494871448,-43.9495079249326,0,25,25,25,5,-43.9495079249326
01-Aug-2026 00:14:40,-172.213172595623,-44.1061856491067,0,25,25,25,5,-44.1061856491067
01-Aug-2026 00:14:42,-171.895722762046,-43.78873581553,0,25,25,25,5,-43.78873581553
01-Aug-2026 00:14:44,-172.0590942837,-43.9521073371844,0,25,25,25,5,-43.9521073371844
01-Aug-2026 00:14:46,-172.159587728223,-44.0526007817072,0,25,25,25,5,-44.0526007817072
01-Aug-2026 00:14:48,-172.065419575371,-43.9584326288555,0,25,25,25,5,-43.9584326288555
01-Aug-2026 00:14:50,-172.210151205332,-44.1031642588164,0,25,25,25,5,-44.1031642588164
01-Aug-2026 00:14:52,-161.543732265993,-33.4367453194776,0,25,25,25,5,-33.4367453194776
01-Aug-2026 00:14:54,-161.545310933887,-33.4383239873713,0,24,24,24,5,-33.4383239873713
01-Aug-2026 00:14:56,-171.647789457952,-43.5408025114365,0,24,24,24,4,-43.5408025114365
01-Aug-2026 00:14:58,-171.158714632204,-43.0517276856878,0,24,24,24,4,-43.0517276856878
01-Aug-2026 00:15:00,-173.45745353991,-45.3504665933943,0,24,24,24,3,-45.3504665933943
01-Aug-2026 00:15:02,-173.75723057121,-45.6502436246945,0,24,24,24,1,-45.6502436246945
01-Aug-2026 00:15:04,-175.072882424567,-46.9658954780514,0,24,24,24,1,-46.9658954780514
01-Aug-2026 00:15:06,-175.21197893225,-47.1049919857344,0,24,24,24,1,-47.1049919857344
01-Aug-2026 00:15:08,-175.347157219808,-47.2401702732921,0,24,24,24,1,-47.2401702732921
01-Aug-2026 00:15:10,-175.651715680584,-47.5447287340684,0,24,24,24,1,-47.5447287340684
01-Aug-2026 00:15:12,-175.623799306541,-47.5168123600249,0,24,24,24,2,-47.5168123600249
01-Aug-2026 00:15:14,-175.976502745976,-47.8695157994601,0,24,24,24,2,-47.8695157994601
01-Aug-2026 00:15:16,-175.104062226471,-46.9970752799547,0,24,24,24,2,-46.9970752799547
01-Aug-2026 00:15:18,-174.145517979204,-46.0385310326886,0,24,24,24,2,-46.0385310326886
01-Aug-2026 00:15:20,-173.347210033149,-45.2402230866332,0,24,24,24,2,-45.2402230866332
01-Aug-2026 00:15:22,-173.53117267992,-45.4241857334046,0,23,23,23,3,-45.4241857334046
01-Aug-2026 00:15:24,-172.883058011671,-44.7760710651547,0,23,23,23,4,-44.7760710651547
01-Aug-2026 00:15:26,-172.189586121966,-44.0825991754497,0,23,23,23,4,-44.0825991754497
01-Aug-2026 00:15:28,-167.253342121259,-39.1463551747436,0,24,24,24,7,-39.1463551747436
01-Aug-2026 00:15:30,-167.952344727951,-39.8453577814348,0,24,24,24,6,-39.8453577814348
01-Aug-2026 00:15:32,-168.210356998319,-40.1033700518032,0,24,24,24,6,-40.1033700518032
01-Aug-2026 00:15:34,-167.686642721627,-39.5796557751108,0,24,24,24,7,-39.5796557751108
01-Aug-2026 00:15:36,-167.994900459101,-39.887913512585,0,25,25,25,6,-39.887913512585
01-Aug-2026 00:15:38,-167.648365581773,-39.5413786352567,0,26,26,26,6,-39.5413786352567
01-Aug-2026 00:15:40,-167.327310494723,-39.2203235482073,0,26,26,26,6,-39.2203235482073
01-Aug-2026 00:15:42,-167.073264341077,-38.9662773945616,0,26,26,26,6,-38.9662773945616
01-Aug-2026 00:15:44,-166.826452138213,-38.7194651916973,0,26,26,26,6,-38.7194651916973
01-Aug-2026 00:15:46,-167.185528175252,-39.0785412287362,0,26,26,26,6,-39.0785412287362
01-Aug-2026 00:15:48,-167.145227699426,-39.03824075291,0,26,26,26,6,-39.03824075291
01-Aug-2026 00:15:50,-167.103296100779,-38.9963091542628,0,26,26,26,7,-38.9963091542628
01-Aug-2026 00:15:52,-166.97353849547,-38.8665515489544,0,26,26,26,6,-38.8665515489544
01-Aug-2026 00:15:54,-166.780996158033,-38.6740092115176,0,27,27,27,5,-38.6740092115176
01-Aug-2026 00:15:56,-166.785956303732,-38.6789693572162,0,26,26,26,5,-38.6789693572162
01-Aug-2026 00:15:58,-166.202425918516,-38.0954389720006,0,26,26,26,5,-38.0954389720006
01-Aug-2026 00:16:00,-166.800656248873,-38.6936693023574,0,26,26,26,4,-38.6936693023574
01-Aug-2026 00:16:02,-167.580821064442,-39.4738341179259,0,26,26,26,4,-39.4738341179259
01-Aug-2026 00:16:04,-167.218417100496,-39.1114301539801,0,26,26,26,3,-39.1114301539801
01-Aug-2026 00:16:06,-163.401316701966,-35.2943297554498,0,26,26,26,4,-35.2943297554498
01-Aug-2026 00:16:08,-162.968415544347,-34.8614285978309,0,26,26,26,4,-34.8614285978309
01-Aug-2026 00:16:10,-162.083211232543,-33.9762242860273,0,26,26,26,4,-33.9762242860273
01-Aug-2026 00:16:12,-162.271231099588,-34.1642441530718,0,25,25,25,3,-34.1642441530718
01-Aug-2026 00:16:14,-164.088971273232,-35.9819843267162,0,25,25,25,2,-35.9819843267162
01-Aug-2026 00:16:16,-163.39072268258,-35.2837357360642,0,24,24,24,2,-35.2837357360642
01-Aug-2026 00:16:18,-163.376875175776,-35.2698882292604,0,24,24,24,3,-35.2698882292604
01-Aug-2026 00:16:20,-163.019033072437,-34.912046125921,0,24,24,24,3,-34.912046125921
01-Aug-2026 00:16:22,-162.76074777508,-34.6537608285637,0,24,24,24,3,-34.6537608285637
01-Aug-2026 00:16:24,-162.357562076358,-34.2505751298422,0,24,24,24,3,-34.2505751298422
01-Aug-2026 00:16:26,-161.681921724078,-33.5749347775624,0,24,24,24,3,-33.5749347775624
01-Aug-2026 00:16:28,-187.10902018702,-59.0020332405037,0,26,26,26,2,-59.0020332405037
01-Aug-2026 00:16:30,-192.338657100366,-64.2316701538497,0,26,26,26,1,-64.2316701538497
01-Aug-2026 00:16:32,-192.765740640969,-64.6587536944532,0,26,26,26,1,-64.6587536944532
01-Aug-2026 00:16:34,-193.048226646007,-64.9412396994911,0,26,26,26,1,-64.9412396994911
01-Aug-2026 00:16:36,-190.884793398783,-62.7778064522672,0,26,26,26,2,-62.7778064522672
01-Aug-2026 00:16:38,-170.014864838993,-41.9078778924771,0,26,26,26,5,-41.9078778924771
01-Aug-2026 00:16:40,-169.779891383478,-41.6729044369617,0,26,26,26,5,-41.6729044369617
01-Aug-2026 00:16:42,-170.845400116776,-42.7384131702601,0,26,26,26,6,-42.7384131702601
01-Aug-2026 00:16:44,-171.137891675024,-43.0309047285084,0,26,26,26,6,-43.0309047285084
01-Aug-2026 00:16:46,-170.851799828025,-42.7448128815094,0,26,26,26,6,-42.7448128815094
01-Aug-2026 00:16:48,-168.656690213934,-40.5497032674181,0,26,26,26,6,-40.5497032674181
01-Aug-2026 00:16:50,-169.53845552358,-41.4314685770639,0,25,25,25,5,-41.4314685770639
01-Aug-2026 00:16:52,-168.878421957346,-40.7714350108302,0,25,25,25,5,-40.7714350108302
01-Aug-2026 00:16:54,-163.532914690147,-35.4259277436307,0,25,25,25,7,-35.4259277436307
01-Aug-2026 00:16:56,-162.153638475248,-34.0466515287317,0,25,25,25,7,-34.0466515287317
01-Aug-2026 00:16:58,-161.975088436392,-33.8681014898763,0,25,25,25,7,-33.8681014898763
01-Aug-2026 00:17:00,-161.806633619043,-33.6996466725268,0,25,25,25,7,-33.6996466725268
01-Aug-2026 00:17:02,-162.070655686535,-33.9636687400193,0,25,25,25,7,-33.9636687400193
01-Aug-2026 00:17:04,-159.118911039185,-31.0119240926688,0,25,25,25,7,-31.0119240926688
01-Aug-2026 00:17:06,-159.212137262697,-31.1051503161815,0,25,25,25,7,-31.1051503161815
01-Aug-2026 00:17:08,-159.618134675387,-31.5111477288708,0,25,25,25,7,-31.5111477288708
01-Aug-2026 00:17:10,-159.216187006714,-31.1092000601977,0,25,25,25,7,-31.1092000601977
01-Aug-2026 00:17:12,-159.420379608382,-31.3133926618657,0,25,25,25,7,-31.3133926618657
01-Aug-2026 00:17:14,-159.459151398155,-31.3521644516389,0,26,26,26,8,-31.3521644516389
01-Aug-2026 00:17:16,-159.765617615178,-31.6586306686621,0,26,26,26,8,-31.6586306686621
01-Aug-2026 00:17:18,-159.954503457501,-31.847516510985,0,26,26,26,8,-31.847516510985
01-Aug-2026 00:17:20,-160.065058752034,-31.9580718055184,0,26,26,26,7,-31.9580718055184
01-Aug-2026 00:17:22,-160.197159515869,-32.0901725693529,0,26,26,26,7,-32.0901725693529
01-Aug-2026 00:17:24,-159.867845507757,-31.7608585612416,0,26,26,26,7,-31.7608585612416
01-Aug-2026 00:17:26,-159.626279865795,-31.5192929192796,0,26,26,26,8,-31.5192929192796
01-Aug-2026 00:17:28,-159.77271011715,-31.6657231706346,0,26,26,26,10,-31.6657231706346
01-Aug-2026 00:17:30,-162.338334300076,-34.2313473535598,0,26,26,26,8,-34.2313473535598
01-Aug-2026 00:17:32,-162.288054126778,-34.1810671802621,0,26,26,26,8,-34.1810671802621
01-Aug-2026 00:17:34,-168.739967829745,-40.6329808832289,0,26,26,26,7,-40.6329808832289
01-Aug-2026 00:17:36,-183.988590042144,-55.8816030956278,0,26,26,26,5,-55.8816030956278
01-Aug-2026 00:17:38,-174.860113189829,-46.753126243313,0,26,26,26,6,-46.753126243313
01-Aug-2026 00:17:40,-175.017126609359,-46.9101396628436,0,26,26,26,6,-46.9101396628436
01-Aug-2026 00:17:42,-174.81743013978,-46.7104431932646,0,26,26,26,5,-46.7104431932646
01-Aug-2026 00:17:44,-174.501902388371,-46.3949154418547,0,25,25,25,4,-46.3949154418547
01-Aug-2026 00:17:46,-174.535723042413,-46.428736095897,0,25,25,25,4,-46.428736095897
01-Aug-2026 00:17:48,-174.571554841409,-46.4645678948936,0,25,25,25,3,-46.4645678948936
01-Aug-2026 00:17:50,-174.739173794269,-46.6321868477534,0,25,25,25,4,-46.6321868477534
01-Aug-2026 00:17:52,-174.805683543709,-46.6986965971932,0,25,25,25,4,-46.6986965971932
01-Aug-2026 00:17:54,-174.281944571217,-46.1749576247009,0,26,26,26,5,-46.1749576247009
01-Aug-2026 00:17:56,-173.686134300253,-45.5791473537369,0,26,26,26,5,-45.5791473537369
01-Aug-2026 00:17:58,-173.568725743221,-45.4617387967047,0,26,26,26,5,-45.4617387967047
01-Aug-2026 00:18:00,-173.519270200839,-45.4122832543227,0,25,25,25,4,-45.4122832543227
01-Aug-2026 00:18:02,-173.408968868188,-45.3019819216721,0,25,25,25,5,-45.3019819216721
01-Aug-2026 00:18:04,-173.852431756135,-45.7454448096194,0,25,25,25,5,-45.7454448096194
01-Aug-2026 00:18:06,-173.665409970563,-45.5584230240472,0,25,25,25,6,-45.5584230240472
01-Aug-2026 00:18:08,-172.971684422331,-44.8646974758154,0,26,26,26,6,-44.8646974758154
01-Aug-2026 00:18:10,-169.197680220504,-41.0906932739885,0,26,26,26,7,-41.0906932739885
01-Aug-2026 00:18:12,-169.035634419001,-40.9286474724853,0,26,26,26,7,-40.9286474724853
01-Aug-2026 00:18:14,-169.015464934166,-40.9084779876498,0,26,26,26,6,-40.9084779876498
01-Aug-2026 00:18:16,-169.37531482055,-41.2683278740346,0,26,26,26,5,-41.2683278740346
01-Aug-2026 00:18:18,-171.073216833262,-42.9662298867465,0,25,25,25,4,-42.9662298867465
01-Aug-2026 00:18:20,-170.489294567012,-42.382307620496,0,25,25,25,4,-42.382307620496
01-Aug-2026 00:18:22,-170.786731987353,-42.6797450408374,0,25,25,25,4,-42.6797450408374
01-Aug-2026 00:18:24,-170.682453085662,-42.5754661391462,0,26,26,26,4,-42.5754661391462
01-Aug-2026 00:18:26,-170.056955061231,-41.9499681147154,0,26,26,26,5,-41.9499681147154
01-Aug-2026 00:18:28,-170.169225757264,-42.0622388107483,0,25,25,25,5,-42.0622388107483
01-Aug-2026 00:18:30,-170.279822825299,-42.1728358787832,0,25,25,25,5,-42.1728358787832
01-Aug-2026 00:18:32,-170.278068550133,-42.1710816036174,0,25,25,25,5,-42.1710816036174
01-Aug-2026 00:18:34,-181.574198476557,-53.4672115300408,0,25,25,25,5,-53.4672115300408
01-Aug-2026 00:18:36,-181.367337978059,-53.2603510315427,0,25,25,25,5,-53.2603510315427
01-Aug-2026 00:18:38,-182.137724646689,-54.0307377001729,0,24,24,24,4,-54.0307377001729
01-Aug-2026 00:18:40,-178.115167730714,-50.0081807841977,0,24,24,24,5,-50.0081807841977
01-Aug-2026 00:18:42,-178.196694810439,-50.0897078639236,0,24,24,24,5,-50.0897078639236
01-Aug-2026 00:18:44,-179.089908953134,-50.982922006618,0,24,24,24,4,-50.982922006618
01-Aug-2026 00:18:46,-174.591215616198,-46.4842286696819,0,24,24,24,5,-46.4842286696819
01-Aug-2026 00:18:48,-174.672623642843,-46.5656366963273,0,24,24,24,5,-46.5656366963273
01-Aug-2026 00:18:50,-175.1850261483,-47.0780392017839,0,24,24,24,5,-47.0780392017839
01-Aug-2026 00:18:52,-175.392602420789,-47.2856154742729,0,24,24,24,5,-47.2856154742729
01-Aug-2026 00:18:54,-175.318368729111,-47.2113817825952,0,24,24,24,5,-47.2113817825952
01-Aug-2026 00:18:56,-175.765612270253,-47.6586253237373,0,24,24,24,6,-47.6586253237373
01-Aug-2026 00:18:58,-175.412873349738,-47.305886403222,0,24,24,24,6,-47.305886403222
01-Aug-2026 00:19:00,-175.710832269928,-47.6038453234125,0,24,24,24,6,-47.6038453234125
01-Aug-2026 00:19:02,-176.001058535048,-47.8940715885317,0,24,24,24,5,-47.8940715885317
01-Aug-2026 00:19:04,-178.005120090292,-49.8981331437757,0,24,24,24,5,-49.8981331437757
01-Aug-2026 00:19:06,-177.400391553113,-49.2934046065975,0,24,24,24,5,-49.2934046065975
01-Aug-2026 00:19:08,-175.260078953323,-47.1530920068067,0,23,23,23,6,-47.1530920068067
01-Aug-2026 00:19:10,-175.172540357719,-47.065553411203,0,23,23,23,6,-47.065553411203
01-Aug-2026 00:19:12,-174.394710375669,-46.2877234291529,0,24,24,24,7,-46.2877234291529
01-Aug-2026 00:19:14,-174.507508485566,-46.4005215390497,0,24,24,24,6,-46.4005215390497
01-Aug-2026 00:19:16,-167.230862496135,-39.1238755496191,0,24,24,24,7,-39.1238755496191
01-Aug-2026 00:19:18,-167.344421505318,-39.2374345588023,0,25,25,25,6,-39.2374345588023
01-Aug-2026 00:19:20,-167.179967531801,-39.0729805852853,0,25,25,25,6,-39.0729805852853
01-Aug-2026 00:19:22,-167.162781293413,-39.0557943468972,0,25,25,25,5,-39.0557943468972
01-Aug-2026 00:19:24,-181.725596722609,-53.6186097760934,0,25,25,25,5,-53.6186097760934
01-Aug-2026 00:19:26,-181.736185100719,-53.6291981542032,0,25,25,25,5,-53.6291981542032
01-Aug-2026 00:19:28,-177.259665787094,-49.1526788405785,0,26,26,26,6,-49.1526788405785
01-Aug-2026 00:19:30,-177.348814238317,-49.2418272918013,0,26,26,26,7,-49.2418272918013
01-Aug-2026 00:19:32,-182.655472383101,-54.5484854365847,0,26,26,26,6,-54.5484854365847
01-Aug-2026 00:19:34,-182.72361006855,-54.6166231220341,0,26,26,26,6,-54.6166231220341
01-Aug-2026 00:19:36,-184.296170956918,-56.189184010402,0,26,26,26,6,-56.189184010402
01-Aug-2026 00:19:38,-184.418804440244,-56.3118174937283,0,26,26,26,6,-56.3118174937283
01-Aug-2026 00:19:40,-183.573520723449,-55.4665337769333,0,26,26,26,7,-55.4665337769333
01-Aug-2026 00:19:42,-184.674308472247,-56.5673215257307,0,26,26,26,5,-56.5673215257307
01-Aug-2026 00:19:44,-181.245834830238,-53.138847883722,0,27,27,27,6,-53.138847883722
01-Aug-2026 00:19:46,-181.110559841039,-53.003572894523,0,27,27,27,6,-53.003572894523
01-Aug-2026 00:19:48,-184.201471082926,-56.0944841364103,0,27,27,27,6,-56.0944841364103
01-Aug-2026 00:19:50,-184.299544214413,-56.1925572678976,0,26,26,26,6,-56.1925572678976
01-Aug-2026 00:19:52,-184.720646081579,-56.6136591350626,0,26,26,26,5,-56.6136591350626
01-Aug-2026 00:19:54,-184.295833912422,-56.1888469659065,0,26,26,26,6,-56.1888469659065
01-Aug-2026 00:19:56,-183.118491962507,-55.0115050159913,0,26,26,26,8,-55.0115050159913
01-Aug-2026 00:19:58,-182.913238600981,-54.8062516544656,0,26,26,26,8,-54.8062516544656
01-Aug-2026 00:20:00,-183.804988090341,-55.6980011438247,0,26,26,26,6,-55.6980011438247
01-Aug-2026 00:20:02,-184.015629767516,-55.9086428210006,0,26,26,26,5,-55.9086428210006
01-Aug-2026 00:20:04,-183.652539776834,-55.5455528303178,0,24,24,24,5,-55.5455528303178
01-Aug-2026 00:20:06,-183.799263312178,-55.6922763656619,0,24,24,24,5,-55.6922763656619
01-Aug-2026 00:20:08,-183.54422511505,-55.4372381685343,0,24,24,24,5,-55.4372381685343
01-Aug-2026 00:20:10,-183.733913974691,-55.6269270281749,0,24,24,24,5,-55.6269270281749
01-Aug-2026 00:20:12,-158.558749824559,-30.4517628780428,0,24,24,24,6,-30.4517628780428
01-Aug-2026 00:20:14,-158.364240422079,-30.2572534755627,0,24,24,24,5,-30.2572534755627
01-Aug-2026 00:20:16,-159.438197276417,-31.3312103299007,0,25,25,25,5,-31.3312103299007
01-Aug-2026 00:20:18,-159.958599879959,-31.8516129334428,0,25,25,25,6,-31.8516129334428
01-Aug-2026 00:20:20,-158.904033897892,-30.7970469513758,0,26,26,26,5,-30.7970469513758
01-Aug-2026 00:20:22,-158.845520353631,-30.7385334071151,0,26,26,26,5,-30.7385334071151
01-Aug-2026 00:20:24,-159.492983996605,-31.3859970500888,0,26,26,26,5,-31.3859970500888
01-Aug-2026 00:20:26,-159.085436583934,-30.9784496374184,0,26,26,26,5,-30.9784496374184
01-Aug-2026 00:20:28,-159.726804284819,-31.6198173383031,0,26,26,26,5,-31.6198173383031
01-Aug-2026 00:20:30,-157.512631423614,-29.4056444770986,0,26,26,26,5,-29.4056444770986
01-Aug-2026 00:20:32,-183.75912633578,-55.6521393892639,0,26,26,26,4,-55.6521393892639
01-Aug-2026 00:20:34,-189.417858296384,-61.3108713498682,0,26,26,26,3,-61.3108713498682
01-Aug-2026 00:20:36,-189.416173125346,-61.30918617883,0,26,26,26,3,-61.30918617883
01-Aug-2026 00:20:38,-189.411620747635,-61.304633801119,0,25,25,25,3,-61.304633801119
01-Aug-2026 00:20:40,-189.438498079141,-61.3315111326248,0,25,25,25,3,-61.3315111326248
01-Aug-2026 00:20:42,-189.253600051289,-61.1466131047735,0,25,25,25,3,-61.1466131047735
01-Aug-2026 00:20:44,-189.06424972195,-60.9572627754342,0,25,25,25,3,-60.9572627754342
01-Aug-2026 00:20:46,-188.841043263787,-60.7340563172714,0,25,25,25,3,-60.7340563172714
01-Aug-2026 00:20:48,-188.41967315805,-60.3126862115344,0,25,25,25,3,-60.3126862115344
01-Aug-2026 00:20:50,-145.935823267065,-17.8288363205488,0,25,25,25,5,-17.8288363205488
01-Aug-2026 00:20:52,-143.833165669507,-15.7261787229915,0,25,25,25,5,-15.7261787229915
01-Aug-2026 00:20:54,-142.06923346697,-13.9622465204543,0,25,25,25,5,-13.9622465204543
01-Aug-2026 00:20:56,-141.025297314369,-12.9183103678528,0,25,25,25,5,-12.9183103678528
01-Aug-2026 00:20:58,-141.910735166235,-13.8037482197189,0,25,25,25,7,-13.8037482197189
01-Aug-2026 00:21:00,-143.893361466272,-15.786374519756,0,25,25,25,7,-15.786374519756
01-Aug-2026 00:21:02,-146.6125232955,-18.5055363489845,0,25,25,25,7,-18.5055363489845
01-Aug-2026 00:21:04,-151.18592619197,-23.0789392454543,0,26,26,26,6,-23.0789392454543
01-Aug-2026 00:21:06,-153.656309709293,-25.5493227627767,0,26,26,26,6,-25.5493227627767
01-Aug-2026 00:21:08,-161.120038789188,-33.0130518426722,0,26,26,26,6,-33.0130518426722
01-Aug-2026 00:21:10,-160.601244890611,-32.4942579440949,0,26,26,26,6,-32.4942579440949
01-Aug-2026 00:21:12,-153.295556780895,-25.1885698343796,0,26,26,26,7,-25.1885698343796
01-Aug-2026 00:21:14,-154.17423051253,-26.0672435660144,0,26,26,26,7,-26.0672435660144
01-Aug-2026 00:21:16,-153.84204515228,-25.7350582057638,0,26,26,26,7,-25.7350582057638
01-Aug-2026 00:21:18,-153.569742981226,-25.4627560347101,0,26,26,26,7,-25.4627560347101
01-Aug-2026 00:21:20,-153.376659995394,-25.2696730488785,0,26,26,26,7,-25.2696730488785
01-Aug-2026 00:21:22,-153.662093101442,-25.5551061549261,0,26,26,26,7,-25.5551061549261
01-Aug-2026 00:21:24,-153.093419062886,-24.9864321163697,0,26,26,26,6,-24.9864321163697
01-Aug-2026 00:21:26,-152.600080505847,-24.4930935593313,0,26,26,26,6,-24.4930935593313
01-Aug-2026 00:21:28,-153.009366898074,-24.9023799515581,0,26,26,26,7,-24.9023799515581
01-Aug-2026 00:21:30,-151.471615292043,-23.3646283455272,0,26,26,26,8,-23.3646283455272
01-Aug-2026 00:21:32,-151.414374378259,-23.3073874317431,0,26,26,26,8,-23.3073874317431
01-Aug-2026 00:21:34,-156.387609626078,-28.2806226795624,0,26,26,26,6,-28.2806226795624
01-Aug-2026 00:21:36,-156.809811863175,-28.7028249166594,0,25,25,25,6,-28.7028249166594
01-Aug-2026 00:21:38,-156.687225118095,-28.5802381715795,0,25,25,25,7,-28.5802381715795
01-Aug-2026 00:21:40,-166.671552249148,-38.5645653026325,0,26,26,26,6,-38.5645653026325
01-Aug-2026 00:21:42,-166.537041090143,-38.4300541436268,0,27,27,27,6,-38.4300541436268
01-Aug-2026 00:21:44,-165.760461244208,-37.653474297692,0,27,27,27,6,-37.653474297692
01-Aug-2026 00:21:46,-166.140184920705,-38.0331979741895,0,26,26,26,6,-38.0331979741895
01-Aug-2026 00:21:48,-166.061819940509,-37.9548329939927,0,26,26,26,5,-37.9548329939927
01-Aug-2026 00:21:50,-165.929121973942,-37.8221350274262,0,25,25,25,4,-37.8221350274262
01-Aug-2026 00:21:52,-165.966921718877,-37.8599347723607,0,25,25,25,4,-37.8599347723607
01-Aug-2026 00:21:54,-165.950546632303,-37.8435596857867,0,25,25,25,4,-37.8435596857867
01-Aug-2026 00:21:56,-165.762177020585,-37.6551900740687,0,26,26,26,5,-37.6551900740687
01-Aug-2026 00:21:58,-166.334258196709,-38.2272712501929,0,26,26,26,5,-38.2272712501929
01-Aug-2026 00:22:00,-165.807738754815,-37.7007518082988,0,26,26,26,3,-37.7007518082988
01-Aug-2026 00:22:02,-166.042144898439,-37.9351579519235,0,26,26,26,3,-37.9351579519235
01-Aug-2026 00:22:04,-166.563776493463,-38.4567895469474,0,26,26,26,3,-38.4567895469474
01-Aug-2026 00:22:06,-166.978297071366,-38.8713101248501,0,26,26,26,4,-38.8713101248501
01-Aug-2026 00:22:08,-167.348292430146,-39.2413054836298,0,25,25,25,5,-39.2413054836298
01-Aug-2026 00:22:10,-166.955884993964,-38.8488980474486,0,25,25,25,4,-38.8488980474486
01-Aug-2026 00:22:12,-190.796728004167,-62.6897410576515,0,25,25,25,3,-62.6897410576515
01-Aug-2026 00:22:14,-194.377071855734,-66.2700849092184,0,25,25,25,2,-66.2700849092184
01-Aug-2026 00:22:16,-194.499385526727,-66.3923985802109,0,25,25,25,2,-66.3923985802109
01-Aug-2026 00:22:18,-194.76875532753,-66.6617683810143,0,25,25,25,2,-66.6617683810143
01-Aug-2026 00:22:20,-195.16652148142,-67.059534534904,0,24,24,24,2,-67.059534534904
01-Aug-2026 00:22:22,-195.364764480799,-67.2577775342831,0,24,24,24,2,-67.2577775342831
01-Aug-2026 00:22:24,-189.077723439925,-60.9707364934091,0,24,24,24,3,-60.9707364934091
01-Aug-2026 00:22:26,-178.689749815062,-50.5827628685459,0,24,24,24,3,-50.5827628685459
01-Aug-2026 00:22:28,-179.371237598513,-51.2642506519969,0,24,24,24,3,-51.2642506519969
01-Aug-2026 00:22:30,-179.298088284945,-51.1911013384295,0,24,24,24,3,-51.1911013384295
01-Aug-2026 00:22:32,-178.095868673676,-49.9888817271606,0,24,24,24,3,-49.9888817271606
01-Aug-2026 00:22:34,-178.30874432986,-50.2017573833438,0,24,24,24,3,-50.2017573833438
01-Aug-2026 00:22:36,-178.188391505114,-50.0814045585977,0,24,24,24,4,-50.0814045585977
01-Aug-2026 00:22:38,-177.929234256151,-49.822247309635,0,24,24,24,5,-49.822247309635
01-Aug-2026 00:22:40,-178.136492010488,-50.0295050639721,0,24,24,24,5,-50.0295050639721
01-Aug-2026 00:22:42,-165.046215268246,-36.9392283217301,0,24,24,24,6,-36.9392283217301
01-Aug-2026 00:22:44,-164.545679407349,-36.4386924608334,0,24,24,24,6,-36.4386924608334
01-Aug-2026 00:22:46,-164.896789728796,-36.7898027822799,0,24,24,24,5,-36.7898027822799
01-Aug-2026 00:22:48,-164.670964446424,-36.5639774999085,0,25,25,25,5,-36.5639774999085
01-Aug-2026 00:22:50,-163.5790284999,-35.4720415533843,0,25,25,25,6,-35.4720415533843
01-Aug-2026 00:22:52,-163.610970282938,-35.5039833364222,0,24,24,24,5,-35.5039833364222
01-Aug-2026 00:22:54,-164.207880684303,-36.1008937377871,0,24,24,24,3,-36.1008937377871
01-Aug-2026 00:22:56,-162.418811520343,-34.3118245738269,0,24,24,24,4,-34.3118245738269
01-Aug-2026 00:22:58,-162.38957341507,-34.2825864685538,0,24,24,24,4,-34.2825864685538
01-Aug-2026 00:23:00,-161.769530569855,-33.6625436233392,0,24,24,24,5,-33.6625436233392
01-Aug-2026 00:23:02,-161.300180276539,-33.1931933300231,0,24,24,24,5,-33.1931933300231
01-Aug-2026 00:23:04,-161.325545812448,-33.2185588659318,0,24,24,24,5,-33.2185588659318
01-Aug-2026 00:23:06,-161.347391381317,-33.240404434801,0,24,24,24,5,-33.240404434801
01-Aug-2026 00:23:08,-161.266675723991,-33.1596887774747,0,25,25,25,4,-33.1596887774747
01-Aug-2026 00:23:10,-161.008675958338,-32.9016890118222,0,25,25,25,5,-32.9016890118222
01-Aug-2026 00:23:12,-161.4721535848,-33.3651666382839,0,25,25,25,5,-33.3651666382839
01-Aug-2026 00:23:14,-161.243367781041,-33.1363808345248,0,25,25,25,6,-33.1363808345248
01-Aug-2026 00:23:16,-160.663098881351,-32.5561119348353,0,25,25,25,6,-32.5561119348353
01-Aug-2026 00:23:18,-164.179882247523,-36.0728953010069,0,26,26,26,3,-36.0728953010069
01-Aug-2026 00:23:20,-163.970014036817,-35.8630270903014,0,26,26,26,4,-35.8630270903014
01-Aug-2026 00:23:22,-163.832291219527,-35.7253042730116,0,26,26,26,4,-35.7253042730116
01-Aug-2026 00:23:24,-163.29131886121,-35.1843319146946,0,26,26,26,4,-35.1843319146946
01-Aug-2026 00:23:26,-163.433447200229,-35.3264602537133,0,26,26,26,4,-35.3264602537133
01-Aug-2026 00:23:28,-163.038158993527,-34.9311720470112,0,26,26,26,4,-34.9311720470112
01-Aug-2026 00:23:30,-163.48130465007,-35.3743177035542,0,26,26,26,3,-35.3743177035542
01-Aug-2026 00:23:32,-163.00400306114,-34.8970161146244,0,26,26,26,4,-34.8970161146244
01-Aug-2026 00:23:34,-162.94770459954,-34.8407176530246,0,26,26,26,5,-34.8407176530246
01-Aug-2026 00:23:36,-162.715760415331,-34.6087734688148,0,27,27,27,6,-34.6087734688148
01-Aug-2026 00:23:38,-162.360393985797,-34.2534070392816,0,27,27,27,7,-34.2534070392816
01-Aug-2026 00:23:40,-162.030733971102,-33.923747024586,0,27,27,27,7,-33.923747024586
01-Aug-2026 00:23:42,-162.659075424672,-34.5520884781559,0,26,26,26,7,-34.5520884781559
01-Aug-2026 00:23:44,-162.08267905804,-33.9756921115241,0,26,26,26,6,-33.9756921115241
01-Aug-2026 00:23:46,-161.833566209512,-33.7265792629963,0,26,26,26,5,-33.7265792629963
01-Aug-2026 00:23:48,-161.423011604289,-33.316024657773,0,26,26,26,5,-33.316024657773
01-Aug-2026 00:23:50,-161.071789336028,-32.9648023895126,0,26,26,26,5,-32.9648023895126
01-Aug-2026 00:23:52,-161.723432113512,-33.6164451669965,0,25,25,25,4,-33.6164451669965
01-Aug-2026 00:23:54,-160.960832394378,-32.8538454478619,0,24,24,24,4,-32.8538454478619
01-Aug-2026 00:23:56,-160.494917298027,-32.3879303515107,0,24,24,24,4,-32.3879303515107
01-Aug-2026 00:23:58,-160.221266875701,-32.1142799291847,0,24,24,24,4,-32.1142799291847
01-Aug-2026 00:24:00,-159.213835076905,-31.1068481303896,0,24,24,24,4,-31.1068481303896
01-Aug-2026 00:24:02,-158.363852838694,-30.2568658921785,0,25,25,25,6,-30.2568658921785
01-Aug-2026 00:24:04,-158.161304419702,-30.0543174731865,0,25,25,25,6,-30.0543174731865
01-Aug-2026 00:24:06,-157.004826548254,-28.8978396017381,0,25,25,25,6,-28.8978396017381
01-Aug-2026 00:24:08,-155.593854209361,-27.4868672628449,0,25,25,25,6,-27.4868672628449
01-Aug-2026 00:24:10,-156.153911974903,-28.0469250283875,0,25,25,25,6,-28.0469250283875
01-Aug-2026 00:24:12,-155.369376613321,-27.2623896668056,0,25,25,25,7,-27.2623896668056
01-Aug-2026 00:24:14,-154.133623702862,-26.0266367563457,0,26,26,26,7,-26.0266367563457
01-Aug-2026 00:24:16,-153.375167557327,-25.268180610811,0,26,26,26,7,-25.268180610811
01-Aug-2026 00:24:18,-153.47607341414,-25.3690864676242,0,26,26,26,6,-25.3690864676242
01-Aug-2026 00:24:20,-152.106457964206,-23.9994710176899,0,26,26,26,6,-23.9994710176899
01-Aug-2026 00:24:22,-151.091456804592,-22.9844698580765,0,26,26,26,6,-22.9844698580765
01-Aug-2026 00:24:24,-150.48219335921,-22.3752064126943,0,26,26,26,6,-22.3752064126943
01-Aug-2026 00:24:26,-150.136800635937,-22.0298136894212,0,25,25,25,6,-22.0298136894212
01-Aug-2026 00:24:28,-149.820533653578,-21.7135467070622,0,25,25,25,6,-21.7135467070622
01-Aug-2026 00:24:30,-148.621691630682,-20.5147046841663,0,25,25,25,5,-20.5147046841663
01-Aug-2026 00:24:32,-146.907970903444,-18.8009839569283,0,25,25,25,4,-18.8009839569283
01-Aug-2026 00:24:34,-147.541337339787,-19.4343503932715,0,25,25,25,4,-19.4343503932715
01-Aug-2026 00:24:36,-147.068910685208,-18.9619237386917,0,25,25,25,4,-18.9619237386917
01-Aug-2026 00:24:38,-147.698715305335,-19.591728358819,0,25,25,25,4,-19.591728358819
01-Aug-2026 00:24:40,-184.575024544464,-56.4680375979485,0,25,25,25,3,-56.4680375979485
01-Aug-2026 00:24:42,-183.892505251089,-55.7855183045729,0,25,25,25,3,-55.7855183045729
01-Aug-2026 00:24:44,-184.176072963893,-56.0690860173767,0,25,25,25,3,-56.0690860173767
01-Aug-2026 00:24:46,-183.627376042683,-55.5203890961676,0,25,25,25,3,-55.5203890961676
01-Aug-2026 00:24:48,-183.79773474739,-55.6907478008745,0,25,25,25,3,-55.6907478008745
01-Aug-2026 00:24:50,-183.806062054758,-55.6990751082424,0,25,25,25,3,-55.6990751082424
01-Aug-2026 00:24:52,-180.532621197888,-52.4256342513722,0,26,26,26,4,-52.4256342513722
01-Aug-2026 00:24:54,-180.288674006751,-52.1816870602352,0,26,26,26,4,-52.1816870602352
01-Aug-2026 00:24:56,-179.479423875025,-51.3724369285092,0,26,26,26,4,-51.3724369285092
01-Aug-2026 00:24:58,-179.236711924338,-51.1297249778219,0,26,26,26,4,-51.1297249778219
01-Aug-2026 00:25:00,-151.419201527656,-23.3122145811402,0,26,26,26,5,-23.3122145811402
01-Aug-2026 00:25:02,-152.465678866112,-24.3586919195963,0,26,26,26,5,-24.3586919195963
01-Aug-2026 00:25:04,-152.739989194384,-24.6330022478685,0,26,26,26,5,-24.6330022478685
01-Aug-2026 00:25:06,-153.189883100221,-25.0828961537051,0,26,26,26,5,-25.0828961537051
01-Aug-2026 00:25:08,-154.167954249889,-26.0609673033728,0,26,26,26,5,-26.0609673033728
01-Aug-2026 00:25:10,-155.203709800595,-27.0967228540792,0,26,26,26,5,-27.0967228540792
01-Aug-2026 00:25:12,-151.683267465781,-23.5762805192647,0,26,26,26,7,-23.5762805192647
01-Aug-2026 00:25:14,-152.004768774067,-23.8977818275511,0,26,26,26,6,-23.8977818275511
01-Aug-2026 00:25:16,-152.640868966271,-24.5338820197551,0,26,26,26,6,-24.5338820197551
01-Aug-2026 00:25:18,-152.676091468507,-24.5691045219908,0,26,26,26,7,-24.5691045219908
01-Aug-2026 00:25:20,-153.229199137477,-25.1222121909607,0,26,26,26,7,-25.1222121909607
01-Aug-2026 00:25:22,-153.571110945809,-25.4641239992933,0,26,26,26,6,-25.4641239992933
01-Aug-2026 00:25:24,-153.728525842364,-25.621538895848,0,26,26,26,5,-25.621538895848
01-Aug-2026 00:25:26,-154.683036472268,-26.576049525752,0,26,26,26,6,-26.576049525752
01-Aug-2026 00:25:28,-155.025730204077,-26.9187432575613,0,25,25,25,6,-26.9187432575613
01-Aug-2026 00:25:30,-155.662970277625,-27.555983331109,0,27,27,27,7,-27.555983331109
01-Aug-2026 00:25:32,-156.358912383566,-28.2519254370502,0,27,27,27,7,-28.2519254370502
01-Aug-2026 00:25:34,-157.021758452915,-28.9147715063993,0,27,27,27,8,-28.9147715063993
01-Aug-2026 00:25:36,-157.452936805486,-29.3459498589706,0,27,27,27,8,-29.3459498589706
01-Aug-2026 00:25:38,-157.570980714386,-29.4639937678697,0,27,27,27,8,-29.4639937678697
01-Aug-2026 00:25:40,-157.650560504458,-29.5435735579418,0,27,27,27,9,-29.5435735579418
01-Aug-2026 00:25:42,-157.715522805654,-29.6085358591386,0,26,26,26,10,-29.6085358591386
01-Aug-2026 00:25:44,-157.746880918797,-29.6398939722811,0,26,26,26,10,-29.6398939722811
01-Aug-2026 00:25:46,-157.548945764956,-29.4419588184398,0,26,26,26,10,-29.4419588184398
01-Aug-2026 00:25:48,-158.297172298444,-30.1901853519284,0,26,26,26,10,-30.1901853519284
01-Aug-2026 00:25:50,-163.017419149938,-34.9104322034224,0,26,26,26,8,-34.9104322034224
01-Aug-2026 00:25:52,-163.137784587641,-35.0307976411256,0,26,26,26,8,-35.0307976411256
01-Aug-2026 00:25:54,-163.283114719676,-35.1761277731603,0,26,26,26,7,-35.1761277731603
01-Aug-2026 00:25:56,-163.917521627407,-35.8105346808915,0,26,26,26,7,-35.8105346808915
01-Aug-2026 00:25:58,-164.529248318311,-36.4222613717947,0,25,25,25,7,-36.4222613717947
01-Aug-2026 00:26:00,-178.051479129216,-49.9444921827001,0,25,25,25,6,-49.9444921827001
01-Aug-2026 00:26:02,-177.642988134561,-49.536001188045,0,25,25,25,6,-49.536001188045
01-Aug-2026 00:26:04,-177.521787074108,-49.4148001275921,0,24,24,24,6,-49.4148001275921
01-Aug-2026 00:26:06,-177.228655157696,-49.1216682111804,0,24,24,24,6,-49.1216682111804
01-Aug-2026 00:26:08,-177.037189877006,-48.9302029304905,0,24,24,24,5,-48.9302029304905
01-Aug-2026 00:26:10,-177.262119934772,-49.1551329882559,0,24,24,24,6,-49.1551329882559
01-Aug-2026 00:26:12,-171.376752643191,-43.2697656966756,0,23,23,23,7,-43.2697656966756
01-Aug-2026 00:26:14,-171.13196703117,-43.0249800846537,0,24,24,24,8,-43.0249800846537
01-Aug-2026 00:26:16,-175.525777650364,-47.4187907038479,0,24,24,24,6,-47.4187907038479
01-Aug-2026 00:26:18,-177.06041374577,-48.9534267992539,0,24,24,24,5,-48.9534267992539
01-Aug-2026 00:26:20,-173.872692145507,-45.765705198991,0,24,24,24,6,-45.765705198991
01-Aug-2026 00:26:22,-171.229394495496,-43.1224075489804,0,24,24,24,7,-43.1224075489804
01-Aug-2026 00:26:24,-171.579414701743,-43.4724277552271,0,24,24,24,6,-43.4724277552271
01-Aug-2026 00:26:26,-171.91260174855,-43.8056148020339,0,25,25,25,5,-43.8056148020339
01-Aug-2026 00:26:28,-170.893340504439,-42.7863535579228,0,25,25,25,6,-42.7863535579228
01-Aug-2026 00:26:30,-171.223321821009,-43.1163348744929,0,25,25,25,6,-43.1163348744929
01-Aug-2026 00:26:32,-171.286872680691,-43.1798857341756,0,25,25,25,5,-43.1798857341756
01-Aug-2026 00:26:34,-171.109497870454,-43.0025109239378,0,25,25,25,5,-43.0025109239378
01-Aug-2026 00:26:36,-171.459004720986,-43.3520177744699,0,25,25,25,6,-43.3520177744699
01-Aug-2026 00:26:38,-171.728083745299,-43.6210967987832,0,24,24,24,6,-43.6210967987832
01-Aug-2026 00:26:40,-171.728085232718,-43.6210982862019,0,24,24,24,6,-43.6210982862019
01-Aug-2026 00:26:42,-171.734505229852,-43.6275182833366,0,24,24,24,7,-43.6275182833366
01-Aug-2026 00:26:44,-171.482889068799,-43.3759021222832,0,24,24,24,7,-43.3759021222832
01-Aug-2026 00:26:46,-162.212834342692,-34.1058473961766,0,24,24,24,8,-34.1058473961766
01-Aug-2026 00:26:48,-161.968562773972,-33.8615758274557,0,24,24,24,8,-33.8615758274557
01-Aug-2026 00:26:50,-162.002258965991,-33.8952720194752,0,24,24,24,7,-33.8952720194752
01-Aug-2026 00:26:52,-161.907833284701,-33.8008463381852,0,24,24,24,7,-33.8008463381852
01-Aug-2026 00:26:54,-162.540763835137,-34.433776888621,0,24,24,24,7,-34.433776888621
01-Aug-2026 00:26:56,-162.561677171469,-34.4546902249535,0,24,24,24,8,-34.4546902249535
01-Aug-2026 00:26:58,-162.409577218469,-34.3025902719532,0,25,25,25,8,-34.3025902719532
01-Aug-2026 00:27:00,-162.877165125611,-34.7701781790955,0,25,25,25,6,-34.7701781790955
01-Aug-2026 00:27:02,-163.021715751044,-34.9147288045277,0,25,25,25,7,-34.9147288045277
01-Aug-2026 00:27:04,-162.815403734571,-34.7084167880554,0,25,25,25,6,-34.7084167880554
01-Aug-2026 00:27:06,-162.341659340953,-34.2346723944368,0,25,25,25,7,-34.2346723944368
01-Aug-2026 00:27:08,-162.115947266937,-34.0089603204208,0,25,25,25,6,-34.0089603204208
01-Aug-2026 00:27:10,-162.163297070874,-34.0563101243583,0,26,26,26,8,-34.0563101243583
01-Aug-2026 00:27:12,-161.72642314882,-33.6194362023046,0,26,26,26,8,-33.6194362023046
01-Aug-2026 00:27:14,-161.644471987155,-33.5374850406395,0,26,26,26,8,-33.5374850406395
01-Aug-2026 00:27:16,-169.964269582586,-41.8572826360699,0,26,26,26,7,-41.8572826360699
01-Aug-2026 00:27:18,-169.49878188138,-41.3917949348637,0,26,26,26,7,-41.3917949348637
01-Aug-2026 00:27:20,-169.330601649758,-41.2236147032426,0,26,26,26,7,-41.2236147032426
01-Aug-2026 00:27:22,-169.67049374978,-41.5635068032639,0,26,26,26,6,-41.5635068032639
01-Aug-2026 00:27:24,-170.115729761891,-42.0087428153756,0,26,26,26,4,-42.0087428153756
01-Aug-2026 00:27:26,-169.810216044523,-41.7032290980069,0,27,27,27,4,-41.7032290980069
01-Aug-2026 00:27:28,-169.75926644252,-41.6522794960044,0,27,27,27,4,-41.6522794960044
01-Aug-2026 00:27:30,-169.633507541581,-41.5265205950656,0,27,27,27,5,-41.5265205950656
01-Aug-2026 00:27:32,-168.938929508716,-40.8319425621999,0,26,26,26,5,-40.8319425621999
01-Aug-2026 00:27:34,-168.782699818514,-40.6757128719981,0,26,26,26,5,-40.6757128719981
01-Aug-2026 00:27:36,-168.209828310977,-40.102841364461,0,26,26,26,5,-40.102841364461
01-Aug-2026 00:27:38,-175.125436641227,-47.0184496947115,0,26,26,26,4,-47.0184496947115
01-Aug-2026 00:27:40,-181.950952742543,-53.8439657960276,0,25,25,25,3,-53.8439657960276
01-Aug-2026 00:27:42,-181.930421192377,-53.8234342458609,0,25,25,25,3,-53.8234342458609
01-Aug-2026 00:27:44,-182.520040457671,-54.4130535111549,0,25,25,25,3,-54.4130535111549
01-Aug-2026 00:27:46,-182.909517621375,-54.8025306748592,0,24,24,24,2,-54.8025306748592
01-Aug-2026 00:27:48,-183.191841041894,-55.0848540953781,0,24,24,24,3,-55.0848540953781
01-Aug-2026 00:27:50,-183.689224474393,-55.5822375278776,0,25,25,25,3,-55.5822375278776
01-Aug-2026 00:27:52,-183.701904881733,-55.5949179352169,0,25,25,25,3,-55.5949179352169
01-Aug-2026 00:27:54,-183.438314068008,-55.3313271214922,0,25,25,25,3,-55.3313271214922
01-Aug-2026 00:27:56,-184.340391264116,-56.2334043176004,0,25,25,25,3,-56.2334043176004
01-Aug-2026 00:27:58,-184.067953474485,-55.9609665279694,0,25,25,25,2,-55.9609665279694
01-Aug-2026 00:28:00,-184.449718944247,-56.3427319977313,0,25,25,25,2,-56.3427319977313
01-Aug-2026 00:28:02,-184.675356231212,-56.5683692846957,0,25,25,25,2,-56.5683692846957
01-Aug-2026 00:28:04,-184.283557268723,-56.1765703222073,0,25,25,25,2,-56.1765703222073
01-Aug-2026 00:28:06,-177.339750007334,-49.2327630608186,0,26,26,26,4,-49.2327630608186
01-Aug-2026 00:28:08,-177.469999376669,-49.3630124301528,0,26,26,26,3,-49.3630124301528
01-Aug-2026 00:28:10,-177.173604013024,-49.0666170665081,0,26,26,26,3,-49.0666170665081
01-Aug-2026 00:28:12,-177.261288320518,-49.1543013740023,0,26,26,26,3,-49.1543013740023
01-Aug-2026 00:28:14,-177.661596836183,-49.5546098896671,0,25,25,25,4,-49.5546098896671
01-Aug-2026 00:28:16,-177.370315978033,-49.2633290315175,0,25,25,25,4,-49.2633290315175
01-Aug-2026 00:28:18,-177.602179463536,-49.4951925170199,0,25,25,25,4,-49.4951925170199
01-Aug-2026 00:28:20,-182.199870773183,-54.0928838266667,0,25,25,25,3,-54.0928838266667
01-Aug-2026 00:28:22,-182.004180394465,-53.8971934479492,0,25,25,25,3,-53.8971934479492
01-Aug-2026 00:28:24,-185.039857307187,-56.9328703606707,0,25,25,25,3,-56.9328703606707
01-Aug-2026 00:28:26,-184.916309177276,-56.8093222307601,0,25,25,25,3,-56.8093222307601
01-Aug-2026 00:28:28,-180.720648004704,-52.613661058188,0,25,25,25,4,-52.613661058188
01-Aug-2026 00:28:30,-180.755245248072,-52.6482583015559,0,25,25,25,4,-52.6482583015559
01-Aug-2026 00:28:32,-181.325810171121,-53.2188232246053,0,25,25,25,4,-53.2188232246053
01-Aug-2026 00:28:34,-182.055941982271,-53.9489550357551,0,25,25,25,4,-53.9489550357551
01-Aug-2026 00:28:36,-185.901792958882,-57.7948060123658,0,25,25,25,3,-57.7948060123658
01-Aug-2026 00:28:38,-185.638217208199,-57.5312302616834,0,25,25,25,3,-57.5312302616834
01-Aug-2026 00:28:40,-186.147280153159,-58.040293206643,0,25,25,25,3,-58.040293206643
01-Aug-2026 00:28:42,-186.564595858215,-58.4576089116989,0,26,26,26,3,-58.4576089116989
01-Aug-2026 00:28:44,-187.154618335521,-59.0476313890051,0,26,26,26,2,-59.0476313890051
01-Aug-2026 00:28:46,-187.074652587891,-58.967665641375,0,26,26,26,2,-58.967665641375
01-Aug-2026 00:28:48,-187.31603207838,-59.2090451318643,0,26,26,26,2,-59.2090451318643
01-Aug-2026 00:28:50,-194.167240937329,-66.0602539908132,0,26,26,26,1,-66.0602539908132
01-Aug-2026 00:28:52,-194.070941975911,-65.9639550293953,0,26,26,26,1,-65.9639550293953
01-Aug-2026 00:28:54,-193.797340826332,-65.6903538798165,0,26,26,26,1,-65.6903538798165
01-Aug-2026 00:28:56,-192.015608837084,-63.9086218905682,0,26,26,26,2,-63.9086218905682
01-Aug-2026 00:28:58,-192.138662509488,-64.031675562972,0,26,26,26,2,-64.031675562972
01-Aug-2026 00:29:00,-191.573888407393,-63.4669014608775,0,26,26,26,3,-63.4669014608775
01-Aug-2026 00:29:02,-191.126418618669,-63.0194316721533,0,26,26,26,3,-63.0194316721533
01-Aug-2026 00:29:04,-187.280554974134,-59.173568027618,0,26,26,26,5,-59.173568027618
01-Aug-2026 00:29:06,-187.324305936759,-59.2173189902435,0,26,26,26,5,-59.2173189902435
01-Aug-2026 00:29:08,-190.243538296696,-62.1365513501798,0,26,26,26,4,-62.1365513501798
01-Aug-2026 00:29:10,-190.221240026672,-62.1142530801562,0,26,26,26,4,-62.1142530801562
01-Aug-2026 00:29:12,-193.635029489577,-65.5280425430611,0,26,26,26,3,-65.5280425430611
01-Aug-2026 00:29:14,-193.257962227915,-65.1509752813995,0,26,26,26,3,-65.1509752813995
01-Aug-2026 00:29:16,-193.432572390944,-65.3255854444277,0,26,26,26,3,-65.3255854444277
01-Aug-2026 00:29:18,-194.526578503584,-66.4195915570685,0,26,26,26,2,-66.4195915570685
01-Aug-2026 00:29:20,-196.054897302708,-67.9479103561922,0,26,26,26,1,-67.9479103561922
01-Aug-2026 00:29:22,-190.717146192792,-62.6101592462763,0,27,27,27,2,-62.6101592462763
01-Aug-2026 00:29:24,-190.635614795495,-62.5286278489794,0,27,27,27,2,-62.5286278489794
01-Aug-2026 00:29:26,-190.973932491474,-62.8669455449585,0,27,27,27,2,-62.8669455449585
01-Aug-2026 00:29:28,-190.896102383796,-62.7891154372797,0,27,27,27,2,-62.7891154372797
01-Aug-2026 00:29:30,-190.803347151,-62.6963602044838,0,28,28,28,2,-62.6963602044838
01-Aug-2026 00:29:32,-193.200418434286,-65.0934314877698,0,27,27,27,1,-65.0934314877698
01-Aug-2026 00:29:34,-193.960379955733,-65.8533930092172,0,27,27,27,1,-65.8533930092172
01-Aug-2026 00:29:36,-181.542391737384,-53.4354047908686,0,27,27,27,2,-53.4354047908686
01-Aug-2026 00:29:38,-181.450035308633,-53.3430483621175,0,26,26,26,2,-53.3430483621175
01-Aug-2026 00:29:40,-181.438928226463,-53.3319412799475,0,26,26,26,2,-53.3319412799475
01-Aug-2026 00:29:42,-181.40950952572,-53.3025225792037,0,26,26,26,1,-53.3025225792037
01-Aug-2026 00:29:44,-181.213214798327,-53.1062278518107,0,26,26,26,2,-53.1062278518107
01-Aug-2026 00:29:46,-182.029873428051,-53.922886481535,0,25,25,25,2,-53.922886481535
01-Aug-2026 00:29:48,-182.250338518782,-54.1433515722661,0,24,24,24,2,-54.1433515722661
01-Aug-2026 00:29:50,-167.673986130014,-39.5669991834979,0,24,24,24,3,-39.5669991834979
01-Aug-2026 00:29:52,-167.669982136422,-39.5629951899061,0,24,24,24,4,-39.5629951899061
01-Aug-2026 00:29:54,-168.438041223892,-40.3310542773759,0,24,24,24,4,-40.3310542773759
01-Aug-2026 00:29:56,-179.805113128378,-51.6981261818619,0,24,24,24,3,-51.6981261818619
01-Aug-2026 00:29:58,-173.102503319714,-44.9955163731984,0,24,24,24,3,-44.9955163731984
01-Aug-2026 00:30:00,-173.829353762983,-45.7223668164668,0,24,24,24,2,-45.7223668164668
01-Aug-2026 00:30:02,-173.227239088845,-45.1202521423294,0,24,24,24,3,-45.1202521423294
01-Aug-2026 00:30:04,-173.090712442438,-44.9837254959223,0,24,24,24,2,-44.9837254959223
01-Aug-2026 00:30:06,-172.908735892769,-44.8017489462534,0,24,24,24,2,-44.8017489462534
01-Aug-2026 00:30:08,-3076.52655568589,-2948.41956873937,0,24,24,24,0,-2948.41956873937
01-Aug-2026 00:30:10,-167.452253968495,-39.345267021979,0,25,25,25,2,-39.345267021979
01-Aug-2026 00:30:12,-167.062246043147,-38.9552590966314,0,25,25,25,2,-38.9552590966314
01-Aug-2026 00:30:14,-167.189882600679,-39.0828956541632,0,25,25,25,2,-39.0828956541632
01-Aug-2026 00:30:16,-166.356581742978,-38.2495947964626,0,25,25,25,2,-38.2495947964626
01-Aug-2026 00:30:18,-165.883003048787,-37.7760161022712,0,25,25,25,3,-37.7760161022712
01-Aug-2026 00:30:20,-166.070268255778,-37.9632813092623,0,25,25,25,3,-37.9632813092623
01-Aug-2026 00:30:22,-165.796535673658,-37.6895487271426,0,24,24,24,3,-37.6895487271426
01-Aug-2026 00:30:24,-165.51587577968,-37.4088888331642,0,24,24,24,3,-37.4088888331642
01-Aug-2026 00:30:26,-164.947538364057,-36.8405514175414,0,24,24,24,3,-36.8405514175414
01-Aug-2026 00:30:28,-164.849512743381,-36.7425257968652,0,24,24,24,3,-36.7425257968652
01-Aug-2026 00:30:30,-165.663413004379,-37.5564260578631,0,24,24,24,2,-37.5564260578631
01-Aug-2026 00:30:32,-165.552415951101,-37.4454290045855,0,24,24,24,2,-37.4454290045855
01-Aug-2026 00:30:34,-164.987006446494,-36.8800194999783,0,24,24,24,4,-36.8800194999783
01-Aug-2026 00:30:36,-165.156765540522,-37.0497785940061,0,24,24,24,5,-37.0497785940061
01-Aug-2026 00:30:38,-164.92982813268,-36.822841186164,0,24,24,24,5,-36.822841186164
01-Aug-2026 00:30:40,-165.190498031879,-37.0835110853627,0,24,24,24,6,-37.0835110853627
01-Aug-2026 00:30:42,-165.518308007029,-37.4113210605132,0,24,24,24,6,-37.4113210605132
01-Aug-2026 00:30:44,-165.586136651748,-37.4791497052326,0,24,24,24,4,-37.4791497052326
01-Aug-2026 00:30:46,-165.574502960915,-37.4675160143995,0,24,24,24,4,-37.4675160143995
01-Aug-2026 00:30:48,-165.243296362702,-37.1363094161859,0,25,25,25,4,-37.1363094161859
01-Aug-2026 00:30:50,-182.510077293513,-54.403090346997,0,25,25,25,4,-54.403090346997
01-Aug-2026 00:30:52,-182.744770151854,-54.6377832053384,0,25,25,25,4,-54.6377832053384
01-Aug-2026 00:30:54,-182.977102887367,-54.8701159408507,0,25,25,25,4,-54.8701159408507
01-Aug-2026 00:30:56,-185.423359290168,-57.3163723436521,0,25,25,25,3,-57.3163723436521
01-Aug-2026 00:30:58,-169.198106988603,-41.0911200420867,0,25,25,25,4,-41.0911200420867
01-Aug-2026 00:31:00,-168.816259096132,-40.7092721496165,0,25,25,25,5,-40.7092721496165
01-Aug-2026 00:31:02,-168.178306418953,-40.0713194724374,0,26,26,26,5,-40.0713194724374
01-Aug-2026 00:31:04,-167.797464765551,-39.6904778190353,0,26,26,26,5,-39.6904778190353
01-Aug-2026 00:31:06,-168.463933182565,-40.3569462360489,0,26,26,26,5,-40.3569462360489
01-Aug-2026 00:31:08,-168.072027944528,-39.9650409980119,0,26,26,26,4,-39.9650409980119
01-Aug-2026 00:31:10,-167.379632257896,-39.2726453113797,0,26,26,26,4,-39.2726453113797
01-Aug-2026 00:31:12,-167.043070112165,-38.936083165649,0,26,26,26,4,-38.936083165649
01-Aug-2026 00:31:14,-166.603772957643,-38.4967860111274,0,26,26,26,6,-38.4967860111274
01-Aug-2026 00:31:16,-166.065666191167,-37.9586792446509,0,27,27,27,6,-37.9586792446509
01-Aug-2026 00:31:18,-184.309713371171,-56.2027264246554,0,27,27,27,4,-56.2027264246554
01-Aug-2026 00:31:20,-184.413087945693,-56.3061009991771,0,27,27,27,4,-56.3061009991771
01-Aug-2026 00:31:22,-183.860353773877,-55.7533668273607,0,27,27,27,4,-55.7533668273607
01-Aug-2026 00:31:24,-184.194612656794,-56.087625710278,0,26,26,26,4,-56.087625710278
01-Aug-2026 00:31:26,-179.778046915513,-51.671059968997,0,25,25,25,5,-51.671059968997
01-Aug-2026 00:31:28,-179.840733651804,-51.733746705288,0,25,25,25,5,-51.733746705288
01-Aug-2026 00:31:30,-180.089304821655,-51.9823178751395,0,25,25,25,5,-51.9823178751395
01-Aug-2026 00:31:32,-180.162008038805,-52.0550210922896,0,25,25,25,5,-52.0550210922896
01-Aug-2026 00:31:34,-180.069734529541,-51.962747583025,0,25,25,25,5,-51.962747583025
01-Aug-2026 00:31:36,-179.968096770515,-51.8611098239992,0,26,26,26,5,-51.8611098239992
01-Aug-2026 00:31:38,-180.805918210083,-52.6989312635669,0,25,25,25,4,-52.6989312635669
01-Aug-2026 00:31:40,-180.43008466099,-52.3230977144744,0,25,25,25,5,-52.3230977144744
01-Aug-2026 00:31:42,-180.457830460211,-52.350843513695,0,25,25,25,5,-52.350843513695
01-Aug-2026 00:31:44,-180.421475365685,-52.3144884191686,0,25,25,25,4,-52.3144884191686
01-Aug-2026 00:31:46,-180.623196783674,-52.5162098371579,0,25,25,25,5,-52.5162098371579
01-Aug-2026 00:31:48,-180.545344599685,-52.4383576531693,0,25,25,25,6,-52.4383576531693
01-Aug-2026 00:31:50,-180.796138412996,-52.6891514664802,0,25,25,25,6,-52.6891514664802
01-Aug-2026 00:31:52,-180.481042282661,-52.3740553361455,0,25,25,25,7,-52.3740553361455
01-Aug-2026 00:31:54,-189.007388188306,-60.9004012417906,0,25,25,25,5,-60.9004012417906
01-Aug-2026 00:31:56,-188.808762435016,-60.7017754885005,0,25,25,25,5,-60.7017754885005
01-Aug-2026 00:31:58,-173.95733974868,-45.8503528021645,0,25,25,25,7,-45.8503528021645
01-Aug-2026 00:32:00,-173.955775519595,-45.848788573079,0,26,26,26,7,-45.848788573079
01-Aug-2026 00:32:02,-173.818839426206,-45.71185247969,0,25,25,25,6,-45.71185247969
01-Aug-2026 00:32:04,-173.691757369675,-45.5847704231591,0,25,25,25,5,-45.5847704231591
01-Aug-2026 00:32:06,-173.23590164328,-45.1289146967645,0,25,25,25,4,-45.1289146967645
01-Aug-2026 00:32:08,-173.133387562551,-45.0264006160351,0,25,25,25,5,-45.0264006160351
01-Aug-2026 00:32:10,-173.194503311314,-45.0875163647985,0,25,25,25,5,-45.0875163647985
01-Aug-2026 00:32:12,-157.945253175175,-29.8382662286589,0,25,25,25,7,-29.8382662286589
01-Aug-2026 00:32:14,-173.14682184655,-45.0398349000344,0,25,25,25,5,-45.0398349000344
01-Aug-2026 00:32:16,-173.309680686031,-45.2026937395148,0,25,25,25,5,-45.2026937395148
01-Aug-2026 00:32:18,-173.129017514118,-45.0220305676017,0,25,25,25,5,-45.0220305676017
01-Aug-2026 00:32:20,-173.152712097371,-45.0457251508547,0,25,25,25,5,-45.0457251508547
01-Aug-2026 00:32:22,-172.992910480438,-44.8859235339219,0,26,26,26,5,-44.8859235339219
01-Aug-2026 00:32:24,-172.779226568547,-44.6722396220312,0,26,26,26,6,-44.6722396220312
01-Aug-2026 00:32:26,-183.018663650087,-54.9116767035712,0,26,26,26,5,-54.9116767035712
01-Aug-2026 00:32:28,-183.359014287534,-55.2520273410177,0,26,26,26,5,-55.2520273410177
01-Aug-2026 00:32:30,-183.273992197232,-55.1670052507163,0,26,26,26,5,-55.1670052507163
01-Aug-2026 00:32:32,-182.940429239811,-54.833442293295,0,27,27,27,6,-54.833442293295
01-Aug-2026 00:32:34,-182.974534362507,-54.8675474159914,0,27,27,27,6,-54.8675474159914
01-Aug-2026 00:32:36,-191.048744269793,-62.9417573232771,0,27,27,27,6,-62.9417573232771
01-Aug-2026 00:32:38,-190.149440637795,-62.0424536912792,0,27,27,27,7,-62.0424536912792
01-Aug-2026 00:32:40,-190.184150347095,-62.0771634005795,0,27,27,27,7,-62.0771634005795
01-Aug-2026 00:32:42,-190.451972266808,-62.3449853202922,0,27,27,27,7,-62.3449853202922
01-Aug-2026 00:32:44,-191.576390384337,-63.4694034378214,0,27,27,27,5,-63.4694034378214
01-Aug-2026 00:32:46,-191.587750466606,-63.4807635200901,0,27,27,27,5,-63.4807635200901
01-Aug-2026 00:32:48,-191.776629269998,-63.6696423234823,0,27,27,27,5,-63.6696423234823
01-Aug-2026 00:32:50,-191.726169106572,-63.6191821600563,0,27,27,27,4,-63.6191821600563
01-Aug-2026 00:32:52,-191.980886976611,-63.8739000300949,0,27,27,27,4,-63.8739000300949
01-Aug-2026 00:32:54,-192.054550038094,-63.9475630915782,0,27,27,27,4,-63.9475630915782
01-Aug-2026 00:32:56,-192.417883269122,-64.310896322606,0,27,27,27,4,-64.310896322606
01-Aug-2026 00:32:58,-190.054143381351,-61.9471564348352,0,27,27,27,5,-61.9471564348352
01-Aug-2026 00:33:00,-189.774199695516,-61.6672127490005,0,27,27,27,6,-61.6672127490005
01-Aug-2026 00:33:02,-189.840075583788,-61.7330886372722,0,27,27,27,6,-61.7330886372722
01-Aug-2026 00:33:04,-178.816644648236,-50.7096577017206,0,27,27,27,4,-50.7096577017206
01-Aug-2026 00:33:06,-178.762828909381,-50.6558419628651,0,27,27,27,4,-50.6558419628651
01-Aug-2026 00:33:08,-174.087288658703,-45.9803017121873,0,27,27,27,5,-45.9803017121873
01-Aug-2026 00:33:10,-174.333273552348,-46.2262866058325,0,27,27,27,6,-46.2262866058325
01-Aug-2026 00:33:12,-174.884082739741,-46.7770957932256,0,27,27,27,5,-46.7770957932256
01-Aug-2026 00:33:14,-174.349592979266,-46.2426060327498,0,28,28,28,4,-46.2426060327498
01-Aug-2026 00:33:16,-174.559144574555,-46.452157628039,0,28,28,28,4,-46.452157628039
01-Aug-2026 00:33:18,-173.670468100512,-45.5634811539962,0,29,29,29,4,-45.5634811539962
01-Aug-2026 00:33:20,-173.179136186379,-45.0721492398635,0,29,29,29,4,-45.0721492398635
01-Aug-2026 00:33:22,-173.852924244151,-45.7459372976351,0,28,28,28,4,-45.7459372976351
01-Aug-2026 00:33:24,-173.482253211357,-45.3752662648407,0,28,28,28,4,-45.3752662648407
01-Aug-2026 00:33:26,-173.077373959373,-44.9703870128569,0,28,28,28,3,-44.9703870128569
01-Aug-2026 00:33:28,-169.280716787965,-41.1737298414494,0,27,27,27,4,-41.1737298414494
01-Aug-2026 00:33:30,-166.21633391672,-38.109346970204,0,27,27,27,5,-38.109346970204
01-Aug-2026 00:33:32,-168.466807552722,-40.359820606206,0,26,26,26,5,-40.359820606206
01-Aug-2026 00:33:34,-168.357951386475,-40.2509644399594,0,26,26,26,5,-40.2509644399594
01-Aug-2026 00:33:36,-168.138273209718,-40.0312862632021,0,26,26,26,6,-40.0312862632021
01-Aug-2026 00:33:38,-168.278682853342,-40.1716959068261,0,25,25,25,6,-40.1716959068261
01-Aug-2026 00:33:40,-167.968404476831,-39.8614175303147,0,25,25,25,6,-39.8614175303147
01-Aug-2026 00:33:42,-167.57087588142,-39.4638889349043,0,26,26,26,6,-39.4638889349043
01-Aug-2026 00:33:44,-167.653368642117,-39.5463816956011,0,26,26,26,6,-39.5463816956011
01-Aug-2026 00:33:46,-167.726325649247,-39.6193387027313,0,26,26,26,6,-39.6193387027313
01-Aug-2026 00:33:48,-167.530189630385,-39.4232026838694,0,26,26,26,5,-39.4232026838694
01-Aug-2026 00:33:50,-167.515248238319,-39.4082612918029,0,26,26,26,6,-39.4082612918029
01-Aug-2026 00:33:52,-167.184677674555,-39.0776907280389,0,26,26,26,5,-39.0776907280389
01-Aug-2026 00:33:54,-167.085857497386,-38.9788705508701,0,26,26,26,5,-38.9788705508701
01-Aug-2026 00:33:56,-166.364538192217,-38.2575512457013,0,25,25,25,5,-38.2575512457013
01-Aug-2026 00:33:58,-166.383738827697,-38.2767518811813,0,25,25,25,5,-38.2767518811813
01-Aug-2026 00:34:00,-166.249682321448,-38.1426953749325,0,25,25,25,5,-38.1426953749325
01-Aug-2026 00:34:02,-166.437002923721,-38.3300159772048,0,25,25,25,5,-38.3300159772048
01-Aug-2026 00:34:04,-166.052126195116,-37.9451392485999,0,25,25,25,5,-37.9451392485999
01-Aug-2026 00:34:06,-165.9243201117,-37.8173331651841,0,24,24,24,5,-37.8173331651841
01-Aug-2026 00:34:08,-165.754007127877,-37.6470201813612,0,25,25,25,6,-37.6470201813612
01-Aug-2026 00:34:10,-166.169283668664,-38.0622967221481,0,25,25,25,5,-38.0622967221481
01-Aug-2026 00:34:12,-165.354146637035,-37.2471596905196,0,25,25,25,7,-37.2471596905196
01-Aug-2026 00:34:14,-173.897101794772,-45.7901148482557,0,25,25,25,6,-45.7901148482557
01-Aug-2026 00:34:16,-179.07740790098,-50.9704209544637,0,25,25,25,4,-50.9704209544637
01-Aug-2026 00:34:18,-179.285451292395,-51.1784643458791,0,25,25,25,3,-51.1784643458791
01-Aug-2026 00:34:20,-181.001902298883,-52.8949153523668,0,24,24,24,2,-52.8949153523668
01-Aug-2026 00:34:22,-180.366654362078,-52.2596674155617,0,24,24,24,2,-52.2596674155617
01-Aug-2026 00:34:24,-179.872995493135,-51.7660085466196,0,24,24,24,1,-51.7660085466196
01-Aug-2026 00:34:26,-179.649685841218,-51.5426988947021,0,24,24,24,1,-51.5426988947021
01-Aug-2026 00:34:28,-179.190150300978,-51.0831633544623,0,24,24,24,1,-51.0831633544623
01-Aug-2026 00:34:30,-170.068922958051,-41.9619360115354,0,24,24,24,2,-41.9619360115354
01-Aug-2026 00:34:32,-169.843758924618,-41.7367719781024,0,24,24,24,2,-41.7367719781024
01-Aug-2026 00:34:34,-169.42731156788,-41.3203246213638,0,24,24,24,2,-41.3203246213638
01-Aug-2026 00:34:36,-169.701440332547,-41.5944533860315,0,25,25,25,1,-41.5944533860315
01-Aug-2026 00:34:38,-3076.52655568589,-2948.41956873937,0,25,25,25,0,-2948.41956873937
01-Aug-2026 00:34:40,-199.611395230929,-71.5044082844132,0,25,25,25,1,-71.5044082844132
01-Aug-2026 00:34:42,-181.184038868035,-53.0770519215188,0,25,25,25,2,-53.0770519215188
01-Aug-2026 00:34:44,-175.785744514645,-47.6787575681296,0,25,25,25,2,-47.6787575681296
01-Aug-2026 00:34:46,-175.892581484848,-47.785594538332,0,25,25,25,2,-47.785594538332
01-Aug-2026 00:34:48,-173.128584885773,-45.0215979392569,0,25,25,25,3,-45.0215979392569
01-Aug-2026 00:34:50,-172.835407060653,-44.7284201141368,0,25,25,25,3,-44.7284201141368
01-Aug-2026 00:34:52,-170.542619857992,-42.4356329114757,0,26,26,26,5,-42.4356329114757
01-Aug-2026 00:34:54,-169.677617782246,-41.5706308357305,0,26,26,26,6,-41.5706308357305
01-Aug-2026 00:34:56,-164.905080159056,-36.79809321254,0,26,26,26,7,-36.79809321254
01-Aug-2026 00:34:58,-164.768211401752,-36.6612244552366,0,26,26,26,6,-36.6612244552366
01-Aug-2026 00:35:00,-164.270536633817,-36.1635496873008,0,26,26,26,7,-36.1635496873008
01-Aug-2026 00:35:02,-169.091151312781,-40.984164366265,0,26,26,26,6,-40.984164366265
01-Aug-2026 00:35:04,-168.935692553053,-40.8287056065371,0,26,26,26,6,-40.8287056065371
01-Aug-2026 00:35:06,-168.352803887319,-40.2458169408027,0,26,26,26,6,-40.2458169408027
01-Aug-2026 00:35:08,-167.945981156734,-39.8389942102185,0,27,27,27,6,-39.8389942102185
01-Aug-2026 00:35:10,-167.737177935813,-39.6301909892973,0,27,27,27,7,-39.6301909892973
01-Aug-2026 00:35:12,-167.670856157115,-39.5638692105991,0,27,27,27,7,-39.5638692105991
01-Aug-2026 00:35:14,-167.879783616299,-39.7727966697832,0,26,26,26,6,-39.7727966697832
01-Aug-2026 00:35:16,-168.323515980277,-40.2165290337608,0,25,25,25,5,-40.2165290337608
01-Aug-2026 00:35:18,-173.639161193698,-45.5321742471826,0,25,25,25,4,-45.5321742471826
01-Aug-2026 00:35:20,-174.675837071416,-46.5688501249,0,25,25,25,4,-46.5688501249
01-Aug-2026 00:35:22,-174.649693509581,-46.542706563065,0,25,25,25,4,-46.542706563065
01-Aug-2026 00:35:24,-174.697263130548,-46.5902761840317,0,26,26,26,4,-46.5902761840317
01-Aug-2026 00:35:26,-174.596828527458,-46.4898415809417,0,26,26,26,5,-46.4898415809417
01-Aug-2026 00:35:28,-173.814587559904,-45.7076006133883,0,26,26,26,6,-45.7076006133883
01-Aug-2026 00:35:30,-173.785364626905,-45.6783776803887,0,25,25,25,6,-45.6783776803887
01-Aug-2026 00:35:32,-174.166205816132,-46.0592188696165,0,25,25,25,6,-46.0592188696165
01-Aug-2026 00:35:34,-173.11320558694,-45.0062186404241,0,25,25,25,6,-45.0062186404241
01-Aug-2026 00:35:36,-172.506372840975,-44.3993858944589,0,25,25,25,7,-44.3993858944589
01-Aug-2026 00:35:38,-172.801977434561,-44.6949904880449,0,26,26,26,7,-44.6949904880449
01-Aug-2026 00:35:40,-172.678302698673,-44.5713157521576,0,26,26,26,7,-44.5713157521576
01-Aug-2026 00:35:42,-172.266339789205,-44.1593528426893,0,26,26,26,7,-44.1593528426893
01-Aug-2026 00:35:44,-171.672772050916,-43.5657851043998,0,26,26,26,8,-43.5657851043998
01-Aug-2026 00:35:46,-171.689305778483,-43.5823188319673,0,26,26,26,7,-43.5823188319673
01-Aug-2026 00:35:48,-171.672795667051,-43.5658087205346,0,26,26,26,7,-43.5658087205346
01-Aug-2026 00:35:50,-171.793961914312,-43.6869749677965,0,25,25,25,7,-43.6869749677965
01-Aug-2026 00:35:52,-171.539414510105,-43.4324275635888,0,26,26,26,8,-43.4324275635888
01-Aug-2026 00:35:54,-171.409408851333,-43.3024219048171,0,26,26,26,8,-43.3024219048171
01-Aug-2026 00:35:56,-171.303208386878,-43.1962214403625,0,26,26,26,8,-43.1962214403625
01-Aug-2026 00:35:58,-171.455255681417,-43.3482687349012,0,26,26,26,10,-43.3482687349012
01-Aug-2026 00:36:00,-171.591115521882,-43.4841285753662,0,26,26,26,10,-43.4841285753662
01-Aug-2026 00:36:02,-172.107757247612,-44.0007703010962,0,26,26,26,9,-44.0007703010962
01-Aug-2026 00:36:04,-171.846826644083,-43.7398396975669,0,26,26,26,6,-43.7398396975669
01-Aug-2026 00:36:06,-171.994929707416,-43.8879427608998,0,26,26,26,5,-43.8879427608998
01-Aug-2026 00:36:08,-171.816358926417,-43.7093719799014,0,26,26,26,5,-43.7093719799014
01-Aug-2026 00:36:10,-168.617362328461,-40.5103753819453,0,26,26,26,4,-40.5103753819453
01-Aug-2026 00:36:12,-167.589853638738,-39.482866692222,0,26,26,26,5,-39.482866692222
01-Aug-2026 00:36:14,-166.807864144996,-38.7008771984802,0,26,26,26,6,-38.7008771984802
01-Aug-2026 00:36:16,-166.552070485707,-38.445083539191,0,26,26,26,6,-38.445083539191
01-Aug-2026 00:36:18,-166.224833576985,-38.1178466304694,0,26,26,26,6,-38.1178466304694
01-Aug-2026 00:36:20,-166.12823792969,-38.0212509831745,0,26,26,26,6,-38.0212509831745
01-Aug-2026 00:36:22,-166.504010754595,-38.3970238080794,0,27,27,27,6,-38.3970238080794
01-Aug-2026 00:36:24,-165.495280757986,-37.3882938114699,0,27,27,27,7,-37.3882938114699
01-Aug-2026 00:36:26,-167.544755889657,-39.437768943141,0,27,27,27,6,-39.437768943141
01-Aug-2026 00:36:28,-168.500504623241,-40.3935176767255,0,27,27,27,7,-40.3935176767255
01-Aug-2026 00:36:30,-169.709608572151,-41.602621625635,0,27,27,27,7,-41.602621625635
01-Aug-2026 00:36:32,-170.162434070739,-42.0554471242227,0,27,27,27,6,-42.0554471242227
01-Aug-2026 00:36:34,-170.706833935606,-42.5998469890904,0,27,27,27,6,-42.5998469890904
01-Aug-2026 00:36:36,-174.573257366286,-46.4662704197703,0,27,27,27,6,-46.4662704197703
01-Aug-2026 00:36:38,-174.891738625637,-46.7847516791211,0,27,27,27,6,-46.7847516791211
01-Aug-2026 00:36:40,-175.581537081577,-47.474550135061,0,27,27,27,6,-47.474550135061
01-Aug-2026 00:36:42,-171.186379981517,-43.0793930350015,0,27,27,27,5,-43.0793930350015
01-Aug-2026 00:36:44,-171.591145787653,-43.4841588411375,0,27,27,27,4,-43.4841588411375
01-Aug-2026 00:36:46,-171.598118336276,-43.4911313897604,0,27,27,27,4,-43.4911313897604
01-Aug-2026 00:36:48,-172.120959773192,-44.0139728266758,0,27,27,27,4,-44.0139728266758
01-Aug-2026 00:36:50,-171.660069161255,-43.5530822147394,0,27,27,27,4,-43.5530822147394
01-Aug-2026 00:36:52,-171.469942644658,-43.3629556981419,0,27,27,27,6,-43.3629556981419
01-Aug-2026 00:36:54,-171.596106924107,-43.4891199775911,0,27,27,27,6,-43.4891199775911
01-Aug-2026 00:36:56,-171.726695215954,-43.6197082694383,0,27,27,27,6,-43.6197082694383
01-Aug-2026 00:36:58,-171.942495572922,-43.8355086264063,0,28,28,28,5,-43.8355086264063
01-Aug-2026 00:37:00,-171.664631945902,-43.5576449993866,0,28,28,28,4,-43.5576449993866
01-Aug-2026 00:37:02,-171.350560952671,-43.2435740061547,0,27,27,27,4,-43.2435740061547
01-Aug-2026 00:37:04,-170.652700485549,-42.5457135390331,0,28,28,28,4,-42.5457135390331
01-Aug-2026 00:37:06,-165.762342257676,-37.6553553111605,0,29,29,29,5,-37.6553553111605
01-Aug-2026 00:37:08,-165.864591648701,-37.757604702185,0,29,29,29,6,-37.757604702185
01-Aug-2026 00:37:10,-165.586316109766,-37.4793291632503,0,28,28,28,7,-37.4793291632503
01-Aug-2026 00:37:12,-165.432355104175,-37.3253681576594,0,28,28,28,7,-37.3253681576594
01-Aug-2026 00:37:14,-164.807485058092,-36.7004981115757,0,27,27,27,7,-36.7004981115757
01-Aug-2026 00:37:16,-164.492490144793,-36.3855031982775,0,27,27,27,6,-36.3855031982775
01-Aug-2026 00:37:18,-164.423522870692,-36.3165359241762,0,27,27,27,5,-36.3165359241762
01-Aug-2026 00:37:20,-164.327313116933,-36.2203261704172,0,28,28,28,5,-36.2203261704172
01-Aug-2026 00:37:22,-164.609432290523,-36.5024453440068,0,28,28,28,5,-36.5024453440068
01-Aug-2026 00:37:24,-164.83822398126,-36.7312370347444,0,28,28,28,6,-36.7312370347444
01-Aug-2026 00:37:26,-164.703221322617,-36.5962343761013,0,26,26,26,5,-36.5962343761013
01-Aug-2026 00:37:28,-164.864035679916,-36.7570487334004,0,26,26,26,4,-36.7570487334004
01-Aug-2026 00:37:30,-164.646946310104,-36.5399593635884,0,26,26,26,5,-36.5399593635884
01-Aug-2026 00:37:32,-167.276603368519,-39.1696164220035,0,26,26,26,4,-39.1696164220035
01-Aug-2026 00:37:34,-167.269049202753,-39.162062256237,0,26,26,26,4,-39.162062256237
01-Aug-2026 00:37:36,-165.892539663099,-37.7855527165834,0,26,26,26,5,-37.7855527165834
01-Aug-2026 00:37:38,-163.791669585949,-35.6846826394328,0,26,26,26,6,-35.6846826394328
01-Aug-2026 00:37:40,-163.838188164115,-35.7312012175992,0,26,26,26,6,-35.7312012175992
01-Aug-2026 00:37:42,-163.831156360058,-35.7241694135421,0,26,26,26,6,-35.7241694135421
01-Aug-2026 00:37:44,-163.847099974916,-35.7401130283999,0,26,26,26,5,-35.7401130283999
01-Aug-2026 00:37:46,-163.80605735988,-35.6990704133643,0,26,26,26,5,-35.6990704133643
01-Aug-2026 00:37:48,-163.725336166768,-35.6183492202522,0,25,25,25,5,-35.6183492202522
01-Aug-2026 00:37:50,-163.220105132814,-35.1131181862984,0,24,24,24,6,-35.1131181862984
01-Aug-2026 00:37:52,-163.440343694186,-35.3333567476703,0,24,24,24,5,-35.3333567476703
01-Aug-2026 00:37:54,-163.932953772051,-35.8259668255354,0,24,24,24,4,-35.8259668255354
01-Aug-2026 00:37:56,-163.746141297609,-35.6391543510933,0,24,24,24,5,-35.6391543510933
01-Aug-2026 00:37:58,-163.725152611498,-35.6181656649825,0,24,24,24,5,-35.6181656649825
01-Aug-2026 00:38:00,-163.596771504678,-35.4897845581622,0,24,24,24,4,-35.4897845581622
01-Aug-2026 00:38:02,-163.827028313263,-35.7200413667474,0,24,24,24,4,-35.7200413667474
01-Aug-2026 00:38:04,-163.78832380554,-35.6813368590239,0,25,25,25,3,-35.6813368590239
01-Aug-2026 00:38:06,-163.74927260536,-35.6422856588445,0,25,25,25,3,-35.6422856588445
01-Aug-2026 00:38:08,-163.636220054463,-35.5292331079473,0,25,25,25,3,-35.5292331079473
01-Aug-2026 00:38:10,-194.22560343566,-66.1186164891439,0,25,25,25,2,-66.1186164891439
01-Aug-2026 00:38:12,-194.126525483881,-66.019538537365,0,25,25,25,2,-66.019538537365
01-Aug-2026 00:38:14,-187.408202554883,-59.3012156083666,0,25,25,25,2,-59.3012156083666
01-Aug-2026 00:38:16,-186.964966267787,-58.857979321271,0,25,25,25,2,-58.857979321271
01-Aug-2026 00:38:18,-177.335747745353,-49.2287607988373,0,25,25,25,3,-49.2287607988373
01-Aug-2026 00:38:20,-177.113862465689,-49.0068755191727,0,25,25,25,3,-49.0068755191727
01-Aug-2026 00:38:22,-167.704360065965,-39.5973731194488,0,25,25,25,3,-39.5973731194488
01-Aug-2026 00:38:24,-167.768506313165,-39.6615193666487,0,25,25,25,3,-39.6615193666487
01-Aug-2026 00:38:26,-168.050653262954,-39.9436663164383,0,26,26,26,4,-39.9436663164383
01-Aug-2026 00:38:28,-164.691700543098,-36.5847135965826,0,26,26,26,5,-36.5847135965826
01-Aug-2026 00:38:30,-164.133432117026,-36.0264451705099,0,26,26,26,7,-36.0264451705099
01-Aug-2026 00:38:32,-164.130471391434,-36.0234844449182,0,26,26,26,7,-36.0234844449182
01-Aug-2026 00:38:34,-164.595280616784,-36.488293670268,0,26,26,26,6,-36.488293670268
01-Aug-2026 00:38:36,-167.03195168484,-38.9249647383244,0,26,26,26,6,-38.9249647383244
01-Aug-2026 00:38:38,-166.548463684744,-38.4414767382286,0,26,26,26,5,-38.4414767382286
01-Aug-2026 00:38:40,-166.289572599567,-38.1825856530514,0,25,25,25,4,-38.1825856530514
01-Aug-2026 00:38:42,-166.052627213853,-37.945640267337,0,25,25,25,4,-37.945640267337
01-Aug-2026 00:38:44,-165.701022109073,-37.5940351625574,0,26,26,26,3,-37.5940351625574
01-Aug-2026 00:38:46,-160.42160916246,-32.3146222159446,0,26,26,26,4,-32.3146222159446
01-Aug-2026 00:38:48,-160.616100389345,-32.5091134428292,0,26,26,26,5,-32.5091134428292
01-Aug-2026 00:38:50,-166.102049429695,-37.995062483179,0,26,26,26,4,-37.995062483179
01-Aug-2026 00:38:52,-165.647882917676,-37.5408959711604,0,26,26,26,5,-37.5408959711604
01-Aug-2026 00:38:54,-166.02785032342,-37.9208633769044,0,26,26,26,5,-37.9208633769044
01-Aug-2026 00:38:56,-165.367257561842,-37.2602706153262,0,26,26,26,5,-37.2602706153262
01-Aug-2026 00:38:58,-185.655677801751,-57.5486908552349,0,27,27,27,4,-57.5486908552349
01-Aug-2026 00:39:00,-182.920526988416,-54.8135400419005,0,27,27,27,5,-54.8135400419005
01-Aug-2026 00:39:02,-183.137120305568,-55.0301333590525,0,26,26,26,5,-55.0301333590525
01-Aug-2026 00:39:04,-182.983950218942,-54.8769632724262,0,27,27,27,5,-54.8769632724262
01-Aug-2026 00:39:06,-183.100525439122,-54.9935384926065,0,27,27,27,5,-54.9935384926065
01-Aug-2026 00:39:08,-183.141244722467,-55.0342577759507,0,26,26,26,5,-55.0342577759507
01-Aug-2026 00:39:10,-183.243367126132,-55.1363801796166,0,27,27,27,7,-55.1363801796166
01-Aug-2026 00:39:12,-183.363900073183,-55.256913126667,0,27,27,27,8,-55.256913126667
01-Aug-2026 00:39:14,-183.462179050304,-55.3551921037886,0,27,27,27,8,-55.3551921037886
01-Aug-2026 00:39:16,-181.94432620112,-53.837339254604,0,27,27,27,9,-53.837339254604
01-Aug-2026 00:39:18,-182.094663188089,-53.987676241573,0,27,27,27,9,-53.987676241573
01-Aug-2026 00:39:20,-182.19315504535,-54.0861680988337,0,26,26,26,9,-54.0861680988337
01-Aug-2026 00:39:22,-180.600922138803,-52.4939351922867,0,26,26,26,9,-52.4939351922867
01-Aug-2026 00:39:24,-180.622232048338,-52.5152451018219,0,26,26,26,9,-52.5152451018219
01-Aug-2026 00:39:26,-180.313025107041,-52.2060381605252,0,26,26,26,9,-52.2060381605252
01-Aug-2026 00:39:28,-170.206660855632,-42.0996739091164,0,26,26,26,9,-42.0996739091164
01-Aug-2026 00:39:30,-170.394870269673,-42.2878833231572,0,26,26,26,7,-42.2878833231572
01-Aug-2026 00:39:32,-169.934246500462,-41.8272595539462,0,26,26,26,8,-41.8272595539462
01-Aug-2026 00:39:34,-178.716392030512,-50.6094050839964,0,26,26,26,6,-50.6094050839964
01-Aug-2026 00:39:36,-178.471199859632,-50.3642129131159,0,26,26,26,5,-50.3642129131159
01-Aug-2026 00:39:38,-177.635478093992,-49.5284911474763,0,25,25,25,4,-49.5284911474763
01-Aug-2026 00:39:40,-177.905293092246,-49.7983061457299,0,25,25,25,4,-49.7983061457299
01-Aug-2026 00:39:42,-177.124655991156,-49.0176690446397,0,25,25,25,4,-49.0176690446397
01-Aug-2026 00:39:44,-175.265030527364,-47.1580435808478,0,25,25,25,4,-47.1580435808478
01-Aug-2026 00:39:46,-174.165159427506,-46.0581724809902,0,26,26,26,4,-46.0581724809902
01-Aug-2026 00:39:48,-173.56593521918,-45.4589482726643,0,26,26,26,4,-45.4589482726643
01-Aug-2026 00:39:50,-172.399873312924,-44.2928863664078,0,26,26,26,4,-44.2928863664078
01-Aug-2026 00:39:52,-171.776467862044,-43.6694809155283,0,26,26,26,4,-43.6694809155283
01-Aug-2026 00:39:54,-171.104250946639,-42.9972640001229,0,26,26,26,4,-42.9972640001229
01-Aug-2026 00:39:56,-171.49424040824,-43.3872534617246,0,26,26,26,4,-43.3872534617246
01-Aug-2026 00:39:58,-171.838156703102,-43.7311697565861,0,26,26,26,4,-43.7311697565861
01-Aug-2026 00:40:00,-173.034133291083,-44.9271463445667,0,26,26,26,4,-44.9271463445667
01-Aug-2026 00:40:02,-173.091465309751,-44.9844783632354,0,26,26,26,4,-44.9844783632354
01-Aug-2026 00:40:04,-174.092877588487,-45.9858906419708,0,26,26,26,4,-45.9858906419708
01-Aug-2026 00:40:06,-168.100027482542,-39.993040536026,0,26,26,26,6,-39.993040536026
01-Aug-2026 00:40:08,-168.530985843091,-40.4239988965754,0,26,26,26,6,-40.4239988965754
01-Aug-2026 00:40:10,-169.11841549758,-41.0114285510639,0,26,26,26,5,-41.0114285510639
01-Aug-2026 00:40:12,-169.816391656449,-41.7094047099335,0,26,26,26,5,-41.7094047099335
01-Aug-2026 00:40:14,-170.515641608665,-42.4086546621493,0,27,27,27,6,-42.4086546621493
01-Aug-2026 00:40:16,-168.581883855109,-40.4748969085929,0,27,27,27,7,-40.4748969085929
01-Aug-2026 00:40:18,-169.023353074064,-40.9163661275486,0,27,27,27,7,-40.9163661275486
01-Aug-2026 00:40:20,-169.210504399201,-41.1035174526855,0,27,27,27,7,-41.1035174526855
01-Aug-2026 00:40:22,-169.276292331115,-41.1693053845992,0,27,27,27,7,-41.1693053845992
01-Aug-2026 00:40:24,-172.02535939903,-43.9183724525143,0,27,27,27,6,-43.9183724525143
01-Aug-2026 00:40:26,-171.952014934738,-43.8450279882224,0,27,27,27,6,-43.8450279882224
01-Aug-2026 00:40:28,-170.835769376471,-42.7287824299554,0,27,27,27,6,-42.7287824299554
01-Aug-2026 00:40:30,-170.736761215688,-42.6297742691725,0,27,27,27,6,-42.6297742691725
01-Aug-2026 00:40:32,-169.358063042654,-41.2510760961378,0,27,27,27,7,-41.2510760961378
01-Aug-2026 00:40:34,-170.629953612527,-42.522966666011,0,27,27,27,7,-42.522966666011
01-Aug-2026 00:40:36,-172.012063695264,-43.9050767487484,0,27,27,27,6,-43.9050767487484
01-Aug-2026 00:40:38,-171.471408607217,-43.3644216607009,0,27,27,27,6,-43.3644216607009
01-Aug-2026 00:40:40,-171.378125166296,-43.2711382197801,0,27,27,27,6,-43.2711382197801
01-Aug-2026 00:40:42,-171.100297613357,-42.9933106668412,0,27,27,27,7,-42.9933106668412
01-Aug-2026 00:40:44,-171.186791467859,-43.079804521343,0,27,27,27,5,-43.079804521343
01-Aug-2026 00:40:46,-171.525469623382,-43.4184826768665,0,27,27,27,5,-43.4184826768665
01-Aug-2026 00:40:48,-172.021868554011,-43.9148816074947,0,28,28,28,5,-43.9148816074947
01-Aug-2026 00:40:50,-172.056609973199,-43.9496230266836,0,27,27,27,6,-43.9496230266836
01-Aug-2026 00:40:52,-172.375324768497,-44.2683378219807,0,26,26,26,5,-44.2683378219807
01-Aug-2026 00:40:54,-173.882216832379,-45.7752298858628,0,27,27,27,5,-45.7752298858628
01-Aug-2026 00:40:56,-174.769218409913,-46.6622314633967,0,28,28,28,5,-46.6622314633967
01-Aug-2026 00:40:58,-174.653591532964,-46.5466045864483,0,28,28,28,5,-46.5466045864483
01-Aug-2026 00:41:00,-175.121414534613,-47.014427588097,0,29,29,29,5,-47.014427588097
01-Aug-2026 00:41:02,-174.772917907299,-46.6659309607836,0,29,29,29,5,-46.6659309607836
01-Aug-2026 00:41:04,-175.727705044841,-47.620718098325,0,28,28,28,6,-47.620718098325
01-Aug-2026 00:41:06,-175.680605215291,-47.5736182687748,0,28,28,28,6,-47.5736182687748
01-Aug-2026 00:41:08,-175.352140407171,-47.2451534606551,0,28,28,28,6,-47.2451534606551
01-Aug-2026 00:41:10,-175.628417510915,-47.5214305643991,0,28,28,28,6,-47.5214305643991
01-Aug-2026 00:41:12,-175.573317752671,-47.4663308061556,0,28,28,28,6,-47.4663308061556
01-Aug-2026 00:41:14,-175.747316773354,-47.6403298268378,0,28,28,28,6,-47.6403298268378
01-Aug-2026 00:41:16,-175.239734786826,-47.1327478403106,0,27,27,27,6,-47.1327478403106
01-Aug-2026 00:41:18,-185.234631182302,-57.1276442357859,0,27,27,27,6,-57.1276442357859
01-Aug-2026 00:41:20,-163.107612383314,-35.0006254367983,0,26,26,26,6,-35.0006254367983
01-Aug-2026 00:41:22,-163.002737701223,-34.8957507547069,0,26,26,26,6,-34.8957507547069
01-Aug-2026 00:41:24,-162.693774809047,-34.5867878625307,0,26,26,26,8,-34.5867878625307
01-Aug-2026 00:41:26,-161.603885742097,-33.4968987955811,0,26,26,26,9,-33.4968987955811
01-Aug-2026 00:41:28,-161.462417814799,-33.3554308682836,0,26,26,26,9,-33.3554308682836
01-Aug-2026 00:41:30,-161.180895370283,-33.0739084237668,0,26,26,26,9,-33.0739084237668
01-Aug-2026 00:41:32,-161.27576818693,-33.1687812404138,0,25,25,25,9,-33.1687812404138
01-Aug-2026 00:41:34,-161.250532198661,-33.1435452521451,0,25,25,25,8,-33.1435452521451
01-Aug-2026 00:41:36,-161.438033638759,-33.3310466922432,0,25,25,25,8,-33.3310466922432
01-Aug-2026 00:41:38,-161.457813912133,-33.3508269656171,0,25,25,25,8,-33.3508269656171
01-Aug-2026 00:41:40,-161.312953130301,-33.2059661837852,0,25,25,25,8,-33.2059661837852
01-Aug-2026 00:41:42,-161.369708553218,-33.2627216067024,0,24,24,24,9,-33.2627216067024
01-Aug-2026 00:41:44,-161.50026539696,-33.3932784504437,0,24,24,24,9,-33.3932784504437
01-Aug-2026 00:41:46,-161.504744113918,-33.3977571674023,0,24,24,24,9,-33.3977571674023
01-Aug-2026 00:41:48,-160.694690262435,-32.5877033159187,0,24,24,24,9,-32.5877033159187
01-Aug-2026 00:41:50,-160.456430314623,-32.3494433681074,0,24,24,24,10,-32.3494433681074
01-Aug-2026 00:41:52,-163.479028768763,-35.3720418222471,0,24,24,24,9,-35.3720418222471
01-Aug-2026 00:41:54,-163.478065898724,-35.3710789522077,0,24,24,24,7,-35.3710789522077
01-Aug-2026 00:41:56,-163.196742796479,-35.089755849963,0,24,24,24,8,-35.089755849963
01-Aug-2026 00:41:58,-163.09189677219,-34.9849098256741,0,24,24,24,8,-34.9849098256741
01-Aug-2026 00:42:00,-163.261884308948,-35.1548973624325,0,24,24,24,8,-35.1548973624325
01-Aug-2026 00:42:02,-163.067677183183,-34.9606902366675,0,24,24,24,7,-34.9606902366675
01-Aug-2026 00:42:04,-176.637446409071,-48.530459462555,0,25,25,25,6,-48.530459462555
01-Aug-2026 00:42:06,-176.949098381244,-48.8421114347281,0,25,25,25,4,-48.8421114347281
01-Aug-2026 00:42:08,-178.049960911205,-49.9429739646891,0,25,25,25,4,-49.9429739646891
01-Aug-2026 00:42:10,-169.072145377448,-40.9651584309323,0,25,25,25,5,-40.9651584309323
01-Aug-2026 00:42:12,-169.017101198979,-40.9101142524636,0,25,25,25,4,-40.9101142524636
01-Aug-2026 00:42:14,-169.214412069504,-41.1074251229879,0,26,26,26,3,-41.1074251229879
01-Aug-2026 00:42:16,-161.914704092439,-33.8077171459231,0,26,26,26,4,-33.8077171459231
01-Aug-2026 00:42:18,-160.989340254042,-32.8823533075262,0,26,26,26,5,-32.8823533075262
01-Aug-2026 00:42:20,-160.705551221282,-32.5985642747663,0,26,26,26,5,-32.5985642747663
01-Aug-2026 00:42:22,-160.283534332456,-32.1765473859398,0,26,26,26,5,-32.1765473859398
01-Aug-2026 00:42:24,-160.199670993969,-32.0926840474528,0,26,26,26,5,-32.0926840474528
01-Aug-2026 00:42:26,-159.80508428224,-31.6980973357243,0,26,26,26,5,-31.6980973357243
01-Aug-2026 00:42:28,-159.966385804984,-31.8593988584682,0,26,26,26,5,-31.8593988584682
01-Aug-2026 00:42:30,-159.815014293267,-31.7080273467508,0,26,26,26,5,-31.7080273467508
01-Aug-2026 00:42:32,-159.15892360032,-31.051936653804,0,26,26,26,5,-31.051936653804
01-Aug-2026 00:42:34,-159.453132684482,-31.3461457379666,0,27,27,27,5,-31.3461457379666
01-Aug-2026 00:42:36,-159.209685942214,-31.1026989956982,0,28,28,28,5,-31.1026989956982
01-Aug-2026 00:42:38,-159.256778168587,-31.1497912220709,0,28,28,28,5,-31.1497912220709
01-Aug-2026 00:42:40,-158.732450412162,-30.6254634656461,0,28,28,28,5,-30.6254634656461
01-Aug-2026 00:42:42,-158.699628408277,-30.5926414617614,0,28,28,28,5,-30.5926414617614
01-Aug-2026 00:42:44,-158.909171373894,-30.802184427378,0,28,28,28,5,-30.802184427378
01-Aug-2026 00:42:46,-158.81632443576,-30.709337489244,0,28,28,28,5,-30.709337489244
01-Aug-2026 00:42:48,-159.129730724727,-31.0227437782107,0,28,28,28,6,-31.0227437782107
01-Aug-2026 00:42:50,-158.897196552879,-30.7902096063635,0,28,28,28,5,-30.7902096063635
01-Aug-2026 00:42:52,-158.33529048108,-30.2283035345642,0,27,27,27,6,-30.2283035345642
01-Aug-2026 00:42:54,-158.842748708215,-30.735761761699,0,27,27,27,7,-30.735761761699
01-Aug-2026 00:42:56,-158.913144577185,-30.8061576306692,0,27,27,27,9,-30.8061576306692
01-Aug-2026 00:42:58,-159.089850426121,-30.9828634796048,0,28,28,28,10,-30.9828634796048
01-Aug-2026 00:43:00,-158.891174945219,-30.7841879987029,0,27,27,27,9,-30.7841879987029
01-Aug-2026 00:43:02,-158.828847941404,-30.7218609948884,0,27,27,27,9,-30.7218609948884
01-Aug-2026 00:43:04,-158.899812096545,-30.792825150029,0,27,27,27,9,-30.792825150029
01-Aug-2026 00:43:06,-158.93596770529,-30.8289807587745,0,27,27,27,8,-30.8289807587745
01-Aug-2026 00:43:08,-158.610027106809,-30.5030401602928,0,27,27,27,8,-30.5030401602928
01-Aug-2026 00:43:10,-159.24985459564,-31.1428676491237,0,27,27,27,6,-31.1428676491237
01-Aug-2026 00:43:12,-181.931932293234,-53.824945346718,0,26,26,26,4,-53.824945346718
01-Aug-2026 00:43:14,-182.29238086794,-54.1853939214242,0,26,26,26,4,-54.1853939214242
01-Aug-2026 00:43:16,-182.549100776712,-54.4421138301957,0,26,26,26,4,-54.4421138301957
01-Aug-2026 00:43:18,-191.713446129571,-63.6064591830554,0,26,26,26,3,-63.6064591830554
01-Aug-2026 00:43:20,-191.846869510638,-63.7398825641226,0,26,26,26,3,-63.7398825641226
01-Aug-2026 00:43:22,-188.382065883792,-60.2750789372764,0,26,26,26,4,-60.2750789372764
01-Aug-2026 00:43:24,-189.117218334629,-61.0102313881132,0,26,26,26,3,-61.0102313881132
01-Aug-2026 00:43:26,-165.276427775048,-37.1694408285319,0,25,25,25,3,-37.1694408285319
01-Aug-2026 00:43:28,-165.211715268607,-37.1047283220913,0,25,25,25,4,-37.1047283220913
01-Aug-2026 00:43:30,-163.510187268621,-35.4032003221051,0,25,25,25,3,-35.4032003221051
01-Aug-2026 00:43:32,-163.115520794844,-35.0085338483279,0,25,25,25,4,-35.0085338483279
01-Aug-2026 00:43:34,-161.311714816583,-33.2047278700672,0,25,25,25,3,-33.2047278700672
01-Aug-2026 00:43:36,-159.889318306493,-31.7823313599773,0,25,25,25,3,-31.7823313599773
01-Aug-2026 00:43:38,-158.809667466436,-30.70268051992,0,26,26,26,3,-30.70268051992
01-Aug-2026 00:43:40,-157.101865879786,-28.9948789332703,0,26,26,26,3,-28.9948789332703
01-Aug-2026 00:43:42,-156.380742690935,-28.2737557444194,0,26,26,26,3,-28.2737557444194
01-Aug-2026 00:43:44,-154.461292222471,-26.3543052759549,0,26,26,26,4,-26.3543052759549
01-Aug-2026 00:43:46,-151.947829753824,-23.8408428073084,0,26,26,26,4,-23.8408428073084
01-Aug-2026 00:43:48,-148.726868019397,-20.619881072881,0,26,26,26,5,-20.619881072881
01-Aug-2026 00:43:50,-147.514584975788,-19.4075980292724,0,26,26,26,4,-19.4075980292724
01-Aug-2026 00:43:52,-173.64651556879,-45.5395286222738,0,26,26,26,4,-45.5395286222738
01-Aug-2026 00:43:54,-174.100078971977,-45.9930920254612,0,26,26,26,4,-45.9930920254612
01-Aug-2026 00:43:56,-174.588348025996,-46.4813610794804,0,26,26,26,4,-46.4813610794804
01-Aug-2026 00:43:58,-174.571796283485,-46.464809336969,0,26,26,26,4,-46.464809336969
01-Aug-2026 00:44:00,-174.809222236846,-46.7022352903302,0,26,26,26,3,-46.7022352903302
01-Aug-2026 00:44:02,-174.69113502777,-46.5841480812542,0,26,26,26,3,-46.5841480812542
01-Aug-2026 00:44:04,-175.122769196694,-47.0157822501779,0,27,27,27,3,-47.0157822501779
01-Aug-2026 00:44:06,-175.902573769172,-47.7955868226559,0,27,27,27,3,-47.7955868226559
01-Aug-2026 00:44:08,-171.924229056578,-43.8172421100617,0,27,27,27,3,-43.8172421100617
01-Aug-2026 00:44:10,-176.594006633834,-48.4870196873183,0,27,27,27,2,-48.4870196873183
01-Aug-2026 00:44:12,-177.450124133845,-49.343137187329,0,27,27,27,2,-49.343137187329
01-Aug-2026 00:44:14,-177.174475692559,-49.0674887460435,0,27,27,27,2,-49.0674887460435
01-Aug-2026 00:44:16,-177.997554208062,-49.8905672615465,0,27,27,27,2,-49.8905672615465
01-Aug-2026 00:44:18,-178.116010006919,-50.0090230604028,0,27,27,27,2,-50.0090230604028
01-Aug-2026 00:44:20,-201.18262559696,-73.0756386504437,0,27,27,27,1,-73.0756386504437
01-Aug-2026 00:44:22,-201.831886989004,-73.7249000424883,0,27,27,27,1,-73.7249000424883
01-Aug-2026 00:44:24,-198.012541011535,-69.9055540650192,0,27,27,27,2,-69.9055540650192
01-Aug-2026 00:44:26,-198.023360092838,-69.916373146322,0,27,27,27,2,-69.916373146322
01-Aug-2026 00:44:28,-197.529815653379,-69.422828706863,0,27,27,27,2,-69.422828706863
01-Aug-2026 00:44:30,-197.394417806064,-69.2874308595486,0,26,26,26,2,-69.2874308595486
01-Aug-2026 00:44:32,-194.885709399806,-66.7787224532906,0,26,26,26,3,-66.7787224532906
01-Aug-2026 00:44:34,-195.07294145501,-66.9659545084941,0,26,26,26,3,-66.9659545084941
01-Aug-2026 00:44:36,-195.012279584574,-66.9052926380582,0,26,26,26,3,-66.9052926380582
01-Aug-2026 00:44:38,-193.487096102426,-65.3801091559104,0,27,27,27,4,-65.3801091559104
01-Aug-2026 00:44:40,-193.058439889054,-64.9514529425381,0,28,28,28,5,-64.9514529425381
01-Aug-2026 00:44:42,-193.47164957405,-65.3646626275341,0,28,28,28,5,-65.3646626275341
01-Aug-2026 00:44:44,-193.432537984675,-65.3255510381593,0,28,28,28,5,-65.3255510381593
01-Aug-2026 00:44:46,-193.919467677643,-65.812480731127,0,29,29,29,4,-65.812480731127
01-Aug-2026 00:44:48,-193.925669869155,-65.8186829226396,0,29,29,29,5,-65.8186829226396
01-Aug-2026 00:44:50,-193.900118209863,-65.793131263347,0,29,29,29,5,-65.793131263347
01-Aug-2026 00:44:52,-194.084600345333,-65.9776133988172,0,29,29,29,4,-65.9776133988172
01-Aug-2026 00:44:54,-194.213349755471,-66.1063628089548,0,29,29,29,4,-66.1063628089548
01-Aug-2026 00:44:56,-195.738997537387,-67.6320105908715,0,28,28,28,3,-67.6320105908715
01-Aug-2026 00:44:58,-167.161757328312,-39.0547703817965,0,28,28,28,5,-39.0547703817965
01-Aug-2026 00:45:00,-167.301319590321,-39.1943326438048,0,28,28,28,5,-39.1943326438048
01-Aug-2026 00:45:02,-167.377377837343,-39.2703908908276,0,28,28,28,4,-39.2703908908276
01-Aug-2026 00:45:04,-167.320553759135,-39.2135668126193,0,28,28,28,4,-39.2135668126193
01-Aug-2026 00:45:06,-167.641864799353,-39.5348778528376,0,27,27,27,4,-39.5348778528376
01-Aug-2026 00:45:08,-166.94792770768,-38.8409407611637,0,27,27,27,4,-38.8409407611637
01-Aug-2026 00:45:10,-166.937339881396,-38.8303529348806,0,27,27,27,4,-38.8303529348806
01-Aug-2026 00:45:12,-164.575119611434,-36.4681326649181,0,26,26,26,6,-36.4681326649181
01-Aug-2026 00:45:14,-164.123764005443,-36.016777058927,0,26,26,26,5,-36.016777058927
01-Aug-2026 00:45:16,-166.355342054815,-38.2483551082992,0,25,25,25,4,-38.2483551082992
01-Aug-2026 00:45:18,-166.016685312012,-37.9096983654959,0,25,25,25,4,-37.9096983654959
01-Aug-2026 00:45:20,-165.868326885193,-37.7613399386772,0,25,25,25,4,-37.7613399386772
01-Aug-2026 00:45:22,-165.643385366493,-37.5363984199771,0,25,25,25,4,-37.5363984199771
01-Aug-2026 00:45:24,-165.270364963192,-37.1633780166766,0,25,25,25,4,-37.1633780166766
01-Aug-2026 00:45:26,-165.518376437037,-37.4113894905209,0,25,25,25,5,-37.4113894905209
01-Aug-2026 00:45:28,-169.106433026364,-40.9994460798484,0,25,25,25,4,-40.9994460798484
01-Aug-2026 00:45:30,-169.273033129934,-41.1660461834181,0,25,25,25,3,-41.1660461834181
01-Aug-2026 00:45:32,-169.672060395839,-41.5650734493236,0,25,25,25,3,-41.5650734493236
01-Aug-2026 00:45:34,-169.700672534272,-41.5936855877564,0,24,24,24,2,-41.5936855877564
01-Aug-2026 00:45:36,-169.17459371732,-41.0676067708037,0,24,24,24,2,-41.0676067708037
01-Aug-2026 00:45:38,-169.200926191509,-41.0939392449936,0,24,24,24,2,-41.0939392449936
01-Aug-2026 00:45:40,-169.602941589592,-41.4959546430761,0,24,24,24,2,-41.4959546430761
01-Aug-2026 00:45:42,-169.632660077297,-41.525673130781,0,24,24,24,2,-41.525673130781
01-Aug-2026 00:45:44,-169.925122637433,-41.818135690917,0,24,24,24,2,-41.818135690917
01-Aug-2026 00:45:46,-169.3965597009,-41.2895727543841,0,24,24,24,2,-41.2895727543841
01-Aug-2026 00:45:48,-169.319252590958,-41.2122656444426,0,24,24,24,2,-41.2122656444426
01-Aug-2026 00:45:50,-169.342356500131,-41.2353695536148,0,24,24,24,1,-41.2353695536148
01-Aug-2026 00:45:52,-169.182866613161,-41.0758796666448,0,24,24,24,2,-41.0758796666448
01-Aug-2026 00:45:54,-168.755270055027,-40.6482831085113,0,24,24,24,2,-40.6482831085113
01-Aug-2026 00:45:56,-178.168100188417,-50.0611132419008,0,24,24,24,2,-50.0611132419008
01-Aug-2026 00:45:58,-173.620944235935,-45.5139572894189,0,24,24,24,3,-45.5139572894189
01-Aug-2026 00:46:00,-174.73048279591,-46.6234958493941,0,24,24,24,2,-46.6234958493941
01-Aug-2026 00:46:02,-164.709762338827,-36.6027753923115,0,25,25,25,3,-36.6027753923115
01-Aug-2026 00:46:04,-165.098754307514,-36.9917673609982,0,26,26,26,4,-36.9917673609982
01-Aug-2026 00:46:06,-164.620000467368,-36.5130135208522,0,27,27,27,4,-36.5130135208522
01-Aug-2026 00:46:08,-164.16238498069,-36.0553980341738,0,27,27,27,5,-36.0553980341738
01-Aug-2026 00:46:10,-163.851877200901,-35.7448902543848,0,27,27,27,5,-35.7448902543848
01-Aug-2026 00:46:12,-164.046733279411,-35.9397463328956,0,27,27,27,3,-35.9397463328956
01-Aug-2026 00:46:14,-164.092943703649,-35.9859567571336,0,27,27,27,4,-35.9859567571336
01-Aug-2026 00:46:16,-163.346316372846,-35.2393294263302,0,27,27,27,5,-35.2393294263302
01-Aug-2026 00:46:18,-163.430128573321,-35.3231416268053,0,27,27,27,5,-35.3231416268053
01-Aug-2026 00:46:20,-163.115458355003,-35.0084714084873,0,27,27,27,3,-35.0084714084873
01-Aug-2026 00:46:22,-163.169359492796,-35.0623725462806,0,27,27,27,4,-35.0623725462806
01-Aug-2026 00:46:24,-163.124851967384,-35.0178650208686,0,27,27,27,4,-35.0178650208686
01-Aug-2026 00:46:26,-163.116490947534,-35.0095040010177,0,28,28,28,4,-35.0095040010177
01-Aug-2026 00:46:28,-162.764534961816,-34.6575480153003,0,28,28,28,5,-34.6575480153003
01-Aug-2026 00:46:30,-163.009894422313,-34.9029074757973,0,28,28,28,5,-34.9029074757973
01-Aug-2026 00:46:32,-167.340080398079,-39.2330934515633,0,28,28,28,5,-39.2330934515633
01-Aug-2026 00:46:34,-167.058684230648,-38.9516972841322,0,28,28,28,5,-38.9516972841322
01-Aug-2026 00:46:36,-169.323888100562,-41.2169011540466,0,27,27,27,4,-41.2169011540466
01-Aug-2026 00:46:38,-169.09246026623,-40.9854733197143,0,27,27,27,4,-40.9854733197143
01-Aug-2026 00:46:40,-169.329661026844,-41.2226740803286,0,28,28,28,4,-41.2226740803286
01-Aug-2026 00:46:42,-171.685786841522,-43.5787998950065,0,28,28,28,4,-43.5787998950065
01-Aug-2026 00:46:44,-170.859988316861,-42.7530013703455,0,28,28,28,3,-42.7530013703455
01-Aug-2026 00:46:46,-170.691350795408,-42.5843638488925,0,29,29,29,3,-42.5843638488925
01-Aug-2026 00:46:48,-170.795748563256,-42.68876161674,0,29,29,29,4,-42.68876161674
01-Aug-2026 00:46:50,-170.516615583062,-42.4096286365458,0,28,28,28,4,-42.4096286365458
01-Aug-2026 00:46:52,-165.17956893793,-37.072581991414,0,28,28,28,6,-37.072581991414
01-Aug-2026 00:46:54,-164.87975311059,-36.7727661640744,0,28,28,28,6,-36.7727661640744
01-Aug-2026 00:46:56,-163.006323976449,-34.8993370299328,0,28,28,28,7,-34.8993370299328
01-Aug-2026 00:46:58,-162.175654480022,-34.0686675335063,0,27,27,27,8,-34.0686675335063
01-Aug-2026 00:47:00,-162.620258672106,-34.5132717255902,0,27,27,27,7,-34.5132717255902
01-Aug-2026 00:47:02,-162.695890248246,-34.5889033017304,0,27,27,27,7,-34.5889033017304
01-Aug-2026 00:47:04,-164.77306906217,-36.6660821156541,0,26,26,26,7,-36.6660821156541
01-Aug-2026 00:47:06,-168.578430687274,-40.4714437407581,0,26,26,26,5,-40.4714437407581
01-Aug-2026 00:47:08,-168.340728638546,-40.2337416920302,0,26,26,26,4,-40.2337416920302
01-Aug-2026 00:47:10,-190.367303179913,-62.2603162333975,0,26,26,26,3,-62.2603162333975
01-Aug-2026 00:47:12,-190.965770134542,-62.8587831880259,0,26,26,26,2,-62.8587831880259
01-Aug-2026 00:47:14,-200.6981723915,-72.5911854449838,0,25,25,25,1,-72.5911854449838
01-Aug-2026 00:47:16,-201.035830652699,-72.9288437061831,0,25,25,25,1,-72.9288437061831
01-Aug-2026 00:47:18,-201.238544802249,-73.1315578557333,0,25,25,25,1,-73.1315578557333
01-Aug-2026 00:47:20,-202.300900994268,-74.1939140477522,0,25,25,25,1,-74.1939140477522
01-Aug-2026 00:47:22,-201.933855592364,-73.8268686458484,0,25,25,25,1,-73.8268686458484
01-Aug-2026 00:47:24,-201.640844386493,-73.5338574399772,0,25,25,25,1,-73.5338574399772
01-Aug-2026 00:47:26,-201.725293202928,-73.6183062564118,0,25,25,25,1,-73.6183062564118
01-Aug-2026 00:47:28,-192.95262232409,-64.8456353775741,0,25,25,25,2,-64.8456353775741
01-Aug-2026 00:47:30,-192.868234254715,-64.7612473081987,0,26,26,26,2,-64.7612473081987
01-Aug-2026 00:47:32,-193.050314940834,-64.9433279943184,0,26,26,26,2,-64.9433279943184
01-Aug-2026 00:47:34,-193.606874888577,-65.4998879420608,0,26,26,26,2,-65.4998879420608
01-Aug-2026 00:47:36,-193.801843067732,-65.6948561212158,0,26,26,26,2,-65.6948561212158
01-Aug-2026 00:47:38,-194.574841537459,-66.4678545909429,0,26,26,26,1,-66.4678545909429
01-Aug-2026 00:47:40,-194.724872487651,-66.6178855411351,0,26,26,26,1,-66.6178855411351
01-Aug-2026 00:47:42,-194.779999865694,-66.6730129191782,0,26,26,26,1,-66.6730129191782
01-Aug-2026 00:47:44,-165.41200074586,-37.3050137993444,0,26,26,26,3,-37.3050137993444
01-Aug-2026 00:47:46,-165.145822048332,-37.0388351018157,0,26,26,26,3,-37.0388351018157
01-Aug-2026 00:47:48,-165.419097567643,-37.3121106211275,0,26,26,26,3,-37.3121106211275
01-Aug-2026 00:47:50,-165.341138507273,-37.2341515607574,0,26,26,26,3,-37.2341515607574
01-Aug-2026 00:47:52,-165.125269285214,-37.0182823386984,0,26,26,26,3,-37.0182823386984
01-Aug-2026 00:47:54,-164.91779827717,-36.810811330654,0,26,26,26,4,-36.810811330654
01-Aug-2026 00:47:56,-165.749705225211,-37.6427182786948,0,27,27,27,3,-37.6427182786948
01-Aug-2026 00:47:58,-165.351521884929,-37.2445349384131,0,27,27,27,4,-37.2445349384131
01-Aug-2026 00:48:00,-165.531257714262,-37.4242707677463,0,27,27,27,4,-37.4242707677463
01-Aug-2026 00:48:02,-165.983009557333,-37.876022610817,0,27,27,27,5,-37.876022610817
01-Aug-2026 00:48:04,-166.476261163916,-38.3692742174,0,27,27,27,5,-38.3692742174
01-Aug-2026 00:48:06,-161.160317804339,-33.0533308578235,0,27,27,27,6,-33.0533308578235
01-Aug-2026 00:48:08,-160.760331470398,-32.6533445238822,0,26,26,26,7,-32.6533445238822
01-Aug-2026 00:48:10,-160.711482393918,-32.6044954474025,0,26,26,26,6,-32.6044954474025
01-Aug-2026 00:48:12,-160.527328478582,-32.4203415320661,0,26,26,26,6,-32.4203415320661
01-Aug-2026 00:48:14,-159.872951396061,-31.7659644495449,0,26,26,26,5,-31.7659644495449
01-Aug-2026 00:48:16,-166.539920825115,-38.4329338785991,0,26,26,26,4,-38.4329338785991
01-Aug-2026 00:48:18,-166.028473376461,-37.9214864299455,0,26,26,26,4,-37.9214864299455
01-Aug-2026 00:48:20,-165.690530071773,-37.5835431252571,0,26,26,26,4,-37.5835431252571
01-Aug-2026 00:48:22,-164.254702873686,-36.1477159271699,0,27,27,27,5,-36.1477159271699
01-Aug-2026 00:48:24,-163.94192931825,-35.8349423717341,0,27,27,27,5,-35.8349423717341
01-Aug-2026 00:48:26,-164.035865804941,-35.9288788584251,0,27,27,27,6,-35.9288788584251
01-Aug-2026 00:48:28,-163.489357329881,-35.3823703833652,0,28,28,28,6,-35.3823703833652
01-Aug-2026 00:48:30,-164.976090449501,-36.8691035029848,0,28,28,28,6,-36.8691035029848
01-Aug-2026 00:48:32,-164.981724354979,-36.8747374084631,0,29,29,29,6,-36.8747374084631
01-Aug-2026 00:48:34,-165.585581350775,-37.4785944042589,0,28,28,28,5,-37.4785944042589
01-Aug-2026 00:48:36,-164.961252449777,-36.8542655032607,0,28,28,28,4,-36.8542655032607
01-Aug-2026 00:48:38,-164.333167264285,-36.2261803177695,0,29,29,29,4,-36.2261803177695
01-Aug-2026 00:48:40,-163.981311605101,-35.8743246585856,0,29,29,29,4,-35.8743246585856
01-Aug-2026 00:48:42,-163.661875346247,-35.5548883997312,0,29,29,29,3,-35.5548883997312
01-Aug-2026 00:48:44,-163.667073790607,-35.5600868440908,0,29,29,29,3,-35.5600868440908
01-Aug-2026 00:48:46,-163.220369132646,-35.1133821861305,0,28,28,28,3,-35.1133821861305
01-Aug-2026 00:48:48,-163.22665776476,-35.1196708182446,0,28,28,28,3,-35.1196708182446
01-Aug-2026 00:48:50,-171.523848413348,-43.4168614668322,0,28,28,28,2,-43.4168614668322
01-Aug-2026 00:48:52,-171.206873319017,-43.0998863725013,0,28,28,28,3,-43.0998863725013
01-Aug-2026 00:48:54,-171.310491650936,-43.2035047044197,0,27,27,27,3,-43.2035047044197
01-Aug-2026 00:48:56,-164.790064376188,-36.6830774296722,0,27,27,27,4,-36.6830774296722
01-Aug-2026 00:48:58,-164.545524321354,-36.4385373748381,0,26,26,26,4,-36.4385373748381
01-Aug-2026 00:49:00,-164.593321872761,-36.486334926245,0,26,26,26,4,-36.486334926245
01-Aug-2026 00:49:02,-164.126796599497,-36.0198096529816,0,26,26,26,4,-36.0198096529816
01-Aug-2026 00:49:04,-163.934773361608,-35.8277864150923,0,25,25,25,5,-35.8277864150923
01-Aug-2026 00:49:06,-163.905285593514,-35.7982986469982,0,25,25,25,7,-35.7982986469982
01-Aug-2026 00:49:08,-163.92404306134,-35.8170561148245,0,25,25,25,7,-35.8170561148245
01-Aug-2026 00:49:10,-164.176269614883,-36.0692826683674,0,25,25,25,7,-36.0692826683674
01-Aug-2026 00:49:12,-164.172122293018,-36.0651353465022,0,25,25,25,7,-36.0651353465022
01-Aug-2026 00:49:14,-164.199031350196,-36.0920444036799,0,25,25,25,6,-36.0920444036799
01-Aug-2026 00:49:16,-165.358564418097,-37.2515774715811,0,25,25,25,6,-37.2515774715811
01-Aug-2026 00:49:18,-165.513062097629,-37.4060751511131,0,25,25,25,6,-37.4060751511131
01-Aug-2026 00:49:20,-165.395978374998,-37.2889914284819,0,25,25,25,6,-37.2889914284819
01-Aug-2026 00:49:22,-165.694537583668,-37.5875506371523,0,25,25,25,5,-37.5875506371523
01-Aug-2026 00:49:24,-165.659593524902,-37.5526065783858,0,25,25,25,5,-37.5526065783858
01-Aug-2026 00:49:26,-169.892835453321,-41.7858485068047,0,24,24,24,6,-41.7858485068047
01-Aug-2026 00:49:28,-169.295135941412,-41.1881489948962,0,24,24,24,5,-41.1881489948962
01-Aug-2026 00:49:30,-169.254687736467,-41.1477007899515,0,24,24,24,6,-41.1477007899515
01-Aug-2026 00:49:32,-169.37035759397,-41.2633706474539,0,24,24,24,5,-41.2633706474539
01-Aug-2026 00:49:34,-169.132795277252,-41.0258083307359,0,24,24,24,5,-41.0258083307359
01-Aug-2026 00:49:36,-169.198927110121,-41.0919401636052,0,24,24,24,5,-41.0919401636052
01-Aug-2026 00:49:38,-169.42772710085,-41.3207401543344,0,24,24,24,4,-41.3207401543344
01-Aug-2026 00:49:40,-169.400068132631,-41.2930811861153,0,24,24,24,5,-41.2930811861153
01-Aug-2026 00:49:42,-169.362692589359,-41.2557056428435,0,25,25,25,6,-41.2557056428435
01-Aug-2026 00:49:44,-169.481537600846,-41.3745506543304,0,25,25,25,5,-41.3745506543304
01-Aug-2026 00:49:46,-169.333594281119,-41.2266073346033,0,25,25,25,4,-41.2266073346033
01-Aug-2026 00:49:48,-168.748594703322,-40.6416077568059,0,25,25,25,4,-40.6416077568059
01-Aug-2026 00:49:50,-172.005147562469,-43.8981606159535,0,25,25,25,4,-43.8981606159535
01-Aug-2026 00:49:52,-172.324460615403,-44.2174736688868,0,26,26,26,4,-44.2174736688868
01-Aug-2026 00:49:54,-171.712662532627,-43.6056755861114,0,26,26,26,4,-43.6056755861114
01-Aug-2026 00:49:56,-171.448238659275,-43.3412517127594,0,26,26,26,5,-43.3412517127594
01-Aug-2026 00:49:58,-170.912764864024,-42.8057779175081,0,26,26,26,5,-42.8057779175081
01-Aug-2026 00:50:00,-170.319491453539,-42.2125045070228,0,26,26,26,6,-42.2125045070228
01-Aug-2026 00:50:02,-178.010800518238,-49.903813571722,0,27,27,27,6,-49.903813571722
01-Aug-2026 00:50:04,-178.13189012093,-50.0249031744138,0,27,27,27,6,-50.0249031744138
01-Aug-2026 00:50:06,-177.515492202232,-49.4085052557162,0,27,27,27,6,-49.4085052557162
01-Aug-2026 00:50:08,-176.907859382753,-48.8008724362371,0,27,27,27,6,-48.8008724362371
01-Aug-2026 00:50:10,-166.437512394261,-38.3305254477448,0,27,27,27,7,-38.3305254477448
01-Aug-2026 00:50:12,-165.474813690098,-37.3678267435823,0,27,27,27,7,-37.3678267435823
01-Aug-2026 00:50:14,-165.247727537079,-37.1407405905631,0,27,27,27,6,-37.1407405905631
01-Aug-2026 00:50:16,-164.494406267717,-36.387419321201,0,27,27,27,6,-36.387419321201
01-Aug-2026 00:50:18,-164.624193403623,-36.5172064571067,0,28,28,28,6,-36.5172064571067
01-Aug-2026 00:50:20,-164.467524685659,-36.3605377391433,0,28,28,28,6,-36.3605377391433
01-Aug-2026 00:50:22,-164.240085097442,-36.133098150926,0,28,28,28,5,-36.133098150926
01-Aug-2026 00:50:24,-164.200175679421,-36.0931887329048,0,27,27,27,5,-36.0931887329048
01-Aug-2026 00:50:26,-163.450115867463,-35.3431289209472,0,27,27,27,5,-35.3431289209472
01-Aug-2026 00:50:28,-187.799911475587,-59.6929245290707,0,27,27,27,4,-59.6929245290707
01-Aug-2026 00:50:30,-188.13478230945,-60.027795362934,0,27,27,27,4,-60.027795362934
01-Aug-2026 00:50:32,-186.653212766897,-58.5462258203811,0,29,29,29,5,-58.5462258203811
01-Aug-2026 00:50:34,-186.906501773102,-58.7995148265866,0,29,29,29,4,-58.7995148265866
01-Aug-2026 00:50:36,-187.120364054258,-59.0133771077419,0,29,29,29,4,-59.0133771077419
01-Aug-2026 00:50:38,-188.885088401295,-60.778101454779,0,29,29,29,3,-60.778101454779
01-Aug-2026 00:50:40,-188.627804946433,-60.5208179999168,0,29,29,29,3,-60.5208179999168
01-Aug-2026 00:50:42,-189.039197025706,-60.9322100791897,0,28,28,28,4,-60.9322100791897
01-Aug-2026 00:50:44,-175.170250317306,-47.0632633707897,0,28,28,28,5,-47.0632633707897
01-Aug-2026 00:50:46,-192.614093786657,-64.5071068401413,0,28,28,28,3,-64.5071068401413
01-Aug-2026 00:50:48,-192.775815314601,-64.6688283680854,0,28,28,28,3,-64.6688283680854
01-Aug-2026 00:50:50,-191.72942127172,-63.6224343252042,0,28,28,28,4,-63.6224343252042
01-Aug-2026 00:50:52,-188.534769306906,-60.4277823603897,0,28,28,28,6,-60.4277823603897
01-Aug-2026 00:50:54,-190.079903130673,-61.9729161841569,0,28,28,28,4,-61.9729161841569
01-Aug-2026 00:50:56,-179.982022388298,-51.8750354417826,0,27,27,27,5,-51.8750354417826
01-Aug-2026 00:50:58,-180.331188320703,-52.2242013741874,0,27,27,27,4,-52.2242013741874
01-Aug-2026 00:51:00,-181.046035690928,-52.9390487444126,0,27,27,27,4,-52.9390487444126
01-Aug-2026 00:51:02,-182.08490843489,-53.9779214883744,0,25,25,25,3,-53.9779214883744
01-Aug-2026 00:51:04,-181.872364210626,-53.7653772641099,0,25,25,25,4,-53.7653772641099
01-Aug-2026 00:51:06,-182.273357834862,-54.1663708883457,0,25,25,25,4,-54.1663708883457
01-Aug-2026 00:51:08,-182.391757091322,-54.2847701448058,0,25,25,25,4,-54.2847701448058
01-Aug-2026 00:51:10,-182.576732385076,-54.4697454385598,0,25,25,25,4,-54.4697454385598
01-Aug-2026 00:51:12,-190.481591941269,-62.3746049947534,0,25,25,25,3,-62.3746049947534
01-Aug-2026 00:51:14,-190.820355040926,-62.7133680944101,0,25,25,25,3,-62.7133680944101
01-Aug-2026 00:51:16,-190.660251843053,-62.5532648965373,0,25,25,25,3,-62.5532648965373
01-Aug-2026 00:51:18,-190.583021727141,-62.4760347806254,0,25,25,25,3,-62.4760347806254
01-Aug-2026 00:51:20,-191.528611888879,-63.4216249423633,0,25,25,25,2,-63.4216249423633
01-Aug-2026 00:51:22,-191.972735664414,-63.8657487178978,0,25,25,25,2,-63.8657487178978
01-Aug-2026 00:51:24,-191.936374798242,-63.8293878517266,0,26,26,26,2,-63.8293878517266
01-Aug-2026 00:51:26,-193.075970860905,-64.9689839143891,0,26,26,26,1,-64.9689839143891
01-Aug-2026 00:51:28,-193.507777961091,-65.4007910145749,0,26,26,26,1,-65.4007910145749
01-Aug-2026 00:51:30,-174.324992500905,-46.2180055543894,0,26,26,26,3,-46.2180055543894
01-Aug-2026 00:51:32,-168.97538190788,-40.8683949613645,0,26,26,26,4,-40.8683949613645
01-Aug-2026 00:51:34,-169.27446528952,-41.1674783430041,0,26,26,26,5,-41.1674783430041
01-Aug-2026 00:51:36,-169.479514469347,-41.3725275228307,0,26,26,26,5,-41.3725275228307
01-Aug-2026 00:51:38,-167.761560162123,-39.6545732156067,0,26,26,26,6,-39.6545732156067
01-Aug-2026 00:51:40,-169.048294021205,-40.9413070746895,0,26,26,26,5,-40.9413070746895
01-Aug-2026 00:51:42,-169.008072517933,-40.9010855714175,0,26,26,26,5,-40.9010855714175
01-Aug-2026 00:51:44,-168.854556025874,-40.747569079358,0,26,26,26,5,-40.747569079358
01-Aug-2026 00:51:46,-169.201093954753,-41.0941070082371,0,26,26,26,4,-41.0941070082371
01-Aug-2026 00:51:48,-172.108403665762,-44.0014167192462,0,26,26,26,4,-44.0014167192462
01-Aug-2026 00:51:50,-172.052508066144,-43.945521119628,0,26,26,26,4,-43.945521119628
01-Aug-2026 00:51:52,-171.676950704597,-43.569963758081,0,26,26,26,3,-43.569963758081
01-Aug-2026 00:51:54,-170.819414238689,-42.7124272921735,0,26,26,26,3,-42.7124272921735
01-Aug-2026 00:51:56,-170.435494398222,-42.3285074517065,0,26,26,26,3,-42.3285074517065
01-Aug-2026 00:51:58,-170.761106848548,-42.6541199020319,0,26,26,26,3,-42.6541199020319
01-Aug-2026 00:52:00,-170.327487631432,-42.2205006849165,0,26,26,26,3,-42.2205006849165
01-Aug-2026 00:52:02,-170.134596341581,-42.0276093950652,0,27,27,27,3,-42.0276093950652
01-Aug-2026 00:52:04,-170.421139222443,-42.3141522759271,0,27,27,27,3,-42.3141522759271
01-Aug-2026 00:52:06,-170.664872379906,-42.5578854333905,0,27,27,27,3,-42.5578854333905
01-Aug-2026 00:52:08,-170.143208578077,-42.036221631561,0,27,27,27,3,-42.036221631561
01-Aug-2026 00:52:10,-169.675370950264,-41.5683840037478,0,27,27,27,3,-41.5683840037478
01-Aug-2026 00:52:12,-168.888060547857,-40.7810736013413,0,27,27,27,3,-40.7810736013413
01-Aug-2026 00:52:14,-169.031388715452,-40.9244017689361,0,27,27,27,3,-40.9244017689361
01-Aug-2026 00:52:16,-168.720300385546,-40.6133134390306,0,27,27,27,4,-40.6133134390306
01-Aug-2026 00:52:18,-168.866068841999,-40.7590818954831,0,28,28,28,4,-40.7590818954831
01-Aug-2026 00:52:20,-169.37617605554,-41.2691891090244,0,29,29,29,6,-41.2691891090244
01-Aug-2026 00:52:22,-169.79887657416,-41.6918896276446,0,29,29,29,5,-41.6918896276446
01-Aug-2026 00:52:24,-169.571482197384,-41.4644952508679,0,28,28,28,6,-41.4644952508679
01-Aug-2026 00:52:26,-169.396545423735,-41.2895584772193,0,28,28,28,7,-41.2895584772193
01-Aug-2026 00:52:28,-169.156296444188,-41.0493094976724,0,29,29,29,9,-41.0493094976724
01-Aug-2026 00:52:30,-169.196643785686,-41.0896568391705,0,29,29,29,9,-41.0896568391705
01-Aug-2026 00:52:32,-169.595791405948,-41.4888044594322,0,29,29,29,7,-41.4888044594322
01-Aug-2026 00:52:34,-168.937416078604,-40.830429132088,0,29,29,29,7,-40.830429132088
01-Aug-2026 00:52:36,-168.981058479195,-40.8740715326794,0,29,29,29,7,-40.8740715326794
01-Aug-2026 00:52:38,-170.248073570234,-42.1410866237182,0,28,28,28,7,-42.1410866237182
01-Aug-2026 00:52:40,-170.278469846218,-42.1714828997021,0,27,27,27,6,-42.1714828997021
01-Aug-2026 00:52:42,-170.395004901628,-42.2880179551117,0,27,27,27,7,-42.2880179551117
01-Aug-2026 00:52:44,-169.603834228004,-41.4968472814878,0,26,26,26,6,-41.4968472814878
01-Aug-2026 00:52:46,-169.54915006145,-41.4421631149338,0,26,26,26,6,-41.4421631149338
01-Aug-2026 00:52:48,-169.363954004708,-41.2569670581923,0,26,26,26,6,-41.2569670581923
01-Aug-2026 00:52:50,-169.585813702592,-41.4788267560759,0,26,26,26,4,-41.4788267560759
01-Aug-2026 00:52:52,-169.505698438637,-41.3987114921215,0,26,26,26,4,-41.3987114921215
01-Aug-2026 00:52:54,-170.319618339498,-42.2126313929825,0,26,26,26,4,-42.2126313929825
01-Aug-2026 00:52:56,-169.951269768142,-41.8442828216258,0,25,25,25,4,-41.8442828216258
01-Aug-2026 00:52:58,-169.483762960302,-41.3767760137861,0,25,25,25,4,-41.3767760137861
01-Aug-2026 00:53:00,-168.967703446847,-40.8607165003314,0,25,25,25,6,-40.8607165003314
01-Aug-2026 00:53:02,-168.634125021201,-40.527138074685,0,25,25,25,5,-40.527138074685
01-Aug-2026 00:53:04,-168.21860614546,-40.1116191989437,0,25,25,25,5,-40.1116191989437
01-Aug-2026 00:53:06,-167.80689053696,-39.6999035904437,0,25,25,25,5,-39.6999035904437
01-Aug-2026 00:53:08,-167.427279650487,-39.320292703971,0,25,25,25,5,-39.320292703971
01-Aug-2026 00:53:10,-167.196873255371,-39.0898863088548,0,25,25,25,5,-39.0898863088548
01-Aug-2026 00:53:12,-167.137436776306,-39.0304498297903,0,25,25,25,4,-39.0304498297903
01-Aug-2026 00:53:14,-167.155762240243,-39.0487752937269,0,25,25,25,3,-39.0487752937269
01-Aug-2026 00:53:16,-167.190816006648,-39.0838290601321,0,25,25,25,3,-39.0838290601321
01-Aug-2026 00:53:18,-167.534324305674,-39.4273373591585,0,26,26,26,2,-39.4273373591585
01-Aug-2026 00:53:20,-167.268864094688,-39.1618771481721,0,25,25,25,2,-39.1618771481721
01-Aug-2026 00:53:22,-167.007150166875,-38.9001632203588,0,25,25,25,2,-38.9001632203588
01-Aug-2026 00:53:24,-167.077975094474,-38.970988147958,0,25,25,25,2,-38.970988147958
01-Aug-2026 00:53:26,-167.108919563602,-39.0019326170865,0,25,25,25,2,-39.0019326170865
01-Aug-2026 00:53:28,-173.69655873664,-45.5895717901238,0,25,25,25,1,-45.5895717901238
01-Aug-2026 00:53:30,-173.675560301536,-45.5685733550206,0,25,25,25,1,-45.5685733550206
01-Aug-2026 00:53:32,-173.445621975417,-45.3386350289011,0,25,25,25,1,-45.3386350289011
01-Aug-2026 00:53:34,-173.351613566277,-45.2446266197609,0,25,25,25,2,-45.2446266197609
01-Aug-2026 00:53:36,-173.826525713164,-45.7195387666477,0,25,25,25,2,-45.7195387666477
01-Aug-2026 00:53:38,-173.913384920525,-45.8063979740092,0,25,25,25,3,-45.8063979740092
01-Aug-2026 00:53:40,-173.57960861668,-45.4726216701645,0,25,25,25,4,-45.4726216701645
01-Aug-2026 00:53:42,-168.643241652607,-40.5362547060911,0,26,26,26,6,-40.5362547060911
01-Aug-2026 00:53:44,-168.272084694924,-40.1650977484084,0,26,26,26,6,-40.1650977484084
01-Aug-2026 00:53:46,-168.294559382964,-40.1875724364486,0,26,26,26,5,-40.1875724364486
01-Aug-2026 00:53:48,-168.541576950567,-40.4345900040511,0,26,26,26,6,-40.4345900040511
01-Aug-2026 00:53:50,-168.104404381227,-39.9974174347116,0,26,26,26,6,-39.9974174347116
01-Aug-2026 00:53:52,-168.234722355942,-40.1277354094263,0,26,26,26,6,-40.1277354094263
01-Aug-2026 00:53:54,-168.14549567527,-40.0385087287538,0,26,26,26,6,-40.0385087287538
01-Aug-2026 00:53:56,-167.962374922933,-39.8553879764167,0,26,26,26,7,-39.8553879764167
01-Aug-2026 00:53:58,-166.952935196835,-38.8459482503193,0,26,26,26,7,-38.8459482503193
01-Aug-2026 00:54:00,-166.851540171524,-38.7445532250086,0,26,26,26,7,-38.7445532250086
01-Aug-2026 00:54:02,-169.884885592729,-41.7778986462127,0,26,26,26,6,-41.7778986462127
01-Aug-2026 00:54:04,-167.269467592962,-39.162480646446,0,27,27,27,7,-39.162480646446
01-Aug-2026 00:54:06,-167.33188807581,-39.2249011292944,0,27,27,27,7,-39.2249011292944
01-Aug-2026 00:54:08,-168.088688609632,-39.9817016631162,0,27,27,27,5,-39.9817016631162
01-Aug-2026 00:54:10,-168.161041435973,-40.0540544894573,0,27,27,27,6,-40.0540544894573
01-Aug-2026 00:54:12,-167.607815447922,-39.5008285014062,0,27,27,27,6,-39.5008285014062
01-Aug-2026 00:54:14,-168.249712369773,-40.1427254232574,0,27,27,27,7,-40.1427254232574
01-Aug-2026 00:54:16,-168.41677806113,-40.3097911146139,0,27,27,27,7,-40.3097911146139
01-Aug-2026 00:54:18,-168.048323078242,-39.9413361317257,0,27,27,27,8,-39.9413361317257
01-Aug-2026 00:54:20,-168.067767318928,-39.9607803724126,0,28,28,28,8,-39.9607803724126
01-Aug-2026 00:54:22,-168.457421783778,-40.3504348372618,0,28,28,28,7,-40.3504348372618
01-Aug-2026 00:54:24,-168.812996133227,-40.7060091867112,0,29,29,29,7,-40.7060091867112
01-Aug-2026 00:54:26,-168.367094313102,-40.2601073665861,0,29,29,29,7,-40.2601073665861
01-Aug-2026 00:54:28,-168.473156879654,-40.3661699331384,0,29,29,29,7,-40.3661699331384
01-Aug-2026 00:54:30,-168.388227680427,-40.2812407339113,0,29,29,29,7,-40.2812407339113
01-Aug-2026 00:54:32,-171.202266624786,-43.0952796782699,0,29,29,29,4,-43.0952796782699
01-Aug-2026 00:54:34,-171.105152490181,-42.9981655436653,0,28,28,28,5,-42.9981655436653
01-Aug-2026 00:54:36,-171.260937151241,-43.1539502047255,0,28,28,28,3,-43.1539502047255
01-Aug-2026 00:54:38,-171.16694121029,-43.0599542637744,0,28,28,28,3,-43.0599542637744
01-Aug-2026 00:54:40,-170.34625282337,-42.2392658768545,0,28,28,28,3,-42.2392658768545
01-Aug-2026 00:54:42,-171.050090474741,-42.9431035282254,0,28,28,28,4,-42.9431035282254
01-Aug-2026 00:54:44,-169.651476992674,-41.5444900461583,0,28,28,28,4,-41.5444900461583
01-Aug-2026 00:54:46,-169.247307816032,-41.1403208695163,0,27,27,27,5,-41.1403208695163
01-Aug-2026 00:54:48,-166.646958873918,-38.5399719274024,0,27,27,27,7,-38.5399719274024
01-Aug-2026 00:54:50,-166.786243507977,-38.6792565614609,0,26,26,26,6,-38.6792565614609
01-Aug-2026 00:54:52,-166.58847098954,-38.4814840430238,0,26,26,26,6,-38.4814840430238
01-Aug-2026 00:54:54,-166.265171788,-38.1581848414846,0,26,26,26,6,-38.1581848414846
01-Aug-2026 00:54:56,-166.117729085763,-38.0107421392467,0,26,26,26,5,-38.0107421392467
01-Aug-2026 00:54:58,-168.926546293443,-40.8195593469268,0,26,26,26,5,-40.8195593469268
01-Aug-2026 00:55:00,-168.842732172867,-40.735745226351,0,26,26,26,6,-40.735745226351
01-Aug-2026 00:55:02,-168.932092100144,-40.8251051536279,0,26,26,26,7,-40.8251051536279
01-Aug-2026 00:55:04,-168.773076992059,-40.6660900455432,0,25,25,25,6,-40.6660900455432
01-Aug-2026 00:55:06,-169.152919168865,-41.0459322223493,0,25,25,25,5,-41.0459322223493
01-Aug-2026 00:55:08,-168.810725120299,-40.7037381737829,0,25,25,25,5,-40.7037381737829
01-Aug-2026 00:55:10,-169.360849815664,-41.2538628691485,0,25,25,25,5,-41.2538628691485
01-Aug-2026 00:55:12,-169.515257446082,-41.4082704995662,0,25,25,25,4,-41.4082704995662
01-Aug-2026 00:55:14,-191.400060446666,-63.2930735001505,0,25,25,25,1,-63.2930735001505
01-Aug-2026 00:55:16,-190.700138024359,-62.5931510778431,0,26,26,26,1,-62.5931510778431
01-Aug-2026 00:55:18,-190.297872686699,-62.1908857401833,0,26,26,26,1,-62.1908857401833
01-Aug-2026 00:55:20,-189.114885539514,-61.0078985929979,0,26,26,26,2,-61.0078985929979
01-Aug-2026 00:55:22,-188.468123371056,-60.3611364245399,0,25,25,25,2,-60.3611364245399
01-Aug-2026 00:55:24,-187.777220990565,-59.6702340440487,0,25,25,25,2,-59.6702340440487
01-Aug-2026 00:55:26,-187.85560210604,-59.7486151595244,0,25,25,25,2,-59.7486151595244
01-Aug-2026 00:55:28,-186.765792826138,-58.6588058796225,0,25,25,25,4,-58.6588058796225
01-Aug-2026 00:55:30,-187.072248510018,-58.9652615635017,0,25,25,25,4,-58.9652615635017
01-Aug-2026 00:55:32,-177.994857220189,-49.8878702736736,0,25,25,25,5,-49.8878702736736
01-Aug-2026 00:55:34,-186.870667418391,-58.7636804718754,0,25,25,25,4,-58.7636804718754
01-Aug-2026 00:55:36,-186.907467519693,-58.8004805731772,0,25,25,25,5,-58.8004805731772
01-Aug-2026 00:55:38,-182.826834675996,-54.7198477294805,0,26,26,26,5,-54.7198477294805
01-Aug-2026 00:55:40,-182.892188268289,-54.7852013217733,0,26,26,26,5,-54.7852013217733
01-Aug-2026 00:55:42,-183.211030271816,-55.1040433253004,0,26,26,26,5,-55.1040433253004
01-Aug-2026 00:55:44,-183.11905075664,-55.0120638101239,0,27,27,27,5,-55.0120638101239
01-Aug-2026 00:55:46,-176.640270966994,-48.5332840204784,0,27,27,27,6,-48.5332840204784
01-Aug-2026 00:55:48,-176.698098171699,-48.5911112251835,0,27,27,27,6,-48.5911112251835
01-Aug-2026 00:55:50,-177.102150773925,-48.9951638274094,0,27,27,27,6,-48.9951638274094
01-Aug-2026 00:55:52,-177.198977582138,-49.0919906356221,0,27,27,27,6,-49.0919906356221
01-Aug-2026 00:55:54,-169.339824309022,-41.2328373625064,0,27,27,27,6,-41.2328373625064
01-Aug-2026 00:55:56,-169.282823750757,-41.1758368042408,0,27,27,27,6,-41.1758368042408
01-Aug-2026 00:55:58,-171.069074371988,-42.9620874254725,0,27,27,27,5,-42.9620874254725
01-Aug-2026 00:56:00,-170.801071348045,-42.694084401529,0,27,27,27,6,-42.694084401529
01-Aug-2026 00:56:02,-191.567599660023,-63.4606127135073,0,27,27,27,4,-63.4606127135073
01-Aug-2026 00:56:04,-191.379586283475,-63.2725993369596,0,27,27,27,4,-63.2725993369596
01-Aug-2026 00:56:06,-192.742080558628,-64.6350936121123,0,27,27,27,3,-64.6350936121123
01-Aug-2026 00:56:08,-192.458759086898,-64.3517721403823,0,28,28,28,3,-64.3517721403823
01-Aug-2026 00:56:10,-170.72770826462,-42.6207213181042,0,29,29,29,5,-42.6207213181042
01-Aug-2026 00:56:12,-170.121638855686,-42.0146519091705,0,29,29,29,5,-42.0146519091705
01-Aug-2026 00:56:14,-166.836516132767,-38.7295291862511,0,29,29,29,6,-38.7295291862511
01-Aug-2026 00:56:16,-166.95163165487,-38.8446447083546,0,28,28,28,6,-38.8446447083546
01-Aug-2026 00:56:18,-167.590279338118,-39.4832923916018,0,28,28,28,5,-39.4832923916018
01-Aug-2026 00:56:20,-167.470724135442,-39.3637371889266,0,29,29,29,5,-39.3637371889266
01-Aug-2026 00:56:22,-167.575686830859,-39.4686998843432,0,28,28,28,5,-39.4686998843432
01-Aug-2026 00:56:24,-167.414075869905,-39.3070889233891,0,28,28,28,5,-39.3070889233891
01-Aug-2026 00:56:26,-169.433830785196,-41.3268438386799,0,28,28,28,5,-41.3268438386799
01-Aug-2026 00:56:28,-169.056190124915,-40.9492031783988,0,27,27,27,6,-40.9492031783988
01-Aug-2026 00:56:30,-168.965674155777,-40.8586872092613,0,27,27,27,6,-40.8586872092613
01-Aug-2026 00:56:32,-178.623744798039,-50.516757851523,0,26,26,26,6,-50.516757851523
01-Aug-2026 00:56:34,-178.976297335395,-50.8693103888789,0,26,26,26,6,-50.8693103888789
01-Aug-2026 00:56:36,-175.350447825793,-47.2434608792771,0,26,26,26,7,-47.2434608792771
01-Aug-2026 00:56:38,-175.468613675787,-47.3616267292709,0,26,26,26,7,-47.3616267292709
01-Aug-2026 00:56:40,-175.724498685384,-47.6175117388679,0,26,26,26,6,-47.6175117388679
01-Aug-2026 00:56:42,-175.744722566077,-47.6377356195613,0,26,26,26,5,-47.6377356195613
01-Aug-2026 00:56:44,-172.551237471252,-44.4442505247365,0,26,26,26,6,-44.4442505247365
01-Aug-2026 00:56:46,-173.733521998473,-45.6265350519572,0,26,26,26,4,-45.6265350519572
01-Aug-2026 00:56:48,-173.514910339857,-45.4079233933409,0,25,25,25,6,-45.4079233933409
01-Aug-2026 00:56:50,-168.122564786797,-40.0155778402816,0,25,25,25,8,-40.0155778402816
01-Aug-2026 00:56:52,-167.959126415202,-39.8521394686866,0,25,25,25,9,-39.8521394686866
01-Aug-2026 00:56:54,-172.503467778867,-44.3964808323512,0,25,25,25,7,-44.3964808323512
01-Aug-2026 00:56:56,-173.365018435627,-45.2580314891111,0,26,26,26,7,-45.2580314891111
01-Aug-2026 00:56:58,-174.089935995938,-45.9829490494221,0,26,26,26,6,-45.9829490494221
01-Aug-2026 00:57:00,-174.264316895067,-46.1573299485507,0,26,26,26,7,-46.1573299485507
01-Aug-2026 00:57:02,-174.060489642657,-45.9535026961407,0,26,26,26,7,-45.9535026961407
01-Aug-2026 00:57:04,-173.710413644405,-45.6034266978888,0,26,26,26,7,-45.6034266978888
01-Aug-2026 00:57:06,-173.058277793373,-44.9512908468571,0,26,26,26,9,-44.9512908468571
01-Aug-2026 00:57:08,-172.947130193195,-44.8401432466788,0,26,26,26,9,-44.8401432466788
01-Aug-2026 00:57:10,-172.785228992747,-44.6782420462309,0,26,26,26,9,-44.6782420462309
01-Aug-2026 00:57:12,-172.503072669891,-44.3960857233747,0,25,25,25,8,-44.3960857233747
01-Aug-2026 00:57:14,-172.813273516661,-44.7062865701454,0,25,25,25,8,-44.7062865701454
01-Aug-2026 00:57:16,-173.193650267257,-45.0866633207407,0,25,25,25,6,-45.0866633207407
01-Aug-2026 00:57:18,-166.738451928016,-38.6314649815006,0,25,25,25,7,-38.6314649815006
01-Aug-2026 00:57:20,-167.557890389103,-39.450903442587,0,25,25,25,6,-39.450903442587
01-Aug-2026 00:57:22,-165.574051664011,-37.4670647174954,0,25,25,25,7,-37.4670647174954
01-Aug-2026 00:57:24,-165.39522875315,-37.2882418066345,0,25,25,25,6,-37.2882418066345
01-Aug-2026 00:57:26,-165.511556017028,-37.4045690705125,0,25,25,25,6,-37.4045690705125
01-Aug-2026 00:57:28,-164.939327238861,-36.8323402923456,0,25,25,25,6,-36.8323402923456
01-Aug-2026 00:57:30,-164.442748765447,-36.3357618189314,0,26,26,26,6,-36.3357618189314
01-Aug-2026 00:57:32,-163.863193073244,-35.7562061267284,0,26,26,26,6,-35.7562061267284
01-Aug-2026 00:57:34,-163.860173265784,-35.7531863192679,0,26,26,26,6,-35.7531863192679
01-Aug-2026 00:57:36,-163.851794067291,-35.7448071207754,0,26,26,26,6,-35.7448071207754
01-Aug-2026 00:57:38,-163.597200416002,-35.4902134694857,0,26,26,26,6,-35.4902134694857
01-Aug-2026 00:57:40,-163.474643143383,-35.3676561968668,0,26,26,26,6,-35.3676561968668
01-Aug-2026 00:57:42,-163.181573270224,-35.0745863237083,0,26,26,26,8,-35.0745863237083
01-Aug-2026 00:57:44,-162.675094831966,-34.5681078854499,0,26,26,26,8,-34.5681078854499
01-Aug-2026 00:57:46,-162.646013865613,-34.5390269190969,0,26,26,26,7,-34.5390269190969
01-Aug-2026 00:57:48,-162.210862036195,-34.1038750896791,0,26,26,26,8,-34.1038750896791
01-Aug-2026 00:57:50,-162.683460835746,-34.5764738892304,0,26,26,26,7,-34.5764738892304
01-Aug-2026 00:57:52,-162.133646111301,-34.0266591647855,0,26,26,26,7,-34.0266591647855
01-Aug-2026 00:57:54,-161.524037541302,-33.4170505947858,0,26,26,26,6,-33.4170505947858
01-Aug-2026 00:57:56,-160.596245535708,-32.4892585891926,0,26,26,26,6,-32.4892585891926
01-Aug-2026 00:57:58,-159.957142438638,-31.8501554921216,0,25,25,25,5,-31.8501554921216
01-Aug-2026 00:58:00,-159.704710241195,-31.5977232946788,0,25,25,25,5,-31.5977232946788
01-Aug-2026 00:58:02,-159.085481327774,-30.9784943812586,0,26,26,26,6,-30.9784943812586
01-Aug-2026 00:58:04,-157.956300746616,-29.8493138000999,0,26,26,26,7,-29.8493138000999
01-Aug-2026 00:58:06,-176.952769979313,-48.8457830327973,0,27,27,27,9,-48.8457830327973
01-Aug-2026 00:58:08,-172.73170955542,-44.6247226089045,0,28,28,28,10,-44.6247226089045
01-Aug-2026 00:58:10,-177.683901023958,-49.5769140774423,0,28,28,28,10,-49.5769140774423
01-Aug-2026 00:58:12,-176.979515179617,-48.8725282331011,0,28,28,28,10,-48.8725282331011
01-Aug-2026 00:58:14,-177.154631166956,-49.0476442204402,0,29,29,29,9,-49.0476442204402
01-Aug-2026 00:58:16,-168.583521703968,-40.4765347574516,0,29,29,29,10,-40.4765347574516
01-Aug-2026 00:58:18,-167.948721533862,-39.8417345873465,0,29,29,29,11,-39.8417345873465
01-Aug-2026 00:58:20,-166.939170671105,-38.8321837245892,0,29,29,29,11,-38.8321837245892
01-Aug-2026 00:58:22,-167.016473290469,-38.9094863439534,0,29,29,29,11,-38.9094863439534
01-Aug-2026 00:58:24,-167.073534808521,-38.9665478620051,0,28,28,28,9,-38.9665478620051
01-Aug-2026 00:58:26,-166.295528278635,-38.1885413321193,0,28,28,28,9,-38.1885413321193
01-Aug-2026 00:58:28,-165.347430310303,-37.2404433637871,0,28,28,28,9,-37.2404433637871
01-Aug-2026 00:58:30,-164.511839507483,-36.4048525609676,0,28,28,28,8,-36.4048525609676
01-Aug-2026 00:58:32,-163.35853346409,-35.2515465175744,0,28,28,28,10,-35.2515465175744
01-Aug-2026 00:58:34,-162.554517749772,-34.4475308032566,0,28,28,28,11,-34.4475308032566
01-Aug-2026 00:58:36,-162.618755828786,-34.5117688822697,0,28,28,28,10,-34.5117688822697
01-Aug-2026 00:58:38,-161.733844447902,-33.6268575013862,0,27,27,27,9,-33.6268575013862
01-Aug-2026 00:58:40,-161.618921496288,-33.5119345497723,0,26,26,26,9,-33.5119345497723
01-Aug-2026 00:58:42,-160.843363966703,-32.7363770201868,0,26,26,26,10,-32.7363770201868
01-Aug-2026 00:58:44,-160.773816455725,-32.6668295092096,0,26,26,26,10,-32.6668295092096
01-Aug-2026 00:58:46,-170.242617882135,-42.1356309356189,0,26,26,26,9,-42.1356309356189
01-Aug-2026 00:58:48,-170.220891319101,-42.113904372585,0,26,26,26,8,-42.113904372585
01-Aug-2026 00:58:50,-170.124467017078,-42.0174800705622,0,26,26,26,7,-42.0174800705622
01-Aug-2026 00:58:52,-158.868248608958,-30.7612616624418,0,26,26,26,7,-30.7612616624418
01-Aug-2026 00:58:54,-158.588981664971,-30.4819947184552,0,26,26,26,6,-30.4819947184552
01-Aug-2026 00:58:56,-158.179847147199,-30.0728602006833,0,26,26,26,5,-30.0728602006833
01-Aug-2026 00:58:58,-157.517908433474,-29.4109214869578,0,25,25,25,4,-29.4109214869578
01-Aug-2026 00:59:00,-158.336344006183,-30.229357059667,0,25,25,25,4,-30.229357059667
01-Aug-2026 00:59:02,-158.994434326071,-30.8874473795556,0,25,25,25,5,-30.8874473795556
01-Aug-2026 00:59:04,-158.800789962765,-30.693803016249,0,24,24,24,5,-30.693803016249
01-Aug-2026 00:59:06,-159.019601497911,-30.9126145513956,0,24,24,24,3,-30.9126145513956
01-Aug-2026 00:59:08,-158.930573239848,-30.8235862933319,0,24,24,24,4,-30.8235862933319
01-Aug-2026 00:59:10,-158.4378804962,-30.3308935496843,0,25,25,25,5,-30.3308935496843
01-Aug-2026 00:59:12,-159.028288601631,-30.9213016551147,0,25,25,25,5,-30.9213016551147
01-Aug-2026 00:59:14,-158.956092806911,-30.8491058603956,0,25,25,25,5,-30.8491058603956
01-Aug-2026 00:59:16,-158.834783762672,-30.7277968161563,0,25,25,25,5,-30.7277968161563
01-Aug-2026 00:59:18,-158.300513569536,-30.1935266230199,0,25,25,25,5,-30.1935266230199
01-Aug-2026 00:59:20,-158.856884975791,-30.7498980292754,0,25,25,25,6,-30.7498980292754
01-Aug-2026 00:59:22,-159.311092210855,-31.2041052643391,0,25,25,25,6,-31.2041052643391
01-Aug-2026 00:59:24,-159.464642829902,-31.3576558833866,0,25,25,25,6,-31.3576558833866
01-Aug-2026 00:59:26,-159.242601470663,-31.1356145241471,0,25,25,25,6,-31.1356145241471
01-Aug-2026 00:59:28,-159.207129042133,-31.1001420956168,0,26,26,26,6,-31.1001420956168
01-Aug-2026 00:59:30,-159.170933746692,-31.0639468001765,0,27,27,27,7,-31.0639468001765
01-Aug-2026 00:59:32,-175.218204593711,-47.1112176471954,0,27,27,27,7,-47.1112176471954
01-Aug-2026 00:59:34,-174.553409217485,-46.4464222709694,0,27,27,27,7,-46.4464222709694
01-Aug-2026 00:59:36,-173.038078659578,-44.9310917130622,0,27,27,27,7,-44.9310917130622
01-Aug-2026 00:59:38,-169.832919021886,-41.7259320753703,0,27,27,27,9,-41.7259320753703
01-Aug-2026 00:59:40,-172.934625754146,-44.8276388076304,0,27,27,27,9,-44.8276388076304
01-Aug-2026 00:59:42,-181.444236942377,-53.3372499958614,0,27,27,27,8,-53.3372499958614
01-Aug-2026 00:59:44,-181.763644568881,-53.6566576223647,0,27,27,27,7,-53.6566576223647
01-Aug-2026 00:59:46,-181.014810015277,-52.9078230687614,0,27,27,27,8,-52.9078230687614
01-Aug-2026 00:59:48,-180.472786570556,-52.3657996240406,0,27,27,27,8,-52.3657996240406
01-Aug-2026 00:59:50,-180.087563640529,-51.9805766940127,0,27,27,27,8,-51.9805766940127
01-Aug-2026 00:59:52,-180.06160529746,-51.9546183509441,0,27,27,27,7,-51.9546183509441
01-Aug-2026 00:59:54,-179.54354221488,-51.4365552683645,0,27,27,27,7,-51.4365552683645
01-Aug-2026 00:59:56,-173.874947789106,-45.76796084259,0,27,27,27,7,-45.76796084259
01-Aug-2026 00:59:58,-173.350439489643,-45.2434525431272,0,27,27,27,7,-45.2434525431272
01-Aug-2026 01:00:00,-168.384787034903,-40.2778000883876,0,29,29,29,8,-40.2778000883876
01-Aug-2026 01:00:02,-169.122805130058,-41.0158181835423,0,28,28,28,9,-41.0158181835423
01-Aug-2026 01:00:04,-168.751593383873,-40.6446064373569,0,28,28,28,9,-40.6446064373569
01-Aug-2026 01:00:06,-169.033974454639,-40.9269875081235,0,27,27,27,6,-40.9269875081235
01-Aug-2026 01:00:08,-167.195286187478,-39.088299240962,0,27,27,27,6,-39.088299240962
01-Aug-2026 01:00:10,-167.136627403518,-39.0296404570025,0,28,28,28,5,-39.0296404570025
01-Aug-2026 01:00:12,-167.331435201264,-39.2244482547479,0,28,28,28,5,-39.2244482547479
01-Aug-2026 01:00:14,-167.296727185377,-39.1897402388609,0,28,28,28,6,-39.1897402388609
01-Aug-2026 01:00:16,-167.727484115776,-39.6204971692606,0,28,28,28,6,-39.6204971692606
01-Aug-2026 01:00:18,-166.436931574566,-38.3299446280498,0,27,27,27,6,-38.3299446280498
01-Aug-2026 01:00:20,-166.915854319764,-38.8088673732486,0,27,27,27,7,-38.8088673732486
01-Aug-2026 01:00:22,-166.974927466748,-38.8679405202324,0,26,26,26,8,-38.8679405202324
01-Aug-2026 01:00:24,-167.363212567918,-39.2562256214018,0,26,26,26,8,-39.2562256214018
01-Aug-2026 01:00:26,-169.967472122424,-41.8604851759086,0,26,26,26,8,-41.8604851759086
01-Aug-2026 01:00:28,-170.542607508513,-42.4356205619973,0,26,26,26,9,-42.4356205619973
01-Aug-2026 01:00:30,-170.788072468685,-42.681085522169,0,26,26,26,9,-42.681085522169
01-Aug-2026 01:00:32,-170.867933140024,-42.7609461935079,0,26,26,26,10,-42.7609461935079
01-Aug-2026 01:00:34,-170.378708907403,-42.2717219608871,0,27,27,27,10,-42.2717219608871
01-Aug-2026 01:00:36,-170.133066873519,-42.0260799270034,0,27,27,27,9,-42.0260799270034
01-Aug-2026 01:00:38,-174.397005657275,-46.2900187107589,0,26,26,26,7,-46.2900187107589
01-Aug-2026 01:00:40,-174.176507449275,-46.0695205027593,0,26,26,26,7,-46.0695205027593
01-Aug-2026 01:00:42,-174.292163096201,-46.1851761496849,0,26,26,26,6,-46.1851761496849
01-Aug-2026 01:00:44,-174.591338146895,-46.4843512003788,0,26,26,26,6,-46.4843512003788
01-Aug-2026 01:00:46,-174.782352378774,-46.6753654322583,0,26,26,26,6,-46.6753654322583
01-Aug-2026 01:00:48,-174.391646595018,-46.2846596485026,0,26,26,26,6,-46.2846596485026
01-Aug-2026 01:00:50,-174.076368132,-45.9693811854838,0,26,26,26,7,-45.9693811854838
01-Aug-2026 01:00:52,-174.474147396524,-46.3671604500083,0,26,26,26,7,-46.3671604500083
01-Aug-2026 01:00:54,-174.701079056726,-46.5940921102106,0,26,26,26,7,-46.5940921102106
01-Aug-2026 01:00:56,-172.720171825456,-44.6131848789406,0,26,26,26,9,-44.6131848789406
01-Aug-2026 01:00:58,-172.527490259636,-44.4205033131198,0,26,26,26,9,-44.4205033131198
01-Aug-2026 01:01:00,-171.165491598511,-43.0585046519953,0,26,26,26,9,-43.0585046519953
01-Aug-2026 01:01:02,-171.225598729367,-43.1186117828516,0,26,26,26,9,-43.1186117828516
01-Aug-2026 01:01:04,-175.270163002786,-47.1631760562703,0,26,26,26,9,-47.1631760562703
01-Aug-2026 01:01:06,-179.201753480239,-51.094766533723,0,25,25,25,5,-51.094766533723
01-Aug-2026 01:01:08,-178.587815695503,-50.4808287489867,0,25,25,25,6,-50.4808287489867
01-Aug-2026 01:01:10,-177.498898801983,-49.3919118554672,0,25,25,25,6,-49.3919118554672
01-Aug-2026 01:01:12,-176.634252279675,-48.5272653331587,0,25,25,25,6,-48.5272653331587
01-Aug-2026 01:01:14,-176.050320731163,-47.9433337846469,0,25,25,25,6,-47.9433337846469
01-Aug-2026 01:01:16,-168.958821692158,-40.8518347456424,0,25,25,25,6,-40.8518347456424
01-Aug-2026 01:01:18,-168.366292799432,-40.2593058529159,0,26,26,26,6,-40.2593058529159
01-Aug-2026 01:01:20,-169.026973203898,-40.9199862573823,0,26,26,26,6,-40.9199862573823
01-Aug-2026 01:01:22,-170.293938982463,-42.1869520359467,0,26,26,26,6,-42.1869520359467
01-Aug-2026 01:01:24,-168.852095287911,-40.7451083413949,0,26,26,26,7,-40.7451083413949
01-Aug-2026 01:01:26,-167.731897010507,-39.6249100639909,0,26,26,26,7,-39.6249100639909
01-Aug-2026 01:01:28,-167.438975401342,-39.3319884548264,0,26,26,26,7,-39.3319884548264
01-Aug-2026 01:01:30,-167.64249262695,-39.5355056804337,0,26,26,26,7,-39.5355056804337
01-Aug-2026 01:01:32,-166.930000597828,-38.8230136513117,0,26,26,26,7,-38.8230136513117
01-Aug-2026 01:01:34,-166.675580556366,-38.5685936098503,0,26,26,26,7,-38.5685936098503
01-Aug-2026 01:01:36,-165.732084038944,-37.6250970924283,0,26,26,26,7,-37.6250970924283
01-Aug-2026 01:01:38,-164.916778380487,-36.8097914339707,0,26,26,26,8,-36.8097914339707
01-Aug-2026 01:01:40,-165.543422019147,-37.436435072631,0,26,26,26,7,-37.436435072631
01-Aug-2026 01:01:42,-164.555231075776,-36.4482441292599,0,26,26,26,7,-36.4482441292599
01-Aug-2026 01:01:44,-163.655371315814,-35.5483843692978,0,26,26,26,8,-35.5483843692978
01-Aug-2026 01:01:46,-162.143324824081,-34.036337877565,0,25,25,25,9,-34.036337877565
01-Aug-2026 01:01:48,-160.293515151975,-32.186528205459,0,25,25,25,10,-32.186528205459
01-Aug-2026 01:01:50,-158.92172964916,-30.8147427026442,0,25,25,25,9,-30.8147427026442
01-Aug-2026 01:01:52,-158.050656654902,-29.9436697083862,0,26,26,26,9,-29.9436697083862
01-Aug-2026 01:01:54,-180.700886632372,-52.5938996858563,0,27,27,27,7,-52.5938996858563
01-Aug-2026 01:01:56,-180.653299886918,-52.5463129404022,0,27,27,27,7,-52.5463129404022
01-Aug-2026 01:01:58,-180.432167262019,-52.3251803155031,0,27,27,27,6,-52.3251803155031
01-Aug-2026 01:02:00,-170.6301705131,-42.5231835665846,0,27,27,27,7,-42.5231835665846
01-Aug-2026 01:02:02,-170.458009983809,-42.3510230372928,0,27,27,27,7,-42.3510230372928
01-Aug-2026 01:02:04,-170.329243596094,-42.2222566495782,0,27,27,27,7,-42.2222566495782
01-Aug-2026 01:02:06,-180.577670690148,-52.470683743632,0,28,28,28,6,-52.470683743632
01-Aug-2026 01:02:08,-180.112444960756,-52.0054580142406,0,28,28,28,7,-52.0054580142406
01-Aug-2026 01:02:10,-179.7429136034,-51.6359266568841,0,28,28,28,9,-51.6359266568841
01-Aug-2026 01:02:12,-179.981444355971,-51.8744574094555,0,28,28,28,9,-51.8744574094555
01-Aug-2026 01:02:14,-180.048691165986,-51.9417042194704,0,28,28,28,9,-51.9417042194704
01-Aug-2026 01:02:16,-168.558044407093,-40.4510574605771,0,28,28,28,8,-40.4510574605771
01-Aug-2026 01:02:18,-169.198475049269,-41.0914881027528,0,28,28,28,6,-41.0914881027528
01-Aug-2026 01:02:20,-169.390685345585,-41.2836983990696,0,28,28,28,5,-41.2836983990696
01-Aug-2026 01:02:22,-169.421119667497,-41.3141327209807,0,28,28,28,5,-41.3141327209807
01-Aug-2026 01:02:24,-169.628557331816,-41.5215703852997,0,28,28,28,5,-41.5215703852997
01-Aug-2026 01:02:26,-169.099201493882,-40.9922145473662,0,28,28,28,5,-40.9922145473662
01-Aug-2026 01:02:28,-166.057584897578,-37.950597951062,0,27,27,27,6,-37.950597951062
01-Aug-2026 01:02:30,-165.954753124261,-37.8477661777453,0,25,25,25,4,-37.8477661777453
01-Aug-2026 01:02:32,-168.382513267255,-40.2755263207396,0,25,25,25,3,-40.2755263207396
01-Aug-2026 01:02:34,-167.862463871011,-39.7554769244954,0,25,25,25,3,-39.7554769244954
01-Aug-2026 01:02:36,-167.373262279556,-39.2662753330399,0,25,25,25,3,-39.2662753330399
01-Aug-2026 01:02:38,-167.065249586379,-38.9582626398633,0,25,25,25,5,-38.9582626398633
01-Aug-2026 01:02:40,-165.67468499283,-37.5676980463144,0,25,25,25,5,-37.5676980463144
01-Aug-2026 01:02:42,-165.406303792672,-37.2993168461556,0,25,25,25,5,-37.2993168461556
01-Aug-2026 01:02:44,-165.3788382461,-37.2718512995845,0,25,25,25,5,-37.2718512995845
01-Aug-2026 01:02:46,-166.330828339089,-38.2238413925731,0,25,25,25,4,-38.2238413925731
01-Aug-2026 01:02:48,-166.480398161689,-38.3734112151733,0,25,25,25,4,-38.3734112151733
01-Aug-2026 01:02:50,-166.433495957399,-38.3265090108831,0,25,25,25,6,-38.3265090108831
01-Aug-2026 01:02:52,-158.551928188677,-30.444941242161,0,25,25,25,7,-30.444941242161
01-Aug-2026 01:02:54,-158.290926428625,-30.1839394821091,0,25,25,25,7,-30.1839394821091
01-Aug-2026 01:02:56,-158.719148166046,-30.6121612195298,0,25,25,25,7,-30.6121612195298
01-Aug-2026 01:02:58,-165.714378344182,-37.6073913976666,0,25,25,25,7,-37.6073913976666
01-Aug-2026 01:03:00,-165.30183310756,-37.1948461610445,0,25,25,25,6,-37.1948461610445
01-Aug-2026 01:03:02,-165.125111907598,-37.018124961082,0,25,25,25,5,-37.018124961082
01-Aug-2026 01:03:04,-164.622352456251,-36.5153655097348,0,25,25,25,5,-36.5153655097348
01-Aug-2026 01:03:06,-164.680617203177,-36.5736302566612,0,25,25,25,6,-36.5736302566612
01-Aug-2026 01:03:08,-164.39141440001,-36.2844274534941,0,25,25,25,5,-36.2844274534941
01-Aug-2026 01:03:10,-164.065721379223,-35.958734432707,0,26,26,26,6,-35.958734432707
01-Aug-2026 01:03:12,-163.800566934764,-35.6935799882483,0,26,26,26,4,-35.6935799882483
01-Aug-2026 01:03:14,-163.721354984946,-35.61436803843,0,26,26,26,4,-35.61436803843
01-Aug-2026 01:03:16,-163.754561196401,-35.6475742498848,0,26,26,26,4,-35.6475742498848
01-Aug-2026 01:03:18,-164.461534734242,-36.3545477877261,0,26,26,26,4,-36.3545477877261
01-Aug-2026 01:03:20,-164.251329106712,-36.1443421601962,0,26,26,26,4,-36.1443421601962
01-Aug-2026 01:03:22,-164.583768955051,-36.4767820085353,0,26,26,26,4,-36.4767820085353
01-Aug-2026 01:03:24,-164.504173362179,-36.3971864156634,0,27,27,27,5,-36.3971864156634
01-Aug-2026 01:03:26,-164.33309948469,-36.2261125381741,0,27,27,27,6,-36.2261125381741
01-Aug-2026 01:03:28,-164.655008246866,-36.5480213003498,0,27,27,27,6,-36.5480213003498
01-Aug-2026 01:03:30,-164.64437283933,-36.5373858928141,0,27,27,27,6,-36.5373858928141
01-Aug-2026 01:03:32,-164.644773523413,-36.5377865768973,0,27,27,27,5,-36.5377865768973
01-Aug-2026 01:03:34,-164.046449876512,-35.9394629299959,0,27,27,27,7,-35.9394629299959
01-Aug-2026 01:03:36,-163.861459734423,-35.7544727879068,0,27,27,27,7,-35.7544727879068
01-Aug-2026 01:03:38,-164.583706783107,-36.4767198365907,0,27,27,27,8,-36.4767198365907
01-Aug-2026 01:03:40,-164.895589366507,-36.7886024199913,0,27,27,27,9,-36.7886024199913
01-Aug-2026 01:03:42,-165.496495921944,-37.3895089754285,0,26,26,26,8,-37.3895089754285
01-Aug-2026 01:03:44,-165.722508587134,-37.6155216406179,0,26,26,26,8,-37.6155216406179
01-Aug-2026 01:03:46,-164.885211362265,-36.7782244157489,0,26,26,26,8,-36.7782244157489
01-Aug-2026 01:03:48,-164.195786878562,-36.0887999320466,0,27,27,27,8,-36.0887999320466
01-Aug-2026 01:03:50,-163.63553747677,-35.5285505302538,0,28,28,28,6,-35.5285505302538
01-Aug-2026 01:03:52,-164.370261629142,-36.2632746826256,0,28,28,28,7,-36.2632746826256
01-Aug-2026 01:03:54,-164.319941906588,-36.2129549600722,0,28,28,28,7,-36.2129549600722
01-Aug-2026 01:03:56,-164.456116829831,-36.3491298833154,0,27,27,27,7,-36.3491298833154
01-Aug-2026 01:03:58,-163.438930833181,-35.3319438866652,0,27,27,27,7,-35.3319438866652
01-Aug-2026 01:04:00,-168.748549473473,-40.6415625269576,0,28,28,28,6,-40.6415625269576
01-Aug-2026 01:04:02,-165.08324982772,-36.9762628812045,0,28,28,28,6,-36.9762628812045
01-Aug-2026 01:04:04,-165.299356530892,-37.1923695843764,0,28,28,28,6,-37.1923695843764
01-Aug-2026 01:04:06,-169.001440861554,-40.894453915038,0,28,28,28,5,-40.894453915038
01-Aug-2026 01:04:08,-169.276191460511,-41.1692045139954,0,28,28,28,4,-41.1692045139954
01-Aug-2026 01:04:10,-169.682151018032,-41.5751640715156,0,26,26,26,4,-41.5751640715156
01-Aug-2026 01:04:12,-170.25502688597,-42.1480399394545,0,26,26,26,4,-42.1480399394545
01-Aug-2026 01:04:14,-170.574700788437,-42.4677138419209,0,27,27,27,4,-42.4677138419209
01-Aug-2026 01:04:16,-171.008597641892,-42.9016106953757,0,27,27,27,4,-42.9016106953757
01-Aug-2026 01:04:18,-173.942226944004,-45.8352399974884,0,27,27,27,3,-45.8352399974884
01-Aug-2026 01:04:20,-174.46083858018,-46.3538516336642,0,27,27,27,4,-46.3538516336642
01-Aug-2026 01:04:22,-175.04714350572,-46.9401565592039,0,27,27,27,4,-46.9401565592039
01-Aug-2026 01:04:24,-175.39203091388,-47.2850439673641,0,27,27,27,4,-47.2850439673641
01-Aug-2026 01:04:26,-175.415891472401,-47.3089045258852,0,27,27,27,4,-47.3089045258852
01-Aug-2026 01:04:28,-176.18899711496,-48.0820101684442,0,27,27,27,4,-48.0820101684442
01-Aug-2026 01:04:30,-176.760133301644,-48.6531463551285,0,26,26,26,4,-48.6531463551285
01-Aug-2026 01:04:32,-176.901870465491,-48.7948835189755,0,26,26,26,3,-48.7948835189755
01-Aug-2026 01:04:34,-177.723411288583,-49.6164243420671,0,26,26,26,3,-49.6164243420671
01-Aug-2026 01:04:36,-177.872636333673,-49.7656493871575,0,26,26,26,2,-49.7656493871575
01-Aug-2026 01:04:38,-178.712972260112,-50.6059853135961,0,26,26,26,2,-50.6059853135961
01-Aug-2026 01:04:40,-178.760292778635,-50.6533058321194,0,26,26,26,2,-50.6533058321194
01-Aug-2026 01:04:42,-178.937146499766,-50.8301595532497,0,26,26,26,3,-50.8301595532497
01-Aug-2026 01:04:44,-167.234720910239,-39.1277339637234,0,26,26,26,5,-39.1277339637234
01-Aug-2026 01:04:46,-167.483455003972,-39.3764680574566,0,26,26,26,5,-39.3764680574566
01-Aug-2026 01:04:48,-167.237241589816,-39.1302546432999,0,26,26,26,6,-39.1302546432999
01-Aug-2026 01:04:50,-179.535405538495,-51.4284185919792,0,26,26,26,7,-51.4284185919792
01-Aug-2026 01:04:52,-180.010341749693,-51.9033548031772,0,26,26,26,7,-51.9033548031772
01-Aug-2026 01:04:54,-180.051275733285,-51.9442887867694,0,26,26,26,7,-51.9442887867694
01-Aug-2026 01:04:56,-186.978395379589,-58.8714084330735,0,26,26,26,7,-58.8714084330735
01-Aug-2026 01:04:58,-187.460540961512,-59.3535540149958,0,25,25,25,7,-59.3535540149958
01-Aug-2026 01:05:00,-187.373113221676,-59.26612627516,0,25,25,25,7,-59.26612627516
01-Aug-2026 01:05:02,-187.053241544161,-58.9462545976456,0,25,25,25,7,-58.9462545976456
01-Aug-2026 01:05:04,-187.236218950909,-59.1292320043935,0,25,25,25,6,-59.1292320043935
01-Aug-2026 01:05:06,-161.300950339555,-33.1939633930388,0,26,26,26,8,-33.1939633930388
01-Aug-2026 01:05:08,-161.185327218449,-33.0783402719333,0,26,26,26,8,-33.0783402719333
01-Aug-2026 01:05:10,-160.332807209765,-32.225820263249,0,26,26,26,7,-32.225820263249
01-Aug-2026 01:05:12,-159.744593385186,-31.6376064386703,0,26,26,26,6,-31.6376064386703
01-Aug-2026 01:05:14,-159.859727071981,-31.7527401254648,0,26,26,26,6,-31.7527401254648
01-Aug-2026 01:05:16,-159.742862638102,-31.6358756915866,0,26,26,26,6,-31.6358756915866
01-Aug-2026 01:05:18,-158.694591329823,-30.5876043833075,0,26,26,26,6,-30.5876043833075
01-Aug-2026 01:05:20,-158.003085231874,-29.8960982853584,0,26,26,26,6,-29.8960982853584
01-Aug-2026 01:05:22,-156.972102832158,-28.8651158856426,0,26,26,26,7,-28.8651158856426
01-Aug-2026 01:05:24,-156.713952743599,-28.6069657970828,0,26,26,26,7,-28.6069657970828
01-Aug-2026 01:05:26,-155.684215705762,-27.5772287592458,0,26,26,26,5,-27.5772287592458
01-Aug-2026 01:05:28,-155.369718396514,-27.2627314499985,0,26,26,26,5,-27.2627314499985
01-Aug-2026 01:05:30,-154.839125557332,-26.7321386108166,0,26,26,26,5,-26.7321386108166
01-Aug-2026 01:05:32,-153.66140472443,-25.5544177779144,0,25,25,25,5,-25.5544177779144
01-Aug-2026 01:05:34,-153.086184022645,-24.9791970761288,0,25,25,25,4,-24.9791970761288
01-Aug-2026 01:05:36,-151.442713744582,-23.3357267980658,0,25,25,25,3,-23.3357267980658
01-Aug-2026 01:05:38,-151.256346672537,-23.1493597260215,0,25,25,25,3,-23.1493597260215
01-Aug-2026 01:05:40,-150.473487118834,-22.3665001723179,0,25,25,25,4,-22.3665001723179
01-Aug-2026 01:05:42,-149.221716571557,-21.1147296250416,0,26,26,26,6,-21.1147296250416
01-Aug-2026 01:05:44,-149.278517695984,-21.1715307494683,0,27,27,27,7,-21.1715307494683
01-Aug-2026 01:05:46,-149.259036072671,-21.1520491261556,0,27,27,27,7,-21.1520491261556
01-Aug-2026 01:05:48,-148.782996757876,-20.6760098113606,0,27,27,27,6,-20.6760098113606
01-Aug-2026 01:05:50,-149.084103512957,-20.9771165664413,0,27,27,27,6,-20.9771165664413
01-Aug-2026 01:05:52,-149.579154993408,-21.4721680468924,0,27,27,27,7,-21.4721680468924
01-Aug-2026 01:05:54,-150.309410183504,-22.2024232369877,0,27,27,27,7,-22.2024232369877
01-Aug-2026 01:05:56,-150.492310002694,-22.3853230561781,0,27,27,27,6,-22.3853230561781
01-Aug-2026 01:05:58,-151.562752418786,-23.4557654722698,0,28,28,28,7,-23.4557654722698
01-Aug-2026 01:06:00,-151.304035146694,-23.1970482001777,0,27,27,27,6,-23.1970482001777
01-Aug-2026 01:06:02,-153.255843197965,-25.1488562514496,0,27,27,27,5,-25.1488562514496
01-Aug-2026 01:06:04,-153.562531430985,-25.4555444844688,0,27,27,27,5,-25.4555444844688
01-Aug-2026 01:06:06,-184.498583370888,-56.391596424372,0,26,26,26,4,-56.391596424372
01-Aug-2026 01:06:08,-184.584599719807,-56.4776127732911,0,26,26,26,4,-56.4776127732911
01-Aug-2026 01:06:10,-184.371826550938,-56.2648396044222,0,26,26,26,4,-56.2648396044222
01-Aug-2026 01:06:12,-183.829407738574,-55.7224207920582,0,26,26,26,5,-55.7224207920582
01-Aug-2026 01:06:14,-183.137243124008,-55.0302561774926,0,26,26,26,5,-55.0302561774926
01-Aug-2026 01:06:16,-182.022889287421,-53.9159023409055,0,25,25,25,5,-53.9159023409055
01-Aug-2026 01:06:18,-182.547373603748,-54.4403866572319,0,25,25,25,5,-54.4403866572319
01-Aug-2026 01:06:20,-182.49286476316,-54.3858778166436,0,25,25,25,5,-54.3858778166436
01-Aug-2026 01:06:22,-182.538720405661,-54.4317334591454,0,24,24,24,3,-54.4317334591454
01-Aug-2026 01:06:24,-181.698242810546,-53.5912558640306,0,24,24,24,4,-53.5912558640306
01-Aug-2026 01:06:26,-182.134981197321,-54.0279942508049,0,25,25,25,3,-54.0279942508049
01-Aug-2026 01:06:28,-181.720780309862,-53.613793363346,0,25,25,25,3,-53.613793363346
01-Aug-2026 01:06:30,-181.419059128999,-53.3120721824833,0,25,25,25,3,-53.3120721824833
01-Aug-2026 01:06:32,-181.98723150975,-53.8802445632338,0,25,25,25,3,-53.8802445632338
01-Aug-2026 01:06:34,-182.635221530786,-54.5282345842705,0,25,25,25,3,-54.5282345842705
01-Aug-2026 01:06:36,-182.350954249413,-54.2439673028976,0,25,25,25,3,-54.2439673028976
01-Aug-2026 01:06:38,-182.494207137198,-54.3872201906817,0,25,25,25,3,-54.3872201906817
01-Aug-2026 01:06:40,-182.579008049726,-54.4720211032099,0,25,25,25,3,-54.4720211032099
01-Aug-2026 01:06:42,-183.400759621795,-55.2937726752789,0,25,25,25,3,-55.2937726752789
01-Aug-2026 01:06:44,-182.431118512684,-54.3241315661681,0,25,25,25,4,-54.3241315661681
01-Aug-2026 01:06:46,-182.152066350398,-54.045079403882,0,25,25,25,4,-54.045079403882
01-Aug-2026 01:06:48,-178.749528243366,-50.6425412968505,0,25,25,25,5,-50.6425412968505
01-Aug-2026 01:06:50,-178.573474092839,-50.4664871463227,0,25,25,25,5,-50.4664871463227
01-Aug-2026 01:06:52,-179.105074605148,-50.9980876586323,0,25,25,25,5,-50.9980876586323
01-Aug-2026 01:06:54,-184.502024842963,-56.3950378964471,0,27,27,27,5,-56.3950378964471
01-Aug-2026 01:06:56,-185.038944150941,-56.9319572044254,0,27,27,27,6,-56.9319572044254
01-Aug-2026 01:06:58,-184.847020166209,-56.7400332196929,0,27,27,27,7,-56.7400332196929
01-Aug-2026 01:07:00,-184.892185248477,-56.7851983019614,0,26,26,26,6,-56.7851983019614
01-Aug-2026 01:07:02,-185.413309692603,-57.3063227460867,0,26,26,26,5,-57.3063227460867
01-Aug-2026 01:07:04,-184.16370509065,-56.0567181441339,0,26,26,26,7,-56.0567181441339
01-Aug-2026 01:07:06,-165.016195203131,-36.9092082566155,0,26,26,26,7,-36.9092082566155
01-Aug-2026 01:07:08,-165.081045351482,-36.9740584049657,0,26,26,26,7,-36.9740584049657
01-Aug-2026 01:07:10,-165.703382473034,-37.5963955265184,0,26,26,26,7,-37.5963955265184
01-Aug-2026 01:07:12,-166.426173511554,-38.3191865650378,0,26,26,26,7,-38.3191865650378
01-Aug-2026 01:07:14,-166.308794638498,-38.2018076919823,0,26,26,26,6,-38.2018076919823
01-Aug-2026 01:07:16,-166.445818983011,-38.3388320364953,0,27,27,27,7,-38.3388320364953
01-Aug-2026 01:07:18,-166.515126368713,-38.4081394221973,0,27,27,27,6,-38.4081394221973
01-Aug-2026 01:07:20,-166.794844736506,-38.6878577899905,0,27,27,27,6,-38.6878577899905
01-Aug-2026 01:07:22,-166.571293599905,-38.4643066533888,0,26,26,26,6,-38.4643066533888
01-Aug-2026 01:07:24,-159.710555289458,-31.6035683429426,0,26,26,26,7,-31.6035683429426
01-Aug-2026 01:07:26,-166.376909694187,-38.2699227476712,0,26,26,26,7,-38.2699227476712
01-Aug-2026 01:07:28,-182.204438258429,-54.0974513119135,0,26,26,26,5,-54.0974513119135
01-Aug-2026 01:07:30,-182.336866271639,-54.2298793251229,0,26,26,26,4,-54.2298793251229
01-Aug-2026 01:07:32,-182.121917590944,-54.014930644428,0,26,26,26,4,-54.014930644428
01-Aug-2026 01:07:34,-182.490175071788,-54.383188125272,0,26,26,26,4,-54.383188125272
01-Aug-2026 01:07:36,-182.310209855955,-54.2032229094391,0,26,26,26,4,-54.2032229094391
01-Aug-2026 01:07:38,-182.690635480711,-54.5836485341956,0,27,27,27,4,-54.5836485341956
01-Aug-2026 01:07:40,-182.572176594754,-54.4651896482383,0,27,27,27,4,-54.4651896482383
01-Aug-2026 01:07:42,-182.494645086329,-54.387658139813,0,28,28,28,4,-54.387658139813
01-Aug-2026 01:07:44,-182.49300968078,-54.3860227342641,0,27,27,27,4,-54.3860227342641
01-Aug-2026 01:07:46,-182.917083837284,-54.8100968907677,0,27,27,27,3,-54.8100968907677
01-Aug-2026 01:07:48,-182.55385441885,-54.4468674723338,0,27,27,27,2,-54.4468674723338
01-Aug-2026 01:07:50,-181.379619597097,-53.2726326505812,0,27,27,27,3,-53.2726326505812
01-Aug-2026 01:07:52,-181.280658249789,-53.1736713032726,0,28,28,28,3,-53.1736713032726
01-Aug-2026 01:07:54,-181.486988784048,-53.3800018375324,0,29,29,29,3,-53.3800018375324
01-Aug-2026 01:07:56,-180.22249443827,-52.1155074917544,0,29,29,29,4,-52.1155074917544
01-Aug-2026 01:07:58,-180.220903835819,-52.1139168893031,0,28,28,28,4,-52.1139168893031
01-Aug-2026 01:08:00,-169.153660932929,-41.0466739864136,0,28,28,28,7,-41.0466739864136
01-Aug-2026 01:08:02,-168.663517629782,-40.5565306832665,0,27,27,27,7,-40.5565306832665
01-Aug-2026 01:08:04,-168.509225773222,-40.4022388267066,0,27,27,27,6,-40.4022388267066
01-Aug-2026 01:08:06,-168.211839179111,-40.1048522325952,0,27,27,27,6,-40.1048522325952
01-Aug-2026 01:08:08,-168.039496713081,-39.9325097665651,0,27,27,27,6,-39.9325097665651
01-Aug-2026 01:08:10,-167.375372857082,-39.2683859105663,0,27,27,27,6,-39.2683859105663
01-Aug-2026 01:08:12,-168.04744678213,-39.940459835614,0,27,27,27,5,-39.940459835614
01-Aug-2026 01:08:14,-168.035304370383,-39.9283174238676,0,27,27,27,5,-39.9283174238676
01-Aug-2026 01:08:16,-167.788287405655,-39.6813004591387,0,27,27,27,5,-39.6813004591387
01-Aug-2026 01:08:18,-168.465348789965,-40.3583618434494,0,27,27,27,3,-40.3583618434494
01-Aug-2026 01:08:20,-171.883358230108,-43.7763712835923,0,26,26,26,2,-43.7763712835923
01-Aug-2026 01:08:22,-168.130017051001,-40.0230301044851,0,26,26,26,4,-40.0230301044851
01-Aug-2026 01:08:24,-168.097050727478,-39.9900637809625,0,26,26,26,4,-39.9900637809625
01-Aug-2026 01:08:26,-167.831122401909,-39.7241354553934,0,26,26,26,4,-39.7241354553934
01-Aug-2026 01:08:28,-167.405404820135,-39.2984178736195,0,26,26,26,5,-39.2984178736195
01-Aug-2026 01:08:30,-182.431483420269,-54.3244964737532,0,26,26,26,4,-54.3244964737532
01-Aug-2026 01:08:32,-182.298117343028,-54.1911303965124,0,26,26,26,4,-54.1911303965124
01-Aug-2026 01:08:34,-182.443663208628,-54.3366762621124,0,26,26,26,4,-54.3366762621124
01-Aug-2026 01:08:36,-170.072353976586,-41.9653670300699,0,26,26,26,5,-41.9653670300699
01-Aug-2026 01:08:38,-169.241981966617,-41.1349950201014,0,26,26,26,5,-41.1349950201014
01-Aug-2026 01:08:40,-168.904807509147,-40.7978205626314,0,26,26,26,5,-40.7978205626314
01-Aug-2026 01:08:42,-168.683238932719,-40.5762519862029,0,26,26,26,4,-40.5762519862029
01-Aug-2026 01:08:44,-168.284781626181,-40.1777946796653,0,26,26,26,5,-40.1777946796653
01-Aug-2026 01:08:46,-168.185749509405,-40.0787625628886,0,26,26,26,5,-40.0787625628886
01-Aug-2026 01:08:48,-168.518987853732,-40.4120009072165,0,26,26,26,6,-40.4120009072165
01-Aug-2026 01:08:50,-168.732278850453,-40.6252919039375,0,25,25,25,6,-40.6252919039375
01-Aug-2026 01:08:52,-168.903447862175,-40.7964609156595,0,25,25,25,6,-40.7964609156595
01-Aug-2026 01:08:54,-168.595057043563,-40.4880700970469,0,26,26,26,7,-40.4880700970469
01-Aug-2026 01:08:56,-168.247705954751,-40.1407190082347,0,26,26,26,7,-40.1407190082347
01-Aug-2026 01:08:58,-168.482436658794,-40.3754497122779,0,26,26,26,7,-40.3754497122779
01-Aug-2026 01:09:00,-167.718579628904,-39.6115926823882,0,26,26,26,6,-39.6115926823882
01-Aug-2026 01:09:02,-167.544374789695,-39.4373878431787,0,26,26,26,6,-39.4373878431787
01-Aug-2026 01:09:04,-168.369439198157,-40.2624522516408,0,26,26,26,5,-40.2624522516408
01-Aug-2026 01:09:06,-167.882137795935,-39.7751508494187,0,26,26,26,6,-39.7751508494187
01-Aug-2026 01:09:08,-167.54049732226,-39.4335103757445,0,26,26,26,6,-39.4335103757445
01-Aug-2026 01:09:10,-167.226153399572,-39.1191664530561,0,26,26,26,6,-39.1191664530561
01-Aug-2026 01:09:12,-167.703206031516,-39.5962190850006,0,26,26,26,6,-39.5962190850006
01-Aug-2026 01:09:14,-167.059635511468,-38.9526485649519,0,26,26,26,6,-38.9526485649519
01-Aug-2026 01:09:16,-166.083197989651,-37.976211043135,0,26,26,26,6,-37.976211043135
01-Aug-2026 01:09:18,-166.255240223943,-38.1482532774276,0,26,26,26,6,-38.1482532774276
01-Aug-2026 01:09:20,-174.003916037322,-45.8969290908065,0,25,25,25,4,-45.8969290908065
01-Aug-2026 01:09:22,-174.467141865105,-46.3601549185893,0,25,25,25,4,-46.3601549185893
01-Aug-2026 01:09:24,-174.084661709355,-45.9776747628389,0,25,25,25,4,-45.9776747628389
01-Aug-2026 01:09:26,-175.10086206734,-46.9938751208237,0,24,24,24,5,-46.9938751208237
01-Aug-2026 01:09:28,-175.335201018622,-47.2282140721057,0,25,25,25,6,-47.2282140721057
01-Aug-2026 01:09:30,-188.332203838848,-60.2252168923321,0,25,25,25,5,-60.2252168923321
01-Aug-2026 01:09:32,-188.116502887026,-60.0095159405098,0,25,25,25,5,-60.0095159405098
01-Aug-2026 01:09:34,-170.812890916893,-42.7059039703776,0,25,25,25,7,-42.7059039703776
01-Aug-2026 01:09:36,-170.705926132838,-42.598939186322,0,26,26,26,6,-42.598939186322
01-Aug-2026 01:09:38,-153.123120203383,-25.0161332568675,0,26,26,26,7,-25.0161332568675
01-Aug-2026 01:09:40,-153.515440086825,-25.4084531403095,0,26,26,26,8,-25.4084531403095
01-Aug-2026 01:09:42,-166.607971073324,-38.5009841268078,0,26,26,26,8,-38.5009841268078
01-Aug-2026 01:09:44,-166.588420110968,-38.4814331644525,0,26,26,26,8,-38.4814331644525
01-Aug-2026 01:09:46,-166.610895848045,-38.5039089015296,0,26,26,26,8,-38.5039089015296
01-Aug-2026 01:09:48,-166.250767320695,-38.1437803741789,0,27,27,27,9,-38.1437803741789
01-Aug-2026 01:09:50,-166.296753954808,-38.1897670082917,0,27,27,27,11,-38.1897670082917
01-Aug-2026 01:09:52,-169.355789634311,-41.2488026877948,0,27,27,27,10,-41.2488026877948
01-Aug-2026 01:09:54,-170.625453386945,-42.5184664404295,0,27,27,27,9,-42.5184664404295
01-Aug-2026 01:09:56,-177.675768856338,-49.5687819098218,0,27,27,27,8,-49.5687819098218
01-Aug-2026 01:09:58,-177.306531901073,-49.1995449545575,0,26,26,26,8,-49.1995449545575
01-Aug-2026 01:10:00,-162.005056722032,-33.8980697755161,0,26,26,26,8,-33.8980697755161
01-Aug-2026 01:10:02,-163.097801047418,-34.9908141009021,0,26,26,26,8,-34.9908141009021
01-Aug-2026 01:10:04,-163.886306178437,-35.7793192319213,0,26,26,26,8,-35.7793192319213
01-Aug-2026 01:10:06,-164.284787785847,-36.1778008393313,0,25,25,25,8,-36.1778008393313
01-Aug-2026 01:10:08,-165.541681462467,-37.4346945159513,0,25,25,25,8,-37.4346945159513
01-Aug-2026 01:10:10,-165.581883720722,-37.4748967742062,0,25,25,25,7,-37.4748967742062
01-Aug-2026 01:10:12,-165.732090805106,-37.6251038585901,0,24,24,24,6,-37.6251038585901
01-Aug-2026 01:10:14,-165.80548102616,-37.6984940796443,0,24,24,24,6,-37.6984940796443
01-Aug-2026 01:10:16,-165.779163883115,-37.6721769365989,0,24,24,24,7,-37.6721769365989
01-Aug-2026 01:10:18,-166.372145414466,-38.2651584679502,0,24,24,24,7,-38.2651584679502
01-Aug-2026 01:10:20,-166.888691562165,-38.7817046156488,0,24,24,24,7,-38.7817046156488
01-Aug-2026 01:10:22,-167.07622592509,-38.9692389785738,0,24,24,24,7,-38.9692389785738
01-Aug-2026 01:10:24,-166.445414668871,-38.3384277223549,0,24,24,24,8,-38.3384277223549
01-Aug-2026 01:10:26,-166.336241363868,-38.2292544173517,0,24,24,24,8,-38.2292544173517
01-Aug-2026 01:10:28,-166.443727507153,-38.3367405606374,0,24,24,24,8,-38.3367405606374
01-Aug-2026 01:10:30,-166.122297945703,-38.0153109991871,0,24,24,24,8,-38.0153109991871
01-Aug-2026 01:10:32,-167.209858703615,-39.1028717570994,0,24,24,24,8,-39.1028717570994
01-Aug-2026 01:10:34,-167.646267697198,-39.5392807506826,0,24,24,24,7,-39.5392807506826
01-Aug-2026 01:10:36,-167.663521947279,-39.5565350007636,0,25,25,25,9,-39.5565350007636
01-Aug-2026 01:10:38,-167.455916229905,-39.3489292833889,0,25,25,25,9,-39.3489292833889
01-Aug-2026 01:10:40,-167.178306669873,-39.0713197233567,0,25,25,25,7,-39.0713197233567
01-Aug-2026 01:10:42,-167.545219185058,-39.4382322385418,0,25,25,25,7,-39.4382322385418
01-Aug-2026 01:10:44,-168.013327559568,-39.9063406130525,0,25,25,25,6,-39.9063406130525
01-Aug-2026 01:10:46,-168.41649226863,-40.3095053221146,0,26,26,26,5,-40.3095053221146
01-Aug-2026 01:10:48,-168.137361451171,-40.0303745046548,0,27,27,27,5,-40.0303745046548
01-Aug-2026 01:10:50,-167.928224046242,-39.8212370997266,0,27,27,27,5,-39.8212370997266
01-Aug-2026 01:10:52,-168.547815504892,-40.4408285583757,0,27,27,27,5,-40.4408285583757
01-Aug-2026 01:10:54,-168.809180917296,-40.7021939707803,0,27,27,27,5,-40.7021939707803
01-Aug-2026 01:10:56,-168.914080754168,-40.8070938076524,0,27,27,27,5,-40.8070938076524
01-Aug-2026 01:10:58,-169.589025706199,-41.4820387596835,0,26,26,26,5,-41.4820387596835
01-Aug-2026 01:11:00,-169.86659495027,-41.7596080037541,0,26,26,26,3,-41.7596080037541
01-Aug-2026 01:11:02,-169.93211864349,-41.8251316969745,0,25,25,25,3,-41.8251316969745
01-Aug-2026 01:11:04,-170.068994767348,-41.9620078208321,0,25,25,25,3,-41.9620078208321
01-Aug-2026 01:11:06,-173.692288017232,-45.5853010707165,0,25,25,25,3,-45.5853010707165
01-Aug-2026 01:11:08,-173.091720084557,-44.9847331380412,0,25,25,25,3,-44.9847331380412
01-Aug-2026 01:11:10,-173.362985581118,-45.2559986346026,0,26,26,26,4,-45.2559986346026
01-Aug-2026 01:11:12,-188.609900421133,-60.5029134746175,0,26,26,26,3,-60.5029134746175
01-Aug-2026 01:11:14,-189.1315404014,-61.0245534548843,0,26,26,26,3,-61.0245534548843
01-Aug-2026 01:11:16,-192.984885073542,-64.8778981270263,0,26,26,26,2,-64.8778981270263
01-Aug-2026 01:11:18,-189.057646525998,-60.9506595794819,0,26,26,26,3,-60.9506595794819
01-Aug-2026 01:11:20,-189.14677679514,-61.0397898486241,0,26,26,26,3,-61.0397898486241
01-Aug-2026 01:11:22,-188.828059401777,-60.7210724552607,0,26,26,26,3,-60.7210724552607
01-Aug-2026 01:11:24,-175.744018138507,-47.6370311919911,0,26,26,26,5,-47.6370311919911
01-Aug-2026 01:11:26,-175.744461682477,-47.6374747359616,0,26,26,26,7,-47.6374747359616
01-Aug-2026 01:11:28,-175.738173176255,-47.6311862297389,0,27,27,27,7,-47.6311862297389
01-Aug-2026 01:11:30,-174.100708575944,-45.9937216294279,0,27,27,27,8,-45.9937216294279
01-Aug-2026 01:11:32,-173.97846222631,-45.8714752797938,0,28,28,28,7,-45.8714752797938
01-Aug-2026 01:11:34,-173.809795104278,-45.7028081577625,0,27,27,27,7,-45.7028081577625
01-Aug-2026 01:11:36,-178.522030285727,-50.4150433392111,0,28,28,28,6,-50.4150433392111
01-Aug-2026 01:11:38,-178.083393818686,-49.9764068721705,0,28,28,28,5,-49.9764068721705
01-Aug-2026 01:11:40,-178.277061312567,-50.1700743660516,0,28,28,28,5,-50.1700743660516
01-Aug-2026 01:11:42,-178.593910823556,-50.4869238770397,0,29,29,29,5,-50.4869238770397
01-Aug-2026 01:11:44,-178.796182745114,-50.6891957985986,0,29,29,29,5,-50.6891957985986
01-Aug-2026 01:11:46,-177.999431123174,-49.8924441766585,0,28,28,28,5,-49.8924441766585
01-Aug-2026 01:11:48,-177.653130895981,-49.5461439494648,0,28,28,28,4,-49.5461439494648
01-Aug-2026 01:11:50,-177.881369723863,-49.774382777347,0,28,28,28,4,-49.774382777347
01-Aug-2026 01:11:52,-177.607970932655,-49.5009839861389,0,27,27,27,6,-49.5009839861389
01-Aug-2026 01:11:54,-177.539673653267,-49.432686706751,0,27,27,27,5,-49.432686706751
01-Aug-2026 01:11:56,-177.408168635507,-49.3011816889912,0,27,27,27,3,-49.3011816889912
01-Aug-2026 01:11:58,-177.114341863214,-49.0073549166985,0,27,27,27,3,-49.0073549166985
01-Aug-2026 01:12:00,-176.524128194845,-48.417141248329,0,27,27,27,4,-48.417141248329
01-Aug-2026 01:12:02,-176.603978184581,-48.496991238065,0,27,27,27,3,-48.496991238065
01-Aug-2026 01:12:04,-176.22407632532,-48.1170893788041,0,27,27,27,3,-48.1170893788041
01-Aug-2026 01:12:06,-175.66391760251,-47.5569306559943,0,27,27,27,3,-47.5569306559943
01-Aug-2026 01:12:08,-176.081865766334,-47.9748788198184,0,27,27,27,3,-47.9748788198184
01-Aug-2026 01:12:10,-175.800746841522,-47.6937598950062,0,26,26,26,3,-47.6937598950062
01-Aug-2026 01:12:12,-175.684420803908,-47.5774338573919,0,26,26,26,3,-47.5774338573919
01-Aug-2026 01:12:14,-175.018385903296,-46.9113989567805,0,26,26,26,3,-46.9113989567805
01-Aug-2026 01:12:16,-172.991036725897,-44.8840497793811,0,26,26,26,5,-44.8840497793811
01-Aug-2026 01:12:18,-171.198170315022,-43.0911833685062,0,26,26,26,7,-43.0911833685062
01-Aug-2026 01:12:20,-171.030860653717,-42.9238737072012,0,26,26,26,7,-42.9238737072012
01-Aug-2026 01:12:22,-173.610540642725,-45.5035536962091,0,26,26,26,6,-45.5035536962091
01-Aug-2026 01:12:24,-169.78625887406,-41.6792719275437,0,26,26,26,7,-41.6792719275437
01-Aug-2026 01:12:26,-169.813964717547,-41.7069777710312,0,26,26,26,7,-41.7069777710312
01-Aug-2026 01:12:28,-169.646539990173,-41.5395530436567,0,26,26,26,8,-41.5395530436567
01-Aug-2026 01:12:30,-170.205299297424,-42.0983123509081,0,26,26,26,8,-42.0983123509081
01-Aug-2026 01:12:32,-169.993934497256,-41.8869475507405,0,26,26,26,7,-41.8869475507405
01-Aug-2026 01:12:34,-170.326908171636,-42.2199212251197,0,26,26,26,7,-42.2199212251197
01-Aug-2026 01:12:36,-174.860833805967,-46.7538468594515,0,26,26,26,6,-46.7538468594515
01-Aug-2026 01:12:38,-176.783985875774,-48.6769989292584,0,26,26,26,5,-48.6769989292584
01-Aug-2026 01:12:40,-180.667413751953,-52.5604268054367,0,25,25,25,3,-52.5604268054367
01-Aug-2026 01:12:42,-181.164999515973,-53.0580125694571,0,26,26,26,3,-53.0580125694571
01-Aug-2026 01:12:44,-182.127168271385,-54.0201813248696,0,25,25,25,2,-54.0201813248696
01-Aug-2026 01:12:46,-174.424904080043,-46.3179171335267,0,25,25,25,3,-46.3179171335267
01-Aug-2026 01:12:48,-174.767502988408,-46.6605160418921,0,25,25,25,3,-46.6605160418921
01-Aug-2026 01:12:50,-175.065007914968,-46.9580209684521,0,25,25,25,2,-46.9580209684521
01-Aug-2026 01:12:52,-174.812428826864,-46.7054418803479,0,25,25,25,2,-46.7054418803479
01-Aug-2026 01:12:54,-174.357401341093,-46.2504143945773,0,25,25,25,2,-46.2504143945773
01-Aug-2026 01:12:56,-174.303719528139,-46.1967325816227,0,25,25,25,3,-46.1967325816227
01-Aug-2026 01:12:58,-196.572430361563,-68.4654434150466,0,25,25,25,2,-68.4654434150466
01-Aug-2026 01:13:00,-196.802165421049,-68.6951784745327,0,25,25,25,2,-68.6951784745327
01-Aug-2026 01:13:02,-197.050694546352,-68.9437075998356,0,25,25,25,2,-68.9437075998356
01-Aug-2026 01:13:04,-197.590466681634,-69.4834797351177,0,25,25,25,1,-69.4834797351177
01-Aug-2026 01:13:06,-171.426747032725,-43.3197600862093,0,24,24,24,1,-43.3197600862093
01-Aug-2026 01:13:08,-168.781118434809,-40.6741314882931,0,24,24,24,2,-40.6741314882931
01-Aug-2026 01:13:10,-168.581380385888,-40.4743934393717,0,24,24,24,2,-40.4743934393717
01-Aug-2026 01:13:12,-168.711965761234,-40.6049788147185,0,24,24,24,2,-40.6049788147185
01-Aug-2026 01:13:14,-169.069151570779,-40.9621646242635,0,24,24,24,3,-40.9621646242635
01-Aug-2026 01:13:16,-171.605182997361,-43.4981960508449,0,25,25,25,3,-43.4981960508449
01-Aug-2026 01:13:18,-171.30244118449,-43.1954542379738,0,25,25,25,4,-43.1954542379738
01-Aug-2026 01:13:20,-171.405855828458,-43.2988688819422,0,25,25,25,4,-43.2988688819422
01-Aug-2026 01:13:22,-144.847152000395,-16.7401650538796,0,25,25,25,5,-16.7401650538796
01-Aug-2026 01:13:24,-145.211422108196,-17.1044351616798,0,25,25,25,5,-17.1044351616798
01-Aug-2026 01:13:26,-146.19093781369,-18.0839508671741,0,25,25,25,7,-18.0839508671741
01-Aug-2026 01:13:28,-146.529720144327,-18.4227331978112,0,26,26,26,7,-18.4227331978112
01-Aug-2026 01:13:30,-148.440241975506,-20.3332550289897,0,26,26,26,7,-20.3332550289897
01-Aug-2026 01:13:32,-150.29227047871,-22.1852835321946,0,26,26,26,6,-22.1852835321946
01-Aug-2026 01:13:34,-151.218007790246,-23.1110208437305,0,26,26,26,6,-23.1110208437305
01-Aug-2026 01:13:36,-152.477616667235,-24.3706297207191,0,26,26,26,6,-24.3706297207191
01-Aug-2026 01:13:38,-154.202230361697,-26.0952434151816,0,26,26,26,6,-26.0952434151816
01-Aug-2026 01:13:40,-155.394006183929,-27.2870192374136,0,27,27,27,6,-27.2870192374136
01-Aug-2026 01:13:42,-156.582668247006,-28.4756813004902,0,27,27,27,5,-28.4756813004902
01-Aug-2026 01:13:44,-157.382643445781,-29.2756564992647,0,27,27,27,5,-29.2756564992647
01-Aug-2026 01:13:46,-157.762933229611,-29.6559462830947,0,27,27,27,6,-29.6559462830947
01-Aug-2026 01:13:48,-159.119544637889,-31.0125576913732,0,26,26,26,6,-31.0125576913732
01-Aug-2026 01:13:50,-159.856578608231,-31.7495916617154,0,26,26,26,5,-31.7495916617154
01-Aug-2026 01:13:52,-161.001371665766,-32.8943847192501,0,26,26,26,7,-32.8943847192501
01-Aug-2026 01:13:54,-160.785502703147,-32.6785157566312,0,26,26,26,7,-32.6785157566312
01-Aug-2026 01:13:56,-161.831294537076,-33.7243075905599,0,25,25,25,6,-33.7243075905599
01-Aug-2026 01:13:58,-162.053785108379,-33.9467981618631,0,25,25,25,6,-33.9467981618631
01-Aug-2026 01:14:00,-163.624933838441,-35.5179468919249,0,25,25,25,4,-35.5179468919249
01-Aug-2026 01:14:02,-163.594497712563,-35.4875107660473,0,25,25,25,5,-35.4875107660473
01-Aug-2026 01:14:04,-163.738587003939,-35.6316000574227,0,24,24,24,5,-35.6316000574227
01-Aug-2026 01:14:06,-164.870330987375,-36.7633440408596,0,24,24,24,4,-36.7633440408596
01-Aug-2026 01:14:08,-167.242433257502,-39.1354463109861,0,24,24,24,4,-39.1354463109861
01-Aug-2026 01:14:10,-167.631240259769,-39.524253313253,0,24,24,24,5,-39.524253313253
01-Aug-2026 01:14:12,-167.280242748142,-39.1732558016265,0,24,24,24,5,-39.1732558016265
01-Aug-2026 01:14:14,-167.183945021065,-39.0769580745488,0,24,24,24,5,-39.0769580745488
01-Aug-2026 01:14:16,-167.170214780801,-39.0632278342851,0,24,24,24,5,-39.0632278342851
01-Aug-2026 01:14:18,-166.959581054634,-38.8525941081182,0,24,24,24,4,-38.8525941081182
01-Aug-2026 01:14:20,-162.022954684028,-33.9159677375118,0,25,25,25,5,-33.9159677375118
01-Aug-2026 01:14:22,-164.287728619205,-36.1807416726894,0,25,25,25,4,-36.1807416726894
01-Aug-2026 01:14:24,-164.403657304251,-36.2966703577349,0,25,25,25,3,-36.2966703577349
01-Aug-2026 01:14:26,-164.2186403159,-36.1116533693843,0,25,25,25,3,-36.1116533693843
01-Aug-2026 01:14:28,-164.54375540066,-36.4367684541444,0,25,25,25,3,-36.4367684541444
01-Aug-2026 01:14:30,-164.15048706793,-36.0435001214143,0,25,25,25,5,-36.0435001214143
01-Aug-2026 01:14:32,-176.844659308392,-48.7376723618758,0,25,25,25,3,-48.7376723618758
01-Aug-2026 01:14:34,-177.269169151562,-49.1621822050459,0,25,25,25,3,-49.1621822050459
01-Aug-2026 01:14:36,-177.117195880286,-49.0102089337703,0,25,25,25,4,-49.0102089337703
01-Aug-2026 01:14:38,-176.985776482375,-48.8787895358587,0,25,25,25,3,-48.8787895358587
01-Aug-2026 01:14:40,-194.985139834439,-66.878152887923,0,25,25,25,2,-66.878152887923
01-Aug-2026 01:14:42,-177.05683603495,-48.9498490884338,0,25,25,25,3,-48.9498490884338
01-Aug-2026 01:14:44,-177.55347573645,-49.4464887899338,0,25,25,25,3,-49.4464887899338
01-Aug-2026 01:14:46,-174.582239939134,-46.4752529926182,0,25,25,25,4,-46.4752529926182
01-Aug-2026 01:14:48,-174.553142427102,-46.4461554805866,0,25,25,25,6,-46.4461554805866
01-Aug-2026 01:14:50,-177.439599112051,-49.3326121655351,0,25,25,25,5,-49.3326121655351
01-Aug-2026 01:14:52,-177.164137618139,-49.0571506716228,0,25,25,25,5,-49.0571506716228
01-Aug-2026 01:14:54,-177.357744688045,-49.2507577415296,0,24,24,24,3,-49.2507577415296
01-Aug-2026 01:14:56,-177.419038058577,-49.3120511120608,0,24,24,24,3,-49.3120511120608
01-Aug-2026 01:14:58,-177.533689887907,-49.4267029413914,0,24,24,24,3,-49.4267029413914
01-Aug-2026 01:15:00,-177.19259592988,-49.0856089833636,0,24,24,24,4,-49.0856089833636
01-Aug-2026 01:15:02,-176.811607027613,-48.7046200810969,0,24,24,24,4,-48.7046200810969
01-Aug-2026 01:15:04,-176.679373738778,-48.5723867922623,0,24,24,24,5,-48.5723867922623
01-Aug-2026 01:15:06,-173.691274422122,-45.5842874756059,0,25,25,25,6,-45.5842874756059
01-Aug-2026 01:15:08,-173.095162494086,-44.9881755475702,0,25,25,25,7,-44.9881755475702
01-Aug-2026 01:15:10,-173.123541111366,-45.0165541648497,0,25,25,25,7,-45.0165541648497
01-Aug-2026 01:15:12,-172.773873547194,-44.6668866006782,0,25,25,25,7,-44.6668866006782
01-Aug-2026 01:15:14,-175.5489115685,-47.441924621984,0,25,25,25,6,-47.441924621984
01-Aug-2026 01:15:16,-175.480951931439,-47.3739649849228,0,25,25,25,6,-47.3739649849228
01-Aug-2026 01:15:18,-175.604648068771,-47.4976611222552,0,27,27,27,5,-47.4976611222552
01-Aug-2026 01:15:20,-176.384432795364,-48.2774458488479,0,27,27,27,4,-48.2774458488479
01-Aug-2026 01:15:22,-176.83963359445,-48.7326466479338,0,27,27,27,4,-48.7326466479338
01-Aug-2026 01:15:24,-176.426457125606,-48.3194701790899,0,27,27,27,3,-48.3194701790899
01-Aug-2026 01:15:26,-176.377370429414,-48.2703834828977,0,27,27,27,3,-48.2703834828977
01-Aug-2026 01:15:28,-176.460253499996,-48.3532665534801,0,27,27,27,3,-48.3532665534801
01-Aug-2026 01:15:30,-175.842763071408,-47.7357761248922,0,27,27,27,4,-47.7357761248922
01-Aug-2026 01:15:32,-175.153037190254,-47.0460502437383,0,27,27,27,4,-47.0460502437383
01-Aug-2026 01:15:34,-174.858252734066,-46.7512657875498,0,27,27,27,5,-46.7512657875498
01-Aug-2026 01:15:36,-174.79359478041,-46.6866078338943,0,27,27,27,4,-46.6866078338943
01-Aug-2026 01:15:38,-171.778010043578,-43.6710230970625,0,27,27,27,6,-43.6710230970625
01-Aug-2026 01:15:40,-186.932348156374,-58.8253612098579,0,27,27,27,4,-58.8253612098579
01-Aug-2026 01:15:42,-180.945333655077,-52.8383467085607,0,27,27,27,5,-52.8383467085607
01-Aug-2026 01:15:44,-174.518539045616,-46.4115520990998,0,26,26,26,6,-46.4115520990998
01-Aug-2026 01:15:46,-174.788146513522,-46.681159567006,0,26,26,26,6,-46.681159567006
01-Aug-2026 01:15:48,-181.14450929926,-53.0375223527439,0,26,26,26,5,-53.0375223527439
01-Aug-2026 01:15:50,-175.35311297234,-47.246126025824,0,26,26,26,7,-47.246126025824
01-Aug-2026 01:15:52,-174.723104362354,-46.6161174158382,0,26,26,26,8,-46.6161174158382
01-Aug-2026 01:15:54,-174.948200401792,-46.8412134552765,0,26,26,26,8,-46.8412134552765
01-Aug-2026 01:15:56,-175.444527697254,-47.3375407507378,0,26,26,26,7,-47.3375407507378
01-Aug-2026 01:15:58,-175.322074439852,-47.2150874933359,0,26,26,26,8,-47.2150874933359
01-Aug-2026 01:16:00,-175.59638150023,-47.4893945537139,0,25,25,25,7,-47.4893945537139
01-Aug-2026 01:16:02,-173.576195557024,-45.4692086105077,0,25,25,25,8,-45.4692086105077
01-Aug-2026 01:16:04,-173.462861276766,-45.3558743302506,0,25,25,25,7,-45.3558743302506
01-Aug-2026 01:16:06,-173.502481517517,-45.3954945710013,0,25,25,25,7,-45.3954945710013
01-Aug-2026 01:16:08,-173.720027720463,-45.6130407739471,0,25,25,25,7,-45.6130407739471
01-Aug-2026 01:16:10,-175.691216521811,-47.5842295752947,0,25,25,25,8,-47.5842295752947
01-Aug-2026 01:16:12,-175.981281656769,-47.8742947102528,0,25,25,25,8,-47.8742947102528
01-Aug-2026 01:16:14,-175.853484637325,-47.7464976908088,0,25,25,25,8,-47.7464976908088
01-Aug-2026 01:16:16,-176.027588271731,-47.9206013252151,0,25,25,25,8,-47.9206013252151
01-Aug-2026 01:16:18,-176.081732974838,-47.9747460283219,0,25,25,25,8,-47.9747460283219
01-Aug-2026 01:16:20,-175.931519717211,-47.8245327706948,0,25,25,25,8,-47.8245327706948
01-Aug-2026 01:16:22,-176.226304986028,-48.1193180395126,0,25,25,25,8,-48.1193180395126
01-Aug-2026 01:16:24,-176.03888514665,-47.9318982001343,0,25,25,25,8,-47.9318982001343
01-Aug-2026 01:16:26,-176.516509587623,-48.4095226411068,0,25,25,25,6,-48.4095226411068
01-Aug-2026 01:16:28,-180.548840102229,-52.4418531557132,0,25,25,25,5,-52.4418531557132
01-Aug-2026 01:16:30,-171.026897411467,-42.9199104649514,0,26,26,26,7,-42.9199104649514
01-Aug-2026 01:16:32,-171.378696902977,-43.2717099564611,0,26,26,26,6,-43.2717099564611
01-Aug-2026 01:16:34,-168.582570765783,-40.4755838192669,0,26,26,26,7,-40.4755838192669
01-Aug-2026 01:16:36,-165.679512767695,-37.5725258211796,0,25,25,25,4,-37.5725258211796
01-Aug-2026 01:16:38,-164.076396121417,-35.9694091749009,0,25,25,25,5,-35.9694091749009
01-Aug-2026 01:16:40,-161.765836170362,-33.6588492238466,0,25,25,25,5,-33.6588492238466
01-Aug-2026 01:16:42,-159.245467937616,-31.1384809910998,0,25,25,25,5,-31.1384809910998
01-Aug-2026 01:16:44,-155.032283654112,-26.925296707596,0,25,25,25,5,-26.925296707596
01-Aug-2026 01:16:46,-151.487974358363,-23.3809874118473,0,25,25,25,5,-23.3809874118473
01-Aug-2026 01:16:48,-148.230736519255,-20.1237495727391,0,25,25,25,5,-20.1237495727391
01-Aug-2026 01:16:50,-146.572543843066,-18.46555689655,0,25,25,25,5,-18.46555689655
01-Aug-2026 01:16:52,-147.504056593218,-19.3970696467018,0,25,25,25,5,-19.3970696467018
01-Aug-2026 01:16:54,-149.858509463605,-21.7515225170895,0,24,24,24,5,-21.7515225170895
01-Aug-2026 01:16:56,-152.740977145266,-24.6339901987498,0,24,24,24,5,-24.6339901987498
01-Aug-2026 01:16:58,-154.499088467216,-26.3921015206997,0,24,24,24,5,-26.3921015206997
01-Aug-2026 01:17:00,-154.423831234408,-26.3168442878923,0,24,24,24,5,-26.3168442878923
01-Aug-2026 01:17:02,-153.63530877803,-25.5283218315142,0,24,24,24,5,-25.5283218315142
01-Aug-2026 01:17:04,-151.917678599498,-23.8106916529818,0,25,25,25,5,-23.8106916529818
01-Aug-2026 01:17:06,-168.620056961184,-40.5130700146679,0,25,25,25,3,-40.5130700146679
01-Aug-2026 01:17:08,-169.544405143132,-41.4374181966157,0,25,25,25,3,-41.4374181966157
01-Aug-2026 01:17:10,-169.988950085716,-41.8819631392001,0,25,25,25,3,-41.8819631392001
01-Aug-2026 01:17:12,-170.36594941631,-42.2589624697939,0,25,25,25,2,-42.2589624697939
01-Aug-2026 01:17:14,-170.251024946065,-42.1440379995489,0,25,25,25,2,-42.1440379995489
01-Aug-2026 01:17:16,-179.145595305303,-51.0386083587868,0,25,25,25,2,-51.0386083587868
01-Aug-2026 01:17:18,-179.411405126585,-51.3044181800688,0,25,25,25,3,-51.3044181800688
01-Aug-2026 01:17:20,-180.387625670552,-52.2806387240362,0,26,26,26,3,-52.2806387240362
01-Aug-2026 01:17:22,-181.31623345449,-53.2092465079746,0,26,26,26,4,-53.2092465079746
01-Aug-2026 01:17:24,-159.177615026839,-31.0706280803236,0,26,26,26,5,-31.0706280803236
01-Aug-2026 01:17:26,-160.646813864627,-32.5398269181113,0,26,26,26,5,-32.5398269181113
01-Aug-2026 01:17:28,-161.051104210823,-32.9441172643075,0,26,26,26,5,-32.9441172643075
01-Aug-2026 01:17:30,-161.72962004008,-33.622633093564,0,26,26,26,5,-33.622633093564
01-Aug-2026 01:17:32,-163.052483692319,-34.9454967458034,0,27,27,27,5,-34.9454967458034
01-Aug-2026 01:17:34,-164.476479170695,-36.3694922241792,0,27,27,27,5,-36.3694922241792
01-Aug-2026 01:17:36,-165.16568046891,-37.0586935223941,0,27,27,27,5,-37.0586935223941
01-Aug-2026 01:17:38,-165.041597280081,-36.9346103335648,0,27,27,27,5,-36.9346103335648
01-Aug-2026 01:17:40,-166.309724610862,-38.202737664346,0,26,26,26,5,-38.202737664346
01-Aug-2026 01:17:42,-166.835586322668,-38.7285993761523,0,26,26,26,4,-38.7285993761523
01-Aug-2026 01:17:44,-167.688419503942,-39.581432557426,0,25,25,25,3,-39.581432557426
01-Aug-2026 01:17:46,-168.296792069659,-40.1898051231433,0,25,25,25,3,-40.1898051231433
01-Aug-2026 01:17:48,-169.386468422906,-41.2794814763903,0,25,25,25,3,-41.2794814763903
01-Aug-2026 01:17:50,-169.678856167611,-41.5718692210952,0,25,25,25,3,-41.5718692210952
01-Aug-2026 01:17:52,-169.826441870599,-41.7194549240834,0,25,25,25,4,-41.7194549240834
01-Aug-2026 01:17:54,-169.760126661462,-41.6531397149457,0,25,25,25,6,-41.6531397149457
01-Aug-2026 01:17:56,-170.231915977493,-42.1249290309776,0,24,24,24,6,-42.1249290309776
01-Aug-2026 01:17:58,-170.325305064642,-42.218318118126,0,24,24,24,5,-42.218318118126
01-Aug-2026 01:18:00,-170.352191852729,-42.2452049062126,0,24,24,24,5,-42.2452049062126
01-Aug-2026 01:18:02,-170.199451621523,-42.0924646750067,0,24,24,24,5,-42.0924646750067
01-Aug-2026 01:18:04,-169.889518485048,-41.7825315385326,0,24,24,24,5,-41.7825315385326
01-Aug-2026 01:18:06,-167.260789985576,-39.1538030390603,0,25,25,25,6,-39.1538030390603
01-Aug-2026 01:18:08,-169.551748370852,-41.4447614243365,0,25,25,25,5,-41.4447614243365
01-Aug-2026 01:18:10,-169.758138171078,-41.6511512245624,0,25,25,25,5,-41.6511512245624
01-Aug-2026 01:18:12,-169.195278060728,-41.0882911142123,0,25,25,25,5,-41.0882911142123
01-Aug-2026 01:18:14,-168.782398769428,-40.6754118229121,0,25,25,25,5,-40.6754118229121
01-Aug-2026 01:18:16,-168.962098620528,-40.8551116740119,0,25,25,25,5,-40.8551116740119
01-Aug-2026 01:18:18,-168.446528311246,-40.3395413647306,0,24,24,24,5,-40.3395413647306
01-Aug-2026 01:18:20,-168.951428283533,-40.8444413370171,0,24,24,24,4,-40.8444413370171
01-Aug-2026 01:18:22,-169.075186915643,-40.9681999691267,0,24,24,24,5,-40.9681999691267
01-Aug-2026 01:18:24,-169.305343683709,-41.1983567371927,0,24,24,24,5,-41.1983567371927
01-Aug-2026 01:18:26,-169.553402838448,-41.4464158919319,0,24,24,24,4,-41.4464158919319
01-Aug-2026 01:18:28,-169.645282887948,-41.5382959414326,0,24,24,24,5,-41.5382959414326
01-Aug-2026 01:18:30,-169.742533556245,-41.6355466097287,0,24,24,24,5,-41.6355466097287
01-Aug-2026 01:18:32,-170.026695426854,-41.9197084803378,0,25,25,25,6,-41.9197084803378
01-Aug-2026 01:18:34,-169.720849664492,-41.6138627179762,0,25,25,25,7,-41.6138627179762
01-Aug-2026 01:18:36,-169.925510057068,-41.818523110552,0,25,25,25,8,-41.818523110552
01-Aug-2026 01:18:38,-170.751167820163,-42.6441808736467,0,25,25,25,8,-42.6441808736467
01-Aug-2026 01:18:40,-169.084645536936,-40.9776585904204,0,25,25,25,9,-40.9776585904204
01-Aug-2026 01:18:42,-168.889367405431,-40.7823804589156,0,25,25,25,9,-40.7823804589156
01-Aug-2026 01:18:44,-168.896269490462,-40.7892825439461,0,25,25,25,9,-40.7892825439461
01-Aug-2026 01:18:46,-169.044236575925,-40.9372496294096,0,25,25,25,10,-40.9372496294096
01-Aug-2026 01:18:48,-168.820234008099,-40.7132470615835,0,25,25,25,10,-40.7132470615835
01-Aug-2026 01:18:50,-168.837164701751,-40.7301777552351,0,25,25,25,10,-40.7301777552351
01-Aug-2026 01:18:52,-171.648971242732,-43.5419842962159,0,24,24,24,9,-43.5419842962159
01-Aug-2026 01:18:54,-171.462266997003,-43.355280050487,0,24,24,24,10,-43.355280050487
01-Aug-2026 01:18:56,-171.376801220676,-43.2698142741601,0,24,24,24,8,-43.2698142741601
01-Aug-2026 01:18:58,-171.196851352789,-43.0898644062736,0,24,24,24,7,-43.0898644062736
01-Aug-2026 01:19:00,-167.852007247054,-39.745020300538,0,26,26,26,8,-39.745020300538
01-Aug-2026 01:19:02,-171.014789868377,-42.907802921861,0,26,26,26,8,-42.907802921861
01-Aug-2026 01:19:04,-171.692748349296,-43.5857614027802,0,26,26,26,7,-43.5857614027802
01-Aug-2026 01:19:06,-171.76335694764,-43.6563700011238,0,26,26,26,7,-43.6563700011238
01-Aug-2026 01:19:08,-169.979311181537,-41.8723242350213,0,27,27,27,8,-41.8723242350213
01-Aug-2026 01:19:10,-170.183698545223,-42.0767115987075,0,27,27,27,8,-42.0767115987075
01-Aug-2026 01:19:12,-170.124462408672,-42.0174754621564,0,26,26,26,8,-42.0174754621564
01-Aug-2026 01:19:14,-173.422759889576,-45.3157729430599,0,26,26,26,8,-45.3157729430599
01-Aug-2026 01:19:16,-173.096268510654,-44.9892815641386,0,27,27,27,8,-44.9892815641386
01-Aug-2026 01:19:18,-173.644501833412,-45.5375148868964,0,27,27,27,6,-45.5375148868964
01-Aug-2026 01:19:20,-173.477473775619,-45.3704868291035,0,27,27,27,5,-45.3704868291035
01-Aug-2026 01:19:22,-173.577004865738,-45.4700179192218,0,26,26,26,5,-45.4700179192218
01-Aug-2026 01:19:24,-173.303121832557,-45.1961348860414,0,27,27,27,5,-45.1961348860414
01-Aug-2026 01:19:26,-173.760365942149,-45.653378995633,0,27,27,27,4,-45.653378995633
01-Aug-2026 01:19:28,-174.06615962602,-45.9591726795043,0,27,27,27,4,-45.9591726795043
01-Aug-2026 01:19:30,-188.019784493443,-59.9127975469269,0,27,27,27,3,-59.9127975469269
01-Aug-2026 01:19:32,-187.936787551319,-59.8298006048033,0,27,27,27,3,-59.8298006048033
01-Aug-2026 01:19:34,-182.974535782585,-54.8675488360694,0,26,26,26,4,-54.8675488360694
01-Aug-2026 01:19:36,-182.763152668339,-54.656165721823,0,26,26,26,5,-54.656165721823
01-Aug-2026 01:19:38,-183.720537919346,-55.6135509728298,0,26,26,26,5,-55.6135509728298
01-Aug-2026 01:19:40,-175.291450476834,-47.1844635303181,0,26,26,26,6,-47.1844635303181
01-Aug-2026 01:19:42,-175.053995772831,-46.9470088263154,0,26,26,26,5,-46.9470088263154
01-Aug-2026 01:19:44,-175.158699410147,-47.0517124636307,0,26,26,26,5,-47.0517124636307
01-Aug-2026 01:19:46,-186.746537076528,-58.6395501300123,0,26,26,26,4,-58.6395501300123
01-Aug-2026 01:19:48,-185.236223453949,-57.1292365074336,0,26,26,26,6,-57.1292365074336
01-Aug-2026 01:19:50,-185.632384922233,-57.5253979757168,0,25,25,25,5,-57.5253979757168
01-Aug-2026 01:19:52,-177.654097146188,-49.5471101996724,0,25,25,25,7,-49.5471101996724
01-Aug-2026 01:19:54,-177.48395751595,-49.376970569434,0,25,25,25,7,-49.376970569434
01-Aug-2026 01:19:56,-177.743002424572,-49.6360154780566,0,25,25,25,6,-49.6360154780566
01-Aug-2026 01:19:58,-177.511638755433,-49.4046518089176,0,25,25,25,6,-49.4046518089176
01-Aug-2026 01:20:00,-177.333377366066,-49.2263904195499,0,25,25,25,6,-49.2263904195499
01-Aug-2026 01:20:02,-177.316453383732,-49.2094664372161,0,25,25,25,6,-49.2094664372161
01-Aug-2026 01:20:04,-177.553087590083,-49.4461006435676,0,25,25,25,6,-49.4461006435676
01-Aug-2026 01:20:06,-177.319292521894,-49.2123055753786,0,25,25,25,6,-49.2123055753786
01-Aug-2026 01:20:08,-177.624048513939,-49.5170615674226,0,25,25,25,6,-49.5170615674226
01-Aug-2026 01:20:10,-169.790474085753,-41.683487139237,0,25,25,25,7,-41.683487139237
01-Aug-2026 01:20:12,-170.007208481541,-41.9002215350252,0,25,25,25,7,-41.9002215350252
01-Aug-2026 01:20:14,-169.559664323027,-41.4526773765113,0,25,25,25,7,-41.4526773765113
01-Aug-2026 01:20:16,-169.738904799848,-41.631917853332,0,25,25,25,7,-41.631917853332
01-Aug-2026 01:20:18,-169.491267866711,-41.3842809201954,0,26,26,26,7,-41.3842809201954
01-Aug-2026 01:20:20,-169.389343394188,-41.2823564476723,0,26,26,26,7,-41.2823564476723
01-Aug-2026 01:20:22,-169.359835870344,-41.252848923828,0,26,26,26,7,-41.252848923828
01-Aug-2026 01:20:24,-169.422749825225,-41.3157628787094,0,26,26,26,7,-41.3157628787094
01-Aug-2026 01:20:26,-169.213255114722,-41.106268168206,0,26,26,26,7,-41.106268168206
01-Aug-2026 01:20:28,-169.306709599203,-41.1997226526875,0,26,26,26,7,-41.1997226526875
01-Aug-2026 01:20:30,-162.354453851943,-34.2474669054266,0,25,25,25,7,-34.2474669054266
01-Aug-2026 01:20:32,-161.18072732374,-33.0737403772238,0,25,25,25,8,-33.0737403772238
01-Aug-2026 01:20:34,-161.237334435455,-33.1303474889393,0,25,25,25,8,-33.1303474889393
01-Aug-2026 01:20:36,-160.209718355142,-32.1027314086266,0,25,25,25,8,-32.1027314086266
01-Aug-2026 01:20:38,-160.21287335899,-32.1058864124738,0,25,25,25,8,-32.1058864124738
01-Aug-2026 01:20:40,-165.254874924455,-37.1478879779395,0,24,24,24,7,-37.1478879779395
01-Aug-2026 01:20:42,-164.886735045997,-36.7797480994807,0,24,24,24,7,-36.7797480994807
01-Aug-2026 01:20:44,-164.620903893704,-36.5139169471884,0,24,24,24,7,-36.5139169471884
01-Aug-2026 01:20:46,-164.399894131601,-36.2929071850847,0,24,24,24,8,-36.2929071850847
01-Aug-2026 01:20:48,-164.608295196657,-36.501308250141,0,24,24,24,8,-36.501308250141
01-Aug-2026 01:20:50,-164.210076646331,-36.1030896998154,0,24,24,24,8,-36.1030896998154
01-Aug-2026 01:20:52,-166.051961721201,-37.9449747746852,0,25,25,25,8,-37.9449747746852
01-Aug-2026 01:20:54,-166.080278153921,-37.9732912074056,0,25,25,25,8,-37.9732912074056
01-Aug-2026 01:20:56,-165.541794783925,-37.4348078374094,0,25,25,25,7,-37.4348078374094
01-Aug-2026 01:20:58,-165.071739129758,-36.964752183242,0,25,25,25,7,-36.964752183242
01-Aug-2026 01:21:00,-164.828029298008,-36.7210423514921,0,25,25,25,7,-36.7210423514921
01-Aug-2026 01:21:02,-164.345097468928,-36.238110522412,0,25,25,25,5,-36.238110522412
01-Aug-2026 01:21:04,-164.881072745895,-36.7740857993791,0,25,25,25,5,-36.7740857993791
01-Aug-2026 01:21:06,-164.899711615862,-36.7927246693457,0,25,25,25,7,-36.7927246693457
01-Aug-2026 01:21:08,-164.993284043767,-36.8862970972515,0,25,25,25,7,-36.8862970972515
01-Aug-2026 01:21:10,-164.592124505969,-36.4851375594528,0,26,26,26,7,-36.4851375594528
01-Aug-2026 01:21:12,-164.468591063956,-36.3616041174406,0,26,26,26,7,-36.3616041174406
01-Aug-2026 01:21:14,-178.159447898666,-50.0524609521506,0,26,26,26,5,-50.0524609521506
01-Aug-2026 01:21:16,-176.990286272544,-48.8832993260279,0,26,26,26,5,-48.8832993260279
01-Aug-2026 01:21:18,-153.135616430732,-25.0286294842157,0,26,26,26,6,-25.0286294842157
01-Aug-2026 01:21:20,-155.071860691269,-26.9648737447529,0,26,26,26,6,-26.9648737447529
01-Aug-2026 01:21:22,-155.1037318386,-26.9967448920843,0,26,26,26,7,-26.9967448920843
01-Aug-2026 01:21:24,-156.477787787666,-28.3708008411498,0,27,27,27,8,-28.3708008411498
01-Aug-2026 01:21:26,-156.358975515726,-28.2519885692099,0,27,27,27,8,-28.2519885692099
01-Aug-2026 01:21:28,-156.93349484155,-28.8265078950341,0,27,27,27,8,-28.8265078950341
01-Aug-2026 01:21:30,-157.829401689421,-29.7224147429052,0,26,26,26,7,-29.7224147429052
01-Aug-2026 01:21:32,-158.698838996835,-30.5918520503191,0,26,26,26,6,-30.5918520503191
01-Aug-2026 01:21:34,-159.118281037167,-31.011294090651,0,25,25,25,5,-31.011294090651
01-Aug-2026 01:21:36,-160.068632765813,-31.9616458192971,0,25,25,25,6,-31.9616458192971
01-Aug-2026 01:21:38,-160.446547824856,-32.3395608783402,0,25,25,25,6,-32.3395608783402
01-Aug-2026 01:21:40,-161.288761636734,-33.1817746902182,0,25,25,25,6,-33.1817746902182
01-Aug-2026 01:21:42,-161.69697824897,-33.5899913024541,0,25,25,25,6,-33.5899913024541
01-Aug-2026 01:21:44,-161.483667831823,-33.3766808853076,0,25,25,25,8,-33.3766808853076
01-Aug-2026 01:21:46,-162.28037235946,-34.1733854129442,0,24,24,24,8,-34.1733854129442
01-Aug-2026 01:21:48,-162.41769351651,-34.3107065699944,0,24,24,24,8,-34.3107065699944
01-Aug-2026 01:21:50,-162.454672771861,-34.3476858253455,0,25,25,25,8,-34.3476858253455
01-Aug-2026 01:21:52,-162.752846898282,-34.6458599517665,0,25,25,25,8,-34.6458599517665
01-Aug-2026 01:21:54,-162.838783781907,-34.7317968353916,0,24,24,24,8,-34.7317968353916
01-Aug-2026 01:21:56,-162.981277808763,-34.8742908622469,0,24,24,24,8,-34.8742908622469
01-Aug-2026 01:21:58,-163.006719966637,-34.8997330201216,0,24,24,24,7,-34.8997330201216
01-Aug-2026 01:22:00,-164.719692158866,-36.6127052123504,0,24,24,24,6,-36.6127052123504
01-Aug-2026 01:22:02,-164.658447155,-36.5514602084837,0,24,24,24,7,-36.5514602084837
01-Aug-2026 01:22:04,-164.618410460463,-36.5114235139468,0,24,24,24,7,-36.5114235139468
01-Aug-2026 01:22:06,-164.983498538562,-36.8765115920461,0,24,24,24,7,-36.8765115920461
01-Aug-2026 01:22:08,-165.97861433381,-37.8716273872946,0,24,24,24,9,-37.8716273872946
01-Aug-2026 01:22:10,-165.823539623564,-37.7165526770485,0,24,24,24,9,-37.7165526770485
01-Aug-2026 01:22:12,-165.875415235309,-37.7684282887935,0,24,24,24,8,-37.7684282887935
01-Aug-2026 01:22:14,-166.128345216856,-38.02135827034,0,24,24,24,8,-38.02135827034
01-Aug-2026 01:22:16,-165.811810562853,-37.7048236163372,0,24,24,24,7,-37.7048236163372
01-Aug-2026 01:22:18,-166.025779376974,-37.9187924304579,0,24,24,24,8,-37.9187924304579
01-Aug-2026 01:22:20,-173.083073170632,-44.9760862241163,0,24,24,24,6,-44.9760862241163
01-Aug-2026 01:22:22,-172.626695956628,-44.5197090101124,0,24,24,24,5,-44.5197090101124
01-Aug-2026 01:22:24,-172.866141882402,-44.7591549358863,0,25,25,25,5,-44.7591549358863
01-Aug-2026 01:22:26,-172.253600335037,-44.146613388521,0,25,25,25,5,-44.146613388521
01-Aug-2026 01:22:28,-172.119501430889,-44.0125144843733,0,25,25,25,5,-44.0125144843733
01-Aug-2026 01:22:30,-172.092251021578,-43.9852640750622,0,25,25,25,6,-43.9852640750622
01-Aug-2026 01:22:32,-172.759712069915,-44.6527251233991,0,25,25,25,7,-44.6527251233991
01-Aug-2026 01:22:34,-173.548101723413,-45.4411147768968,0,25,25,25,7,-45.4411147768968
01-Aug-2026 01:22:36,-173.991627915569,-45.884640969053,0,25,25,25,6,-45.884640969053
01-Aug-2026 01:22:38,-173.213587757669,-45.1066008111531,0,25,25,25,6,-45.1066008111531
01-Aug-2026 01:22:40,-173.61807792311,-45.5110909765942,0,25,25,25,7,-45.5110909765942
01-Aug-2026 01:22:42,-173.909535102627,-45.8025481561112,0,26,26,26,8,-45.8025481561112
01-Aug-2026 01:22:44,-173.784745990135,-45.6777590436193,0,26,26,26,9,-45.6777590436193
01-Aug-2026 01:22:46,-172.684421098592,-44.5774341520765,0,25,25,25,8,-44.5774341520765
01-Aug-2026 01:22:48,-172.91181346776,-44.8048265212443,0,25,25,25,7,-44.8048265212443
01-Aug-2026 01:22:50,-163.380888017716,-35.2739010712005,0,25,25,25,6,-35.2739010712005
01-Aug-2026 01:22:52,-162.898171894036,-34.7911849475205,0,25,25,25,6,-34.7911849475205
01-Aug-2026 01:22:54,-162.85102438648,-34.7440374399644,0,25,25,25,5,-34.7440374399644
01-Aug-2026 01:22:56,-162.552029767608,-34.4450428210923,0,25,25,25,5,-34.4450428210923
01-Aug-2026 01:22:58,-162.490981912089,-34.3839949655729,0,27,27,27,4,-34.3839949655729
01-Aug-2026 01:23:00,-171.401264781621,-43.2942778351053,0,27,27,27,3,-43.2942778351053
01-Aug-2026 01:23:02,-171.605044514747,-43.4980575682314,0,26,26,26,3,-43.4980575682314
01-Aug-2026 01:23:04,-170.698371099722,-42.5913841532063,0,26,26,26,4,-42.5913841532063
01-Aug-2026 01:23:06,-170.689137309672,-42.5821503631562,0,27,27,27,3,-42.5821503631562
01-Aug-2026 01:23:08,-170.111643882833,-42.0046569363176,0,27,27,27,3,-42.0046569363176
01-Aug-2026 01:23:10,-170.612731440107,-42.5057444935911,0,26,26,26,3,-42.5057444935911
01-Aug-2026 01:23:12,-170.850914695082,-42.7439277485666,0,26,26,26,3,-42.7439277485666
01-Aug-2026 01:23:14,-170.807531175273,-42.7005442287573,0,27,27,27,3,-42.7005442287573
01-Aug-2026 01:23:16,-169.909095869122,-41.8021089226056,0,27,27,27,4,-41.8021089226056
01-Aug-2026 01:23:18,-170.407065742342,-42.3000787958258,0,27,27,27,3,-42.3000787958258
01-Aug-2026 01:23:20,-170.269424055261,-42.1624371087453,0,27,27,27,3,-42.1624371087453
01-Aug-2026 01:23:22,-169.885463992728,-41.7784770462123,0,27,27,27,3,-41.7784770462123
01-Aug-2026 01:23:24,-170.024043385035,-41.917056438519,0,27,27,27,5,-41.917056438519
01-Aug-2026 01:23:26,-169.521999801455,-41.4150128549389,0,26,26,26,5,-41.4150128549389
01-Aug-2026 01:23:28,-169.361168753299,-41.2541818067835,0,26,26,26,6,-41.2541818067835
01-Aug-2026 01:23:30,-168.960641036095,-40.8536540895793,0,26,26,26,6,-40.8536540895793
01-Aug-2026 01:23:32,-179.809401981906,-51.7024150353898,0,26,26,26,5,-51.7024150353898
01-Aug-2026 01:23:34,-174.415189818994,-46.3082028724783,0,26,26,26,6,-46.3082028724783
01-Aug-2026 01:23:36,-174.538110899702,-46.4311239531863,0,26,26,26,6,-46.4311239531863
01-Aug-2026 01:23:38,-174.820872884991,-46.7138859384753,0,26,26,26,5,-46.7138859384753
01-Aug-2026 01:23:40,-178.14108689675,-50.034099950234,0,25,25,25,4,-50.034099950234
01-Aug-2026 01:23:42,-178.183331083325,-50.0763441368091,0,25,25,25,4,-50.0763441368091
01-Aug-2026 01:23:44,-178.513945190551,-50.4069582440352,0,25,25,25,4,-50.4069582440352
01-Aug-2026 01:23:46,-178.258075061741,-50.1510881152253,0,25,25,25,4,-50.1510881152253
01-Aug-2026 01:23:48,-178.108403186123,-50.0014162396076,0,25,25,25,4,-50.0014162396076
01-Aug-2026 01:23:50,-178.764958281646,-50.6579713351301,0,25,25,25,4,-50.6579713351301
01-Aug-2026 01:23:52,-178.512583546445,-50.4055965999289,0,25,25,25,4,-50.4055965999289
01-Aug-2026 01:23:54,-178.224411906954,-50.1174249604377,0,25,25,25,4,-50.1174249604377
01-Aug-2026 01:23:56,-177.956006785077,-49.8490198385612,0,25,25,25,4,-49.8490198385612
01-Aug-2026 01:23:58,-182.145331654465,-54.0383447079495,0,25,25,25,3,-54.0383447079495
01-Aug-2026 01:24:00,-181.631089193948,-53.5241022474319,0,25,25,25,3,-53.5241022474319
01-Aug-2026 01:24:02,-181.385842869909,-53.278855923393,0,25,25,25,3,-53.278855923393
01-Aug-2026 01:24:04,-182.051818583324,-53.9448316368078,0,25,25,25,2,-53.9448316368078
01-Aug-2026 01:24:06,-181.609147506723,-53.5021605602072,0,26,26,26,2,-53.5021605602072
01-Aug-2026 01:24:08,-181.23463320278,-53.1276462562641,0,26,26,26,2,-53.1276462562641
01-Aug-2026 01:24:10,-180.421090032185,-52.3141030856693,0,26,26,26,2,-52.3141030856693
01-Aug-2026 01:24:12,-179.87297178438,-51.7659848378642,0,26,26,26,2,-51.7659848378642
01-Aug-2026 01:24:14,-180.010429316211,-51.9034423696949,0,26,26,26,2,-51.9034423696949
01-Aug-2026 01:24:16,-180.071351398135,-51.9643644516194,0,26,26,26,2,-51.9643644516194
01-Aug-2026 01:24:18,-179.751440808764,-51.6444538622486,0,26,26,26,2,-51.6444538622486
01-Aug-2026 01:24:20,-179.868499901782,-51.761512955266,0,26,26,26,4,-51.761512955266
01-Aug-2026 01:24:22,-179.370112725902,-51.2631257793863,0,25,25,25,4,-51.2631257793863
01-Aug-2026 01:24:24,-161.025149086955,-32.9181621404389,0,25,25,25,5,-32.9181621404389
01-Aug-2026 01:24:26,-159.479144100841,-31.3721571543256,0,25,25,25,6,-31.3721571543256
01-Aug-2026 01:24:28,-179.553391244274,-51.4464042977581,0,24,24,24,7,-51.4464042977581
01-Aug-2026 01:24:30,-179.486431772261,-51.3794448257456,0,24,24,24,7,-51.3794448257456
01-Aug-2026 01:24:32,-179.169664097098,-51.0626771505825,0,24,24,24,7,-51.0626771505825
01-Aug-2026 01:24:34,-155.246218119278,-27.1392311727618,0,24,24,24,6,-27.1392311727618
01-Aug-2026 01:24:36,-154.218410738712,-26.1114237921965,0,24,24,24,5,-26.1114237921965
01-Aug-2026 01:24:38,-151.378444427033,-23.271457480517,0,24,24,24,5,-23.271457480517
01-Aug-2026 01:24:40,-148.896975095803,-20.7899881492876,0,25,25,25,4,-20.7899881492876
01-Aug-2026 01:24:42,-146.472210700919,-18.3652237544031,0,25,25,25,4,-18.3652237544031
01-Aug-2026 01:24:44,-179.631405606437,-51.5244186599207,0,25,25,25,4,-51.5244186599207
01-Aug-2026 01:24:46,-178.519132331776,-50.4121453852605,0,25,25,25,5,-50.4121453852605
01-Aug-2026 01:24:48,-177.917168786461,-49.810181839945,0,25,25,25,5,-49.810181839945
01-Aug-2026 01:24:50,-146.741720319947,-18.6347333734312,0,25,25,25,5,-18.6347333734312
01-Aug-2026 01:24:52,-147.981923736487,-19.8749367899714,0,25,25,25,4,-19.8749367899714
01-Aug-2026 01:24:54,-151.258922032477,-23.151935085961,0,25,25,25,6,-23.151935085961
01-Aug-2026 01:24:56,-154.907603863371,-26.800616916855,0,25,25,25,6,-26.800616916855
01-Aug-2026 01:24:58,-154.323036077051,-26.2160491305355,0,25,25,25,5,-26.2160491305355
01-Aug-2026 01:25:00,-155.254923963011,-27.1479370164954,0,25,25,25,5,-27.1479370164954
01-Aug-2026 01:25:02,-156.195167749506,-28.0881808029897,0,26,26,26,7,-28.0881808029897
01-Aug-2026 01:25:04,-157.770394786233,-29.6634078397168,0,26,26,26,6,-29.6634078397168
01-Aug-2026 01:25:06,-158.661578954102,-30.5545920075859,0,26,26,26,6,-30.5545920075859
01-Aug-2026 01:25:08,-160.106884519175,-31.9998975726591,0,26,26,26,6,-31.9998975726591
01-Aug-2026 01:25:10,-161.442501342097,-33.335514395581,0,26,26,26,6,-33.335514395581
01-Aug-2026 01:25:12,-161.681111671034,-33.5741247245182,0,26,26,26,6,-33.5741247245182
01-Aug-2026 01:25:14,-161.792448250393,-33.6854613038768,0,26,26,26,6,-33.6854613038768
01-Aug-2026 01:25:16,-162.242106563204,-34.1351196166883,0,27,27,27,7,-34.1351196166883
01-Aug-2026 01:25:18,-174.152271994724,-46.0452850482077,0,27,27,27,7,-46.0452850482077
01-Aug-2026 01:25:20,-173.47877324682,-45.3717863003037,0,26,26,26,8,-45.3717863003037
01-Aug-2026 01:25:22,-170.606996918619,-42.5000099721028,0,26,26,26,9,-42.5000099721028
01-Aug-2026 01:25:24,-171.784309150731,-43.6773222042146,0,25,25,25,8,-43.6773222042146
01-Aug-2026 01:25:26,-172.08436365071,-43.9773767041941,0,25,25,25,7,-43.9773767041941
01-Aug-2026 01:25:28,-172.345366903243,-44.2383799567267,0,25,25,25,7,-44.2383799567267
01-Aug-2026 01:25:30,-172.283954335732,-44.1769673892163,0,24,24,24,7,-44.1769673892163
01-Aug-2026 01:25:32,-172.009651334696,-43.9026643881802,0,24,24,24,8,-43.9026643881802
01-Aug-2026 01:25:34,-171.532554505881,-43.4255675593648,0,25,25,25,9,-43.4255675593648
01-Aug-2026 01:25:36,-171.728824319191,-43.6218373726747,0,25,25,25,8,-43.6218373726747
01-Aug-2026 01:25:38,-171.907641204168,-43.8006542576519,0,24,24,24,8,-43.8006542576519
01-Aug-2026 01:25:40,-171.484760085974,-43.3777731394586,0,24,24,24,8,-43.3777731394586
01-Aug-2026 01:25:42,-156.677820393899,-28.5708334473828,0,24,24,24,9,-28.5708334473828
01-Aug-2026 01:25:44,-156.644530544011,-28.537543597495,0,24,24,24,9,-28.537543597495
01-Aug-2026 01:25:46,-156.555351619594,-28.4483646730782,0,24,24,24,9,-28.4483646730782
01-Aug-2026 01:25:48,-156.433539631682,-28.3265526851663,0,24,24,24,9,-28.3265526851663
01-Aug-2026 01:25:50,-156.21193821368,-28.104951267164,0,24,24,24,8,-28.104951267164
01-Aug-2026 01:25:52,-156.546980188573,-28.4399932420567,0,24,24,24,8,-28.4399932420567
01-Aug-2026 01:25:54,-156.744705169143,-28.6377182226276,0,24,24,24,7,-28.6377182226276
01-Aug-2026 01:25:56,-157.154687364884,-29.0477004183683,0,24,24,24,7,-29.0477004183683
01-Aug-2026 01:25:58,-157.071915393654,-28.9649284471384,0,24,24,24,5,-28.9649284471384
01-Aug-2026 01:26:00,-157.125746579735,-29.018759633219,0,24,24,24,5,-29.018759633219
01-Aug-2026 01:26:02,-157.436746709761,-29.3297597632454,0,24,24,24,5,-29.3297597632454
01-Aug-2026 01:26:04,-157.664057334348,-29.557070387832,0,24,24,24,5,-29.557070387832
01-Aug-2026 01:26:06,-158.244465102898,-30.1374781563826,0,24,24,24,5,-30.1374781563826
01-Aug-2026 01:26:08,-158.456046065769,-30.3490591192536,0,24,24,24,6,-30.3490591192536
01-Aug-2026 01:26:10,-158.551751903617,-30.4447649571013,0,24,24,24,6,-30.4447649571013
01-Aug-2026 01:26:12,-158.638959979219,-30.5319730327035,0,24,24,24,4,-30.5319730327035
01-Aug-2026 01:26:14,-158.585436256559,-30.4784493100428,0,24,24,24,6,-30.4784493100428
01-Aug-2026 01:26:16,-159.502304479851,-31.3953175333351,0,25,25,25,6,-31.3953175333351
01-Aug-2026 01:26:18,-159.56355164828,-31.4565647017644,0,25,25,25,6,-31.4565647017644
01-Aug-2026 01:26:20,-160.500440207721,-32.3934532612047,0,25,25,25,6,-32.3934532612047
01-Aug-2026 01:26:22,-174.469794312281,-46.3628073657648,0,25,25,25,4,-46.3628073657648
01-Aug-2026 01:26:24,-179.309080141443,-51.2020931949268,0,25,25,25,3,-51.2020931949268
01-Aug-2026 01:26:26,-179.361041498901,-51.254054552385,0,26,26,26,3,-51.254054552385
01-Aug-2026 01:26:28,-179.573400699638,-51.4664137531219,0,26,26,26,3,-51.4664137531219
01-Aug-2026 01:26:30,-180.891073167279,-52.7840862207631,0,26,26,26,2,-52.7840862207631
01-Aug-2026 01:26:32,-180.887495185091,-52.7805082385753,0,26,26,26,2,-52.7805082385753
01-Aug-2026 01:26:34,-181.263347494772,-53.156360548256,0,26,26,26,2,-53.156360548256
01-Aug-2026 01:26:36,-181.657390227824,-53.5504032813085,0,26,26,26,3,-53.5504032813085
01-Aug-2026 01:26:38,-181.746538040026,-53.6395510935104,0,26,26,26,3,-53.6395510935104
01-Aug-2026 01:26:40,-181.886804963123,-53.7798180166073,0,26,26,26,3,-53.7798180166073
01-Aug-2026 01:26:42,-181.547154296996,-53.4401673504803,0,25,25,25,4,-53.4401673504803
01-Aug-2026 01:26:44,-181.87605910966,-53.7690721631444,0,25,25,25,4,-53.7690721631444
01-Aug-2026 01:26:46,-182.15536399319,-54.0483770466742,0,25,25,25,4,-54.0483770466742
01-Aug-2026 01:26:48,-182.609077700582,-54.5020907540662,0,26,26,26,4,-54.5020907540662
01-Aug-2026 01:26:50,-182.896592536909,-54.7896055903927,0,25,25,25,4,-54.7896055903927
01-Aug-2026 01:26:52,-187.146280536303,-59.0392935897874,0,25,25,25,2,-59.0392935897874
01-Aug-2026 01:26:54,-187.008695956992,-58.9017090104764,0,25,25,25,2,-58.9017090104764
01-Aug-2026 01:26:56,-187.128131203467,-59.0211442569515,0,26,26,26,2,-59.0211442569515
01-Aug-2026 01:26:58,-185.164045544529,-57.0570585980132,0,26,26,26,3,-57.0570585980132
01-Aug-2026 01:27:00,-187.345770716854,-59.2387837703382,0,26,26,26,2,-59.2387837703382
01-Aug-2026 01:27:02,-166.657875241945,-38.5508882954292,0,26,26,26,3,-38.5508882954292
01-Aug-2026 01:27:04,-190.700900567385,-62.5939136208689,0,26,26,26,1,-62.5939136208689
01-Aug-2026 01:27:06,-190.498683525917,-62.391696579401,0,27,27,27,1,-62.391696579401
01-Aug-2026 01:27:08,-190.148291654175,-62.041304707659,0,27,27,27,1,-62.041304707659
01-Aug-2026 01:27:10,-185.696246080639,-57.5892591341234,0,27,27,27,4,-57.5892591341234
01-Aug-2026 01:27:12,-185.59396097301,-57.4869740264942,0,27,27,27,5,-57.4869740264942
01-Aug-2026 01:27:14,-185.425473014288,-57.3184860677723,0,27,27,27,5,-57.3184860677723
01-Aug-2026 01:27:16,-185.853742377502,-57.7467554309866,0,26,26,26,4,-57.7467554309866
01-Aug-2026 01:27:18,-185.742755014132,-57.6357680676157,0,26,26,26,4,-57.6357680676157
01-Aug-2026 01:27:20,-185.005882696969,-56.8988957504534,0,26,26,26,5,-56.8988957504534
01-Aug-2026 01:27:22,-174.636174404338,-46.5291874578226,0,26,26,26,7,-46.5291874578226
01-Aug-2026 01:27:24,-174.642606666472,-46.5356197199559,0,26,26,26,7,-46.5356197199559
01-Aug-2026 01:27:26,-174.727527516332,-46.6205405698165,0,26,26,26,7,-46.6205405698165
01-Aug-2026 01:27:28,-175.288944805113,-47.1819578585967,0,25,25,25,5,-47.1819578585967
01-Aug-2026 01:27:30,-187.7399292128,-59.6329422662837,0,25,25,25,2,-59.6329422662837
01-Aug-2026 01:27:32,-187.951344366521,-59.8443574200047,0,25,25,25,2,-59.8443574200047
01-Aug-2026 01:27:34,-188.508629918997,-60.4016429724807,0,25,25,25,2,-60.4016429724807
01-Aug-2026 01:27:36,-188.573291863568,-60.4663049170522,0,25,25,25,2,-60.4663049170522
01-Aug-2026 01:27:38,-188.773694145584,-60.6667071990678,0,25,25,25,3,-60.6667071990678
01-Aug-2026 01:27:40,-189.645479603756,-61.5384926572404,0,25,25,25,2,-61.5384926572404
01-Aug-2026 01:27:42,-189.420502155229,-61.3135152087133,0,25,25,25,2,-61.3135152087133
01-Aug-2026 01:27:44,-177.334694529928,-49.2277075834119,0,25,25,25,3,-49.2277075834119
01-Aug-2026 01:27:46,-177.089749481888,-48.9827625353717,0,25,25,25,3,-48.9827625353717
01-Aug-2026 01:27:48,-176.81691772669,-48.7099307801739,0,25,25,25,3,-48.7099307801739
01-Aug-2026 01:27:50,-177.343280702528,-49.2362937560124,0,25,25,25,3,-49.2362937560124
01-Aug-2026 01:27:52,-176.917591090683,-48.8106041441667,0,26,26,26,6,-48.8106041441667
01-Aug-2026 01:27:54,-176.360396873651,-48.2534099271348,0,26,26,26,7,-48.2534099271348
01-Aug-2026 01:27:56,-176.589204611221,-48.4822176647054,0,26,26,26,7,-48.4822176647054
01-Aug-2026 01:27:58,-177.032220192709,-48.9252332461936,0,26,26,26,8,-48.9252332461936
01-Aug-2026 01:28:00,-177.045415234731,-48.9384282882151,0,26,26,26,7,-48.9384282882151
01-Aug-2026 01:28:02,-176.946151441042,-48.8391644945266,0,26,26,26,8,-48.8391644945266
01-Aug-2026 01:28:04,-177.368646488489,-49.2616595419734,0,26,26,26,6,-49.2616595419734
01-Aug-2026 01:28:06,-177.462994280314,-49.3560073337979,0,26,26,26,6,-49.3560073337979
01-Aug-2026 01:28:08,-177.4710185743,-49.3640316277837,0,26,26,26,6,-49.3640316277837
01-Aug-2026 01:28:10,-177.157809846096,-49.0508228995805,0,26,26,26,7,-49.0508228995805
01-Aug-2026 01:28:12,-177.319221624523,-49.2122346780074,0,26,26,26,7,-49.2122346780074
01-Aug-2026 01:28:14,-176.979668825908,-48.8726818793923,0,25,25,25,8,-48.8726818793923
01-Aug-2026 01:28:16,-177.299426491444,-49.1924395449283,0,24,24,24,7,-49.1924395449283
01-Aug-2026 01:28:18,-177.468494637852,-49.3615076913361,0,24,24,24,7,-49.3615076913361
01-Aug-2026 01:28:20,-181.274621469274,-53.1676345227581,0,24,24,24,6,-53.1676345227581
01-Aug-2026 01:28:22,-181.398747318255,-53.2917603717387,0,24,24,24,5,-53.2917603717387
01-Aug-2026 01:28:24,-183.898302381088,-55.7913154345723,0,24,24,24,3,-55.7913154345723
01-Aug-2026 01:28:26,-179.082725195512,-50.975738248996,0,24,24,24,5,-50.975738248996
01-Aug-2026 01:28:28,-181.450190168407,-53.3432032218911,0,25,25,25,5,-53.3432032218911
01-Aug-2026 01:28:30,-182.206050506028,-54.0990635595119,0,25,25,25,4,-54.0990635595119
01-Aug-2026 01:28:32,-180.796921790956,-52.6899348444404,0,25,25,25,4,-52.6899348444404
01-Aug-2026 01:28:34,-181.384006400368,-53.277019453852,0,25,25,25,4,-53.277019453852
01-Aug-2026 01:28:36,-183.021824567389,-54.914837620873,0,25,25,25,4,-54.914837620873
01-Aug-2026 01:28:38,-181.933578320464,-53.8265913739478,0,25,25,25,5,-53.8265913739478
01-Aug-2026 01:28:40,-165.446801430132,-37.3398144836157,0,25,25,25,5,-37.3398144836157
01-Aug-2026 01:28:42,-165.311702445531,-37.2047154990154,0,25,25,25,5,-37.2047154990154
01-Aug-2026 01:28:44,-164.862137557422,-36.7551506109064,0,25,25,25,5,-36.7551506109064
01-Aug-2026 01:28:46,-164.902429060321,-36.7954421138054,0,25,25,25,5,-36.7954421138054
01-Aug-2026 01:28:48,-164.939305758296,-36.8323188117806,0,25,25,25,5,-36.8323188117806
01-Aug-2026 01:28:50,-164.14459335255,-36.0376064060339,0,25,25,25,5,-36.0376064060339
01-Aug-2026 01:28:52,-164.576444299498,-36.4694573529823,0,25,25,25,5,-36.4694573529823
01-Aug-2026 01:28:54,-164.857326285734,-36.7503393392184,0,26,26,26,5,-36.7503393392184
01-Aug-2026 01:28:56,-164.637556428181,-36.5305694816653,0,26,26,26,4,-36.5305694816653
01-Aug-2026 01:28:58,-165.646456847021,-37.5394699005051,0,26,26,26,4,-37.5394699005051
01-Aug-2026 01:29:00,-165.037467588511,-36.930480641995,0,26,26,26,4,-36.930480641995
01-Aug-2026 01:29:02,-164.967817008115,-36.8608300615996,0,26,26,26,4,-36.8608300615996
01-Aug-2026 01:29:04,-165.236846278872,-37.1298593323566,0,26,26,26,5,-37.1298593323566
01-Aug-2026 01:29:06,-164.668361644106,-36.5613746975904,0,25,25,25,5,-36.5613746975904
01-Aug-2026 01:29:08,-164.753928442721,-36.6469414962048,0,26,26,26,6,-36.6469414962048
01-Aug-2026 01:29:10,-164.686220748456,-36.5792338019398,0,26,26,26,6,-36.5792338019398
01-Aug-2026 01:29:12,-164.697685039756,-36.5906980932406,0,25,25,25,5,-36.5906980932406
01-Aug-2026 01:29:14,-182.895931841466,-54.78894489495,0,24,24,24,5,-54.78894489495
01-Aug-2026 01:29:16,-183.2523157781,-55.1453288315839,0,24,24,24,5,-55.1453288315839
01-Aug-2026 01:29:18,-183.136624797935,-55.0296378514188,0,24,24,24,6,-55.0296378514188
01-Aug-2026 01:29:20,-182.791090212425,-54.6841032659096,0,25,25,25,6,-54.6841032659096
01-Aug-2026 01:29:22,-183.060936270194,-54.9539493236781,0,25,25,25,6,-54.9539493236781
01-Aug-2026 01:29:24,-183.264799565813,-55.1578126192971,0,25,25,25,6,-55.1578126192971
01-Aug-2026 01:29:26,-182.161595906531,-54.0546089600153,0,25,25,25,7,-54.0546089600153
01-Aug-2026 01:29:28,-182.887777159007,-54.7807902124907,0,25,25,25,6,-54.7807902124907
01-Aug-2026 01:29:30,-178.093754498123,-49.9867675516073,0,24,24,24,6,-49.9867675516073
01-Aug-2026 01:29:32,-177.893580629883,-49.7865936833674,0,24,24,24,6,-49.7865936833674
01-Aug-2026 01:29:34,-178.216658005008,-50.1096710584918,0,24,24,24,4,-50.1096710584918
01-Aug-2026 01:29:36,-178.264509030848,-50.1575220843322,0,24,24,24,4,-50.1575220843322
01-Aug-2026 01:29:38,-178.602349954299,-50.4953630077831,0,24,24,24,3,-50.4953630077831
01-Aug-2026 01:29:40,-178.257847003699,-50.1508600571828,0,24,24,24,3,-50.1508600571828
01-Aug-2026 01:29:42,-184.568244438565,-56.4612574920496,0,24,24,24,3,-56.4612574920496
01-Aug-2026 01:29:44,-192.679996388566,-64.5730094420505,0,24,24,24,2,-64.5730094420505
01-Aug-2026 01:29:46,-178.411573544231,-50.3045865977147,0,24,24,24,3,-50.3045865977147
01-Aug-2026 01:29:48,-178.19590258419,-50.0889156376738,0,24,24,24,3,-50.0889156376738
01-Aug-2026 01:29:50,-178.091720837759,-49.9847338912429,0,24,24,24,4,-49.9847338912429
01-Aug-2026 01:29:52,-177.526874529848,-49.4198875833323,0,24,24,24,5,-49.4198875833323
01-Aug-2026 01:29:54,-177.320169354242,-49.2131824077265,0,24,24,24,5,-49.2131824077265
01-Aug-2026 01:29:56,-171.266150299158,-43.1591633526419,0,24,24,24,6,-43.1591633526419
01-Aug-2026 01:29:58,-177.253318683975,-49.1463317374596,0,24,24,24,5,-49.1463317374596
01-Aug-2026 01:30:00,-176.75509603309,-48.6481090865738,0,24,24,24,4,-48.6481090865738
01-Aug-2026 01:30:02,-176.153060193151,-48.0460732466349,0,24,24,24,4,-48.0460732466349
01-Aug-2026 01:30:04,-175.840737544081,-47.733750597565,0,24,24,24,4,-47.733750597565
01-Aug-2026 01:30:06,-175.438244104191,-47.3312571576753,0,24,24,24,4,-47.3312571576753
01-Aug-2026 01:30:08,-174.835845833453,-46.7288588869371,0,25,25,25,3,-46.7288588869371
01-Aug-2026 01:30:10,-186.31395847938,-58.2069715328646,0,26,26,26,3,-58.2069715328646
01-Aug-2026 01:30:12,-186.624282873898,-58.5172959273819,0,26,26,26,4,-58.5172959273819
01-Aug-2026 01:30:14,-158.626673296298,-30.5196863497818,0,26,26,26,5,-30.5196863497818
01-Aug-2026 01:30:16,-159.474095891133,-31.3671089446172,0,26,26,26,7,-31.3671089446172
01-Aug-2026 01:30:18,-159.858774722137,-31.751787775621,0,26,26,26,7,-31.751787775621
01-Aug-2026 01:30:20,-160.421040780742,-32.3140538342258,0,26,26,26,8,-32.3140538342258
01-Aug-2026 01:30:22,-161.253849444948,-33.1468624984318,0,26,26,26,8,-33.1468624984318
01-Aug-2026 01:30:24,-161.695813520771,-33.588826574255,0,26,26,26,7,-33.588826574255
01-Aug-2026 01:30:26,-163.46255760565,-35.3555706591341,0,26,26,26,8,-35.3555706591341
01-Aug-2026 01:30:28,-164.29767895064,-36.1906920041238,0,26,26,26,8,-36.1906920041238
01-Aug-2026 01:30:30,-163.987071924576,-35.8800849780602,0,26,26,26,8,-35.8800849780602
01-Aug-2026 01:30:32,-174.803420655638,-46.6964337091217,0,26,26,26,7,-46.6964337091217
01-Aug-2026 01:30:34,-174.810377297432,-46.7033903509166,0,26,26,26,7,-46.7033903509166
01-Aug-2026 01:30:36,-175.400243523623,-47.2932565771075,0,25,25,25,7,-47.2932565771075
01-Aug-2026 01:30:38,-168.128932204031,-40.0219452575151,0,25,25,25,8,-40.0219452575151
01-Aug-2026 01:30:40,-167.27104873399,-39.1640617874744,0,25,25,25,9,-39.1640617874744
01-Aug-2026 01:30:42,-167.365188007758,-39.2582010612419,0,25,25,25,9,-39.2582010612419
01-Aug-2026 01:30:44,-167.702437261259,-39.5954503147428,0,24,24,24,9,-39.5954503147428
01-Aug-2026 01:30:46,-167.150233679113,-39.0432467325974,0,24,24,24,9,-39.0432467325974
01-Aug-2026 01:30:48,-166.386842184482,-38.2798552379663,0,24,24,24,9,-38.2798552379663
01-Aug-2026 01:30:50,-166.215848307842,-38.1088613613258,0,25,25,25,7,-38.1088613613258
01-Aug-2026 01:30:52,-166.40591775645,-38.2989308099346,0,25,25,25,7,-38.2989308099346
01-Aug-2026 01:30:54,-167.391816092007,-39.2848291454907,0,26,26,26,5,-39.2848291454907
01-Aug-2026 01:30:56,-166.939202951472,-38.8322160049563,0,27,27,27,5,-38.8322160049563
01-Aug-2026 01:30:58,-166.960737249399,-38.8537503028832,0,27,27,27,6,-38.8537503028832
01-Aug-2026 01:31:00,-167.127854023367,-39.0208670768516,0,27,27,27,3,-39.0208670768516
01-Aug-2026 01:31:02,-166.843109007392,-38.7361220608762,0,27,27,27,3,-38.7361220608762
01-Aug-2026 01:31:04,-166.961531076592,-38.8545441300758,0,27,27,27,3,-38.8545441300758
01-Aug-2026 01:31:06,-166.918711126059,-38.8117241795432,0,27,27,27,3,-38.8117241795432
01-Aug-2026 01:31:08,-166.133542539507,-38.0265555929907,0,26,26,26,3,-38.0265555929907
01-Aug-2026 01:31:10,-162.878508839611,-34.7715218930954,0,26,26,26,5,-34.7715218930954
01-Aug-2026 01:31:12,-162.932451525603,-34.8254645790869,0,26,26,26,5,-34.8254645790869
01-Aug-2026 01:31:14,-163.23817278286,-35.1311858363441,0,26,26,26,5,-35.1311858363441
01-Aug-2026 01:31:16,-162.957755143919,-34.8507681974033,0,26,26,26,5,-34.8507681974033
01-Aug-2026 01:31:18,-162.671639293757,-34.5646523472414,0,25,25,25,5,-34.5646523472414
01-Aug-2026 01:31:20,-162.370893773109,-34.2639068265931,0,25,25,25,6,-34.2639068265931
01-Aug-2026 01:31:22,-162.385504207054,-34.2785172605381,0,25,25,25,7,-34.2785172605381
01-Aug-2026 01:31:24,-162.161363182931,-34.0543762364149,0,25,25,25,6,-34.0543762364149
01-Aug-2026 01:31:26,-162.185791229861,-34.0788042833456,0,25,25,25,6,-34.0788042833456
01-Aug-2026 01:31:28,-162.401288543069,-34.2943015965535,0,25,25,25,5,-34.2943015965535
01-Aug-2026 01:31:30,-162.737276004839,-34.6302890583229,0,25,25,25,7,-34.6302890583229
01-Aug-2026 01:31:32,-165.292732110486,-37.1857451639701,0,25,25,25,6,-37.1857451639701
01-Aug-2026 01:31:34,-165.373292591895,-37.2663056453788,0,25,25,25,6,-37.2663056453788
01-Aug-2026 01:31:36,-165.596616998783,-37.4896300522671,0,25,25,25,6,-37.4896300522671
01-Aug-2026 01:31:38,-165.787928131734,-37.6809411852179,0,25,25,25,6,-37.6809411852179
01-Aug-2026 01:31:40,-165.40541248284,-37.2984255363243,0,26,26,26,6,-37.2984255363243
01-Aug-2026 01:31:42,-165.582001476717,-37.4750145302015,0,26,26,26,5,-37.4750145302015
01-Aug-2026 01:31:44,-164.598494173676,-36.4915072271598,0,26,26,26,6,-36.4915072271598
01-Aug-2026 01:31:46,-164.442591392628,-36.3356044461123,0,26,26,26,7,-36.3356044461123
01-Aug-2026 01:31:48,-164.895193166195,-36.7882062196794,0,26,26,26,6,-36.7882062196794
01-Aug-2026 01:31:50,-164.728593206679,-36.6216062601633,0,26,26,26,6,-36.6216062601633
01-Aug-2026 01:31:52,-164.866716293209,-36.7597293466933,0,26,26,26,6,-36.7597293466933
01-Aug-2026 01:31:54,-165.104601991589,-36.9976150450736,0,26,26,26,6,-36.9976150450736
01-Aug-2026 01:31:56,-165.412271039233,-37.305284092717,0,26,26,26,6,-37.305284092717
01-Aug-2026 01:31:58,-167.855075408753,-39.7480884622376,0,26,26,26,4,-39.7480884622376
01-Aug-2026 01:32:00,-168.233757877654,-40.1267709311381,0,26,26,26,4,-40.1267709311381
01-Aug-2026 01:32:02,-167.649806150152,-39.5428192036362,0,25,25,25,3,-39.5428192036362
01-Aug-2026 01:32:04,-167.978940761194,-39.8719538146782,0,25,25,25,4,-39.8719538146782
01-Aug-2026 01:32:06,-168.067412177448,-39.9604252309325,0,25,25,25,4,-39.9604252309325
01-Aug-2026 01:32:08,-167.618049862554,-39.5110629160385,0,24,24,24,5,-39.5110629160385
01-Aug-2026 01:32:10,-167.841837027795,-39.7348500812793,0,24,24,24,5,-39.7348500812793
01-Aug-2026 01:32:12,-167.806988191466,-39.7000012449506,0,24,24,24,5,-39.7000012449506
01-Aug-2026 01:32:14,-166.334148638733,-38.2271616922169,0,25,25,25,6,-38.2271616922169
01-Aug-2026 01:32:16,-166.376875507213,-38.2698885606976,0,25,25,25,5,-38.2698885606976
01-Aug-2026 01:32:18,-166.608770829335,-38.5017838828186,0,25,25,25,4,-38.5017838828186
01-Aug-2026 01:32:20,-166.224232551522,-38.1172456050058,0,25,25,25,4,-38.1172456050058
01-Aug-2026 01:32:22,-178.540633176006,-50.4336462294906,0,25,25,25,4,-50.4336462294906
01-Aug-2026 01:32:24,-178.524619475422,-50.4176325289062,0,25,25,25,4,-50.4176325289062
01-Aug-2026 01:32:26,-193.097429688167,-64.9904427416516,0,25,25,25,2,-64.9904427416516
01-Aug-2026 01:32:28,-192.362839912227,-64.2558529657116,0,25,25,25,2,-64.2558529657116
01-Aug-2026 01:32:30,-192.106144614956,-63.9991576684403,0,25,25,25,2,-63.9991576684403
01-Aug-2026 01:32:32,-192.364972146798,-64.2579852002826,0,25,25,25,2,-64.2579852002826
01-Aug-2026 01:32:34,-192.669185194318,-64.5621982478024,0,25,25,25,2,-64.5621982478024
01-Aug-2026 01:32:36,-190.490334621559,-62.3833476750432,0,25,25,25,3,-62.3833476750432
01-Aug-2026 01:32:38,-192.769273747516,-64.6622868009998,0,24,24,24,2,-64.6622868009998
01-Aug-2026 01:32:40,-178.415701964791,-50.3087150182747,0,24,24,24,2,-50.3087150182747
01-Aug-2026 01:32:42,-178.695845290986,-50.5888583444701,0,24,24,24,3,-50.5888583444701
01-Aug-2026 01:32:44,-178.334028270663,-50.2270413241472,0,24,24,24,3,-50.2270413241472
01-Aug-2026 01:32:46,-178.686434313734,-50.579447367218,0,25,25,25,3,-50.579447367218
01-Aug-2026 01:32:48,-178.68967547442,-50.582688527904,0,25,25,25,3,-50.582688527904
01-Aug-2026 01:32:50,-178.108143849065,-50.0011569025489,0,25,25,25,4,-50.0011569025489
01-Aug-2026 01:32:52,-178.177618514954,-50.0706315684386,0,25,25,25,4,-50.0706315684386
01-Aug-2026 01:32:54,-178.170659838221,-50.063672891705,0,25,25,25,4,-50.063672891705
01-Aug-2026 01:32:56,-178.209168731449,-50.1021817849332,0,25,25,25,4,-50.1021817849332
01-Aug-2026 01:32:58,-178.360293588238,-50.2533066417217,0,25,25,25,3,-50.2533066417217
01-Aug-2026 01:33:00,-178.59872674213,-50.4917397956145,0,26,26,26,3,-50.4917397956145
01-Aug-2026 01:33:02,-178.565606651913,-50.4586197053968,0,25,25,25,1,-50.4586197053968
01-Aug-2026 01:33:04,-179.044148795854,-50.937161849338,0,24,24,24,1,-50.937161849338
01-Aug-2026 01:33:06,-178.429510156519,-50.3225232100032,0,25,25,25,1,-50.3225232100032
01-Aug-2026 01:33:08,-178.254275362401,-50.1472884158847,0,25,25,25,2,-50.1472884158847
01-Aug-2026 01:33:10,-178.095813752029,-49.9888268055135,0,25,25,25,3,-49.9888268055135
01-Aug-2026 01:33:12,-178.034085341219,-49.9270983947028,0,25,25,25,3,-49.9270983947028
01-Aug-2026 01:33:14,-186.728174440135,-58.6211874936195,0,25,25,25,2,-58.6211874936195
01-Aug-2026 01:33:16,-186.629542456192,-58.5225555096757,0,25,25,25,2,-58.5225555096757
01-Aug-2026 01:33:18,-187.105646378663,-58.998659432147,0,25,25,25,3,-58.998659432147
01-Aug-2026 01:33:20,-187.440869123737,-59.3338821772213,0,24,24,24,3,-59.3338821772213
01-Aug-2026 01:33:22,-187.617648217525,-59.5106612710087,0,24,24,24,3,-59.5106612710087
01-Aug-2026 01:33:24,-187.523439095697,-59.416452149181,0,24,24,24,3,-59.416452149181
01-Aug-2026 01:33:26,-187.847201092593,-59.7402141460771,0,24,24,24,3,-59.7402141460771
01-Aug-2026 01:33:28,-187.981699554653,-59.874712608137,0,24,24,24,3,-59.874712608137
01-Aug-2026 01:33:30,-187.984295903826,-59.8773089573099,0,24,24,24,3,-59.8773089573099
01-Aug-2026 01:33:32,-182.570728250032,-54.4637413035165,0,24,24,24,4,-54.4637413035165
01-Aug-2026 01:33:34,-183.199000028296,-55.0920130817802,0,24,24,24,3,-55.0920130817802
01-Aug-2026 01:33:36,-184.822263427199,-56.7152764806834,0,24,24,24,2,-56.7152764806834
01-Aug-2026 01:33:38,-185.52915744415,-57.4221704976337,0,24,24,24,2,-57.4221704976337
01-Aug-2026 01:33:40,-185.183733743866,-57.0767467973506,0,24,24,24,3,-57.0767467973506
01-Aug-2026 01:33:42,-185.345933379243,-57.2389464327267,0,24,24,24,4,-57.2389464327267
01-Aug-2026 01:33:44,-185.855795640244,-57.7488086937283,0,24,24,24,4,-57.7488086937283
01-Aug-2026 01:33:46,-185.631847301445,-57.5248603549296,0,24,24,24,4,-57.5248603549296
01-Aug-2026 01:33:48,-169.394882234544,-41.2878952880282,0,24,24,24,5,-41.2878952880282
01-Aug-2026 01:33:50,-169.713294631497,-41.6063076849808,0,24,24,24,5,-41.6063076849808
01-Aug-2026 01:33:52,-170.104793740115,-41.9978067935995,0,24,24,24,5,-41.9978067935995
01-Aug-2026 01:33:54,-171.008978193835,-42.9019912473194,0,25,25,25,5,-42.9019912473194
01-Aug-2026 01:33:56,-170.967887314514,-42.8609003679977,0,25,25,25,5,-42.8609003679977
01-Aug-2026 01:33:58,-171.652503941595,-43.5455169950796,0,25,25,25,4,-43.5455169950796
01-Aug-2026 01:34:00,-171.462893561643,-43.3559066151273,0,26,26,26,4,-43.3559066151273
01-Aug-2026 01:34:02,-172.259323204164,-44.1523362576481,0,26,26,26,5,-44.1523362576481
01-Aug-2026 01:34:04,-173.007723718669,-44.900736772153,0,26,26,26,5,-44.900736772153
01-Aug-2026 01:34:06,-174.693156480257,-46.5861695337415,0,26,26,26,5,-46.5861695337415
01-Aug-2026 01:34:08,-173.529952227391,-45.4229652808751,0,26,26,26,5,-45.4229652808751
01-Aug-2026 01:34:10,-174.271362942696,-46.1643759961797,0,26,26,26,6,-46.1643759961797
01-Aug-2026 01:34:12,-174.160071620673,-46.0530846741573,0,26,26,26,7,-46.0530846741573
01-Aug-2026 01:34:14,-184.140032445543,-56.0330454990269,0,26,26,26,6,-56.0330454990269
01-Aug-2026 01:34:16,-184.105426602433,-55.9984396559168,0,26,26,26,6,-55.9984396559168
01-Aug-2026 01:34:18,-183.991784958687,-55.884798012171,0,26,26,26,6,-55.884798012171
01-Aug-2026 01:34:20,-184.911142376477,-56.8041554299614,0,26,26,26,5,-56.8041554299614
01-Aug-2026 01:34:22,-184.578320914981,-56.4713339684656,0,26,26,26,5,-56.4713339684656
01-Aug-2026 01:34:24,-184.326734812467,-56.2197478659508,0,26,26,26,5,-56.2197478659508
01-Aug-2026 01:34:26,-173.952180316357,-45.8451933698414,0,25,25,25,5,-45.8451933698414
01-Aug-2026 01:34:28,-172.936639808198,-44.8296528616817,0,26,26,26,5,-44.8296528616817
01-Aug-2026 01:34:30,-172.724085154183,-44.617098207667,0,25,25,25,6,-44.617098207667
01-Aug-2026 01:34:32,-172.376895188468,-44.2699082419523,0,24,24,24,7,-44.2699082419523
01-Aug-2026 01:34:34,-172.201662065887,-44.0946751193711,0,24,24,24,7,-44.0946751193711
01-Aug-2026 01:34:36,-172.004529051775,-43.8975421052587,0,24,24,24,7,-43.8975421052587
01-Aug-2026 01:34:38,-171.962219029429,-43.8552320829133,0,24,24,24,8,-43.8552320829133
01-Aug-2026 01:34:40,-172.209890782466,-44.1029038359503,0,24,24,24,7,-44.1029038359503
01-Aug-2026 01:34:42,-172.588258681893,-44.4812717353776,0,25,25,25,7,-44.4812717353776
01-Aug-2026 01:34:44,-172.812188760812,-44.7052018142965,0,25,25,25,6,-44.7052018142965
01-Aug-2026 01:34:46,-172.311599800429,-44.2046128539129,0,25,25,25,5,-44.2046128539129
01-Aug-2026 01:34:48,-170.061060512426,-41.95407356591,0,26,26,26,6,-41.95407356591
01-Aug-2026 01:34:50,-169.482497266858,-41.3755103203421,0,26,26,26,6,-41.3755103203421
01-Aug-2026 01:34:52,-169.255964731322,-41.1489777848066,0,26,26,26,6,-41.1489777848066
01-Aug-2026 01:34:54,-172.049780104503,-43.9427931579876,0,26,26,26,4,-43.9427931579876
01-Aug-2026 01:34:56,-172.115419583405,-44.0084326368891,0,27,27,27,3,-44.0084326368891
01-Aug-2026 01:34:58,-198.332384597184,-70.2253976506682,0,27,27,27,1,-70.2253976506682
01-Aug-2026 01:35:00,-172.172866279096,-44.0658793325803,0,26,26,26,3,-44.0658793325803
01-Aug-2026 01:35:02,-172.723103775224,-44.616116828708,0,26,26,26,3,-44.616116828708
01-Aug-2026 01:35:04,-172.181189529274,-44.0742025827585,0,26,26,26,3,-44.0742025827585
01-Aug-2026 01:35:06,-172.194349040748,-44.0873620942324,0,25,25,25,3,-44.0873620942324
01-Aug-2026 01:35:08,-171.800186979724,-43.6932000332077,0,25,25,25,3,-43.6932000332077
01-Aug-2026 01:35:10,-172.256038138664,-44.149051192148,0,25,25,25,3,-44.149051192148
01-Aug-2026 01:35:12,-171.545368000388,-43.4383810538717,0,25,25,25,3,-43.4383810538717
01-Aug-2026 01:35:14,-170.323455899624,-42.2164689531081,0,25,25,25,3,-42.2164689531081
01-Aug-2026 01:35:16,-170.12121289073,-42.014225944214,0,25,25,25,3,-42.014225944214
01-Aug-2026 01:35:18,-169.774875965063,-41.667889018547,0,25,25,25,3,-41.667889018547
01-Aug-2026 01:35:20,-191.843728490543,-63.7367415440276,0,25,25,25,2,-63.7367415440276
01-Aug-2026 01:35:22,-191.268629568764,-63.1616426222482,0,25,25,25,2,-63.1616426222482
01-Aug-2026 01:35:24,-180.779287500077,-52.6723005535615,0,25,25,25,2,-52.6723005535615
01-Aug-2026 01:35:26,-194.456505304859,-66.3495183583433,0,25,25,25,1,-66.3495183583433
01-Aug-2026 01:35:28,-192.496690054624,-64.3897031081085,0,26,26,26,2,-64.3897031081085
01-Aug-2026 01:35:30,-191.597115140682,-63.4901281941658,0,26,26,26,3,-63.4901281941658
01-Aug-2026 01:35:32,-191.377106212636,-63.2701192661201,0,26,26,26,3,-63.2701192661201
01-Aug-2026 01:35:34,-182.433047344363,-54.326060397847,0,26,26,26,4,-54.326060397847
01-Aug-2026 01:35:36,-182.505396588131,-54.3984096416155,0,26,26,26,3,-54.3984096416155
01-Aug-2026 01:35:38,-181.91084666131,-53.803859714794,0,26,26,26,3,-53.803859714794
01-Aug-2026 01:35:40,-181.870938732233,-53.7639517857174,0,26,26,26,3,-53.7639517857174
01-Aug-2026 01:35:42,-181.841255205319,-53.7342682588032,0,26,26,26,4,-53.7342682588032
01-Aug-2026 01:35:44,-179.627424262734,-51.5204373162177,0,26,26,26,5,-51.5204373162177
01-Aug-2026 01:35:46,-179.879762175645,-51.7727752291292,0,26,26,26,5,-51.7727752291292
01-Aug-2026 01:35:48,-180.098274433971,-51.9912874874552,0,25,25,25,5,-51.9912874874552
01-Aug-2026 01:35:50,-182.920608785111,-54.8136218385952,0,25,25,25,4,-54.8136218385952
01-Aug-2026 01:35:52,-183.292844132533,-55.1858571860174,0,25,25,25,4,-55.1858571860174
01-Aug-2026 01:35:54,-183.014738511491,-54.9077515649748,0,25,25,25,4,-54.9077515649748
01-Aug-2026 01:35:56,-182.946482927897,-54.8394959813813,0,25,25,25,4,-54.8394959813813
01-Aug-2026 01:35:58,-182.676941094641,-54.5699541481248,0,25,25,25,4,-54.5699541481248
01-Aug-2026 01:36:00,-182.857565594276,-54.75057864776,0,24,24,24,3,-54.75057864776
01-Aug-2026 01:36:02,-182.135480050385,-54.0284931038695,0,25,25,25,4,-54.0284931038695
01-Aug-2026 01:36:04,-180.932999732478,-52.8260127859617,0,25,25,25,5,-52.8260127859617
01-Aug-2026 01:36:06,-181.209757713594,-53.102770767078,0,25,25,25,4,-53.102770767078
01-Aug-2026 01:36:08,-181.137613880341,-53.0306269338255,0,25,25,25,4,-53.0306269338255
01-Aug-2026 01:36:10,-181.072300858248,-52.9653139117326,0,24,24,24,4,-52.9653139117326
01-Aug-2026 01:36:12,-180.649731434666,-52.5427444881501,0,24,24,24,4,-52.5427444881501
01-Aug-2026 01:36:14,-186.497058634528,-58.3900716880118,0,24,24,24,3,-58.3900716880118
01-Aug-2026 01:36:16,-186.60341979542,-58.4964328489039,0,24,24,24,3,-58.4964328489039
01-Aug-2026 01:36:18,-186.436961221086,-58.3299742745705,0,24,24,24,3,-58.3299742745705
01-Aug-2026 01:36:20,-186.597251317486,-58.4902643709698,0,24,24,24,3,-58.4902643709698
01-Aug-2026 01:36:22,-186.696233101546,-58.5892461550304,0,24,24,24,4,-58.5892461550304
01-Aug-2026 01:36:24,-185.610650729114,-57.5036637825986,0,24,24,24,5,-57.5036637825986
01-Aug-2026 01:36:26,-170.806603927282,-42.6996169807664,0,24,24,24,5,-42.6996169807664
01-Aug-2026 01:36:28,-169.64845731837,-41.5414703718537,0,24,24,24,6,-41.5414703718537
01-Aug-2026 01:36:30,-169.496183823667,-41.3891968771515,0,24,24,24,7,-41.3891968771515
01-Aug-2026 01:36:32,-160.464157303848,-32.3571703573322,0,24,24,24,8,-32.3571703573322
01-Aug-2026 01:36:34,-160.413589299144,-32.3066023526278,0,24,24,24,8,-32.3066023526278
01-Aug-2026 01:36:36,-160.451882638362,-32.3448956918458,0,25,25,25,8,-32.3448956918458
01-Aug-2026 01:36:38,-174.626807237238,-46.5198202907223,0,25,25,25,7,-46.5198202907223
01-Aug-2026 01:36:40,-174.660943785741,-46.5539568392254,0,25,25,25,7,-46.5539568392254
01-Aug-2026 01:36:42,-169.780210872998,-41.6732239264822,0,25,25,25,10,-41.6732239264822
01-Aug-2026 01:36:44,-169.916317527455,-41.8093305809389,0,25,25,25,10,-41.8093305809389
01-Aug-2026 01:36:46,-169.467319086771,-41.3603321402551,0,25,25,25,10,-41.3603321402551
01-Aug-2026 01:36:48,-171.394626537662,-43.2876395911458,0,25,25,25,8,-43.2876395911458
01-Aug-2026 01:36:50,-171.276913162059,-43.169926215543,0,25,25,25,8,-43.169926215543
01-Aug-2026 01:36:52,-171.523129131443,-43.4161421849271,0,25,25,25,8,-43.4161421849271
01-Aug-2026 01:36:54,-171.752636002003,-43.6456490554868,0,25,25,25,7,-43.6456490554868
01-Aug-2026 01:36:56,-171.767915680061,-43.6609287335448,0,25,25,25,6,-43.6609287335448
01-Aug-2026 01:36:58,-172.212925848281,-44.1059389017654,0,25,25,25,5,-44.1059389017654
01-Aug-2026 01:37:00,-171.664720973434,-43.5577340269186,0,25,25,25,5,-43.5577340269186
01-Aug-2026 01:37:02,-171.662153598633,-43.555166652117,0,25,25,25,5,-43.555166652117
01-Aug-2026 01:37:04,-171.812169218539,-43.7051822720228,0,25,25,25,5,-43.7051822720228
01-Aug-2026 01:37:06,-177.971125481203,-49.8641385346869,0,25,25,25,4,-49.8641385346869
01-Aug-2026 01:37:08,-178.350549546099,-50.2435625995828,0,25,25,25,4,-50.2435625995828
01-Aug-2026 01:37:10,-188.522397274601,-60.4154103280856,0,25,25,25,3,-60.4154103280856
01-Aug-2026 01:37:12,-188.968937383673,-60.8619504371571,0,24,24,24,3,-60.8619504371571
01-Aug-2026 01:37:14,-188.780649531242,-60.6736625847265,0,24,24,24,4,-60.6736625847265
01-Aug-2026 01:37:16,-188.932122864334,-60.8251359178184,0,24,24,24,4,-60.8251359178184
01-Aug-2026 01:37:18,-179.019505041781,-50.9125180952655,0,24,24,24,4,-50.9125180952655
01-Aug-2026 01:37:20,-178.415918036113,-50.3089310895974,0,24,24,24,4,-50.3089310895974
01-Aug-2026 01:37:22,-178.962708851008,-50.8557219044917,0,24,24,24,4,-50.8557219044917
01-Aug-2026 01:37:24,-178.799905144305,-50.6929181977893,0,24,24,24,4,-50.6929181977893
01-Aug-2026 01:37:26,-187.250487447913,-59.1435005013967,0,24,24,24,4,-59.1435005013967
01-Aug-2026 01:37:28,-183.005088867335,-54.8981019208192,0,24,24,24,4,-54.8981019208192
01-Aug-2026 01:37:30,-182.91227252193,-54.8052855754145,0,24,24,24,4,-54.8052855754145
01-Aug-2026 01:37:32,-182.919798975965,-54.8128120294489,0,24,24,24,4,-54.8128120294489
01-Aug-2026 01:37:34,-182.883743746996,-54.7767568004804,0,24,24,24,4,-54.7767568004804
01-Aug-2026 01:37:36,-183.157990784291,-55.0510038377756,0,24,24,24,4,-55.0510038377756
01-Aug-2026 01:37:38,-183.324715372187,-55.2177284256714,0,25,25,25,5,-55.2177284256714
01-Aug-2026 01:37:40,-183.599451139964,-55.4924641934479,0,25,25,25,5,-55.4924641934479
01-Aug-2026 01:37:42,-183.369547853381,-55.2625609068651,0,25,25,25,4,-55.2625609068651
01-Aug-2026 01:37:44,-178.536130707807,-50.4291437612913,0,25,25,25,5,-50.4291437612913
01-Aug-2026 01:37:46,-178.751860130325,-50.6448731838088,0,25,25,25,6,-50.6448731838088
01-Aug-2026 01:37:48,-178.677915847015,-50.5709289004995,0,25,25,25,7,-50.5709289004995
01-Aug-2026 01:37:50,-178.525470496465,-50.4184835499495,0,26,26,26,9,-50.4184835499495
01-Aug-2026 01:37:52,-178.676255726482,-50.5692687799658,0,26,26,26,8,-50.5692687799658
01-Aug-2026 01:37:54,-178.351513018466,-50.2445260719505,0,26,26,26,8,-50.2445260719505
01-Aug-2026 01:37:56,-179.072801881445,-50.965814934929,0,26,26,26,7,-50.965814934929
01-Aug-2026 01:37:58,-178.800496672554,-50.6935097260381,0,26,26,26,8,-50.6935097260381
01-Aug-2026 01:38:00,-168.452906326838,-40.3459193803221,0,26,26,26,9,-40.3459193803221
01-Aug-2026 01:38:02,-168.827409486989,-40.7204225404726,0,26,26,26,9,-40.7204225404726
01-Aug-2026 01:38:04,-168.594155862659,-40.4871689161434,0,26,26,26,8,-40.4871689161434
01-Aug-2026 01:38:06,-169.211469765317,-41.1044828188014,0,26,26,26,5,-41.1044828188014
01-Aug-2026 01:38:08,-169.024336194608,-40.9173492480921,0,26,26,26,4,-40.9173492480921
01-Aug-2026 01:38:10,-169.402345399341,-41.2953584528252,0,26,26,26,4,-41.2953584528252
01-Aug-2026 01:38:12,-169.452908216146,-41.3459212696306,0,26,26,26,4,-41.3459212696306
01-Aug-2026 01:38:14,-169.330121926839,-41.2231349803231,0,25,25,25,5,-41.2231349803231
01-Aug-2026 01:38:16,-170.57208704923,-42.4651001027137,0,25,25,25,4,-42.4651001027137
01-Aug-2026 01:38:18,-169.765727991407,-41.6587410448916,0,24,24,24,5,-41.6587410448916
01-Aug-2026 01:38:20,-168.482733575763,-40.375746629247,0,25,25,25,6,-40.375746629247
01-Aug-2026 01:38:22,-168.530323744804,-40.4233367982877,0,25,25,25,6,-40.4233367982877
01-Aug-2026 01:38:24,-167.579672222209,-39.4726852756927,0,24,24,24,7,-39.4726852756927
01-Aug-2026 01:38:26,-167.644113319336,-39.53712637282,0,24,24,24,7,-39.53712637282
01-Aug-2026 01:38:28,-164.890147326559,-36.7831603800431,0,24,24,24,8,-36.7831603800431
01-Aug-2026 01:38:30,-164.566036664619,-36.4590497181027,0,24,24,24,8,-36.4590497181027
01-Aug-2026 01:38:32,-163.35927392189,-35.2522869753745,0,24,24,24,7,-35.2522869753745
01-Aug-2026 01:38:34,-162.840545024769,-34.7335580782536,0,25,25,25,7,-34.7335580782536
01-Aug-2026 01:38:36,-163.009480312704,-34.9024933661878,0,25,25,25,6,-34.9024933661878
01-Aug-2026 01:38:38,-163.600141224369,-35.4931542778528,0,26,26,26,5,-35.4931542778528
01-Aug-2026 01:38:40,-163.841595141649,-35.7346081951335,0,26,26,26,4,-35.7346081951335
01-Aug-2026 01:38:42,-164.766101855155,-36.6591149086387,0,26,26,26,4,-36.6591149086387
01-Aug-2026 01:38:44,-163.961202273645,-35.854215327129,0,26,26,26,4,-35.854215327129
01-Aug-2026 01:38:46,-163.054087945045,-34.9471009985288,0,26,26,26,6,-34.9471009985288
01-Aug-2026 01:38:48,-162.909264715066,-34.8022777685498,0,26,26,26,6,-34.8022777685498
01-Aug-2026 01:38:50,-162.21486234533,-34.1078753988144,0,25,25,25,7,-34.1078753988144
01-Aug-2026 01:38:52,-162.069616313644,-33.9626293671279,0,25,25,25,6,-33.9626293671279
01-Aug-2026 01:38:54,-163.769828300783,-35.6628413542675,0,25,25,25,4,-35.6628413542675
01-Aug-2026 01:38:56,-163.538942550402,-35.4319556038862,0,24,24,24,5,-35.4319556038862
01-Aug-2026 01:38:58,-163.321460282187,-35.214473335671,0,24,24,24,5,-35.214473335671
01-Aug-2026 01:39:00,-162.80634659426,-34.6993596477439,0,25,25,25,5,-34.6993596477439
01-Aug-2026 01:39:02,-162.401119393714,-34.294132447198,0,25,25,25,6,-34.294132447198
01-Aug-2026 01:39:04,-162.415777685698,-34.3087907391817,0,25,25,25,6,-34.3087907391817
01-Aug-2026 01:39:06,-162.326136914919,-34.219149968403,0,25,25,25,5,-34.219149968403
01-Aug-2026 01:39:08,-161.537140700283,-33.4301537537673,0,25,25,25,6,-33.4301537537673
01-Aug-2026 01:39:10,-162.153421210204,-34.0464342636877,0,25,25,25,5,-34.0464342636877
01-Aug-2026 01:39:12,-161.495893998446,-33.3889070519298,0,25,25,25,5,-33.3889070519298
01-Aug-2026 01:39:14,-161.385435754324,-33.2784488078082,0,25,25,25,4,-33.2784488078082
01-Aug-2026 01:39:16,-161.587163921278,-33.4801769747619,0,26,26,26,4,-33.4801769747619
01-Aug-2026 01:39:18,-161.0576663235,-32.9506793769838,0,26,26,26,4,-32.9506793769838
01-Aug-2026 01:39:20,-161.885813177555,-33.7788262310388,0,26,26,26,5,-33.7788262310388
01-Aug-2026 01:39:22,-161.358158636126,-33.2511716896101,0,26,26,26,2,-33.2511716896101
01-Aug-2026 01:39:24,-159.816631293399,-31.7096443468829,0,26,26,26,2,-31.7096443468829
01-Aug-2026 01:39:26,-158.593986183042,-30.4869992365261,0,26,26,26,3,-30.4869992365261
01-Aug-2026 01:39:28,-157.583550414003,-29.4765634674872,0,26,26,26,3,-29.4765634674872
01-Aug-2026 01:39:30,-157.88626476395,-29.7792778174346,0,26,26,26,3,-29.7792778174346
01-Aug-2026 01:39:32,-156.631716522838,-28.5247295763221,0,26,26,26,4,-28.5247295763221
01-Aug-2026 01:39:34,-155.918927454349,-27.8119405078329,0,26,26,26,4,-27.8119405078329
01-Aug-2026 01:39:36,-155.604915040005,-27.4979280934892,0,25,25,25,6,-27.4979280934892
01-Aug-2026 01:39:38,-155.124227337346,-27.0172403908302,0,25,25,25,6,-27.0172403908302
01-Aug-2026 01:39:40,-170.844168216516,-42.7371812700003,0,24,24,24,5,-42.7371812700003
01-Aug-2026 01:39:42,-170.642628623862,-42.5356416773458,0,24,24,24,4,-42.5356416773458
01-Aug-2026 01:39:44,-171.513091973349,-43.4061050268332,0,24,24,24,3,-43.4061050268332
01-Aug-2026 01:39:46,-171.365520294547,-43.2585333480311,0,24,24,24,3,-43.2585333480311
01-Aug-2026 01:39:48,-171.350626737055,-43.2436397905389,0,24,24,24,3,-43.2436397905389
01-Aug-2026 01:39:50,-172.978716000056,-44.8717290535405,0,24,24,24,2,-44.8717290535405
01-Aug-2026 01:39:52,-172.819561480543,-44.7125745340275,0,25,25,25,2,-44.7125745340275
01-Aug-2026 01:39:54,-172.620328191645,-44.5133412451288,0,24,24,24,2,-44.5133412451288
01-Aug-2026 01:39:56,-172.71979924342,-44.6128122969043,0,24,24,24,2,-44.6128122969043
01-Aug-2026 01:39:58,-172.793725314306,-44.6867383677906,0,24,24,24,2,-44.6867383677906
01-Aug-2026 01:40:00,-173.26885875129,-45.1618718047739,0,24,24,24,4,-45.1618718047739
01-Aug-2026 01:40:02,-173.150274109599,-45.0432871630827,0,24,24,24,4,-45.0432871630827
01-Aug-2026 01:40:04,-172.594647924405,-44.4876609778888,0,24,24,24,4,-44.4876609778888
01-Aug-2026 01:40:06,-172.833676555766,-44.7266896092499,0,24,24,24,4,-44.7266896092499
01-Aug-2026 01:40:08,-173.308222255799,-45.2012353092827,0,24,24,24,4,-45.2012353092827
01-Aug-2026 01:40:10,-173.561482950099,-45.4544960035829,0,24,24,24,4,-45.4544960035829
01-Aug-2026 01:40:12,-174.176709218761,-46.0697222722454,0,24,24,24,4,-46.0697222722454
01-Aug-2026 01:40:14,-173.257506565475,-45.1505196189586,0,24,24,24,5,-45.1505196189586
01-Aug-2026 01:40:16,-172.968662996401,-44.861676049885,0,24,24,24,5,-44.861676049885
01-Aug-2026 01:40:18,-172.72489079439,-44.6179038478737,0,24,24,24,7,-44.6179038478737
01-Aug-2026 01:40:20,-172.93314135989,-44.8261544133744,0,24,24,24,7,-44.8261544133744
01-Aug-2026 01:40:22,-173.649605384264,-45.5426184377486,0,24,24,24,7,-45.5426184377486
01-Aug-2026 01:40:24,-173.826244578941,-45.7192576324255,0,24,24,24,7,-45.7192576324255
01-Aug-2026 01:40:26,-173.460693960999,-45.353707014483,0,24,24,24,9,-45.353707014483
01-Aug-2026 01:40:28,-173.568689971705,-45.461703025189,0,25,25,25,10,-45.461703025189
01-Aug-2026 01:40:30,-173.778547939968,-45.6715609934519,0,25,25,25,10,-45.6715609934519
01-Aug-2026 01:40:32,-173.484772725466,-45.3777857789501,0,25,25,25,8,-45.3777857789501
01-Aug-2026 01:40:34,-173.374878853744,-45.2678919072281,0,25,25,25,8,-45.2678919072281
01-Aug-2026 01:40:36,-173.239348954682,-45.1323620081661,0,25,25,25,8,-45.1323620081661
01-Aug-2026 01:40:38,-171.763427616372,-43.6564406698563,0,26,26,26,8,-43.6564406698563
01-Aug-2026 01:40:40,-171.470184499816,-43.3631975533005,0,26,26,26,8,-43.3631975533005
01-Aug-2026 01:40:42,-175.533020841955,-47.426033895439,0,26,26,26,6,-47.426033895439
01-Aug-2026 01:40:44,-171.556254772172,-43.4492678256564,0,24,24,24,8,-43.4492678256564
01-Aug-2026 01:40:46,-171.770212206212,-43.6632252596959,0,25,25,25,7,-43.6632252596959
01-Aug-2026 01:40:48,-171.827939001593,-43.720952055077,0,25,25,25,7,-43.720952055077
01-Aug-2026 01:40:50,-171.56870912925,-43.4617221827341,0,25,25,25,7,-43.4617221827341
01-Aug-2026 01:40:52,-171.279159283468,-43.1721723369522,0,25,25,25,6,-43.1721723369522
01-Aug-2026 01:40:54,-171.202308236056,-43.0953212895399,0,25,25,25,7,-43.0953212895399
01-Aug-2026 01:40:56,-170.603234160843,-42.4962472143272,0,25,25,25,7,-42.4962472143272
01-Aug-2026 01:40:58,-170.839111229168,-42.732124282652,0,25,25,25,7,-42.732124282652
01-Aug-2026 01:41:00,-170.943079823761,-42.8360928772449,0,25,25,25,8,-42.8360928772449
01-Aug-2026 01:41:02,-171.161162444647,-43.0541754981315,0,24,24,24,7,-43.0541754981315
01-Aug-2026 01:41:04,-171.099686800866,-42.9926998543505,0,24,24,24,5,-42.9926998543505
01-Aug-2026 01:41:06,-170.991179651482,-42.8841927049666,0,24,24,24,5,-42.8841927049666
01-Aug-2026 01:41:08,-170.70373122986,-42.5967442833437,0,24,24,24,5,-42.5967442833437
01-Aug-2026 01:41:10,-170.804626212897,-42.6976392663811,0,24,24,24,6,-42.6976392663811
01-Aug-2026 01:41:12,-170.74558618075,-42.6385992342342,0,24,24,24,6,-42.6385992342342
01-Aug-2026 01:41:14,-173.008502136198,-44.9015151896821,0,24,24,24,5,-44.9015151896821
01-Aug-2026 01:41:16,-173.083020450041,-44.9760335035248,0,24,24,24,5,-44.9760335035248
01-Aug-2026 01:41:18,-172.673627461751,-44.5666405152347,0,24,24,24,6,-44.5666405152347
01-Aug-2026 01:41:20,-172.4588469797,-44.3518600331839,0,24,24,24,6,-44.3518600331839
01-Aug-2026 01:41:22,-172.394884271071,-44.2878973245549,0,24,24,24,5,-44.2878973245549
01-Aug-2026 01:41:24,-172.981607153986,-44.8746202074703,0,25,25,25,5,-44.8746202074703
01-Aug-2026 01:41:26,-172.071248816235,-43.9642618697189,0,25,25,25,5,-43.9642618697189
01-Aug-2026 01:41:28,-170.412980264573,-42.3059933180568,0,25,25,25,5,-42.3059933180568
01-Aug-2026 01:41:30,-170.479753034486,-42.3727660879697,0,25,25,25,6,-42.3727660879697
01-Aug-2026 01:41:32,-170.482813700972,-42.3758267544558,0,25,25,25,5,-42.3758267544558
01-Aug-2026 01:41:34,-171.07650289884,-42.9695159523238,0,25,25,25,5,-42.9695159523238
01-Aug-2026 01:41:36,-171.607104227503,-43.5001172809873,0,25,25,25,4,-43.5001172809873
01-Aug-2026 01:41:38,-171.733872155684,-43.6268852091679,0,25,25,25,4,-43.6268852091679
01-Aug-2026 01:41:40,-171.771268704687,-43.6642817581714,0,25,25,25,4,-43.6642817581714
01-Aug-2026 01:41:42,-171.457787398027,-43.3508004515111,0,26,26,26,4,-43.3508004515111
01-Aug-2026 01:41:44,-172.078757631728,-43.9717706852118,0,26,26,26,5,-43.9717706852118
01-Aug-2026 01:41:46,-171.002340974787,-42.895354028271,0,26,26,26,4,-42.895354028271
01-Aug-2026 01:41:48,-172.813479874172,-44.7064929276561,0,26,26,26,5,-44.7064929276561
01-Aug-2026 01:41:50,-173.171070909785,-45.0640839632693,0,26,26,26,4,-45.0640839632693
01-Aug-2026 01:41:52,-172.95328782558,-44.8463008790646,0,26,26,26,4,-44.8463008790646
01-Aug-2026 01:41:54,-172.772406682484,-44.6654197359681,0,26,26,26,4,-44.6654197359681
01-Aug-2026 01:41:56,-172.479174203441,-44.3721872569251,0,26,26,26,4,-44.3721872569251
01-Aug-2026 01:41:58,-172.353322041567,-44.2463350950512,0,26,26,26,4,-44.2463350950512
01-Aug-2026 01:42:00,-172.809658213357,-44.7026712668408,0,26,26,26,4,-44.7026712668408
01-Aug-2026 01:42:02,-172.62787616502,-44.5208892185036,0,25,25,25,4,-44.5208892185036
01-Aug-2026 01:42:04,-173.465481063377,-45.3584941168612,0,24,24,24,4,-45.3584941168612
01-Aug-2026 01:42:06,-173.602574697808,-45.4955877512922,0,24,24,24,5,-45.4955877512922
01-Aug-2026 01:42:08,-177.166808359015,-49.0598214124992,0,24,24,24,4,-49.0598214124992
01-Aug-2026 01:42:10,-167.89963175161,-39.7926448050939,0,25,25,25,5,-39.7926448050939
01-Aug-2026 01:42:12,-166.934373580378,-38.8273866338625,0,25,25,25,5,-38.8273866338625
01-Aug-2026 01:42:14,-167.273404202939,-39.1664172564233,0,25,25,25,5,-39.1664172564233
01-Aug-2026 01:42:16,-166.883434148827,-38.7764472023113,0,25,25,25,5,-38.7764472023113
01-Aug-2026 01:42:18,-167.078965682683,-38.9719787361667,0,24,24,24,6,-38.9719787361667
01-Aug-2026 01:42:20,-167.587596661231,-39.4806097147147,0,24,24,24,6,-39.4806097147147
01-Aug-2026 01:42:22,-166.927603938257,-38.820616991741,0,24,24,24,6,-38.820616991741
01-Aug-2026 01:42:24,-167.650702608056,-39.5437156615397,0,24,24,24,5,-39.5437156615397
01-Aug-2026 01:42:26,-167.787006909839,-39.6800199633235,0,24,24,24,5,-39.6800199633235
01-Aug-2026 01:42:28,-167.309728097703,-39.2027411511874,0,26,26,26,7,-39.2027411511874
01-Aug-2026 01:42:30,-167.130488245901,-39.0235012993851,0,26,26,26,7,-39.0235012993851
01-Aug-2026 01:42:32,-167.264291904456,-39.1573049579401,0,26,26,26,7,-39.1573049579401
01-Aug-2026 01:42:34,-167.485947529883,-39.3789605833667,0,26,26,26,7,-39.3789605833667
01-Aug-2026 01:42:36,-168.003487927912,-39.8965009813959,0,26,26,26,6,-39.8965009813959
01-Aug-2026 01:42:38,-167.28118248435,-39.1741955378342,0,26,26,26,6,-39.1741955378342
01-Aug-2026 01:42:40,-167.170728253762,-39.0637413072459,0,26,26,26,6,-39.0637413072459
01-Aug-2026 01:42:42,-166.332305140608,-38.2253181940921,0,25,25,25,6,-38.2253181940921
01-Aug-2026 01:42:44,-174.832429445096,-46.7254424985805,0,24,24,24,5,-46.7254424985805
01-Aug-2026 01:42:46,-169.53045602445,-41.423469077934,0,24,24,24,6,-41.423469077934
01-Aug-2026 01:42:48,-169.607067127435,-41.5000801809193,0,24,24,24,6,-41.5000801809193
01-Aug-2026 01:42:50,-169.703748109639,-41.5967611631233,0,24,24,24,6,-41.5967611631233
01-Aug-2026 01:42:52,-170.099895643737,-41.9929086972212,0,24,24,24,5,-41.9929086972212
01-Aug-2026 01:42:54,-169.741437736532,-41.6344507900163,0,24,24,24,5,-41.6344507900163
01-Aug-2026 01:42:56,-170.112383133541,-42.0053961870247,0,24,24,24,4,-42.0053961870247
01-Aug-2026 01:42:58,-169.846766332338,-41.7397793858223,0,24,24,24,3,-41.7397793858223
01-Aug-2026 01:43:00,-169.927199010494,-41.8202120639781,0,24,24,24,3,-41.8202120639781
01-Aug-2026 01:43:02,-169.728912617396,-41.6219256708803,0,25,25,25,4,-41.6219256708803
01-Aug-2026 01:43:04,-169.715737515279,-41.6087505687634,0,25,25,25,4,-41.6087505687634
01-Aug-2026 01:43:06,-169.852912326758,-41.7459253802422,0,24,24,24,4,-41.7459253802422
01-Aug-2026 01:43:08,-170.041200536271,-41.934213589755,0,25,25,25,4,-41.934213589755
01-Aug-2026 01:43:10,-169.807951204711,-41.7009642581954,0,25,25,25,4,-41.7009642581954
01-Aug-2026 01:43:12,-169.834884608755,-41.7278976622387,0,25,25,25,3,-41.7278976622387
01-Aug-2026 01:43:14,-169.862390107537,-41.7554031610214,0,25,25,25,3,-41.7554031610214
01-Aug-2026 01:43:16,-169.13884781327,-41.0318608667543,0,25,25,25,3,-41.0318608667543
01-Aug-2026 01:43:18,-170.456952293613,-42.3499653470967,0,25,25,25,2,-42.3499653470967
01-Aug-2026 01:43:20,-170.425843386178,-42.3188564396626,0,25,25,25,2,-42.3188564396626
01-Aug-2026 01:43:22,-170.776505391225,-42.6695184447096,0,24,24,24,2,-42.6695184447096
01-Aug-2026 01:43:24,-170.907472397215,-42.8004854506991,0,24,24,24,2,-42.8004854506991
01-Aug-2026 01:43:26,-171.319808260746,-43.2128213142299,0,24,24,24,2,-43.2128213142299
01-Aug-2026 01:43:28,-171.124232403691,-43.0172454571754,0,24,24,24,2,-43.0172454571754
01-Aug-2026 01:43:30,-170.335554713377,-42.2285677668615,0,24,24,24,3,-42.2285677668615
01-Aug-2026 01:43:32,-170.01421182273,-41.9072248762143,0,24,24,24,3,-41.9072248762143
01-Aug-2026 01:43:34,-170.526384436329,-42.4193974898127,0,24,24,24,2,-42.4193974898127
01-Aug-2026 01:43:36,-171.452578048961,-43.3455911024453,0,24,24,24,2,-43.3455911024453
01-Aug-2026 01:43:38,-171.026848245057,-42.9198612985408,0,24,24,24,2,-42.9198612985408
01-Aug-2026 01:43:40,-171.712056259878,-43.605069313362,0,25,25,25,2,-43.605069313362
01-Aug-2026 01:43:42,-171.395054806541,-43.2880678600248,0,25,25,25,2,-43.2880678600248
01-Aug-2026 01:43:44,-196.703557559822,-68.5965706133061,0,25,25,25,1,-68.5965706133061
01-Aug-2026 01:43:46,-193.703822204135,-65.5968352576193,0,24,24,24,2,-65.5968352576193
01-Aug-2026 01:43:48,-193.955588335246,-65.8486013887302,0,24,24,24,2,-65.8486013887302
01-Aug-2026 01:43:50,-197.533707325894,-69.4267203793777,0,24,24,24,1,-69.4267203793777
01-Aug-2026 01:43:52,-187.779033031728,-59.6720460852124,0,24,24,24,2,-59.6720460852124
01-Aug-2026 01:43:54,-176.451290164193,-48.3443032176774,0,24,24,24,3,-48.3443032176774
01-Aug-2026 01:43:56,-176.646792350652,-48.5398054041366,0,24,24,24,4,-48.5398054041366
01-Aug-2026 01:43:58,-171.161350775033,-43.0543638285173,0,24,24,24,3,-43.0543638285173
01-Aug-2026 01:44:00,-172.10974736527,-44.0027604187543,0,24,24,24,3,-44.0027604187543
01-Aug-2026 01:44:02,-172.094020260004,-43.9870333134884,0,24,24,24,2,-43.9870333134884
01-Aug-2026 01:44:04,-173.115482930056,-45.0084959835401,0,24,24,24,1,-45.0084959835401
01-Aug-2026 01:44:06,-172.636271019595,-44.5292840730789,0,24,24,24,1,-44.5292840730789
01-Aug-2026 01:44:08,-172.235799647725,-44.1288127012095,0,24,24,24,1,-44.1288127012095
01-Aug-2026 01:44:10,-172.186711122986,-44.0797241764697,0,24,24,24,1,-44.0797241764697
01-Aug-2026 01:44:12,-171.582381310808,-43.4753943642919,0,24,24,24,1,-43.4753943642919
01-Aug-2026 01:44:14,-3076.52655568589,-2948.41956873937,0,24,24,24,0,-2948.41956873937
01-Aug-2026 01:44:16,-3076.52655568589,-2948.41956873937,0,24,24,24,0,-2948.41956873937
01-Aug-2026 01:44:18,-3076.52655568589,-2948.41956873937,0,24,24,24,0,-2948.41956873937
01-Aug-2026 01:44:20,-192.39969654907,-64.2927096025541,0,25,25,25,1,-64.2927096025541
01-Aug-2026 01:44:22,-191.373297084986,-63.2663101384698,0,25,25,25,2,-63.2663101384698
01-Aug-2026 01:44:24,-191.547994034463,-63.4410070879473,0,26,26,26,2,-63.4410070879473
01-Aug-2026 01:44:26,-182.452094404065,-54.3451074575492,0,26,26,26,4,-54.3451074575492
01-Aug-2026 01:44:28,-181.818401512793,-53.7114145662776,0,26,26,26,4,-53.7114145662776
01-Aug-2026 01:44:30,-182.086905301655,-53.9799183551392,0,26,26,26,4,-53.9799183551392
01-Aug-2026 01:44:32,-181.53042507514,-53.4234381286237,0,27,27,27,5,-53.4234381286237
01-Aug-2026 01:44:34,-181.764295838514,-53.6573088919982,0,26,26,26,4,-53.6573088919982
01-Aug-2026 01:44:36,-180.888985398279,-52.7819984517629,0,25,25,25,5,-52.7819984517629
01-Aug-2026 01:44:38,-181.65724476442,-53.5502578179038,0,25,25,25,5,-53.5502578179038
01-Aug-2026 01:44:40,-181.285021601737,-53.1780346552209,0,26,26,26,5,-53.1780346552209
01-Aug-2026 01:44:42,-181.066234948049,-52.9592480015331,0,26,26,26,5,-52.9592480015331
01-Aug-2026 01:44:44,-180.852209158443,-52.7452222119276,0,26,26,26,5,-52.7452222119276
01-Aug-2026 01:44:46,-180.516851995008,-52.409865048492,0,26,26,26,6,-52.409865048492
01-Aug-2026 01:44:48,-177.884646492877,-49.7776595463607,0,26,26,26,9,-49.7776595463607
01-Aug-2026 01:44:50,-177.950343529454,-49.8433565829383,0,26,26,26,9,-49.8433565829383
01-Aug-2026 01:44:52,-177.86990332956,-49.7629163830437,0,26,26,26,10,-49.7629163830437
01-Aug-2026 01:44:54,-178.169125859588,-50.0621389130721,0,25,25,25,11,-50.0621389130721
01-Aug-2026 01:44:56,-178.556679349075,-50.4496924025594,0,25,25,25,10,-50.4496924025594
01-Aug-2026 01:44:58,-178.349306836026,-50.2423198895104,0,25,25,25,9,-50.2423198895104
01-Aug-2026 01:45:00,-180.246019763969,-52.1390328174531,0,25,25,25,6,-52.1390328174531
01-Aug-2026 01:45:02,-179.636141175347,-51.5291542288307,0,25,25,25,6,-51.5291542288307
01-Aug-2026 01:45:04,-179.514054019079,-51.4070670725634,0,25,25,25,6,-51.4070670725634
01-Aug-2026 01:45:06,-179.391874165979,-51.2848872194627,0,25,25,25,5,-51.2848872194627
01-Aug-2026 01:45:08,-187.422361666043,-59.3153747195276,0,26,26,26,5,-59.3153747195276
01-Aug-2026 01:45:10,-187.634892093707,-59.5279051471916,0,26,26,26,5,-59.5279051471916
01-Aug-2026 01:45:12,-187.635685020851,-59.5286980743354,0,26,26,26,5,-59.5286980743354
01-Aug-2026 01:45:14,-187.974508097496,-59.8675211509797,0,26,26,26,5,-59.8675211509797
01-Aug-2026 01:45:16,-187.646946475582,-59.5399595290656,0,26,26,26,5,-59.5399595290656
01-Aug-2026 01:45:18,-187.800324953356,-59.6933380068402,0,26,26,26,5,-59.6933380068402
01-Aug-2026 01:45:20,-187.783335271311,-59.676348324795,0,26,26,26,5,-59.676348324795
01-Aug-2026 01:45:22,-189.377728552052,-61.2707416055356,0,26,26,26,4,-61.2707416055356
01-Aug-2026 01:45:24,-189.647641071269,-61.5406541247535,0,26,26,26,4,-61.5406541247535
01-Aug-2026 01:45:26,-171.748618538662,-43.6416315921462,0,26,26,26,6,-43.6416315921462
01-Aug-2026 01:45:28,-171.242372061663,-43.1353851151471,0,26,26,26,6,-43.1353851151471
01-Aug-2026 01:45:30,-170.667783553856,-42.5607966073406,0,26,26,26,7,-42.5607966073406
01-Aug-2026 01:45:32,-171.177418925705,-43.0704319791894,0,27,27,27,7,-43.0704319791894
01-Aug-2026 01:45:34,-171.161302869913,-43.054315923397,0,27,27,27,6,-43.054315923397
01-Aug-2026 01:45:36,-171.448899132371,-43.3419121858553,0,27,27,27,6,-43.3419121858553
01-Aug-2026 01:45:38,-171.902301965212,-43.7953150186959,0,27,27,27,6,-43.7953150186959
01-Aug-2026 01:45:40,-171.938585394064,-43.8315984475483,0,27,27,27,6,-43.8315984475483
01-Aug-2026 01:45:42,-169.010018468661,-40.9030315221451,0,27,27,27,7,-40.9030315221451
01-Aug-2026 01:45:44,-167.066770721578,-38.959783775062,0,27,27,27,7,-38.959783775062
01-Aug-2026 01:45:46,-164.024519486167,-35.9175325396508,0,27,27,27,8,-35.9175325396508
01-Aug-2026 01:45:48,-160.339103957409,-32.2321170108931,0,26,26,26,7,-32.2321170108931
01-Aug-2026 01:45:50,-156.047804883653,-27.940817937137,0,25,25,25,7,-27.940817937137
01-Aug-2026 01:45:52,-176.269854196739,-48.1628672502233,0,25,25,25,5,-48.1628672502233
01-Aug-2026 01:45:54,-175.876338720169,-47.7693517736527,0,25,25,25,5,-47.7693517736527
01-Aug-2026 01:45:56,-175.518177503452,-47.4111905569362,0,25,25,25,5,-47.4111905569362
01-Aug-2026 01:45:58,-168.085844602913,-39.9788576563976,0,25,25,25,6,-39.9788576563976
01-Aug-2026 01:46:00,-168.143064733586,-40.0360777870704,0,26,26,26,4,-40.0360777870704
01-Aug-2026 01:46:02,-174.378475312721,-46.2714883662051,0,26,26,26,3,-46.2714883662051
01-Aug-2026 01:46:04,-174.679955584931,-46.5729686384156,0,26,26,26,3,-46.5729686384156
01-Aug-2026 01:46:06,-167.985788097615,-39.8788011510988,0,26,26,26,5,-39.8788011510988
01-Aug-2026 01:46:08,-168.894843625247,-40.7878566787308,0,26,26,26,3,-40.7878566787308
01-Aug-2026 01:46:10,-168.841731434645,-40.7347444881292,0,26,26,26,3,-40.7347444881292
01-Aug-2026 01:46:12,-168.979970262025,-40.872983315509,0,25,25,25,3,-40.872983315509
01-Aug-2026 01:46:14,-168.660881703671,-40.5538947571548,0,25,25,25,3,-40.5538947571548
01-Aug-2026 01:46:16,-168.654447900362,-40.547460953846,0,25,25,25,4,-40.547460953846
01-Aug-2026 01:46:18,-167.811063579161,-39.7040766326453,0,25,25,25,5,-39.7040766326453
01-Aug-2026 01:46:20,-168.289389395354,-40.1824024488376,0,27,27,27,4,-40.1824024488376
01-Aug-2026 01:46:22,-168.171715379819,-40.0647284333027,0,26,26,26,4,-40.0647284333027
01-Aug-2026 01:46:24,-167.92693106347,-39.8199441169541,0,26,26,26,4,-39.8199441169541
01-Aug-2026 01:46:26,-167.51309773966,-39.4061107931446,0,26,26,26,4,-39.4061107931446
01-Aug-2026 01:46:28,-167.373572816591,-39.2665858700751,0,26,26,26,5,-39.2665858700751
01-Aug-2026 01:46:30,-166.896225320571,-38.789238374055,0,25,25,25,5,-38.789238374055
01-Aug-2026 01:46:32,-166.798773009951,-38.6917860634348,0,24,24,24,5,-38.6917860634348
01-Aug-2026 01:46:34,-166.628373242184,-38.5213862956678,0,23,23,23,4,-38.5213862956678
01-Aug-2026 01:46:36,-165.179216459975,-37.0722295134594,0,23,23,23,5,-37.0722295134594
01-Aug-2026 01:46:38,-164.896810916392,-36.7898239698764,0,23,23,23,5,-36.7898239698764
01-Aug-2026 01:46:40,-166.336410456201,-38.2294235096851,0,23,23,23,6,-38.2294235096851
01-Aug-2026 01:46:42,-165.087102614146,-36.9801156676303,0,23,23,23,5,-36.9801156676303
01-Aug-2026 01:46:44,-170.932760992135,-42.8257740456196,0,23,23,23,4,-42.8257740456196
01-Aug-2026 01:46:46,-170.499786623535,-42.3927996770196,0,23,23,23,5,-42.3927996770196
01-Aug-2026 01:46:48,-170.709266122689,-42.6022791761736,0,23,23,23,5,-42.6022791761736
01-Aug-2026 01:46:50,-170.671319827641,-42.564332881125,0,24,24,24,6,-42.564332881125
01-Aug-2026 01:46:52,-170.42548055298,-42.3184936064644,0,24,24,24,6,-42.3184936064644
01-Aug-2026 01:46:54,-177.238039447487,-49.1310525009711,0,24,24,24,5,-49.1310525009711
01-Aug-2026 01:46:56,-176.887831837689,-48.7808448911732,0,24,24,24,5,-48.7808448911732
01-Aug-2026 01:46:58,-176.764583476313,-48.6575965297973,0,24,24,24,4,-48.6575965297973
01-Aug-2026 01:47:00,-177.053193283318,-48.9462063368018,0,24,24,24,4,-48.9462063368018
01-Aug-2026 01:47:02,-176.818455963651,-48.7114690171354,0,24,24,24,4,-48.7114690171354
01-Aug-2026 01:47:04,-176.67865564479,-48.5716686982745,0,24,24,24,4,-48.5716686982745
01-Aug-2026 01:47:06,-176.029759829966,-47.9227728834502,0,24,24,24,4,-47.9227728834502
01-Aug-2026 01:47:08,-175.595034830254,-47.4880478837384,0,24,24,24,4,-47.4880478837384
01-Aug-2026 01:47:10,-175.174687808206,-47.0677008616896,0,23,23,23,5,-47.0677008616896
01-Aug-2026 01:47:12,-166.132383153891,-38.0253962073754,0,23,23,23,6,-38.0253962073754
01-Aug-2026 01:47:14,-165.535448417277,-37.4284614707616,0,23,23,23,7,-37.4284614707616
01-Aug-2026 01:47:16,-165.157788126683,-37.0508011801668,0,23,23,23,7,-37.0508011801668
01-Aug-2026 01:47:18,-164.615335002742,-36.5083480562258,0,23,23,23,7,-36.5083480562258
01-Aug-2026 01:47:20,-164.035195607967,-35.9282086614508,0,23,23,23,6,-35.9282086614508
01-Aug-2026 01:47:22,-164.263930153511,-36.1569432069953,0,23,23,23,5,-36.1569432069953
01-Aug-2026 01:47:24,-164.00741099377,-35.9004240472539,0,23,23,23,6,-35.9004240472539
01-Aug-2026 01:47:26,-163.801885516962,-35.6948985704466,0,24,24,24,7,-35.6948985704466
01-Aug-2026 01:47:28,-161.800947639966,-33.6939606934503,0,25,25,25,9,-33.6939606934503
01-Aug-2026 01:47:30,-162.025276592362,-33.9182896458462,0,25,25,25,8,-33.9182896458462
01-Aug-2026 01:47:32,-162.520096487186,-34.4131095406706,0,25,25,25,7,-34.4131095406706
01-Aug-2026 01:47:34,-162.699410400005,-34.5924234534895,0,25,25,25,7,-34.5924234534895
01-Aug-2026 01:47:36,-162.022300436647,-33.9153134901312,0,25,25,25,7,-33.9153134901312
01-Aug-2026 01:47:38,-161.669315532908,-33.5623285863925,0,24,24,24,7,-33.5623285863925
01-Aug-2026 01:47:40,-161.61070307763,-33.5037161311146,0,25,25,25,7,-33.5037161311146
01-Aug-2026 01:47:42,-161.663551805956,-33.5565648594399,0,25,25,25,6,-33.5565648594399
01-Aug-2026 01:47:44,-164.726473642372,-36.6194866958564,0,25,25,25,5,-36.6194866958564
01-Aug-2026 01:47:46,-165.338671998339,-37.2316850518235,0,25,25,25,5,-37.2316850518235
01-Aug-2026 01:47:48,-165.593422047045,-37.4864351005294,0,25,25,25,5,-37.4864351005294
01-Aug-2026 01:47:50,-165.613896522188,-37.5069095756722,0,25,25,25,5,-37.5069095756722
01-Aug-2026 01:47:52,-165.857697633978,-37.7507106874625,0,25,25,25,4,-37.7507106874625
01-Aug-2026 01:47:54,-166.345258746934,-38.238271800418,0,25,25,25,4,-38.238271800418
01-Aug-2026 01:47:56,-166.166295249577,-38.0593083030609,0,25,25,25,4,-38.0593083030609
01-Aug-2026 01:47:58,-166.984537013393,-38.877550066877,0,25,25,25,4,-38.877550066877
01-Aug-2026 01:48:00,-167.628123709043,-39.5211367625274,0,25,25,25,4,-39.5211367625274
01-Aug-2026 01:48:02,-168.603815533383,-40.4968285868675,0,25,25,25,4,-40.4968285868675
01-Aug-2026 01:48:04,-169.284298584853,-41.1773116383372,0,25,25,25,4,-41.1773116383372
01-Aug-2026 01:48:06,-169.383147614321,-41.2761606678053,0,25,25,25,5,-41.2761606678053
01-Aug-2026 01:48:08,-167.129337401769,-39.0223504552532,0,25,25,25,7,-39.0223504552532
01-Aug-2026 01:48:10,-167.325695609183,-39.2187086626667,0,26,26,26,7,-39.2187086626667
01-Aug-2026 01:48:12,-167.842611374137,-39.7356244276215,0,27,27,27,6,-39.7356244276215
01-Aug-2026 01:48:14,-168.374732556243,-40.2677456097272,0,27,27,27,6,-40.2677456097272
01-Aug-2026 01:48:16,-169.104751107181,-40.997764160665,0,27,27,27,6,-40.997764160665
01-Aug-2026 01:48:18,-169.649798303811,-41.5428113572951,0,27,27,27,6,-41.5428113572951
01-Aug-2026 01:48:20,-169.800952602449,-41.6939656559336,0,27,27,27,6,-41.6939656559336
01-Aug-2026 01:48:22,-170.007093846285,-41.9001068997692,0,27,27,27,6,-41.9001068997692
01-Aug-2026 01:48:24,-170.202581576366,-42.0955946298505,0,27,27,27,6,-42.0955946298505
01-Aug-2026 01:48:26,-170.344804015417,-42.2378170689014,0,25,25,25,5,-42.2378170689014
01-Aug-2026 01:48:28,-170.72375871786,-42.6167717713445,0,25,25,25,6,-42.6167717713445
01-Aug-2026 01:48:30,-171.680129342085,-43.5731423955689,0,25,25,25,7,-43.5731423955689
01-Aug-2026 01:48:32,-169.668392188571,-41.5614052420555,0,26,26,26,8,-41.5614052420555
01-Aug-2026 01:48:34,-169.485758462335,-41.378771515819,0,26,26,26,7,-41.378771515819
01-Aug-2026 01:48:36,-170.327203328901,-42.220216382385,0,26,26,26,6,-42.220216382385
01-Aug-2026 01:48:38,-170.430329774276,-42.3233428277598,0,26,26,26,6,-42.3233428277598
01-Aug-2026 01:48:40,-174.490338141266,-46.3833511947506,0,26,26,26,6,-46.3833511947506
01-Aug-2026 01:48:42,-174.572814620693,-46.4658276741771,0,26,26,26,6,-46.4658276741771
01-Aug-2026 01:48:44,-174.454506187466,-46.3475192409499,0,25,25,25,7,-46.3475192409499
01-Aug-2026 01:48:46,-185.529247652267,-57.4222607057509,0,25,25,25,6,-57.4222607057509
01-Aug-2026 01:48:48,-185.701695266521,-57.5947083200055,0,25,25,25,6,-57.5947083200055
01-Aug-2026 01:48:50,-187.448406066156,-59.3414191196406,0,25,25,25,5,-59.3414191196406
01-Aug-2026 01:48:52,-187.630858638641,-59.5238716921248,0,25,25,25,5,-59.5238716921248
01-Aug-2026 01:48:54,-187.313484873684,-59.2064979271684,0,26,26,26,6,-59.2064979271684
01-Aug-2026 01:48:56,-187.592730383659,-59.4857434371426,0,26,26,26,5,-59.4857434371426
01-Aug-2026 01:48:58,-187.845028986825,-59.7380420403088,0,26,26,26,5,-59.7380420403088
01-Aug-2026 01:49:00,-187.741368809156,-59.6343818626404,0,26,26,26,5,-59.6343818626404
01-Aug-2026 01:49:02,-176.005368252139,-47.8983813056232,0,26,26,26,6,-47.8983813056232
01-Aug-2026 01:49:04,-175.471449866354,-47.3644629198386,0,26,26,26,6,-47.3644629198386
01-Aug-2026 01:49:06,-173.794601131059,-45.687614184543,0,26,26,26,6,-45.687614184543
01-Aug-2026 01:49:08,-173.643607817973,-45.5366208714576,0,26,26,26,6,-45.5366208714576
01-Aug-2026 01:49:10,-173.168560412817,-45.0615734663014,0,26,26,26,5,-45.0615734663014
01-Aug-2026 01:49:12,-173.054001735783,-44.9470147892667,0,26,26,26,5,-44.9470147892667
01-Aug-2026 01:49:14,-172.878951919839,-44.7719649733236,0,26,26,26,5,-44.7719649733236
01-Aug-2026 01:49:16,-172.877516314179,-44.7705293676631,0,26,26,26,5,-44.7705293676631
01-Aug-2026 01:49:18,-173.323037800728,-45.2160508542121,0,26,26,26,5,-45.2160508542121
01-Aug-2026 01:49:20,-178.403027196813,-50.2960402502974,0,26,26,26,4,-50.2960402502974
01-Aug-2026 01:49:22,-178.330344676915,-50.2233577303996,0,26,26,26,3,-50.2233577303996
01-Aug-2026 01:49:24,-178.47988280582,-50.3728958593037,0,27,27,27,4,-50.3728958593037
01-Aug-2026 01:49:26,-178.836037361791,-50.7290504152749,0,27,27,27,3,-50.7290504152749
01-Aug-2026 01:49:28,-176.694540111679,-48.5875531651632,0,27,27,27,4,-48.5875531651632
01-Aug-2026 01:49:30,-177.006431028738,-48.899444082222,0,27,27,27,4,-48.899444082222
01-Aug-2026 01:49:32,-177.243440026393,-49.1364530798774,0,27,27,27,5,-49.1364530798774
01-Aug-2026 01:49:34,-177.484626794514,-49.3776398479986,0,27,27,27,6,-49.3776398479986
01-Aug-2026 01:49:36,-177.253337933054,-49.1463509865378,0,25,25,25,7,-49.1463509865378
01-Aug-2026 01:49:38,-177.605272769122,-49.498285822606,0,25,25,25,7,-49.498285822606
01-Aug-2026 01:49:40,-179.638439877895,-51.5314529313787,0,25,25,25,6,-51.5314529313787
01-Aug-2026 01:49:42,-186.285680803275,-58.1786938567588,0,24,24,24,6,-58.1786938567588
01-Aug-2026 01:49:44,-186.604275329813,-58.4972883832973,0,24,24,24,6,-58.4972883832973
01-Aug-2026 01:49:46,-186.539244106752,-58.4322571602366,0,24,24,24,6,-58.4322571602366
01-Aug-2026 01:49:48,-186.692005658185,-58.5850187116696,0,24,24,24,6,-58.5850187116696
01-Aug-2026 01:49:50,-186.805779721775,-58.6987927752588,0,24,24,24,6,-58.6987927752588
01-Aug-2026 01:49:52,-187.088787099086,-58.98180015257,0,25,25,25,6,-58.98180015257
01-Aug-2026 01:49:54,-187.014389036659,-58.9074020901431,0,25,25,25,6,-58.9074020901431
01-Aug-2026 01:49:56,-187.034564326496,-58.92757737998,0,25,25,25,6,-58.92757737998
01-Aug-2026 01:49:58,-187.248616111529,-59.1416291650131,0,25,25,25,6,-59.1416291650131
01-Aug-2026 01:50:00,-181.51638064191,-53.4093936953943,0,25,25,25,6,-53.4093936953943
01-Aug-2026 01:50:02,-181.95856950316,-53.851582556644,0,25,25,25,5,-53.851582556644
01-Aug-2026 01:50:04,-181.643299323322,-53.5363123768058,0,24,24,24,5,-53.5363123768058
01-Aug-2026 01:50:06,-181.107251795035,-53.0002648485189,0,24,24,24,5,-53.0002648485189
01-Aug-2026 01:50:08,-181.789814665083,-53.6828277185676,0,24,24,24,4,-53.6828277185676
01-Aug-2026 01:50:10,-172.348353188913,-44.2413662423968,0,25,25,25,5,-44.2413662423968
01-Aug-2026 01:50:12,-172.408422090468,-44.3014351439518,0,26,26,26,5,-44.3014351439518
01-Aug-2026 01:50:14,-172.664500666257,-44.5575137197414,0,26,26,26,5,-44.5575137197414
01-Aug-2026 01:50:16,-173.541001788285,-45.4340148417692,0,26,26,26,5,-45.4340148417692
01-Aug-2026 01:50:18,-171.539871411786,-43.4328844652698,0,26,26,26,5,-43.4328844652698
01-Aug-2026 01:50:20,-171.110880060463,-43.0038931139473,0,25,25,25,5,-43.0038931139473
01-Aug-2026 01:50:22,-171.834219275788,-43.7272323292718,0,25,25,25,6,-43.7272323292718
01-Aug-2026 01:50:24,-171.286347123664,-43.1793601771479,0,24,24,24,5,-43.1793601771479
01-Aug-2026 01:50:26,-170.91849871851,-42.8115117719937,0,24,24,24,4,-42.8115117719937
01-Aug-2026 01:50:28,-171.838864257831,-43.7318773113151,0,24,24,24,4,-43.7318773113151
01-Aug-2026 01:50:30,-171.381255970817,-43.2742690243012,0,24,24,24,4,-43.2742690243012
01-Aug-2026 01:50:32,-170.835281252555,-42.7282943060388,0,24,24,24,4,-42.7282943060388
01-Aug-2026 01:50:34,-169.987128783571,-41.8801418370555,0,24,24,24,5,-41.8801418370555
01-Aug-2026 01:50:36,-169.82520461286,-41.7182176663442,0,24,24,24,5,-41.7182176663442
01-Aug-2026 01:50:38,-169.590536415132,-41.4835494686163,0,25,25,25,5,-41.4835494686163
01-Aug-2026 01:50:40,-169.695618401814,-41.5886314552984,0,25,25,25,5,-41.5886314552984
01-Aug-2026 01:50:42,-169.178421107938,-41.0714341614218,0,25,25,25,5,-41.0714341614218
01-Aug-2026 01:50:44,-169.242362053971,-41.135375107455,0,24,24,24,4,-41.135375107455
01-Aug-2026 01:50:46,-168.650396132477,-40.543409185961,0,24,24,24,4,-40.543409185961
01-Aug-2026 01:50:48,-167.425064887433,-39.3180779409169,0,24,24,24,5,-39.3180779409169
01-Aug-2026 01:50:50,-167.103732187877,-38.9967452413607,0,24,24,24,5,-38.9967452413607
01-Aug-2026 01:50:52,-167.960137092711,-39.8531501461947,0,24,24,24,4,-39.8531501461947
01-Aug-2026 01:50:54,-168.270225367403,-40.1632384208869,0,24,24,24,4,-40.1632384208869
01-Aug-2026 01:50:56,-168.040958622645,-39.9339716761295,0,24,24,24,4,-39.9339716761295
01-Aug-2026 01:50:58,-183.336328124619,-55.2293411781028,0,23,23,23,3,-55.2293411781028
01-Aug-2026 01:51:00,-182.76334198547,-54.6563550389539,0,24,24,24,4,-54.6563550389539
01-Aug-2026 01:51:02,-166.273606920939,-38.1666199744232,0,24,24,24,5,-38.1666199744232
01-Aug-2026 01:51:04,-165.976648586877,-37.869661640361,0,24,24,24,4,-37.869661640361
01-Aug-2026 01:51:06,-165.875601865618,-37.7686149191021,0,24,24,24,3,-37.7686149191021
01-Aug-2026 01:51:08,-167.233700129523,-39.1267131830071,0,24,24,24,2,-39.1267131830071
01-Aug-2026 01:51:10,-167.120448344115,-39.0134613975987,0,24,24,24,1,-39.0134613975987
01-Aug-2026 01:51:12,-167.360287424162,-39.2533004776462,0,24,24,24,3,-39.2533004776462
01-Aug-2026 01:51:14,-167.292686518066,-39.1856995715498,0,24,24,24,3,-39.1856995715498
01-Aug-2026 01:51:16,-167.004693077492,-38.8977061309765,0,25,25,25,4,-38.8977061309765
01-Aug-2026 01:51:18,-166.539185457141,-38.4321985106255,0,25,25,25,4,-38.4321985106255
01-Aug-2026 01:51:20,-165.929285262857,-37.822298316341,0,25,25,25,5,-37.822298316341
01-Aug-2026 01:51:22,-165.573588046375,-37.4666010998594,0,25,25,25,5,-37.4666010998594
01-Aug-2026 01:51:24,-165.997851806245,-37.890864859729,0,25,25,25,4,-37.890864859729
01-Aug-2026 01:51:26,-165.790026399408,-37.6830394528923,0,25,25,25,2,-37.6830394528923
01-Aug-2026 01:51:28,-165.645244686253,-37.5382577397371,0,25,25,25,3,-37.5382577397371
01-Aug-2026 01:51:30,-166.202401670329,-38.0954147238132,0,25,25,25,3,-38.0954147238132
01-Aug-2026 01:51:32,-165.61635261219,-37.5093656656741,0,24,24,24,2,-37.5093656656741
01-Aug-2026 01:51:34,-165.113089236395,-37.0061022898791,0,24,24,24,2,-37.0061022898791
01-Aug-2026 01:51:36,-164.734347759398,-36.6273608128824,0,24,24,24,3,-36.6273608128824
01-Aug-2026 01:51:38,-164.051087981382,-35.9441010348663,0,24,24,24,4,-35.9441010348663
01-Aug-2026 01:51:40,-164.751125120705,-36.6441381741891,0,24,24,24,4,-36.6441381741891
01-Aug-2026 01:51:42,-164.211870574807,-36.1048836282916,0,24,24,24,4,-36.1048836282916
01-Aug-2026 01:51:44,-164.038929968886,-35.93194302237,0,24,24,24,4,-35.93194302237
01-Aug-2026 01:51:46,-163.953200097798,-35.8462131512825,0,24,24,24,5,-35.8462131512825
01-Aug-2026 01:51:48,-163.89026753419,-35.783280587674,0,24,24,24,5,-35.783280587674
01-Aug-2026 01:51:50,-163.598681056923,-35.4916941104075,0,24,24,24,5,-35.4916941104075
01-Aug-2026 01:51:52,-162.630310890076,-34.5233239435604,0,24,24,24,6,-34.5233239435604
01-Aug-2026 01:51:54,-180.291254804229,-52.1842678577134,0,24,24,24,5,-52.1842678577134
01-Aug-2026 01:51:56,-180.581924642395,-52.4749376958791,0,24,24,24,5,-52.4749376958791
01-Aug-2026 01:51:58,-186.79188333735,-58.6848963908342,0,25,25,25,4,-58.6848963908342
01-Aug-2026 01:52:00,-186.680934346026,-58.5739473995097,0,25,25,25,5,-58.5739473995097
01-Aug-2026 01:52:02,-186.318639526724,-58.2116525802084,0,26,26,26,6,-58.2116525802084
01-Aug-2026 01:52:04,-163.675974788147,-35.5689878416308,0,26,26,26,7,-35.5689878416308
01-Aug-2026 01:52:06,-186.076719580812,-57.9697326342961,0,26,26,26,6,-57.9697326342961
01-Aug-2026 01:52:08,-186.150726787005,-58.0437398404896,0,26,26,26,6,-58.0437398404896
01-Aug-2026 01:52:10,-185.935064934027,-57.8280779875113,0,26,26,26,6,-57.8280779875113
01-Aug-2026 01:52:12,-186.711675332549,-58.6046883860329,0,26,26,26,5,-58.6046883860329
01-Aug-2026 01:52:14,-186.830880849879,-58.7238939033634,0,26,26,26,4,-58.7238939033634
01-Aug-2026 01:52:16,-187.120243896024,-59.0132569495078,0,24,24,24,4,-59.0132569495078
01-Aug-2026 01:52:18,-186.683643240142,-58.576656293626,0,24,24,24,5,-58.576656293626
01-Aug-2026 01:52:20,-186.647818332444,-58.540831385928,0,24,24,24,5,-58.540831385928
01-Aug-2026 01:52:22,-186.893296170242,-58.7863092237262,0,24,24,24,5,-58.7863092237262
01-Aug-2026 01:52:24,-187.290566368812,-59.1835794222959,0,24,24,24,5,-59.1835794222959
01-Aug-2026 01:52:26,-187.477988699584,-59.3710017530678,0,25,25,25,5,-59.3710017530678
01-Aug-2026 01:52:28,-188.131821416899,-60.0248344703835,0,25,25,25,4,-60.0248344703835
01-Aug-2026 01:52:30,-188.037919242179,-59.9309322956636,0,25,25,25,4,-59.9309322956636
01-Aug-2026 01:52:32,-187.53523666175,-59.428249715234,0,25,25,25,5,-59.428249715234
01-Aug-2026 01:52:34,-188.41458752119,-60.3076005746744,0,24,24,24,3,-60.3076005746744
01-Aug-2026 01:52:36,-180.868305535829,-52.7613185893136,0,24,24,24,5,-52.7613185893136
01-Aug-2026 01:52:38,-180.980964127613,-52.873977181097,0,24,24,24,6,-52.873977181097
01-Aug-2026 01:52:40,-181.438066621388,-53.3310796748717,0,25,25,25,6,-53.3310796748717
01-Aug-2026 01:52:42,-181.517471379891,-53.4104844333749,0,25,25,25,5,-53.4104844333749
01-Aug-2026 01:52:44,-181.192075477682,-53.0850885311662,0,25,25,25,4,-53.0850885311662
01-Aug-2026 01:52:46,-181.3243683974,-53.2173814508837,0,25,25,25,5,-53.2173814508837
01-Aug-2026 01:52:48,-181.240143206191,-53.1331562596754,0,25,25,25,5,-53.1331562596754
01-Aug-2026 01:52:50,-175.605362904884,-47.4983759583678,0,25,25,25,5,-47.4983759583678
01-Aug-2026 01:52:52,-186.985085307812,-58.8780983612959,0,25,25,25,5,-58.8780983612959
01-Aug-2026 01:52:54,-186.819970260467,-58.7129833139508,0,25,25,25,5,-58.7129833139508
01-Aug-2026 01:52:56,-186.947490411976,-58.84050346546,0,25,25,25,5,-58.84050346546
01-Aug-2026 01:52:58,-187.211237938192,-59.1042509916765,0,25,25,25,5,-59.1042509916765
01-Aug-2026 01:53:00,-187.501076790779,-59.3940898442636,0,25,25,25,5,-59.3940898442636
01-Aug-2026 01:53:02,-187.152092545098,-59.0451055985825,0,25,25,25,6,-59.0451055985825
01-Aug-2026 01:53:04,-187.044469312861,-58.9374823663452,0,25,25,25,6,-58.9374823663452
01-Aug-2026 01:53:06,-187.70562062948,-59.598633682964,0,25,25,25,5,-59.598633682964
01-Aug-2026 01:53:08,-187.611156279977,-59.5041693334612,0,25,25,25,5,-59.5041693334612
01-Aug-2026 01:53:10,-187.543266523739,-59.436279577223,0,25,25,25,5,-59.436279577223
01-Aug-2026 01:53:12,-187.352050926842,-59.245063980326,0,25,25,25,5,-59.245063980326
01-Aug-2026 01:53:14,-187.402101996037,-59.2951150495216,0,26,26,26,5,-59.2951150495216
01-Aug-2026 01:53:16,-187.605479714237,-59.4984927677213,0,26,26,26,4,-59.4984927677213
01-Aug-2026 01:53:18,-187.53352998446,-59.4265430379446,0,26,26,26,4,-59.4265430379446
01-Aug-2026 01:53:20,-186.888554240078,-58.7815672935617,0,26,26,26,5,-58.7815672935617
01-Aug-2026 01:53:22,-188.671511562039,-60.5645246155232,0,24,24,24,4,-60.5645246155232
01-Aug-2026 01:53:24,-188.395747313492,-60.2887603669761,0,24,24,24,4,-60.2887603669761
01-Aug-2026 01:53:26,-187.62072355215,-59.5137366056341,0,24,24,24,5,-59.5137366056341
01-Aug-2026 01:53:28,-187.979656503428,-59.8726695569118,0,24,24,24,5,-59.8726695569118
01-Aug-2026 01:53:30,-187.746009886625,-59.6390229401092,0,24,24,24,5,-59.6390229401092
01-Aug-2026 01:53:32,-187.989749272396,-59.8827623258802,0,24,24,24,5,-59.8827623258802
01-Aug-2026 01:53:34,-188.014236756609,-59.9072498100928,0,24,24,24,5,-59.9072498100928
01-Aug-2026 01:53:36,-187.921285323291,-59.8142983767752,0,24,24,24,5,-59.8142983767752
01-Aug-2026 01:53:38,-188.843281540572,-60.7362945940563,0,24,24,24,4,-60.7362945940563
01-Aug-2026 01:53:40,-176.382195247165,-48.2752083006489,0,24,24,24,3,-48.2752083006489
01-Aug-2026 01:53:42,-175.070295632381,-46.9633086858655,0,25,25,25,3,-46.9633086858655
01-Aug-2026 01:53:44,-171.460380827311,-43.3533938807954,0,25,25,25,4,-43.3533938807954
01-Aug-2026 01:53:46,-171.193818203609,-43.0868312570929,0,25,25,25,3,-43.0868312570929
01-Aug-2026 01:53:48,-174.005420996255,-45.8984340497387,0,25,25,25,2,-45.8984340497387
01-Aug-2026 01:53:50,-174.003119754796,-45.89613280828,0,25,25,25,3,-45.89613280828
01-Aug-2026 01:53:52,-168.809933678062,-40.7029467315463,0,25,25,25,4,-40.7029467315463
01-Aug-2026 01:53:54,-169.041146044753,-40.9341590982372,0,25,25,25,4,-40.9341590982372
01-Aug-2026 01:53:56,-168.979203498038,-40.8722165515217,0,25,25,25,3,-40.8722165515217
01-Aug-2026 01:53:58,-168.439157964907,-40.3321710183911,0,24,24,24,4,-40.3321710183911
01-Aug-2026 01:54:00,-166.814206930112,-38.7072199835959,0,25,25,25,6,-38.7072199835959
01-Aug-2026 01:54:02,-164.355793089516,-36.248806143,0,25,25,25,8,-36.248806143
01-Aug-2026 01:54:04,-164.310396575132,-36.2034096286166,0,26,26,26,7,-36.2034096286166
01-Aug-2026 01:54:06,-164.450463586401,-36.3434766398851,0,26,26,26,7,-36.3434766398851
01-Aug-2026 01:54:08,-164.34237515784,-36.2353882113241,0,25,25,25,7,-36.2353882113241
01-Aug-2026 01:54:10,-164.541970156153,-36.4349832096374,0,25,25,25,8,-36.4349832096374
01-Aug-2026 01:54:12,-164.362732691392,-36.2557457448764,0,25,25,25,8,-36.2557457448764
01-Aug-2026 01:54:14,-165.417471318185,-37.310484371669,0,25,25,25,7,-37.310484371669
01-Aug-2026 01:54:16,-165.228080525914,-37.1210935793986,0,24,24,24,7,-37.1210935793986
01-Aug-2026 01:54:18,-165.192391499755,-37.085404553239,0,24,24,24,7,-37.085404553239
01-Aug-2026 01:54:20,-165.256356464319,-37.1493695178028,0,24,24,24,7,-37.1493695178028
01-Aug-2026 01:54:22,-164.958729827541,-36.851742881025,0,24,24,24,8,-36.851742881025
01-Aug-2026 01:54:24,-164.94529323615,-36.8383062896337,0,26,26,26,8,-36.8383062896337
01-Aug-2026 01:54:26,-164.848744613502,-36.7417576669858,0,26,26,26,7,-36.7417576669858
01-Aug-2026 01:54:28,-165.585680330417,-37.4786933839014,0,26,26,26,6,-37.4786933839014
01-Aug-2026 01:54:30,-165.809676099086,-37.7026891525703,0,26,26,26,6,-37.7026891525703
01-Aug-2026 01:54:32,-166.025376977745,-37.9183900312296,0,26,26,26,6,-37.9183900312296
01-Aug-2026 01:54:34,-165.885324436927,-37.7783374904107,0,26,26,26,6,-37.7783374904107
01-Aug-2026 01:54:36,-165.625721822852,-37.518734876336,0,26,26,26,6,-37.518734876336
01-Aug-2026 01:54:38,-165.761796437691,-37.6548094911753,0,26,26,26,6,-37.6548094911753
01-Aug-2026 01:54:40,-175.815647219792,-47.708660273276,0,26,26,26,6,-47.708660273276
01-Aug-2026 01:54:42,-181.708341768181,-53.6013548216652,0,26,26,26,5,-53.6013548216652
01-Aug-2026 01:54:44,-181.340208912367,-53.2332219658511,0,25,25,25,4,-53.2332219658511
01-Aug-2026 01:54:46,-182.102860943727,-53.9958739972109,0,25,25,25,3,-53.9958739972109
01-Aug-2026 01:54:48,-181.612657309618,-53.5056703631023,0,25,25,25,3,-53.5056703631023
01-Aug-2026 01:54:50,-181.820763876191,-53.7137769296748,0,25,25,25,3,-53.7137769296748
01-Aug-2026 01:54:52,-181.056203484199,-52.9492165376833,0,25,25,25,3,-52.9492165376833
01-Aug-2026 01:54:54,-161.685034077955,-33.5780471314387,0,25,25,25,4,-33.5780471314387
01-Aug-2026 01:54:56,-161.866905980369,-33.7599190338532,0,24,24,24,5,-33.7599190338532
01-Aug-2026 01:54:58,-162.046681160697,-33.9396942141808,0,24,24,24,4,-33.9396942141808
01-Aug-2026 01:55:00,-161.521975209006,-33.4149882624904,0,24,24,24,4,-33.4149882624904
01-Aug-2026 01:55:02,-161.630619900886,-33.5236329543697,0,24,24,24,4,-33.5236329543697
01-Aug-2026 01:55:04,-161.606838660488,-33.4998517139723,0,25,25,25,5,-33.4998517139723
01-Aug-2026 01:55:06,-161.389605450517,-33.2826185040009,0,25,25,25,6,-33.2826185040009
01-Aug-2026 01:55:08,-160.702486845352,-32.5954998988362,0,25,25,25,6,-32.5954998988362
01-Aug-2026 01:55:10,-161.477237082546,-33.37025013603,0,25,25,25,4,-33.37025013603
01-Aug-2026 01:55:12,-182.642278444518,-54.5352914980018,0,25,25,25,3,-54.5352914980018
01-Aug-2026 01:55:14,-182.59209065,-54.4851037034841,0,25,25,25,3,-54.4851037034841
01-Aug-2026 01:55:16,-182.60623753352,-54.4992505870046,0,25,25,25,3,-54.4992505870046
01-Aug-2026 01:55:18,-182.82906205492,-54.7220751084041,0,25,25,25,3,-54.7220751084041
01-Aug-2026 01:55:20,-182.351006716881,-54.2440197703648,0,25,25,25,4,-54.2440197703648
01-Aug-2026 01:55:22,-182.316776524611,-54.2097895780953,0,25,25,25,4,-54.2097895780953
01-Aug-2026 01:55:24,-182.42228152838,-54.3152945818642,0,24,24,24,4,-54.3152945818642
01-Aug-2026 01:55:26,-187.942528945508,-59.835541998992,0,24,24,24,3,-59.835541998992
01-Aug-2026 01:55:28,-187.52611769541,-59.4191307488942,0,24,24,24,4,-59.4191307488942
01-Aug-2026 01:55:30,-187.43018548882,-59.3231985423044,0,24,24,24,4,-59.3231985423044
01-Aug-2026 01:55:32,-187.337569475958,-59.2305825294425,0,24,24,24,4,-59.2305825294425
01-Aug-2026 01:55:34,-186.775085171306,-58.66809822479,0,24,24,24,4,-58.66809822479
01-Aug-2026 01:55:36,-184.00119869921,-55.8942117526941,0,24,24,24,5,-55.8942117526941
01-Aug-2026 01:55:38,-183.933739198831,-55.826752252315,0,24,24,24,5,-55.826752252315
01-Aug-2026 01:55:40,-183.877559163324,-55.7705722168086,0,24,24,24,6,-55.7705722168086
01-Aug-2026 01:55:42,-178.61204513247,-50.5050581859546,0,24,24,24,7,-50.5050581859546
01-Aug-2026 01:55:44,-178.710911062612,-50.6039241160963,0,24,24,24,8,-50.6039241160963
01-Aug-2026 01:55:46,-178.022446245429,-49.9154592989133,0,25,25,25,8,-49.9154592989133
01-Aug-2026 01:55:48,-161.000430035319,-32.8934430888028,0,25,25,25,10,-32.8934430888028
01-Aug-2026 01:55:50,-160.842833009961,-32.7358460634448,0,25,25,25,10,-32.7358460634448
01-Aug-2026 01:55:52,-160.354988937925,-32.248001991409,0,25,25,25,9,-32.248001991409
01-Aug-2026 01:55:54,-160.509412953832,-32.4024260073163,0,26,26,26,10,-32.4024260073163
01-Aug-2026 01:55:56,-182.313090738656,-54.2061037921398,0,26,26,26,8,-54.2061037921398
01-Aug-2026 01:55:58,-183.485317160477,-55.3783302139614,0,26,26,26,6,-55.3783302139614
01-Aug-2026 01:56:00,-183.386437112768,-55.279450166252,0,26,26,26,6,-55.279450166252
01-Aug-2026 01:56:02,-174.914526506261,-46.8075395597456,0,26,26,26,6,-46.8075395597456
01-Aug-2026 01:56:04,-160.167199058043,-32.0602121115271,0,26,26,26,6,-32.0602121115271
01-Aug-2026 01:56:06,-160.173271362754,-32.0662844162383,0,25,25,25,6,-32.0662844162383
01-Aug-2026 01:56:08,-160.139762374598,-32.0327754280822,0,24,24,24,6,-32.0327754280822
01-Aug-2026 01:56:10,-159.934658072929,-31.8276711264131,0,24,24,24,6,-31.8276711264131
01-Aug-2026 01:56:12,-159.535428948884,-31.4284420023677,0,24,24,24,7,-31.4284420023677
01-Aug-2026 01:56:14,-159.692662062915,-31.585675116399,0,24,24,24,7,-31.585675116399
01-Aug-2026 01:56:16,-160.438880329091,-32.3318933825753,0,24,24,24,7,-32.3318933825753
01-Aug-2026 01:56:18,-161.337503216138,-33.2305162696226,0,24,24,24,8,-33.2305162696226
01-Aug-2026 01:56:20,-161.538688016655,-33.4317010701393,0,25,25,25,8,-33.4317010701393
01-Aug-2026 01:56:22,-175.380425809742,-47.2734388632261,0,25,25,25,8,-47.2734388632261
01-Aug-2026 01:56:24,-175.153774505483,-47.046787558967,0,25,25,25,8,-47.046787558967
01-Aug-2026 01:56:26,-175.029033202163,-46.9220462556471,0,25,25,25,9,-46.9220462556471
01-Aug-2026 01:56:28,-174.876452371989,-46.7694654254736,0,25,25,25,9,-46.7694654254736
01-Aug-2026 01:56:30,-174.97931959521,-46.8723326486938,0,25,25,25,8,-46.8723326486938
01-Aug-2026 01:56:32,-174.44193052399,-46.3349435774743,0,25,25,25,10,-46.3349435774743
01-Aug-2026 01:56:34,-174.245511910991,-46.1385249644755,0,25,25,25,10,-46.1385249644755
01-Aug-2026 01:56:36,-171.925236236581,-43.8182492900649,0,25,25,25,11,-43.8182492900649
01-Aug-2026 01:56:38,-172.105392767199,-43.9984058206835,0,25,25,25,10,-43.9984058206835
01-Aug-2026 01:56:40,-172.473836648072,-44.3668497015563,0,25,25,25,8,-44.3668497015563
01-Aug-2026 01:56:42,-172.275002444529,-44.1680154980128,0,25,25,25,8,-44.1680154980128
01-Aug-2026 01:56:44,-172.220308810209,-44.1133218636935,0,25,25,25,8,-44.1133218636935
01-Aug-2026 01:56:46,-172.12153630178,-44.0145493552643,0,25,25,25,8,-44.0145493552643
01-Aug-2026 01:56:48,-172.099099540717,-43.9921125942009,0,25,25,25,8,-43.9921125942009
01-Aug-2026 01:56:50,-171.922636288836,-43.8156493423205,0,25,25,25,8,-43.8156493423205
01-Aug-2026 01:56:52,-172.32955318735,-44.2225662408338,0,25,25,25,7,-44.2225662408338
01-Aug-2026 01:56:54,-174.365724089444,-46.2587371429279,0,25,25,25,6,-46.2587371429279
01-Aug-2026 01:56:56,-174.538188828521,-46.4312018820052,0,25,25,25,7,-46.4312018820052
01-Aug-2026 01:56:58,-179.321600976385,-51.2146140298687,0,25,25,25,5,-51.2146140298687
01-Aug-2026 01:57:00,-179.088323093522,-50.9813361470058,0,25,25,25,5,-50.9813361470058
01-Aug-2026 01:57:02,-178.839515958087,-50.732529011571,0,25,25,25,5,-50.732529011571
01-Aug-2026 01:57:04,-161.470745952376,-33.3637590058602,0,25,25,25,6,-33.3637590058602
01-Aug-2026 01:57:06,-161.915846376996,-33.8088594304799,0,25,25,25,6,-33.8088594304799
01-Aug-2026 01:57:08,-161.833903010514,-33.7269160639984,0,24,24,24,6,-33.7269160639984
01-Aug-2026 01:57:10,-161.409197999995,-33.3022110534791,0,24,24,24,6,-33.3022110534791
01-Aug-2026 01:57:12,-160.095693838634,-31.9887068921185,0,24,24,24,6,-31.9887068921185
01-Aug-2026 01:57:14,-159.902942812596,-31.7959558660802,0,24,24,24,6,-31.7959558660802
01-Aug-2026 01:57:16,-160.519198205798,-32.4122112592825,0,24,24,24,7,-32.4122112592825
01-Aug-2026 01:57:18,-159.883716665871,-31.7767297193548,0,24,24,24,9,-31.7767297193548
01-Aug-2026 01:57:20,-159.736989025686,-31.63000207917,0,24,24,24,8,-31.63000207917
01-Aug-2026 01:57:22,-169.081660437884,-40.9746734913686,0,24,24,24,7,-40.9746734913686
01-Aug-2026 01:57:24,-169.599685584539,-41.4926986380233,0,24,24,24,6,-41.4926986380233
01-Aug-2026 01:57:26,-169.615778856831,-41.5087919103146,0,24,24,24,6,-41.5087919103146
01-Aug-2026 01:57:28,-169.447717907926,-41.3407309614103,0,24,24,24,6,-41.3407309614103
01-Aug-2026 01:57:30,-171.150675646911,-43.0436887003948,0,24,24,24,5,-43.0436887003948
01-Aug-2026 01:57:32,-170.848400668373,-42.7414137218573,0,24,24,24,5,-42.7414137218573
01-Aug-2026 01:57:34,-170.681269510427,-42.5742825639114,0,25,25,25,7,-42.5742825639114
01-Aug-2026 01:57:36,-169.519899689644,-41.4129127431285,0,25,25,25,8,-41.4129127431285
01-Aug-2026 01:57:38,-169.639130821288,-41.5321438747721,0,25,25,25,8,-41.5321438747721
01-Aug-2026 01:57:40,-169.254588383066,-41.1476014365496,0,25,25,25,8,-41.1476014365496
01-Aug-2026 01:57:42,-167.944140590618,-39.8371536441019,0,25,25,25,10,-39.8371536441019
01-Aug-2026 01:57:44,-168.052145092587,-39.9451581460716,0,25,25,25,10,-39.9451581460716
01-Aug-2026 01:57:46,-167.612915254727,-39.5059283082107,0,25,25,25,9,-39.5059283082107
01-Aug-2026 01:57:48,-167.793482712864,-39.6864957663479,0,25,25,25,8,-39.6864957663479
01-Aug-2026 01:57:50,-167.632877979308,-39.5258910327926,0,24,24,24,8,-39.5258910327926
01-Aug-2026 01:57:52,-167.436748644223,-39.3297616977073,0,25,25,25,9,-39.3297616977073
01-Aug-2026 01:57:54,-167.213420434355,-39.1064334878393,0,26,26,26,9,-39.1064334878393
01-Aug-2026 01:57:56,-167.549893242114,-39.4429062955984,0,25,25,25,6,-39.4429062955984
01-Aug-2026 01:57:58,-167.218368574702,-39.1113816281863,0,26,26,26,6,-39.1113816281863
01-Aug-2026 01:58:00,-169.382501704445,-41.275514757929,0,26,26,26,5,-41.275514757929
01-Aug-2026 01:58:02,-169.189737210206,-41.0827502636902,0,26,26,26,6,-41.0827502636902
01-Aug-2026 01:58:04,-169.063930092228,-40.9569431457118,0,26,26,26,5,-40.9569431457118
01-Aug-2026 01:58:06,-169.198946477832,-41.0919595313161,0,26,26,26,5,-41.0919595313161
01-Aug-2026 01:58:08,-185.774250870613,-57.6672639240967,0,25,25,25,3,-57.6672639240967
01-Aug-2026 01:58:10,-184.864007530982,-56.7570205844665,0,25,25,25,3,-56.7570205844665
01-Aug-2026 01:58:12,-186.478037280092,-58.3710503335763,0,26,26,26,2,-58.3710503335763
01-Aug-2026 01:58:14,-187.176798698304,-59.0698117517878,0,26,26,26,2,-59.0698117517878
01-Aug-2026 01:58:16,-186.80690939336,-58.6999224468442,0,26,26,26,3,-58.6999224468442
01-Aug-2026 01:58:18,-166.483975540867,-38.3769885943516,0,26,26,26,3,-38.3769885943516
01-Aug-2026 01:58:20,-166.499890757517,-38.392903811001,0,26,26,26,4,-38.392903811001
01-Aug-2026 01:58:22,-166.497495868503,-38.390508921987,0,26,26,26,4,-38.390508921987
01-Aug-2026 01:58:24,-166.613330335832,-38.5063433893165,0,26,26,26,4,-38.5063433893165
01-Aug-2026 01:58:26,-166.652052376551,-38.545065430035,0,26,26,26,5,-38.545065430035
01-Aug-2026 01:58:28,-166.773658964864,-38.6666720183484,0,26,26,26,5,-38.6666720183484
01-Aug-2026 01:58:30,-165.786189943112,-37.6792029965964,0,26,26,26,7,-37.6792029965964
01-Aug-2026 01:58:32,-165.554342441179,-37.4473554946629,0,25,25,25,7,-37.4473554946629
01-Aug-2026 01:58:34,-165.807957464796,-37.7009705182802,0,25,25,25,7,-37.7009705182802
01-Aug-2026 01:58:36,-172.039325018591,-43.9323380720753,0,25,25,25,7,-43.9323380720753
01-Aug-2026 01:58:38,-171.792703670647,-43.6857167241314,0,25,25,25,7,-43.6857167241314
01-Aug-2026 01:58:40,-172.034321268459,-43.9273343219433,0,25,25,25,7,-43.9273343219433
01-Aug-2026 01:58:42,-172.008473337842,-43.9014863913263,0,25,25,25,6,-43.9014863913263
01-Aug-2026 01:58:44,-171.553350649437,-43.4463637029215,0,25,25,25,6,-43.4463637029215
01-Aug-2026 01:58:46,-171.384455889623,-43.2774689431068,0,25,25,25,6,-43.2774689431068
01-Aug-2026 01:58:48,-171.454288423434,-43.3473014769184,0,25,25,25,6,-43.3473014769184
01-Aug-2026 01:58:50,-170.771989837162,-42.6650028906461,0,25,25,25,6,-42.6650028906461
01-Aug-2026 01:58:52,-171.046299933826,-42.9393129873103,0,25,25,25,5,-42.9393129873103
01-Aug-2026 01:58:54,-170.98486383235,-42.8778768858343,0,26,26,26,5,-42.8778768858343
01-Aug-2026 01:58:56,-171.798691014416,-43.6917040678999,0,26,26,26,5,-43.6917040678999
01-Aug-2026 01:58:58,-171.849853594057,-43.742866647541,0,26,26,26,5,-43.742866647541
01-Aug-2026 01:59:00,-170.854323293069,-42.747336346553,0,25,25,25,5,-42.747336346553
01-Aug-2026 01:59:02,-164.809357193297,-36.7023702467816,0,25,25,25,6,-36.7023702467816
01-Aug-2026 01:59:04,-164.995497067536,-36.8885101210197,0,25,25,25,5,-36.8885101210197
01-Aug-2026 01:59:06,-164.760445375682,-36.6534584291662,0,25,25,25,5,-36.6534584291662
01-Aug-2026 01:59:08,-165.151978872994,-37.0449919264782,0,25,25,25,4,-37.0449919264782
01-Aug-2026 01:59:10,-164.894346803226,-36.7873598567105,0,25,25,25,5,-36.7873598567105
01-Aug-2026 01:59:12,-165.007166327748,-36.9001793812323,0,25,25,25,5,-36.9001793812323
01-Aug-2026 01:59:14,-165.118835237347,-37.0118482908314,0,25,25,25,5,-37.0118482908314
01-Aug-2026 01:59:16,-165.238192297489,-37.1312053509735,0,24,24,24,5,-37.1312053509735
01-Aug-2026 01:59:18,-165.203222049519,-37.0962351030035,0,24,24,24,5,-37.0962351030035
01-Aug-2026 01:59:20,-165.169048482366,-37.0620615358499,0,24,24,24,5,-37.0620615358499
01-Aug-2026 01:59:22,-165.331994659951,-37.2250077134348,0,24,24,24,5,-37.2250077134348
01-Aug-2026 01:59:24,-167.284789544229,-39.177802597713,0,24,24,24,4,-39.177802597713
01-Aug-2026 01:59:26,-167.648838574812,-39.5418516282957,0,24,24,24,3,-39.5418516282957
01-Aug-2026 01:59:28,-167.576878118088,-39.469891171572,0,24,24,24,2,-39.469891171572
01-Aug-2026 01:59:30,-197.69075055614,-69.5837636096237,0,24,24,24,1,-69.5837636096237
01-Aug-2026 01:59:32,-198.631301560532,-70.5243146140162,0,24,24,24,1,-70.5243146140162
01-Aug-2026 01:59:34,-173.68885150207,-45.5818645555544,0,25,25,25,2,-45.5818645555544
01-Aug-2026 01:59:36,-173.919008207478,-45.8120212609621,0,25,25,25,2,-45.8120212609621
01-Aug-2026 01:59:38,-164.197869368306,-36.0908824217897,0,25,25,25,3,-36.0908824217897
01-Aug-2026 01:59:40,-163.922130064593,-35.8151431180769,0,25,25,25,2,-35.8151431180769
01-Aug-2026 01:59:42,-165.062493502822,-36.9555065563063,0,25,25,25,3,-36.9555065563063
01-Aug-2026 01:59:44,-164.267874646682,-36.1608877001659,0,25,25,25,4,-36.1608877001659
01-Aug-2026 01:59:46,-164.518238496597,-36.4112515500814,0,26,26,26,4,-36.4112515500814
01-Aug-2026 01:59:48,-165.206941598143,-37.0999546516271,0,26,26,26,4,-37.0999546516271
01-Aug-2026 01:59:50,-165.060762017538,-36.9537750710219,0,26,26,26,4,-36.9537750710219
01-Aug-2026 01:59:52,-176.004432744808,-47.8974457982922,0,26,26,26,2,-47.8974457982922
01-Aug-2026 01:59:54,-175.393947366989,-47.286960420473,0,26,26,26,2,-47.286960420473
01-Aug-2026 01:59:56,-175.505647580327,-47.3986606338113,0,26,26,26,3,-47.3986606338113
01-Aug-2026 01:59:58,-190.598486715135,-62.4914997686196,0,25,25,25,2,-62.4914997686196
01-Aug-2026 02:00:00,-199.394770137898,-71.2877831913821,0,24,24,24,1,-71.2877831913821
