OuterAngleDeg,InnerAngleDeg,WorstExceedancePercent,RobustExceedancePercent,MedianExceedancePercent,MaximumIOverNDb,P95IOverNDb,PracticalPercentileIOverNDb,RobustAvailabilityPercent,RetaskDutyPercent,ShutdownDutyPercent,Feasible,PracticalFeasible,Score,SearchStage
0,0,0.971952235490142,0.971952235490142,0.40266592613163,15.6278337909363,-21.0866428123516,8.53291615639946,99.0280477645099,0,0,0,0,0,coarse
0.5,0,0.971952235490142,0.971952235490142,0.40266592613163,15.6278337909363,-21.0866428123516,8.53291615639946,99.0280477645099,0,0,0,0,0.5,coarse
0.5,0.5,0.971952235490142,0.971952235490142,0.40266592613163,15.6278337909363,-21.0866428123516,8.53291615639946,99.0280477645099,0,0,0,0,1,coarse
1,0,0.971952235490142,0.971952235490142,0.40266592613163,15.6278337909363,-21.0866428123516,8.53291615639946,99.0280477645099,0.0112258643915582,0,0,0,1,coarse
1,0.5,0.971952235490142,0.971952235490142,0.40266592613163,15.6278337909363,-21.0866428123516,8.53291615639946,99.0280477645099,0.0112258643915582,0,0,0,1.5,coarse
1,1,0.971952235490142,0.971952235490142,0.388780894196057,15.2710727225377,-21.0866428123516,8.53291615639946,99.0280477645099,0,0.0112258643915582,0,0,2,coarse
2,0,0.971952235490142,0.971952235490142,0.40266592613163,15.6278337909363,-21.0866428123516,8.53291615639946,99.0280477645099,0.0673551863493489,0,0,0,2,coarse
2,0.5,0.971952235490142,0.971952235490142,0.40266592613163,15.6278337909363,-21.0866428123516,8.53291615639946,99.0280477645099,0.0673551863493489,0,0,0,2.5,coarse
2,1,0.971952235490142,0.971952235490142,0.388780894196057,15.2710727225377,-21.0866428123516,8.53291615639946,99.0280477645099,0.0561293219577908,0.0112258643915582,0,0,3,coarse
2,2,0.944182171618995,0.944182171618995,0.333240766453763,15.2710727225377,-21.1323019645114,5.95698847298349,99.055817828381,0,0.0673551863493489,0,0,4,coarse
3,0,0.971952235490142,0.971952235490142,0.40266592613163,15.6278337909363,-21.0866428123516,8.53291615639946,99.0280477645099,0.117871576111361,0,0,0,3,coarse
3,0.5,0.971952235490142,0.971952235490142,0.40266592613163,15.6278337909363,-21.0866428123516,8.53291615639946,99.0280477645099,0.117871576111361,0,0,0,3.5,coarse
3,1,0.971952235490142,0.971952235490142,0.388780894196057,15.2710727225377,-21.0866428123516,8.53291615639946,99.0280477645099,0.106645711719802,0.0112258643915582,0,0,4,coarse
3,2,0.944182171618995,0.944182171618995,0.333240766453763,15.2710727225377,-21.1323019645114,5.95698847298349,99.055817828381,0.0505163897620117,0.0673551863493489,0,0,5,coarse
3,3,0.888642043876701,0.888642043876701,0.305470702582616,15.2710727225377,-21.6230004017178,5.95698847298349,99.1113579561233,0,0.117871576111361,0,0,6,coarse
5,0,0.971952235490142,0.971952235490142,0.40266592613163,15.6278337909363,-21.0866428123516,8.53291615639946,99.0280477645099,0.196452626852268,0,0,0,5,coarse
5,0.5,0.971952235490142,0.971952235490142,0.40266592613163,15.6278337909363,-21.0866428123516,8.53291615639946,99.0280477645099,0.196452626852268,0,0,0,5.5,coarse
5,1,0.971952235490142,0.971952235490142,0.388780894196057,15.2710727225377,-21.0866428123516,8.53291615639946,99.0280477645099,0.185226762460709,0.0112258643915582,0,0,6,coarse
5,2,0.944182171618995,0.944182171618995,0.333240766453763,15.2710727225377,-21.1323019645114,5.95698847298349,99.055817828381,0.129097440502919,0.0673551863493489,0,0,7,coarse
5,3,0.888642043876701,0.888642043876701,0.305470702582616,15.2710727225377,-21.6230004017178,5.95698847298349,99.1113579561233,0.102210984991124,0.117871576111361,0,0,8,coarse
5,5,0.888642043876701,0.888642043876701,0.305470702582616,15.2710727225377,-22.2237519570643,5.95698847298349,99.1113579561233,0,0.196452626852268,0,0,10,coarse
10,0,0.971952235490142,0.971952235490142,0.40266592613163,15.6278337909363,-21.0866428123516,8.53291615639946,99.0280477645099,0.639763779527559,0,0,0,10,coarse
10,0.5,0.971952235490142,0.971952235490142,0.40266592613163,15.6278337909363,-21.0866428123516,8.53291615639946,99.0280477645099,0.639763779527559,0,0,0,10.5,coarse
10,1,0.971952235490142,0.971952235490142,0.388780894196057,15.2710727225377,-21.0866428123516,8.53291615639946,99.0280477645099,0.639763779527559,0.0112258643915582,0,0,11,coarse
10,2,0.944182171618995,0.944182171618995,0.333240766453763,15.2710727225377,-21.1323019645114,5.95698847298349,99.055817828381,0.634295713035871,0.0673551863493489,0,0,12,coarse
10,3,0.888642043876701,0.888642043876701,0.305470702582616,15.2710727225377,-21.6230004017178,5.95698847298349,99.1113579561233,0.606955380577428,0.117871576111361,0,0,13,coarse
10,5,0.888642043876701,0.888642043876701,0.305470702582616,15.2710727225377,-22.2237519570643,5.95698847298349,99.1113579561233,0.519466316710411,0.196452626852268,0,0,15,coarse
10,10,0.888642043876701,0.888642043876701,0.305470702582616,15.2710727225377,-23.5446729774807,5.95698847298349,99.1113579561233,0,0.639763779527559,0,0,20,coarse
15,0,0.971952235490142,0.971952235490142,0.40266592613163,15.6278337909363,-21.0866428123516,8.53291615639946,99.0280477645099,1.48731408573928,0,0,0,15,coarse
15,0.5,0.971952235490142,0.971952235490142,0.40266592613163,15.6278337909363,-21.0866428123516,8.53291615639946,99.0280477645099,1.48731408573928,0,0,0,15.5,coarse
15,1,0.971952235490142,0.971952235490142,0.388780894196057,15.2710727225377,-21.0866428123516,8.53291615639946,99.0280477645099,1.48731408573928,0.0112258643915582,0,0,16,coarse
15,2,0.944182171618995,0.944182171618995,0.333240766453763,15.2710727225377,-21.1323019645114,5.95698847298349,99.055817828381,1.48184601924759,0.0673551863493489,0,0,17,coarse
15,3,0.888642043876701,0.888642043876701,0.305470702582616,15.2710727225377,-21.6230004017178,5.95698847298349,99.1113579561233,1.45450568678915,0.117871576111361,0,0,18,coarse
15,5,0.888642043876701,0.888642043876701,0.305470702582616,15.2710727225377,-22.2237519570643,5.95698847298349,99.1113579561233,1.36701662292213,0.196452626852268,0,0,20,coarse
15,10,0.888642043876701,0.888642043876701,0.305470702582616,15.2710727225377,-23.5446729774807,5.95698847298349,99.1113579561233,0.847550306211724,0.639763779527559,0,0,25,coarse
15,15,0.888642043876701,0.888642043876701,0.305470702582616,15.2710727225377,-25.0474793414164,5.95698847298349,99.1113579561233,0,1.48731408573928,0,0,30,coarse
20,0,0.971952235490142,0.971952235490142,0.40266592613163,15.6278337909363,-21.0866428123516,8.53291615639946,99.0280477645099,2.81058617672791,0,0,0,20,coarse
20,0.5,0.971952235490142,0.971952235490142,0.40266592613163,15.6278337909363,-21.0866428123516,8.53291615639946,99.0280477645099,2.81058617672791,0,0,0,20.5,coarse
20,1,0.971952235490142,0.971952235490142,0.388780894196057,15.2710727225377,-21.0866428123516,8.53291615639946,99.0280477645099,2.81058617672791,0.0112258643915582,0,0,21,coarse
20,2,0.944182171618995,0.944182171618995,0.333240766453763,15.2710727225377,-21.1323019645114,5.95698847298349,99.055817828381,2.80511811023622,0.0673551863493489,0,0,22,coarse
20,3,0.888642043876701,0.888642043876701,0.305470702582616,15.2710727225377,-21.6230004017178,5.95698847298349,99.1113579561233,2.77777777777778,0.117871576111361,0,0,23,coarse
20,5,0.888642043876701,0.888642043876701,0.305470702582616,15.2710727225377,-22.2237519570643,5.95698847298349,99.1113579561233,2.69028871391076,0.196452626852268,0,0,25,coarse
20,10,0.888642043876701,0.888642043876701,0.305470702582616,15.2710727225377,-23.5446729774807,5.95698847298349,99.1113579561233,2.17082239720035,0.639763779527559,0,0,30,coarse
20,15,0.888642043876701,0.888642043876701,0.305470702582616,15.2710727225377,-25.0474793414164,5.95698847298349,99.1113579561233,1.32327209098863,1.48731408573928,0,0,35,coarse
20,20,0.888642043876701,0.888642043876701,0.305470702582616,15.2710727225377,-25.8576174067662,5.95698847298349,99.1113579561233,0,2.81058617672791,0,0,40,coarse
25,0,0.971952235490142,0.971952235490142,0.40266592613163,15.6278337909363,-21.0866428123516,8.53291615639946,99.0280477645099,4.19400699912511,0,0,0,25,coarse
25,0.5,0.971952235490142,0.971952235490142,0.40266592613163,15.6278337909363,-21.0866428123516,8.53291615639946,99.0280477645099,4.19400699912511,0,0,0,25.5,coarse
25,1,0.971952235490142,0.971952235490142,0.388780894196057,15.2710727225377,-21.0866428123516,8.53291615639946,99.0280477645099,4.19400699912511,0.0112258643915582,0,0,26,coarse
25,2,0.944182171618995,0.944182171618995,0.333240766453763,15.2710727225377,-21.1323019645114,5.95698847298349,99.055817828381,4.18853893263342,0.0673551863493489,0,0,27,coarse
25,3,0.888642043876701,0.888642043876701,0.305470702582616,15.2710727225377,-21.6230004017178,5.95698847298349,99.1113579561233,4.16119860017498,0.117871576111361,0,0,28,coarse
25,5,0.888642043876701,0.888642043876701,0.305470702582616,15.2710727225377,-22.2237519570643,5.95698847298349,99.1113579561233,4.07370953630796,0.196452626852268,0,0,30,coarse
25,10,0.888642043876701,0.888642043876701,0.305470702582616,15.2710727225377,-23.5446729774807,5.95698847298349,99.1113579561233,3.55424321959755,0.639763779527559,0,0,35,coarse
25,15,0.888642043876701,0.888642043876701,0.305470702582616,15.2710727225377,-25.0474793414164,5.95698847298349,99.1113579561233,2.94797998816504,1.48731408573928,0,0,40,coarse
25,20,0.888642043876701,0.888642043876701,0.305470702582616,15.2710727225377,-25.8576174067662,5.95698847298349,99.1113579561233,1.91511108720211,2.81058617672791,0,0,45,coarse
25,25,0.888642043876701,0.888642043876701,0.305470702582616,15.2710727225377,-26.2761332584518,5.95698847298349,99.1113579561233,0,4.19400699912511,0,0,50,coarse
30,0,0.944182171618995,0.944182171618995,0.40266592613163,15.6278337909363,-21.0866428123516,8.53291615639946,99.055817828381,6.97186508149981,0,0,0,30,coarse
30,0.5,0.944182171618995,0.944182171618995,0.40266592613163,15.6278337909363,-21.0866428123516,8.53291615639946,99.055817828381,6.97186508149981,0,0,0,30.5,coarse
30,1,0.944182171618995,0.944182171618995,0.388780894196057,15.2710727225377,-21.0866428123516,8.53291615639946,99.055817828381,6.97186508149981,0.0112258643915582,0,0,31,coarse
30,2,0.916412107747848,0.916412107747848,0.333240766453763,15.2710727225377,-21.1323019645114,5.95698847298349,99.0835878922522,6.95572650492227,0.0673551863493489,0,0,32,coarse
30,3,0.860871980005554,0.860871980005554,0.305470702582616,15.2710727225377,-21.6230004017178,5.95698847298349,99.1391280199944,6.94496745387057,0.117871576111361,0,0,33,coarse
30,5,0.860871980005554,0.860871980005554,0.305470702582616,15.2710727225377,-22.2237519570643,5.95698847298349,99.1391280199944,6.84275646887945,0.196452626852268,0,0,35,coarse
30,10,0.860871980005554,0.860871980005554,0.305470702582616,15.2710727225377,-23.5446729774807,5.95698847298349,99.1391280199944,6.6275754478455,0.639763779527559,0,0,40,coarse
30,15,0.860871980005554,0.860871980005554,0.305470702582616,15.2710727225377,-25.0474793414164,5.95698847298349,99.1391280199944,6.0519662165797,1.48731408573928,0,0,45,coarse
30,20,0.860871980005554,0.860871980005554,0.305470702582616,15.2710727225377,-25.8576174067662,5.95698847298349,99.1391280199944,5.01909731561676,2.81058617672791,0,0,50,coarse
30,25,0.860871980005554,0.860871980005554,0.305470702582616,15.2710727225377,-26.2761332584518,5.95698847298349,99.1391280199944,3.10398622841465,4.19400699912511,0,0,55,coarse
30,30,0.860871980005554,0.860871980005554,0.305470702582616,15.2710727225377,-27.14742899805,5.95698847298349,99.1391280199944,0,6.97186508149981,0,0,60,coarse
35,0,0.833101916134407,0.833101916134407,0.347125798389336,15.6278337909363,-21.0866428123516,8.53291615639946,99.1668980838656,11.834956156867,0,0,0,35,coarse
35,0.5,0.833101916134407,0.833101916134407,0.347125798389336,15.6278337909363,-21.0866428123516,8.53291615639946,99.1668980838656,11.834956156867,0,0,0,35.5,coarse
35,1,0.833101916134407,0.833101916134407,0.333240766453763,15.2710727225377,-21.0866428123516,8.53291615639946,99.1668980838656,11.834956156867,0.0112258643915582,0,0,36,coarse
35,2,0.80533185226326,0.80533185226326,0.277700638711469,15.2710727225377,-21.1323019645114,5.95698847298349,99.1946681477367,11.8188175802894,0.0673551863493489,0,0,37,coarse
35,3,0.749791724520966,0.749791724520966,0.249930574840322,15.2710727225377,-21.6230004017178,5.95698847298349,99.250208275479,11.8080585292377,0.117871576111361,0,0,38,coarse
35,5,0.749791724520966,0.749791724520966,0.249930574840322,15.2710727225377,-22.2237519570643,5.95698847298349,99.250208275479,11.7058475442466,0.196452626852268,0,0,40,coarse
35,10,0.749791724520966,0.749791724520966,0.249930574840322,15.2710727225377,-23.5446729774807,5.95698847298349,99.250208275479,11.4906665232127,0.639763779527559,0,0,45,coarse
35,15,0.749791724520966,0.749791724520966,0.249930574840322,15.2710727225377,-25.0474793414164,5.95698847298349,99.250208275479,10.9150572919468,1.48731408573928,0,0,50,coarse
35,20,0.749791724520966,0.749791724520966,0.249930574840322,15.2710727225377,-25.8576174067662,5.95698847298349,99.250208275479,9.88218839098391,2.81058617672791,0,0,55,coarse
35,25,0.749791724520966,0.749791724520966,0.249930574840322,15.2710727225377,-26.2761332584518,5.95698847298349,99.250208275479,7.96707730378181,4.19400699912511,0,0,60,coarse
35,30,0.749791724520966,0.749791724520966,0.249930574840322,15.2710727225377,-27.14742899805,5.95698847298349,99.250208275479,4.86641221374046,6.97186508149981,0,0,65,coarse
35,35,0.749791724520966,0.749791724520966,0.249930574840322,15.2710727225377,-27.6408984881132,5.95698847298349,99.250208275479,0,11.834956156867,0,0,70,coarse
40,0,0.749791724520966,0.749791724520966,0.249930574840322,15.6278337909363,-21.0866428123516,8.53291615639946,99.250208275479,16.5020206555905,0,0,0,40,coarse
40,0.5,0.749791724520966,0.749791724520966,0.249930574840322,15.6278337909363,-21.0866428123516,8.53291615639946,99.250208275479,16.5020206555905,0,0,0,40.5,coarse
40,1,0.749791724520966,0.749791724520966,0.236045542904749,15.2710727225377,-21.0866428123516,8.53291615639946,99.250208275479,16.4907947911989,0.0112258643915582,0,0,41,coarse
40,2,0.72202166064982,0.72202166064982,0.180505415162455,15.2710727225377,-21.1323019645114,5.95698847298349,99.2779783393502,16.4346654692411,0.0673551863493489,0,0,42,coarse
40,3,0.666481532907526,0.666481532907526,0.152735351291308,15.2710727225377,-21.6230004017178,5.95698847298349,99.3335184670925,16.3841490794791,0.117871576111361,0,0,43,coarse
40,5,0.666481532907526,0.666481532907526,0.152735351291308,15.2710727225377,-22.2237519570643,5.95698847298349,99.3335184670925,16.3055680287382,0.196452626852268,0,0,45,coarse
40,10,0.666481532907526,0.666481532907526,0.152735351291308,15.2710727225377,-23.5446729774807,5.95698847298349,99.3335184670925,16.1371800628648,0.639763779527559,0,0,50,coarse
40,15,0.666481532907526,0.666481532907526,0.152735351291308,15.2710727225377,-25.0474793414164,5.95698847298349,99.3335184670925,15.5422092501123,1.48731408573928,0,0,55,coarse
40,20,0.666481532907526,0.666481532907526,0.152735351291308,15.2710727225377,-25.8576174067662,5.95698847298349,99.3335184670925,14.48136506511,2.81058617672791,0,0,60,coarse
40,25,0.666481532907526,0.666481532907526,0.152735351291308,15.2710727225377,-26.2761332584518,5.95698847298349,99.3335184670925,12.8648405927256,4.19400699912511,0,0,65,coarse
40,30,0.666481532907526,0.666481532907526,0.152735351291308,15.2710727225377,-27.14742899805,5.95698847298349,99.3335184670925,9.95734171531208,6.97186508149981,0,0,70,coarse
40,35,0.666481532907526,0.666481532907526,0.152735351291308,15.2710727225377,-27.6408984881132,5.95698847298349,99.3335184670925,5.26027996500437,11.834956156867,0,0,75,coarse
40,40,0.666481532907526,0.666481532907526,0.152735351291308,15.2710341168833,-29.4903155781176,5.95695451821766,99.3335184670925,0,16.5020206555905,0,0,80,coarse
45,0,0.583171341294085,0.583171341294085,0.194390447098028,15.6278337909363,-21.2009039173694,0.0298103609289086,99.4168286587059,20.4479119892232,0,0,0,45,coarse
45,0.5,0.583171341294085,0.583171341294085,0.194390447098028,15.6278337909363,-21.2009039173694,0.0298103609289086,99.4168286587059,20.4479119892232,0,0,0,45.5,coarse
45,1,0.583171341294085,0.583171341294085,0.194390447098028,13.1266022890618,-21.2009039173694,0.0298103609289086,99.4168286587059,20.4366861248316,0.0112258643915582,0,0,46,coarse
45,2,0.555401277422938,0.555401277422938,0.124965287420161,4.29462207568713,-21.3967310527413,-0.446720263564225,99.4445987225771,20.3805568028738,0.0673551863493489,0,0,47,coarse
45,3,0.499861149680644,0.499861149680644,0.0971952235490142,4.29462207568713,-21.7083924555901,-0.853167925707237,99.5001388503194,20.3300404131118,0.117871576111361,0,0,48,coarse
45,5,0.499861149680644,0.499861149680644,0.0971952235490142,4.29462207568713,-22.2915528351574,-0.853167925707237,99.5001388503194,20.2514593623709,0.196452626852268,0,0,50,coarse
45,10,0.499861149680644,0.499861149680644,0.0971952235490142,4.29462207568713,-23.5761941456423,-0.853167925707237,99.5001388503194,20.0830713964975,0.639763779527559,0,0,55,coarse
45,15,0.499861149680644,0.499861149680644,0.0971952235490142,4.29462207568713,-25.0474793414164,-0.853167925707237,99.5001388503194,19.4881005837449,1.48731408573928,0,0,60,coarse
45,20,0.499861149680644,0.499861149680644,0.0971952235490142,4.29462207568713,-25.8576174067662,-0.853167925707237,99.5001388503194,18.4272563987427,2.81058617672791,0,0,65,coarse
45,25,0.499861149680644,0.499861149680644,0.0971952235490142,4.29462207568713,-26.2761332584518,-0.853167925707237,99.5001388503194,16.8107319263583,4.19400699912511,0,0,70,coarse
45,30,0.499861149680644,0.499861149680644,0.0971952235490142,4.29462207568713,-27.14742899805,-0.853361248503699,99.5001388503194,13.9032330489448,6.97186508149981,0,0,75,coarse
45,35,0.499861149680644,0.499861149680644,0.0971952235490142,4.29462207568713,-27.6408984881132,-0.853361248503699,99.5001388503194,9.03682083520431,11.834956156867,0,0,80,coarse
45,40,0.499861149680644,0.499861149680644,0.0971952235490142,4.29428588988674,-29.4903155781176,-0.853361248503699,99.5001388503194,3.94589133363269,16.5020206555905,0,0,85,coarse
45,45,0.499861149680644,0.499861149680644,0.0971952235490142,4.29428588988674,-34.8708794171887,-0.85349205063013,99.5001388503194,0,20.4479119892232,0,0,90,coarse
50,0,0.416550958067203,0.416550958067203,0.194390447098028,15.6278337909363,-21.62689616913,0.0298103609289086,99.5834490419328,23.4564436461608,0,0,0,50,coarse
50,0.5,0.416550958067203,0.416550958067203,0.194390447098028,15.6278337909363,-21.62689616913,0.0298103609289086,99.5834490419328,23.4564436461608,0,0,0,50.5,coarse
50,1,0.416550958067203,0.416550958067203,0.194390447098028,13.1266022890618,-21.62689616913,0.0298103609289086,99.5834490419328,23.4452177817692,0.0112258643915582,0,0,51,coarse
50,2,0.388780894196057,0.388780894196057,0.111080255484588,0.889060321742647,-21.6661881432181,-2.08139826331585,99.6112191058039,23.3890884598114,0.0673551863493489,0,0,52,coarse
50,3,0.333240766453763,0.333240766453763,0.0833101916134407,0.889060321742647,-21.8790566579305,-3.01611657662268,99.6667592335462,23.3385720700494,0.117871576111361,0,0,53,coarse
50,5,0.333240766453763,0.333240766453763,0.0833101916134407,0.889060321742647,-22.4004868530513,-3.01611657662268,99.6667592335462,23.2599910193085,0.196452626852268,0,0,55,coarse
50,10,0.333240766453763,0.333240766453763,0.0833101916134407,0.889060321742647,-23.6865703429099,-3.01611657662268,99.6667592335462,23.0916030534351,0.639763779527559,0,0,60,coarse
50,15,0.333240766453763,0.333240766453763,0.0833101916134407,0.889060321742647,-25.2262500595676,-3.01611657662268,99.6667592335462,22.4966322406825,1.48731408573928,0,0,65,coarse
50,20,0.333240766453763,0.333240766453763,0.0833101916134407,0.889060321742647,-25.9029627624362,-3.01611657662268,99.6667592335462,21.4357880556803,2.81058617672791,0,0,70,coarse
50,25,0.333240766453763,0.333240766453763,0.0833101916134407,0.889060321742647,-26.3061878695701,-3.01611657662268,99.6667592335462,19.8192635832959,4.19400699912511,0,0,75,coarse
50,30,0.333240766453763,0.333240766453763,0.0833101916134407,0.889060321742647,-27.2005879308444,-3.01666912676703,99.6667592335462,16.9117647058824,6.97186508149981,0,0,80,coarse
50,35,0.333240766453763,0.333240766453763,0.0833101916134407,0.887364872543742,-27.7536350060519,-3.01666912676703,99.6667592335462,12.0453524921419,11.834956156867,0,0,85,coarse
50,40,0.333240766453763,0.333240766453763,0.0833101916134407,0.887364872543742,-29.663545150441,-3.01666912676703,99.6667592335462,7.04717843886169,16.5020206555905,0,0,90,coarse
50,45,0.333240766453763,0.333240766453763,0.0833101916134407,0.887364872543742,-35.2186464647961,-3.01666912676703,99.6667592335462,3.76202974628171,20.4479119892232,0,0,95,coarse
50,50,0.333240766453763,0.333240766453763,0.0833101916134407,0.887364623447326,-38.6461187136515,-3.01666912676703,99.6667592335462,0,23.4564436461608,0,0,100,coarse
55,0,0.416550958067203,0.416550958067203,0.194390447098028,15.6278337909363,-21.62689616913,0.0298103609289086,99.5834490419328,27.6324651998204,0,0,0,55,coarse
55,0.5,0.416550958067203,0.416550958067203,0.194390447098028,15.6278337909363,-21.62689616913,0.0298103609289086,99.5834490419328,27.6324651998204,0,0,0,55.5,coarse
55,1,0.416550958067203,0.416550958067203,0.194390447098028,13.1266022890618,-21.62689616913,0.0298103609289086,99.5834490419328,27.6212393354288,0.0112258643915582,0,0,56,coarse
55,2,0.388780894196057,0.388780894196057,0.111080255484588,0.889060321742647,-21.6661881432181,-2.08139826331585,99.6112191058039,27.565110013471,0.0673551863493489,0,0,57,coarse
55,3,0.333240766453763,0.333240766453763,0.0833101916134407,0.889060321742647,-21.8790566579305,-3.01611657662268,99.6667592335462,27.514593623709,0.117871576111361,0,0,58,coarse
55,5,0.333240766453763,0.333240766453763,0.0833101916134407,0.889060321742647,-22.4004868530513,-3.01611657662268,99.6667592335462,27.4360125729681,0.196452626852268,0,0,60,coarse
55,10,0.333240766453763,0.333240766453763,0.0833101916134407,0.889060321742647,-23.6865703429099,-3.01611657662268,99.6667592335462,27.2676246070947,0.639763779527559,0,0,65,coarse
55,15,0.333240766453763,0.333240766453763,0.0833101916134407,0.889060321742647,-25.2262500595676,-3.01611657662268,99.6667592335462,26.6726537943422,1.48731408573928,0,0,70,coarse
55,20,0.333240766453763,0.333240766453763,0.0833101916134407,0.889060321742647,-25.9029627624362,-3.01611657662268,99.6667592335462,25.6118096093399,2.81058617672791,0,0,75,coarse
55,25,0.333240766453763,0.333240766453763,0.0833101916134407,0.889060321742647,-26.3061878695701,-3.01611657662268,99.6667592335462,23.9952851369555,4.19400699912511,0,0,80,coarse
55,30,0.333240766453763,0.333240766453763,0.0833101916134407,0.889060321742647,-27.2005879308444,-3.01666912676703,99.6667592335462,21.087786259542,6.97186508149981,0,0,85,coarse
55,35,0.333240766453763,0.333240766453763,0.0833101916134407,0.887364872543742,-27.7536350060519,-3.01666912676703,99.6667592335462,16.2213740458015,11.834956156867,0,0,90,coarse
55,40,0.333240766453763,0.333240766453763,0.0833101916134407,0.887364872543742,-29.663545150441,-3.01666912676703,99.6667592335462,11.1304445442299,16.5020206555905,0,0,95,coarse
55,45,0.333240766453763,0.333240766453763,0.0833101916134407,0.887364872543742,-35.2877346940713,-3.01666912676703,99.6667592335462,7.60061242344707,20.4479119892232,0,0,100,coarse
55,50,0.333240766453763,0.333240766453763,0.0833101916134407,0.887364623447326,-38.7768718224051,-3.01666912676703,99.6667592335462,4.17602155365963,23.4564436461608,0,0,105,coarse
55,55,0.333240766453763,0.333240766453763,0.0833101916134407,0.887361511053768,-39.1549877865739,-3.01666912676703,99.6667592335462,0,27.6324651998204,0,0,110,coarse
60,0,0.416550958067203,0.416550958067203,0.194390447098028,15.6278337909363,-21.62689616913,0.0298103609289086,99.5834490419328,31.4941625505164,0,0,0,60,coarse
60,0.5,0.416550958067203,0.416550958067203,0.194390447098028,15.6278337909363,-21.62689616913,0.0298103609289086,99.5834490419328,31.4941625505164,0,0,0,60.5,coarse
60,1,0.416550958067203,0.416550958067203,0.194390447098028,13.1266022890618,-21.62689616913,0.0298103609289086,99.5834490419328,31.4829366861248,0.0112258643915582,0,0,61,coarse
60,2,0.388780894196057,0.388780894196057,0.111080255484588,0.889060321742647,-21.6661881432181,-2.08139826331585,99.6112191058039,31.426807364167,0.0673551863493489,0,0,62,coarse
60,3,0.333240766453763,0.333240766453763,0.0833101916134407,0.889060321742647,-21.8790566579305,-3.01611657662268,99.6667592335462,31.376290974405,0.117871576111361,0,0,63,coarse
60,5,0.333240766453763,0.333240766453763,0.0833101916134407,0.889060321742647,-22.4004868530513,-3.01611657662268,99.6667592335462,31.2977099236641,0.196452626852268,0,0,65,coarse
60,10,0.333240766453763,0.333240766453763,0.0833101916134407,0.889060321742647,-23.6865703429099,-3.01611657662268,99.6667592335462,31.1293219577908,0.639763779527559,0,0,70,coarse
60,15,0.333240766453763,0.333240766453763,0.0833101916134407,0.889060321742647,-25.2262500595676,-3.01611657662268,99.6667592335462,30.5343511450382,1.48731408573928,0,0,75,coarse
60,20,0.333240766453763,0.333240766453763,0.0833101916134407,0.889060321742647,-25.9029627624362,-3.01611657662268,99.6667592335462,29.4735069600359,2.81058617672791,0,0,80,coarse
60,25,0.333240766453763,0.333240766453763,0.0833101916134407,0.889060321742647,-26.3061878695701,-3.01611657662268,99.6667592335462,27.8569824876515,4.19400699912511,0,0,85,coarse
60,30,0.333240766453763,0.333240766453763,0.0833101916134407,0.889060321742647,-27.2005879308444,-3.01666912676703,99.6667592335462,24.949483610238,6.97186508149981,0,0,90,coarse
60,35,0.333240766453763,0.333240766453763,0.0833101916134407,0.887364872543742,-27.7536350060519,-3.01666912676703,99.6667592335462,20.0830713964975,11.834956156867,0,0,95,coarse
60,40,0.333240766453763,0.333240766453763,0.0833101916134407,0.887364872543742,-29.663545150441,-3.01666912676703,99.6667592335462,14.9921418949259,16.5020206555905,0,0,100,coarse
60,45,0.333240766453763,0.333240766453763,0.0833101916134407,0.887364872543742,-35.2877346940713,-3.01666912676703,99.6667592335462,11.2270697724461,20.4479119892232,0,0,105,coarse
60,50,0.333240766453763,0.333240766453763,0.0833101916134407,0.887364623447326,-38.8063160119465,-3.01666912676703,99.6667592335462,8.03771890435564,23.4564436461608,0,0,110,coarse
60,55,0.333240766453763,0.333240766453763,0.0833101916134407,0.887361511053768,-39.1824242480946,-3.01666912676703,99.6667592335462,4.19602991016192,27.6324651998204,0,0,115,coarse
60,60,0.333240766453763,0.333240766453763,0.0833101916134407,0.887361511053768,-39.3301052196836,-3.01666912676703,99.6667592335462,0,31.4941625505164,0,0,120,coarse
65,0,0.416550958067203,0.416550958067203,0.194390447098028,15.6278337909363,-21.62689616913,0.0298103609289086,99.5834490419328,35.1818590031432,0,0,0,65,coarse
65,0.5,0.416550958067203,0.416550958067203,0.194390447098028,15.6278337909363,-21.62689616913,0.0298103609289086,99.5834490419328,35.1818590031432,0,0,0,65.5,coarse
65,1,0.416550958067203,0.416550958067203,0.194390447098028,13.1266022890618,-21.62689616913,0.0298103609289086,99.5834490419328,35.1706331387517,0.0112258643915582,0,0,66,coarse
65,2,0.388780894196057,0.388780894196057,0.111080255484588,0.889060321742647,-21.6661881432181,-2.08139826331585,99.6112191058039,35.1145038167939,0.0673551863493489,0,0,67,coarse
65,3,0.333240766453763,0.333240766453763,0.0833101916134407,0.889060321742647,-21.8790566579305,-3.01611657662268,99.6667592335462,35.0639874270319,0.117871576111361,0,0,68,coarse
65,5,0.333240766453763,0.333240766453763,0.0833101916134407,0.889060321742647,-22.4004868530513,-3.01611657662268,99.6667592335462,34.985406376291,0.196452626852268,0,0,70,coarse
65,10,0.333240766453763,0.333240766453763,0.0833101916134407,0.889060321742647,-23.6865703429099,-3.01611657662268,99.6667592335462,34.8170184104176,0.639763779527559,0,0,75,coarse
65,15,0.333240766453763,0.333240766453763,0.0833101916134407,0.889060321742647,-25.2262500595676,-3.01611657662268,99.6667592335462,34.222047597665,1.48731408573928,0,0,80,coarse
65,20,0.333240766453763,0.333240766453763,0.0833101916134407,0.889060321742647,-25.9029627624362,-3.01611657662268,99.6667592335462,33.1612034126628,2.81058617672791,0,0,85,coarse
65,25,0.333240766453763,0.333240766453763,0.0833101916134407,0.889060321742647,-26.3061878695701,-3.01611657662268,99.6667592335462,31.5446789402784,4.19400699912511,0,0,90,coarse
65,30,0.333240766453763,0.333240766453763,0.0833101916134407,0.889060321742647,-27.2005879308444,-3.01666912676703,99.6667592335462,28.6371800628648,6.97186508149981,0,0,95,coarse
65,35,0.333240766453763,0.333240766453763,0.0833101916134407,0.887364872543742,-27.7536350060519,-3.01666912676703,99.6667592335462,23.7707678491244,11.834956156867,0,0,100,coarse
65,40,0.333240766453763,0.333240766453763,0.0833101916134407,0.887364872543742,-29.663545150441,-3.01666912676703,99.6667592335462,18.8175802894185,16.5020206555905,0,0,105,coarse
65,45,0.333240766453763,0.333240766453763,0.0833101916134407,0.887364872543742,-35.3919420997187,-3.01666912676703,99.6667592335462,15.4876539889182,20.4479119892232,0,0,110,coarse
65,50,0.333240766453763,0.333240766453763,0.0833101916134407,0.887364623447326,-38.8962747136724,-3.01666912676703,99.6667592335462,11.7704018505568,23.4564436461608,0,0,115,coarse
65,55,0.333240766453763,0.333240766453763,0.0833101916134407,0.887361511053768,-39.2051646462541,-3.01666912676703,99.6667592335462,8.45661412663403,27.6324651998204,0,0,120,coarse
65,60,0.333240766453763,0.333240766453763,0.0833101916134407,0.887361511053768,-39.3662372012235,-3.01666912676703,99.6667592335462,4.26058421647211,31.4941625505164,0,0,125,coarse
65,65,0.333240766453763,0.333240766453763,0.0833101916134407,0.887361511053768,-39.5331913412529,-3.01667020853322,99.6667592335462,0,35.1818590031432,0,0,130,coarse
70,0,0.416550958067203,0.416550958067203,0.194390447098028,15.6278337909363,-21.62689616913,0.0298103609289086,99.5834490419328,39.517994512884,0,0,0,70,coarse
70,0.5,0.416550958067203,0.416550958067203,0.194390447098028,15.6278337909363,-21.62689616913,0.0298103609289086,99.5834490419328,39.517994512884,0,0,0,70.5,coarse
70,1,0.416550958067203,0.416550958067203,0.194390447098028,13.1266022890618,-21.62689616913,0.0298103609289086,99.5834490419328,39.517994512884,0.0112258643915582,0,0,71,coarse
70,2,0.388780894196057,0.388780894196057,0.111080255484588,0.889060321742647,-21.6661881432181,-2.08139826331585,99.6112191058039,39.5018559363064,0.0673551863493489,0,0,72,coarse
70,3,0.333240766453763,0.333240766453763,0.0833101916134407,0.889060321742647,-21.8790566579305,-3.01611657662268,99.6667592335462,39.4910968852547,0.117871576111361,0,0,73,coarse
70,5,0.333240766453763,0.333240766453763,0.0833101916134407,0.889060321742647,-22.4004868530513,-3.01611657662268,99.6667592335462,39.3888859002636,0.196452626852268,0,0,75,coarse
70,10,0.333240766453763,0.333240766453763,0.0833101916134407,0.889060321742647,-23.6865703429099,-3.01611657662268,99.6667592335462,39.1737048792297,0.639763779527559,0,0,80,coarse
70,15,0.333240766453763,0.333240766453763,0.0833101916134407,0.889060321742647,-25.2262500595676,-3.01611657662268,99.6667592335462,38.5980956479639,1.48731408573928,0,0,85,coarse
70,20,0.333240766453763,0.333240766453763,0.0833101916134407,0.889060321742647,-25.9251267043702,-3.01611657662268,99.6667592335462,37.5652267470009,2.81058617672791,0,0,90,coarse
70,25,0.333240766453763,0.333240766453763,0.0833101916134407,0.889060321742647,-26.3098218248634,-3.01611657662268,99.6667592335462,35.6645711719802,4.19400699912511,0,0,95,coarse
70,30,0.333240766453763,0.333240766453763,0.0833101916134407,0.889060321742647,-27.2398977725047,-3.01666912676703,99.6667592335462,32.7570722945667,6.97186508149981,0,0,100,coarse
70,35,0.333240766453763,0.333240766453763,0.0833101916134407,0.887364872543742,-27.8046289906585,-3.01666912676703,99.6667592335462,27.8906600808262,11.834956156867,0,0,105,coarse
70,40,0.333240766453763,0.333240766453763,0.0833101916134407,0.887364872543742,-29.7662890259885,-3.01666912676703,99.6667592335462,23.3955565119157,16.5020206555905,0,0,110,coarse
70,45,0.333240766453763,0.333240766453763,0.0833101916134407,0.887364872543742,-35.5188584708756,-3.01666912676703,99.6667592335462,20.0656302114154,20.4479119892232,0,0,115,coarse
70,50,0.333240766453763,0.333240766453763,0.0833101916134407,0.887364623447326,-38.9450120043848,-3.01666912676703,99.6667592335462,16.348378073054,23.4564436461608,0,0,120,coarse
70,55,0.333240766453763,0.333240766453763,0.0833101916134407,0.887361511053768,-39.2411468315447,-3.01666912676703,99.6667592335462,13.0345903491312,27.6324651998204,0,0,125,coarse
70,60,0.333240766453763,0.333240766453763,0.0833101916134407,0.887361511053768,-39.5303935041469,-3.01666912676703,99.6667592335462,8.83856043896928,31.4941625505164,0,0,130,coarse
70,65,0.333240766453763,0.333240766453763,0.0833101916134407,0.887361511053768,-39.6013207538368,-3.01667020853322,99.6667592335462,4.86282947821409,35.1818590031432,0,0,135,coarse
70,70,0.333240766453763,0.333240766453763,0.0833101916134407,0.887349556713346,-39.8001098200676,-3.01667020853322,99.6667592335462,0,39.517994512884,0,0,140,coarse
75,0,0.416550958067203,0.416550958067203,0.180505415162455,15.6278337909363,-21.62689616913,0.0298103609289086,99.5834490419328,46.376889558341,0,0,0,75,coarse
75,0.5,0.416550958067203,0.416550958067203,0.180505415162455,15.6278337909363,-21.62689616913,0.0298103609289086,99.5834490419328,46.376889558341,0,0,0,75.5,coarse
75,1,0.416550958067203,0.416550958067203,0.180505415162455,13.1266022890618,-21.62689616913,0.0298103609289086,99.5834490419328,46.376889558341,0.0112258643915582,0,0,76,coarse
75,2,0.388780894196057,0.388780894196057,0.0971952235490142,0.889060321742647,-21.6661881432181,-2.08139826331585,99.6112191058039,46.3607509817634,0.0673551863493489,0,0,77,coarse
75,3,0.333240766453763,0.333240766453763,0.0694251596778673,0.889060321742647,-21.8790566579305,-3.01611657662268,99.6667592335462,46.3499919307117,0.117871576111361,0,0,78,coarse
75,5,0.333240766453763,0.333240766453763,0.0694251596778673,0.889060321742647,-22.4004868530513,-3.01611657662268,99.6667592335462,46.2477809457206,0.196452626852268,0,0,80,coarse
75,10,0.333240766453763,0.333240766453763,0.0694251596778673,0.889060321742647,-23.6865703429099,-3.01611657662268,99.6667592335462,46.0325999246866,0.639763779527559,0,0,85,coarse
75,15,0.333240766453763,0.333240766453763,0.0694251596778673,0.889060321742647,-25.2262500595676,-3.01611657662268,99.6667592335462,45.4569906934208,1.48731408573928,0,0,90,coarse
75,20,0.333240766453763,0.333240766453763,0.0694251596778673,0.889060321742647,-25.9251267043702,-3.01611657662268,99.6667592335462,44.4241217924579,2.81058617672791,0,0,95,coarse
75,25,0.333240766453763,0.333240766453763,0.0694251596778673,0.889060321742647,-26.3098218248634,-3.01611657662268,99.6667592335462,42.5090107052558,4.19400699912511,0,0,100,coarse
75,30,0.333240766453763,0.333240766453763,0.0694251596778673,0.889060321742647,-27.2398977725047,-3.01666912676703,99.6667592335462,39.4083969465649,6.97186508149981,0,0,105,coarse
75,35,0.333240766453763,0.333240766453763,0.0694251596778673,0.887364872543742,-27.8046289906585,-3.01666912676703,99.6667592335462,34.5419847328244,11.834956156867,0,0,110,coarse
75,40,0.333240766453763,0.333240766453763,0.0694251596778673,0.887364872543742,-29.7662890259885,-3.01666912676703,99.6667592335462,30.2544515573726,16.5020206555905,0,0,115,coarse
75,45,0.333240766453763,0.333240766453763,0.0694251596778673,0.887364872543742,-35.5188584708756,-3.01666912676703,99.6667592335462,26.9245252568723,20.4479119892232,0,0,120,coarse
75,50,0.333240766453763,0.333240766453763,0.0694251596778673,0.887364623447326,-38.9450120043848,-3.01666912676703,99.6667592335462,23.2072731185109,23.4564436461608,0,0,125,coarse
75,55,0.333240766453763,0.333240766453763,0.0694251596778673,0.887361511053768,-39.2411468315447,-3.01666912676703,99.6667592335462,19.8934853945882,27.6324651998204,0,0,130,coarse
75,60,0.333240766453763,0.333240766453763,0.0694251596778673,0.887361511053768,-39.5303935041469,-3.01666912676703,99.6667592335462,15.6974554844263,31.4941625505164,0,0,135,coarse
75,65,0.333240766453763,0.333240766453763,0.0694251596778673,0.887361511053768,-39.6013207538368,-3.01667020853322,99.6667592335462,11.4368712679542,35.1818590031432,0,0,140,coarse
75,70,0.333240766453763,0.333240766453763,0.0694251596778673,0.887349556713346,-39.8001098200676,-3.01667020853322,99.6667592335462,6.85889504545699,39.517994512884,0,0,145,coarse
75,75,0.333240766453763,0.333240766453763,0.0694251596778673,0.887346548217693,-39.8574654955674,-3.01667020853322,99.6667592335462,0,46.376889558341,0,0,150,coarse
80,0,0.416550958067203,0.416550958067203,0.166620383226881,15.6278337909363,-21.62689616913,-0.195545900628367,99.5834490419328,49.2925923933509,0,0,0,80,coarse
80,0.5,0.416550958067203,0.416550958067203,0.166620383226881,15.6278337909363,-21.62689616913,-0.195545900628367,99.5834490419328,49.2925923933509,0,0,0,80.5,coarse
80,1,0.416550958067203,0.416550958067203,0.166620383226881,13.1266022890618,-21.62689616913,-0.195545900628367,99.5834490419328,49.2925923933509,0.0112258643915582,0,0,81,coarse
80,2,0.388780894196057,0.388780894196057,0.0833101916134407,0.889060321742647,-21.6661881432181,-2.08139826331585,99.6112191058039,49.2764538167734,0.0673551863493489,0,0,82,coarse
80,3,0.333240766453763,0.333240766453763,0.0555401277422938,0.889060321742647,-21.8790566579305,-3.01611657662268,99.6667592335462,49.2656947657217,0.117871576111361,0,0,83,coarse
80,5,0.333240766453763,0.333240766453763,0.0555401277422938,0.889060321742647,-22.4004868530513,-3.01611657662268,99.6667592335462,49.1634837807305,0.196452626852268,0,0,85,coarse
80,10,0.333240766453763,0.333240766453763,0.0555401277422938,0.889060321742647,-23.6865703429099,-3.01611657662268,99.6667592335462,48.9483027596966,0.639763779527559,0,0,90,coarse
80,15,0.333240766453763,0.333240766453763,0.0555401277422938,0.889060321742647,-25.2262500595676,-3.01611657662268,99.6667592335462,48.3726935284308,1.48731408573928,0,0,95,coarse
80,20,0.333240766453763,0.333240766453763,0.0555401277422938,0.889060321742647,-25.9251267043702,-3.01611657662268,99.6667592335462,47.3398246274679,2.81058617672791,0,0,100,coarse
80,25,0.333240766453763,0.333240766453763,0.0555401277422938,0.889060321742647,-26.3098218248634,-3.01611657662268,99.6667592335462,45.4422990570274,4.19400699912511,0,0,105,coarse
80,30,0.333240766453763,0.333240766453763,0.0555401277422938,0.889060321742647,-27.2398977725047,-3.01666912676703,99.6667592335462,42.5348001796138,6.97186508149981,0,0,110,coarse
80,35,0.333240766453763,0.333240766453763,0.0555401277422938,0.887364872543742,-27.8046289906585,-3.01666912676703,99.6667592335462,37.6683879658734,11.834956156867,0,0,115,coarse
80,40,0.333240766453763,0.333240766453763,0.0555401277422938,0.887364872543742,-29.7662890259885,-3.01666912676703,99.6667592335462,33.1701543923826,16.5020206555905,0,0,120,coarse
80,45,0.333240766453763,0.333240766453763,0.0555401277422938,0.887364872543742,-35.5188584708756,-3.01666912676703,99.6667592335462,29.8402280918823,20.4479119892232,0,0,125,coarse
80,50,0.333240766453763,0.333240766453763,0.0555401277422938,0.887364623447326,-38.9450120043848,-3.01666912676703,99.6667592335462,26.1229759535209,23.4564436461608,0,0,130,coarse
80,55,0.333240766453763,0.333240766453763,0.0555401277422938,0.887361511053768,-39.2411468315447,-3.01666912676703,99.6667592335462,22.8091882295981,27.6324651998204,0,0,135,coarse
80,60,0.333240766453763,0.333240766453763,0.0555401277422938,0.887361511053768,-39.5303935041469,-3.01666912676703,99.6667592335462,18.7627756858526,31.4941625505164,0,0,140,coarse
80,65,0.333240766453763,0.333240766453763,0.0555401277422938,0.887361511053768,-39.6013207538368,-3.01667020853322,99.6667592335462,14.884346422808,35.1818590031432,0,0,145,coarse
80,70,0.333240766453763,0.333240766453763,0.0555401277422938,0.887349556713346,-39.8001098200676,-3.01667020853322,99.6667592335462,10.0215169445939,39.517994512884,0,0,150,coarse
80,75,0.333240766453763,0.333240766453763,0.0555401277422938,0.887346548217693,-39.8574654955674,-3.01667020853322,99.6667592335462,3.97525551371705,46.376889558341,0,0,155,coarse
80,80,0.333240766453763,0.333240766453763,0.0555401277422938,0.887346548217693,-39.8754509018156,-3.01667020853322,99.6667592335462,0,49.2925923933509,0,0,160,coarse
85,0,0.416550958067203,0.416550958067203,0.138850319355735,15.6278337909363,-21.8659659564332,-1.67489778916937,99.5834490419328,52.3643014686105,0,0,0,85,coarse
85,0.5,0.416550958067203,0.416550958067203,0.138850319355735,15.6278337909363,-21.8659659564332,-1.67489778916937,99.5834490419328,52.3643014686105,0,0,0,85.5,coarse
85,1,0.416550958067203,0.416550958067203,0.138850319355735,13.1266022890618,-21.8659659564332,-1.67489778916937,99.5834490419328,52.3643014686105,0.0112258643915582,0,0,86,coarse
85,2,0.388780894196057,0.388780894196057,0.0416550958067204,-0.409570992812093,-21.8790566579305,-2.08139826331585,99.6112191058039,52.3481628920329,0.0673551863493489,0,0,87,coarse
85,3,0.333240766453763,0.333240766453763,0.0138850319355735,-0.777385554715636,-22.1151106661202,-3.01611657662268,99.6667592335462,52.3374038409812,0.117871576111361,0,0,88,coarse
85,5,0.333240766453763,0.333240766453763,0,-0.777385554715636,-22.5507585807225,-3.01611657662268,99.6667592335462,52.2351928559901,0.196452626852268,0,0,90,coarse
85,10,0.333240766453763,0.333240766453763,0,-0.777385554715636,-23.8422868172033,-3.01611657662268,99.6667592335462,52.0200118349562,0.639763779527559,0,0,95,coarse
85,15,0.333240766453763,0.333240766453763,0,-0.777385554715636,-25.405757253304,-3.01611657662268,99.6667592335462,51.4444026036904,1.48731408573928,0,0,100,coarse
85,20,0.333240766453763,0.333240766453763,0,-0.777385554715636,-26.1040212751274,-3.01611657662268,99.6667592335462,50.4115337027274,2.81058617672791,0,0,105,coarse
85,25,0.333240766453763,0.333240766453763,0,-0.777385554715636,-26.418767151802,-3.01611657662268,99.6667592335462,48.6416704086215,4.19400699912511,0,0,110,coarse
85,30,0.333240766453763,0.333240766453763,0,-0.777385554715636,-27.3779119034734,-3.01666912676703,99.6667592335462,45.7341715312079,6.97186508149981,0,0,115,coarse
85,35,0.333240766453763,0.333240766453763,0,-0.777385554715636,-28.1761666650128,-3.01666912676703,99.6667592335462,40.8677593174674,11.834956156867,0,0,120,coarse
85,40,0.333240766453763,0.333240766453763,0,-0.777385554715636,-30.2278380774025,-3.01666912676703,99.6667592335462,36.2418634676422,16.5020206555905,0,0,125,coarse
85,45,0.333240766453763,0.333240766453763,0,-0.777531052075403,-35.9329256594388,-3.01666912676703,99.6667592335462,33.0554061323292,20.4479119892232,0,0,130,coarse
85,50,0.333240766453763,0.333240766453763,0,-0.777531052075403,-39.2665711064657,-3.01666912676703,99.6667592335462,29.6557288864981,23.4564436461608,0,0,135,coarse
85,55,0.333240766453763,0.333240766453763,0,-0.777531052075403,-39.8714263898272,-3.01666912676703,99.6667592335462,26.094674556213,27.6324651998204,0,0,140,coarse
85,60,0.333240766453763,0.333240766453763,0,-0.777531052075403,-40.043467416826,-3.01666912676703,99.6667592335462,22.6519634211942,31.4941625505164,0,0,145,coarse
85,65,0.333240766453763,0.333240766453763,0,-0.777531052075403,-40.1491283875965,-3.01667020853322,99.6667592335462,18.7735341581495,35.1818590031432,0,0,150,coarse
85,70,0.333240766453763,0.333240766453763,0,-0.777627804894394,-40.199398930864,-3.01667020853322,99.6667592335462,13.9107046799354,39.517994512884,0,0,155,coarse
85,75,0.333240766453763,0.333240766453763,0,-0.777627804894394,-40.3941638647903,-3.01667020853322,99.6667592335462,7.86444324905863,46.376889558341,0,0,160,coarse
85,80,0.333240766453763,0.333240766453763,0,-0.777627804894394,-40.4010038419789,-3.01667020853322,99.6667592335462,3.88918773534158,49.2925923933509,0,0,165,coarse
85,85,0.333240766453763,0.333240766453763,0,-0.777658882786938,-40.5033189159534,-3.01667020853322,99.6667592335462,0,52.3643014686105,0,0,170,coarse
90,0,0.416550958067203,0.416550958067203,0.138850319355735,15.6278337909363,-22.0203605734519,-1.67489778916937,99.5834490419328,55.7426434988434,0,0,0,90,coarse
90,0.5,0.416550958067203,0.416550958067203,0.138850319355735,15.6278337909363,-22.0203605734519,-1.67489778916937,99.5834490419328,55.7426434988434,0,0,0,90.5,coarse
90,1,0.416550958067203,0.416550958067203,0.138850319355735,13.1266022890618,-22.0203605734519,-1.67489778916937,99.5834490419328,55.7426434988434,0.0112258643915582,0,0,91,coarse
90,2,0.388780894196057,0.388780894196057,0.0416550958067204,-0.409570992812093,-22.1151106661202,-2.08139826331585,99.6112191058039,55.7265049222659,0.0673551863493489,0,0,92,coarse
90,3,0.333240766453763,0.333240766453763,0.0138850319355735,-0.777385554715636,-22.2943308175037,-3.01611657662268,99.6667592335462,55.7157458712142,0.117871576111361,0,0,93,coarse
90,5,0.333240766453763,0.333240766453763,0,-0.777385554715636,-22.7280286419842,-3.01611657662268,99.6667592335462,55.613534886223,0.196452626852268,0,0,95,coarse
90,10,0.333240766453763,0.333240766453763,0,-0.777385554715636,-24.0729750911264,-3.01611657662268,99.6667592335462,55.3983538651891,0.639763779527559,0,0,100,coarse
90,15,0.333240766453763,0.333240766453763,0,-0.777385554715636,-25.8184045338623,-3.01611657662268,99.6667592335462,54.8227446339233,1.48731408573928,0,0,105,coarse
90,20,0.333240766453763,0.333240766453763,0,-0.777385554715636,-26.267413766934,-3.01611657662268,99.6667592335462,53.7898757329604,2.81058617672791,0,0,110,coarse
90,25,0.333240766453763,0.333240766453763,0,-0.777385554715636,-26.5958238739423,-3.01611657662268,99.6667592335462,51.8747646457582,4.19400699912511,0,0,115,coarse
90,30,0.333240766453763,0.333240766453763,0,-0.777385554715636,-27.5835676582879,-3.01666912676703,99.6667592335462,48.7763807813202,6.97186508149981,0,0,120,coarse
90,35,0.333240766453763,0.333240766453763,0,-0.777385554715636,-28.6011314144273,-3.01666912676703,99.6667592335462,43.9099685675797,11.834956156867,0,0,125,coarse
90,40,0.333240766453763,0.333240766453763,0,-0.777385554715636,-31.1585454066154,-3.01666912676703,99.6667592335462,39.6202054978751,16.5020206555905,0,0,130,coarse
90,45,0.333240766453763,0.333240766453763,0,-0.777531052075403,-36.5340907337963,-3.01666912676703,99.6667592335462,36.2902791973748,20.4479119892232,0,0,135,coarse
90,50,0.333240766453763,0.333240766453763,0,-0.777531052075403,-39.8188057397354,-3.01666912676703,99.6667592335462,32.8617536309844,23.4564436461608,0,0,140,coarse
90,55,0.333240766453763,0.333240766453763,0,-0.777531052075403,-40.2645523831113,-3.01666912676703,99.6667592335462,29.3006993006993,27.6324651998204,0,0,145,coarse
90,60,0.333240766453763,0.333240766453763,0,-0.777531052075403,-40.5514971387678,-3.01666912676703,99.6667592335462,25.8579881656805,31.4941625505164,0,0,150,coarse
90,65,0.333240766453763,0.333240766453763,0,-0.777531052075403,-40.7873211205254,-3.01667020853322,99.6667592335462,21.9795589026358,35.1818590031432,0,0,155,coarse
90,70,0.333240766453763,0.333240766453763,0,-0.777627804894394,-40.8543975970845,-3.01667020853322,99.6667592335462,17.1167294244217,39.517994512884,0,0,160,coarse
90,75,0.333240766453763,0.333240766453763,0,-0.777627804894394,-40.9052362973898,-3.01667020853322,99.6667592335462,11.0704679935449,46.376889558341,0,0,165,coarse
90,80,0.333240766453763,0.333240766453763,0,-0.777627804894394,-40.9128930213406,-3.01667020853322,99.6667592335462,7.09521247982786,49.2925923933509,0,0,170,coarse
90,85,0.333240766453763,0.333240766453763,0,-0.777658882786938,-41.09373913247,-3.01667020853322,99.6667592335462,3.37834203023293,52.3643014686105,0,0,175,coarse
90,90,0.333240766453763,0.333240766453763,0,-0.777658882786938,-41.3840181811865,-3.01667020853322,99.6667592335462,0,55.7426434988434,0,0,180,coarse
95,0,0.416550958067203,0.416550958067203,0.138850319355735,15.6278337909363,-22.0203605734519,-1.67489778916937,99.5834490419328,59.2716122438001,0,0,0,95,coarse
95,0.5,0.416550958067203,0.416550958067203,0.138850319355735,15.6278337909363,-22.0203605734519,-1.67489778916937,99.5834490419328,59.2716122438001,0,0,0,95.5,coarse
95,1,0.416550958067203,0.416550958067203,0.138850319355735,13.1266022890618,-22.0203605734519,-1.67489778916937,99.5834490419328,59.2716122438001,0.0112258643915582,0,0,96,coarse
95,2,0.388780894196057,0.388780894196057,0.0416550958067204,-0.409570992812093,-22.1151106661202,-2.08139826331585,99.6112191058039,59.2554736672226,0.0673551863493489,0,0,97,coarse
95,3,0.333240766453763,0.333240766453763,0.0138850319355735,-0.777385554715636,-22.2943308175037,-3.01611657662268,99.6667592335462,59.2447146161709,0.117871576111361,0,0,98,coarse
95,5,0.333240766453763,0.333240766453763,0,-0.777385554715636,-22.7280286419842,-3.01611657662268,99.6667592335462,59.1425036311797,0.196452626852268,0,0,100,coarse
95,10,0.333240766453763,0.333240766453763,0,-0.777385554715636,-24.0729750911264,-3.01611657662268,99.6667592335462,58.9273226101458,0.639763779527559,0,0,105,coarse
95,15,0.333240766453763,0.333240766453763,0,-0.777385554715636,-25.8184045338623,-3.01611657662268,99.6667592335462,58.35171337888,1.48731408573928,0,0,110,coarse
95,20,0.333240766453763,0.333240766453763,0,-0.777385554715636,-26.267413766934,-3.01611657662268,99.6667592335462,57.318844477917,2.81058617672791,0,0,115,coarse
95,25,0.333240766453763,0.333240766453763,0,-0.777385554715636,-26.5958238739423,-3.01611657662268,99.6667592335462,55.4037333907149,4.19400699912511,0,0,120,coarse
95,30,0.333240766453763,0.333240766453763,0,-0.777385554715636,-27.5835676582879,-3.01666912676703,99.6667592335462,52.2997471623003,6.97186508149981,0,0,125,coarse
95,35,0.333240766453763,0.333240766453763,0,-0.777385554715636,-28.6141140499094,-3.01666912676703,99.6667592335462,47.4366560869331,11.834956156867,0,0,130,coarse
95,40,0.333240766453763,0.333240766453763,0,-0.777385554715636,-31.3580926133956,-3.01666912676703,99.6667592335462,43.1491742428318,16.5020206555905,0,0,135,coarse
95,45,0.333240766453763,0.333240766453763,0,-0.777531052075403,-36.6781641592353,-3.01666912676703,99.6667592335462,39.8192479423315,20.4479119892232,0,0,140,coarse
95,50,0.333240766453763,0.333240766453763,0,-0.777531052075403,-39.9501859468186,-3.01666912676703,99.6667592335462,36.3421194190425,23.4564436461608,0,0,145,coarse
95,55,0.333240766453763,0.333240766453763,0,-0.777531052075403,-40.4900596635934,-3.01666912676703,99.6667592335462,32.7882080800473,27.6324651998204,0,0,150,coarse
95,60,0.333240766453763,0.333240766453763,0,-0.777531052075403,-40.7975210967353,-3.01666912676703,99.6667592335462,29.3383539537386,31.4941625505164,0,0,155,coarse
95,65,0.333240766453763,0.333240766453763,0,-0.777531052075403,-40.9795150597488,-3.01667020853322,99.6667592335462,25.4599246906939,35.1818590031432,0,0,160,coarse
95,70,0.333240766453763,0.333240766453763,0,-0.777627804894394,-41.105805663138,-3.01667020853322,99.6667592335462,20.5970952124798,39.517994512884,0,0,165,coarse
95,75,0.333240766453763,0.333240766453763,0,-0.777627804894394,-41.2400804524566,-3.01667020853322,99.6667592335462,14.550833781603,46.376889558341,0,0,170,coarse
95,80,0.333240766453763,0.333240766453763,0,-0.777627804894394,-41.2501974936645,-3.01667020853322,99.6667592335462,10.575578267886,49.2925923933509,0,0,175,coarse
95,85,0.333240766453763,0.333240766453763,0,-0.777658882786938,-41.3882541264636,-3.01667020853322,99.6667592335462,6.90731077518963,52.3643014686105,0,0,180,coarse
95,90,0.333240766453763,0.333240766453763,0,-0.777658882786938,-41.6074448110975,-3.01667020853322,99.6667592335462,3.52896874495669,55.7426434988434,0,0,185,coarse
95,95,0.333240766453763,0.333240766453763,0,-0.777658882786938,-42.617721268699,-3.01667062153933,99.6667592335462,0,59.2716122438001,0,0,190,coarse
100,0,0.416550958067203,0.416550958067203,0.138850319355735,15.6278337909363,-22.0203605734519,-1.67489778916937,99.5834490419328,62.687610952714,0,0,0,100,coarse
100,0.5,0.416550958067203,0.416550958067203,0.138850319355735,15.6278337909363,-22.0203605734519,-1.67489778916937,99.5834490419328,62.687610952714,0,0,0,100.5,coarse
100,1,0.416550958067203,0.416550958067203,0.138850319355735,13.1266022890618,-22.0203605734519,-1.67489778916937,99.5834490419328,62.687610952714,0.0112258643915582,0,0,101,coarse
100,2,0.388780894196057,0.388780894196057,0.0416550958067204,-0.409570992812093,-22.1151106661202,-2.08139826331585,99.6112191058039,62.6714723761364,0.0673551863493489,0,0,102,coarse
100,3,0.333240766453763,0.333240766453763,0.0138850319355735,-0.777385554715636,-22.2943308175037,-3.01611657662268,99.6667592335462,62.6607133250847,0.117871576111361,0,0,103,coarse
100,5,0.333240766453763,0.333240766453763,0,-0.777385554715636,-22.7280286419842,-3.01611657662268,99.6667592335462,62.5585023400936,0.196452626852268,0,0,105,coarse
100,10,0.333240766453763,0.333240766453763,0,-0.777385554715636,-24.0729750911264,-3.01611657662268,99.6667592335462,62.3433213190597,0.639763779527559,0,0,110,coarse
100,15,0.333240766453763,0.333240766453763,0,-0.777385554715636,-25.8184045338623,-3.01611657662268,99.6667592335462,61.7677120877939,1.48731408573928,0,0,115,coarse
100,20,0.333240766453763,0.333240766453763,0,-0.777385554715636,-26.267413766934,-3.01611657662268,99.6667592335462,60.7348431868309,2.81058617672791,0,0,120,coarse
100,25,0.333240766453763,0.333240766453763,0,-0.777385554715636,-26.5958238739423,-3.01611657662268,99.6667592335462,58.8197320996288,4.19400699912511,0,0,125,coarse
100,30,0.333240766453763,0.333240766453763,0,-0.777385554715636,-27.5835676582879,-3.01666912676703,99.6667592335462,55.8599012123934,6.97186508149981,0,0,130,coarse
100,35,0.333240766453763,0.333240766453763,0,-0.777385554715636,-28.6611426864063,-3.01666912676703,99.6667592335462,50.9934889986529,11.834956156867,0,0,135,coarse
100,40,0.333240766453763,0.333240766453763,0,-0.777385554715636,-31.3842354226902,-3.01666912676703,99.6667592335462,46.5651729517457,16.5020206555905,0,0,140,coarse
100,45,0.333240766453763,0.333240766453763,0,-0.777531052075403,-36.6781641592353,-3.01666912676703,99.6667592335462,43.4642280796127,20.4479119892232,0,0,145,coarse
100,50,0.333240766453763,0.333240766453763,0,-0.777531052075403,-40.009483831946,-3.01666912676703,99.6667592335462,40.0645508337816,23.4564436461608,0,0,150,coarse
100,55,0.333240766453763,0.333240766453763,0,-0.777531052075403,-40.5514971387678,-3.01666912676703,99.6667592335462,36.5034965034965,27.6324651998204,0,0,155,coarse
100,60,0.333240766453763,0.333240766453763,0,-0.777531052075403,-40.9287201702855,-3.01666912676703,99.6667592335462,33.0607853684777,31.4941625505164,0,0,160,coarse
100,65,0.333240766453763,0.333240766453763,0,-0.777531052075403,-41.1694745777478,-3.01667020853322,99.6667592335462,29.182356105433,35.1818590031432,0,0,165,coarse
100,70,0.333240766453763,0.333240766453763,0,-0.777627804894394,-41.2826597610491,-3.01667020853322,99.6667592335462,24.3195266272189,39.517994512884,0,0,170,coarse
100,75,0.333240766453763,0.333240766453763,0,-0.777627804894394,-41.3269706091106,-3.01667020853322,99.6667592335462,18.2732651963421,46.376889558341,0,0,175,coarse
100,80,0.333240766453763,0.333240766453763,0,-0.777627804894394,-41.3923589086721,-3.01667020853322,99.6667592335462,14.2980096826251,49.2925923933509,0,0,180,coarse
100,85,0.333240766453763,0.333240766453763,0,-0.777658882786938,-41.5433468192464,-3.01667020853322,99.6667592335462,10.657261592301,52.3643014686105,0,0,185,coarse
100,90,0.333240766453763,0.333240766453763,0,-0.777658882786938,-41.8652533088463,-3.01667020853322,99.6667592335462,7.55139982502187,55.7426434988434,0,0,190,coarse
100,95,0.333240766453763,0.333240766453763,0,-0.777658882786938,-42.7431105022225,-3.01667062153933,99.6667592335462,4.14479440069991,59.2716122438001,0,0,195,coarse
100,100,0.333240766453763,0.333240766453763,0,-0.777658882786938,-43.827866946686,-3.01667062153933,99.6667592335462,0,62.687610952714,0,0,200,coarse
105,0,0.416550958067203,0.416550958067203,0.138850319355735,15.6278337909363,-22.2943308175037,-1.67489778916937,99.5834490419328,66.9791198922317,0,0,0,105,coarse
105,0.5,0.416550958067203,0.416550958067203,0.138850319355735,15.6278337909363,-22.2943308175037,-1.67489778916937,99.5834490419328,66.9791198922317,0,0,0,105.5,coarse
105,1,0.416550958067203,0.416550958067203,0.138850319355735,13.1266022890618,-22.2943308175037,-1.67489778916937,99.5834490419328,66.9678940278401,0.0112258643915582,0,0,106,coarse
105,2,0.388780894196057,0.388780894196057,0.0416550958067204,-0.409570992812093,-22.3234441952598,-2.08139826331585,99.6112191058039,66.9117647058823,0.0673551863493489,0,0,107,coarse
105,3,0.333240766453763,0.333240766453763,0.0138850319355735,-0.777385554715636,-22.4831642986398,-3.01611657662268,99.6667592335462,66.8612483161203,0.117871576111361,0,0,108,coarse
105,5,0.333240766453763,0.333240766453763,0,-0.777385554715636,-22.8743230135488,-3.01611657662268,99.6667592335462,66.7826672653794,0.196452626852268,0,0,110,coarse
105,10,0.333240766453763,0.333240766453763,0,-0.777385554715636,-24.2805749137999,-3.01611657662268,99.6667592335462,66.6142792995061,0.639763779527559,0,0,115,coarse
105,15,0.333240766453763,0.333240766453763,0,-0.777385554715636,-25.9968283182878,-3.01611657662268,99.6667592335462,66.0193084867535,1.48731408573928,0,0,120,coarse
105,20,0.333240766453763,0.333240766453763,0,-0.777385554715636,-26.3709071797124,-3.01611657662268,99.6667592335462,64.9584643017512,2.81058617672791,0,0,125,coarse
105,25,0.333240766453763,0.333240766453763,0,-0.777385554715636,-26.7195914785574,-3.01611657662268,99.6667592335462,63.3419398293669,4.19400699912511,0,0,130,coarse
105,30,0.333240766453763,0.333240766453763,0,-0.777385554715636,-27.9737501225768,-3.01666912676703,99.6667592335462,60.4344409519533,6.97186508149981,0,0,135,coarse
105,35,0.333240766453763,0.333240766453763,0,-0.777385554715636,-29.3991347683769,-3.01666912676703,99.6667592335462,55.5680287382128,11.834956156867,0,0,140,coarse
105,40,0.333240766453763,0.333240766453763,0,-0.777385554715636,-32.3521279605711,-3.01666912676703,99.6667592335462,51.2157073695535,16.5020206555905,0,0,145,coarse
105,45,0.333240766453763,0.333240766453763,0,-0.777531052075403,-36.9368020197684,-3.01666912676703,99.6667592335462,48.2409897794513,20.4479119892232,0,0,150,coarse
105,50,0.333240766453763,0.333240766453763,0,-0.777531052075403,-40.3030786713236,-3.01666912676703,99.6667592335462,44.8413125336202,23.4564436461608,0,0,155,coarse
105,55,0.333240766453763,0.333240766453763,0,-0.777531052075403,-40.74312837534,-3.01666912676703,99.6667592335462,41.2802582033351,27.6324651998204,0,0,160,coarse
105,60,0.333240766453763,0.333240766453763,0,-0.777531052075403,-41.0990637473729,-3.01666912676703,99.6667592335462,37.8375470683163,31.4941625505164,0,0,165,coarse
105,65,0.333240766453763,0.333240766453763,0,-0.777531052075403,-41.3210090900434,-3.01667020853322,99.6667592335462,33.9591178052717,35.1818590031432,0,0,170,coarse
105,70,0.333240766453763,0.333240766453763,0,-0.777627804894394,-41.5433468192464,-3.01667020853322,99.6667592335462,29.0962883270576,39.517994512884,0,0,175,coarse
105,75,0.333240766453763,0.333240766453763,0,-0.777627804894394,-41.6502113948433,-3.01667020853322,99.6667592335462,23.0500268961807,46.376889558341,0,0,180,coarse
105,80,0.333240766453763,0.333240766453763,0,-0.777627804894394,-41.6502113948433,-3.01667020853322,99.6667592335462,19.0747713824637,49.2925923933509,0,0,185,coarse
105,85,0.333240766453763,0.333240766453763,0,-0.777658882786938,-41.8737820279531,-3.01667020853322,99.6667592335462,15.1855836471221,52.3643014686105,0,0,190,coarse
105,90,0.333240766453763,0.333240766453763,0,-0.777658882786938,-42.177094710987,-3.01667020853322,99.6667592335462,12.0242782152231,55.7426434988434,0,0,195,coarse
105,95,0.333240766453763,0.333240766453763,0,-0.777658882786938,-42.9374224285755,-3.01667062153933,99.6667592335462,8.61767279090114,59.2716122438001,0,0,200,coarse
105,100,0.333240766453763,0.333240766453763,0,-0.777658882786938,-43.9894598905991,-3.01667062153933,99.6667592335462,4.77676169983862,62.687610952714,0,0,205,coarse
105,105,0.333240766453763,0.333240766453763,0,-0.777658882786938,-45.3449412297226,-3.01667261367043,99.6667592335462,0,66.9791198922317,0,0,210,coarse
110,0,0.277700638711469,0.277700638711469,0.138850319355735,15.6278337909363,-22.9130251159501,-1.67489778916937,99.7222993612885,71.0597215985631,0,0,0,110,coarse
110,0.5,0.277700638711469,0.277700638711469,0.138850319355735,15.6278337909363,-22.9130251159501,-1.67489778916937,99.7222993612885,71.0597215985631,0,0,0,110.5,coarse
110,1,0.277700638711469,0.277700638711469,0.138850319355735,13.1266022890618,-22.9130251159501,-1.67489778916937,99.7222993612885,71.0484957341715,0.0112258643915582,0,0,111,coarse
110,2,0.249930574840322,0.249930574840322,0.0416550958067204,-0.409570992812093,-22.9698917108202,-2.09637011645334,99.7500694251597,70.9923664122137,0.0673551863493489,0,0,112,coarse
110,3,0.194390447098028,0.194390447098028,0.0138850319355735,-0.777385554715636,-23.0976751598455,-3.21506722119277,99.805609552902,70.9418500224517,0.117871576111361,0,0,113,coarse
110,5,0.194390447098028,0.194390447098028,0,-0.777385554715636,-23.4669544479112,-3.21506722119277,99.805609552902,70.8632689717108,0.196452626852268,0,0,115,coarse
110,10,0.194390447098028,0.194390447098028,0,-0.777385554715636,-24.7476451133394,-3.21506722119277,99.805609552902,70.6948810058374,0.639763779527559,0,0,120,coarse
110,15,0.194390447098028,0.194390447098028,0,-0.777385554715636,-26.393236203415,-3.21506722119277,99.805609552902,70.0999101930849,1.48731408573928,0,0,125,coarse
110,20,0.194390447098028,0.194390447098028,0,-0.777385554715636,-26.7054970886877,-3.21506722119277,99.805609552902,69.0390660080826,2.81058617672791,0,0,130,coarse
110,25,0.194390447098028,0.194390447098028,0,-0.777385554715636,-27.4561602652133,-3.21506722119277,99.805609552902,67.4225415356982,4.19400699912511,0,0,135,coarse
110,30,0.194390447098028,0.194390447098028,0,-0.777385554715636,-29.1828213614939,-3.21998546455678,99.805609552902,64.5150426582847,6.97186508149981,0,0,140,coarse
110,35,0.194390447098028,0.194390447098028,0,-0.777385554715636,-30.8937928836404,-3.21998546455678,99.805609552902,59.6486304445442,11.834956156867,0,0,145,coarse
110,40,0.194390447098028,0.194390447098028,0,-0.777385554715636,-33.9090451141167,-3.21998546455678,99.805609552902,54.8574502420656,16.5020206555905,0,0,150,coarse
110,45,0.194390447098028,0.194390447098028,0,-0.777531052075403,-37.4283523561118,-3.22001244585539,99.805609552902,51.8827326519634,20.4479119892232,0,0,155,coarse
110,50,0.194390447098028,0.194390447098028,0,-0.777531052075403,-40.3570043881109,-3.22001244585539,99.805609552902,48.4830554061323,23.4564436461608,0,0,160,coarse
110,55,0.194390447098028,0.194390447098028,0,-0.777531052075403,-40.9762340217949,-3.22001244585539,99.805609552902,44.9220010758472,27.6324651998204,0,0,165,coarse
110,60,0.194390447098028,0.194390447098028,0,-0.777531052075403,-41.2717344605813,-3.22001244585539,99.805609552902,41.4792899408284,31.4941625505164,0,0,170,coarse
110,65,0.194390447098028,0.194390447098028,0,-0.777531052075403,-41.6502113948433,-3.2200133509145,99.805609552902,37.6008606777838,35.1818590031432,0,0,175,coarse
110,70,0.194390447098028,0.194390447098028,0,-0.777627804894394,-41.8392162627306,-3.22003295388061,99.805609552902,32.7380311995697,39.517994512884,0,0,180,coarse
110,75,0.194390447098028,0.194390447098028,0,-0.777627804894394,-42.0081404460309,-3.22003295388061,99.805609552902,26.6917697686928,46.376889558341,0,0,185,coarse
110,80,0.194390447098028,0.194390447098028,0,-0.777627804894394,-42.0159027049815,-3.22003947747701,99.805609552902,22.7165142549758,49.2925923933509,0,0,190,coarse
110,85,0.194390447098028,0.194390447098028,0,-0.777658882786938,-42.177094710987,-3.22003947747701,99.805609552902,19.4663167104112,52.3643014686105,0,0,195,coarse
110,90,0.194390447098028,0.194390447098028,0,-0.777658882786938,-42.448005480315,-3.22003947747701,99.805609552902,16.3604549431321,55.7426434988434,0,0,200,coarse
110,95,0.194390447098028,0.194390447098028,0,-0.777658882786938,-43.2752984272209,-3.22004315364028,99.805609552902,12.9538495188101,59.2716122438001,0,0,205,coarse
110,100,0.194390447098028,0.194390447098028,0,-0.777658882786938,-44.4159312533396,-3.22004315364028,99.805609552902,8.80905511811024,62.687610952714,0,0,210,coarse
110,105,0.194390447098028,0.194390447098028,0,-0.777658882786938,-45.442363686073,-3.22004513160139,99.805609552902,4.33617672790901,66.9791198922317,0,0,215,coarse
110,110,0.194390447098028,0.194390447098028,0,-0.777658882786938,-46.9729703317872,-3.22004513160139,99.805609552902,0,71.0597215985631,0,0,220,coarse
115,0,0.166620383226881,0.166620383226881,0.0971952235490142,15.6278337909363,-23.1628062118805,-3.16277318408369,99.8333796167731,74.3881903906601,0,0,0,115,coarse
115,0.5,0.166620383226881,0.166620383226881,0.0971952235490142,15.6278337909363,-23.1628062118805,-3.16277318408369,99.8333796167731,74.3881903906601,0,0,0,115.5,coarse
115,1,0.166620383226881,0.166620383226881,0.0971952235490142,13.1266022890618,-23.1882834230093,-3.16277318408369,99.8333796167731,74.3769645262685,0.0112258643915582,0,0,116,coarse
115,2,0.0555401277422938,0.0555401277422938,0.0416550958067204,-0.409570992812093,-23.2086962918099,-7.66213347892937,99.9444598722577,74.3208352043107,0.0673551863493489,0,1,117,coarse
115,3,0.0277700638711469,0.0277700638711469,0,-4.99050821473111,-23.2690350139441,-10.8895020808369,99.9722299361289,74.2703188145487,0.117871576111361,0,1,118,coarse
115,5,0,0,0,-11.8417816060738,-23.5225992100555,-13.4615822474651,100,74.1917377638078,0.196452626852268,1,1,120,coarse
115,10,0,0,0,-13.4569989269212,-25.4878290139959,-14.183395421012,100,74.0233497979344,0.639763779527559,1,1,125,coarse
115,15,0,0,0,-13.6560767662835,-26.7054970886877,-15.1818767982873,100,73.4283789851819,1.48731408573928,1,1,130,coarse
115,20,0,0,0,-13.6560767662835,-27.2005879308444,-15.1818767982873,100,72.3675348001796,2.81058617672791,1,1,135,coarse
115,25,0,0,0,-13.6560767662835,-28.3058011184375,-15.1818767982873,100,70.7510103277952,4.19400699912511,1,1,140,coarse
115,30,0,0,0,-13.6560767662835,-29.9435960326154,-15.1818767982873,100,67.8435114503817,6.97186508149981,1,1,145,coarse
115,35,0,0,0,-14.7152069167191,-31.8323560698368,-17.4327343363739,100,62.9770992366412,11.834956156867,1,1,150,coarse
115,40,0,0,0,-17.339035397258,-34.7407049721993,-18.1968988473032,100,58.4669176976869,16.5020206555905,1,1,155,coarse
115,45,0,0,0,-17.339035397258,-37.4501583997508,-19.0904177597166,100,55.4922001075847,20.4479119892232,1,1,160,coarse
115,50,0,0,0,-30.2343490208735,-40.3570043881109,-32.0916269654907,100,52.0925228617536,23.4564436461608,1,1,165,coarse
115,55,0,0,0,-30.2343490208735,-40.9762340217949,-32.0916269654907,100,48.5314685314685,27.6324651998204,1,1,170,coarse
115,60,0,0,0,-30.2343490208735,-41.2717344605813,-32.0916269654907,100,45.0887573964497,31.4941625505164,1,1,175,coarse
115,65,0,0,0,-30.2414584526969,-41.6502113948433,-32.0926234807864,100,41.2103281334051,35.1818590031432,1,1,180,coarse
115,70,0,0,0,-30.2414584526969,-41.8392162627306,-32.0926234807864,100,36.347498655191,39.517994512884,1,1,185,coarse
115,75,0,0,0,-30.2414584526969,-42.0081404460309,-32.0926234807864,100,30.3012372243141,46.376889558341,1,1,190,coarse
115,80,0,0,0,-30.2414584526969,-42.0159027049815,-32.0926234807864,100,27.1052055993001,49.2925923933509,1,1,195,coarse
115,85,0,0,0,-30.2414584526969,-42.177094710987,-32.0926234807864,100,24.1469816272966,52.3643014686105,1,1,200,coarse
115,90,0,0,0,-30.2414584526969,-42.448005480315,-32.0926234807864,100,21.0411198600175,55.7426434988434,1,1,205,coarse
115,95,0,0,0,-30.2414584526969,-43.2752984272209,-32.092949815484,100,17.6345144356955,59.2716122438001,1,1,210,coarse
115,100,0,0,0,-30.2414584526969,-44.4159312533396,-32.092949815484,100,13.4897200349956,62.687610952714,1,1,215,coarse
115,105,0,0,0,-30.2743458947384,-45.442363686073,-32.0947251895872,100,9.0168416447944,66.9791198922317,1,1,220,coarse
115,110,0,0,0,-30.2743458947384,-46.9729703317872,-32.0947251895872,100,4.68066491688539,71.0597215985631,1,1,225,coarse
115,115,0,0,0,-31.9143978304343,-48.1555889208287,-34.2350152981884,100,0,74.3881903906601,1,1,230,coarse
120,0,0.166620383226881,0.166620383226881,0.0971952235490142,15.6278337909363,-23.1628062118805,-3.16277318408369,99.8333796167731,78.4558180227472,0,0,0,120,coarse
120,0.5,0.166620383226881,0.166620383226881,0.0971952235490142,15.6278337909363,-23.1628062118805,-3.16277318408369,99.8333796167731,78.4558180227472,0,0,0,120.5,coarse
120,1,0.166620383226881,0.166620383226881,0.0971952235490142,13.1266022890618,-23.1882834230093,-3.16277318408369,99.8333796167731,78.4558180227472,0.0112258643915582,0,0,121,coarse
120,2,0.0555401277422938,0.0555401277422938,0.0416550958067204,-0.409570992812093,-23.2086962918099,-7.66213347892937,99.9444598722577,78.4503499562555,0.0673551863493489,0,1,122,coarse
120,3,0.0277700638711469,0.0277700638711469,0,-4.99050821473111,-23.2690350139441,-10.8895020808369,99.9722299361289,78.423009623797,0.117871576111361,0,1,123,coarse
120,5,0,0,0,-11.8417816060738,-23.5225992100555,-13.4615822474651,100,78.33552055993,0.196452626852268,1,1,125,coarse
120,10,0,0,0,-13.4569989269212,-25.4878290139959,-14.183395421012,100,77.997305792546,0.639763779527559,1,1,130,coarse
120,15,0,0,0,-13.6560767662835,-26.7054970886877,-15.1818767982873,100,77.4023349797934,1.48731408573928,1,1,135,coarse
120,20,0,0,0,-13.6560767662835,-27.2005879308444,-15.1818767982873,100,76.3414907947912,2.81058617672791,1,1,140,coarse
120,25,0,0,0,-13.6560767662835,-28.3058011184375,-15.1818767982873,100,74.7249663224068,4.19400699912511,1,1,145,coarse
120,30,0,0,0,-13.6560767662835,-29.9435960326154,-15.1818767982873,100,71.8174674449933,6.97186508149981,1,1,150,coarse
120,35,0,0,0,-14.7152069167191,-31.7701197301409,-17.4327343363739,100,67.503280839895,11.834956156867,1,1,155,coarse
120,40,0,0,0,-17.339035397258,-34.6706539931455,-18.1968988473032,100,62.2430008748906,16.5020206555905,1,1,160,coarse
120,45,0,0,0,-17.339035397258,-37.3162710122925,-19.0904177597166,100,59.3339895013123,20.4479119892232,1,1,165,coarse
120,50,0,0,0,-29.2486022180964,-40.3370418459621,-30.2668358744829,100,55.7504034427111,23.4564436461608,1,1,170,coarse
120,55,0,0,0,-29.2486022180964,-40.9762340217949,-30.2668358744829,100,52.189349112426,27.6324651998204,1,1,175,coarse
120,60,0,0,0,-29.2486022180964,-41.2717344605813,-30.2668358744829,100,48.7466379774072,31.4941625505164,1,1,180,coarse
120,65,0,0,0,-29.2486022180964,-41.6502113948433,-30.2740213066634,100,44.8682087143626,35.1818590031432,1,1,185,coarse
120,70,0,0,0,-29.2536949235645,-41.8392162627306,-30.2740213066634,100,40.3926071741032,39.517994512884,1,1,190,coarse
120,75,0,0,0,-29.2536949235645,-42.0081404460309,-30.2740213066634,100,34.9026684164479,46.376889558341,1,1,195,coarse
120,80,0,0,0,-29.2536949235645,-42.0159027049815,-30.2740213066634,100,31.7749343832021,49.2925923933509,1,1,200,coarse
120,85,0,0,0,-29.2536949235645,-42.177094710987,-30.2740213066634,100,28.8167104111986,52.3643014686105,1,1,205,coarse
120,90,0,0,0,-29.2536949235645,-42.448005480315,-30.2740213066634,100,25.7108486439195,55.7426434988434,1,1,210,coarse
120,95,0,0,0,-29.2536949235645,-43.2752984272209,-30.2740213066634,100,22.3042432195975,59.2716122438001,1,1,215,coarse
120,100,0,0,0,-29.2536949235645,-44.4159312533396,-30.2740213066634,100,18.1594488188976,62.687610952714,1,1,220,coarse
120,105,0,0,0,-29.2753708215913,-45.442363686073,-30.3072433172694,100,13.6865704286964,66.9791198922317,1,1,225,coarse
120,110,0,0,0,-29.2753708215913,-46.9729703317872,-30.3072433172694,100,9.3503937007874,71.0597215985631,1,1,230,coarse
120,115,0,0,0,-29.2753708215913,-48.1555889208287,-33.7566331598609,100,4.78777771800527,74.3881903906601,1,1,235,coarse
120,120,0,0,0,-35.0664314229449,-48.967198641598,-37.5834657878099,100,0,78.4558180227472,1,1,240,coarse
125,0,0.166620383226881,0.166620383226881,0.0971952235490142,15.6278337909363,-23.1628062118805,-3.16277318408369,99.8333796167731,84.0168416447944,0,0,0,125,coarse
125,0.5,0.166620383226881,0.166620383226881,0.0971952235490142,15.6278337909363,-23.1628062118805,-3.16277318408369,99.8333796167731,84.0168416447944,0,0,0,125.5,coarse
125,1,0.166620383226881,0.166620383226881,0.0971952235490142,13.1266022890618,-23.1882834230093,-3.16277318408369,99.8333796167731,84.0168416447944,0.0112258643915582,0,0,126,coarse
125,2,0.0555401277422938,0.0555401277422938,0.0416550958067204,-0.409570992812093,-23.2086962918099,-7.66213347892937,99.9444598722577,84.0113735783027,0.0673551863493489,0,1,127,coarse
125,3,0.0277700638711469,0.0277700638711469,0,-4.99050821473111,-23.2690350139441,-10.8895020808369,99.9722299361289,83.9840332458443,0.117871576111361,0,1,128,coarse
125,5,0,0,0,-11.8417816060738,-23.5225992100555,-13.4615822474651,100,83.8965441819772,0.196452626852268,1,1,130,coarse
125,10,0,0,0,-13.4569989269212,-25.4878290139959,-14.183395421012,100,83.3770778652668,0.639763779527559,1,1,135,coarse
125,15,0,0,0,-13.6560767662835,-26.7054970886877,-15.1818767982873,100,82.5295275590551,1.48731408573928,1,1,140,coarse
125,20,0,0,0,-13.6560767662835,-27.2005879308444,-15.1818767982873,100,81.275258194881,2.81058617672791,1,1,145,coarse
125,25,0,0,0,-13.6560767662835,-28.3058011184375,-15.1818767982873,100,79.8228346456693,4.19400699912511,1,1,150,coarse
125,30,0,0,0,-13.6560767662835,-29.9435960326154,-15.1818767982873,100,77.1270778652668,6.97186508149981,1,1,155,coarse
125,35,0,0,0,-14.7152069167191,-31.7701197301409,-17.4327343363739,100,73.0643044619423,11.834956156867,1,1,160,coarse
125,40,0,0,0,-17.339035397258,-34.6706539931455,-18.1968988473032,100,67.8040244969379,16.5020206555905,1,1,165,coarse
125,45,0,0,0,-17.339035397258,-37.3162710122925,-19.0904177597166,100,64.8950131233596,20.4479119892232,1,1,170,coarse
125,50,0,0,0,-29.2486022180964,-40.3370418459621,-30.2668358744829,100,61.3932221624529,23.4564436461608,1,1,175,coarse
125,55,0,0,0,-29.2486022180964,-40.9762340217949,-30.2668358744829,100,57.8321678321678,27.6324651998204,1,1,180,coarse
125,60,0,0,0,-29.2486022180964,-41.2717344605813,-30.2668358744829,100,54.389456697149,31.4941625505164,1,1,185,coarse
125,65,0,0,0,-29.2486022180964,-41.6502113948433,-30.2740213066634,100,50.5110274341044,35.1818590031432,1,1,190,coarse
125,70,0,0,0,-29.2536949235645,-41.8392162627306,-30.2740213066634,100,45.9536307961505,39.517994512884,1,1,195,coarse
125,75,0,0,0,-29.2536949235645,-42.0081404460309,-30.2740213066634,100,40.4636920384952,46.376889558341,1,1,200,coarse
125,80,0,0,0,-29.2536949235645,-42.0159027049815,-30.2740213066634,100,37.3359580052493,49.2925923933509,1,1,205,coarse
125,85,0,0,0,-29.2536949235645,-42.177094710987,-30.2740213066634,100,34.3777340332458,52.3643014686105,1,1,210,coarse
125,90,0,0,0,-29.2536949235645,-42.448005480315,-30.2740213066634,100,31.2718722659668,55.7426434988434,1,1,215,coarse
125,95,0,0,0,-29.2536949235645,-43.2752984272209,-30.2740213066634,100,27.8652668416448,59.2716122438001,1,1,220,coarse
125,100,0,0,0,-29.2536949235645,-44.4159312533396,-30.2740213066634,100,23.7204724409449,62.687610952714,1,1,225,coarse
125,105,0,0,0,-29.2753708215913,-45.442363686073,-30.3072433172694,100,19.2475940507437,66.9791198922317,1,1,230,coarse
125,110,0,0,0,-29.2753708215913,-46.9729703317872,-30.3072433172694,100,14.9114173228346,71.0597215985631,1,1,235,coarse
125,115,0,0,0,-29.2753708215913,-48.1555889208287,-33.7566331598609,100,10.2307524059493,74.3881903906601,1,1,240,coarse
125,120,0,0,0,-35.0664314229449,-48.967198641598,-37.5834657878099,100,5.6428187197418,78.4558180227472,1,1,245,coarse
125,125,0,0,0,-41.2085253256993,-49.6168949080775,-41.9109401633397,100,0,84.0168416447944,1,1,250,coarse
130,0,0.166620383226881,0.166620383226881,0.0971952235490142,15.6278337909363,-23.1628062118805,-3.16277318408369,99.8333796167731,90.0973315835521,0,0,0,130,coarse
130,0.5,0.166620383226881,0.166620383226881,0.0971952235490142,15.6278337909363,-23.1628062118805,-3.16277318408369,99.8333796167731,90.0973315835521,0,0,0,130.5,coarse
130,1,0.166620383226881,0.166620383226881,0.0971952235490142,13.1266022890618,-23.1882834230093,-3.16277318408369,99.8333796167731,90.0973315835521,0.0112258643915582,0,0,131,coarse
130,2,0.0555401277422938,0.0555401277422938,0.0416550958067204,-0.409570992812093,-23.2086962918099,-7.66213347892937,99.9444598722577,90.0918635170604,0.0673551863493489,0,1,132,coarse
130,3,0.0277700638711469,0.0277700638711469,0,-4.99050821473111,-23.2690350139441,-10.8895020808369,99.9722299361289,90.0645231846019,0.117871576111361,0,1,133,coarse
130,5,0,0,0,-11.8417816060738,-23.5225992100555,-13.4615822474651,100,89.9770341207349,0.196452626852268,1,1,135,coarse
130,10,0,0,0,-13.4569989269212,-25.4878290139959,-14.183395421012,100,89.4575678040245,0.639763779527559,1,1,140,coarse
130,15,0,0,0,-13.6560767662835,-26.7054970886877,-15.1818767982873,100,88.6100174978128,1.48731408573928,1,1,145,coarse
130,20,0,0,0,-13.6560767662835,-27.2005879308444,-15.1818767982873,100,87.4388078971435,2.81058617672791,1,1,150,coarse
130,25,0,0,0,-13.6560767662835,-28.3058011184375,-15.1818767982873,100,85.9033245844269,4.19400699912511,1,1,155,coarse
130,30,0,0,0,-13.6560767662835,-29.9435960326154,-15.1818767982873,100,83.2075678040245,6.97186508149981,1,1,160,coarse
130,35,0,0,0,-14.7152069167191,-31.7701197301409,-17.4327343363739,100,79.1447944006999,11.834956156867,1,1,165,coarse
130,40,0,0,0,-17.339035397258,-34.6706539931455,-18.1968988473032,100,74.1635287789134,16.5020206555905,1,1,170,coarse
130,45,0,0,0,-17.339035397258,-37.3162710122925,-19.0904177597166,100,71.1888111888112,20.4479119892232,1,1,175,coarse
130,50,0,0,0,-29.2486022180964,-40.3370418459621,-30.2668358744829,100,67.7891339429801,23.4564436461608,1,1,180,coarse
130,55,0,0,0,-29.2486022180964,-40.9762340217949,-30.2668358744829,100,64.228079612695,27.6324651998204,1,1,185,coarse
130,60,0,0,0,-29.2486022180964,-41.2717344605813,-30.2668358744829,100,60.7853684776762,31.4941625505164,1,1,190,coarse
130,65,0,0,0,-29.2486022180964,-41.6502113948433,-30.2740213066634,100,56.9069392146315,35.1818590031432,1,1,195,coarse
130,70,0,0,0,-29.2536949235645,-41.8392162627306,-30.2740213066634,100,52.0441097364174,39.517994512884,1,1,200,coarse
130,75,0,0,0,-29.2536949235645,-42.0081404460309,-30.2740213066634,100,46.5441819772528,46.376889558341,1,1,205,coarse
130,80,0,0,0,-29.2536949235645,-42.0159027049815,-30.2740213066634,100,43.416447944007,49.2925923933509,1,1,210,coarse
130,85,0,0,0,-29.2536949235645,-42.177094710987,-30.2740213066634,100,40.4582239720035,52.3643014686105,1,1,215,coarse
130,90,0,0,0,-29.2536949235645,-42.448005480315,-30.2740213066634,100,37.3523622047244,55.7426434988434,1,1,220,coarse
130,95,0,0,0,-29.2536949235645,-43.2752984272209,-30.2740213066634,100,33.9457567804024,59.2716122438001,1,1,225,coarse
130,100,0,0,0,-29.2536949235645,-44.4159312533396,-30.2740213066634,100,29.8009623797025,62.687610952714,1,1,230,coarse
130,105,0,0,0,-29.2753708215913,-45.442363686073,-30.3072433172694,100,25.3280839895013,66.9791198922317,1,1,235,coarse
130,110,0,0,0,-29.2753708215913,-46.9729703317872,-30.3072433172694,100,20.9919072615923,71.0597215985631,1,1,240,coarse
130,115,0,0,0,-29.2753708215913,-48.1555889208287,-33.7566331598609,100,16.3112423447069,74.3881903906601,1,1,245,coarse
130,120,0,0,0,-35.0664314229449,-48.967198641598,-37.5834657878099,100,12.038730500269,78.4558180227472,1,1,250,coarse
130,125,0,0,0,-41.2085253256993,-49.6168949080775,-41.9109401633397,100,6.39591178052717,84.0168416447944,1,1,255,coarse
130,130,0,0,0,-41.2085253256993,-50.6982347837193,-41.9109401633397,100,0,90.0973315835521,1,1,260,coarse
135,0,0.166620383226881,0.166620383226881,0.0971952235490142,15.6278337909363,-23.1628062118805,-3.16277318408369,99.8333796167731,94.9475065616798,0,0,0,135,coarse
135,0.5,0.166620383226881,0.166620383226881,0.0971952235490142,15.6278337909363,-23.1628062118805,-3.16277318408369,99.8333796167731,94.9475065616798,0,0,0,135.5,coarse
135,1,0.166620383226881,0.166620383226881,0.0971952235490142,13.1266022890618,-23.1882834230093,-3.16277318408369,99.8333796167731,94.9475065616798,0.0112258643915582,0,0,136,coarse
135,2,0.0555401277422938,0.0555401277422938,0.0416550958067204,-0.409570992812093,-23.2086962918099,-7.66213347892937,99.9444598722577,94.9420384951881,0.0673551863493489,0,1,137,coarse
135,3,0.0277700638711469,0.0277700638711469,0,-4.99050821473111,-23.2690350139441,-10.8895020808369,99.9722299361289,94.9146981627297,0.117871576111361,0,1,138,coarse
135,5,0,0,0,-11.8417816060738,-23.5225992100555,-13.4615822474651,100,94.8272090988626,0.196452626852268,1,1,140,coarse
135,10,0,0,0,-13.4569989269212,-25.4878290139959,-14.183395421012,100,94.3077427821522,0.639763779527559,1,1,145,coarse
135,15,0,0,0,-13.6560767662835,-26.7054970886877,-15.1818767982873,100,93.4601924759405,1.48731408573928,1,1,150,coarse
135,20,0,0,0,-13.6560767662835,-27.2005879308444,-15.1818767982873,100,92.522861753631,2.81058617672791,1,1,155,coarse
135,25,0,0,0,-13.6560767662835,-28.3058011184375,-15.1818767982873,100,91.0489510489511,4.19400699912511,1,1,160,coarse
135,30,0,0,0,-13.6560767662835,-29.9435960326154,-15.1818767982873,100,88.5529854760624,6.97186508149981,1,1,165,coarse
135,35,0,0,0,-14.7152069167191,-31.7701197301409,-17.4327343363739,100,84.5293168370091,11.834956156867,1,1,170,coarse
135,40,0,0,0,-17.339035397258,-34.6706539931455,-18.1968988473032,100,80.4410973641743,16.5020206555905,1,1,175,coarse
135,45,0,0,0,-17.339035397258,-37.3162710122925,-19.0904177597166,100,77.4663797740721,20.4479119892232,1,1,180,coarse
135,50,0,0,0,-29.2486022180964,-40.3370418459621,-30.2668358744829,100,74.066702528241,23.4564436461608,1,1,185,coarse
135,55,0,0,0,-29.2486022180964,-40.9762340217949,-30.2668358744829,100,70.5056481979559,27.6324651998204,1,1,190,coarse
135,60,0,0,0,-29.2486022180964,-41.2717344605813,-30.2668358744829,100,67.0629370629371,31.4941625505164,1,1,195,coarse
135,65,0,0,0,-29.2486022180964,-41.6502113948433,-30.2740213066634,100,63.1845077998924,35.1818590031432,1,1,200,coarse
135,70,0,0,0,-29.2536949235645,-41.8392162627306,-30.2740213066634,100,58.3216783216783,39.517994512884,1,1,205,coarse
135,75,0,0,0,-29.2536949235645,-42.0081404460309,-30.2740213066634,100,52.2754168908015,46.376889558341,1,1,210,coarse
135,80,0,0,0,-29.2536949235645,-42.0159027049815,-30.2740213066634,100,48.3001613770845,49.2925923933509,1,1,215,coarse
135,85,0,0,0,-29.2536949235645,-42.177094710987,-30.2740213066634,100,45.3083989501312,52.3643014686105,1,1,220,coarse
135,90,0,0,0,-29.2536949235645,-42.448005480315,-30.2740213066634,100,42.2025371828521,55.7426434988434,1,1,225,coarse
135,95,0,0,0,-29.2536949235645,-43.2752984272209,-30.2740213066634,100,38.7959317585302,59.2716122438001,1,1,230,coarse
135,100,0,0,0,-29.2536949235645,-44.4159312533396,-30.2740213066634,100,34.6511373578303,62.687610952714,1,1,235,coarse
135,105,0,0,0,-29.2753708215913,-45.442363686073,-30.3072433172694,100,30.178258967629,66.9791198922317,1,1,240,coarse
135,110,0,0,0,-29.2753708215913,-46.9729703317872,-30.3072433172694,100,25.84208223972,71.0597215985631,1,1,245,coarse
135,115,0,0,0,-29.2753708215913,-48.1555889208287,-33.7566331598609,100,21.9741796664874,74.3881903906601,1,1,250,coarse
135,120,0,0,0,-35.0664314229449,-48.967198641598,-37.5834657878099,100,18.3162990855299,78.4558180227472,1,1,255,coarse
135,125,0,0,0,-41.2085253256993,-49.6168949080775,-41.9109401633397,100,12.6734803657881,84.0168416447944,1,1,260,coarse
135,130,0,0,0,-41.2085253256993,-50.6982347837193,-41.9109401633397,100,6.27756858526089,90.0973315835521,1,1,265,coarse
135,135,0,0,0,-41.748573943816,-55.8642329860091,-41.9109401633397,100,0,94.9475065616798,1,1,270,coarse
140,0,0.166620383226881,0.166620383226881,0.0971952235490142,15.6278337909363,-23.1628062118805,-3.16277318408369,99.8333796167731,98.3431758530184,0,0,0,140,coarse
140,0.5,0.166620383226881,0.166620383226881,0.0971952235490142,15.6278337909363,-23.1628062118805,-3.16277318408369,99.8333796167731,98.3431758530184,0,0,0,140.5,coarse
140,1,0.166620383226881,0.166620383226881,0.0971952235490142,13.1266022890618,-23.1882834230093,-3.16277318408369,99.8333796167731,98.3431758530184,0.0112258643915582,0,0,141,coarse
140,2,0.0555401277422938,0.0555401277422938,0.0416550958067204,-0.409570992812093,-23.2086962918099,-7.66213347892937,99.9444598722577,98.3377077865267,0.0673551863493489,0,1,142,coarse
140,3,0.0277700638711469,0.0277700638711469,0,-4.99050821473111,-23.2690350139441,-10.8895020808369,99.9722299361289,98.3103674540682,0.117871576111361,0,1,143,coarse
140,5,0,0,0,-11.8417816060738,-23.5225992100555,-13.4615822474651,100,98.2228783902012,0.196452626852268,1,1,145,coarse
140,10,0,0,0,-13.4569989269212,-25.4878290139959,-14.183395421012,100,97.7034120734908,0.639763779527559,1,1,150,coarse
140,15,0,0,0,-13.6560767662835,-26.7054970886877,-15.1818767982873,100,97.0790747713825,1.48731408573928,1,1,155,coarse
140,20,0,0,0,-13.6560767662835,-27.2005879308444,-15.1818767982873,100,96.1699838622916,2.81058617672791,1,1,160,coarse
140,25,0,0,0,-13.6560767662835,-28.3058011184375,-15.1818767982873,100,94.6960731576116,4.19400699912511,1,1,165,coarse
140,30,0,0,0,-13.6560767662835,-29.9435960326154,-15.1818767982873,100,92.200107584723,6.97186508149981,1,1,170,coarse
140,35,0,0,0,-14.7152069167191,-31.7701197301409,-17.4327343363739,100,88.1764389456697,11.834956156867,1,1,175,coarse
140,40,0,0,0,-17.339035397258,-34.6706539931455,-18.1968988473032,100,84.0882194728349,16.5020206555905,1,1,180,coarse
140,45,0,0,0,-17.339035397258,-37.3162710122925,-19.0904177597166,100,81.1135018827326,20.4479119892232,1,1,185,coarse
140,50,0,0,0,-29.2486022180964,-40.3370418459621,-30.2668358744829,100,77.7138246369016,23.4564436461608,1,1,190,coarse
140,55,0,0,0,-29.2486022180964,-40.9762340217949,-30.2668358744829,100,74.1527703066165,27.6324651998204,1,1,195,coarse
140,60,0,0,0,-29.2486022180964,-41.2717344605813,-30.2668358744829,100,70.7100591715976,31.4941625505164,1,1,200,coarse
140,65,0,0,0,-29.2486022180964,-41.6502113948433,-30.2740213066634,100,66.831629908553,35.1818590031432,1,1,205,coarse
140,70,0,0,0,-29.2536949235645,-41.8392162627306,-30.2740213066634,100,61.9688004303389,39.517994512884,1,1,210,coarse
140,75,0,0,0,-29.2536949235645,-42.0081404460309,-30.2740213066634,100,55.9225389994621,46.376889558341,1,1,215,coarse
140,80,0,0,0,-29.2536949235645,-42.0159027049815,-30.2740213066634,100,51.947283485745,49.2925923933509,1,1,220,coarse
140,85,0,0,0,-29.2536949235645,-42.177094710987,-30.2740213066634,100,48.7040682414698,52.3643014686105,1,1,225,coarse
140,90,0,0,0,-29.2536949235645,-42.448005480315,-30.2740213066634,100,45.5982064741907,55.7426434988434,1,1,230,coarse
140,95,0,0,0,-29.2536949235645,-43.2752984272209,-30.2740213066634,100,42.1916010498688,59.2716122438001,1,1,235,coarse
140,100,0,0,0,-29.2536949235645,-44.4159312533396,-30.2740213066634,100,38.0468066491689,62.687610952714,1,1,240,coarse
140,105,0,0,0,-29.2753708215913,-45.442363686073,-30.3072433172694,100,33.5739282589676,66.9791198922317,1,1,245,coarse
140,110,0,0,0,-29.2753708215913,-46.9729703317872,-30.3072433172694,100,29.2377515310586,71.0597215985631,1,1,250,coarse
140,115,0,0,0,-29.2753708215913,-48.1555889208287,-33.7566331598609,100,25.6213017751479,74.3881903906601,1,1,255,coarse
140,120,0,0,0,-35.0664314229449,-48.967198641598,-37.5834657878099,100,21.9634211941904,78.4558180227472,1,1,260,coarse
140,125,0,0,0,-41.2085253256993,-49.6168949080775,-41.9109401633397,100,16.3206024744486,84.0168416447944,1,1,265,coarse
140,130,0,0,0,-41.2085253256993,-50.6982347837193,-41.9109401633397,100,9.92469069392146,90.0973315835521,1,1,270,coarse
140,135,0,0,0,-41.748573943816,-55.8642329860091,-41.9109401633397,100,4.33051804830814,94.9475065616798,1,1,275,coarse
140,140,0,0,0,-45.0991269660461,-62.0164324001163,-50.2671266396801,100,0,98.3431758530184,1,1,280,coarse
143.248464933828,0,0.166620383226881,0.166620383226881,0.0971952235490142,15.6278337909363,-23.1628062118805,-3.16277318408369,99.8333796167731,100,0,0,0,143.248464933828,coarse
143.248464933828,0.5,0.166620383226881,0.166620383226881,0.0971952235490142,15.6278337909363,-23.1628062118805,-3.16277318408369,99.8333796167731,100,0,0,0,143.748464933828,coarse
143.248464933828,1,0.166620383226881,0.166620383226881,0.0971952235490142,13.1266022890618,-23.1882834230093,-3.16277318408369,99.8333796167731,100,0.0112258643915582,0,0,144.248464933828,coarse
143.248464933828,2,0.0555401277422938,0.0555401277422938,0.0416550958067204,-0.409570992812093,-23.2086962918099,-7.66213347892937,99.9444598722577,99.9945319335083,0.0673551863493489,0,1,145.248464933828,coarse
143.248464933828,3,0.0277700638711469,0.0277700638711469,0,-4.99050821473111,-23.2690350139441,-10.8895020808369,99.9722299361289,99.9731023723708,0.117871576111361,0,1,146.248464933828,coarse
143.248464933828,5,0,0,0,-11.8417816060738,-23.5225992100555,-13.4615822474651,100,99.8797025371829,0.196452626852268,1,1,148.248464933828,coarse
143.248464933828,10,0,0,0,-13.4569989269212,-25.4878290139959,-14.183395421012,100,99.6557103663457,0.639763779527559,1,1,153.248464933828,coarse
143.248464933828,15,0,0,0,-13.6560767662835,-26.7054970886877,-15.1818767982873,100,99.0801011350799,1.48731408573928,1,1,158.248464933828,coarse
143.248464933828,20,0,0,0,-13.6560767662835,-27.2005879308444,-15.1818767982873,100,98.1011296395912,2.81058617672791,1,1,163.248464933828,coarse
143.248464933828,25,0,0,0,-13.6560767662835,-28.3058011184375,-15.1818767982873,100,96.6272189349112,4.19400699912511,1,1,168.248464933828,coarse
143.248464933828,30,0,0,0,-13.6560767662835,-29.9435960326154,-15.1818767982873,100,94.1312533620226,6.97186508149981,1,1,173.248464933828,coarse
143.248464933828,35,0,0,0,-14.7152069167191,-31.7701197301409,-17.4327343363739,100,90.1075847229693,11.834956156867,1,1,178.248464933828,coarse
143.248464933828,40,0,0,0,-17.339035397258,-34.6706539931455,-18.1968988473032,100,86.0193652501345,16.5020206555905,1,1,183.248464933828,coarse
143.248464933828,45,0,0,0,-17.339035397258,-37.3162710122925,-19.0904177597166,100,83.0446476600323,20.4479119892232,1,1,188.248464933828,coarse
143.248464933828,50,0,0,0,-29.2486022180964,-40.3370418459621,-30.2668358744829,100,79.6449704142012,23.4564436461608,1,1,193.248464933828,coarse
143.248464933828,55,0,0,0,-29.2486022180964,-40.9762340217949,-30.2668358744829,100,76.0839160839161,27.6324651998204,1,1,198.248464933828,coarse
143.248464933828,60,0,0,0,-29.2486022180964,-41.2717344605813,-30.2668358744829,100,72.6412049488973,31.4941625505164,1,1,203.248464933828,coarse
143.248464933828,65,0,0,0,-29.2486022180964,-41.6502113948433,-30.2740213066634,100,68.7627756858526,35.1818590031432,1,1,208.248464933828,coarse
143.248464933828,70,0,0,0,-29.2536949235645,-41.8392162627306,-30.2740213066634,100,63.8999462076385,39.517994512884,1,1,213.248464933828,coarse
143.248464933828,75,0,0,0,-29.2536949235645,-42.0081404460309,-30.2740213066634,100,57.8536847767617,46.376889558341,1,1,218.248464933828,coarse
143.248464933828,80,0,0,0,-29.2536949235645,-42.0159027049815,-30.2740213066634,100,53.8784292630446,49.2925923933509,1,1,223.248464933828,coarse
143.248464933828,85,0,0,0,-29.2536949235645,-42.177094710987,-30.2740213066634,100,50.3608923884514,52.3643014686105,1,1,228.248464933828,coarse
143.248464933828,90,0,0,0,-29.2536949235645,-42.448005480315,-30.2740213066634,100,47.2550306211724,55.7426434988434,1,1,233.248464933828,coarse
143.248464933828,95,0,0,0,-29.2536949235645,-43.2752984272209,-30.2740213066634,100,43.8484251968504,59.2716122438001,1,1,238.248464933828,coarse
143.248464933828,100,0,0,0,-29.2536949235645,-44.4159312533396,-30.2740213066634,100,39.7036307961505,62.687610952714,1,1,243.248464933828,coarse
143.248464933828,105,0,0,0,-29.2753708215913,-45.442363686073,-30.3072433172694,100,35.2307524059493,66.9791198922317,1,1,248.248464933828,coarse
143.248464933828,110,0,0,0,-29.2753708215913,-46.9729703317872,-30.3072433172694,100,31.1619150080689,71.0597215985631,1,1,253.248464933828,coarse
143.248464933828,115,0,0,0,-29.2753708215913,-48.1555889208287,-33.7566331598609,100,27.5524475524476,74.3881903906601,1,1,258.248464933828,coarse
143.248464933828,120,0,0,0,-35.0664314229449,-48.967198641598,-37.5834657878099,100,23.89456697149,78.4558180227472,1,1,263.248464933828,coarse
143.248464933828,125,0,0,0,-41.2085253256993,-49.6168949080775,-41.9109401633397,100,18.2517482517483,84.0168416447944,1,1,268.248464933828,coarse
143.248464933828,130,0,0,0,-41.2085253256993,-50.6982347837193,-41.9109401633397,100,11.8558364712211,90.0973315835521,1,1,273.248464933828,coarse
143.248464933828,135,0,0,0,-41.748573943816,-55.8642329860091,-41.9109401633397,100,6.4285330033891,94.9475065616798,1,1,278.248464933828,coarse
143.248464933828,140,0,0,0,-45.0991269660461,-62.0164324001163,-50.2671266396801,100,2.09801495508096,98.3431758530184,1,1,283.248464933828,coarse
143.248464933828,143.248464933828,0,0,0,-2948.41956873937,-2948.41956873937,-2948.41956873937,100,0,100,1,1,286.496929867656,coarse
108,0,0.388780894196057,0.388780894196057,0.138850319355735,15.6278337909363,-22.5727364561778,-1.67489778916937,99.6112191058039,69.892231701841,0,0,0,108,refinement
108,1,0.388780894196057,0.388780894196057,0.138850319355735,13.1266022890618,-22.5727364561778,-1.67489778916937,99.6112191058039,69.8810058374495,0.0112258643915582,0,0,109,refinement
108,2,0.36101083032491,0.36101083032491,0.0416550958067204,-0.409570992812093,-22.629093297807,-2.08139826331585,99.6389891696751,69.8248765154917,0.0673551863493489,0,0,110,refinement
108,3,0.305470702582616,0.305470702582616,0.0138850319355735,-0.777385554715636,-22.7909609271773,-3.01611657662268,99.6945292974174,69.7743601257297,0.117871576111361,0,0,111,refinement
108,4,0.305470702582616,0.305470702582616,0,-0.777385554715636,-22.9130251159501,-3.01611657662268,99.6945292974174,69.7294566681635,0.162775033677593,0,0,112,refinement
108,5,0.305470702582616,0.305470702582616,0,-0.777385554715636,-23.1955679538646,-3.01611657662268,99.6945292974174,69.6957790749888,0.196452626852268,0,0,113,refinement
108,6,0.305470702582616,0.305470702582616,0,-0.777385554715636,-23.5761941456423,-3.01611657662268,99.6945292974174,69.6508756174225,0.2413560844185,0,0,114,refinement
108,7,0.305470702582616,0.305470702582616,0,-0.777385554715636,-23.7544543230618,-3.01611657662268,99.6945292974174,69.6228109564436,0.295275590551181,0,0,115,refinement
108,8,0.305470702582616,0.305470702582616,0,-0.777385554715636,-23.8422868172033,-3.01611657662268,99.6945292974174,69.5835204310732,0.344488188976378,0,0,116,refinement
108,9,0.305470702582616,0.305470702582616,0,-0.777385554715636,-24.2805749137999,-3.01611657662268,99.6945292974174,69.5610687022901,0.481189851268591,0,0,117,refinement
108,10,0.305470702582616,0.305470702582616,0,-0.777385554715636,-24.4942476113192,-3.01611657662268,99.6945292974174,69.5273911091154,0.639763779527559,0,0,118,refinement
108,11,0.305470702582616,0.305470702582616,0,-0.777385554715636,-24.7476451133394,-3.01611657662268,99.6945292974174,69.4375841939829,0.803805774278215,0,0,119,refinement
108,12,0.305470702582616,0.305470702582616,0,-0.777385554715636,-25.0560232861435,-3.01611657662268,99.6945292974174,69.359003143242,0.913167104111986,0,0,120,refinement
109,0,0.388780894196057,0.388780894196057,0.138850319355735,15.6278337909363,-22.7909609271773,-1.67489778916937,99.6112191058039,70.5208801077683,0,0,0,109,refinement
109,1,0.388780894196057,0.388780894196057,0.138850319355735,13.1266022890618,-22.7909609271773,-1.67489778916937,99.6112191058039,70.5096542433767,0.0112258643915582,0,0,110,refinement
109,2,0.36101083032491,0.36101083032491,0.0416550958067204,-0.409570992812093,-22.8230094596018,-2.08139826331585,99.6389891696751,70.4535249214189,0.0673551863493489,0,0,111,refinement
109,3,0.305470702582616,0.305470702582616,0.0138850319355735,-0.777385554715636,-22.9698917108202,-3.01611657662268,99.6945292974174,70.4030085316569,0.117871576111361,0,0,112,refinement
109,4,0.305470702582616,0.305470702582616,0,-0.777385554715636,-23.0976751598455,-3.01611657662268,99.6945292974174,70.3581050740907,0.162775033677593,0,0,113,refinement
109,5,0.305470702582616,0.305470702582616,0,-0.777385554715636,-23.3853585127435,-3.01611657662268,99.6945292974174,70.324427480916,0.196452626852268,0,0,114,refinement
109,6,0.305470702582616,0.305470702582616,0,-0.777385554715636,-23.6311908351383,-3.01611657662268,99.6945292974174,70.2795240233498,0.2413560844185,0,0,115,refinement
109,7,0.305470702582616,0.305470702582616,0,-0.777385554715636,-23.9108254771058,-3.01611657662268,99.6945292974174,70.2514593623709,0.295275590551181,0,0,116,refinement
109,8,0.305470702582616,0.305470702582616,0,-0.777385554715636,-24.0729750911264,-3.01611657662268,99.6945292974174,70.2121688370004,0.344488188976378,0,0,117,refinement
109,9,0.305470702582616,0.305470702582616,0,-0.777385554715636,-24.3912452873974,-3.01611657662268,99.6945292974174,70.1897171082173,0.481189851268591,0,0,118,refinement
109,10,0.305470702582616,0.305470702582616,0,-0.777385554715636,-24.6011412814273,-3.01611657662268,99.6945292974174,70.1560395150427,0.639763779527559,0,0,119,refinement
109,11,0.305470702582616,0.305470702582616,0,-0.777385554715636,-24.9179503125868,-3.01611657662268,99.6945292974174,70.0662325999102,0.803805774278215,0,0,120,refinement
109,12,0.305470702582616,0.305470702582616,0,-0.777385554715636,-25.3245376717228,-3.01611657662268,99.6945292974174,69.9876515491693,0.913167104111986,0,0,121,refinement
110,0,0.277700638711469,0.277700638711469,0.138850319355735,15.6278337909363,-22.9130251159501,-1.67489778916937,99.7222993612885,71.0597215985631,0,0,0,110,refinement
110,1,0.277700638711469,0.277700638711469,0.138850319355735,13.1266022890618,-22.9130251159501,-1.67489778916937,99.7222993612885,71.0484957341715,0.0112258643915582,0,0,111,refinement
110,2,0.249930574840322,0.249930574840322,0.0416550958067204,-0.409570992812093,-22.9698917108202,-2.09637011645334,99.7500694251597,70.9923664122137,0.0673551863493489,0,0,112,refinement
110,3,0.194390447098028,0.194390447098028,0.0138850319355735,-0.777385554715636,-23.0976751598455,-3.21506722119277,99.805609552902,70.9418500224517,0.117871576111361,0,0,113,refinement
110,4,0.194390447098028,0.194390447098028,0,-0.777385554715636,-23.1955679538646,-3.21506722119277,99.805609552902,70.8969465648855,0.162775033677593,0,0,114,refinement
110,5,0.194390447098028,0.194390447098028,0,-0.777385554715636,-23.4669544479112,-3.21506722119277,99.805609552902,70.8632689717108,0.196452626852268,0,0,115,refinement
110,6,0.194390447098028,0.194390447098028,0,-0.777385554715636,-23.6311908351383,-3.21506722119277,99.805609552902,70.8183655141446,0.2413560844185,0,0,116,refinement
110,7,0.194390447098028,0.194390447098028,0,-0.777385554715636,-24.0469437030021,-3.21506722119277,99.805609552902,70.7903008531657,0.295275590551181,0,0,117,refinement
110,8,0.194390447098028,0.194390447098028,0,-0.777385554715636,-24.2416159354301,-3.21506722119277,99.805609552902,70.7510103277952,0.344488188976378,0,0,118,refinement
110,9,0.194390447098028,0.194390447098028,0,-0.777385554715636,-24.4448916044062,-3.21506722119277,99.805609552902,70.7285585990121,0.481189851268591,0,0,119,refinement
110,10,0.194390447098028,0.194390447098028,0,-0.777385554715636,-24.7476451133394,-3.21506722119277,99.805609552902,70.6948810058374,0.639763779527559,0,0,120,refinement
110,11,0.194390447098028,0.194390447098028,0,-0.777385554715636,-25.1543321424276,-3.21506722119277,99.805609552902,70.605074090705,0.803805774278215,0,0,121,refinement
110,12,0.194390447098028,0.194390447098028,0,-0.777385554715636,-25.4521085810098,-3.21506722119277,99.805609552902,70.5264930399641,0.913167104111986,0,0,122,refinement
111,0,0.166620383226881,0.166620383226881,0.138850319355735,15.6278337909363,-23.0456748561492,-3.16277318408369,99.8333796167731,71.671531207903,0,0,0,111,refinement
111,1,0.166620383226881,0.166620383226881,0.138850319355735,13.1266022890618,-23.095305176859,-3.16277318408369,99.8333796167731,71.6603053435115,0.0112258643915582,0,0,112,refinement
111,2,0.138850319355735,0.138850319355735,0.0416550958067204,-0.409570992812093,-23.1326731622276,-4.72381487877803,99.8611496806443,71.6041760215537,0.0673551863493489,0,0,113,refinement
111,3,0.0833101916134407,0.0833101916134407,0.0138850319355735,-1.64083757034786,-23.2086962918099,-7.27054561954385,99.9166898083866,71.5536596317916,0.117871576111361,0,1,114,refinement
111,4,0.0833101916134407,0.0833101916134407,0,-1.64083757034786,-23.2690350139441,-7.3701887568042,99.9166898083866,71.5087561742254,0.162775033677593,0,1,115,refinement
111,5,0.0833101916134407,0.0833101916134407,0,-1.64083757034786,-23.4669544479112,-7.3701887568042,99.9166898083866,71.4750785810507,0.196452626852268,0,1,116,refinement
111,6,0.0833101916134407,0.0833101916134407,0,-1.64083757034786,-23.6311908351383,-7.3701887568042,99.9166898083866,71.4301751234845,0.2413560844185,0,1,117,refinement
111,7,0.0833101916134407,0.0833101916134407,0,-1.64083757034786,-24.0469437030021,-7.3701887568042,99.9166898083866,71.4021104625056,0.295275590551181,0,1,118,refinement
111,8,0.0833101916134407,0.0833101916134407,0,-1.64083757034786,-24.3312675042929,-7.3701887568042,99.9166898083866,71.3628199371352,0.344488188976378,0,1,119,refinement
111,9,0.0833101916134407,0.0833101916134407,0,-1.64083757034786,-24.6667653848323,-7.3701887568042,99.9166898083866,71.340368208352,0.481189851268591,0,1,120,refinement
111,10,0.0833101916134407,0.0833101916134407,0,-1.64083757034786,-25.0407867493314,-7.3701887568042,99.9166898083866,71.3066906151774,0.639763779527559,0,1,121,refinement
111,11,0.0833101916134407,0.0833101916134407,0,-1.64083757034786,-25.4878290139959,-7.3701887568042,99.9166898083866,71.2168837000449,0.803805774278215,0,1,122,refinement
111,12,0.0833101916134407,0.0833101916134407,0,-1.64083757034786,-25.9251267043702,-7.3701887568042,99.9166898083866,71.138302649304,0.913167104111986,0,1,123,refinement
112,0,0.166620383226881,0.166620383226881,0.0971952235490142,15.6278337909363,-23.1326731622276,-3.16277318408369,99.8333796167731,72.2608890884598,0,0,0,112,refinement
112,1,0.166620383226881,0.166620383226881,0.0971952235490142,13.1266022890618,-23.1455733553831,-3.16277318408369,99.8333796167731,72.2496632240683,0.0112258643915582,0,0,113,refinement
112,2,0.0555401277422938,0.0555401277422938,0.0416550958067204,-0.409570992812093,-23.1628062118805,-7.66213347892937,99.9444598722577,72.1935339021105,0.0673551863493489,0,1,114,refinement
112,3,0.0277700638711469,0.0277700638711469,0,-4.99050821473111,-23.2455228031314,-10.8895020808369,99.9722299361289,72.1430175123485,0.117871576111361,0,1,115,refinement
112,4,0,0,0,-8.33577742627617,-23.3246815894736,-10.9864221240807,100,72.0981140547822,0.162775033677593,1,1,116,refinement
112,5,0,0,0,-8.81738786676948,-23.4886793758555,-12.5302890463348,100,72.0644364616075,0.196452626852268,1,1,117,refinement
112,6,0,0,0,-8.81738786676948,-23.6597551248756,-13.5127466354587,100,72.0195330040413,0.2413560844185,1,1,118,refinement
112,7,0,0,0,-8.81738786676948,-24.1226266580567,-13.5213634907736,100,71.9914683430624,0.295275590551181,1,1,119,refinement
112,8,0,0,0,-8.81738786676948,-24.4947325377303,-13.5213634907736,100,71.952177817692,0.344488188976378,1,1,120,refinement
112,9,0,0,0,-8.81738786676948,-24.7814358436266,-13.5213634907736,100,71.9297260889089,0.481189851268591,1,1,121,refinement
112,10,0,0,0,-8.81738786676948,-25.2960718310336,-13.5213634907736,100,71.8960484957342,0.639763779527559,1,1,122,refinement
112,11,0,0,0,-8.81738786676948,-25.8081232487956,-13.5213634907736,100,71.8062415806017,0.803805774278215,1,1,123,refinement
112,12,0,0,0,-8.81738786676948,-26.0423183535569,-13.5213634907736,100,71.7276605298608,0.913167104111986,1,1,124,refinement
113,0,0.166620383226881,0.166620383226881,0.0971952235490142,15.6278337909363,-23.1628062118805,-3.16277318408369,99.8333796167731,72.9961832061069,0,0,0,113,refinement
113,1,0.166620383226881,0.166620383226881,0.0971952235490142,13.1266022890618,-23.1882834230093,-3.16277318408369,99.8333796167731,72.9849573417153,0.0112258643915582,0,0,114,refinement
113,2,0.0555401277422938,0.0555401277422938,0.0416550958067204,-0.409570992812093,-23.2086962918099,-7.66213347892937,99.9444598722577,72.9288280197575,0.0673551863493489,0,1,115,refinement
113,3,0.0277700638711469,0.0277700638711469,0,-4.99050821473111,-23.2690350139441,-10.8895020808369,99.9722299361289,72.8783116299955,0.117871576111361,0,1,116,refinement
113,4,0,0,0,-8.33577742627617,-23.3476018987277,-11.8648551161462,100,72.8334081724293,0.162775033677593,1,1,117,refinement
113,5,0,0,0,-11.8417816060738,-23.5225992100555,-13.4615822474651,100,72.7997305792546,0.196452626852268,1,1,118,refinement
113,6,0,0,0,-11.8417816060738,-23.8710080972162,-13.7396279342988,100,72.7548271216884,0.2413560844185,1,1,119,refinement
113,7,0,0,0,-11.8417816060738,-24.3312675042929,-14.183395421012,100,72.7267624607095,0.295275590551181,1,1,120,refinement
113,8,0,0,0,-13.3300144357827,-24.5587433852485,-14.183395421012,100,72.687471935339,0.344488188976378,1,1,121,refinement
113,9,0,0,0,-13.4569989269212,-24.8565555567283,-14.183395421012,100,72.6650202065559,0.481189851268591,1,1,122,refinement
113,10,0,0,0,-13.4569989269212,-25.3886739142705,-14.183395421012,100,72.6313426133812,0.639763779527559,1,1,123,refinement
113,11,0,0,0,-13.4569989269212,-25.8856075948716,-14.2379489519152,100,72.5415356982488,0.803805774278215,1,1,124,refinement
113,12,0,0,0,-13.4569989269212,-26.1174910478102,-14.2379489519152,100,72.4629546475079,0.913167104111986,1,1,125,refinement
114,0,0.166620383226881,0.166620383226881,0.0971952235490142,15.6278337909363,-23.1628062118805,-3.16277318408369,99.8333796167731,73.7651549169286,0,0,0,114,refinement
114,1,0.166620383226881,0.166620383226881,0.0971952235490142,13.1266022890618,-23.1882834230093,-3.16277318408369,99.8333796167731,73.753929052537,0.0112258643915582,0,0,115,refinement
114,2,0.0555401277422938,0.0555401277422938,0.0416550958067204,-0.409570992812093,-23.2086962918099,-7.66213347892937,99.9444598722577,73.6977997305792,0.0673551863493489,0,1,116,refinement
114,3,0.0277700638711469,0.0277700638711469,0,-4.99050821473111,-23.2690350139441,-10.8895020808369,99.9722299361289,73.6472833408172,0.117871576111361,0,1,117,refinement
114,4,0,0,0,-8.33577742627617,-23.3476018987277,-11.8648551161462,100,73.602379883251,0.162775033677593,1,1,118,refinement
114,5,0,0,0,-11.8417816060738,-23.5225992100555,-13.4615822474651,100,73.5687022900763,0.196452626852268,1,1,119,refinement
114,6,0,0,0,-11.8417816060738,-23.8710080972162,-13.7396279342988,100,73.5237988325101,0.2413560844185,1,1,120,refinement
114,7,0,0,0,-11.8417816060738,-24.3312675042929,-14.183395421012,100,73.4957341715312,0.295275590551181,1,1,121,refinement
114,8,0,0,0,-13.3300144357827,-24.5587433852485,-14.183395421012,100,73.4564436461607,0.344488188976378,1,1,122,refinement
114,9,0,0,0,-13.4569989269212,-24.8565555567283,-14.183395421012,100,73.4339919173776,0.481189851268591,1,1,123,refinement
114,10,0,0,0,-13.4569989269212,-25.4733942815406,-14.183395421012,100,73.400314324203,0.639763779527559,1,1,124,refinement
114,11,0,0,0,-13.4569989269212,-25.8856075948716,-14.2379489519152,100,73.3105074090705,0.803805774278215,1,1,125,refinement
114,12,0,0,0,-13.4569989269212,-26.2148972907767,-14.2379489519152,100,73.2319263583296,0.913167104111986,1,1,126,refinement
115,0,0.166620383226881,0.166620383226881,0.0971952235490142,15.6278337909363,-23.1628062118805,-3.16277318408369,99.8333796167731,74.3881903906601,0,0,0,115,refinement
115,1,0.166620383226881,0.166620383226881,0.0971952235490142,13.1266022890618,-23.1882834230093,-3.16277318408369,99.8333796167731,74.3769645262685,0.0112258643915582,0,0,116,refinement
115,2,0.0555401277422938,0.0555401277422938,0.0416550958067204,-0.409570992812093,-23.2086962918099,-7.66213347892937,99.9444598722577,74.3208352043107,0.0673551863493489,0,1,117,refinement
115,3,0.0277700638711469,0.0277700638711469,0,-4.99050821473111,-23.2690350139441,-10.8895020808369,99.9722299361289,74.2703188145487,0.117871576111361,0,1,118,refinement
115,4,0,0,0,-8.33577742627617,-23.3476018987277,-11.8648551161462,100,74.2254153569825,0.162775033677593,1,1,119,refinement
115,5,0,0,0,-11.8417816060738,-23.5225992100555,-13.4615822474651,100,74.1917377638078,0.196452626852268,1,1,120,refinement
115,6,0,0,0,-11.8417816060738,-23.8710080972162,-13.7396279342988,100,74.1468343062416,0.2413560844185,1,1,121,refinement
115,7,0,0,0,-11.8417816060738,-24.3312675042929,-14.183395421012,100,74.1187696452627,0.295275590551181,1,1,122,refinement
115,8,0,0,0,-13.3300144357827,-24.5587433852485,-14.183395421012,100,74.0794791198922,0.344488188976378,1,1,123,refinement
115,9,0,0,0,-13.4569989269212,-24.8565555567283,-14.183395421012,100,74.0570273911091,0.481189851268591,1,1,124,refinement
115,10,0,0,0,-13.4569989269212,-25.4878290139959,-14.183395421012,100,74.0233497979344,0.639763779527559,1,1,125,refinement
115,11,0,0,0,-13.4569989269212,-25.8856075948716,-14.2379489519152,100,73.933542882802,0.803805774278215,1,1,126,refinement
115,12,0,0,0,-13.4569989269212,-26.261006837858,-14.2379489519152,100,73.8549618320611,0.913167104111986,1,1,127,refinement
116,0,0.166620383226881,0.166620383226881,0.0971952235490142,15.6278337909363,-23.1628062118805,-3.16277318408369,99.8333796167731,74.9775482712169,0,0,0,116,refinement
116,1,0.166620383226881,0.166620383226881,0.0971952235490142,13.1266022890618,-23.1882834230093,-3.16277318408369,99.8333796167731,74.9663224068253,0.0112258643915582,0,0,117,refinement
116,2,0.0555401277422938,0.0555401277422938,0.0416550958067204,-0.409570992812093,-23.2086962918099,-7.66213347892937,99.9444598722577,74.9101930848675,0.0673551863493489,0,1,118,refinement
116,3,0.0277700638711469,0.0277700638711469,0,-4.99050821473111,-23.2690350139441,-10.8895020808369,99.9722299361289,74.8596766951055,0.117871576111361,0,1,119,refinement
116,4,0,0,0,-8.33577742627617,-23.3476018987277,-11.8648551161462,100,74.8147732375393,0.162775033677593,1,1,120,refinement
116,5,0,0,0,-11.8417816060738,-23.5225992100555,-13.4615822474651,100,74.7810956443646,0.196452626852268,1,1,121,refinement
116,6,0,0,0,-11.8417816060738,-23.8710080972162,-13.7396279342988,100,74.7361921867984,0.2413560844185,1,1,122,refinement
116,7,0,0,0,-11.8417816060738,-24.3312675042929,-14.183395421012,100,74.7081275258195,0.295275590551181,1,1,123,refinement
116,8,0,0,0,-13.3300144357827,-24.5587433852485,-14.183395421012,100,74.668837000449,0.344488188976378,1,1,124,refinement
116,9,0,0,0,-13.4569989269212,-24.8565555567283,-14.183395421012,100,74.6463852716659,0.481189851268591,1,1,125,refinement
116,10,0,0,0,-13.4569989269212,-25.4878290139959,-14.183395421012,100,74.6127076784912,0.639763779527559,1,1,126,refinement
116,11,0,0,0,-13.4569989269212,-25.8856075948716,-14.2379489519152,100,74.5229007633588,0.803805774278215,1,1,127,refinement
116,12,0,0,0,-13.4569989269212,-26.261006837858,-14.2379489519152,100,74.4443197126179,0.913167104111986,1,1,128,refinement
117,0,0.166620383226881,0.166620383226881,0.0971952235490142,15.6278337909363,-23.1628062118805,-3.16277318408369,99.8333796167731,75.6118096093399,0,0,0,117,refinement
117,1,0.166620383226881,0.166620383226881,0.0971952235490142,13.1266022890618,-23.1882834230093,-3.16277318408369,99.8333796167731,75.6005837449484,0.0112258643915582,0,0,118,refinement
117,2,0.0555401277422938,0.0555401277422938,0.0416550958067204,-0.409570992812093,-23.2086962918099,-7.66213347892937,99.9444598722577,75.5444544229906,0.0673551863493489,0,1,119,refinement
117,3,0.0277700638711469,0.0277700638711469,0,-4.99050821473111,-23.2690350139441,-10.8895020808369,99.9722299361289,75.4939380332286,0.117871576111361,0,1,120,refinement
117,4,0,0,0,-8.33577742627617,-23.3476018987277,-11.8648551161462,100,75.4490345756623,0.162775033677593,1,1,121,refinement
117,5,0,0,0,-11.8417816060738,-23.5225992100555,-13.4615822474651,100,75.4153569824877,0.196452626852268,1,1,122,refinement
117,6,0,0,0,-11.8417816060738,-23.8710080972162,-13.7396279342988,100,75.3704535249214,0.2413560844185,1,1,123,refinement
117,7,0,0,0,-11.8417816060738,-24.3312675042929,-14.183395421012,100,75.3423888639425,0.295275590551181,1,1,124,refinement
117,8,0,0,0,-13.3300144357827,-24.5587433852485,-14.183395421012,100,75.3030983385721,0.344488188976378,1,1,125,refinement
117,9,0,0,0,-13.4569989269212,-24.8565555567283,-14.183395421012,100,75.280646609789,0.481189851268591,1,1,126,refinement
117,10,0,0,0,-13.4569989269212,-25.4878290139959,-14.183395421012,100,75.2469690166143,0.639763779527559,1,1,127,refinement
117,11,0,0,0,-13.4569989269212,-25.8856075948716,-14.2379489519152,100,75.1571621014818,0.803805774278215,1,1,128,refinement
117,12,0,0,0,-13.4569989269212,-26.261006837858,-14.2379489519152,100,75.0785810507409,0.913167104111986,1,1,129,refinement
118,0,0.166620383226881,0.166620383226881,0.0971952235490142,15.6278337909363,-23.1628062118805,-3.16277318408369,99.8333796167731,76.4312977099237,0,0,0,118,refinement
118,1,0.166620383226881,0.166620383226881,0.0971952235490142,13.1266022890618,-23.1882834230093,-3.16277318408369,99.8333796167731,76.4200718455321,0.0112258643915582,0,0,119,refinement
118,2,0.0555401277422938,0.0555401277422938,0.0416550958067204,-0.409570992812093,-23.2086962918099,-7.66213347892937,99.9444598722577,76.3639425235743,0.0673551863493489,0,1,120,refinement
118,3,0.0277700638711469,0.0277700638711469,0,-4.99050821473111,-23.2690350139441,-10.8895020808369,99.9722299361289,76.3232720909886,0.117871576111361,0,1,121,refinement
118,4,0,0,0,-8.33577742627617,-23.3476018987277,-11.8648551161462,100,76.2959317585302,0.162775033677593,1,1,122,refinement
118,5,0,0,0,-11.8417816060738,-23.5225992100555,-13.4615822474651,100,76.2357830271216,0.196452626852268,1,1,123,refinement
118,6,0,0,0,-11.8417816060738,-23.8710080972162,-13.7396279342988,100,76.1899416255052,0.2413560844185,1,1,124,refinement
118,7,0,0,0,-11.8417816060738,-24.3312675042929,-14.183395421012,100,76.1618769645263,0.295275590551181,1,1,125,refinement
118,8,0,0,0,-13.3300144357827,-24.5587433852485,-14.183395421012,100,76.1225864391558,0.344488188976378,1,1,126,refinement
118,9,0,0,0,-13.4569989269212,-24.8565555567283,-14.183395421012,100,76.1001347103727,0.481189851268591,1,1,127,refinement
118,10,0,0,0,-13.4569989269212,-25.4878290139959,-14.183395421012,100,76.066457117198,0.639763779527559,1,1,128,refinement
118,11,0,0,0,-13.4569989269212,-25.8856075948716,-14.2379489519152,100,75.9766502020656,0.803805774278215,1,1,129,refinement
118,12,0,0,0,-13.4569989269212,-26.261006837858,-14.2379489519152,100,75.8980691513246,0.913167104111986,1,1,130,refinement
119,0,0.166620383226881,0.166620383226881,0.0971952235490142,15.6278337909363,-23.1628062118805,-3.16277318408369,99.8333796167731,77.4696901661428,0,0,0,119,refinement
119,1,0.166620383226881,0.166620383226881,0.0971952235490142,13.1266022890618,-23.1882834230093,-3.16277318408369,99.8333796167731,77.4584643017512,0.0112258643915582,0,0,120,refinement
119,2,0.0555401277422938,0.0555401277422938,0.0416550958067204,-0.409570992812093,-23.2086962918099,-7.66213347892937,99.9444598722577,77.4278215223097,0.0673551863493489,0,1,121,refinement
119,3,0.0277700638711469,0.0277700638711469,0,-4.99050821473111,-23.2690350139441,-10.8895020808369,99.9722299361289,77.4004811898513,0.117871576111361,0,1,122,refinement
119,4,0,0,0,-8.33577742627617,-23.3476018987277,-11.8648551161462,100,77.3731408573928,0.162775033677593,1,1,123,refinement
119,5,0,0,0,-11.8417816060738,-23.5225992100555,-13.4615822474651,100,77.3129921259843,0.196452626852268,1,1,124,refinement
119,6,0,0,0,-11.8417816060738,-23.8710080972162,-13.7396279342988,100,77.2283340817243,0.2413560844185,1,1,125,refinement
119,7,0,0,0,-11.8417816060738,-24.3312675042929,-14.183395421012,100,77.2002694207454,0.295275590551181,1,1,126,refinement
119,8,0,0,0,-13.3300144357827,-24.5587433852485,-14.183395421012,100,77.1609788953749,0.344488188976378,1,1,127,refinement
119,9,0,0,0,-13.4569989269212,-24.8565555567283,-14.183395421012,100,77.1385271665918,0.481189851268591,1,1,128,refinement
119,10,0,0,0,-13.4569989269212,-25.4878290139959,-14.183395421012,100,77.1048495734172,0.639763779527559,1,1,129,refinement
119,11,0,0,0,-13.4569989269212,-25.8856075948716,-14.2379489519152,100,77.0150426582847,0.803805774278215,1,1,130,refinement
119,12,0,0,0,-13.4569989269212,-26.261006837858,-14.2379489519152,100,76.9364616075438,0.913167104111986,1,1,131,refinement
120,0,0.166620383226881,0.166620383226881,0.0971952235490142,15.6278337909363,-23.1628062118805,-3.16277318408369,99.8333796167731,78.4558180227472,0,0,0,120,refinement
120,1,0.166620383226881,0.166620383226881,0.0971952235490142,13.1266022890618,-23.1882834230093,-3.16277318408369,99.8333796167731,78.4558180227472,0.0112258643915582,0,0,121,refinement
120,2,0.0555401277422938,0.0555401277422938,0.0416550958067204,-0.409570992812093,-23.2086962918099,-7.66213347892937,99.9444598722577,78.4503499562555,0.0673551863493489,0,1,122,refinement
120,3,0.0277700638711469,0.0277700638711469,0,-4.99050821473111,-23.2690350139441,-10.8895020808369,99.9722299361289,78.423009623797,0.117871576111361,0,1,123,refinement
120,4,0,0,0,-8.33577742627617,-23.3476018987277,-11.8648551161462,100,78.3956692913386,0.162775033677593,1,1,124,refinement
120,5,0,0,0,-11.8417816060738,-23.5225992100555,-13.4615822474651,100,78.33552055993,0.196452626852268,1,1,125,refinement
120,6,0,0,0,-11.8417816060738,-23.8710080972162,-13.7396279342988,100,78.2370953630796,0.2413560844185,1,1,126,refinement
120,7,0,0,0,-11.8417816060738,-24.3312675042929,-14.183395421012,100,78.160542432196,0.295275590551181,1,1,127,refinement
120,8,0,0,0,-13.3300144357827,-24.5587433852485,-14.183395421012,100,78.1113298337708,0.344488188976378,1,1,128,refinement
120,9,0,0,0,-13.4569989269212,-24.8565555567283,-14.183395421012,100,78.0309833857207,0.481189851268591,1,1,129,refinement
120,10,0,0,0,-13.4569989269212,-25.4878290139959,-14.183395421012,100,77.997305792546,0.639763779527559,1,1,130,refinement
120,11,0,0,0,-13.4569989269212,-25.8856075948716,-14.2379489519152,100,77.9074988774136,0.803805774278215,1,1,131,refinement
120,12,0,0,0,-13.4569989269212,-26.261006837858,-14.2379489519152,100,77.8289178266727,0.913167104111986,1,1,132,refinement
121,0,0.166620383226881,0.166620383226881,0.0971952235490142,15.6278337909363,-23.1628062118805,-3.16277318408369,99.8333796167731,79.4291338582677,0,0,0,121,refinement
121,1,0.166620383226881,0.166620383226881,0.0971952235490142,13.1266022890618,-23.1882834230093,-3.16277318408369,99.8333796167731,79.4291338582677,0.0112258643915582,0,0,122,refinement
121,2,0.0555401277422938,0.0555401277422938,0.0416550958067204,-0.409570992812093,-23.2086962918099,-7.66213347892937,99.9444598722577,79.423665791776,0.0673551863493489,0,1,123,refinement
121,3,0.0277700638711469,0.0277700638711469,0,-4.99050821473111,-23.2690350139441,-10.8895020808369,99.9722299361289,79.3963254593176,0.117871576111361,0,1,124,refinement
121,4,0,0,0,-8.33577742627617,-23.3476018987277,-11.8648551161462,100,79.3689851268591,0.162775033677593,1,1,125,refinement
121,5,0,0,0,-11.8417816060738,-23.5225992100555,-13.4615822474651,100,79.3088363954506,0.196452626852268,1,1,126,refinement
121,6,0,0,0,-11.8417816060738,-23.8710080972162,-13.7396279342988,100,79.2104111986002,0.2413560844185,1,1,127,refinement
121,7,0,0,0,-11.8417816060738,-24.3312675042929,-14.183395421012,100,79.1338582677165,0.295275590551181,1,1,128,refinement
121,8,0,0,0,-13.3300144357827,-24.5587433852485,-14.183395421012,100,79.0846456692913,0.344488188976378,1,1,129,refinement
121,9,0,0,0,-13.4569989269212,-24.8565555567283,-14.183395421012,100,78.9515042658285,0.481189851268591,1,1,130,refinement
121,10,0,0,0,-13.4569989269212,-25.4878290139959,-14.183395421012,100,78.9178266726538,0.639763779527559,1,1,131,refinement
121,11,0,0,0,-13.4569989269212,-25.8856075948716,-14.2379489519152,100,78.8280197575213,0.803805774278215,1,1,132,refinement
121,12,0,0,0,-13.4569989269212,-26.261006837858,-14.2379489519152,100,78.7494387067804,0.913167104111986,1,1,133,refinement
122,0,0.166620383226881,0.166620383226881,0.0971952235490142,15.6278337909363,-23.1628062118805,-3.16277318408369,99.8333796167731,80.3313648293963,0,0,0,122,refinement
122,1,0.166620383226881,0.166620383226881,0.0971952235490142,13.1266022890618,-23.1882834230093,-3.16277318408369,99.8333796167731,80.3313648293963,0.0112258643915582,0,0,123,refinement
122,2,0.0555401277422938,0.0555401277422938,0.0416550958067204,-0.409570992812093,-23.2086962918099,-7.66213347892937,99.9444598722577,80.3258967629046,0.0673551863493489,0,1,124,refinement
122,3,0.0277700638711469,0.0277700638711469,0,-4.99050821473111,-23.2690350139441,-10.8895020808369,99.9722299361289,80.2985564304462,0.117871576111361,0,1,125,refinement
122,4,0,0,0,-8.33577742627617,-23.3476018987277,-11.8648551161462,100,80.2712160979877,0.162775033677593,1,1,126,refinement
122,5,0,0,0,-11.8417816060738,-23.5225992100555,-13.4615822474651,100,80.2110673665792,0.196452626852268,1,1,127,refinement
122,6,0,0,0,-11.8417816060738,-23.8710080972162,-13.7396279342988,100,80.1126421697288,0.2413560844185,1,1,128,refinement
122,7,0,0,0,-11.8417816060738,-24.3312675042929,-14.183395421012,100,80.0360892388452,0.295275590551181,1,1,129,refinement
122,8,0,0,0,-13.3300144357827,-24.5587433852485,-14.183395421012,100,79.98687664042,0.344488188976378,1,1,130,refinement
122,9,0,0,0,-13.4569989269212,-24.8565555567283,-14.183395421012,100,79.8501749781277,0.481189851268591,1,1,131,refinement
122,10,0,0,0,-13.4569989269212,-25.4878290139959,-14.183395421012,100,79.7485406376291,0.639763779527559,1,1,132,refinement
122,11,0,0,0,-13.4569989269212,-25.8856075948716,-14.2379489519152,100,79.6587337224966,0.803805774278215,1,1,133,refinement
122,12,0,0,0,-13.4569989269212,-26.261006837858,-14.2379489519152,100,79.5847006294045,0.913167104111986,1,1,134,refinement
143.248464933828,0,0.166620383226881,0.166620383226881,0.0971952235490142,15.6278337909363,-23.1628062118805,-3.16277318408369,99.8333796167731,100,0,0,0,143.248464933828,refinement
143.248464933828,1,0.166620383226881,0.166620383226881,0.0971952235490142,13.1266022890618,-23.1882834230093,-3.16277318408369,99.8333796167731,100,0.0112258643915582,0,0,144.248464933828,refinement
143.248464933828,2,0.0555401277422938,0.0555401277422938,0.0416550958067204,-0.409570992812093,-23.2086962918099,-7.66213347892937,99.9444598722577,99.9945319335083,0.0673551863493489,0,1,145.248464933828,refinement
143.248464933828,3,0.0277700638711469,0.0277700638711469,0,-4.99050821473111,-23.2690350139441,-10.8895020808369,99.9722299361289,99.9731023723708,0.117871576111361,0,1,146.248464933828,refinement
143.248464933828,4,0,0,0,-8.33577742627617,-23.3476018987277,-11.8648551161462,100,99.9408284023669,0.162775033677593,1,1,147.248464933828,refinement
143.248464933828,5,0,0,0,-11.8417816060738,-23.5225992100555,-13.4615822474651,100,99.8797025371829,0.196452626852268,1,1,148.248464933828,refinement
143.248464933828,6,0,0,0,-11.8417816060738,-23.8710080972162,-13.7396279342988,100,99.8439937597504,0.2413560844185,1,1,149.248464933828,refinement
143.248464933828,7,0,0,0,-11.8417816060738,-24.3312675042929,-14.183395421012,100,99.8170961321212,0.295275590551181,1,1,150.248464933828,refinement
143.248464933828,8,0,0,0,-13.3300144357827,-24.5587433852485,-14.183395421012,100,99.752541825811,0.344488188976378,1,1,151.248464933828,refinement
143.248464933828,9,0,0,0,-13.4569989269212,-24.8565555567283,-14.183395421012,100,99.7041260960783,0.481189851268591,1,1,152.248464933828,refinement
143.248464933828,10,0,0,0,-13.4569989269212,-25.4878290139959,-14.183395421012,100,99.6557103663457,0.639763779527559,1,1,153.248464933828,refinement
143.248464933828,11,0,0,0,-13.4569989269212,-25.8856075948716,-14.2379489519152,100,99.5696379579321,0.803805774278215,1,1,154.248464933828,refinement
143.248464933828,12,0,0,0,-13.4569989269212,-26.261006837858,-14.2379489519152,100,99.5212222281995,0.913167104111986,1,1,155.248464933828,refinement
143.248464933828,143.248464933828,0,0,0,-2948.41956873937,-2948.41956873937,-2948.41956873937,100,0,100,1,1,286.496929867656,refinement
109.5,1.5,0.305470702582616,0.305470702582616,0.0833101916134407,2.40094570067762,-22.8458222083298,-2.08139826331585,99.6945292974174,70.7622361921868,0.0449034575662326,0,0,111,final
109.5,2,0.305470702582616,0.305470702582616,0.0416550958067204,-0.409570992812093,-22.8458222083298,-2.08139826331585,99.6945292974174,70.7397844634037,0.0673551863493489,0,0,111.5,final
109.5,2.5,0.277700638711469,0.277700638711469,0.0277700638711469,-0.777385554715636,-22.9130251159501,-3.01611657662268,99.7222993612885,70.7173327346206,0.0898069151324652,0,0,112,final
109.5,3,0.249930574840322,0.249930574840322,0.0138850319355735,-0.777385554715636,-23.0339231668081,-3.01611657662268,99.7500694251597,70.6892680736417,0.117871576111361,0,0,112.5,final
109.5,3.5,0.249930574840322,0.249930574840322,0,-0.777385554715636,-23.0976751598455,-3.01611657662268,99.7500694251597,70.6668163448586,0.140323304894477,0,0,113,final
109.5,4,0.249930574840322,0.249930574840322,0,-0.777385554715636,-23.1267908963544,-3.01611657662268,99.7500694251597,70.6443646160754,0.162775033677593,0,0,113.5,final
109.5,4.5,0.249930574840322,0.249930574840322,0,-0.777385554715636,-23.296107779068,-3.01611657662268,99.7500694251597,70.6331387516839,0.174000898069151,0,0,114,final
109.5,5,0.249930574840322,0.249930574840322,0,-0.777385554715636,-23.4042059771085,-3.01611657662268,99.7500694251597,70.6106870229008,0.196452626852268,0,0,114.5,final
109.5,5.5,0.249930574840322,0.249930574840322,0,-0.777385554715636,-23.5616929508775,-3.01611657662268,99.7500694251597,70.5882352941177,0.218904355635384,0,0,115,final
110,1.5,0.249930574840322,0.249930574840322,0.0833101916134407,2.40094570067762,-22.9698917108202,-2.09637011645334,99.7500694251597,71.0148181409969,0.0449034575662326,0,0,111.5,final
110,2,0.249930574840322,0.249930574840322,0.0416550958067204,-0.409570992812093,-22.9698917108202,-2.09637011645334,99.7500694251597,70.9923664122137,0.0673551863493489,0,0,112,final
110,2.5,0.222160510969175,0.222160510969175,0.0277700638711469,-0.777385554715636,-23.0339231668081,-3.21506722119277,99.7778394890308,70.9699146834306,0.0898069151324652,0,0,112.5,final
110,3,0.194390447098028,0.194390447098028,0.0138850319355735,-0.777385554715636,-23.0976751598455,-3.21506722119277,99.805609552902,70.9418500224517,0.117871576111361,0,0,113,final
110,3.5,0.194390447098028,0.194390447098028,0,-0.777385554715636,-23.1545831854785,-3.21506722119277,99.805609552902,70.9193982936686,0.140323304894477,0,0,113.5,final
110,4,0.194390447098028,0.194390447098028,0,-0.777385554715636,-23.1955679538646,-3.21506722119277,99.805609552902,70.8969465648855,0.162775033677593,0,0,114,final
110,4.5,0.194390447098028,0.194390447098028,0,-0.777385554715636,-23.3350773293883,-3.21506722119277,99.805609552902,70.8857207004939,0.174000898069151,0,0,114.5,final
110,5,0.194390447098028,0.194390447098028,0,-0.777385554715636,-23.4669544479112,-3.21506722119277,99.805609552902,70.8632689717108,0.196452626852268,0,0,115,final
110,5.5,0.194390447098028,0.194390447098028,0,-0.777385554715636,-23.5616929508775,-3.21506722119277,99.805609552902,70.8408172429277,0.218904355635384,0,0,115.5,final
110.5,1.5,0.222160510969175,0.222160510969175,0.0833101916134407,2.40094570067762,-23.0976751598455,-2.09637011645334,99.7778394890308,71.28985181859,0.0449034575662326,0,0,112,final
110.5,2,0.222160510969175,0.222160510969175,0.0416550958067204,-0.409570992812093,-23.0976751598455,-2.09637011645334,99.7778394890308,71.2674000898069,0.0673551863493489,0,0,112.5,final
110.5,2.5,0.194390447098028,0.194390447098028,0.0277700638711469,-0.777385554715636,-23.1267908963544,-3.27045478959359,99.805609552902,71.2449483610238,0.0898069151324652,0,0,113,final
110.5,3,0.166620383226881,0.166620383226881,0.0138850319355735,-0.777385554715636,-23.1955679538646,-3.27045478959359,99.8333796167731,71.2168837000449,0.117871576111361,0,0,113.5,final
110.5,3.5,0.166620383226881,0.166620383226881,0,-0.777385554715636,-23.2086962918099,-3.27045478959359,99.8333796167731,71.1944319712618,0.140323304894477,0,0,114,final
110.5,4,0.166620383226881,0.166620383226881,0,-0.777385554715636,-23.2690350139441,-3.27045478959359,99.8333796167731,71.1719802424787,0.162775033677593,0,0,114.5,final
110.5,4.5,0.166620383226881,0.166620383226881,0,-0.777385554715636,-23.3350773293883,-3.27045478959359,99.8333796167731,71.1607543780871,0.174000898069151,0,0,115,final
110.5,5,0.166620383226881,0.166620383226881,0,-0.777385554715636,-23.4669544479112,-3.27045478959359,99.8333796167731,71.138302649304,0.196452626852268,0,0,115.5,final
110.5,5.5,0.166620383226881,0.166620383226881,0,-0.777385554715636,-23.5616929508775,-3.27045478959359,99.8333796167731,71.1158509205209,0.218904355635384,0,0,116,final
111,1.5,0.138850319355735,0.138850319355735,0.0833101916134407,2.40094570067762,-23.1326731622276,-4.72381487877803,99.8611496806443,71.6266277503368,0.0449034575662326,0,0,112.5,final
111,2,0.138850319355735,0.138850319355735,0.0416550958067204,-0.409570992812093,-23.1326731622276,-4.72381487877803,99.8611496806443,71.6041760215537,0.0673551863493489,0,0,113,final
111,2.5,0.111080255484588,0.111080255484588,0.0277700638711469,-1.64083757034786,-23.1628062118805,-5.14467837439524,99.8889197445154,71.5817242927705,0.0898069151324652,0,0,113.5,final
111,3,0.0833101916134407,0.0833101916134407,0.0138850319355735,-1.64083757034786,-23.2086962918099,-7.27054561954385,99.9166898083866,71.5536596317916,0.117871576111361,0,1,114,final
111,3.5,0.0833101916134407,0.0833101916134407,0,-1.64083757034786,-23.2086962918099,-7.3701887568042,99.9166898083866,71.5312079030085,0.140323304894477,0,1,114.5,final
111,4,0.0833101916134407,0.0833101916134407,0,-1.64083757034786,-23.2690350139441,-7.3701887568042,99.9166898083866,71.5087561742254,0.162775033677593,0,1,115,final
111,4.5,0.0833101916134407,0.0833101916134407,0,-1.64083757034786,-23.3350773293883,-7.3701887568042,99.9166898083866,71.4975303098339,0.174000898069151,0,1,115.5,final
111,5,0.0833101916134407,0.0833101916134407,0,-1.64083757034786,-23.4669544479112,-7.3701887568042,99.9166898083866,71.4750785810507,0.196452626852268,0,1,116,final
111,5.5,0.0833101916134407,0.0833101916134407,0,-1.64083757034786,-23.5616929508775,-7.3701887568042,99.9166898083866,71.4526268522676,0.218904355635384,0,1,116.5,final
111.5,1.5,0.111080255484588,0.111080255484588,0.0694251596778673,2.40094570067762,-23.1455733553831,-5.13266201426658,99.8889197445154,71.8679838347553,0.0449034575662326,0,0,113,final
111.5,2,0.0833101916134407,0.0833101916134407,0.0416550958067204,-0.409570992812093,-23.1455733553831,-7.66213347892937,99.9166898083866,71.8455321059722,0.0673551863493489,0,1,113.5,final
111.5,2.5,0.0555401277422938,0.0555401277422938,0.0277700638711469,-3.46033786792998,-23.1882834230093,-8.49962924513063,99.9444598722577,71.823080377189,0.0898069151324652,0,1,114,final
111.5,3,0.0277700638711469,0.0277700638711469,0.0138850319355735,-4.91291518789714,-23.2300322864522,-9.54005946170515,99.9722299361289,71.7950157162101,0.117871576111361,0,1,114.5,final
111.5,3.5,0.0277700638711469,0.0277700638711469,0,-4.91291518789714,-23.2300322864522,-10.9015814473292,99.9722299361289,71.772563987427,0.140323304894477,0,1,115,final
111.5,4,0.0277700638711469,0.0277700638711469,0,-4.91291518789714,-23.2991292961631,-10.9015814473292,99.9722299361289,71.7501122586439,0.162775033677593,0,1,115.5,final
111.5,4.5,0.0277700638711469,0.0277700638711469,0,-4.91291518789714,-23.3476018987277,-11.8967823328031,99.9722299361289,71.7388863942524,0.174000898069151,0,1,116,final
111.5,5,0.0277700638711469,0.0277700638711469,0,-4.91291518789714,-23.4792309510599,-12.2743328843881,99.9722299361289,71.7164346654692,0.196452626852268,0,1,116.5,final
111.5,5.5,0.0277700638711469,0.0277700638711469,0,-4.91291518789714,-23.5819030829913,-13.4615822474651,99.9722299361289,71.6939829366861,0.218904355635384,0,1,117,final
112,1.5,0.111080255484588,0.111080255484588,0.0555401277422938,2.40094570067762,-23.1628062118805,-5.13266201426658,99.8889197445154,72.2159856308936,0.0449034575662326,0,0,113.5,final
112,2,0.0555401277422938,0.0555401277422938,0.0416550958067204,-0.409570992812093,-23.1628062118805,-7.66213347892937,99.9444598722577,72.1935339021105,0.0673551863493489,0,1,114,final
112,2.5,0.0277700638711469,0.0277700638711469,0.0277700638711469,-3.46033786792998,-23.2086962918099,-8.49962924513063,99.9722299361289,72.1710821733273,0.0898069151324652,0,1,114.5,final
112,3,0.0277700638711469,0.0277700638711469,0,-4.99050821473111,-23.2455228031314,-10.8895020808369,99.9722299361289,72.1430175123485,0.117871576111361,0,1,115,final
112,3.5,0,0,0,-7.74652193377074,-23.2455228031314,-10.9864221240807,100,72.1205657835653,0.140323304894477,1,1,115.5,final
112,4,0,0,0,-8.33577742627617,-23.3246815894736,-10.9864221240807,100,72.0981140547822,0.162775033677593,1,1,116,final
112,4.5,0,0,0,-8.33577742627617,-23.3868274049253,-12.2743328843881,100,72.0868881903907,0.174000898069151,1,1,116.5,final
112,5,0,0,0,-8.81738786676948,-23.4886793758555,-12.5302890463348,100,72.0644364616075,0.196452626852268,1,1,117,final
112,5.5,0,0,0,-8.81738786676948,-23.5897332244596,-13.5127466354587,100,72.0419847328244,0.218904355635384,1,1,117.5,final
112.5,1.5,0.111080255484588,0.111080255484588,0.0555401277422938,2.40094570067762,-23.1882834230093,-5.13266201426658,99.8889197445154,72.6145038167939,0.0449034575662326,0,0,114,final
112.5,2,0.0555401277422938,0.0555401277422938,0.0416550958067204,-0.409570992812093,-23.1882834230093,-7.66213347892937,99.9444598722577,72.5920520880108,0.0673551863493489,0,1,114.5,final
112.5,2.5,0.0277700638711469,0.0277700638711469,0.0277700638711469,-3.46033786792998,-23.2300322864522,-8.49962924513063,99.9722299361289,72.5696003592277,0.0898069151324652,0,1,115,final
112.5,3,0.0277700638711469,0.0277700638711469,0,-4.99050821473111,-23.250541047332,-10.8895020808369,99.9722299361289,72.5415356982488,0.117871576111361,0,1,115.5,final
112.5,3.5,0,0,0,-7.74652193377074,-23.250541047332,-11.3956056360688,100,72.5190839694657,0.140323304894477,1,1,116,final
112.5,4,0,0,0,-8.33577742627617,-23.3350773293883,-11.8648551161462,100,72.4966322406825,0.162775033677593,1,1,116.5,final
112.5,4.5,0,0,0,-8.33577742627617,-23.4192416936759,-13.1424286704538,100,72.485406376291,0.174000898069151,1,1,117,final
112.5,5,0,0,0,-11.8417816060738,-23.4988997597529,-13.4615822474651,100,72.4629546475079,0.196452626852268,1,1,117.5,final
112.5,5.5,0,0,0,-11.8417816060738,-23.6024210669893,-13.7169484409884,100,72.4405029187247,0.218904355635384,1,1,118,final
113,1.5,0.111080255484588,0.111080255484588,0.0555401277422938,2.40094570067762,-23.2086962918099,-5.13266201426658,99.8889197445154,72.9512797485406,0.0449034575662326,0,0,114.5,final
113,2,0.0555401277422938,0.0555401277422938,0.0416550958067204,-0.409570992812093,-23.2086962918099,-7.66213347892937,99.9444598722577,72.9288280197575,0.0673551863493489,0,1,115,final
113,2.5,0.0277700638711469,0.0277700638711469,0.0277700638711469,-3.46033786792998,-23.2455228031314,-8.49962924513063,99.9722299361289,72.9063762909744,0.0898069151324652,0,1,115.5,final
113,3,0.0277700638711469,0.0277700638711469,0,-4.99050821473111,-23.2690350139441,-10.8895020808369,99.9722299361289,72.8783116299955,0.117871576111361,0,1,116,final
113,3.5,0,0,0,-7.74652193377074,-23.2690350139441,-11.3956056360688,100,72.8558599012124,0.140323304894477,1,1,116.5,final
113,4,0,0,0,-8.33577742627617,-23.3476018987277,-11.8648551161462,100,72.8334081724293,0.162775033677593,1,1,117,final
113,4.5,0,0,0,-8.33577742627617,-23.4408937979205,-13.1424286704538,100,72.8221823080377,0.174000898069151,1,1,117.5,final
113,5,0,0,0,-11.8417816060738,-23.5225992100555,-13.4615822474651,100,72.7997305792546,0.196452626852268,1,1,118,final
113,5.5,0,0,0,-11.8417816060738,-23.6198368602069,-13.7169484409884,100,72.7772788504715,0.218904355635384,1,1,118.5,final
113.5,1.5,0.111080255484588,0.111080255484588,0.0555401277422938,2.40094570067762,-23.2086962918099,-5.13266201426658,99.8889197445154,73.3217332734621,0.0449034575662326,0,0,115,final
113.5,2,0.0555401277422938,0.0555401277422938,0.0416550958067204,-0.409570992812093,-23.2086962918099,-7.66213347892937,99.9444598722577,73.2992815446789,0.0673551863493489,0,1,115.5,final
113.5,2.5,0.0277700638711469,0.0277700638711469,0.0277700638711469,-3.46033786792998,-23.2455228031314,-8.49962924513063,99.9722299361289,73.2768298158958,0.0898069151324652,0,1,116,final
113.5,3,0.0277700638711469,0.0277700638711469,0,-4.99050821473111,-23.2690350139441,-10.8895020808369,99.9722299361289,73.2487651549169,0.117871576111361,0,1,116.5,final
113.5,3.5,0,0,0,-7.74652193377074,-23.2690350139441,-11.3956056360688,100,73.2263134261338,0.140323304894477,1,1,117,final
113.5,4,0,0,0,-8.33577742627617,-23.3476018987277,-11.8648551161462,100,73.2038616973507,0.162775033677593,1,1,117.5,final
113.5,4.5,0,0,0,-8.33577742627617,-23.4408937979205,-13.1424286704538,100,73.1926358329591,0.174000898069151,1,1,118,final
113.5,5,0,0,0,-11.8417816060738,-23.5225992100555,-13.4615822474651,100,73.170184104176,0.196452626852268,1,1,118.5,final
113.5,5.5,0,0,0,-11.8417816060738,-23.6198368602069,-13.7169484409884,100,73.1477323753929,0.218904355635384,1,1,119,final
143.248464933828,1.5,0.111080255484588,0.111080255484588,0.0555401277422938,2.40094570067762,-23.2086962918099,-5.13266201426658,99.8889197445154,99.9945319335083,0.0449034575662326,0,0,144.748464933828,final
143.248464933828,2,0.0555401277422938,0.0555401277422938,0.0416550958067204,-0.409570992812093,-23.2086962918099,-7.66213347892937,99.9444598722577,99.9945319335083,0.0673551863493489,0,1,145.248464933828,final
143.248464933828,2.5,0.0277700638711469,0.0277700638711469,0.0277700638711469,-3.46033786792998,-23.2455228031314,-8.49962924513063,99.9722299361289,99.9835958005249,0.0898069151324652,0,1,145.748464933828,final
143.248464933828,3,0.0277700638711469,0.0277700638711469,0,-4.99050821473111,-23.2690350139441,-10.8895020808369,99.9722299361289,99.9731023723708,0.117871576111361,0,1,146.248464933828,final
143.248464933828,3.5,0,0,0,-7.74652193377074,-23.2690350139441,-11.3956056360688,100,99.9677228468449,0.140323304894477,1,1,146.748464933828,final
143.248464933828,4,0,0,0,-8.33577742627617,-23.3476018987277,-11.8648551161462,100,99.9408284023669,0.162775033677593,1,1,147.248464933828,final
143.248464933828,4.5,0,0,0,-8.33577742627617,-23.4408937979205,-13.1424286704538,100,99.919311457773,0.174000898069151,1,1,147.748464933828,final
143.248464933828,5,0,0,0,-11.8417816060738,-23.5225992100555,-13.4615822474651,100,99.8797025371829,0.196452626852268,1,1,148.248464933828,final
143.248464933828,5.5,0,0,0,-11.8417816060738,-23.6198368602069,-13.7169484409884,100,99.8547528108021,0.218904355635384,1,1,148.748464933828,final
143.248464933828,143.248464933828,0,0,0,-2948.41956873937,-2948.41956873937,-2948.41956873937,100,0,100,1,1,286.496929867656,final
