Time,AggregateInterferenceDbm,IOverNDb,DominantSatelliteIndex,VisibleSatelliteCount,EligibleCandidateCount,CandidateSatelliteCount,EffectiveContributorCount,PracticalSelectedIOverNDb
01-Aug-2026 00:00:00,-147.600763178058,-19.4937762315419,0,25,25,25,5,-19.4937762315419
01-Aug-2026 00:00:02,-148.333065304387,-20.2260783578715,0,25,25,25,4,-20.2260783578715
01-Aug-2026 00:00:04,-148.561130846651,-20.4541439001355,0,25,25,25,3,-20.4541439001355
01-Aug-2026 00:00:06,-148.889938728068,-20.7829517815521,0,25,25,25,3,-20.7829517815521
01-Aug-2026 00:00:08,-184.392460017167,-56.285473070651,0,25,25,25,3,-56.285473070651
01-Aug-2026 00:00:10,-184.991597402044,-56.8846104555279,0,25,25,25,2,-56.8846104555279
01-Aug-2026 00:00:12,-177.527389140029,-49.4204021935133,0,25,25,25,3,-49.4204021935133
01-Aug-2026 00:00:14,-176.994632812596,-48.8876458660803,0,25,25,25,4,-48.8876458660803
01-Aug-2026 00:00:16,-176.47554710072,-48.3685601542039,0,25,25,25,5,-48.3685601542039
01-Aug-2026 00:00:18,-176.13171502386,-48.0247280773441,0,25,25,25,5,-48.0247280773441
01-Aug-2026 00:00:20,-177.03708729784,-48.9301003513239,0,25,25,25,3,-48.9301003513239
01-Aug-2026 00:00:22,-177.217916089604,-49.1109291430878,0,24,24,24,3,-49.1109291430878
01-Aug-2026 00:00:24,-175.649674461432,-47.5426875149157,0,24,24,24,4,-47.5426875149157
01-Aug-2026 00:00:26,-175.888776269668,-47.7817893231524,0,24,24,24,3,-47.7817893231524
01-Aug-2026 00:00:28,-176.025492975265,-47.9185060287494,0,24,24,24,3,-47.9185060287494
01-Aug-2026 00:00:30,-175.760140457219,-47.6531535107029,0,24,24,24,3,-47.6531535107029
01-Aug-2026 00:00:32,-175.770570795091,-47.6635838485756,0,24,24,24,3,-47.6635838485756
01-Aug-2026 00:00:34,-176.111558630941,-48.0045716844255,0,24,24,24,3,-48.0045716844255
01-Aug-2026 00:00:36,-177.128363432841,-49.0213764863246,0,24,24,24,2,-49.0213764863246
01-Aug-2026 00:00:38,-176.90680483282,-48.7998178863043,0,24,24,24,2,-48.7998178863043
01-Aug-2026 00:00:40,-177.161023053552,-49.0540361070365,0,24,24,24,2,-49.0540361070365
01-Aug-2026 00:00:42,-177.530909848718,-49.4239229022021,0,24,24,24,2,-49.4239229022021
01-Aug-2026 00:00:44,-191.461077712137,-63.354090765621,0,24,24,24,1,-63.354090765621
01-Aug-2026 00:00:46,-171.082654432581,-42.9756674860651,0,24,24,24,2,-42.9756674860651
01-Aug-2026 00:00:48,-172.656495549239,-44.5495086027231,0,24,24,24,2,-44.5495086027231
01-Aug-2026 00:00:50,-172.741655954168,-44.6346690076523,0,25,25,25,3,-44.6346690076523
01-Aug-2026 00:00:52,-173.398055143096,-45.2910681965801,0,25,25,25,1,-45.2910681965801
01-Aug-2026 00:00:54,-173.447868754925,-45.3408818084096,0,25,25,25,2,-45.3408818084096
01-Aug-2026 00:00:56,-173.164922946384,-45.0579359998677,0,25,25,25,4,-45.0579359998677
01-Aug-2026 00:00:58,-172.533738746361,-44.4267517998447,0,26,26,26,4,-44.4267517998447
01-Aug-2026 00:01:00,-172.68136489954,-44.5743779530246,0,26,26,26,4,-44.5743779530246
01-Aug-2026 00:01:02,-165.324617719086,-37.2176307725705,0,26,26,26,5,-37.2176307725705
01-Aug-2026 00:01:04,-164.860732632979,-36.7537456864628,0,26,26,26,5,-36.7537456864628
01-Aug-2026 00:01:06,-159.81213906215,-31.7051521156341,0,26,26,26,6,-31.7051521156341
01-Aug-2026 00:01:08,-161.50380752082,-33.3968205743041,0,26,26,26,6,-33.3968205743041
01-Aug-2026 00:01:10,-161.454800878302,-33.3478139317859,0,25,25,25,6,-33.3478139317859
01-Aug-2026 00:01:12,-161.751736263883,-33.6447493173673,0,26,26,26,6,-33.6447493173673
01-Aug-2026 00:01:14,-168.451765095875,-40.3447781493589,0,26,26,26,6,-40.3447781493589
01-Aug-2026 00:01:16,-168.804605928049,-40.6976189815333,0,26,26,26,5,-40.6976189815333
01-Aug-2026 00:01:18,-175.994987401222,-47.8880004547057,0,26,26,26,5,-47.8880004547057
01-Aug-2026 00:01:20,-178.207752770811,-50.1007658242949,0,26,26,26,5,-50.1007658242949
01-Aug-2026 00:01:22,-177.85566088417,-49.7486739376537,0,26,26,26,6,-49.7486739376537
01-Aug-2026 00:01:24,-166.953256073174,-38.8462691266584,0,26,26,26,7,-38.8462691266584
01-Aug-2026 00:01:26,-166.794655293914,-38.687668347398,0,25,25,25,7,-38.687668347398
01-Aug-2026 00:01:28,-166.503314113515,-38.3963271669994,0,25,25,25,7,-38.3963271669994
01-Aug-2026 00:01:30,-166.484092666001,-38.3771057194854,0,24,24,24,6,-38.3771057194854
01-Aug-2026 00:01:32,-166.302200529539,-38.1952135830229,0,24,24,24,5,-38.1952135830229
01-Aug-2026 00:01:34,-166.314941578287,-38.2079546317709,0,24,24,24,6,-38.2079546317709
01-Aug-2026 00:01:36,-166.116507598497,-38.009520651981,0,24,24,24,6,-38.009520651981
01-Aug-2026 00:01:38,-176.104115769477,-47.9971288229616,0,24,24,24,5,-47.9971288229616
01-Aug-2026 00:01:40,-176.060750094448,-47.9537631479319,0,24,24,24,5,-47.9537631479319
01-Aug-2026 00:01:42,-176.145466889765,-48.0384799432493,0,24,24,24,5,-48.0384799432493
01-Aug-2026 00:01:44,-176.367478955839,-48.2604920093232,0,24,24,24,5,-48.2604920093232
01-Aug-2026 00:01:46,-176.063748854609,-47.9567619080931,0,24,24,24,5,-47.9567619080931
01-Aug-2026 00:01:48,-175.649810128028,-47.5428231815122,0,25,25,25,5,-47.5428231815122
01-Aug-2026 00:01:50,-180.147310097465,-52.0403231509489,0,25,25,25,3,-52.0403231509489
01-Aug-2026 00:01:52,-180.134944305749,-52.0279573592331,0,25,25,25,3,-52.0279573592331
01-Aug-2026 00:01:54,-180.119958654339,-52.0129717078232,0,25,25,25,3,-52.0129717078232
01-Aug-2026 00:01:56,-180.536731049538,-52.4297441030218,0,26,26,26,3,-52.4297441030218
01-Aug-2026 00:01:58,-180.208573325919,-52.1015863794036,0,26,26,26,4,-52.1015863794036
01-Aug-2026 00:02:00,-180.099000084592,-51.992013138076,0,26,26,26,4,-51.992013138076
01-Aug-2026 00:02:02,-180.079363409653,-51.9723764631372,0,25,25,25,4,-51.9723764631372
01-Aug-2026 00:02:04,-179.94600064013,-51.8390136936141,0,25,25,25,4,-51.8390136936141
01-Aug-2026 00:02:06,-180.031663151578,-51.924676205062,0,25,25,25,4,-51.924676205062
01-Aug-2026 00:02:08,-183.24488540649,-55.1378984599743,0,25,25,25,3,-55.1378984599743
01-Aug-2026 00:02:10,-182.72780930437,-54.6208223578542,0,25,25,25,4,-54.6208223578542
01-Aug-2026 00:02:12,-182.869694945243,-54.7627079987271,0,25,25,25,4,-54.7627079987271
01-Aug-2026 00:02:14,-182.935433170012,-54.8284462234959,0,25,25,25,4,-54.8284462234959
01-Aug-2026 00:02:16,-183.553827613924,-55.4468406674079,0,25,25,25,4,-55.4468406674079
01-Aug-2026 00:02:18,-183.032479649016,-54.9254927025004,0,25,25,25,4,-54.9254927025004
01-Aug-2026 00:02:20,-183.083462842866,-54.97647589635,0,25,25,25,4,-54.97647589635
01-Aug-2026 00:02:22,-162.174603421525,-34.0676164750093,0,25,25,25,5,-34.0676164750093
01-Aug-2026 00:02:24,-162.059011437672,-33.952024491156,0,25,25,25,4,-33.952024491156
01-Aug-2026 00:02:26,-161.359102114429,-33.2521151679132,0,25,25,25,4,-33.2521151679132
01-Aug-2026 00:02:28,-160.66117835903,-32.5541914125139,0,25,25,25,4,-32.5541914125139
01-Aug-2026 00:02:30,-161.653638855894,-33.5466519093782,0,25,25,25,3,-33.5466519093782
01-Aug-2026 00:02:32,-160.295295495845,-32.1883085493295,0,25,25,25,3,-32.1883085493295
01-Aug-2026 00:02:34,-159.317361774038,-31.2103748275224,0,25,25,25,3,-31.2103748275224
01-Aug-2026 00:02:36,-157.960773630242,-29.853786683726,0,25,25,25,3,-29.853786683726
01-Aug-2026 00:02:38,-157.849167100462,-29.7421801539461,0,26,26,26,4,-29.7421801539461
01-Aug-2026 00:02:40,-157.107205664435,-29.0002187179196,0,26,26,26,5,-29.0002187179196
01-Aug-2026 00:02:42,-156.031309240411,-27.9243222938948,0,26,26,26,5,-27.9243222938948
01-Aug-2026 00:02:44,-156.195527815809,-28.0885408692936,0,26,26,26,5,-28.0885408692936
01-Aug-2026 00:02:46,-155.637696563826,-27.5307096173101,0,26,26,26,6,-27.5307096173101
01-Aug-2026 00:02:48,-155.627563502181,-27.5205765556652,0,26,26,26,6,-27.5205765556652
01-Aug-2026 00:02:50,-179.348016816366,-51.2410298698499,0,26,26,26,6,-51.2410298698499
01-Aug-2026 00:02:52,-179.109950924142,-51.002963977626,0,26,26,26,7,-51.002963977626
01-Aug-2026 00:02:54,-180.711764315618,-52.6047773691022,0,26,26,26,6,-52.6047773691022
01-Aug-2026 00:02:56,-180.458722196504,-52.3517352499878,0,26,26,26,7,-52.3517352499878
01-Aug-2026 00:02:58,-180.039127742676,-51.9321407961598,0,26,26,26,8,-51.9321407961598
01-Aug-2026 00:03:00,-181.233112972452,-53.1261260259361,0,26,26,26,7,-53.1261260259361
01-Aug-2026 00:03:02,-183.048443556814,-54.9414566102977,0,24,24,24,4,-54.9414566102977
01-Aug-2026 00:03:04,-181.839966452463,-53.732979505947,0,24,24,24,5,-53.732979505947
01-Aug-2026 00:03:06,-182.192841363398,-54.0858544168818,0,25,25,25,4,-54.0858544168818
01-Aug-2026 00:03:08,-182.832167997833,-54.7251810513169,0,26,26,26,3,-54.7251810513169
01-Aug-2026 00:03:10,-182.977001681737,-54.8700147352207,0,26,26,26,3,-54.8700147352207
01-Aug-2026 00:03:12,-183.508715908204,-55.4017289616885,0,25,25,25,2,-55.4017289616885
01-Aug-2026 00:03:14,-183.553103029141,-55.4461160826254,0,25,25,25,2,-55.4461160826254
01-Aug-2026 00:03:16,-183.687017323029,-55.580030376513,0,26,26,26,2,-55.580030376513
01-Aug-2026 00:03:18,-183.874902030475,-55.7679150839592,0,26,26,26,2,-55.7679150839592
01-Aug-2026 00:03:20,-181.609379404723,-53.5023924582071,0,26,26,26,2,-53.5023924582071
01-Aug-2026 00:03:22,-181.06883023976,-52.9618432932444,0,26,26,26,2,-52.9618432932444
01-Aug-2026 00:03:24,-181.063104281597,-52.9561173350808,0,26,26,26,2,-52.9561173350808
01-Aug-2026 00:03:26,-181.30291766663,-53.195930720114,0,26,26,26,2,-53.195930720114
01-Aug-2026 00:03:28,-179.742644463602,-51.6356575170862,0,26,26,26,3,-51.6356575170862
01-Aug-2026 00:03:30,-178.840105729213,-50.7331187826973,0,26,26,26,3,-50.7331187826973
01-Aug-2026 00:03:32,-142.172317981147,-14.065331034631,0,26,26,26,4,-14.065331034631
01-Aug-2026 00:03:34,-139.272871636356,-11.1658846898405,0,26,26,26,4,-11.1658846898405
01-Aug-2026 00:03:36,-135.990652269019,-7.88366532250325,0,24,24,24,4,-7.88366532250325
01-Aug-2026 00:03:38,-170.528645403425,-42.4216584569089,0,25,25,25,5,-2.84392712523768
01-Aug-2026 00:03:40,-179.085289711546,-50.9783027650303,0,25,25,25,3,-50.9783027650303
01-Aug-2026 00:03:42,-179.638260977412,-51.531274030896,0,25,25,25,3,-51.531274030896
01-Aug-2026 00:03:44,-178.979786002917,-50.8727990564016,0,25,25,25,3,-7.35630233829983
01-Aug-2026 00:03:46,-138.702192004831,-10.5952050583148,0,25,25,25,3,-10.5952050583148
01-Aug-2026 00:03:48,-142.185612113704,-14.0786251671878,0,25,25,25,3,-14.0786251671878
01-Aug-2026 00:03:50,-144.27870413296,-16.1717171864445,0,25,25,25,3,-16.1717171864445
01-Aug-2026 00:03:52,-147.037251873342,-18.9302649268265,0,25,25,25,3,-18.9302649268265
01-Aug-2026 00:03:54,-148.36807172369,-20.2610847771738,0,25,25,25,3,-20.2610847771738
01-Aug-2026 00:03:56,-150.077070518927,-21.970083572411,0,25,25,25,3,-21.970083572411
01-Aug-2026 00:03:58,-150.967527411127,-22.8605404646115,0,25,25,25,3,-22.8605404646115
01-Aug-2026 00:04:00,-152.061428514895,-23.9544415683796,0,25,25,25,2,-23.9544415683796
01-Aug-2026 00:04:02,-153.386333356896,-25.2793464103798,0,25,25,25,2,-25.2793464103798
01-Aug-2026 00:04:04,-153.817624683433,-25.7106377369171,0,25,25,25,2,-25.7106377369171
01-Aug-2026 00:04:06,-187.116602180187,-59.0096152336716,0,24,24,24,2,-59.0096152336716
01-Aug-2026 00:04:08,-187.094829721982,-58.9878427754664,0,24,24,24,2,-58.9878427754664
01-Aug-2026 00:04:10,-187.303476881267,-59.1964899347508,0,24,24,24,2,-59.1964899347508
01-Aug-2026 00:04:12,-167.397611126851,-39.2906241803352,0,24,24,24,4,-39.2906241803352
01-Aug-2026 00:04:14,-166.713233320995,-38.6062463744788,0,24,24,24,3,-38.6062463744788
01-Aug-2026 00:04:16,-166.189811461896,-38.0828245153803,0,24,24,24,3,-38.0828245153803
01-Aug-2026 00:04:18,-166.551141038297,-38.4441540917812,0,24,24,24,2,-38.4441540917812
01-Aug-2026 00:04:20,-166.160252008238,-38.0532650617224,0,24,24,24,2,-38.0532650617224
01-Aug-2026 00:04:22,-165.872958033099,-37.765971086583,0,24,24,24,3,-37.765971086583
01-Aug-2026 00:04:24,-165.478541827577,-37.3715548810613,0,25,25,25,3,-37.3715548810613
01-Aug-2026 00:04:26,-165.426564056385,-37.3195771098693,0,25,25,25,3,-37.3195771098693
01-Aug-2026 00:04:28,-165.215775905062,-37.1087889585457,0,25,25,25,3,-37.1087889585457
01-Aug-2026 00:04:30,-165.294180364291,-37.1871934177747,0,25,25,25,3,-37.1871934177747
01-Aug-2026 00:04:32,-161.718750304027,-33.6117633575111,0,25,25,25,3,-33.6117633575111
01-Aug-2026 00:04:34,-161.377045578186,-33.2700586316704,0,25,25,25,3,-33.2700586316704
01-Aug-2026 00:04:36,-161.505196788441,-33.3982098419251,0,24,24,24,3,-33.3982098419251
01-Aug-2026 00:04:38,-160.928549487358,-32.8215625408422,0,24,24,24,3,-32.8215625408422
01-Aug-2026 00:04:40,-164.969535514632,-36.8625485681161,0,25,25,25,3,-36.8625485681161
01-Aug-2026 00:04:42,-180.216126676602,-52.1091397300863,0,25,25,25,4,-52.1091397300863
01-Aug-2026 00:04:44,-180.04703600011,-51.940049053594,0,25,25,25,4,-51.940049053594
01-Aug-2026 00:04:46,-179.024040778186,-50.9170538316704,0,25,25,25,5,-50.9170538316704
01-Aug-2026 00:04:48,-179.235394533919,-51.1284075874032,0,26,26,26,5,-51.1284075874032
01-Aug-2026 00:04:50,-178.852625043886,-50.7456380973697,0,26,26,26,5,-50.7456380973697
01-Aug-2026 00:04:52,-175.395783834704,-47.2887968881877,0,26,26,26,6,-47.2887968881877
01-Aug-2026 00:04:54,-172.650077714495,-44.5430907679795,0,26,26,26,7,-44.5430907679795
01-Aug-2026 00:04:56,-172.358257190993,-44.2512702444767,0,26,26,26,7,-44.2512702444767
01-Aug-2026 00:04:58,-172.083512232371,-43.976525285855,0,26,26,26,8,-43.976525285855
01-Aug-2026 00:05:00,-172.142109637242,-44.0351226907265,0,26,26,26,9,-44.0351226907265
01-Aug-2026 00:05:02,-173.632842128996,-45.5258551824797,0,26,26,26,8,-45.5258551824797
01-Aug-2026 00:05:04,-173.337649762376,-45.2306628158599,0,26,26,26,8,-45.2306628158599
01-Aug-2026 00:05:06,-171.464252709713,-43.3572657631974,0,26,26,26,7,-43.3572657631974
01-Aug-2026 00:05:08,-171.495524408327,-43.3885374618112,0,26,26,26,6,-43.3885374618112
01-Aug-2026 00:05:10,-171.353661421307,-43.2466744747908,0,26,26,26,6,-43.2466744747908
01-Aug-2026 00:05:12,-171.154229338574,-43.0472423920582,0,26,26,26,7,-43.0472423920582
01-Aug-2026 00:05:14,-171.018091498935,-42.9111045524192,0,26,26,26,7,-42.9111045524192
01-Aug-2026 00:05:16,-174.802177717106,-46.6951907705899,0,25,25,25,7,-46.6951907705899
01-Aug-2026 00:05:18,-174.711484638088,-46.604497691572,0,24,24,24,8,-46.604497691572
01-Aug-2026 00:05:20,-174.379805909695,-46.2728189631793,0,24,24,24,8,-46.2728189631793
01-Aug-2026 00:05:22,-174.776707842448,-46.6697208959325,0,24,24,24,8,-46.6697208959325
01-Aug-2026 00:05:24,-174.946196120085,-46.8392091735689,0,24,24,24,8,-46.8392091735689
01-Aug-2026 00:05:26,-178.53634480168,-50.4293578551643,0,24,24,24,7,-50.4293578551643
01-Aug-2026 00:05:28,-178.242068817497,-50.1350818709809,0,24,24,24,6,-50.1350818709809
01-Aug-2026 00:05:30,-177.737914756035,-49.6309278095187,0,24,24,24,6,-49.6309278095187
01-Aug-2026 00:05:32,-178.225634501106,-50.1186475545906,0,24,24,24,5,-50.1186475545906
01-Aug-2026 00:05:34,-178.041305811141,-49.9343188646247,0,24,24,24,5,-49.9343188646247
01-Aug-2026 00:05:36,-177.31819369043,-49.2112067439143,0,24,24,24,5,-49.2112067439143
01-Aug-2026 00:05:38,-176.956386963688,-48.8494000171725,0,24,24,24,4,-48.8494000171725
01-Aug-2026 00:05:40,-176.832165100319,-48.7251781538033,0,24,24,24,4,-48.7251781538033
01-Aug-2026 00:05:42,-177.032220075916,-48.9252331294005,0,26,26,26,4,-48.9252331294005
01-Aug-2026 00:05:44,-174.741500220445,-46.6345132739288,0,26,26,26,5,-46.6345132739288
01-Aug-2026 00:05:46,-175.968903011942,-47.8619160654259,0,26,26,26,4,-47.8619160654259
01-Aug-2026 00:05:48,-176.278396698374,-48.1714097518582,0,25,25,25,3,-48.1714097518582
01-Aug-2026 00:05:50,-176.497519027199,-48.390532080683,0,25,25,25,3,-48.390532080683
01-Aug-2026 00:05:52,-176.321698438239,-48.2147114917236,0,25,25,25,3,-48.2147114917236
01-Aug-2026 00:05:54,-176.400129040425,-48.2931420939091,0,25,25,25,3,-48.2931420939091
01-Aug-2026 00:05:56,-176.45706451276,-48.3500775662438,0,25,25,25,2,-48.3500775662438
01-Aug-2026 00:05:58,-176.410001225359,-48.3030142788436,0,25,25,25,3,-48.3030142788436
01-Aug-2026 00:06:00,-151.736847033637,-23.6298600871208,0,25,25,25,4,-23.6298600871208
01-Aug-2026 00:06:02,-152.238228476999,-24.1312415304832,0,25,25,25,3,-24.1312415304832
01-Aug-2026 00:06:04,-151.351601319529,-23.2446143730135,0,25,25,25,3,-23.2446143730135
01-Aug-2026 00:06:06,-151.560290040267,-23.453303093751,0,25,25,25,3,-23.453303093751
01-Aug-2026 00:06:08,-179.781473340629,-51.6744863941128,0,25,25,25,1,-51.6744863941128
01-Aug-2026 00:06:10,-180.214760905779,-52.1077739592636,0,25,25,25,2,-52.1077739592636
01-Aug-2026 00:06:12,-178.138747362267,-50.0317604157511,0,25,25,25,3,-50.0317604157511
01-Aug-2026 00:06:14,-178.29959143795,-50.1926044914343,0,25,25,25,2,-50.1926044914343
01-Aug-2026 00:06:16,-177.842525389483,-49.7355384429667,0,25,25,25,3,-49.7355384429667
01-Aug-2026 00:06:18,-178.033861738725,-49.9268747922093,0,25,25,25,2,-49.9268747922093
01-Aug-2026 00:06:20,-178.274463700048,-50.1674767535318,0,25,25,25,2,-50.1674767535318
01-Aug-2026 00:06:22,-162.529375576041,-34.4223886295251,0,25,25,25,3,-34.4223886295251
01-Aug-2026 00:06:24,-162.457051992681,-34.3500650461652,0,25,25,25,4,-34.3500650461652
01-Aug-2026 00:06:26,-162.13411690467,-34.0271299581542,0,25,25,25,4,-34.0271299581542
01-Aug-2026 00:06:28,-162.158143893314,-34.051156946798,0,26,26,26,4,-34.051156946798
01-Aug-2026 00:06:30,-161.624416412697,-33.5174294661814,0,26,26,26,5,-33.5174294661814
01-Aug-2026 00:06:32,-161.75603467091,-33.6490477243939,0,26,26,26,5,-33.6490477243939
01-Aug-2026 00:06:34,-160.951722473656,-32.8447355271403,0,26,26,26,5,-32.8447355271403
01-Aug-2026 00:06:36,-177.962314745519,-49.8553277990034,0,26,26,26,4,-49.8553277990034
01-Aug-2026 00:06:38,-160.998992948418,-32.8920060019019,0,26,26,26,7,-32.8920060019019
01-Aug-2026 00:06:40,-160.197898644248,-32.0909116977318,0,26,26,26,6,-32.0909116977318
01-Aug-2026 00:06:42,-159.708483916525,-31.6014969700092,0,26,26,26,7,-31.6014969700092
01-Aug-2026 00:06:44,-159.50642334205,-31.399436395534,0,26,26,26,9,-31.399436395534
01-Aug-2026 00:06:46,-160.14298337806,-32.0359964315444,0,26,26,26,9,-32.0359964315444
01-Aug-2026 00:06:48,-156.70008487231,-28.5930979257938,0,26,26,26,12,-28.5930979257938
01-Aug-2026 00:06:50,-156.239279478872,-28.1322925323559,0,26,26,26,12,-28.1322925323559
01-Aug-2026 00:06:52,-156.029595928648,-27.9226089821325,0,26,26,26,12,-27.9226089821325
01-Aug-2026 00:06:54,-156.081837866243,-27.9748509197275,0,25,25,25,9,-27.9748509197275
01-Aug-2026 00:06:56,-155.166220305449,-27.0592333589335,0,26,26,26,10,-27.0592333589335
01-Aug-2026 00:06:58,-155.155232826103,-27.0482458795873,0,27,27,27,10,-27.0482458795873
01-Aug-2026 00:07:00,-155.408226600386,-27.3012396538703,0,26,26,26,8,-27.3012396538703
01-Aug-2026 00:07:02,-155.017159235851,-26.9101722893349,0,25,25,25,10,-26.9101722893349
01-Aug-2026 00:07:04,-154.098085033708,-25.9910980871924,0,26,26,26,10,-25.9910980871924
01-Aug-2026 00:07:06,-152.970832992186,-24.8638460456698,0,26,26,26,10,-24.8638460456698
01-Aug-2026 00:07:08,-152.158269646548,-24.0512827000325,0,26,26,26,9,-24.0512827000325
01-Aug-2026 00:07:10,-151.092013147882,-22.9850262013663,0,26,26,26,8,-22.9850262013663
01-Aug-2026 00:07:12,-150.790867289898,-22.6838803433825,0,26,26,26,8,-22.6838803433825
01-Aug-2026 00:07:14,-155.085575272534,-26.9785883260184,0,26,26,26,7,-26.9785883260184
01-Aug-2026 00:07:16,-155.637208938042,-27.5302219915257,0,26,26,26,9,-27.5302219915257
01-Aug-2026 00:07:18,-155.793284006787,-27.686297060271,0,26,26,26,9,-27.686297060271
01-Aug-2026 00:07:20,-155.867360071488,-27.7603731249725,0,26,26,26,9,-27.7603731249725
01-Aug-2026 00:07:22,-171.107095753064,-43.0001088065486,0,26,26,26,9,-43.0001088065486
01-Aug-2026 00:07:24,-141.740019529284,-13.633032582768,0,26,26,26,10,-13.633032582768
01-Aug-2026 00:07:26,-140.606091612465,-12.4991046659488,0,25,25,25,8,-12.4991046659488
01-Aug-2026 00:07:28,-139.483368556534,-11.3763816100182,0,24,24,24,6,-11.3763816100182
01-Aug-2026 00:07:30,-139.673705448124,-11.5667185016086,0,24,24,24,6,-11.5667185016086
01-Aug-2026 00:07:32,-140.835894255207,-12.7289073086908,0,25,25,25,6,-12.7289073086908
01-Aug-2026 00:07:34,-171.376746243094,-43.2697592965785,0,25,25,25,5,-43.2697592965785
01-Aug-2026 00:07:36,-172.006254145492,-43.899267198976,0,25,25,25,4,-43.899267198976
01-Aug-2026 00:07:38,-172.160214276044,-44.0532273295281,0,25,25,25,5,-44.0532273295281
01-Aug-2026 00:07:40,-171.557049533704,-43.4500625871882,0,25,25,25,5,-43.4500625871882
01-Aug-2026 00:07:42,-171.993820667951,-43.8868337214353,0,25,25,25,5,-43.8868337214353
01-Aug-2026 00:07:44,-171.553517417989,-43.4465304714734,0,25,25,25,8,-43.4465304714734
01-Aug-2026 00:07:46,-171.596358241301,-43.4893712947851,0,25,25,25,8,-43.4893712947851
01-Aug-2026 00:07:48,-171.823457900297,-43.7164709537815,0,25,25,25,7,-43.7164709537815
01-Aug-2026 00:07:50,-172.061725363406,-43.95473841689,0,24,24,24,6,-43.95473841689
01-Aug-2026 00:07:52,-172.673456074422,-44.5664691279061,0,24,24,24,6,-44.5664691279061
01-Aug-2026 00:07:54,-173.43840880925,-45.3314218627339,0,24,24,24,6,-45.3314218627339
01-Aug-2026 00:07:56,-174.264506118506,-46.1575191719905,0,24,24,24,6,-46.1575191719905
01-Aug-2026 00:07:58,-174.231268329376,-46.1242813828602,0,24,24,24,6,-46.1242813828602
01-Aug-2026 00:08:00,-174.524969157405,-46.417982210889,0,25,25,25,6,-46.417982210889
01-Aug-2026 00:08:02,-175.014204296435,-46.9072173499193,0,25,25,25,6,-46.9072173499193
01-Aug-2026 00:08:04,-175.477888180331,-47.3709012338156,0,25,25,25,6,-47.3709012338156
01-Aug-2026 00:08:06,-175.479670522886,-47.3726835763697,0,25,25,25,7,-47.3726835763697
01-Aug-2026 00:08:08,-166.182186786107,-38.0751998395911,0,25,25,25,9,-38.0751998395911
01-Aug-2026 00:08:10,-166.128127045435,-38.0211400989189,0,25,25,25,9,-38.0211400989189
01-Aug-2026 00:08:12,-166.45742500125,-38.3504380547342,0,25,25,25,9,-38.3504380547342
01-Aug-2026 00:08:14,-166.352996784993,-38.2460098384767,0,25,25,25,8,-38.2460098384767
01-Aug-2026 00:08:16,-166.790120733255,-38.6831337867391,0,25,25,25,8,-38.6831337867391
01-Aug-2026 00:08:18,-166.876854490666,-38.7698675441497,0,25,25,25,7,-38.7698675441497
01-Aug-2026 00:08:20,-167.721353852681,-39.6143669061649,0,25,25,25,7,-39.6143669061649
01-Aug-2026 00:08:22,-167.610404916802,-39.5034179702859,0,24,24,24,7,-39.5034179702859
01-Aug-2026 00:08:24,-167.771813747387,-39.6648268008712,0,24,24,24,7,-39.6648268008712
01-Aug-2026 00:08:26,-165.301136896697,-37.1941499501808,0,24,24,24,8,-37.1941499501808
01-Aug-2026 00:08:28,-164.975073115516,-36.868086169,0,24,24,24,9,-36.868086169
01-Aug-2026 00:08:30,-164.66753046133,-36.5605435148145,0,24,24,24,10,-36.5605435148145
01-Aug-2026 00:08:32,-164.963375507066,-36.8563885605496,0,25,25,25,9,-36.8563885605496
01-Aug-2026 00:08:34,-164.876868582812,-36.7698816362959,0,25,25,25,8,-36.7698816362959
01-Aug-2026 00:08:36,-164.375619349492,-36.2686324029759,0,25,25,25,7,-36.2686324029759
01-Aug-2026 00:08:38,-165.901825703145,-37.7948387566291,0,26,26,26,8,-37.7948387566291
01-Aug-2026 00:08:40,-165.671259574362,-37.5642726278463,0,26,26,26,8,-37.5642726278463
01-Aug-2026 00:08:42,-165.728663995126,-37.6216770486106,0,26,26,26,9,-37.6216770486106
01-Aug-2026 00:08:44,-165.712122480183,-37.6051355336674,0,26,26,26,9,-37.6051355336674
01-Aug-2026 00:08:46,-165.616292524353,-37.5093055778374,0,26,26,26,10,-37.5093055778374
01-Aug-2026 00:08:48,-165.611918301567,-37.5049313550514,0,26,26,26,10,-37.5049313550514
01-Aug-2026 00:08:50,-165.869561057464,-37.7625741109484,0,26,26,26,9,-37.7625741109484
01-Aug-2026 00:08:52,-164.821539906725,-36.7145529602093,0,26,26,26,9,-36.7145529602093
01-Aug-2026 00:08:54,-164.501679464336,-36.3946925178205,0,26,26,26,8,-36.3946925178205
01-Aug-2026 00:08:56,-164.139172812232,-36.032185865716,0,26,26,26,8,-36.032185865716
01-Aug-2026 00:08:58,-164.619651153754,-36.5126642072386,0,26,26,26,7,-36.5126642072386
01-Aug-2026 00:09:00,-164.232438497532,-36.1254515510163,0,26,26,26,8,-36.1254515510163
01-Aug-2026 00:09:02,-164.570798212987,-36.4638112664715,0,26,26,26,6,-36.4638112664715
01-Aug-2026 00:09:04,-164.760939393418,-36.6539524469025,0,25,25,25,5,-36.6539524469025
01-Aug-2026 00:09:06,-164.709316743847,-36.6023297973313,0,25,25,25,5,-36.6023297973313
01-Aug-2026 00:09:08,-164.910956641411,-36.803969694895,0,24,24,24,5,-36.803969694895
01-Aug-2026 00:09:10,-164.89429403388,-36.7873070873645,0,24,24,24,4,-36.7873070873645
01-Aug-2026 00:09:12,-164.542870581462,-36.4358836349459,0,24,24,24,4,-36.4358836349459
01-Aug-2026 00:09:14,-163.899729592626,-35.7927426461104,0,24,24,24,4,-35.7927426461104
01-Aug-2026 00:09:16,-163.339003763586,-35.2320168170706,0,24,24,24,7,-35.2320168170706
01-Aug-2026 00:09:18,-179.810263209094,-51.7032762625778,0,24,24,24,5,-51.7032762625778
01-Aug-2026 00:09:20,-181.446006367758,-53.339019421242,0,24,24,24,4,-53.339019421242
01-Aug-2026 00:09:22,-181.496852311806,-53.3898653652904,0,24,24,24,4,-53.3898653652904
01-Aug-2026 00:09:24,-181.874403233469,-53.7674162869531,0,24,24,24,4,-53.7674162869531
01-Aug-2026 00:09:26,-181.571207852353,-53.4642209058374,0,24,24,24,4,-53.4642209058374
01-Aug-2026 00:09:28,-181.717396445511,-53.6104094989948,0,24,24,24,4,-53.6104094989948
01-Aug-2026 00:09:30,-182.058125192291,-53.9511382457748,0,25,25,25,4,-53.9511382457748
01-Aug-2026 00:09:32,-181.974514052603,-53.867527106087,0,25,25,25,4,-53.867527106087
01-Aug-2026 00:09:34,-181.587937817668,-53.4809508711523,0,26,26,26,4,-53.4809508711523
01-Aug-2026 00:09:36,-181.541567857243,-53.4345809107273,0,25,25,25,4,-53.4345809107273
01-Aug-2026 00:09:38,-181.575764970304,-53.4687780237881,0,25,25,25,4,-53.4687780237881
01-Aug-2026 00:09:40,-179.071618108136,-50.9646311616202,0,25,25,25,4,-50.9646311616202
01-Aug-2026 00:09:42,-179.087296999287,-50.9803100527709,0,25,25,25,4,-50.9803100527709
01-Aug-2026 00:09:44,-179.057464664558,-50.9504777180425,0,25,25,25,4,-50.9504777180425
01-Aug-2026 00:09:46,-179.057300358449,-50.9503134119329,0,25,25,25,4,-50.9503134119329
01-Aug-2026 00:09:48,-179.062291685963,-50.9553047394473,0,25,25,25,4,-50.9553047394473
01-Aug-2026 00:09:50,-178.448179903733,-50.3411929572168,0,25,25,25,5,-50.3411929572168
01-Aug-2026 00:09:52,-164.083917610894,-35.9769306643785,0,25,25,25,4,-35.9769306643785
01-Aug-2026 00:09:54,-163.043474254236,-34.9364873077202,0,25,25,25,5,-34.9364873077202
01-Aug-2026 00:09:56,-163.292799221527,-35.1858122750109,0,25,25,25,5,-35.1858122750109
01-Aug-2026 00:09:58,-162.595919375438,-34.4889324289223,0,25,25,25,5,-34.4889324289223
01-Aug-2026 00:10:00,-162.549838952949,-34.4428520064333,0,25,25,25,5,-34.4428520064333
01-Aug-2026 00:10:02,-163.050107577361,-34.9431206308447,0,25,25,25,5,-34.9431206308447
01-Aug-2026 00:10:04,-162.312530800922,-34.2055438544063,0,25,25,25,5,-34.2055438544063
01-Aug-2026 00:10:06,-162.170500858557,-34.0635139120412,0,25,25,25,5,-34.0635139120412
01-Aug-2026 00:10:08,-161.879631418885,-33.7726444723694,0,25,25,25,5,-33.7726444723694
01-Aug-2026 00:10:10,-161.732838681966,-33.62585173545,0,25,25,25,5,-33.62585173545
01-Aug-2026 00:10:12,-157.183792559565,-29.0768056130487,0,25,25,25,6,-29.0768056130487
01-Aug-2026 00:10:14,-156.86650372827,-28.7595167817539,0,25,25,25,6,-28.7595167817539
01-Aug-2026 00:10:16,-157.340007817032,-29.2330208705166,0,26,26,26,7,-29.2330208705166
01-Aug-2026 00:10:18,-156.762888189005,-28.6559012424889,0,26,26,26,7,-28.6559012424889
01-Aug-2026 00:10:20,-156.582148536024,-28.4751615895084,0,26,26,26,7,-28.4751615895084
01-Aug-2026 00:10:22,-156.631203637879,-28.5242166913634,0,26,26,26,7,-28.5242166913634
01-Aug-2026 00:10:24,-156.86246690457,-28.7554799580541,0,26,26,26,8,-28.7554799580541
01-Aug-2026 00:10:26,-156.625183371185,-28.5181964246689,0,26,26,26,8,-28.5181964246689
01-Aug-2026 00:10:28,-156.309480687497,-28.2024937409811,0,26,26,26,8,-28.2024937409811
01-Aug-2026 00:10:30,-159.360750697135,-31.2537637506188,0,26,26,26,7,-31.2537637506188
01-Aug-2026 00:10:32,-158.100054385042,-29.9930674385263,0,26,26,26,7,-29.9930674385263
01-Aug-2026 00:10:34,-158.006731357358,-29.8997444108419,0,26,26,26,6,-29.8997444108419
01-Aug-2026 00:10:36,-157.11991853635,-29.0129315898338,0,26,26,26,6,-29.0129315898338
01-Aug-2026 00:10:38,-157.293081807728,-29.1860948612116,0,26,26,26,6,-29.1860948612116
01-Aug-2026 00:10:40,-156.939348237072,-28.832361290556,0,26,26,26,6,-28.832361290556
01-Aug-2026 00:10:42,-156.506928912188,-28.3999419656726,0,26,26,26,6,-28.3999419656726
01-Aug-2026 00:10:44,-157.060638720484,-28.9536517739677,0,26,26,26,7,-28.9536517739677
01-Aug-2026 00:10:46,-156.997449607602,-28.8904626610866,0,26,26,26,7,-28.8904626610866
01-Aug-2026 00:10:48,-156.9914519616,-28.8844650150846,0,27,27,27,7,-28.8844650150846
01-Aug-2026 00:10:50,-156.329197144385,-28.2222101978687,0,27,27,27,7,-28.2222101978687
01-Aug-2026 00:10:52,-181.645733624496,-53.5387466779803,0,28,28,28,4,-53.5387466779803
01-Aug-2026 00:10:54,-181.747978074289,-53.6409911277736,0,27,27,27,4,-53.6409911277736
01-Aug-2026 00:10:56,-181.887740942491,-53.7807539959748,0,26,26,26,3,-53.7807539959748
01-Aug-2026 00:10:58,-176.972909251074,-48.8659223045578,0,26,26,26,4,-48.8659223045578
01-Aug-2026 00:11:00,-177.550719492584,-49.4437325460678,0,26,26,26,4,-49.4437325460678
01-Aug-2026 00:11:02,-150.493281353519,-22.3862944070028,0,26,26,26,5,-22.3862944070028
01-Aug-2026 00:11:04,-148.973372756453,-20.8663858099369,0,26,26,26,7,-20.8663858099369
01-Aug-2026 00:11:06,-147.378894576211,-19.2719076296949,0,26,26,26,6,-19.2719076296949
01-Aug-2026 00:11:08,-146.426723950095,-18.3197370035788,0,26,26,26,7,-18.3197370035788
01-Aug-2026 00:11:10,-145.915713053952,-17.808726107436,0,26,26,26,5,-17.808726107436
01-Aug-2026 00:11:12,-146.507007237772,-18.4000202912557,0,26,26,26,6,-18.4000202912557
01-Aug-2026 00:11:14,-147.916680171293,-19.8096932247773,0,26,26,26,6,-19.8096932247773
01-Aug-2026 00:11:16,-177.412402362909,-49.3054154163927,0,26,26,26,5,-49.3054154163927
01-Aug-2026 00:11:18,-177.764565645883,-49.6575786993674,0,25,25,25,5,-49.6575786993674
01-Aug-2026 00:11:20,-177.724707964773,-49.6177210182574,0,24,24,24,5,-49.6177210182574
01-Aug-2026 00:11:22,-177.953143006032,-49.8461560595159,0,24,24,24,5,-49.8461560595159
01-Aug-2026 00:11:24,-177.821279366157,-49.7142924196411,0,24,24,24,5,-49.7142924196411
01-Aug-2026 00:11:26,-164.539534927888,-36.4325479813726,0,24,24,24,6,-36.4325479813726
01-Aug-2026 00:11:28,-164.857302108613,-36.7503151620971,0,25,25,25,6,-36.7503151620971
01-Aug-2026 00:11:30,-164.700486183235,-36.5934992367191,0,25,25,25,6,-36.5934992367191
01-Aug-2026 00:11:32,-165.047323980811,-36.940337034295,0,25,25,25,7,-36.940337034295
01-Aug-2026 00:11:34,-165.093909990813,-36.9869230442968,0,24,24,24,7,-36.9869230442968
01-Aug-2026 00:11:36,-165.004366948139,-36.8973800016227,0,24,24,24,5,-36.8973800016227
01-Aug-2026 00:11:38,-165.052243286918,-36.9452563404022,0,25,25,25,4,-36.9452563404022
01-Aug-2026 00:11:40,-165.229646435042,-37.1226594885264,0,25,25,25,4,-37.1226594885264
01-Aug-2026 00:11:42,-165.07273354591,-36.9657465993941,0,25,25,25,3,-36.9657465993941
01-Aug-2026 00:11:44,-165.269334609456,-37.1623476629404,0,25,25,25,3,-37.1623476629404
01-Aug-2026 00:11:46,-165.657267754403,-37.5502808078873,0,25,25,25,3,-37.5502808078873
01-Aug-2026 00:11:48,-165.174182573247,-37.0671956267309,0,25,25,25,3,-37.0671956267309
01-Aug-2026 00:11:50,-164.696289840479,-36.5893028939631,0,25,25,25,3,-36.5893028939631
01-Aug-2026 00:11:52,-164.324776645105,-36.2177896985892,0,25,25,25,3,-36.2177896985892
01-Aug-2026 00:11:54,-164.397290770886,-36.2903038243699,0,25,25,25,2,-36.2903038243699
01-Aug-2026 00:11:56,-164.236903089509,-36.1299161429928,0,25,25,25,2,-36.1299161429928
01-Aug-2026 00:11:58,-164.171386715176,-36.0643997686605,0,25,25,25,3,-36.0643997686605
01-Aug-2026 00:12:00,-164.277939513657,-36.1709525671411,0,25,25,25,3,-36.1709525671411
01-Aug-2026 00:12:02,-185.653705803513,-57.5467188569976,0,25,25,25,3,-57.5467188569976
01-Aug-2026 00:12:04,-187.438223255685,-59.3312363091688,0,25,25,25,2,-59.3312363091688
01-Aug-2026 00:12:06,-189.700799032974,-61.5938120864586,0,24,24,24,2,-61.5938120864586
01-Aug-2026 00:12:08,-189.441166460192,-61.3341795136761,0,24,24,24,2,-61.3341795136761
01-Aug-2026 00:12:10,-189.490336670884,-61.3833497243681,0,24,24,24,2,-61.3833497243681
01-Aug-2026 00:12:12,-189.867447176042,-61.7604602295263,0,24,24,24,2,-61.7604602295263
01-Aug-2026 00:12:14,-185.839849290118,-57.7328623436026,0,24,24,24,3,-57.7328623436026
01-Aug-2026 00:12:16,-185.412805491948,-57.3058185454322,0,24,24,24,3,-57.3058185454322
01-Aug-2026 00:12:18,-174.596372826818,-46.4893858803018,0,24,24,24,4,-46.4893858803018
01-Aug-2026 00:12:20,-174.772788996167,-46.6658020496508,0,24,24,24,4,-46.6658020496508
01-Aug-2026 00:12:22,-175.161020037077,-47.0540330905607,0,24,24,24,4,-47.0540330905607
01-Aug-2026 00:12:24,-168.895853299313,-40.7888663527969,0,25,25,25,5,-40.7888663527969
01-Aug-2026 00:12:26,-168.298434455871,-40.1914475093547,0,25,25,25,5,-40.1914475093547
01-Aug-2026 00:12:28,-168.2424208513,-40.135433904784,0,26,26,26,5,-40.135433904784
01-Aug-2026 00:12:30,-167.898407045266,-39.7914200987504,0,26,26,26,4,-39.7914200987504
01-Aug-2026 00:12:32,-167.701190601373,-39.594203654857,0,26,26,26,4,-39.594203654857
01-Aug-2026 00:12:34,-173.085140025925,-44.9781530794093,0,26,26,26,2,-44.9781530794093
01-Aug-2026 00:12:36,-172.079250999826,-43.9722640533103,0,26,26,26,2,-43.9722640533103
01-Aug-2026 00:12:38,-171.138546480989,-43.0315595344736,0,26,26,26,2,-43.0315595344736
01-Aug-2026 00:12:40,-171.91054679693,-43.8035598504144,0,26,26,26,1,-43.8035598504144
01-Aug-2026 00:12:42,-172.570412286927,-44.4634253404109,0,26,26,26,1,-44.4634253404109
01-Aug-2026 00:12:44,-172.238144283561,-44.1311573370455,0,27,27,27,1,-44.1311573370455
01-Aug-2026 00:12:46,-171.420610197316,-43.3136232507997,0,26,26,26,1,-43.3136232507997
01-Aug-2026 00:12:48,-170.590312128255,-42.4833251817396,0,26,26,26,4,-42.4833251817396
01-Aug-2026 00:12:50,-170.841429070319,-42.7344421238031,0,26,26,26,4,-42.7344421238031
01-Aug-2026 00:12:52,-171.065759679877,-42.9587727333609,0,25,25,25,4,-42.9587727333609
01-Aug-2026 00:12:54,-170.891417607696,-42.7844306611798,0,25,25,25,3,-42.7844306611798
01-Aug-2026 00:12:56,-170.444251968672,-42.3372650221558,0,25,25,25,3,-42.3372650221558
01-Aug-2026 00:12:58,-171.014319023194,-42.9073320766776,0,25,25,25,3,-42.9073320766776
01-Aug-2026 00:13:00,-170.001350284314,-41.8943633377984,0,24,24,24,4,-41.8943633377984
01-Aug-2026 00:13:02,-169.62723056611,-41.5202436195938,0,24,24,24,4,-41.5202436195938
01-Aug-2026 00:13:04,-169.182221480021,-41.0752345335051,0,24,24,24,4,-41.0752345335051
01-Aug-2026 00:13:06,-169.197160890501,-41.0901739439855,0,24,24,24,4,-41.0901739439855
01-Aug-2026 00:13:08,-169.264890004308,-41.1579030577919,0,24,24,24,4,-41.1579030577919
01-Aug-2026 00:13:10,-167.811208651537,-39.704221705021,0,24,24,24,5,-39.704221705021
01-Aug-2026 00:13:12,-167.732341524589,-39.6253545780731,0,24,24,24,5,-39.6253545780731
01-Aug-2026 00:13:14,-167.63290717524,-39.5259202287239,0,24,24,24,6,-39.5259202287239
01-Aug-2026 00:13:16,-167.96049260852,-39.8535056620046,0,25,25,25,6,-39.8535056620046
01-Aug-2026 00:13:18,-167.73550657262,-39.6285196261042,0,25,25,25,5,-39.6285196261042
01-Aug-2026 00:13:20,-158.003145763636,-29.8961588171202,0,25,25,25,6,-29.8961588171202
01-Aug-2026 00:13:22,-157.174056597872,-29.0670696513561,0,25,25,25,6,-29.0670696513561
01-Aug-2026 00:13:24,-157.052603636037,-28.9456166895207,0,24,24,24,5,-28.9456166895207
01-Aug-2026 00:13:26,-156.780024254236,-28.6730373077204,0,24,24,24,4,-28.6730373077204
01-Aug-2026 00:13:28,-156.738158438184,-28.6311714916683,0,25,25,25,4,-28.6311714916683
01-Aug-2026 00:13:30,-170.493551730606,-42.3865647840897,0,25,25,25,5,-42.3865647840897
01-Aug-2026 00:13:32,-174.236861756505,-46.1298748099887,0,25,25,25,4,-46.1298748099887
01-Aug-2026 00:13:34,-174.304103619426,-46.19711667291,0,25,25,25,4,-46.19711667291
01-Aug-2026 00:13:36,-173.810298197598,-45.7033112510819,0,25,25,25,4,-45.7033112510819
01-Aug-2026 00:13:38,-174.235007265975,-46.128020319459,0,25,25,25,5,-46.128020319459
01-Aug-2026 00:13:40,-173.30660080891,-45.1996138623943,0,25,25,25,5,-45.1996138623943
01-Aug-2026 00:13:42,-164.697654034725,-36.5906670882088,0,25,25,25,6,-36.5906670882088
01-Aug-2026 00:13:44,-164.007694827231,-35.9007078807149,0,25,25,25,6,-35.9007078807149
01-Aug-2026 00:13:46,-163.725486483691,-35.6184995371752,0,25,25,25,6,-35.6184995371752
01-Aug-2026 00:13:48,-163.481237387733,-35.3742504412174,0,25,25,25,6,-35.3742504412174
01-Aug-2026 00:13:50,-163.391652344382,-35.2846653978665,0,25,25,25,6,-35.2846653978665
01-Aug-2026 00:13:52,-163.108298598601,-35.0013116520854,0,25,25,25,6,-35.0013116520854
01-Aug-2026 00:13:54,-163.404862260999,-35.2978753144827,0,25,25,25,6,-35.2978753144827
01-Aug-2026 00:13:56,-163.439624473154,-35.3326375266379,0,25,25,25,6,-35.3326375266379
01-Aug-2026 00:13:58,-163.877368953096,-35.7703820065798,0,25,25,25,6,-35.7703820065798
01-Aug-2026 00:14:00,-164.121559700249,-36.0145727537328,0,25,25,25,5,-36.0145727537328
01-Aug-2026 00:14:02,-163.542619823009,-35.4356328764932,0,25,25,25,4,-35.4356328764932
01-Aug-2026 00:14:04,-182.722768067748,-54.6157811212317,0,25,25,25,3,-54.6157811212317
01-Aug-2026 00:14:06,-182.653552519612,-54.546565573096,0,26,26,26,3,-54.546565573096
01-Aug-2026 00:14:08,-180.915905007595,-52.8089180610789,0,26,26,26,4,-52.8089180610789
01-Aug-2026 00:14:10,-179.211163138974,-51.1041761924585,0,26,26,26,5,-51.1041761924585
01-Aug-2026 00:14:12,-180.311393489016,-52.2044065425001,0,26,26,26,4,-52.2044065425001
01-Aug-2026 00:14:14,-180.360998955186,-52.25401200867,0,26,26,26,4,-52.25401200867
01-Aug-2026 00:14:16,-180.296997233925,-52.1900102874094,0,26,26,26,4,-52.1900102874094
01-Aug-2026 00:14:18,-180.346058046192,-52.2390710996757,0,26,26,26,4,-52.2390710996757
01-Aug-2026 00:14:20,-180.401386515359,-52.2943995688429,0,26,26,26,4,-52.2943995688429
01-Aug-2026 00:14:22,-180.426462922905,-52.3194759763896,0,26,26,26,4,-52.3194759763896
01-Aug-2026 00:14:24,-169.919847921307,-41.8128609747913,0,26,26,26,5,-41.8128609747913
01-Aug-2026 00:14:26,-169.843985261024,-41.7369983145079,0,26,26,26,4,-41.7369983145079
01-Aug-2026 00:14:28,-170.316218380983,-42.2092314344674,0,26,26,26,4,-42.2092314344674
01-Aug-2026 00:14:30,-170.731791321652,-42.6248043751358,0,26,26,26,5,-42.6248043751358
01-Aug-2026 00:14:32,-171.144796616591,-43.0378096700748,0,26,26,26,5,-43.0378096700748
01-Aug-2026 00:14:34,-170.946196140076,-42.8392091935598,0,27,27,27,5,-42.8392091935598
01-Aug-2026 00:14:36,-171.389134934431,-43.2821479879151,0,27,27,27,5,-43.2821479879151
01-Aug-2026 00:14:38,-171.805021849738,-43.6980349032225,0,27,27,27,4,-43.6980349032225
01-Aug-2026 00:14:40,-171.775014018978,-43.6680270724617,0,29,29,29,4,-43.6680270724617
01-Aug-2026 00:14:42,-172.516736803083,-44.4097498565669,0,29,29,29,4,-44.4097498565669
01-Aug-2026 00:14:44,-173.072390897248,-44.9654039507325,0,28,28,28,5,-44.9654039507325
01-Aug-2026 00:14:46,-172.27183511099,-44.1648481644746,0,27,27,27,4,-44.1648481644746
01-Aug-2026 00:14:48,-172.789077944933,-44.6820909984172,0,27,27,27,4,-44.6820909984172
01-Aug-2026 00:14:50,-173.006554979856,-44.8995680333402,0,27,27,27,4,-44.8995680333402
01-Aug-2026 00:14:52,-152.731214156154,-24.624227209638,0,26,26,26,4,-24.624227209638
01-Aug-2026 00:14:54,-152.219084316051,-24.1120973695354,0,26,26,26,4,-24.1120973695354
01-Aug-2026 00:14:56,-151.53271382731,-23.4257268807944,0,26,26,26,3,-23.4257268807944
01-Aug-2026 00:14:58,-166.76852311967,-38.6615361731542,0,26,26,26,3,-38.6615361731542
01-Aug-2026 00:15:00,-181.573056788992,-53.4660698424763,0,26,26,26,2,-53.4660698424763
01-Aug-2026 00:15:02,-3076.52655568589,-2948.41956873937,0,26,26,26,0,-2948.41956873937
01-Aug-2026 00:15:04,-3076.52655568589,-2948.41956873937,0,26,26,26,0,-2948.41956873937
01-Aug-2026 00:15:06,-3076.52655568589,-2948.41956873937,0,26,26,26,0,-2948.41956873937
01-Aug-2026 00:15:08,-3076.52655568589,-2948.41956873937,0,25,25,25,0,-2948.41956873937
01-Aug-2026 00:15:10,-3076.52655568589,-2948.41956873937,0,25,25,25,0,-2948.41956873937
01-Aug-2026 00:15:12,-176.616727163643,-48.5097402171273,0,24,24,24,2,-48.5097402171273
01-Aug-2026 00:15:14,-177.4985141475,-49.3915272009837,0,25,25,25,2,-49.3915272009837
01-Aug-2026 00:15:16,-177.795233115235,-49.6882461687196,0,25,25,25,2,-49.6882461687196
01-Aug-2026 00:15:18,-179.189848813317,-51.082861866801,0,24,24,24,1,-51.082861866801
01-Aug-2026 00:15:20,-179.36136190231,-51.2543749557937,0,24,24,24,1,-51.2543749557937
01-Aug-2026 00:15:22,-179.929530211836,-51.8225432653206,0,24,24,24,2,-51.8225432653206
01-Aug-2026 00:15:24,-180.066705187498,-51.959718240982,0,25,25,25,4,-51.959718240982
01-Aug-2026 00:15:26,-180.219533013023,-52.1125460665073,0,25,25,25,4,-52.1125460665073
01-Aug-2026 00:15:28,-179.695770302347,-51.5887833558313,0,25,25,25,6,-51.5887833558313
01-Aug-2026 00:15:30,-180.251895225468,-52.144908278952,0,25,25,25,5,-52.144908278952
01-Aug-2026 00:15:32,-179.78666539279,-51.6796784462746,0,25,25,25,5,-51.6796784462746
01-Aug-2026 00:15:34,-178.770788929515,-50.6638019829996,0,25,25,25,6,-50.6638019829996
01-Aug-2026 00:15:36,-181.224718567019,-53.1177316205028,0,25,25,25,5,-53.1177316205028
01-Aug-2026 00:15:38,-180.99416757923,-52.8871806327138,0,25,25,25,5,-52.8871806327138
01-Aug-2026 00:15:40,-180.851518098413,-52.7445311518976,0,25,25,25,5,-52.7445311518976
01-Aug-2026 00:15:42,-180.731790755819,-52.624803809303,0,25,25,25,5,-52.624803809303
01-Aug-2026 00:15:44,-180.373398991318,-52.2664120448018,0,25,25,25,5,-52.2664120448018
01-Aug-2026 00:15:46,-180.508022329556,-52.4010353830404,0,25,25,25,5,-52.4010353830404
01-Aug-2026 00:15:48,-180.393726613009,-52.286739666493,0,25,25,25,5,-52.286739666493
01-Aug-2026 00:15:50,-178.028939822134,-49.9219528756183,0,25,25,25,6,-49.9219528756183
01-Aug-2026 00:15:52,-178.549784595024,-50.4427976485078,0,24,24,24,5,-50.4427976485078
01-Aug-2026 00:15:54,-180.855472977041,-52.7484860305248,0,24,24,24,4,-52.7484860305248
01-Aug-2026 00:15:56,-180.688838049408,-52.5818511028923,0,24,24,24,4,-52.5818511028923
01-Aug-2026 00:15:58,-180.533936744734,-52.4269497982179,0,24,24,24,4,-52.4269497982179
01-Aug-2026 00:16:00,-180.989863889631,-52.8828769431154,0,24,24,24,3,-52.8828769431154
01-Aug-2026 00:16:02,-181.084750538772,-52.9777635922559,0,24,24,24,3,-52.9777635922559
01-Aug-2026 00:16:04,-185.32132248245,-57.2143355359337,0,24,24,24,2,-57.2143355359337
01-Aug-2026 00:16:06,-168.054189277082,-39.9472023305659,0,24,24,24,3,-39.9472023305659
01-Aug-2026 00:16:08,-167.786782370577,-39.6797954240615,0,24,24,24,3,-39.6797954240615
01-Aug-2026 00:16:10,-167.222447963505,-39.1154610169888,0,24,24,24,3,-39.1154610169888
01-Aug-2026 00:16:12,-166.667724238834,-38.5607372923179,0,24,24,24,2,-38.5607372923179
01-Aug-2026 00:16:14,-166.819404042241,-38.7124170957256,0,24,24,24,1,-38.7124170957256
01-Aug-2026 00:16:16,-166.283403056508,-38.176416109992,0,25,25,25,2,-38.176416109992
01-Aug-2026 00:16:18,-166.192267601735,-38.0852806552189,0,26,26,26,3,-38.0852806552189
01-Aug-2026 00:16:20,-165.961502814562,-37.8545158680457,0,26,26,26,3,-37.8545158680457
01-Aug-2026 00:16:22,-165.860672108838,-37.7536851623226,0,26,26,26,3,-37.7536851623226
01-Aug-2026 00:16:24,-165.6299561206,-37.5229691740842,0,26,26,26,3,-37.5229691740842
01-Aug-2026 00:16:26,-165.178854248622,-37.0718673021062,0,26,26,26,3,-37.0718673021062
01-Aug-2026 00:16:28,-178.752206508237,-50.6452195617211,0,26,26,26,2,-50.6452195617211
01-Aug-2026 00:16:30,-186.644002838051,-58.5370158915354,0,26,26,26,1,-58.5370158915354
01-Aug-2026 00:16:32,-187.05402286304,-58.9470359165242,0,26,26,26,1,-58.9470359165242
01-Aug-2026 00:16:34,-187.319202666738,-59.2122157202219,0,26,26,26,1,-59.2122157202219
01-Aug-2026 00:16:36,-183.700142187495,-55.5931552409788,0,27,27,27,2,-55.5931552409788
01-Aug-2026 00:16:38,-168.100448835195,-39.9934618886788,0,26,26,26,5,-39.9934618886788
01-Aug-2026 00:16:40,-168.310821281149,-40.2038343346336,0,25,25,25,5,-40.2038343346336
01-Aug-2026 00:16:42,-168.099549434171,-39.9925624876549,0,25,25,25,6,-39.9925624876549
01-Aug-2026 00:16:44,-168.24068826184,-40.1337013153242,0,25,25,25,6,-40.1337013153242
01-Aug-2026 00:16:46,-168.063972112298,-39.9569851657826,0,25,25,25,6,-39.9569851657826
01-Aug-2026 00:16:48,-167.659002815541,-39.552015869025,0,25,25,25,6,-39.552015869025
01-Aug-2026 00:16:50,-167.472886203665,-39.3658992571492,0,25,25,25,6,-39.3658992571492
01-Aug-2026 00:16:52,-167.726440172493,-39.6194532259773,0,24,24,24,6,-39.6194532259773
01-Aug-2026 00:16:54,-166.475379920928,-38.3683929744125,0,24,24,24,7,-38.3683929744125
01-Aug-2026 00:16:56,-171.530490728895,-43.4235037823787,0,24,24,24,7,-43.4235037823787
01-Aug-2026 00:16:58,-171.535272980262,-43.4282860337458,0,24,24,24,7,-43.4282860337458
01-Aug-2026 00:17:00,-171.26819109409,-43.1612041475741,0,24,24,24,7,-43.1612041475741
01-Aug-2026 00:17:02,-171.749481697594,-43.6424947510782,0,24,24,24,6,-43.6424947510782
01-Aug-2026 00:17:04,-165.861896431769,-37.7549094852531,0,25,25,25,7,-37.7549094852531
01-Aug-2026 00:17:06,-159.092579298947,-30.9855923524308,0,25,25,25,7,-30.9855923524308
01-Aug-2026 00:17:08,-158.964891776423,-30.8579048299073,0,25,25,25,7,-30.8579048299073
01-Aug-2026 00:17:10,-158.335356973359,-30.2283700268432,0,24,24,24,7,-30.2283700268432
01-Aug-2026 00:17:12,-158.014187322505,-29.9072003759895,0,24,24,24,7,-29.9072003759895
01-Aug-2026 00:17:14,-157.88095067636,-29.7739637298437,0,24,24,24,8,-29.7739637298437
01-Aug-2026 00:17:16,-157.116974388381,-29.009987441865,0,24,24,24,8,-29.009987441865
01-Aug-2026 00:17:18,-156.498934006965,-28.3919470604488,0,24,24,24,8,-28.3919470604488
01-Aug-2026 00:17:20,-166.372967204503,-38.265980257987,0,25,25,25,7,-38.265980257987
01-Aug-2026 00:17:22,-166.464717277347,-38.357730330831,0,26,26,26,7,-38.357730330831
01-Aug-2026 00:17:24,-166.226431470759,-38.1194445242436,0,26,26,26,7,-38.1194445242436
01-Aug-2026 00:17:26,-165.361401177252,-37.2544142307366,0,26,26,26,8,-37.2544142307366
01-Aug-2026 00:17:28,-163.541434139576,-35.4344471930603,0,26,26,26,10,-35.4344471930603
01-Aug-2026 00:17:30,-165.658229518896,-37.5512425723805,0,26,26,26,8,-37.5512425723805
01-Aug-2026 00:17:32,-165.369955460608,-37.262968514092,0,26,26,26,8,-37.262968514092
01-Aug-2026 00:17:34,-168.728051976384,-40.6210650298679,0,26,26,26,7,-40.6210650298679
01-Aug-2026 00:17:36,-175.234521336976,-47.1275343904599,0,26,26,26,5,-47.1275343904599
01-Aug-2026 00:17:38,-175.088340545132,-46.9813535986165,0,26,26,26,6,-46.9813535986165
01-Aug-2026 00:17:40,-174.756782997927,-46.6497960514111,0,26,26,26,6,-46.6497960514111
01-Aug-2026 00:17:42,-183.169768435841,-55.0627814893251,0,26,26,26,5,-55.0627814893251
01-Aug-2026 00:17:44,-182.997442669831,-54.8904557233155,0,26,26,26,5,-54.8904557233155
01-Aug-2026 00:17:46,-182.82163160577,-54.7146446592537,0,26,26,26,5,-54.7146446592537
01-Aug-2026 00:17:48,-183.069530508082,-54.9625435615663,0,26,26,26,5,-54.9625435615663
01-Aug-2026 00:17:50,-182.511853593481,-54.404866646965,0,26,26,26,6,-54.404866646965
01-Aug-2026 00:17:52,-182.518506997778,-54.4115200512625,0,26,26,26,6,-54.4115200512625
01-Aug-2026 00:17:54,-180.181562651818,-52.074575705302,0,26,26,26,7,-52.074575705302
01-Aug-2026 00:17:56,-179.960977091415,-51.8539901448994,0,27,27,27,7,-51.8539901448994
01-Aug-2026 00:17:58,-180.075633266517,-51.9686463200007,0,27,27,27,7,-51.9686463200007
01-Aug-2026 00:18:00,-180.41526662166,-52.3082796751445,0,27,27,27,6,-52.3082796751445
01-Aug-2026 00:18:02,-177.919977350549,-49.8129904040336,0,27,27,27,7,-49.8129904040336
01-Aug-2026 00:18:04,-177.89213608471,-49.7851491381941,0,27,27,27,7,-49.7851491381941
01-Aug-2026 00:18:06,-177.489585473323,-49.3825985268069,0,27,27,27,7,-49.3825985268069
01-Aug-2026 00:18:08,-177.233204753,-49.1262178064842,0,27,27,27,7,-49.1262178064842
01-Aug-2026 00:18:10,-146.802429213496,-18.6954422669797,0,27,27,27,8,-18.6954422669797
01-Aug-2026 00:18:12,-146.596552094494,-18.4895651479781,0,27,27,27,8,-18.4895651479781
01-Aug-2026 00:18:14,-146.577122160038,-18.4701352135226,0,27,27,27,7,-18.4701352135226
01-Aug-2026 00:18:16,-146.715497793468,-18.6085108469522,0,27,27,27,6,-18.6085108469522
01-Aug-2026 00:18:18,-146.054679640543,-17.9476926940272,0,27,27,27,4,-17.9476926940272
01-Aug-2026 00:18:20,-145.274493206843,-17.1675062603274,0,27,27,27,4,-17.1675062603274
01-Aug-2026 00:18:22,-145.316190066136,-17.2092031196198,0,27,27,27,4,-17.2092031196198
01-Aug-2026 00:18:24,-144.848022677434,-16.7410357309182,0,28,28,28,4,-16.7410357309182
01-Aug-2026 00:18:26,-143.906541016404,-15.7995540698877,0,28,28,28,5,-15.7995540698877
01-Aug-2026 00:18:28,-143.609723592904,-15.5027366463879,0,29,29,29,5,-15.5027366463879
01-Aug-2026 00:18:30,-143.216263068302,-15.1092761217859,0,29,29,29,5,-15.1092761217859
01-Aug-2026 00:18:32,-142.765872460713,-14.6588855141973,0,29,29,29,5,-14.6588855141973
01-Aug-2026 00:18:34,-174.148899122118,-46.0419121756022,0,28,28,28,5,-46.0419121756022
01-Aug-2026 00:18:36,-174.173031734153,-46.0660447876371,0,28,28,28,5,-46.0660447876371
01-Aug-2026 00:18:38,-176.696487685056,-48.58950073854,0,28,28,28,4,-48.58950073854
01-Aug-2026 00:18:40,-176.777914009008,-48.6709270624925,0,28,28,28,5,-48.6709270624925
01-Aug-2026 00:18:42,-176.34777265254,-48.2407857060241,0,28,28,28,5,-48.2407857060241
01-Aug-2026 00:18:44,-182.311222326883,-54.204235380367,0,28,28,28,4,-54.204235380367
01-Aug-2026 00:18:46,-170.301887357575,-42.1949004110587,0,27,27,27,5,-42.1949004110587
01-Aug-2026 00:18:48,-170.441535664132,-42.3345487176162,0,27,27,27,6,-42.3345487176162
01-Aug-2026 00:18:50,-170.710934490593,-42.6039475440769,0,27,27,27,6,-42.6039475440769
01-Aug-2026 00:18:52,-170.973829691581,-42.8668427450653,0,27,27,27,6,-42.8668427450653
01-Aug-2026 00:18:54,-171.130955650335,-43.0239687038194,0,28,28,28,6,-43.0239687038194
01-Aug-2026 00:18:56,-171.484105147204,-43.3771182006878,0,28,28,28,7,-43.3771182006878
01-Aug-2026 00:18:58,-170.860368756123,-42.7533818096073,0,27,27,27,6,-42.7533818096073
01-Aug-2026 00:19:00,-171.141234091173,-43.0342471446575,0,26,26,26,6,-43.0342471446575
01-Aug-2026 00:19:02,-171.397127535724,-43.2901405892084,0,26,26,26,5,-43.2901405892084
01-Aug-2026 00:19:04,-171.681930429328,-43.5749434828117,0,25,25,25,5,-43.5749434828117
01-Aug-2026 00:19:06,-170.91343481627,-42.8064478697545,0,25,25,25,5,-42.8064478697545
01-Aug-2026 00:19:08,-170.993527844881,-42.8865408983652,0,25,25,25,6,-42.8865408983652
01-Aug-2026 00:19:10,-171.188982648211,-43.0819957016947,0,25,25,25,6,-43.0819957016947
01-Aug-2026 00:19:12,-169.691331370695,-41.5843444241796,0,25,25,25,7,-41.5843444241796
01-Aug-2026 00:19:14,-170.059211458084,-41.9522245115684,0,25,25,25,6,-41.9522245115684
01-Aug-2026 00:19:16,-169.787689580073,-41.6807026335568,0,25,25,25,7,-41.6807026335568
01-Aug-2026 00:19:18,-169.326482459611,-41.219495513095,0,25,25,25,6,-41.219495513095
01-Aug-2026 00:19:20,-168.997631002852,-40.8906440563357,0,26,26,26,6,-40.8906440563357
01-Aug-2026 00:19:22,-176.476189320947,-48.3692023744312,0,26,26,26,5,-48.3692023744312
01-Aug-2026 00:19:24,-176.210217161663,-48.103230215147,0,26,26,26,5,-48.103230215147
01-Aug-2026 00:19:26,-176.185183597305,-48.0781966507891,0,26,26,26,5,-48.0781966507891
01-Aug-2026 00:19:28,-176.121847461677,-48.0148605151612,0,26,26,26,5,-48.0148605151612
01-Aug-2026 00:19:30,-175.934657639509,-47.8276706929927,0,26,26,26,6,-47.8276706929927
01-Aug-2026 00:19:32,-176.381050613264,-48.2740636667479,0,26,26,26,6,-48.2740636667479
01-Aug-2026 00:19:34,-176.208343753467,-48.101356806951,0,26,26,26,6,-48.101356806951
01-Aug-2026 00:19:36,-178.684962615928,-50.5779756694122,0,25,25,25,5,-50.5779756694122
01-Aug-2026 00:19:38,-178.6170836385,-50.5100966919841,0,25,25,25,6,-50.5100966919841
01-Aug-2026 00:19:40,-177.468083653525,-49.3610967070092,0,25,25,25,7,-49.3610967070092
01-Aug-2026 00:19:42,-178.649270092064,-50.5422831455479,0,24,24,24,4,-50.5422831455479
01-Aug-2026 00:19:44,-178.699411298337,-50.5924243518211,0,24,24,24,4,-50.5924243518211
01-Aug-2026 00:19:46,-178.403403275799,-50.2964163292832,0,24,24,24,4,-50.2964163292832
01-Aug-2026 00:19:48,-178.297113911958,-50.1901269654417,0,24,24,24,5,-50.1901269654417
01-Aug-2026 00:19:50,-178.342098812293,-50.2351118657775,0,24,24,24,5,-50.2351118657775
01-Aug-2026 00:19:52,-178.333187849566,-50.2262009030499,0,24,24,24,5,-50.2262009030499
01-Aug-2026 00:19:54,-177.857138063202,-49.7501511166862,0,24,24,24,6,-49.7501511166862
01-Aug-2026 00:19:56,-175.158379541983,-47.0513925954676,0,24,24,24,8,-47.0513925954676
01-Aug-2026 00:19:58,-174.993285097882,-46.8862981513659,0,24,24,24,8,-46.8862981513659
01-Aug-2026 00:20:00,-175.578194915848,-47.4712079693323,0,24,24,24,6,-47.4712079693323
01-Aug-2026 00:20:02,-175.750349809258,-47.6433628627424,0,24,24,24,5,-47.6433628627424
01-Aug-2026 00:20:04,-175.547710448664,-47.4407235021482,0,24,24,24,5,-47.4407235021482
01-Aug-2026 00:20:06,-175.507514181796,-47.40052723528,0,26,26,26,6,-47.40052723528
01-Aug-2026 00:20:08,-175.350882503845,-47.2438955573295,0,26,26,26,6,-47.2438955573295
01-Aug-2026 00:20:10,-175.577368982004,-47.4703820354877,0,26,26,26,6,-47.4703820354877
01-Aug-2026 00:20:12,-165.139528527419,-37.0325415809034,0,26,26,26,7,-37.0325415809034
01-Aug-2026 00:20:14,-165.282597905742,-37.1756109592263,0,26,26,26,6,-37.1756109592263
01-Aug-2026 00:20:16,-166.245031409165,-38.1380444626495,0,26,26,26,6,-38.1380444626495
01-Aug-2026 00:20:18,-167.144127762747,-39.0371408162314,0,26,26,26,7,-39.0371408162314
01-Aug-2026 00:20:20,-166.494602831753,-38.3876158852375,0,26,26,26,6,-38.3876158852375
01-Aug-2026 00:20:22,-166.539771412837,-38.4327844663214,0,26,26,26,6,-38.4327844663214
01-Aug-2026 00:20:24,-167.617518298983,-39.5105313524673,0,26,26,26,6,-39.5105313524673
01-Aug-2026 00:20:26,-167.464280427439,-39.357293480923,0,27,27,27,6,-39.357293480923
01-Aug-2026 00:20:28,-167.994777360161,-39.8877904136451,0,25,25,25,6,-39.8877904136451
01-Aug-2026 00:20:30,-166.581222939943,-38.4742359934275,0,25,25,25,6,-38.4742359934275
01-Aug-2026 00:20:32,-176.289906291725,-48.1829193452093,0,25,25,25,5,-48.1829193452093
01-Aug-2026 00:20:34,-179.450370697572,-51.3433837510561,0,25,25,25,4,-51.3433837510561
01-Aug-2026 00:20:36,-179.808331450002,-51.701344503486,0,25,25,25,3,-51.701344503486
01-Aug-2026 00:20:38,-179.870872740822,-51.7638857943058,0,25,25,25,3,-51.7638857943058
01-Aug-2026 00:20:40,-179.433162001249,-51.3261750547335,0,26,26,26,4,-51.3261750547335
01-Aug-2026 00:20:42,-179.264033375489,-51.157046428973,0,26,26,26,4,-51.157046428973
01-Aug-2026 00:20:44,-179.160055652973,-51.0530687064568,0,25,25,25,4,-51.0530687064568
01-Aug-2026 00:20:46,-178.827199560961,-50.7202126144456,0,25,25,25,4,-50.7202126144456
01-Aug-2026 00:20:48,-178.768792418425,-50.6618054719094,0,25,25,25,4,-50.6618054719094
01-Aug-2026 00:20:50,-170.806977113044,-42.6999901665285,0,26,26,26,6,-42.6999901665285
01-Aug-2026 00:20:52,-171.095033126486,-42.9880461799704,0,26,26,26,6,-42.9880461799704
01-Aug-2026 00:20:54,-171.073657213617,-42.9666702671009,0,26,26,26,6,-42.9666702671009
01-Aug-2026 00:20:56,-170.630868903442,-42.523881956926,0,26,26,26,5,-42.523881956926
01-Aug-2026 00:20:58,-162.428765722033,-34.3217787755174,0,25,25,25,7,-34.3217787755174
01-Aug-2026 00:21:00,-162.286769922716,-34.1797829762002,0,25,25,25,6,-34.1797829762002
01-Aug-2026 00:21:02,-162.009002860162,-33.9020159136462,0,25,25,25,6,-33.9020159136462
01-Aug-2026 00:21:04,-168.021020438436,-39.91403349192,0,25,25,25,5,-39.91403349192
01-Aug-2026 00:21:06,-167.229519467761,-39.1225325212448,0,25,25,25,5,-39.1225325212448
01-Aug-2026 00:21:08,-167.419049134062,-39.312062187546,0,25,25,25,5,-39.312062187546
01-Aug-2026 00:21:10,-167.028455531385,-38.9214685848687,0,25,25,25,5,-38.9214685848687
01-Aug-2026 00:21:12,-161.07888333769,-32.9718963911738,0,25,25,25,6,-32.9718963911738
01-Aug-2026 00:21:14,-161.479590143407,-33.3726031968909,0,26,26,26,6,-33.3726031968909
01-Aug-2026 00:21:16,-161.390005900515,-33.2830189539995,0,26,26,26,6,-33.2830189539995
01-Aug-2026 00:21:18,-161.184591697427,-33.0776047509112,0,26,26,26,6,-33.0776047509112
01-Aug-2026 00:21:20,-160.999927915604,-32.892940969088,0,26,26,26,6,-32.892940969088
01-Aug-2026 00:21:22,-161.220373714397,-33.1133867678812,0,26,26,26,6,-33.1133867678812
01-Aug-2026 00:21:24,-160.362356960291,-32.2553700137751,0,26,26,26,5,-32.2553700137751
01-Aug-2026 00:21:26,-159.596520861335,-31.4895339148193,0,26,26,26,6,-31.4895339148193
01-Aug-2026 00:21:28,-159.442906586658,-31.3359196401422,0,26,26,26,7,-31.3359196401422
01-Aug-2026 00:21:30,-156.960311358627,-28.853324412111,0,26,26,26,8,-28.853324412111
01-Aug-2026 00:21:32,-155.58925033122,-27.482263384704,0,26,26,26,8,-27.482263384704
01-Aug-2026 00:21:34,-160.80018647159,-32.6931995250744,0,26,26,26,6,-32.6931995250744
01-Aug-2026 00:21:36,-160.732468467514,-32.6254815209979,0,26,26,26,6,-32.6254815209979
01-Aug-2026 00:21:38,-160.532974804643,-32.4259878581268,0,26,26,26,7,-32.4259878581268
01-Aug-2026 00:21:40,-180.702577396072,-52.5955904495557,0,26,26,26,6,-52.5955904495557
01-Aug-2026 00:21:42,-180.480734724139,-52.3737477776228,0,26,26,26,6,-52.3737477776228
01-Aug-2026 00:21:44,-180.557659388847,-52.4506724423313,0,26,26,26,6,-52.4506724423313
01-Aug-2026 00:21:46,-180.811863273781,-52.7048763272651,0,27,27,27,6,-52.7048763272651
01-Aug-2026 00:21:48,-180.926608061046,-52.8196211145302,0,27,27,27,5,-52.8196211145302
01-Aug-2026 00:21:50,-181.193889065578,-53.0869021190623,0,27,27,27,5,-53.0869021190623
01-Aug-2026 00:21:52,-181.78212231536,-53.6751353688445,0,27,27,27,4,-53.6751353688445
01-Aug-2026 00:21:54,-181.466815517915,-53.3598285713993,0,27,27,27,4,-53.3598285713993
01-Aug-2026 00:21:56,-181.400445082382,-53.293458135866,0,27,27,27,4,-53.293458135866
01-Aug-2026 00:21:58,-181.83214316998,-53.7251562234646,0,27,27,27,4,-53.7251562234646
01-Aug-2026 00:22:00,-182.69538832574,-54.5884013792241,0,27,27,27,3,-54.5884013792241
01-Aug-2026 00:22:02,-182.697821173946,-54.5908342274302,0,27,27,27,3,-54.5908342274302
01-Aug-2026 00:22:04,-183.061819048922,-54.9548321024058,0,27,27,27,3,-54.9548321024058
01-Aug-2026 00:22:06,-181.853885128703,-53.7468981821869,0,27,27,27,4,-53.7468981821869
01-Aug-2026 00:22:08,-180.989671634532,-52.8826846880159,0,27,27,27,5,-52.8826846880159
01-Aug-2026 00:22:10,-181.988215767517,-53.8812288210013,0,27,27,27,4,-53.8812288210013
01-Aug-2026 00:22:12,-183.690501370913,-55.5835144243975,0,27,27,27,3,-55.5835144243975
01-Aug-2026 00:22:14,-185.946357221309,-57.839370274793,0,28,28,28,2,-57.839370274793
01-Aug-2026 00:22:16,-186.002446832548,-57.895459886032,0,29,29,29,2,-57.895459886032
01-Aug-2026 00:22:18,-186.31020749309,-58.2032205465746,0,29,29,29,2,-58.2032205465746
01-Aug-2026 00:22:20,-186.676002576599,-58.569015630083,0,29,29,29,2,-58.569015630083
01-Aug-2026 00:22:22,-186.924665230898,-58.8176782843823,0,29,29,29,2,-58.8176782843823
01-Aug-2026 00:22:24,-182.659053705726,-54.5520667592105,0,29,29,29,3,-54.5520667592105
01-Aug-2026 00:22:26,-182.257507124376,-54.1505201778602,0,28,28,28,3,-54.1505201778602
01-Aug-2026 00:22:28,-182.293658995294,-54.1866720487779,0,28,28,28,3,-54.1866720487779
01-Aug-2026 00:22:30,-182.088744823425,-53.9817578769094,0,28,28,28,3,-53.9817578769094
01-Aug-2026 00:22:32,-180.042662129196,-51.9356751826804,0,29,29,29,4,-51.9356751826804
01-Aug-2026 00:22:34,-180.166761225109,-52.0597742785929,0,29,29,29,4,-52.0597742785929
01-Aug-2026 00:22:36,-179.734938863799,-51.6279519172827,0,29,29,29,5,-51.6279519172827
01-Aug-2026 00:22:38,-179.406593992002,-51.2996070454865,0,29,29,29,6,-51.2996070454865
01-Aug-2026 00:22:40,-179.355762067655,-51.2487751211389,0,28,28,28,6,-51.2487751211389
01-Aug-2026 00:22:42,-178.989204861086,-50.8822179145706,0,27,27,27,6,-50.8822179145706
01-Aug-2026 00:22:44,-178.873837234985,-50.7668502884692,0,27,27,27,6,-50.7668502884692
01-Aug-2026 00:22:46,-181.176894887301,-53.0699079407853,0,27,27,27,5,-53.0699079407853
01-Aug-2026 00:22:48,-181.070793188808,-52.9638062422919,0,26,26,26,5,-52.9638062422919
01-Aug-2026 00:22:50,-180.464200981776,-52.3572140352602,0,26,26,26,5,-52.3572140352602
01-Aug-2026 00:22:52,-181.157151096519,-53.050164150003,0,26,26,26,4,-53.050164150003
01-Aug-2026 00:22:54,-182.712753214204,-54.6057662676879,0,26,26,26,2,-54.6057662676879
01-Aug-2026 00:22:56,-170.719103001752,-42.6121160552365,0,26,26,26,3,-42.6121160552365
01-Aug-2026 00:22:58,-170.705970789953,-42.5989838434372,0,25,25,25,3,-42.5989838434372
01-Aug-2026 00:23:00,-170.555513448657,-42.4485265021414,0,25,25,25,4,-42.4485265021414
01-Aug-2026 00:23:02,-170.422072152275,-42.3150852057593,0,25,25,25,4,-42.3150852057593
01-Aug-2026 00:23:04,-170.366764056675,-42.2597771101595,0,25,25,25,4,-42.2597771101595
01-Aug-2026 00:23:06,-170.239863254004,-42.1328763074884,0,25,25,25,4,-42.1328763074884
01-Aug-2026 00:23:08,-170.173478866745,-42.0664919202293,0,25,25,25,4,-42.0664919202293
01-Aug-2026 00:23:10,-170.027397228808,-41.9204102822918,0,25,25,25,4,-41.9204102822918
01-Aug-2026 00:23:12,-169.9288589826,-41.8218720360844,0,25,25,25,4,-41.8218720360844
01-Aug-2026 00:23:14,-167.026226220334,-38.9192392738182,0,25,25,25,5,-38.9192392738182
01-Aug-2026 00:23:16,-166.829672115883,-38.7226851693673,0,26,26,26,5,-38.7226851693673
01-Aug-2026 00:23:18,-170.048611464315,-41.9416245177987,0,26,26,26,3,-41.9416245177987
01-Aug-2026 00:23:20,-169.936921583064,-41.8299346365486,0,25,25,25,4,-41.8299346365486
01-Aug-2026 00:23:22,-169.868089023378,-41.7611020768617,0,25,25,25,4,-41.7611020768617
01-Aug-2026 00:23:24,-169.718164307859,-41.6111773613435,0,25,25,25,4,-41.6111773613435
01-Aug-2026 00:23:26,-169.793008066763,-41.686021120247,0,25,25,25,4,-41.686021120247
01-Aug-2026 00:23:28,-169.842695281689,-41.7357083351728,0,25,25,25,4,-41.7357083351728
01-Aug-2026 00:23:30,-170.333351146754,-42.2263642002384,0,25,25,25,3,-42.2263642002384
01-Aug-2026 00:23:32,-167.459510429572,-39.3525234830557,0,25,25,25,4,-39.3525234830557
01-Aug-2026 00:23:34,-167.388144561993,-39.2811576154768,0,25,25,25,5,-39.2811576154768
01-Aug-2026 00:23:36,-167.646550256846,-39.5395633103301,0,25,25,25,5,-39.5395633103301
01-Aug-2026 00:23:38,-167.450443019008,-39.3434560724916,0,25,25,25,5,-39.3434560724916
01-Aug-2026 00:23:40,-167.513461522348,-39.4064745758317,0,25,25,25,5,-39.4064745758317
01-Aug-2026 00:23:42,-167.484976144402,-39.3779891978863,0,25,25,25,6,-39.3779891978863
01-Aug-2026 00:23:44,-167.381759188374,-39.2747722418582,0,25,25,25,5,-39.2747722418582
01-Aug-2026 00:23:46,-167.298681607559,-39.1916946610436,0,25,25,25,4,-39.1916946610436
01-Aug-2026 00:23:48,-166.874968840572,-38.7679818940557,0,25,25,25,4,-38.7679818940557
01-Aug-2026 00:23:50,-166.672913020086,-38.5659260735703,0,25,25,25,4,-38.5659260735703
01-Aug-2026 00:23:52,-166.600987420759,-38.4940004742433,0,25,25,25,4,-38.4940004742433
01-Aug-2026 00:23:54,-166.372024689337,-38.2650377428214,0,25,25,25,4,-38.2650377428214
01-Aug-2026 00:23:56,-166.423966668881,-38.3169797223656,0,26,26,26,4,-38.3169797223656
01-Aug-2026 00:23:58,-166.164033095325,-38.0570461488095,0,26,26,26,3,-38.0570461488095
01-Aug-2026 00:24:00,-165.972134636457,-37.8651476899413,0,26,26,26,3,-37.8651476899413
01-Aug-2026 00:24:02,-165.866088142152,-37.7591011956366,0,26,26,26,6,-37.7591011956366
01-Aug-2026 00:24:04,-166.030415591736,-37.9234286452199,0,26,26,26,6,-37.9234286452199
01-Aug-2026 00:24:06,-165.51583480259,-37.4088478560737,0,27,27,27,6,-37.4088478560737
01-Aug-2026 00:24:08,-165.129904220566,-37.02291727405,0,27,27,27,6,-37.02291727405
01-Aug-2026 00:24:10,-165.382130528851,-37.2751435823352,0,27,27,27,6,-37.2751435823352
01-Aug-2026 00:24:12,-165.316666889868,-37.2096799433526,0,27,27,27,7,-37.2096799433526
01-Aug-2026 00:24:14,-165.093025566081,-36.9860386195651,0,26,26,26,7,-36.9860386195651
01-Aug-2026 00:24:16,-165.210561485641,-37.1035745391252,0,27,27,27,8,-37.1035745391252
01-Aug-2026 00:24:18,-165.579244159628,-37.4722572131123,0,27,27,27,7,-37.4722572131123
01-Aug-2026 00:24:20,-165.667620286903,-37.560633340387,0,26,26,26,6,-37.560633340387
01-Aug-2026 00:24:22,-165.772845485374,-37.6658585388577,0,26,26,26,6,-37.6658585388577
01-Aug-2026 00:24:24,-165.913501476344,-37.8065145298283,0,26,26,26,6,-37.8065145298283
01-Aug-2026 00:24:26,-165.965264901442,-37.8582779549264,0,26,26,26,6,-37.8582779549264
01-Aug-2026 00:24:28,-165.991795005236,-37.8848080587203,0,26,26,26,6,-37.8848080587203
01-Aug-2026 00:24:30,-165.92924450906,-37.8222575625441,0,26,26,26,5,-37.8222575625441
01-Aug-2026 00:24:32,-165.499250189703,-37.3922632431871,0,26,26,26,4,-37.3922632431871
01-Aug-2026 00:24:34,-165.637659853016,-37.5306729064999,0,26,26,26,5,-37.5306729064999
01-Aug-2026 00:24:36,-165.980600333462,-37.8736133869461,0,25,25,25,5,-37.8736133869461
01-Aug-2026 00:24:38,-165.517000842126,-37.41001389561,0,26,26,26,5,-37.41001389561
01-Aug-2026 00:24:40,-167.394204005998,-39.2872170594823,0,26,26,26,4,-39.2872170594823
01-Aug-2026 00:24:42,-167.937502907255,-39.8305159607393,0,26,26,26,4,-39.8305159607393
01-Aug-2026 00:24:44,-183.920334242764,-55.8133472962479,0,26,26,26,4,-55.8133472962479
01-Aug-2026 00:24:46,-184.04231848923,-55.935331542714,0,25,25,25,4,-55.935331542714
01-Aug-2026 00:24:48,-183.958537423287,-55.8515504767708,0,25,25,25,4,-55.8515504767708
01-Aug-2026 00:24:50,-184.101043575747,-55.9940566292312,0,25,25,25,4,-55.9940566292312
01-Aug-2026 00:24:52,-160.736333199117,-32.6293462526008,0,25,25,25,5,-32.6293462526008
01-Aug-2026 00:24:54,-160.33871751055,-32.231730564034,0,25,25,25,5,-32.231730564034
01-Aug-2026 00:24:56,-159.646546391008,-31.5395594444925,0,25,25,25,5,-31.5395594444925
01-Aug-2026 00:24:58,-159.872867000236,-31.7658800537203,0,25,25,25,5,-31.7658800537203
01-Aug-2026 00:25:00,-158.607155417636,-30.50016847112,0,25,25,25,5,-30.50016847112
01-Aug-2026 00:25:02,-158.413447886579,-30.3064609400627,0,25,25,25,5,-30.3064609400627
01-Aug-2026 00:25:04,-158.212847858065,-30.1058609115492,0,25,25,25,5,-30.1058609115492
01-Aug-2026 00:25:06,-157.333385298688,-29.2263983521724,0,25,25,25,5,-29.2263983521724
01-Aug-2026 00:25:08,-156.309303576849,-28.2023166303328,0,26,26,26,6,-28.2023166303328
01-Aug-2026 00:25:10,-163.856187595152,-35.7492006486357,0,26,26,26,6,-35.7492006486357
01-Aug-2026 00:25:12,-160.706797307242,-32.5998103607262,0,26,26,26,8,-32.5998103607262
01-Aug-2026 00:25:14,-160.185499194999,-32.078512248483,0,26,26,26,7,-32.078512248483
01-Aug-2026 00:25:16,-160.207763846821,-32.1007769003049,0,26,26,26,7,-32.1007769003049
01-Aug-2026 00:25:18,-159.441075408933,-31.3340884624167,0,26,26,26,8,-31.3340884624167
01-Aug-2026 00:25:20,-159.194101667066,-31.0871147205501,0,26,26,26,8,-31.0871147205501
01-Aug-2026 00:25:22,-158.676607500055,-30.5696205535394,0,26,26,26,6,-30.5696205535394
01-Aug-2026 00:25:24,-158.092230486353,-29.9852435398371,0,26,26,26,5,-29.9852435398371
01-Aug-2026 00:25:26,-158.146347278548,-30.0393603320325,0,26,26,26,6,-30.0393603320325
01-Aug-2026 00:25:28,-157.813528809515,-29.7065418629995,0,26,26,26,6,-29.7065418629995
01-Aug-2026 00:25:30,-157.588345703811,-29.4813587572956,0,26,26,26,7,-29.4813587572956
01-Aug-2026 00:25:32,-157.566853656647,-29.4598667101315,0,26,26,26,7,-29.4598667101315
01-Aug-2026 00:25:34,-157.491823219467,-29.3848362729516,0,26,26,26,8,-29.3848362729516
01-Aug-2026 00:25:36,-157.571306270405,-29.4643193238888,0,27,27,27,9,-29.4643193238888
01-Aug-2026 00:25:38,-157.396115816005,-29.2891288694887,0,27,27,27,9,-29.2891288694887
01-Aug-2026 00:25:40,-157.238315176112,-29.1313282295959,0,27,27,27,9,-29.1313282295959
01-Aug-2026 00:25:42,-156.990424663571,-28.8834377170549,0,27,27,27,9,-28.8834377170549
01-Aug-2026 00:25:44,-157.01714105751,-28.910154110994,0,27,27,27,8,-28.910154110994
01-Aug-2026 00:25:46,-156.785255072225,-28.6782681257093,0,27,27,27,8,-28.6782681257093
01-Aug-2026 00:25:48,-156.651787305075,-28.5448003585596,0,27,27,27,8,-28.5448003585596
01-Aug-2026 00:25:50,-158.081208208513,-29.9742212619976,0,27,27,27,6,-29.9742212619976
01-Aug-2026 00:25:52,-158.088839775648,-29.9818528291325,0,27,27,27,6,-29.9818528291325
01-Aug-2026 00:25:54,-157.700089604644,-29.5931026581279,0,27,27,27,5,-29.5931026581279
01-Aug-2026 00:25:56,-157.904106238204,-29.7971192916884,0,27,27,27,5,-29.7971192916884
01-Aug-2026 00:25:58,-158.188897731833,-30.0819107853169,0,27,27,27,6,-30.0819107853169
01-Aug-2026 00:26:00,-184.840283284871,-56.7332963383549,0,27,27,27,5,-56.7332963383549
01-Aug-2026 00:26:02,-185.152395746178,-57.0454087996619,0,28,28,28,5,-57.0454087996619
01-Aug-2026 00:26:04,-176.968610477788,-48.861623531272,0,29,29,29,7,-48.861623531272
01-Aug-2026 00:26:06,-176.776239054151,-48.6692521076356,0,29,29,29,7,-48.6692521076356
01-Aug-2026 00:26:08,-176.924142344882,-48.817155398366,0,29,29,29,6,-48.817155398366
01-Aug-2026 00:26:10,-176.816271595618,-48.7092846491023,0,29,29,29,7,-48.7092846491023
01-Aug-2026 00:26:12,-166.566435528949,-38.4594485824329,0,29,29,29,9,-38.4594485824329
01-Aug-2026 00:26:14,-166.591828793592,-38.4848418470756,0,30,30,30,10,-38.4848418470756
01-Aug-2026 00:26:16,-176.338294368389,-48.2313074218729,0,29,29,29,8,-48.2313074218729
01-Aug-2026 00:26:18,-176.399769837412,-48.2927828908959,0,29,29,29,9,-48.2927828908959
01-Aug-2026 00:26:20,-147.779614039941,-19.6726270934248,0,29,29,29,10,-19.6726270934248
01-Aug-2026 00:26:22,-147.82457064516,-19.7175836986437,0,29,29,29,9,-19.7175836986437
01-Aug-2026 00:26:24,-146.90076406925,-18.7937771227343,0,28,28,28,8,-18.7937771227343
01-Aug-2026 00:26:26,-143.767641487797,-15.660654541281,0,28,28,28,7,-15.660654541281
01-Aug-2026 00:26:28,-144.555148684233,-16.4481617377169,0,28,28,28,8,-16.4481617377169
01-Aug-2026 00:26:30,-145.464623208065,-17.3576362615492,0,28,28,28,8,-17.3576362615492
01-Aug-2026 00:26:32,-146.208168503361,-18.101181556845,0,28,28,28,6,-18.101181556845
01-Aug-2026 00:26:34,-147.207628024334,-19.1006410778184,0,27,27,27,5,-19.1006410778184
01-Aug-2026 00:26:36,-147.002356829761,-18.8953698832455,0,27,27,27,6,-18.8953698832455
01-Aug-2026 00:26:38,-148.102080870865,-19.9950939243496,0,26,26,26,5,-19.9950939243496
01-Aug-2026 00:26:40,-148.557839034546,-20.4508520880298,0,26,26,26,5,-20.4508520880298
01-Aug-2026 00:26:42,-150.593531003826,-22.4865440573105,0,26,26,26,6,-22.4865440573105
01-Aug-2026 00:26:44,-151.042924961828,-22.9359380153118,0,26,26,26,6,-22.9359380153118
01-Aug-2026 00:26:46,-151.388291622078,-23.2813046755622,0,26,26,26,7,-23.2813046755622
01-Aug-2026 00:26:48,-152.859133637974,-24.7521466914585,0,26,26,26,7,-24.7521466914585
01-Aug-2026 00:26:50,-152.972176600268,-24.8651896537525,0,25,25,25,6,-24.8651896537525
01-Aug-2026 00:26:52,-153.495147309249,-25.388160362733,0,25,25,25,7,-25.388160362733
01-Aug-2026 00:26:54,-170.337184507908,-42.2301975613924,0,25,25,25,7,-42.2301975613924
01-Aug-2026 00:26:56,-170.045697974939,-41.9387110284232,0,25,25,25,8,-41.9387110284232
01-Aug-2026 00:26:58,-170.128361514095,-42.0213745675788,0,25,25,25,8,-42.0213745675788
01-Aug-2026 00:27:00,-178.490928848065,-50.3839419015495,0,25,25,25,6,-50.3839419015495
01-Aug-2026 00:27:02,-177.313324339701,-49.2063373931855,0,25,25,25,7,-49.2063373931855
01-Aug-2026 00:27:04,-177.589014713935,-49.4820277674188,0,24,24,24,6,-49.4820277674188
01-Aug-2026 00:27:06,-177.525631148268,-49.4186442017517,0,24,24,24,7,-49.4186442017517
01-Aug-2026 00:27:08,-177.412014408794,-49.3050274622778,0,24,24,24,6,-49.3050274622778
01-Aug-2026 00:27:10,-173.179584321402,-45.0725973748864,0,24,24,24,7,-45.0725973748864
01-Aug-2026 00:27:12,-173.242452884539,-45.1354659380231,0,24,24,24,7,-45.1354659380231
01-Aug-2026 00:27:14,-173.05686636338,-44.9498794168645,0,25,25,25,8,-44.9498794168645
01-Aug-2026 00:27:16,-174.614667022918,-46.5076800764018,0,25,25,25,7,-46.5076800764018
01-Aug-2026 00:27:18,-173.79767045254,-45.6906835060238,0,25,25,25,7,-45.6906835060238
01-Aug-2026 00:27:20,-174.152195718574,-46.0452087720577,0,25,25,25,7,-46.0452087720577
01-Aug-2026 00:27:22,-174.525581032136,-46.4185940856204,0,25,25,25,6,-46.4185940856204
01-Aug-2026 00:27:24,-173.898962950119,-45.7919760036035,0,25,25,25,4,-45.7919760036035
01-Aug-2026 00:27:26,-173.24307165125,-45.1360847047343,0,25,25,25,4,-45.1360847047343
01-Aug-2026 00:27:28,-173.55767992634,-45.4506929798239,0,25,25,25,4,-45.4506929798239
01-Aug-2026 00:27:30,-174.043443509394,-45.9364565628783,0,25,25,25,5,-45.9364565628783
01-Aug-2026 00:27:32,-173.50101047447,-45.3940235279538,0,25,25,25,5,-45.3940235279538
01-Aug-2026 00:27:34,-173.377385646863,-45.2703987003472,0,25,25,25,5,-45.2703987003472
01-Aug-2026 00:27:36,-164.203157510297,-36.0961705637814,0,25,25,25,5,-36.0961705637814
01-Aug-2026 00:27:38,-163.415135074292,-35.3081481277761,0,26,26,26,4,-35.3081481277761
01-Aug-2026 00:27:40,-163.454005338538,-35.3470183920221,0,26,26,26,4,-35.3470183920221
01-Aug-2026 00:27:42,-163.377494749748,-35.2705078032319,0,26,26,26,4,-35.2705078032319
01-Aug-2026 00:27:44,-164.153559818498,-36.0465728719824,0,27,27,27,4,-36.0465728719824
01-Aug-2026 00:27:46,-173.686611334799,-45.5796243882828,0,27,27,27,4,-45.5796243882828
01-Aug-2026 00:27:48,-173.871041523942,-45.7640545774263,0,27,27,27,5,-45.7640545774263
01-Aug-2026 00:27:50,-174.344411933237,-46.2374249867213,0,28,28,28,5,-46.2374249867213
01-Aug-2026 00:27:52,-174.441915824691,-46.334928878175,0,28,28,28,5,-46.334928878175
01-Aug-2026 00:27:54,-174.144365835795,-46.0373788892787,0,28,28,28,5,-46.0373788892787
01-Aug-2026 00:27:56,-174.945129572437,-46.838142625921,0,28,28,28,5,-46.838142625921
01-Aug-2026 00:27:58,-174.604299554697,-46.4973126081809,0,28,28,28,4,-46.4973126081809
01-Aug-2026 00:28:00,-174.928011091664,-46.8210241451477,0,28,28,28,4,-46.8210241451477
01-Aug-2026 00:28:02,-175.113534847805,-47.0065479012895,0,27,27,27,4,-47.0065479012895
01-Aug-2026 00:28:04,-174.703486241678,-46.5964992951624,0,27,27,27,4,-46.5964992951624
01-Aug-2026 00:28:06,-167.270929434561,-39.1639424880454,0,27,27,27,5,-39.1639424880454
01-Aug-2026 00:28:08,-167.315230654461,-39.2082437079451,0,27,27,27,3,-39.2082437079451
01-Aug-2026 00:28:10,-166.894923804252,-38.7879368577358,0,27,27,27,3,-38.7879368577358
01-Aug-2026 00:28:12,-166.802211955878,-38.6952250093618,0,26,26,26,3,-38.6952250093618
01-Aug-2026 00:28:14,-167.196957064369,-39.0899701178535,0,26,26,26,4,-39.0899701178535
01-Aug-2026 00:28:16,-166.698260090362,-38.591273143846,0,26,26,26,4,-38.591273143846
01-Aug-2026 00:28:18,-166.972427818538,-38.8654408720218,0,26,26,26,4,-38.8654408720218
01-Aug-2026 00:28:20,-175.615369780505,-47.5083828339896,0,26,26,26,3,-47.5083828339896
01-Aug-2026 00:28:22,-175.262647112993,-47.1556601664771,0,26,26,26,3,-47.1556601664771
01-Aug-2026 00:28:24,-175.438071920521,-47.331084974005,0,27,27,27,3,-47.331084974005
01-Aug-2026 00:28:26,-175.361595709382,-47.2546087628662,0,26,26,26,3,-47.2546087628662
01-Aug-2026 00:28:28,-169.079782423471,-40.9727954769554,0,26,26,26,4,-40.9727954769554
01-Aug-2026 00:28:30,-168.966812181037,-40.8598252345215,0,26,26,26,4,-40.8598252345215
01-Aug-2026 00:28:32,-169.492054525815,-41.3850675792992,0,26,26,26,4,-41.3850675792992
01-Aug-2026 00:28:34,-170.262690240659,-42.1557032941428,0,25,25,25,4,-42.1557032941428
01-Aug-2026 00:28:36,-176.437464586263,-48.330477639747,0,25,25,25,3,-48.330477639747
01-Aug-2026 00:28:38,-176.158226527699,-48.051239581183,0,25,25,25,3,-48.051239581183
01-Aug-2026 00:28:40,-176.543874322933,-48.4368873764176,0,25,25,25,3,-48.4368873764176
01-Aug-2026 00:28:42,-177.142706850784,-49.0357199042678,0,25,25,25,3,-49.0357199042678
01-Aug-2026 00:28:44,-177.578849702398,-49.4718627558819,0,25,25,25,3,-49.4718627558819
01-Aug-2026 00:28:46,-177.543409196759,-49.4364222502432,0,25,25,25,3,-49.4364222502432
01-Aug-2026 00:28:48,-178.894411193841,-50.787424247325,0,25,25,25,2,-50.787424247325
01-Aug-2026 00:28:50,-190.532749946794,-62.4257630002782,0,25,25,25,1,-62.4257630002782
01-Aug-2026 00:28:52,-190.452018099558,-62.3450311530425,0,25,25,25,1,-62.3450311530425
01-Aug-2026 00:28:54,-190.193688190169,-62.0867012436527,0,25,25,25,1,-62.0867012436527
01-Aug-2026 00:28:56,-165.4664129624,-37.3594260158839,0,25,25,25,2,-37.3594260158839
01-Aug-2026 00:28:58,-165.778698197838,-37.6717112513217,0,25,25,25,2,-37.6717112513217
01-Aug-2026 00:29:00,-166.445386019191,-38.3383990726754,0,25,25,25,3,-38.3383990726754
01-Aug-2026 00:29:02,-166.640876215131,-38.5338892686149,0,26,26,26,3,-38.5338892686149
01-Aug-2026 00:29:04,-165.622324570288,-37.5153376237721,0,26,26,26,5,-37.5153376237721
01-Aug-2026 00:29:06,-165.676404528616,-37.5694175821,0,26,26,26,5,-37.5694175821
01-Aug-2026 00:29:08,-165.748359277082,-37.6413723305666,0,26,26,26,4,-37.6413723305666
01-Aug-2026 00:29:10,-165.273238040732,-37.1662510942159,0,26,26,26,4,-37.1662510942159
01-Aug-2026 00:29:12,-165.775627597181,-37.6686406506649,0,26,26,26,3,-37.6686406506649
01-Aug-2026 00:29:14,-165.068125502533,-36.9611385560175,0,26,26,26,3,-36.9611385560175
01-Aug-2026 00:29:16,-165.500914013451,-37.3939270669354,0,26,26,26,3,-37.3939270669354
01-Aug-2026 00:29:18,-165.651509981557,-37.5445230350409,0,26,26,26,2,-37.5445230350409
01-Aug-2026 00:29:20,-165.66129432615,-37.5543073796338,0,26,26,26,3,-37.5543073796338
01-Aug-2026 00:29:22,-165.660793448707,-37.5538065021916,0,26,26,26,3,-37.5538065021916
01-Aug-2026 00:29:24,-165.609360359404,-37.5023734128877,0,26,26,26,3,-37.5023734128877
01-Aug-2026 00:29:26,-165.424365376031,-37.3173784295153,0,27,27,27,3,-37.3173784295153
01-Aug-2026 00:29:28,-165.390692436964,-37.2837054904478,0,27,27,27,3,-37.2837054904478
01-Aug-2026 00:29:30,-164.929349835505,-36.8223628889895,0,27,27,27,3,-36.8223628889895
01-Aug-2026 00:29:32,-183.541002587423,-55.4340156409069,0,27,27,27,1,-55.4340156409069
01-Aug-2026 00:29:34,-184.325249953256,-56.2182630067402,0,27,27,27,1,-56.2182630067402
01-Aug-2026 00:29:36,-184.725087770049,-56.6181008235329,0,27,27,27,1,-56.6181008235329
01-Aug-2026 00:29:38,-184.971679819358,-56.8646928728423,0,27,27,27,1,-56.8646928728423
01-Aug-2026 00:29:40,-185.069552380296,-56.96256543378,0,27,27,27,1,-56.96256543378
01-Aug-2026 00:29:42,-3076.52655568589,-2948.41956873937,0,27,27,27,0,-2948.41956873937
01-Aug-2026 00:29:44,-196.809534707394,-68.7025477608777,0,27,27,27,1,-68.7025477608777
01-Aug-2026 00:29:46,-196.905472934302,-68.7984859877857,0,27,27,27,1,-68.7984859877857
01-Aug-2026 00:29:48,-197.238822838733,-69.1318358922172,0,27,27,27,1,-69.1318358922172
01-Aug-2026 00:29:50,-160.636765015729,-32.5297780692128,0,27,27,27,2,-32.5297780692128
01-Aug-2026 00:29:52,-160.304922690092,-32.197935743576,0,29,29,29,4,-32.197935743576
01-Aug-2026 00:29:54,-160.670996060092,-32.5640091135759,0,30,30,30,5,-32.5640091135759
01-Aug-2026 00:29:56,-178.434117065438,-50.3271301189216,0,30,30,30,5,-50.3271301189216
01-Aug-2026 00:29:58,-183.030952549398,-54.9239656028818,0,30,30,30,4,-54.9239656028818
01-Aug-2026 00:30:00,-189.997089866152,-61.8901029196361,0,30,30,30,3,-61.8901029196361
01-Aug-2026 00:30:02,-163.48637236265,-35.379385416134,0,30,30,30,4,-35.379385416134
01-Aug-2026 00:30:04,-163.620571659541,-35.5135847130251,0,29,29,29,3,-35.5135847130251
01-Aug-2026 00:30:06,-163.535949415068,-35.4289624685522,0,29,29,29,2,-35.4289624685522
01-Aug-2026 00:30:08,-3076.52655568589,-2948.41956873937,0,28,28,28,0,-2948.41956873937
01-Aug-2026 00:30:10,-187.454856381237,-59.3478694347213,0,28,28,28,1,-59.3478694347213
01-Aug-2026 00:30:12,-187.033803046174,-58.9268160996583,0,28,28,28,1,-58.9268160996583
01-Aug-2026 00:30:14,-187.163269743962,-59.0562827974462,0,28,28,28,1,-59.0562827974462
01-Aug-2026 00:30:16,-186.49119823124,-58.3842112847241,0,28,28,28,1,-58.3842112847241
01-Aug-2026 00:30:18,-183.813105744801,-55.7061187982855,0,28,28,28,2,-55.7061187982855
01-Aug-2026 00:30:20,-184.049943974446,-55.9429570279302,0,28,28,28,2,-55.9429570279302
01-Aug-2026 00:30:22,-183.934287106029,-55.8273001595133,0,28,28,28,2,-55.8273001595133
01-Aug-2026 00:30:24,-183.799683002085,-55.692696055569,0,28,28,28,2,-55.692696055569
01-Aug-2026 00:30:26,-183.616165375637,-55.509178429121,0,26,26,26,2,-55.509178429121
01-Aug-2026 00:30:28,-183.484590038166,-55.3776030916506,0,26,26,26,2,-55.3776030916506
01-Aug-2026 00:30:30,-183.345841452257,-55.2388545057412,0,26,26,26,2,-55.2388545057412
01-Aug-2026 00:30:32,-183.261339529907,-55.1543525833908,0,26,26,26,2,-55.1543525833908
01-Aug-2026 00:30:34,-175.853711087522,-47.7467241410063,0,26,26,26,4,-47.7467241410063
01-Aug-2026 00:30:36,-167.993664091437,-39.8866771449207,0,26,26,26,5,-39.8866771449207
01-Aug-2026 00:30:38,-168.462875011128,-40.3558880646121,0,26,26,26,6,-40.3558880646121
01-Aug-2026 00:30:40,-169.208234697901,-41.1012477513852,0,26,26,26,7,-41.1012477513852
01-Aug-2026 00:30:42,-169.657269115152,-41.5502821686361,0,26,26,26,7,-41.5502821686361
01-Aug-2026 00:30:44,-170.572763360571,-42.4657764140553,0,25,25,25,5,-42.4657764140553
01-Aug-2026 00:30:46,-171.255773149968,-43.1487862034517,0,24,24,24,4,-43.1487862034517
01-Aug-2026 00:30:48,-171.772775524987,-43.6657885784714,0,24,24,24,4,-43.6657885784714
01-Aug-2026 00:30:50,-161.715450089607,-33.6084631430913,0,24,24,24,4,-33.6084631430913
01-Aug-2026 00:30:52,-162.175225969181,-34.0682390226656,0,24,24,24,4,-34.0682390226656
01-Aug-2026 00:30:54,-162.401813204024,-34.2948262575084,0,24,24,24,5,-34.2948262575084
01-Aug-2026 00:30:56,-162.258962048813,-34.1519751022968,0,24,24,24,4,-34.1519751022968
01-Aug-2026 00:30:58,-162.05234757823,-33.9453606317139,0,24,24,24,5,-33.9453606317139
01-Aug-2026 00:31:00,-161.863136523002,-33.7561495764863,0,24,24,24,5,-33.7561495764863
01-Aug-2026 00:31:02,-161.392900464986,-33.2859135184699,0,24,24,24,6,-33.2859135184699
01-Aug-2026 00:31:04,-161.036892184705,-32.9299052381894,0,24,24,24,6,-32.9299052381894
01-Aug-2026 00:31:06,-161.328391301995,-33.2214043554788,0,24,24,24,5,-33.2214043554788
01-Aug-2026 00:31:08,-161.604208247056,-33.4972213005397,0,24,24,24,4,-33.4972213005397
01-Aug-2026 00:31:10,-161.986397470153,-33.8794105236375,0,24,24,24,4,-33.8794105236375
01-Aug-2026 00:31:12,-162.710888895562,-34.6039019490461,0,26,26,26,4,-34.6039019490461
01-Aug-2026 00:31:14,-162.741214855875,-34.6342279093587,0,26,26,26,5,-34.6342279093587
01-Aug-2026 00:31:16,-162.339195049154,-34.2322081026385,0,26,26,26,5,-34.2322081026385
01-Aug-2026 00:31:18,-162.182912317609,-34.075925371093,0,26,26,26,3,-34.075925371093
01-Aug-2026 00:31:20,-162.194047105263,-34.0870601587475,0,26,26,26,3,-34.0870601587475
01-Aug-2026 00:31:22,-161.510787071949,-33.4038001254329,0,26,26,26,3,-33.4038001254329
01-Aug-2026 00:31:24,-162.053135819548,-33.9461488730319,0,26,26,26,3,-33.9461488730319
01-Aug-2026 00:31:26,-162.024134136757,-33.9171471902407,0,26,26,26,4,-33.9171471902407
01-Aug-2026 00:31:28,-161.869199761446,-33.7622128149302,0,26,26,26,4,-33.7622128149302
01-Aug-2026 00:31:30,-162.546736493122,-34.4397495466059,0,26,26,26,5,-34.4397495466059
01-Aug-2026 00:31:32,-162.643404172417,-34.5364172259009,0,26,26,26,6,-34.5364172259009
01-Aug-2026 00:31:34,-162.722358304139,-34.6153713576231,0,27,27,27,7,-34.6153713576231
01-Aug-2026 00:31:36,-171.917514577881,-43.810527631365,0,27,27,27,7,-43.810527631365
01-Aug-2026 00:31:38,-172.423458322556,-44.3164713760397,0,27,27,27,6,-44.3164713760397
01-Aug-2026 00:31:40,-171.874924987294,-43.7679380407786,0,27,27,27,7,-43.7679380407786
01-Aug-2026 00:31:42,-171.795459171179,-43.6884722246631,0,28,28,28,7,-43.6884722246631
01-Aug-2026 00:31:44,-171.559509445665,-43.4525224991494,0,28,28,28,6,-43.4525224991494
01-Aug-2026 00:31:46,-171.748943598026,-43.6419566515098,0,28,28,28,6,-43.6419566515098
01-Aug-2026 00:31:48,-171.223856293716,-43.1168693472,0,28,28,28,7,-43.1168693472
01-Aug-2026 00:31:50,-171.41696581446,-43.309978867944,0,27,27,27,6,-43.309978867944
01-Aug-2026 00:31:52,-171.060894536991,-42.9539075904748,0,27,27,27,7,-42.9539075904748
01-Aug-2026 00:31:54,-178.675660633208,-50.5686736866926,0,27,27,27,5,-50.5686736866926
01-Aug-2026 00:31:56,-178.425873987308,-50.3188870407919,0,27,27,27,5,-50.3188870407919
01-Aug-2026 00:31:58,-178.761770341446,-50.6547833949298,0,28,28,28,6,-50.6547833949298
01-Aug-2026 00:32:00,-178.725048657051,-50.6180617105347,0,28,28,28,6,-50.6180617105347
01-Aug-2026 00:32:02,-178.85522697327,-50.7482400267545,0,28,28,28,6,-50.7482400267545
01-Aug-2026 00:32:04,-179.147458722029,-51.0404717755129,0,27,27,27,5,-51.0404717755129
01-Aug-2026 00:32:06,-181.679021655039,-53.5720347085229,0,27,27,27,4,-53.5720347085229
01-Aug-2026 00:32:08,-172.220356095833,-44.113369149317,0,27,27,27,5,-44.113369149317
01-Aug-2026 00:32:10,-172.668286018842,-44.5612990723266,0,27,27,27,5,-44.5612990723266
01-Aug-2026 00:32:12,-172.465079247986,-44.3580923014698,0,28,28,28,8,-44.3580923014698
01-Aug-2026 00:32:14,-172.842084816171,-44.7350978696553,0,27,27,27,6,-44.7350978696553
01-Aug-2026 00:32:16,-173.064364650483,-44.9573777039669,0,27,27,27,6,-44.9573777039669
01-Aug-2026 00:32:18,-172.260035093445,-44.1530481469288,0,26,26,26,6,-44.1530481469288
01-Aug-2026 00:32:20,-172.019545251215,-43.9125583046988,0,26,26,26,6,-43.9125583046988
01-Aug-2026 00:32:22,-171.684350398586,-43.5773634520698,0,25,25,25,5,-43.5773634520698
01-Aug-2026 00:32:24,-170.991152656791,-42.8841657102753,0,25,25,25,6,-42.8841657102753
01-Aug-2026 00:32:26,-171.037355316474,-42.930368369958,0,25,25,25,5,-42.930368369958
01-Aug-2026 00:32:28,-171.311573626695,-43.2045866801796,0,25,25,25,5,-43.2045866801796
01-Aug-2026 00:32:30,-171.140490952738,-43.0335040062221,0,25,25,25,5,-43.0335040062221
01-Aug-2026 00:32:32,-170.839175259069,-42.7321883125529,0,25,25,25,5,-42.7321883125529
01-Aug-2026 00:32:34,-170.758998638856,-42.6520116923399,0,25,25,25,5,-42.6520116923399
01-Aug-2026 00:32:36,-184.190729744234,-56.0837427977186,0,25,25,25,5,-56.0837427977186
01-Aug-2026 00:32:38,-182.838812854122,-54.7318259076062,0,25,25,25,6,-54.7318259076062
01-Aug-2026 00:32:40,-182.8007928632,-54.6938059166843,0,25,25,25,6,-54.6938059166843
01-Aug-2026 00:32:42,-183.108075046484,-55.0010880999685,0,25,25,25,6,-55.0010880999685
01-Aug-2026 00:32:44,-183.328886358337,-55.2218994118214,0,25,25,25,5,-55.2218994118214
01-Aug-2026 00:32:46,-183.37545781882,-55.2684708723044,0,25,25,25,5,-55.2684708723044
01-Aug-2026 00:32:48,-185.363466940711,-57.2564799941956,0,25,25,25,4,-57.2564799941956
01-Aug-2026 00:32:50,-185.834206068072,-57.7272191215557,0,25,25,25,3,-57.7272191215557
01-Aug-2026 00:32:52,-186.198202084915,-58.0912151383993,0,25,25,25,3,-58.0912151383993
01-Aug-2026 00:32:54,-186.244005984392,-58.137019037876,0,26,26,26,3,-58.137019037876
01-Aug-2026 00:32:56,-186.546971353686,-58.4399844071705,0,26,26,26,3,-58.4399844071705
01-Aug-2026 00:32:58,-182.284883245978,-54.1778962994626,0,26,26,26,4,-54.1778962994626
01-Aug-2026 00:33:00,-182.272492852386,-54.1655059058703,0,26,26,26,5,-54.1655059058703
01-Aug-2026 00:33:02,-182.373469637211,-54.2664826906953,0,26,26,26,5,-54.2664826906953
01-Aug-2026 00:33:04,-187.047708383666,-58.9407214371506,0,26,26,26,3,-58.9407214371506
01-Aug-2026 00:33:06,-187.328843526283,-59.2218565797667,0,26,26,26,3,-59.2218565797667
01-Aug-2026 00:33:08,-173.492125043616,-45.3851380970999,0,26,26,26,4,-45.3851380970999
01-Aug-2026 00:33:10,-173.873598812963,-45.7666118664469,0,26,26,26,5,-45.7666118664469
01-Aug-2026 00:33:12,-174.573772601417,-46.4667856549016,0,26,26,26,4,-46.4667856549016
01-Aug-2026 00:33:14,-174.477053178042,-46.3700662315259,0,26,26,26,3,-46.3700662315259
01-Aug-2026 00:33:16,-174.738924146042,-46.6319371995257,0,26,26,26,3,-46.6319371995257
01-Aug-2026 00:33:18,-173.094618265914,-44.9876313193983,0,27,27,27,4,-44.9876313193983
01-Aug-2026 00:33:20,-172.55031114423,-44.4433241977145,0,27,27,27,4,-44.4433241977145
01-Aug-2026 00:33:22,-173.680683498072,-45.5736965515559,0,27,27,27,4,-45.5736965515559
01-Aug-2026 00:33:24,-173.379984502131,-45.2729975556155,0,27,27,27,4,-45.2729975556155
01-Aug-2026 00:33:26,-172.721588334553,-44.6146013880376,0,27,27,27,3,-44.6146013880376
01-Aug-2026 00:33:28,-173.672450744924,-45.5654637984077,0,27,27,27,3,-45.5654637984077
01-Aug-2026 00:33:30,-172.216543916856,-44.1095569703398,0,27,27,27,5,-44.1095569703398
01-Aug-2026 00:33:32,-172.876055027168,-44.7690680806525,0,27,27,27,5,-44.7690680806525
01-Aug-2026 00:33:34,-173.102210183043,-44.995223236527,0,28,28,28,4,-44.995223236527
01-Aug-2026 00:33:36,-173.621362576586,-45.5143756300701,0,28,28,28,5,-45.5143756300701
01-Aug-2026 00:33:38,-172.492691484342,-44.3857045378264,0,28,28,28,6,-44.3857045378264
01-Aug-2026 00:33:40,-171.898849999077,-43.7918630525606,0,28,28,28,6,-43.7918630525606
01-Aug-2026 00:33:42,-171.74357932799,-43.6365923814745,0,29,29,29,6,-43.6365923814745
01-Aug-2026 00:33:44,-169.218654701845,-41.1116677553287,0,29,29,29,7,-41.1116677553287
01-Aug-2026 00:33:46,-169.150286071489,-41.0432991249733,0,29,29,29,7,-41.0432991249733
01-Aug-2026 00:33:48,-171.59536504604,-43.4883780995238,0,29,29,29,6,-43.4883780995238
01-Aug-2026 00:33:50,-164.463452017675,-36.3564650711591,0,29,29,29,7,-36.3564650711591
01-Aug-2026 00:33:52,-163.956202327408,-35.8492153808921,0,29,29,29,6,-35.8492153808921
01-Aug-2026 00:33:54,-164.317305151934,-36.2103182054177,0,28,28,28,5,-36.2103182054177
01-Aug-2026 00:33:56,-163.947129145584,-35.8401421990681,0,29,29,29,5,-35.8401421990681
01-Aug-2026 00:33:58,-164.070809366876,-35.9638224203601,0,28,28,28,5,-35.9638224203601
01-Aug-2026 00:34:00,-164.084749309619,-35.9777623631032,0,28,28,28,5,-35.9777623631032
01-Aug-2026 00:34:02,-164.431500572018,-36.3245136255025,0,28,28,28,5,-36.3245136255025
01-Aug-2026 00:34:04,-163.772270686744,-35.6652837402277,0,28,28,28,5,-35.6652837402277
01-Aug-2026 00:34:06,-163.992617241012,-35.8856302944966,0,28,28,28,5,-35.8856302944966
01-Aug-2026 00:34:08,-163.785819107576,-35.6788321610603,0,28,28,28,6,-35.6788321610603
01-Aug-2026 00:34:10,-163.266236205344,-35.1592492588281,0,28,28,28,6,-35.1592492588281
01-Aug-2026 00:34:12,-162.840670601772,-34.7336836552562,0,28,28,28,8,-34.7336836552562
01-Aug-2026 00:34:14,-163.477790445551,-35.3708034990355,0,28,28,28,7,-35.3708034990355
01-Aug-2026 00:34:16,-162.545638369132,-34.4386514226164,0,27,27,27,4,-34.4386514226164
01-Aug-2026 00:34:18,-162.279223632164,-34.1722366856482,0,26,26,26,3,-34.1722366856482
01-Aug-2026 00:34:20,-173.000901061243,-44.893914114727,0,26,26,26,2,-44.893914114727
01-Aug-2026 00:34:22,-172.213880726276,-44.1068937797606,0,26,26,26,2,-44.1068937797606
01-Aug-2026 00:34:24,-171.567737764308,-43.4607508177918,0,26,26,26,1,-43.4607508177918
01-Aug-2026 00:34:26,-171.206116399075,-43.099129452559,0,26,26,26,1,-43.099129452559
01-Aug-2026 00:34:28,-170.592052154898,-42.4850652083819,0,26,26,26,1,-42.4850652083819
01-Aug-2026 00:34:30,-164.786598484823,-36.679611538307,0,25,25,25,3,-36.679611538307
01-Aug-2026 00:34:32,-164.519782022678,-36.4127950761617,0,25,25,25,3,-36.4127950761617
01-Aug-2026 00:34:34,-164.034210201727,-35.9272232552109,0,25,25,25,3,-35.9272232552109
01-Aug-2026 00:34:36,-165.046815085267,-36.9398281387516,0,24,24,24,1,-36.9398281387516
01-Aug-2026 00:34:38,-3076.52655568589,-2948.41956873937,0,24,24,24,0,-2948.41956873937
01-Aug-2026 00:34:40,-189.738585772961,-61.6315988264451,0,24,24,24,1,-61.6315988264451
01-Aug-2026 00:34:42,-171.667974361238,-43.5609874147217,0,24,24,24,2,-43.5609874147217
01-Aug-2026 00:34:44,-189.96440357442,-61.857416627904,0,24,24,24,1,-61.857416627904
01-Aug-2026 00:34:46,-190.279992975868,-62.1730060293518,0,25,25,25,1,-62.1730060293518
01-Aug-2026 00:34:48,-176.929447463042,-48.8224605165258,0,25,25,25,2,-48.8224605165258
01-Aug-2026 00:34:50,-176.773835451487,-48.6668485049714,0,25,25,25,2,-48.6668485049714
01-Aug-2026 00:34:52,-159.519334331241,-31.412347384725,0,25,25,25,3,-31.412347384725
01-Aug-2026 00:34:54,-159.145656411449,-31.0386694649332,0,25,25,25,4,-31.0386694649332
01-Aug-2026 00:34:56,-159.384205982404,-31.2772190358877,0,25,25,25,5,-31.2772190358877
01-Aug-2026 00:34:58,-159.997249778203,-31.890262831687,0,25,25,25,5,-31.890262831687
01-Aug-2026 00:35:00,-159.776295419119,-31.6693084726033,0,25,25,25,6,-31.6693084726033
01-Aug-2026 00:35:02,-159.929116341753,-31.8221293952374,0,25,25,25,5,-31.8221293952374
01-Aug-2026 00:35:04,-159.829786272982,-31.7227993264663,0,25,25,25,5,-31.7227993264663
01-Aug-2026 00:35:06,-159.74144947462,-31.6344625281041,0,25,25,25,5,-31.6344625281041
01-Aug-2026 00:35:08,-159.510269626154,-31.4032826796386,0,25,25,25,5,-31.4032826796386
01-Aug-2026 00:35:10,-159.237637890038,-31.1306509435217,0,26,26,26,7,-31.1306509435217
01-Aug-2026 00:35:12,-159.665530144784,-31.5585431982679,0,26,26,26,7,-31.5585431982679
01-Aug-2026 00:35:14,-159.430024009415,-31.3230370628989,0,26,26,26,7,-31.3230370628989
01-Aug-2026 00:35:16,-159.294561389704,-31.1875744431878,0,26,26,26,6,-31.1875744431878
01-Aug-2026 00:35:18,-160.102254281018,-31.9952673345026,0,26,26,26,5,-31.9952673345026
01-Aug-2026 00:35:20,-160.249361796795,-32.1423748502795,0,26,26,26,5,-32.1423748502795
01-Aug-2026 00:35:22,-160.517421806337,-32.4104348598215,0,27,27,27,5,-32.4104348598215
01-Aug-2026 00:35:24,-160.258180518218,-32.1511935717026,0,27,27,27,5,-32.1511935717026
01-Aug-2026 00:35:26,-160.211441760099,-32.1044548135835,0,27,27,27,5,-32.1044548135835
01-Aug-2026 00:35:28,-160.321044917959,-32.2140579714435,0,27,27,27,5,-32.2140579714435
01-Aug-2026 00:35:30,-160.647729290112,-32.540742343596,0,27,27,27,5,-32.540742343596
01-Aug-2026 00:35:32,-161.11281430795,-33.0058273614342,0,27,27,27,5,-33.0058273614342
01-Aug-2026 00:35:34,-160.620876687995,-32.5138897414796,0,28,28,28,6,-32.5138897414796
01-Aug-2026 00:35:36,-160.536959633632,-32.4299726871161,0,27,27,27,7,-32.4299726871161
01-Aug-2026 00:35:38,-160.609464740058,-32.5024777935422,0,27,27,27,7,-32.5024777935422
01-Aug-2026 00:35:40,-160.389604449884,-32.2826175033683,0,27,27,27,7,-32.2826175033683
01-Aug-2026 00:35:42,-160.048210110256,-31.94122316374,0,27,27,27,7,-31.94122316374
01-Aug-2026 00:35:44,-159.953285599886,-31.8462986533704,0,27,27,27,8,-31.8462986533704
01-Aug-2026 00:35:46,-160.725464152945,-32.6184772064291,0,27,27,27,7,-32.6184772064291
01-Aug-2026 00:35:48,-160.568999459887,-32.4620125133708,0,27,27,27,8,-32.4620125133708
01-Aug-2026 00:35:50,-160.683748003086,-32.5767610565698,0,28,28,28,7,-32.5767610565698
01-Aug-2026 00:35:52,-160.346068954141,-32.2390820076251,0,28,28,28,7,-32.2390820076251
01-Aug-2026 00:35:54,-159.960271702207,-31.8532847556912,0,27,27,27,7,-31.8532847556912
01-Aug-2026 00:35:56,-160.18533169106,-32.0783447445446,0,27,27,27,7,-32.0783447445446
01-Aug-2026 00:35:58,-160.036410579754,-31.929423633238,0,27,27,27,9,-31.929423633238
01-Aug-2026 00:36:00,-160.181491383146,-32.0745044366302,0,28,28,28,9,-32.0745044366302
01-Aug-2026 00:36:02,-160.710456839352,-32.6034698928364,0,28,28,28,8,-32.6034698928364
01-Aug-2026 00:36:04,-160.400044137201,-32.2930571906849,0,28,28,28,6,-32.2930571906849
01-Aug-2026 00:36:06,-160.459779442217,-32.3527924957013,0,28,28,28,5,-32.3527924957013
01-Aug-2026 00:36:08,-160.113559666738,-32.0065727202222,0,28,28,28,5,-32.0065727202222
01-Aug-2026 00:36:10,-160.586106081066,-32.4791191345498,0,26,26,26,4,-32.4791191345498
01-Aug-2026 00:36:12,-160.577577607191,-32.470590660675,0,26,26,26,5,-32.470590660675
01-Aug-2026 00:36:14,-160.637501605248,-32.5305146587324,0,26,26,26,6,-32.5305146587324
01-Aug-2026 00:36:16,-161.39604429892,-33.2890573524045,0,25,25,25,6,-33.2890573524045
01-Aug-2026 00:36:18,-161.574238471167,-33.4672515246511,0,25,25,25,6,-33.4672515246511
01-Aug-2026 00:36:20,-161.717257022984,-33.6102700764684,0,25,25,25,6,-33.6102700764684
01-Aug-2026 00:36:22,-162.201383090608,-34.0943961440923,0,25,25,25,6,-34.0943961440923
01-Aug-2026 00:36:24,-161.055802369283,-32.9488154227672,0,25,25,25,7,-32.9488154227672
01-Aug-2026 00:36:26,-160.648864525547,-32.5418775790313,0,25,25,25,6,-32.5418775790313
01-Aug-2026 00:36:28,-160.756599463182,-32.6496125166664,0,25,25,25,7,-32.6496125166664
01-Aug-2026 00:36:30,-160.848453001866,-32.7414660553498,0,25,25,25,7,-32.7414660553498
01-Aug-2026 00:36:32,-160.428831844668,-32.3218448981526,0,25,25,25,6,-32.3218448981526
01-Aug-2026 00:36:34,-160.565808847236,-32.4588219007203,0,25,25,25,6,-32.4588219007203
01-Aug-2026 00:36:36,-159.568187942677,-31.4612009961616,0,25,25,25,6,-31.4612009961616
01-Aug-2026 00:36:38,-159.634381307321,-31.5273943608053,0,25,25,25,6,-31.5273943608053
01-Aug-2026 00:36:40,-159.522863391997,-31.415876445481,0,25,25,25,6,-31.415876445481
01-Aug-2026 00:36:42,-159.243466742025,-31.1364797955093,0,25,25,25,5,-31.1364797955093
01-Aug-2026 00:36:44,-173.373426785687,-45.266439839171,0,25,25,25,4,-45.266439839171
01-Aug-2026 00:36:46,-173.026188024621,-44.9192010781055,0,25,25,25,4,-44.9192010781055
01-Aug-2026 00:36:48,-173.205138407074,-45.0981514605582,0,26,26,26,4,-45.0981514605582
01-Aug-2026 00:36:50,-172.601055603311,-44.4940686567952,0,26,26,26,4,-44.4940686567952
01-Aug-2026 00:36:52,-171.973849140182,-43.866862193666,0,26,26,26,6,-43.866862193666
01-Aug-2026 00:36:54,-172.073572663664,-43.9665857171478,0,26,26,26,6,-43.9665857171478
01-Aug-2026 00:36:56,-171.856622004717,-43.7496350582009,0,26,26,26,6,-43.7496350582009
01-Aug-2026 00:36:58,-172.230749287728,-44.1237623412125,0,26,26,26,5,-44.1237623412125
01-Aug-2026 00:37:00,-172.123514091442,-44.0165271449259,0,26,26,26,4,-44.0165271449259
01-Aug-2026 00:37:02,-171.82702305106,-43.7200361045439,0,26,26,26,5,-43.7200361045439
01-Aug-2026 00:37:04,-181.20400509006,-53.0970181435443,0,26,26,26,4,-53.0970181435443
01-Aug-2026 00:37:06,-163.765192180935,-35.6582052344192,0,26,26,26,5,-35.6582052344192
01-Aug-2026 00:37:08,-163.463296958389,-35.3563100118727,0,27,27,27,6,-35.3563100118727
01-Aug-2026 00:37:10,-163.181456961042,-35.0744700145264,0,27,27,27,8,-35.0744700145264
01-Aug-2026 00:37:12,-163.071468127017,-34.9644811805015,0,27,27,27,8,-34.9644811805015
01-Aug-2026 00:37:14,-162.33514151418,-34.2281545676639,0,28,28,28,7,-34.2281545676639
01-Aug-2026 00:37:16,-161.940147209901,-33.8331602633851,0,28,28,28,6,-33.8331602633851
01-Aug-2026 00:37:18,-161.82428532238,-33.7172983758646,0,28,28,28,5,-33.7172983758646
01-Aug-2026 00:37:20,-161.97566254234,-33.8686755958245,0,28,28,28,5,-33.8686755958245
01-Aug-2026 00:37:22,-162.114227235571,-34.0072402890556,0,27,27,27,5,-34.0072402890556
01-Aug-2026 00:37:24,-158.112179504944,-30.0051925584285,0,27,27,27,6,-30.0051925584285
01-Aug-2026 00:37:26,-158.648409614089,-30.5414226675733,0,27,27,27,6,-30.5414226675733
01-Aug-2026 00:37:28,-159.128953741174,-31.0219667946585,0,27,27,27,6,-31.0219667946585
01-Aug-2026 00:37:30,-158.799441784075,-30.6924548375593,0,27,27,27,7,-30.6924548375593
01-Aug-2026 00:37:32,-162.491027669708,-34.3840407231923,0,28,28,28,6,-34.3840407231923
01-Aug-2026 00:37:34,-162.378680254633,-34.2716933081169,0,29,29,29,6,-34.2716933081169
01-Aug-2026 00:37:36,-161.516502596631,-33.4095156501155,0,29,29,29,7,-33.4095156501155
01-Aug-2026 00:37:38,-157.467646181547,-29.3606592350308,0,29,29,29,8,-29.3606592350308
01-Aug-2026 00:37:40,-157.5247839924,-29.4177970458838,0,29,29,29,8,-29.4177970458838
01-Aug-2026 00:37:42,-157.579578334958,-29.4725913884423,0,29,29,29,8,-29.4725913884423
01-Aug-2026 00:37:44,-157.69472964832,-29.5877427018046,0,29,29,29,7,-29.5877427018046
01-Aug-2026 00:37:46,-157.711007679078,-29.6040207325624,0,29,29,29,6,-29.6040207325624
01-Aug-2026 00:37:48,-157.976603931402,-29.8696169848861,0,29,29,29,6,-29.8696169848861
01-Aug-2026 00:37:50,-159.132851059717,-31.0258641132015,0,28,28,28,6,-31.0258641132015
01-Aug-2026 00:37:52,-159.03848269378,-30.931495747264,0,28,28,28,5,-30.931495747264
01-Aug-2026 00:37:54,-159.617340871962,-31.5103539254461,0,28,28,28,4,-31.5103539254461
01-Aug-2026 00:37:56,-159.088567735968,-30.981580789452,0,28,28,28,5,-30.981580789452
01-Aug-2026 00:37:58,-160.002519479683,-31.8955325331676,0,28,28,28,5,-31.8955325331676
01-Aug-2026 00:38:00,-159.7517723591,-31.6447854125837,0,28,28,28,4,-31.6447854125837
01-Aug-2026 00:38:02,-160.17808016465,-32.0710932181344,0,28,28,28,4,-32.0710932181344
01-Aug-2026 00:38:04,-160.482577284699,-32.3755903381831,0,28,28,28,3,-32.3755903381831
01-Aug-2026 00:38:06,-160.635909065562,-32.5289221190458,0,27,27,27,3,-32.5289221190458
01-Aug-2026 00:38:08,-160.693559596954,-32.5865726504385,0,27,27,27,3,-32.5865726504385
01-Aug-2026 00:38:10,-173.203968168513,-45.0969812219969,0,26,26,26,2,-45.0969812219969
01-Aug-2026 00:38:12,-173.159352175986,-45.0523652294701,0,25,25,25,2,-45.0523652294701
01-Aug-2026 00:38:14,-158.647673756266,-30.54068680975,0,25,25,25,2,-30.54068680975
01-Aug-2026 00:38:16,-158.380062019506,-30.2730750729905,0,25,25,25,2,-30.2730750729905
01-Aug-2026 00:38:18,-158.434364862966,-30.3273779164503,0,25,25,25,3,-30.3273779164503
01-Aug-2026 00:38:20,-158.903984155399,-30.7969972088828,0,25,25,25,3,-30.7969972088828
01-Aug-2026 00:38:22,-166.945973910991,-38.8389869644755,0,25,25,25,3,-38.8389869644755
01-Aug-2026 00:38:24,-166.87418578964,-38.7671988431246,0,26,26,26,3,-38.7671988431246
01-Aug-2026 00:38:26,-166.953516881565,-38.8465299350492,0,26,26,26,4,-38.8465299350492
01-Aug-2026 00:38:28,-168.393020174485,-40.2860332279696,0,26,26,26,5,-40.2860332279696
01-Aug-2026 00:38:30,-167.723247704924,-39.6162607584082,0,25,25,25,7,-39.6162607584082
01-Aug-2026 00:38:32,-168.396358916158,-40.289371969642,0,25,25,25,7,-40.289371969642
01-Aug-2026 00:38:34,-168.60923475052,-40.5022478040039,0,25,25,25,6,-40.5022478040039
01-Aug-2026 00:38:36,-161.167244364468,-33.0602574179518,0,25,25,25,6,-33.0602574179518
01-Aug-2026 00:38:38,-161.122723515691,-33.015736569175,0,25,25,25,5,-33.015736569175
01-Aug-2026 00:38:40,-161.304314750165,-33.1973278036488,0,25,25,25,4,-33.1973278036488
01-Aug-2026 00:38:42,-161.847210276791,-33.7402233302755,0,25,25,25,4,-33.7402233302755
01-Aug-2026 00:38:44,-163.56772841612,-35.4607414696043,0,25,25,25,3,-35.4607414696043
01-Aug-2026 00:38:46,-164.66058986208,-36.5536029155643,0,25,25,25,4,-36.5536029155643
01-Aug-2026 00:38:48,-164.445367481847,-36.3383805353315,0,25,25,25,5,-36.3383805353315
01-Aug-2026 00:38:50,-173.238631138122,-45.1316441916061,0,25,25,25,4,-45.1316441916061
01-Aug-2026 00:38:52,-165.014895711358,-36.9079087648417,0,25,25,25,5,-36.9079087648417
01-Aug-2026 00:38:54,-164.571002122634,-36.4640151761183,0,25,25,25,5,-36.4640151761183
01-Aug-2026 00:38:56,-164.899140883055,-36.7921539365387,0,25,25,25,5,-36.7921539365387
01-Aug-2026 00:38:58,-164.552440933803,-36.4454539872874,0,25,25,25,4,-36.4454539872874
01-Aug-2026 00:39:00,-163.83075316985,-35.7237662233337,0,25,25,25,5,-35.7237662233337
01-Aug-2026 00:39:02,-163.507838668457,-35.4008517219414,0,25,25,25,5,-35.4008517219414
01-Aug-2026 00:39:04,-164.034090152206,-35.9271032056905,0,25,25,25,5,-35.9271032056905
01-Aug-2026 00:39:06,-164.426084234107,-36.319097287591,0,25,25,25,5,-36.319097287591
01-Aug-2026 00:39:08,-164.341235888704,-36.2342489421877,0,25,25,25,5,-36.2342489421877
01-Aug-2026 00:39:10,-165.54027588488,-37.4332889383643,0,27,27,27,7,-37.4332889383643
01-Aug-2026 00:39:12,-164.90571454902,-36.7987276025044,0,27,27,27,8,-36.7987276025044
01-Aug-2026 00:39:14,-164.44697542541,-36.3399884788942,0,27,27,27,8,-36.3399884788942
01-Aug-2026 00:39:16,-163.886465522832,-35.7794785763158,0,27,27,27,10,-35.7794785763158
01-Aug-2026 00:39:18,-164.310185634951,-36.203198688435,0,27,27,27,11,-36.203198688435
01-Aug-2026 00:39:20,-164.759147592742,-36.6521606462262,0,27,27,27,11,-36.6521606462262
01-Aug-2026 00:39:22,-164.964534423461,-36.8575474769452,0,27,27,27,11,-36.8575474769452
01-Aug-2026 00:39:24,-165.304208034344,-37.1972210878278,0,27,27,27,10,-37.1972210878278
01-Aug-2026 00:39:26,-165.896172244983,-37.7891852984674,0,27,27,27,10,-37.7891852984674
01-Aug-2026 00:39:28,-172.226894204403,-44.1199072578869,0,27,27,27,10,-44.1199072578869
01-Aug-2026 00:39:30,-173.739212107732,-45.6322251612164,0,27,27,27,8,-45.6322251612164
01-Aug-2026 00:39:32,-172.853904953749,-44.746918007233,0,27,27,27,9,-44.746918007233
01-Aug-2026 00:39:34,-178.048761413453,-49.9417744669371,0,27,27,27,6,-49.9417744669371
01-Aug-2026 00:39:36,-178.143352575983,-50.0363656294672,0,27,27,27,5,-50.0363656294672
01-Aug-2026 00:39:38,-177.98396474943,-49.8769778029143,0,27,27,27,6,-49.8769778029143
01-Aug-2026 00:39:40,-177.649647503299,-49.542660556783,0,27,27,27,6,-49.542660556783
01-Aug-2026 00:39:42,-177.541788836369,-49.4348018898536,0,28,28,28,6,-49.4348018898536
01-Aug-2026 00:39:44,-177.144702549945,-49.0377156034288,0,28,28,28,6,-49.0377156034288
01-Aug-2026 00:39:46,-176.86192145077,-48.7549345042545,0,28,28,28,5,-48.7549345042545
01-Aug-2026 00:39:48,-176.857801000069,-48.7508140535533,0,28,28,28,5,-48.7508140535533
01-Aug-2026 00:39:50,-176.348755802471,-48.2417688559554,0,28,28,28,5,-48.2417688559554
01-Aug-2026 00:39:52,-176.494802150662,-48.3878152041466,0,28,28,28,5,-48.3878152041466
01-Aug-2026 00:39:54,-176.23974681069,-48.1327598641743,0,28,28,28,5,-48.1327598641743
01-Aug-2026 00:39:56,-176.493964162268,-48.3869772157521,0,28,28,28,5,-48.3869772157521
01-Aug-2026 00:39:58,-176.363738668197,-48.256751721681,0,27,27,27,4,-48.256751721681
01-Aug-2026 00:40:00,-176.525810277967,-48.4188233314509,0,27,27,27,4,-48.4188233314509
01-Aug-2026 00:40:02,-175.674754166181,-47.5677672196655,0,26,26,26,4,-47.5677672196655
01-Aug-2026 00:40:04,-175.178417892585,-47.0714309460694,0,26,26,26,4,-47.0714309460694
01-Aug-2026 00:40:06,-174.25375394596,-46.1467669994446,0,26,26,26,6,-46.1467669994446
01-Aug-2026 00:40:08,-173.523702991748,-45.4167160452325,0,26,26,26,6,-45.4167160452325
01-Aug-2026 00:40:10,-179.428836757735,-51.3218498112194,0,26,26,26,5,-51.3218498112194
01-Aug-2026 00:40:12,-177.995649765431,-49.888662818915,0,26,26,26,5,-49.888662818915
01-Aug-2026 00:40:14,-177.772694520025,-49.6657075735091,0,26,26,26,6,-49.6657075735091
01-Aug-2026 00:40:16,-177.593290580867,-49.4863036343507,0,26,26,26,7,-49.4863036343507
01-Aug-2026 00:40:18,-177.806972950663,-49.6999860041471,0,25,25,25,7,-49.6999860041471
01-Aug-2026 00:40:20,-178.095036578389,-49.988049631873,0,25,25,25,7,-49.988049631873
01-Aug-2026 00:40:22,-177.734717894573,-49.627730948057,0,25,25,25,7,-49.627730948057
01-Aug-2026 00:40:24,-178.202046603318,-50.0950596568017,0,25,25,25,6,-50.0950596568017
01-Aug-2026 00:40:26,-178.231793698296,-50.12480675178,0,25,25,25,6,-50.12480675178
01-Aug-2026 00:40:28,-173.800596282131,-45.6936093356148,0,25,25,25,6,-45.6936093356148
01-Aug-2026 00:40:30,-173.768372408793,-45.6613854622772,0,25,25,25,6,-45.6613854622772
01-Aug-2026 00:40:32,-162.132972957515,-34.0259860109988,0,25,25,25,7,-34.0259860109988
01-Aug-2026 00:40:34,-162.044239380134,-33.9372524336185,0,25,25,25,7,-7.90353686211785
01-Aug-2026 00:40:36,-162.178551096851,-34.0715641503355,0,25,25,25,6,-8.83833679501609
01-Aug-2026 00:40:38,-140.396774393151,-12.2897874466356,0,25,25,25,6,-12.2897874466356
01-Aug-2026 00:40:40,-142.239462609431,-14.1324756629154,0,26,26,26,6,-14.1324756629154
01-Aug-2026 00:40:42,-144.310638612235,-16.2036516657195,0,26,26,26,7,-16.2036516657195
01-Aug-2026 00:40:44,-161.091922286558,-32.9849353400421,0,26,26,26,5,-32.9849353400421
01-Aug-2026 00:40:46,-160.307459548859,-32.2004726023435,0,26,26,26,5,-32.2004726023435
01-Aug-2026 00:40:48,-159.601124799679,-31.4941378531628,0,26,26,26,5,-31.4941378531628
01-Aug-2026 00:40:50,-159.471510531908,-31.3645235853923,0,26,26,26,6,-31.3645235853923
01-Aug-2026 00:40:52,-158.906448479979,-30.7994615334632,0,26,26,26,6,-30.7994615334632
01-Aug-2026 00:40:54,-158.530880047504,-30.4238931009884,0,26,26,26,6,-30.4238931009884
01-Aug-2026 00:40:56,-158.664121100356,-30.5571341538405,0,27,27,27,6,-30.5571341538405
01-Aug-2026 00:40:58,-158.004262399703,-29.897275453187,0,27,27,27,6,-29.897275453187
01-Aug-2026 00:41:00,-157.440624075089,-29.3336371285735,0,27,27,27,6,-29.3336371285735
01-Aug-2026 00:41:02,-157.962047443743,-29.8550604972268,0,27,27,27,6,-29.8550604972268
01-Aug-2026 00:41:04,-157.635165869647,-29.5281789231312,0,27,27,27,8,-29.5281789231312
01-Aug-2026 00:41:06,-157.703896322678,-29.5969093761624,0,27,27,27,8,-29.5969093761624
01-Aug-2026 00:41:08,-157.33082420459,-29.2238372580744,0,27,27,27,8,-29.2238372580744
01-Aug-2026 00:41:10,-157.19354571932,-29.086558772804,0,27,27,27,8,-29.086558772804
01-Aug-2026 00:41:12,-157.101782603332,-28.9947956568161,0,27,27,27,8,-28.9947956568161
01-Aug-2026 00:41:14,-157.039718762795,-28.9327318162788,0,27,27,27,8,-28.9327318162788
01-Aug-2026 00:41:16,-157.267448567391,-29.160461620875,0,27,27,27,8,-29.160461620875
01-Aug-2026 00:41:18,-157.389037962037,-29.282051015521,0,27,27,27,7,-29.282051015521
01-Aug-2026 00:41:20,-176.441335786012,-48.334348839496,0,28,28,28,7,-48.334348839496
01-Aug-2026 00:41:22,-176.516165047765,-48.409178101249,0,28,28,28,6,-48.409178101249
01-Aug-2026 00:41:24,-170.525996632773,-42.4190096862572,0,29,29,29,8,-42.4190096862572
01-Aug-2026 00:41:26,-170.61357103508,-42.5065840885644,0,29,29,29,9,-42.5065840885644
01-Aug-2026 00:41:28,-170.622762739166,-42.5157757926503,0,29,29,29,9,-42.5157757926503
01-Aug-2026 00:41:30,-170.376763231105,-42.2697762845887,0,29,29,29,8,-42.2697762845887
01-Aug-2026 00:41:32,-170.324215318328,-42.217228371812,0,29,29,29,9,-42.217228371812
01-Aug-2026 00:41:34,-175.47142024074,-47.364433294224,0,29,29,29,8,-47.364433294224
01-Aug-2026 00:41:36,-175.54079239688,-47.4338054503642,0,28,28,28,8,-47.4338054503642
01-Aug-2026 00:41:38,-175.671716166535,-47.5647292200191,0,29,29,29,8,-47.5647292200191
01-Aug-2026 00:41:40,-175.61520270687,-47.5082157603539,0,28,28,28,8,-47.5082157603539
01-Aug-2026 00:41:42,-175.591114808471,-47.4841278619556,0,28,28,28,9,-47.4841278619556
01-Aug-2026 00:41:44,-175.591901553478,-47.4849146069626,0,28,28,28,9,-47.4849146069626
01-Aug-2026 00:41:46,-175.500684774441,-47.3936978279249,0,28,28,28,9,-47.3936978279249
01-Aug-2026 00:41:48,-175.300944405917,-47.1939574594011,0,28,28,28,9,-47.1939574594011
01-Aug-2026 00:41:50,-175.113387132747,-47.006400186231,0,28,28,28,10,-47.006400186231
01-Aug-2026 00:41:52,-176.092507758043,-47.9855208115269,0,28,28,28,9,-47.9855208115269
01-Aug-2026 00:41:54,-176.990571752859,-48.8835848063428,0,26,26,26,7,-48.8835848063428
01-Aug-2026 00:41:56,-143.736395249459,-15.6294083029431,0,26,26,26,8,-15.6294083029431
01-Aug-2026 00:41:58,-145.10250674465,-16.9955197981338,0,26,26,26,8,-16.9955197981338
01-Aug-2026 00:42:00,-145.643384328454,-17.5363973819381,0,26,26,26,8,-17.5363973819381
01-Aug-2026 00:42:02,-146.069698486209,-17.9627115396931,0,26,26,26,7,-17.9627115396931
01-Aug-2026 00:42:04,-146.418298744338,-18.3113117978221,0,26,26,26,6,-18.3113117978221
01-Aug-2026 00:42:06,-146.658447763094,-18.5514608165779,0,26,26,26,4,-18.5514608165779
01-Aug-2026 00:42:08,-148.06516412943,-19.958177182914,0,26,26,26,5,-19.958177182914
01-Aug-2026 00:42:10,-170.136627502403,-42.0296405558867,0,26,26,26,6,-42.0296405558867
01-Aug-2026 00:42:12,-169.918724864402,-41.8117379178864,0,26,26,26,5,-41.8117379178864
01-Aug-2026 00:42:14,-170.237405007634,-42.1304180611185,0,26,26,26,4,-42.1304180611185
01-Aug-2026 00:42:16,-169.777494563506,-41.6705076169905,0,26,26,26,6,-41.6705076169905
01-Aug-2026 00:42:18,-169.001786446498,-40.8947994999823,0,26,26,26,7,-40.8947994999823
01-Aug-2026 00:42:20,-168.665475152647,-40.5584882061307,0,26,26,26,7,-40.5584882061307
01-Aug-2026 00:42:22,-168.330872278743,-40.2238853322272,0,25,25,25,6,-40.2238853322272
01-Aug-2026 00:42:24,-167.793285661675,-39.686298715159,0,25,25,25,5,-39.686298715159
01-Aug-2026 00:42:26,-167.755006895976,-39.6480199494597,0,25,25,25,5,-39.6480199494597
01-Aug-2026 00:42:28,-167.320143876569,-39.2131569300528,0,25,25,25,5,-39.2131569300528
01-Aug-2026 00:42:30,-167.471408860301,-39.3644219137856,0,25,25,25,5,-39.3644219137856
01-Aug-2026 00:42:32,-167.284399992103,-39.1774130455875,0,25,25,25,5,-39.1774130455875
01-Aug-2026 00:42:34,-166.7835385658,-38.6765516192846,0,25,25,25,5,-38.6765516192846
01-Aug-2026 00:42:36,-166.770698469175,-38.6637115226587,0,25,25,25,5,-38.6637115226587
01-Aug-2026 00:42:38,-166.77079369524,-38.6638067487238,0,25,25,25,5,-38.6638067487238
01-Aug-2026 00:42:40,-167.080819368409,-38.9738324218935,0,25,25,25,5,-38.9738324218935
01-Aug-2026 00:42:42,-166.447348669729,-38.3403617232127,0,25,25,25,5,-38.3403617232127
01-Aug-2026 00:42:44,-166.113287084435,-38.0063001379189,0,25,25,25,5,-38.0063001379189
01-Aug-2026 00:42:46,-165.68494496506,-37.5779580185437,0,25,25,25,5,-37.5779580185437
01-Aug-2026 00:42:48,-165.097957189884,-36.9909702433677,0,25,25,25,6,-36.9909702433677
01-Aug-2026 00:42:50,-165.561992480977,-37.4550055344613,0,25,25,25,6,-37.4550055344613
01-Aug-2026 00:42:52,-164.516414055346,-36.40942710883,0,25,25,25,7,-36.40942710883
01-Aug-2026 00:42:54,-164.662654881055,-36.5556679345395,0,25,25,25,8,-36.5556679345395
01-Aug-2026 00:42:56,-164.416386187074,-36.3093992405582,0,25,25,25,10,-36.3093992405582
01-Aug-2026 00:42:58,-165.143329357186,-37.0363424106696,0,25,25,25,10,-37.0363424106696
01-Aug-2026 00:43:00,-165.021237653883,-36.9142507073668,0,26,26,26,10,-36.9142507073668
01-Aug-2026 00:43:02,-165.564332169534,-37.4573452230185,0,26,26,26,10,-37.4573452230185
01-Aug-2026 00:43:04,-165.140622071377,-37.0336351248611,0,26,26,26,10,-37.0336351248611
01-Aug-2026 00:43:06,-164.890931057425,-36.7839441109092,0,26,26,26,9,-36.7839441109092
01-Aug-2026 00:43:08,-164.661208715171,-36.5542217686551,0,26,26,26,9,-36.5542217686551
01-Aug-2026 00:43:10,-165.570501420922,-37.4635144744062,0,25,25,25,6,-37.4635144744062
01-Aug-2026 00:43:12,-167.59101904049,-39.4840320939742,0,26,26,26,4,-39.4840320939742
01-Aug-2026 00:43:14,-168.045619560743,-39.9386326142273,0,26,26,26,4,-39.9386326142273
01-Aug-2026 00:43:16,-168.424922671325,-40.3179357248088,0,27,27,27,4,-40.3179357248088
01-Aug-2026 00:43:18,-182.28855203827,-54.1815650917538,0,27,27,27,3,-54.1815650917538
01-Aug-2026 00:43:20,-182.26196479802,-54.1549778515037,0,27,27,27,3,-54.1549778515037
01-Aug-2026 00:43:22,-179.029567130742,-50.9225801842266,0,27,27,27,4,-50.9225801842266
01-Aug-2026 00:43:24,-179.575250224911,-51.4682632783947,0,27,27,27,3,-51.4682632783947
01-Aug-2026 00:43:26,-183.045301922627,-54.9383149761113,0,27,27,27,3,-54.9383149761113
01-Aug-2026 00:43:28,-180.066007952478,-51.9590210059619,0,27,27,27,3,-51.9590210059619
01-Aug-2026 00:43:30,-180.546704999515,-52.4397180529987,0,27,27,27,3,-52.4397180529987
01-Aug-2026 00:43:32,-180.684583492903,-52.5775965463867,0,28,28,28,4,-52.5775965463867
01-Aug-2026 00:43:34,-172.452485616157,-44.345498669641,0,29,29,29,3,-44.345498669641
01-Aug-2026 00:43:36,-172.078999833063,-43.972012886547,0,28,28,28,3,-43.972012886547
01-Aug-2026 00:43:38,-172.003443662995,-43.8964567164789,0,28,28,28,3,-43.8964567164789
01-Aug-2026 00:43:40,-171.679259777658,-43.5722728311417,0,28,28,28,3,-43.5722728311417
01-Aug-2026 00:43:42,-171.872535611892,-43.7655486653764,0,28,28,28,3,-43.7655486653764
01-Aug-2026 00:43:44,-170.527085162785,-42.4200982162693,0,28,28,28,4,-42.4200982162693
01-Aug-2026 00:43:46,-170.302925425952,-42.1959384794365,0,28,28,28,4,-42.1959384794365
01-Aug-2026 00:43:48,-169.202563615103,-41.0955766685867,0,27,27,27,5,-41.0955766685867
01-Aug-2026 00:43:50,-169.072295097772,-40.9653081512561,0,27,27,27,4,-40.9653081512561
01-Aug-2026 00:43:52,-174.881189850675,-46.7742029041587,0,27,27,27,4,-46.7742029041587
01-Aug-2026 00:43:54,-175.029542950556,-46.9225560040403,0,26,26,26,4,-46.9225560040403
01-Aug-2026 00:43:56,-175.220941344098,-47.1139543975817,0,26,26,26,4,-47.1139543975817
01-Aug-2026 00:43:58,-175.01071767262,-46.903730726104,0,26,26,26,4,-46.903730726104
01-Aug-2026 00:44:00,-175.237726952053,-47.1307400055375,0,26,26,26,3,-47.1307400055375
01-Aug-2026 00:44:02,-175.695135143413,-47.5881481968971,0,26,26,26,3,-47.5881481968971
01-Aug-2026 00:44:04,-175.920812178024,-47.813825231508,0,26,26,26,2,-47.813825231508
01-Aug-2026 00:44:06,-176.439909241429,-48.3329222949134,0,26,26,26,2,-48.3329222949134
01-Aug-2026 00:44:08,-166.62266444803,-38.5156775015143,0,26,26,26,2,-38.5156775015143
01-Aug-2026 00:44:10,-176.852279433465,-48.7452924869496,0,26,26,26,1,-48.7452924869496
01-Aug-2026 00:44:12,-177.455810347494,-49.3488234009781,0,26,26,26,1,-49.3488234009781
01-Aug-2026 00:44:14,-176.928476023274,-48.8214890767579,0,26,26,26,1,-48.8214890767579
01-Aug-2026 00:44:16,-177.554211983977,-49.4472250374615,0,26,26,26,1,-49.4472250374615
01-Aug-2026 00:44:18,-177.404755853252,-49.2977689067362,0,25,25,25,1,-49.2977689067362
01-Aug-2026 00:44:20,-3076.52655568589,-2948.41956873937,0,25,25,25,0,-2948.41956873937
01-Aug-2026 00:44:22,-3076.52655568589,-2948.41956873937,0,25,25,25,0,-2948.41956873937
01-Aug-2026 00:44:24,-192.016057617429,-63.9090706709127,0,25,25,25,1,-63.9090706709127
01-Aug-2026 00:44:26,-192.323931987182,-64.2169450406658,0,25,25,25,1,-64.2169450406658
01-Aug-2026 00:44:28,-191.514458397543,-63.4074714510267,0,25,25,25,1,-63.4074714510267
01-Aug-2026 00:44:30,-191.311669086187,-63.2046821396707,0,25,25,25,1,-63.2046821396707
01-Aug-2026 00:44:32,-187.931997181321,-59.825010234805,0,25,25,25,2,-59.825010234805
01-Aug-2026 00:44:34,-187.491330676591,-59.3843437300753,0,26,26,26,3,-59.3843437300753
01-Aug-2026 00:44:36,-187.464209120194,-59.3572221736779,0,26,26,26,3,-59.3572221736779
01-Aug-2026 00:44:38,-185.981694322564,-57.874707376048,0,25,25,25,4,-57.874707376048
01-Aug-2026 00:44:40,-177.008820467107,-48.9018335205911,0,26,26,26,5,-48.9018335205911
01-Aug-2026 00:44:42,-177.118003511387,-49.0110165648712,0,26,26,26,5,-49.0110165648712
01-Aug-2026 00:44:44,-177.444091110965,-49.3371041644494,0,26,26,26,5,-49.3371041644494
01-Aug-2026 00:44:46,-186.509243052967,-58.4022561064515,0,26,26,26,4,-58.4022561064515
01-Aug-2026 00:44:48,-186.452385634154,-58.3453986876386,0,26,26,26,5,-58.3453986876386
01-Aug-2026 00:44:50,-186.423624006698,-58.3166370601819,0,26,26,26,5,-58.3166370601819
01-Aug-2026 00:44:52,-186.58690214673,-58.4799152002143,0,27,27,27,4,-58.4799152002143
01-Aug-2026 00:44:54,-186.765018725614,-58.6580317790982,0,27,27,27,4,-58.6580317790982
01-Aug-2026 00:44:56,-188.702353109701,-60.5953661631855,0,27,27,27,3,-60.5953661631855
01-Aug-2026 00:44:58,-173.09999584477,-44.9930088982541,0,27,27,27,5,-44.9930088982541
01-Aug-2026 00:45:00,-173.540919679995,-45.4339327334796,0,27,27,27,5,-45.4339327334796
01-Aug-2026 00:45:02,-174.382246731261,-46.2752597847453,0,27,27,27,4,-46.2752597847453
01-Aug-2026 00:45:04,-175.419194186326,-47.3122072398097,0,27,27,27,4,-47.3122072398097
01-Aug-2026 00:45:06,-175.335932721712,-47.2289457751957,0,27,27,27,4,-47.2289457751957
01-Aug-2026 00:45:08,-175.976805083526,-47.8698181370096,0,27,27,27,4,-47.8698181370096
01-Aug-2026 00:45:10,-176.519549315672,-48.4125623691561,0,28,28,28,4,-48.4125623691561
01-Aug-2026 00:45:12,-153.95617824959,-25.8491913030738,0,28,28,28,6,-25.8491913030738
01-Aug-2026 00:45:14,-153.792048758573,-25.6850618120569,0,28,28,28,5,-25.6850618120569
01-Aug-2026 00:45:16,-177.906469310443,-49.7994823639274,0,29,29,29,5,-49.7994823639274
01-Aug-2026 00:45:18,-177.805681941359,-49.6986949948435,0,29,29,29,5,-49.6986949948435
01-Aug-2026 00:45:20,-178.434614868678,-50.3276279221623,0,29,29,29,5,-50.3276279221623
01-Aug-2026 00:45:22,-178.828311563788,-50.7213246172724,0,29,29,29,5,-50.7213246172724
01-Aug-2026 00:45:24,-179.211356306816,-51.1043693603004,0,29,29,29,5,-51.1043693603004
01-Aug-2026 00:45:26,-179.066297992833,-50.9593110463174,0,28,28,28,5,-50.9593110463174
01-Aug-2026 00:45:28,-178.866958254633,-50.7599713081175,0,29,29,29,4,-50.7599713081175
01-Aug-2026 00:45:30,-179.013457301996,-50.9064703554805,0,29,29,29,3,-50.9064703554805
01-Aug-2026 00:45:32,-178.874111521843,-50.7671245753276,0,28,28,28,3,-50.7671245753276
01-Aug-2026 00:45:34,-180.586949087138,-52.4799621406225,0,28,28,28,2,-52.4799621406225
01-Aug-2026 00:45:36,-180.620855147618,-52.513868201102,0,27,27,27,2,-52.513868201102
01-Aug-2026 00:45:38,-181.001058190201,-52.8940712436852,0,27,27,27,2,-52.8940712436852
01-Aug-2026 00:45:40,-180.791220476336,-52.6842335298204,0,28,28,28,2,-52.6842335298204
01-Aug-2026 00:45:42,-181.00977770197,-52.902790755454,0,28,28,28,2,-52.902790755454
01-Aug-2026 00:45:44,-180.749259309719,-52.6422723632034,0,27,27,27,2,-52.6422723632034
01-Aug-2026 00:45:46,-180.815279715233,-52.7082927687169,0,27,27,27,2,-52.7082927687169
01-Aug-2026 00:45:48,-180.772908680569,-52.6659217340533,0,27,27,27,2,-52.6659217340533
01-Aug-2026 00:45:50,-188.12942222385,-60.0224352773344,0,27,27,27,1,-60.0224352773344
01-Aug-2026 00:45:52,-178.969720549496,-50.8627336029805,0,26,26,26,2,-50.8627336029805
01-Aug-2026 00:45:54,-179.231332273478,-51.1243453269623,0,26,26,26,2,-51.1243453269623
01-Aug-2026 00:45:56,-171.766880544932,-43.6598935984158,0,26,26,26,2,-43.6598935984158
01-Aug-2026 00:45:58,-171.11202336847,-43.0050364219537,0,26,26,26,3,-43.0050364219537
01-Aug-2026 00:46:00,-178.0678875782,-49.9609006316842,0,26,26,26,2,-49.9609006316842
01-Aug-2026 00:46:02,-177.87802370978,-49.7710367632641,0,26,26,26,3,-49.7710367632641
01-Aug-2026 00:46:04,-177.831004952453,-49.7240180059371,0,26,26,26,3,-49.7240180059371
01-Aug-2026 00:46:06,-177.340491181582,-49.2335042350657,0,26,26,26,3,-49.2335042350657
01-Aug-2026 00:46:08,-177.705556146258,-49.5985691997422,0,26,26,26,3,-49.5985691997422
01-Aug-2026 00:46:10,-177.080232691874,-48.9732457453585,0,26,26,26,3,-48.9732457453585
01-Aug-2026 00:46:12,-188.272230047715,-60.1652431011991,0,26,26,26,1,-60.1652431011991
01-Aug-2026 00:46:14,-177.936840272279,-49.8298533257629,0,26,26,26,2,-49.8298533257629
01-Aug-2026 00:46:16,-177.808741368787,-49.7017544222707,0,25,25,25,3,-49.7017544222707
01-Aug-2026 00:46:18,-177.86370397485,-49.7567170283341,0,25,25,25,3,-49.7567170283341
01-Aug-2026 00:46:20,-183.591277489301,-55.4842905427851,0,25,25,25,2,-55.4842905427851
01-Aug-2026 00:46:22,-182.65088697039,-54.5439000238743,0,25,25,25,3,-54.5439000238743
01-Aug-2026 00:46:24,-182.559286442941,-54.4522994964251,0,25,25,25,3,-54.4522994964251
01-Aug-2026 00:46:26,-182.066748063796,-53.9597611172802,0,25,25,25,3,-53.9597611172802
01-Aug-2026 00:46:28,-181.626792164312,-53.5198052177963,0,25,25,25,4,-53.5198052177963
01-Aug-2026 00:46:30,-181.927190575896,-53.8202036293796,0,25,25,25,4,-53.8202036293796
01-Aug-2026 00:46:32,-178.377923854553,-50.2709369080374,0,25,25,25,4,-50.2709369080374
01-Aug-2026 00:46:34,-178.330460855265,-50.2234739087491,0,25,25,25,4,-50.2234739087491
01-Aug-2026 00:46:36,-178.395735184954,-50.2887482384384,0,25,25,25,4,-50.2887482384384
01-Aug-2026 00:46:38,-178.37287454802,-50.2658876015037,0,25,25,25,4,-50.2658876015037
01-Aug-2026 00:46:40,-178.143052863467,-50.0360659169514,0,25,25,25,4,-50.0360659169514
01-Aug-2026 00:46:42,-178.301573466821,-50.1945865203048,0,25,25,25,4,-50.1945865203048
01-Aug-2026 00:46:44,-178.468573672774,-50.3615867262582,0,25,25,25,3,-50.3615867262582
01-Aug-2026 00:46:46,-178.329636608124,-50.2226496616078,0,25,25,25,3,-50.2226496616078
01-Aug-2026 00:46:48,-177.864374848917,-49.7573879024014,0,26,26,26,4,-49.7573879024014
01-Aug-2026 00:46:50,-177.942978662315,-49.8359917157987,0,26,26,26,4,-49.8359917157987
01-Aug-2026 00:46:52,-170.05142056499,-41.9444336184745,0,26,26,26,7,-41.9444336184745
01-Aug-2026 00:46:54,-169.757507212451,-41.6505202659353,0,26,26,26,7,-41.6505202659353
01-Aug-2026 00:46:56,-169.387436128714,-41.2804491821984,0,26,26,26,7,-41.2804491821984
01-Aug-2026 00:46:58,-168.063077943937,-39.9560909974208,0,25,25,25,6,-39.9560909974208
01-Aug-2026 00:47:00,-168.742530451776,-40.6355435052606,0,25,25,25,5,-40.6355435052606
01-Aug-2026 00:47:02,-168.96651543743,-40.8595284909143,0,25,25,25,5,-40.8595284909143
01-Aug-2026 00:47:04,-168.73370317061,-40.6267162240939,0,25,25,25,4,-40.6267162240939
01-Aug-2026 00:47:06,-168.517149739403,-40.4101627928876,0,25,25,25,4,-40.4101627928876
01-Aug-2026 00:47:08,-167.891906854888,-39.7849199083718,0,26,26,26,3,-39.7849199083718
01-Aug-2026 00:47:10,-181.910830803584,-53.8038438570686,0,26,26,26,2,-53.8038438570686
01-Aug-2026 00:47:12,-182.514149492735,-54.4071625462194,0,26,26,26,1,-54.4071625462194
01-Aug-2026 00:47:14,-3076.52655568589,-2948.41956873937,0,26,26,26,0,-2948.41956873937
01-Aug-2026 00:47:16,-3076.52655568589,-2948.41956873937,0,27,27,27,0,-2948.41956873937
01-Aug-2026 00:47:18,-3076.52655568589,-2948.41956873937,0,27,27,27,0,-2948.41956873937
01-Aug-2026 00:47:20,-196.37779733126,-68.2708103847445,0,28,28,28,1,-68.2708103847445
01-Aug-2026 00:47:22,-196.01623796374,-67.9092510172246,0,28,28,28,1,-67.9092510172246
01-Aug-2026 00:47:24,-195.728756406053,-67.6217694595368,0,29,29,29,1,-67.6217694595368
01-Aug-2026 00:47:26,-195.818778149746,-67.7117912032298,0,29,29,29,1,-67.7117912032298
01-Aug-2026 00:47:28,-184.338561414964,-56.2315744684482,0,28,28,28,2,-56.2315744684482
01-Aug-2026 00:47:30,-184.278635770581,-56.1716488240655,0,28,28,28,2,-56.1716488240655
01-Aug-2026 00:47:32,-184.515560028898,-56.4085730823824,0,28,28,28,2,-56.4085730823824
01-Aug-2026 00:47:34,-185.169095926687,-57.0621089801714,0,28,28,28,2,-57.0621089801714
01-Aug-2026 00:47:36,-185.378163919159,-57.271176972643,0,27,27,27,2,-57.271176972643
01-Aug-2026 00:47:38,-185.764237092916,-57.6572501464005,0,27,27,27,1,-57.6572501464005
01-Aug-2026 00:47:40,-185.936881377242,-57.8298944307265,0,27,27,27,1,-57.8298944307265
01-Aug-2026 00:47:42,-186.014883128098,-57.9078961815825,0,27,27,27,1,-57.9078961815825
01-Aug-2026 00:47:44,-181.452786746501,-53.345799799985,0,27,27,27,3,-53.345799799985
01-Aug-2026 00:47:46,-181.232332193447,-53.1253452469312,0,26,26,26,3,-53.1253452469312
01-Aug-2026 00:47:48,-181.319809392318,-53.2128224458023,0,26,26,26,3,-53.2128224458023
01-Aug-2026 00:47:50,-181.360411150814,-53.2534242042979,0,26,26,26,3,-53.2534242042979
01-Aug-2026 00:47:52,-181.297983375285,-53.1909964287687,0,26,26,26,3,-53.1909964287687
01-Aug-2026 00:47:54,-179.278434474181,-51.1714475276656,0,26,26,26,4,-51.1714475276656
01-Aug-2026 00:47:56,-180.316958165323,-52.209971218807,0,26,26,26,3,-52.209971218807
01-Aug-2026 00:47:58,-179.467896279997,-51.3609093334808,0,26,26,26,4,-51.3609093334808
01-Aug-2026 00:48:00,-179.58920247938,-51.4822155328637,0,26,26,26,4,-51.4822155328637
01-Aug-2026 00:48:02,-179.485793547346,-51.3788066008303,0,26,26,26,5,-51.3788066008303
01-Aug-2026 00:48:04,-179.838119126212,-51.7311321796965,0,26,26,26,5,-51.7311321796965
01-Aug-2026 00:48:06,-156.07329140315,-27.9663044566337,0,26,26,26,6,-27.9663044566337
01-Aug-2026 00:48:08,-155.365127169243,-27.258140222727,0,26,26,26,7,-27.258140222727
01-Aug-2026 00:48:10,-155.090496023106,-26.9835090765901,0,26,26,26,6,-26.9835090765901
01-Aug-2026 00:48:12,-154.74101939373,-26.6340324472144,0,25,25,25,6,-26.6340324472144
01-Aug-2026 00:48:14,-153.682900704367,-25.5759137578513,0,25,25,25,5,-25.5759137578513
01-Aug-2026 00:48:16,-181.39629213548,-53.2893051889642,0,24,24,24,4,-53.2893051889642
01-Aug-2026 00:48:18,-181.225749696071,-53.1187627495553,0,24,24,24,4,-53.1187627495553
01-Aug-2026 00:48:20,-181.09194456928,-52.9849576227642,0,24,24,24,4,-52.9849576227642
01-Aug-2026 00:48:22,-156.445525800307,-28.3385388537915,0,25,25,25,5,-28.3385388537915
01-Aug-2026 00:48:24,-155.795512925151,-27.6885259786351,0,25,25,25,5,-27.6885259786351
01-Aug-2026 00:48:26,-154.700530540839,-26.5935435943234,0,25,25,25,6,-26.5935435943234
01-Aug-2026 00:48:28,-154.1085355292,-26.0015485826839,0,26,26,26,5,-26.0015485826839
01-Aug-2026 00:48:30,-154.024395359251,-25.9174084127351,0,26,26,26,5,-25.9174084127351
01-Aug-2026 00:48:32,-153.398680537711,-25.2916935911954,0,26,26,26,5,-25.2916935911954
01-Aug-2026 00:48:34,-153.735187366054,-25.6282004195381,0,26,26,26,5,-25.6282004195381
01-Aug-2026 00:48:36,-182.025445269744,-53.9184583232278,0,26,26,26,4,-53.9184583232278
01-Aug-2026 00:48:38,-183.189386940712,-55.0823999941964,0,26,26,26,3,-55.0823999941964
01-Aug-2026 00:48:40,-182.880082329247,-54.7730953827307,0,26,26,26,2,-54.7730953827307
01-Aug-2026 00:48:42,-182.679683165611,-54.572696219095,0,26,26,26,1,-54.572696219095
01-Aug-2026 00:48:44,-182.766175970433,-54.659189023917,0,27,27,27,1,-54.659189023917
01-Aug-2026 00:48:46,-181.463990228137,-53.3570032816212,0,27,27,27,2,-53.3570032816212
01-Aug-2026 00:48:48,-181.354215941808,-53.2472289952919,0,27,27,27,2,-53.2472289952919
01-Aug-2026 00:48:50,-189.66136253952,-61.5543755930037,0,27,27,27,1,-61.5543755930037
01-Aug-2026 00:48:52,-184.645005410857,-56.5380184643415,0,27,27,27,2,-56.5380184643415
01-Aug-2026 00:48:54,-173.433194348353,-45.3262074018372,0,27,27,27,3,-45.3262074018372
01-Aug-2026 00:48:56,-172.589810290236,-44.4828233437202,0,27,27,27,4,-44.4828233437202
01-Aug-2026 00:48:58,-172.348124846713,-44.2411379001976,0,27,27,27,5,-44.2411379001976
01-Aug-2026 00:49:00,-167.726867861913,-39.6198809153968,0,28,28,28,6,-39.6198809153968
01-Aug-2026 00:49:02,-167.426139502971,-39.3191525564555,0,28,28,28,6,-39.3191525564555
01-Aug-2026 00:49:04,-166.745520688948,-38.6385337424318,0,28,28,28,7,-38.6385337424318
01-Aug-2026 00:49:06,-166.520691874659,-38.4137049281432,0,29,29,29,9,-38.4137049281432
01-Aug-2026 00:49:08,-166.129925559466,-38.0229386129505,0,29,29,29,9,-38.0229386129505
01-Aug-2026 00:49:10,-166.513422383492,-38.4064354369758,0,29,29,29,9,-38.4064354369758
01-Aug-2026 00:49:12,-166.466470652039,-38.3594837055234,0,29,29,29,9,-38.3594837055234
01-Aug-2026 00:49:14,-166.54218428249,-38.4351973359744,0,29,29,29,8,-38.4351973359744
01-Aug-2026 00:49:16,-171.478500152989,-43.3715132064731,0,27,27,27,8,-43.3715132064731
01-Aug-2026 00:49:18,-171.37610043815,-43.269113491634,0,27,27,27,8,-43.269113491634
01-Aug-2026 00:49:20,-171.772995824428,-43.666008877912,0,29,29,29,8,-43.666008877912
01-Aug-2026 00:49:22,-171.924544126059,-43.8175571795429,0,28,28,28,6,-43.8175571795429
01-Aug-2026 00:49:24,-172.529300670006,-44.4223137234899,0,28,28,28,6,-44.4223137234899
01-Aug-2026 00:49:26,-163.018808986229,-34.9118220397127,0,28,28,28,6,-34.9118220397127
01-Aug-2026 00:49:28,-163.072282531979,-34.9652955854628,0,28,28,28,5,-34.9652955854628
01-Aug-2026 00:49:30,-157.015165705796,-28.9081787592801,0,28,28,28,6,-28.9081787592801
01-Aug-2026 00:49:32,-163.342473809203,-35.2354868626873,0,27,27,27,5,-35.2354868626873
01-Aug-2026 00:49:34,-166.746080794957,-38.6390938484413,0,27,27,27,5,-38.6390938484413
01-Aug-2026 00:49:36,-166.775042201536,-38.6680552550201,0,27,27,27,5,-38.6680552550201
01-Aug-2026 00:49:38,-166.933770439587,-38.826783493071,0,27,27,27,4,-38.826783493071
01-Aug-2026 00:49:40,-166.918710798392,-38.8117238518764,0,27,27,27,5,-38.8117238518764
01-Aug-2026 00:49:42,-166.820439682957,-38.713452736441,0,27,27,27,6,-38.713452736441
01-Aug-2026 00:49:44,-166.854026864549,-38.747039918033,0,26,26,26,5,-38.747039918033
01-Aug-2026 00:49:46,-166.722085369812,-38.6150984232957,0,26,26,26,4,-38.6150984232957
01-Aug-2026 00:49:48,-166.107572915944,-38.0005859694282,0,26,26,26,4,-38.0005859694282
01-Aug-2026 00:49:50,-180.839873217944,-52.7328862714277,0,26,26,26,4,-52.7328862714277
01-Aug-2026 00:49:52,-180.581322442237,-52.4743354957209,0,26,26,26,4,-52.4743354957209
01-Aug-2026 00:49:54,-180.722433071586,-52.6154461250699,0,26,26,26,4,-52.6154461250699
01-Aug-2026 00:49:56,-178.953391589824,-50.8464046433081,0,26,26,26,5,-50.8464046433081
01-Aug-2026 00:49:58,-179.100019281829,-50.993032335313,0,26,26,26,5,-50.993032335313
01-Aug-2026 00:50:00,-178.916656000582,-50.8096690540662,0,26,26,26,6,-50.8096690540662
01-Aug-2026 00:50:02,-179.430388898447,-51.3234019519307,0,26,26,26,5,-51.3234019519307
01-Aug-2026 00:50:04,-179.639056248451,-51.5320693019348,0,26,26,26,5,-51.5320693019348
01-Aug-2026 00:50:06,-179.666145731314,-51.5591587847985,0,26,26,26,5,-51.5591587847985
01-Aug-2026 00:50:08,-179.868156820836,-51.7611698743203,0,25,25,25,5,-51.7611698743203
01-Aug-2026 00:50:10,-179.358929566322,-51.2519426198062,0,25,25,25,6,-51.2519426198062
01-Aug-2026 00:50:12,-179.421303266785,-51.3143163202694,0,25,25,25,6,-51.3143163202694
01-Aug-2026 00:50:14,-180.391319699915,-52.2843327533988,0,25,25,25,5,-52.2843327533988
01-Aug-2026 00:50:16,-170.493953417769,-42.3869664712529,0,25,25,25,5,-42.3869664712529
01-Aug-2026 00:50:18,-170.793654351636,-42.6866674051197,0,25,25,25,5,-42.6866674051197
01-Aug-2026 00:50:20,-170.529457545875,-42.4224705993587,0,25,25,25,6,-42.4224705993587
01-Aug-2026 00:50:22,-170.53622485735,-42.4292379108342,0,25,25,25,5,-42.4292379108342
01-Aug-2026 00:50:24,-170.55944947256,-42.4524625260443,0,25,25,25,5,-42.4524625260443
01-Aug-2026 00:50:26,-169.827465115952,-41.7204781694365,0,25,25,25,5,-41.7204781694365
01-Aug-2026 00:50:28,-180.948367336097,-52.841380389581,0,25,25,25,4,-52.841380389581
01-Aug-2026 00:50:30,-181.098727263455,-52.9917403169394,0,25,25,25,4,-52.9917403169394
01-Aug-2026 00:50:32,-181.321609587061,-53.2146226405453,0,25,25,25,4,-53.2146226405453
01-Aug-2026 00:50:34,-181.804186279618,-53.6971993331017,0,25,25,25,3,-53.6971993331017
01-Aug-2026 00:50:36,-181.925314078599,-53.8183271320835,0,26,26,26,3,-53.8183271320835
01-Aug-2026 00:50:38,-181.880136021829,-53.7731490753134,0,26,26,26,3,-53.7731490753134
01-Aug-2026 00:50:40,-181.720335081137,-53.613348134621,0,26,26,26,3,-53.613348134621
01-Aug-2026 00:50:42,-182.028813319379,-53.9218263728627,0,26,26,26,4,-53.9218263728627
01-Aug-2026 00:50:44,-182.154222169856,-54.0472352233402,0,25,25,25,4,-54.0472352233402
01-Aug-2026 00:50:46,-183.903399946052,-55.7964129995365,0,25,25,25,3,-55.7964129995365
01-Aug-2026 00:50:48,-184.078783301174,-55.9717963546579,0,25,25,25,3,-55.9717963546579
01-Aug-2026 00:50:50,-183.634619173394,-55.5276322268781,0,25,25,25,4,-55.5276322268781
01-Aug-2026 00:50:52,-167.577002629727,-39.470015683211,0,25,25,25,6,-39.470015683211
01-Aug-2026 00:50:54,-181.063213273002,-52.956226326486,0,25,25,25,4,-52.956226326486
01-Aug-2026 00:50:56,-164.794535976958,-36.6875490304419,0,25,25,25,5,-36.6875490304419
01-Aug-2026 00:50:58,-165.237261217652,-37.1302742711359,0,25,25,25,4,-37.1302742711359
01-Aug-2026 00:51:00,-166.197734488617,-38.0907475421012,0,26,26,26,4,-38.0907475421012
01-Aug-2026 00:51:02,-167.452525195951,-39.3455382494354,0,26,26,26,4,-39.3455382494354
01-Aug-2026 00:51:04,-167.512713470752,-39.4057265242366,0,26,26,26,5,-39.4057265242366
01-Aug-2026 00:51:06,-168.153849402767,-40.0468624562514,0,26,26,26,5,-40.0468624562514
01-Aug-2026 00:51:08,-168.47359995487,-40.366613008354,0,27,27,27,5,-40.366613008354
01-Aug-2026 00:51:10,-168.893451710591,-40.7864647640747,0,27,27,27,5,-40.7864647640747
01-Aug-2026 00:51:12,-181.572351985043,-53.4653650385271,0,27,27,27,4,-53.4653650385271
01-Aug-2026 00:51:14,-181.96784908964,-53.8608621431243,0,28,28,28,4,-53.8608621431243
01-Aug-2026 00:51:16,-181.800557436755,-53.6935704902393,0,28,28,28,4,-53.6935704902393
01-Aug-2026 00:51:18,-181.834718823861,-53.7277318773453,0,27,27,27,4,-53.7277318773453
01-Aug-2026 00:51:20,-182.046798915837,-53.9398119693207,0,27,27,27,3,-53.9398119693207
01-Aug-2026 00:51:22,-182.479033599967,-54.372046653451,0,28,28,28,3,-54.372046653451
01-Aug-2026 00:51:24,-182.542994865731,-54.4360079192153,0,27,27,27,2,-54.4360079192153
01-Aug-2026 00:51:26,-182.807483511837,-54.7004965653213,0,27,27,27,2,-54.7004965653213
01-Aug-2026 00:51:28,-183.149972419014,-55.0429854724979,0,27,27,27,2,-55.0429854724979
01-Aug-2026 00:51:30,-175.717497172904,-47.6105102263878,0,27,27,27,4,-47.6105102263878
01-Aug-2026 00:51:32,-174.894996833478,-46.7880098869624,0,27,27,27,5,-46.7880098869624
01-Aug-2026 00:51:34,-175.198932012624,-47.0919450661078,0,27,27,27,5,-47.0919450661078
01-Aug-2026 00:51:36,-175.441506069402,-47.3345191228861,0,26,26,26,5,-47.3345191228861
01-Aug-2026 00:51:38,-159.157290218902,-31.0503032723858,0,26,26,26,6,-31.0503032723858
01-Aug-2026 00:51:40,-158.73705322181,-30.6300662752939,0,26,26,26,5,-30.6300662752939
01-Aug-2026 00:51:42,-157.536540465966,-29.4295535194499,0,26,26,26,5,-29.4295535194499
01-Aug-2026 00:51:44,-155.953128948674,-27.8461420021583,0,26,26,26,5,-27.8461420021583
01-Aug-2026 00:51:46,-154.742654098255,-26.6356671517387,0,25,25,25,4,-26.6356671517387
01-Aug-2026 00:51:48,-154.064283363004,-25.9572964164883,0,25,25,25,4,-25.9572964164883
01-Aug-2026 00:51:50,-152.63261613309,-24.5256291865739,0,25,25,25,5,-24.5256291865739
01-Aug-2026 00:51:52,-151.51830230038,-23.4113153538643,0,25,25,25,4,-23.4113153538643
01-Aug-2026 00:51:54,-149.571056487563,-21.4640695410476,0,25,25,25,4,-21.4640695410476
01-Aug-2026 00:51:56,-147.823504733266,-19.7165177867505,0,25,25,25,4,-19.7165177867505
01-Aug-2026 00:51:58,-146.641391946083,-18.5344049995675,0,25,25,25,4,-18.5344049995675
01-Aug-2026 00:52:00,-145.691750663824,-17.5847637173081,0,25,25,25,4,-17.5847637173081
01-Aug-2026 00:52:02,-144.321814459618,-16.2148275131026,0,25,25,25,4,-16.2148275131026
01-Aug-2026 00:52:04,-143.141936192894,-15.0349492463779,0,25,25,25,4,-15.0349492463779
01-Aug-2026 00:52:06,-144.461177239182,-16.354190292666,0,26,26,26,4,-16.354190292666
01-Aug-2026 00:52:08,-145.742398480672,-17.6354115341559,0,26,26,26,4,-17.6354115341559
01-Aug-2026 00:52:10,-146.926185508325,-18.8191985618091,0,26,26,26,3,-18.8191985618091
01-Aug-2026 00:52:12,-148.133309833514,-20.0263228869979,0,26,26,26,3,-20.0263228869979
01-Aug-2026 00:52:14,-149.738921457162,-21.6319345106464,0,25,25,25,3,-21.6319345106464
01-Aug-2026 00:52:16,-151.57891309598,-23.4719261494645,0,25,25,25,4,-23.4719261494645
01-Aug-2026 00:52:18,-152.967096987056,-24.8601100405398,0,25,25,25,4,-24.8601100405398
01-Aug-2026 00:52:20,-154.503109656498,-26.3961227099822,0,26,26,26,6,-26.3961227099822
01-Aug-2026 00:52:22,-155.894798711829,-27.7878117653134,0,26,26,26,5,-27.7878117653134
01-Aug-2026 00:52:24,-156.780036911235,-28.673049964719,0,26,26,26,5,-28.673049964719
01-Aug-2026 00:52:26,-157.65363561909,-29.5466486725745,0,26,26,26,6,-29.5466486725745
01-Aug-2026 00:52:28,-158.614297496388,-30.5073105498718,0,26,26,26,7,-30.5073105498718
01-Aug-2026 00:52:30,-159.418509040502,-31.3115220939865,0,26,26,26,7,-31.3115220939865
01-Aug-2026 00:52:32,-160.225112767333,-32.1181258208176,0,26,26,26,5,-32.1181258208176
01-Aug-2026 00:52:34,-160.150057187436,-32.0430702409198,0,26,26,26,5,-32.0430702409198
01-Aug-2026 00:52:36,-160.267045283301,-32.1600583367855,0,27,27,27,6,-32.1600583367855
01-Aug-2026 00:52:38,-160.613563742388,-32.5065767958717,0,27,27,27,6,-32.5065767958717
01-Aug-2026 00:52:40,-161.093582906731,-32.9865959602155,0,27,27,27,6,-32.9865959602155
01-Aug-2026 00:52:42,-160.794459486335,-32.6874725398193,0,27,27,27,7,-32.6874725398193
01-Aug-2026 00:52:44,-160.715507500744,-32.6085205542277,0,27,27,27,7,-32.6085205542277
01-Aug-2026 00:52:46,-160.530003670976,-32.4230167244598,0,27,27,27,7,-32.4230167244598
01-Aug-2026 00:52:48,-161.124085076688,-33.0170981301723,0,27,27,27,7,-33.0170981301723
01-Aug-2026 00:52:50,-161.789070250786,-33.6820833042702,0,28,28,28,6,-33.6820833042702
01-Aug-2026 00:52:52,-162.488540046387,-34.3815530998713,0,28,28,28,6,-34.3815530998713
01-Aug-2026 00:52:54,-162.585368768534,-34.4783818220183,0,28,28,28,6,-34.4783818220183
01-Aug-2026 00:52:56,-163.378867079675,-35.2718801331594,0,27,27,27,5,-35.2718801331594
01-Aug-2026 00:52:58,-163.937387499378,-35.8304005528618,0,28,28,28,5,-35.8304005528618
01-Aug-2026 00:53:00,-163.415566677963,-35.3085797314471,0,28,28,28,7,-35.3085797314471
01-Aug-2026 00:53:02,-163.795275926431,-35.6882889799156,0,29,29,29,6,-35.6882889799156
01-Aug-2026 00:53:04,-163.817828538149,-35.7108415916334,0,29,29,29,6,-35.7108415916334
01-Aug-2026 00:53:06,-167.980064845298,-39.873077898782,0,28,28,28,6,-39.873077898782
01-Aug-2026 00:53:08,-167.374136723618,-39.2671497771021,0,28,28,28,6,-39.2671497771021
01-Aug-2026 00:53:10,-166.979005730356,-38.8720187838403,0,29,29,29,6,-38.8720187838403
01-Aug-2026 00:53:12,-170.709739516317,-42.6027525698014,0,29,29,29,5,-42.6027525698014
01-Aug-2026 00:53:14,-171.247852814762,-43.1408658682457,0,28,28,28,4,-43.1408658682457
01-Aug-2026 00:53:16,-171.02092398267,-42.9139370361543,0,28,28,28,4,-42.9139370361543
01-Aug-2026 00:53:18,-171.072446380391,-42.9654594338751,0,28,28,28,3,-42.9654594338751
01-Aug-2026 00:53:20,-171.210373508335,-43.1033865618191,0,28,28,28,3,-43.1033865618191
01-Aug-2026 00:53:22,-171.064358349052,-42.9573714025359,0,27,27,27,2,-42.9573714025359
01-Aug-2026 00:53:24,-171.0915724686,-42.9845855220844,0,27,27,27,2,-42.9845855220844
01-Aug-2026 00:53:26,-171.454675246789,-43.3476883002732,0,27,27,27,2,-43.3476883002732
01-Aug-2026 00:53:28,-171.515126620001,-43.4081396734852,0,27,27,27,1,-43.4081396734852
01-Aug-2026 00:53:30,-171.494752054193,-43.3877651076767,0,27,27,27,1,-43.3877651076767
01-Aug-2026 00:53:32,-171.191767214872,-43.0847802683563,0,27,27,27,1,-43.0847802683563
01-Aug-2026 00:53:34,-170.831055718549,-42.7240687720328,0,26,26,26,3,-42.7240687720328
01-Aug-2026 00:53:36,-171.328771480037,-43.2217845335208,0,26,26,26,3,-43.2217845335208
01-Aug-2026 00:53:38,-171.257639415866,-43.1506524693505,0,26,26,26,4,-43.1506524693505
01-Aug-2026 00:53:40,-170.884867401352,-42.7778804548364,0,26,26,26,5,-42.7778804548364
01-Aug-2026 00:53:42,-170.364471114889,-42.2574841683734,0,26,26,26,6,-42.2574841683734
01-Aug-2026 00:53:44,-170.017500703932,-41.9105137574157,0,26,26,26,6,-41.9105137574157
01-Aug-2026 00:53:46,-170.109892807474,-42.0029058609584,0,26,26,26,4,-42.0029058609584
01-Aug-2026 00:53:48,-169.989244151737,-41.8822572052214,0,26,26,26,5,-41.8822572052214
01-Aug-2026 00:53:50,-169.791584067058,-41.6845971205425,0,26,26,26,5,-41.6845971205425
01-Aug-2026 00:53:52,-169.727030234656,-41.6200432881404,0,26,26,26,5,-41.6200432881404
01-Aug-2026 00:53:54,-169.566184839279,-41.4591978927627,0,26,26,26,5,-41.4591978927627
01-Aug-2026 00:53:56,-168.781023378348,-40.6740364318324,0,26,26,26,6,-40.6740364318324
01-Aug-2026 00:53:58,-168.469835008043,-40.3628480615267,0,26,26,26,6,-40.3628480615267
01-Aug-2026 00:54:00,-168.373553178928,-40.2665662324117,0,26,26,26,6,-40.2665662324117
01-Aug-2026 00:54:02,-168.019251461154,-39.9122645146383,0,25,25,25,5,-39.9122645146383
01-Aug-2026 00:54:04,-168.04537047194,-39.9383835254239,0,25,25,25,5,-39.9383835254239
01-Aug-2026 00:54:06,-166.780208465156,-38.6732215186403,0,25,25,25,5,-38.6732215186403
01-Aug-2026 00:54:08,-167.458084171565,-39.3510972250492,0,25,25,25,3,-39.3510972250492
01-Aug-2026 00:54:10,-167.331291072377,-39.2243041258616,0,25,25,25,4,-39.2243041258616
01-Aug-2026 00:54:12,-166.984055530042,-38.8770685835266,0,25,25,25,4,-38.8770685835266
01-Aug-2026 00:54:14,-167.199107174331,-39.0921202278149,0,25,25,25,5,-39.0921202278149
01-Aug-2026 00:54:16,-167.627460365215,-39.5204734186991,0,25,25,25,5,-39.5204734186991
01-Aug-2026 00:54:18,-162.881046297284,-34.7740593507678,0,25,25,25,6,-34.7740593507678
01-Aug-2026 00:54:20,-162.992276047089,-34.8852891005732,0,25,25,25,6,-34.8852891005732
01-Aug-2026 00:54:22,-163.054644057814,-34.9476571112984,0,25,25,25,5,-34.9476571112984
01-Aug-2026 00:54:24,-163.053629017259,-34.9466420707433,0,26,26,26,6,-34.9466420707433
01-Aug-2026 00:54:26,-162.829551344676,-34.7225643981605,0,26,26,26,6,-34.7225643981605
01-Aug-2026 00:54:28,-163.250940945196,-35.1439539986806,0,26,26,26,7,-35.1439539986806
01-Aug-2026 00:54:30,-163.157067983382,-35.0500810368664,0,26,26,26,7,-35.0500810368664
01-Aug-2026 00:54:32,-164.457658209993,-36.3506712634769,0,25,25,25,3,-36.3506712634769
01-Aug-2026 00:54:34,-163.765797161446,-35.6588102149305,0,25,25,25,4,-35.6588102149305
01-Aug-2026 00:54:36,-189.22197772936,-61.1149907828442,0,25,25,25,2,-61.1149907828442
01-Aug-2026 00:54:38,-188.535082404931,-60.4280954584153,0,25,25,25,3,-60.4280954584153
01-Aug-2026 00:54:40,-188.664244579474,-60.5572576329578,0,25,25,25,3,-60.5572576329578
01-Aug-2026 00:54:42,-186.704593862824,-58.5976069163077,0,25,25,25,4,-58.5976069163077
01-Aug-2026 00:54:44,-184.796607982684,-56.6896210361686,0,25,25,25,4,-56.6896210361686
01-Aug-2026 00:54:46,-184.470541976326,-56.3635550298098,0,25,25,25,5,-56.3635550298098
01-Aug-2026 00:54:48,-182.313412942217,-54.206425995701,0,25,25,25,7,-54.206425995701
01-Aug-2026 00:54:50,-182.389335087583,-54.2823481410675,0,25,25,25,6,-54.2823481410675
01-Aug-2026 00:54:52,-182.333392569744,-54.2264056232279,0,26,26,26,6,-54.2264056232279
01-Aug-2026 00:54:54,-182.063354589617,-53.9563676431016,0,26,26,26,6,-53.9563676431016
01-Aug-2026 00:54:56,-182.186317128754,-54.079330182238,0,27,27,27,5,-54.079330182238
01-Aug-2026 00:54:58,-175.569775778609,-47.4627888320927,0,27,27,27,5,-47.4627888320927
01-Aug-2026 00:55:00,-173.829141363958,-45.7221544174417,0,27,27,27,6,-45.7221544174417
01-Aug-2026 00:55:02,-173.699057882011,-45.5920709354949,0,27,27,27,7,-45.5920709354949
01-Aug-2026 00:55:04,-177.543376901042,-49.4363899545262,0,27,27,27,6,-49.4363899545262
01-Aug-2026 00:55:06,-173.310923742794,-45.2039367962782,0,28,28,28,5,-45.2039367962782
01-Aug-2026 00:55:08,-173.185549408645,-45.0785624621294,0,28,28,28,4,-45.0785624621294
01-Aug-2026 00:55:10,-173.504257945169,-45.3972709986531,0,27,27,27,4,-45.3972709986531
01-Aug-2026 00:55:12,-173.724084721435,-45.6170977749192,0,27,27,27,3,-45.6170977749192
01-Aug-2026 00:55:14,-186.555717325183,-58.4487303786672,0,26,26,26,1,-58.4487303786672
01-Aug-2026 00:55:16,-185.869703289771,-57.7627163432554,0,25,25,25,1,-57.7627163432554
01-Aug-2026 00:55:18,-185.481715950496,-57.37472900398,0,25,25,25,1,-57.37472900398
01-Aug-2026 00:55:20,-182.912007092308,-54.8050201457925,0,25,25,25,2,-54.8050201457925
01-Aug-2026 00:55:22,-182.385987736641,-54.279000790125,0,25,25,25,2,-54.279000790125
01-Aug-2026 00:55:24,-182.079983726202,-53.9729967796865,0,25,25,25,2,-53.9729967796865
01-Aug-2026 00:55:26,-182.18199526556,-54.0750083190443,0,25,25,25,2,-54.0750083190443
01-Aug-2026 00:55:28,-180.646916053007,-52.5399291064909,0,24,24,24,4,-52.5399291064909
01-Aug-2026 00:55:30,-181.006492911132,-52.8995059646159,0,24,24,24,4,-52.8995059646159
01-Aug-2026 00:55:32,-180.758553214017,-52.6515662675009,0,25,25,25,5,-52.6515662675009
01-Aug-2026 00:55:34,-180.866482666186,-52.7594957196697,0,25,25,25,4,-52.7594957196697
01-Aug-2026 00:55:36,-180.922926617747,-52.8159396712311,0,25,25,25,5,-52.8159396712311
01-Aug-2026 00:55:38,-182.01275565167,-53.9057687051543,0,25,25,25,4,-53.9057687051543
01-Aug-2026 00:55:40,-181.820738482604,-53.7137515360886,0,25,25,25,4,-53.7137515360886
01-Aug-2026 00:55:42,-181.810691753422,-53.7037048069064,0,25,25,25,4,-53.7037048069064
01-Aug-2026 00:55:44,-181.905626206823,-53.7986392603076,0,25,25,25,4,-53.7986392603076
01-Aug-2026 00:55:46,-181.914455701824,-53.8074687553078,0,25,25,25,5,-53.8074687553078
01-Aug-2026 00:55:48,-182.018166072843,-53.9111791263275,0,25,25,25,5,-53.9111791263275
01-Aug-2026 00:55:50,-182.02848396449,-53.9214970179744,0,26,26,26,5,-53.9214970179744
01-Aug-2026 00:55:52,-182.462386470936,-54.3553995244205,0,26,26,26,5,-54.3553995244205
01-Aug-2026 00:55:54,-160.117358876727,-32.0103719302109,0,26,26,26,6,-32.0103719302109
01-Aug-2026 00:55:56,-159.731337009932,-31.6243500634161,0,26,26,26,6,-31.6243500634161
01-Aug-2026 00:55:58,-160.292304474163,-32.1853175276471,0,26,26,26,5,-32.1853175276471
01-Aug-2026 00:56:00,-159.559277456299,-31.4522905097834,0,26,26,26,6,-31.4522905097834
01-Aug-2026 00:56:02,-185.122382454882,-57.0153955083657,0,26,26,26,4,-57.0153955083657
01-Aug-2026 00:56:04,-185.0629258265,-56.9559388799839,0,26,26,26,4,-56.9559388799839
01-Aug-2026 00:56:06,-186.116545798012,-58.0095588514965,0,26,26,26,3,-58.0095588514965
01-Aug-2026 00:56:08,-185.914964200725,-57.8079772542095,0,26,26,26,3,-57.8079772542095
01-Aug-2026 00:56:10,-183.465826231811,-55.3588392852952,0,26,26,26,4,-55.3588392852952
01-Aug-2026 00:56:12,-175.989079572811,-47.8820926262955,0,26,26,26,4,-47.8820926262955
01-Aug-2026 00:56:14,-165.932092188647,-37.8251052421315,0,26,26,26,5,-37.8251052421315
01-Aug-2026 00:56:16,-166.218739748111,-38.1117528015948,0,26,26,26,5,-38.1117528015948
01-Aug-2026 00:56:18,-166.06937375629,-37.9623868097736,0,26,26,26,4,-37.9623868097736
01-Aug-2026 00:56:20,-165.506590804052,-37.3996038575359,0,26,26,26,4,-37.3996038575359
01-Aug-2026 00:56:22,-165.734300345221,-37.6273133987054,0,26,26,26,4,-37.6273133987054
01-Aug-2026 00:56:24,-165.298727927383,-37.191740980867,0,26,26,26,4,-37.191740980867
01-Aug-2026 00:56:26,-165.241788558261,-37.1348016117455,0,26,26,26,5,-37.1348016117455
01-Aug-2026 00:56:28,-164.618798692144,-36.5118117456286,0,26,26,26,6,-36.5118117456286
01-Aug-2026 00:56:30,-164.302741583381,-36.1957546368649,0,27,27,27,6,-36.1957546368649
01-Aug-2026 00:56:32,-174.705922798636,-46.59893585212,0,27,27,27,6,-46.59893585212
01-Aug-2026 00:56:34,-174.954087811162,-46.8471008646464,0,27,27,27,6,-46.8471008646464
01-Aug-2026 00:56:36,-174.554622968214,-46.4476360216981,0,26,26,26,8,-46.4476360216981
01-Aug-2026 00:56:38,-174.172952473007,-46.0659655264913,0,27,27,27,8,-46.0659655264913
01-Aug-2026 00:56:40,-174.98654151915,-46.8795545726337,0,27,27,27,7,-46.8795545726337
01-Aug-2026 00:56:42,-175.612462492369,-47.5054755458527,0,28,28,28,6,-47.5054755458527
01-Aug-2026 00:56:44,-147.803027466417,-19.6960405199013,0,28,28,28,7,-19.6960405199013
01-Aug-2026 00:56:46,-147.98124403254,-19.8742570860245,0,28,28,28,5,-19.8742570860245
01-Aug-2026 00:56:48,-147.327762055829,-19.2207751093127,0,29,29,29,7,-19.2207751093127
01-Aug-2026 00:56:50,-147.683298320995,-19.5763113744788,0,29,29,29,9,-19.5763113744788
01-Aug-2026 00:56:52,-147.584388666607,-19.4774017200913,0,29,29,29,9,-19.4774017200913
01-Aug-2026 00:56:54,-147.882751023484,-19.7757640769678,0,29,29,29,7,-19.7757640769678
01-Aug-2026 00:56:56,-175.850477193963,-47.7434902474471,0,28,28,28,6,-47.7434902474471
01-Aug-2026 00:56:58,-175.707001900752,-47.6000149542361,0,28,28,28,6,-47.6000149542361
01-Aug-2026 00:57:00,-175.151807180105,-47.0448202335896,0,28,28,28,7,-47.0448202335896
01-Aug-2026 00:57:02,-174.794635450611,-46.6876485040947,0,29,29,29,7,-46.6876485040947
01-Aug-2026 00:57:04,-174.51038115649,-46.4033942099744,0,28,28,28,8,-46.4033942099744
01-Aug-2026 00:57:06,-170.753722202156,-42.6467352556404,0,28,28,28,9,-42.6467352556404
01-Aug-2026 00:57:08,-170.474365395479,-42.3673784489635,0,28,28,28,9,-42.3673784489635
01-Aug-2026 00:57:10,-170.601640761186,-42.4946538146703,0,27,27,27,9,-42.4946538146703
01-Aug-2026 00:57:12,-170.948880049775,-42.8418931032592,0,27,27,27,8,-42.8418931032592
01-Aug-2026 00:57:14,-170.977972024415,-42.8709850778991,0,27,27,27,8,-42.8709850778991
01-Aug-2026 00:57:16,-173.10088560488,-44.9938986583639,0,27,27,27,6,-44.9938986583639
01-Aug-2026 00:57:18,-168.730993537335,-40.6240065908195,0,27,27,27,7,-40.6240065908195
01-Aug-2026 00:57:20,-169.286302117708,-41.1793151711917,0,27,27,27,6,-41.1793151711917
01-Aug-2026 00:57:22,-173.113031633725,-45.0060446872087,0,27,27,27,7,-45.0060446872087
01-Aug-2026 00:57:24,-173.18191059687,-45.0749236503544,0,26,26,26,6,-45.0749236503544
01-Aug-2026 00:57:26,-173.037890783541,-44.9309038370253,0,26,26,26,6,-44.9309038370253
01-Aug-2026 00:57:28,-172.560327156316,-44.4533402098,0,26,26,26,6,-44.4533402098
01-Aug-2026 00:57:30,-172.542568465703,-44.4355815191869,0,26,26,26,6,-44.4355815191869
01-Aug-2026 00:57:32,-172.291425603772,-44.1844386572564,0,26,26,26,6,-44.1844386572564
01-Aug-2026 00:57:34,-171.944901658982,-43.8379147124659,0,26,26,26,6,-43.8379147124659
01-Aug-2026 00:57:36,-157.915812288804,-29.8088253422877,0,26,26,26,6,-29.8088253422877
01-Aug-2026 00:57:38,-158.033577618132,-29.9265906716161,0,26,26,26,6,-29.9265906716161
01-Aug-2026 00:57:40,-158.593220752824,-30.4862338063079,0,26,26,26,6,-30.4862338063079
01-Aug-2026 00:57:42,-159.01961081575,-30.9126238692343,0,26,26,26,8,-30.9126238692343
01-Aug-2026 00:57:44,-159.602621362227,-31.4956344157116,0,26,26,26,8,-31.4956344157116
01-Aug-2026 00:57:46,-172.62387168608,-44.5168847395638,0,26,26,26,7,-44.5168847395638
01-Aug-2026 00:57:48,-172.557872707331,-44.4508857608155,0,26,26,26,8,-44.4508857608155
01-Aug-2026 00:57:50,-169.125437304478,-41.0184503579623,0,26,26,26,7,-41.0184503579623
01-Aug-2026 00:57:52,-168.966430369561,-40.8594434230455,0,26,26,26,7,-40.8594434230455
01-Aug-2026 00:57:54,-169.46463702972,-41.3576500832042,0,26,26,26,6,-41.3576500832042
01-Aug-2026 00:57:56,-168.744146286686,-40.6371593401702,0,25,25,25,6,-40.6371593401702
01-Aug-2026 00:57:58,-168.653304891627,-40.5463179451116,0,25,25,25,5,-40.5463179451116
01-Aug-2026 00:58:00,-168.659550835066,-40.5525638885504,0,25,25,25,5,-40.5525638885504
01-Aug-2026 00:58:02,-167.783091981725,-39.6761050352091,0,25,25,25,6,-39.6761050352091
01-Aug-2026 00:58:04,-167.032157786434,-38.9251708399183,0,25,25,25,7,-38.9251708399183
01-Aug-2026 00:58:06,-162.653135094166,-34.5461481476504,0,25,25,25,9,-34.5461481476504
01-Aug-2026 00:58:08,-163.400979515831,-35.2939925693152,0,25,25,25,9,-35.2939925693152
01-Aug-2026 00:58:10,-163.606008242525,-35.4990212960091,0,25,25,25,9,-35.4990212960091
01-Aug-2026 00:58:12,-163.644509794317,-35.5375228478007,0,26,26,26,9,-35.5375228478007
01-Aug-2026 00:58:14,-164.111244793148,-36.0042578466324,0,26,26,26,8,-36.0042578466324
01-Aug-2026 00:58:16,-164.26573996772,-36.1587530212046,0,26,26,26,9,-36.1587530212046
01-Aug-2026 00:58:18,-164.596495758113,-36.4895088115969,0,25,25,25,10,-36.4895088115969
01-Aug-2026 00:58:20,-173.83311897233,-45.726132025814,0,25,25,25,9,-45.726132025814
01-Aug-2026 00:58:22,-174.009037409301,-45.902050462785,0,25,25,25,9,-45.902050462785
01-Aug-2026 00:58:24,-173.879511861397,-45.772524914881,0,25,25,25,9,-45.772524914881
01-Aug-2026 00:58:26,-173.70313992115,-45.5961529746346,0,25,25,25,9,-45.5961529746346
01-Aug-2026 00:58:28,-173.926828290662,-45.8198413441466,0,25,25,25,9,-45.8198413441466
01-Aug-2026 00:58:30,-174.510321281589,-46.4033343350734,0,25,25,25,8,-46.4033343350734
01-Aug-2026 00:58:32,-173.956052967835,-45.849066021319,0,25,25,25,10,-45.849066021319
01-Aug-2026 00:58:34,-173.620150237478,-45.5131632909626,0,25,25,25,11,-45.5131632909626
01-Aug-2026 00:58:36,-173.737924892678,-45.6309379461621,0,25,25,25,10,-45.6309379461621
01-Aug-2026 00:58:38,-170.193202860413,-42.0862159138975,0,25,25,25,10,-42.0862159138975
01-Aug-2026 00:58:40,-170.433060632979,-42.3260736864635,0,25,25,25,10,-42.3260736864635
01-Aug-2026 00:58:42,-170.641782085612,-42.5347951390963,0,25,25,25,11,-42.5347951390963
01-Aug-2026 00:58:44,-170.514810747409,-42.4078238008931,0,26,26,26,11,-42.4078238008931
01-Aug-2026 00:58:46,-174.115131658796,-46.0081447122799,0,26,26,26,10,-46.0081447122799
01-Aug-2026 00:58:48,-174.651443711091,-46.5444567645753,0,26,26,26,9,-46.5444567645753
01-Aug-2026 00:58:50,-174.780468225772,-46.673481279256,0,26,26,26,8,-46.673481279256
01-Aug-2026 00:58:52,-155.361596062274,-27.2546091157577,0,26,26,26,8,-27.2546091157577
01-Aug-2026 00:58:54,-154.91910313073,-26.8121161842138,0,26,26,26,7,-26.8121161842138
01-Aug-2026 00:58:56,-154.460199428258,-26.353212481742,0,26,26,26,6,-26.353212481742
01-Aug-2026 00:58:58,-153.754508860298,-25.6475219137819,0,27,27,27,6,-25.6475219137819
01-Aug-2026 00:59:00,-154.393965816347,-26.2869788698308,0,26,26,26,5,-26.2869788698308
01-Aug-2026 00:59:02,-154.899183357558,-26.7921964110419,0,25,25,25,6,-26.7921964110419
01-Aug-2026 00:59:04,-154.520489435804,-26.4135024892878,0,25,25,25,7,-26.4135024892878
01-Aug-2026 00:59:06,-154.324706391319,-26.2177194448028,0,25,25,25,5,-26.2177194448028
01-Aug-2026 00:59:08,-154.092362208171,-25.9853752616552,0,25,25,25,6,-25.9853752616552
01-Aug-2026 00:59:10,-153.519339138733,-25.4123521922168,0,25,25,25,7,-25.4123521922168
01-Aug-2026 00:59:12,-153.79300509954,-25.6860181530238,0,25,25,25,7,-25.6860181530238
01-Aug-2026 00:59:14,-153.167690482691,-25.0607035361749,0,25,25,25,7,-25.0607035361749
01-Aug-2026 00:59:16,-152.479709689171,-24.3727227426547,0,25,25,25,7,-24.3727227426547
01-Aug-2026 00:59:18,-151.311389028503,-23.2044020819869,0,25,25,25,7,-23.2044020819869
01-Aug-2026 00:59:20,-151.319196682726,-23.2122097362106,0,24,24,24,7,-23.2122097362106
01-Aug-2026 00:59:22,-151.27556978633,-23.1685828398145,0,24,24,24,6,-23.1685828398145
01-Aug-2026 00:59:24,-150.742349408272,-22.6353624617562,0,24,24,24,6,-22.6353624617562
01-Aug-2026 00:59:26,-150.123412303093,-22.0164253565769,0,24,24,24,6,-22.0164253565769
01-Aug-2026 00:59:28,-149.607499293297,-21.5005123467811,0,24,24,24,6,-21.5005123467811
01-Aug-2026 00:59:30,-148.986189494495,-20.8792025479794,0,24,24,24,6,-20.8792025479794
01-Aug-2026 00:59:32,-147.891140502849,-19.7841535563328,0,24,24,24,6,-19.7841535563328
01-Aug-2026 00:59:34,-146.782324149744,-18.6753372032278,0,25,25,25,6,-18.6753372032278
01-Aug-2026 00:59:36,-145.081513144686,-16.9745261981704,0,25,25,25,6,-16.9745261981704
01-Aug-2026 00:59:38,-143.897297803168,-15.7903108566522,0,25,25,25,8,-15.7903108566522
01-Aug-2026 00:59:40,-179.207149043367,-51.1001620968512,0,25,25,25,8,-51.1001620968512
01-Aug-2026 00:59:42,-179.79870719939,-51.6917202528742,0,25,25,25,7,-51.6917202528742
01-Aug-2026 00:59:44,-181.492724843551,-53.3857378970353,0,25,25,25,6,-53.3857378970353
01-Aug-2026 00:59:46,-151.353253010653,-23.2462660641369,0,25,25,25,7,-23.2462660641369
01-Aug-2026 00:59:48,-151.598506860599,-23.491519914083,0,25,25,25,7,-23.491519914083
01-Aug-2026 00:59:50,-151.739266575487,-23.6322796289708,0,26,26,26,7,-23.6322796289708
01-Aug-2026 00:59:52,-152.558937435306,-24.4519504887905,0,26,26,26,6,-24.4519504887905
01-Aug-2026 00:59:54,-152.636722978833,-24.5297360323173,0,26,26,26,6,-24.5297360323173
01-Aug-2026 00:59:56,-153.034419296812,-24.927432350296,0,26,26,26,6,-24.927432350296
01-Aug-2026 00:59:58,-154.022389689222,-25.9154027427062,0,26,26,26,6,-25.9154027427062
01-Aug-2026 01:00:00,-155.197460019108,-27.0904730725924,0,26,26,26,6,-27.0904730725924
01-Aug-2026 01:00:02,-155.94156142892,-27.8345744824045,0,26,26,26,7,-27.8345744824045
01-Aug-2026 01:00:04,-156.675229397532,-28.5682424510161,0,26,26,26,7,-28.5682424510161
01-Aug-2026 01:00:06,-157.717247967053,-29.6102610205375,0,27,27,27,6,-29.6102610205375
01-Aug-2026 01:00:08,-157.787978631605,-29.6809916850891,0,26,26,26,6,-29.6809916850891
01-Aug-2026 01:00:10,-158.374343821593,-30.2673568750766,0,26,26,26,5,-30.2673568750766
01-Aug-2026 01:00:12,-158.8348916482,-30.7279047016842,0,26,26,26,5,-30.7279047016842
01-Aug-2026 01:00:14,-158.96580725947,-30.8588203129546,0,26,26,26,6,-30.8588203129546
01-Aug-2026 01:00:16,-158.790463349815,-30.683476403299,0,25,25,25,6,-30.683476403299
01-Aug-2026 01:00:18,-159.451880766814,-31.3448938202984,0,25,25,25,7,-31.3448938202984
01-Aug-2026 01:00:20,-158.887421637511,-30.780434690995,0,25,25,25,8,-30.780434690995
01-Aug-2026 01:00:22,-158.863153327014,-30.756166380498,0,25,25,25,9,-30.756166380498
01-Aug-2026 01:00:24,-159.329154412493,-31.222167465977,0,27,27,27,9,-31.222167465977
01-Aug-2026 01:00:26,-158.965337695939,-30.8583507494233,0,27,27,27,9,-30.8583507494233
01-Aug-2026 01:00:28,-159.239820645357,-31.1328336988412,0,28,28,28,10,-31.1328336988412
01-Aug-2026 01:00:30,-159.489862474011,-31.3828755274953,0,28,28,28,10,-31.3828755274953
01-Aug-2026 01:00:32,-159.759096744352,-31.6521097978359,0,28,28,28,11,-31.6521097978359
01-Aug-2026 01:00:34,-159.733218798636,-31.62623185212,0,28,28,28,11,-31.62623185212
01-Aug-2026 01:00:36,-159.538050997796,-31.4310640512805,0,28,28,28,10,-12.7640478773915
01-Aug-2026 01:00:38,-146.836240966824,-18.7292540203084,0,28,28,28,8,-18.7292540203084
01-Aug-2026 01:00:40,-150.92534329024,-22.818356343724,0,29,29,29,8,-22.818356343724
01-Aug-2026 01:00:42,-160.333956305114,-32.2269693585977,0,29,29,29,7,-32.2269693585977
01-Aug-2026 01:00:44,-163.20944928185,-35.1024623353339,0,29,29,29,7,-35.1024623353339
01-Aug-2026 01:00:46,-163.02909371019,-34.9221067636745,0,28,28,28,7,-34.9221067636745
01-Aug-2026 01:00:48,-162.953606916226,-34.8466199697098,0,28,28,28,7,-34.8466199697098
01-Aug-2026 01:00:50,-141.242543436532,-13.1355564900163,0,28,28,28,8,-13.1355564900163
01-Aug-2026 01:00:52,-143.449597792111,-15.3426108455954,0,29,29,29,8,-15.3426108455954
01-Aug-2026 01:00:54,-145.436889690833,-17.3299027443172,0,29,29,29,8,-17.3299027443172
01-Aug-2026 01:00:56,-147.382749544241,-19.2757625977251,0,28,28,28,9,-19.2757625977251
01-Aug-2026 01:00:58,-147.993233322898,-19.8862463763822,0,27,27,27,9,-19.8862463763822
01-Aug-2026 01:01:00,-149.184046506378,-21.0770595598621,0,27,27,27,9,-21.0770595598621
01-Aug-2026 01:01:02,-150.239013444855,-22.1320264983392,0,27,27,27,9,-22.1320264983392
01-Aug-2026 01:01:04,-151.420700023171,-23.3137130766548,0,27,27,27,9,-23.3137130766548
01-Aug-2026 01:01:06,-152.168678304781,-24.0616913582649,0,27,27,27,6,-24.0616913582649
01-Aug-2026 01:01:08,-152.912386641916,-24.8053996954004,0,27,27,27,7,-24.8053996954004
01-Aug-2026 01:01:10,-153.719058458179,-25.612071511663,0,27,27,27,7,-25.612071511663
01-Aug-2026 01:01:12,-154.205193482269,-26.0982065357531,0,27,27,27,7,-26.0982065357531
01-Aug-2026 01:01:14,-154.429960288309,-26.322973341793,0,26,26,26,7,-26.322973341793
01-Aug-2026 01:01:16,-154.227849634398,-26.120862687882,0,26,26,26,7,-26.120862687882
01-Aug-2026 01:01:18,-154.379478955708,-26.2724920091917,0,26,26,26,7,-26.2724920091917
01-Aug-2026 01:01:20,-154.983071740302,-26.8760847937865,0,26,26,26,7,-26.8760847937865
01-Aug-2026 01:01:22,-155.512948107866,-27.4059611613497,0,26,26,26,7,-27.4059611613497
01-Aug-2026 01:01:24,-155.95713573803,-27.8501487915142,0,26,26,26,8,-27.8501487915142
01-Aug-2026 01:01:26,-156.885198679422,-28.7782117329056,0,26,26,26,8,-28.7782117329056
01-Aug-2026 01:01:28,-156.994421278067,-28.8874343315516,0,26,26,26,8,-28.8874343315516
01-Aug-2026 01:01:30,-156.828634144784,-28.7216471982686,0,26,26,26,8,-28.7216471982686
01-Aug-2026 01:01:32,-157.713421628391,-29.6064346818752,0,26,26,26,8,-29.6064346818752
01-Aug-2026 01:01:34,-158.119401108705,-30.0124141621894,0,26,26,26,8,-30.0124141621894
01-Aug-2026 01:01:36,-158.452092844199,-30.3451058976836,0,26,26,26,8,-30.3451058976836
01-Aug-2026 01:01:38,-158.818772218377,-30.7117852718615,0,26,26,26,9,-30.7117852718615
01-Aug-2026 01:01:40,-163.559985112507,-35.4529981659916,0,26,26,26,8,-35.4529981659916
01-Aug-2026 01:01:42,-162.870683861909,-34.7636969153928,0,26,26,26,8,-34.7636969153928
01-Aug-2026 01:01:44,-162.154523705441,-34.0475367589253,0,26,26,26,8,-34.0475367589253
01-Aug-2026 01:01:46,-161.846426389478,-33.7394394429625,0,26,26,26,9,-33.7394394429625
01-Aug-2026 01:01:48,-162.009693915847,-33.9027069693311,0,25,25,25,9,-33.9027069693311
01-Aug-2026 01:01:50,-161.985625360392,-33.8786384138762,0,25,25,25,9,-33.8786384138762
01-Aug-2026 01:01:52,-161.244895496096,-33.1379085495806,0,25,25,25,9,-33.1379085495806
01-Aug-2026 01:01:54,-161.959210238949,-33.8522232924332,0,25,25,25,7,-33.8522232924332
01-Aug-2026 01:01:56,-161.708792720666,-33.60180577415,0,25,25,25,7,-33.60180577415
01-Aug-2026 01:01:58,-160.921442439424,-32.814455492908,0,25,25,25,6,-32.814455492908
01-Aug-2026 01:02:00,-160.428693515492,-32.3217065689762,0,25,25,25,7,-32.3217065689762
01-Aug-2026 01:02:02,-159.813063632607,-31.7060766860907,0,25,25,25,7,-31.7060766860907
01-Aug-2026 01:02:04,-159.885755531433,-31.7787685849167,0,25,25,25,7,-31.7787685849167
01-Aug-2026 01:02:06,-159.799434961476,-31.6924480149606,0,24,24,24,6,-31.6924480149606
01-Aug-2026 01:02:08,-158.8534946,-30.7465076534838,0,24,24,24,7,-30.7465076534838
01-Aug-2026 01:02:10,-158.836924614473,-30.7299376679569,0,24,24,24,9,-30.7299376679569
01-Aug-2026 01:02:12,-159.065661449277,-30.9586745027616,0,24,24,24,9,-30.9586745027616
01-Aug-2026 01:02:14,-158.69812985321,-30.5911429066939,0,24,24,24,9,-30.5911429066939
01-Aug-2026 01:02:16,-157.910676067812,-29.803689121296,0,24,24,24,9,-29.803689121296
01-Aug-2026 01:02:18,-157.437120686854,-29.3301337403377,0,24,24,24,7,-29.3301337403377
01-Aug-2026 01:02:20,-166.007172665082,-37.9001857185663,0,24,24,24,6,-37.9001857185663
01-Aug-2026 01:02:22,-165.937020688887,-37.8300337423711,0,24,24,24,6,-37.8300337423711
01-Aug-2026 01:02:24,-166.064598168633,-37.9576112221175,0,24,24,24,6,-37.9576112221175
01-Aug-2026 01:02:26,-165.515573431081,-37.4085864845655,0,24,24,24,6,-37.4085864845655
01-Aug-2026 01:02:28,-165.169818543179,-37.0628315966636,0,24,24,24,6,-37.0628315966636
01-Aug-2026 01:02:30,-165.006334391972,-36.8993474454562,0,25,25,25,4,-36.8993474454562
01-Aug-2026 01:02:32,-164.745899314653,-36.6389123681367,0,25,25,25,3,-36.6389123681367
01-Aug-2026 01:02:34,-164.158504137558,-36.0515171910424,0,25,25,25,3,-36.0515171910424
01-Aug-2026 01:02:36,-163.477828364552,-35.3708414180357,0,26,26,26,3,-35.3708414180357
01-Aug-2026 01:02:38,-155.694945145357,-27.5879581988416,0,26,26,26,5,-27.5879581988416
01-Aug-2026 01:02:40,-155.247723824659,-27.1407368781436,0,26,26,26,5,-27.1407368781436
01-Aug-2026 01:02:42,-155.020983248742,-26.9139963022261,0,26,26,26,5,-26.9139963022261
01-Aug-2026 01:02:44,-154.72891375109,-26.621926804574,0,26,26,26,5,-26.621926804574
01-Aug-2026 01:02:46,-154.787576657776,-26.6805897112606,0,26,26,26,5,-26.6805897112606
01-Aug-2026 01:02:48,-154.496526109123,-26.3895391626076,0,26,26,26,5,-26.3895391626076
01-Aug-2026 01:02:50,-154.335339574022,-26.2283526275061,0,27,27,27,6,-26.2283526275061
01-Aug-2026 01:02:52,-154.05582637234,-25.9488394258244,0,25,25,25,7,-25.9488394258244
01-Aug-2026 01:02:54,-154.343430075008,-26.2364431284923,0,25,25,25,7,-26.2364431284923
01-Aug-2026 01:02:56,-153.924057161724,-25.8170702152084,0,25,25,25,7,-25.8170702152084
01-Aug-2026 01:02:58,-153.103208252661,-24.9962213061448,0,25,25,25,7,-24.9962213061448
01-Aug-2026 01:03:00,-152.77998823164,-24.6730012851238,0,25,25,25,6,-24.6730012851238
01-Aug-2026 01:03:02,-151.611924761817,-23.5049378153009,0,25,25,25,5,-23.5049378153009
01-Aug-2026 01:03:04,-151.44064277375,-23.3336558272345,0,25,25,25,5,-23.3336558272345
01-Aug-2026 01:03:06,-151.71457319605,-23.6075862495344,0,25,25,25,6,-23.6075862495344
01-Aug-2026 01:03:08,-151.463884636071,-23.3568976895554,0,25,25,25,5,-23.3568976895554
01-Aug-2026 01:03:10,-151.754686067635,-23.647699121119,0,25,25,25,6,-23.647699121119
01-Aug-2026 01:03:12,-158.793470376997,-30.686483430481,0,24,24,24,4,-30.686483430481
01-Aug-2026 01:03:14,-158.703512999296,-30.5965260527803,0,24,24,24,4,-30.5965260527803
01-Aug-2026 01:03:16,-158.741948926808,-30.6349619802921,0,24,24,24,4,-30.6349619802921
01-Aug-2026 01:03:18,-159.336292476221,-31.2293055297055,0,25,25,25,4,-31.2293055297055
01-Aug-2026 01:03:20,-158.983318465517,-30.8763315190007,0,25,25,25,4,-30.8763315190007
01-Aug-2026 01:03:22,-159.162671383742,-31.0556844372262,0,25,25,25,4,-31.0556844372262
01-Aug-2026 01:03:24,-159.091832207135,-30.9848452606196,0,25,25,25,5,-30.9848452606196
01-Aug-2026 01:03:26,-158.612480209096,-30.5054932625805,0,25,25,25,5,-30.5054932625805
01-Aug-2026 01:03:28,-158.863517921378,-30.756530974862,0,25,25,25,5,-30.756530974862
01-Aug-2026 01:03:30,-158.70531161479,-30.5983246682745,0,25,25,25,5,-30.5983246682745
01-Aug-2026 01:03:32,-158.708762382376,-30.6017754358603,0,25,25,25,5,-30.6017754358603
01-Aug-2026 01:03:34,-149.862290109145,-21.7553031626289,0,25,25,25,7,-21.7553031626289
01-Aug-2026 01:03:36,-149.51430665303,-21.407319706514,0,25,25,25,7,-21.407319706514
01-Aug-2026 01:03:38,-150.083113874585,-21.9761269280689,0,25,25,25,8,-21.9761269280689
01-Aug-2026 01:03:40,-149.555820979744,-21.4488340332284,0,25,25,25,9,-21.4488340332284
01-Aug-2026 01:03:42,-149.607226367589,-21.500239421073,0,25,25,25,9,-21.500239421073
01-Aug-2026 01:03:44,-150.316379129392,-22.2093921828764,0,25,25,25,9,-22.2093921828764
01-Aug-2026 01:03:46,-150.768646166736,-22.6616592202202,0,25,25,25,9,-22.6616592202202
01-Aug-2026 01:03:48,-151.157317902989,-23.0503309564727,0,25,25,25,9,-23.0503309564727
01-Aug-2026 01:03:50,-150.846334282047,-22.7393473355309,0,25,25,25,7,-22.7393473355309
01-Aug-2026 01:03:52,-150.884859702674,-22.7778727561581,0,25,25,25,8,-22.7778727561581
01-Aug-2026 01:03:54,-150.621725027728,-22.5147380812124,0,24,24,24,7,-22.5147380812124
01-Aug-2026 01:03:56,-150.511798691363,-22.4048117448476,0,24,24,24,7,-22.4048117448476
01-Aug-2026 01:03:58,-150.075851519905,-21.9688645733893,0,25,25,25,7,-21.9688645733893
01-Aug-2026 01:04:00,-150.985942757624,-22.878955811108,0,25,25,25,6,-22.878955811108
01-Aug-2026 01:04:02,-151.361025707371,-23.2540387608553,0,25,25,25,6,-23.2540387608553
01-Aug-2026 01:04:04,-151.146971013381,-23.0399840668649,0,24,24,24,6,-23.0399840668649
01-Aug-2026 01:04:06,-150.821717582947,-22.7147306364309,0,25,25,25,5,-22.7147306364309
01-Aug-2026 01:04:08,-150.509673843467,-22.4026868969511,0,25,25,25,4,-22.4026868969511
01-Aug-2026 01:04:10,-150.283757926629,-22.1767709801127,0,25,25,25,4,-22.1767709801127
01-Aug-2026 01:04:12,-150.186574776157,-22.0795878296414,0,25,25,25,5,-22.0795878296414
01-Aug-2026 01:04:14,-149.962586431963,-21.8555994854472,0,25,25,25,4,-21.8555994854472
01-Aug-2026 01:04:16,-149.672868412588,-21.5658814660717,0,25,25,25,4,-21.5658814660717
01-Aug-2026 01:04:18,-149.831286249146,-21.7242993026306,0,26,26,26,3,-21.7242993026306
01-Aug-2026 01:04:20,-150.025437685876,-21.9184507393601,0,27,27,27,4,-21.9184507393601
01-Aug-2026 01:04:22,-150.24685500313,-22.1398680566139,0,27,27,27,5,-22.1398680566139
01-Aug-2026 01:04:24,-150.242681504663,-22.135694558147,0,27,27,27,5,-22.135694558147
01-Aug-2026 01:04:26,-149.77363306743,-21.6666461209139,0,27,27,27,5,-21.6666461209139
01-Aug-2026 01:04:28,-150.266818817927,-22.1598318714114,0,27,27,27,5,-22.1598318714114
01-Aug-2026 01:04:30,-150.472665032787,-22.3656780862707,0,27,27,27,5,-22.3656780862707
01-Aug-2026 01:04:32,-150.136717040533,-22.0297300940173,0,28,28,28,4,-22.0297300940173
01-Aug-2026 01:04:34,-150.650785339821,-22.5437983933054,0,28,28,28,4,-22.5437983933054
01-Aug-2026 01:04:36,-150.422943883245,-22.315956936729,0,27,27,27,3,-22.315956936729
01-Aug-2026 01:04:38,-150.89793196608,-22.7909450195637,0,27,27,27,3,-22.7909450195637
01-Aug-2026 01:04:40,-150.621659587627,-22.5146726411113,0,27,27,27,3,-22.5146726411113
01-Aug-2026 01:04:42,-150.712696099692,-22.6057091531759,0,28,28,28,4,-22.6057091531759
01-Aug-2026 01:04:44,-150.765264510175,-22.6582775636593,0,28,28,28,6,-22.6582775636593
01-Aug-2026 01:04:46,-150.918062551916,-22.8110756053997,0,26,26,26,5,-22.8110756053997
01-Aug-2026 01:04:48,-150.709145020245,-22.602158073729,0,26,26,26,6,-22.602158073729
01-Aug-2026 01:04:50,-150.739035824228,-22.6320488777123,0,26,26,26,7,-22.6320488777123
01-Aug-2026 01:04:52,-151.240127205439,-23.1331402589236,0,26,26,26,7,-23.1331402589236
01-Aug-2026 01:04:54,-151.262732835366,-23.15574588885,0,26,26,26,7,-23.15574588885
01-Aug-2026 01:04:56,-164.361541904719,-36.2545549582033,0,26,26,26,7,-36.2545549582033
01-Aug-2026 01:04:58,-164.826777367831,-36.7197904213149,0,26,26,26,8,-36.7197904213149
01-Aug-2026 01:05:00,-164.814415466983,-36.7074285204667,0,26,26,26,8,-36.7074285204667
01-Aug-2026 01:05:02,-164.522611390396,-36.4156244438797,0,26,26,26,8,-36.4156244438797
01-Aug-2026 01:05:04,-164.317631416926,-36.2106444704105,0,25,25,25,7,-36.2106444704105
01-Aug-2026 01:05:06,-163.988143940909,-35.8811569943927,0,25,25,25,8,-35.8811569943927
01-Aug-2026 01:05:08,-163.75214272289,-35.6451557763746,0,25,25,25,8,-35.6451557763746
01-Aug-2026 01:05:10,-175.802227874164,-47.6952409276478,0,25,25,25,7,-47.6952409276478
01-Aug-2026 01:05:12,-176.074612082651,-47.967625136135,0,25,25,25,6,-47.967625136135
01-Aug-2026 01:05:14,-176.403975726181,-48.2969887796655,0,25,25,25,5,-48.2969887796655
01-Aug-2026 01:05:16,-176.383395097494,-48.2764081509777,0,25,25,25,5,-48.2764081509777
01-Aug-2026 01:05:18,-176.287351165224,-48.1803642187082,0,25,25,25,5,-48.1803642187082
01-Aug-2026 01:05:20,-176.103280962274,-47.9962940157584,0,25,25,25,5,-47.9962940157584
01-Aug-2026 01:05:22,-165.770079824151,-37.6630928776351,0,25,25,25,6,-37.6630928776351
01-Aug-2026 01:05:24,-165.684798440727,-37.5778114942115,0,25,25,25,6,-37.5778114942115
01-Aug-2026 01:05:26,-165.241538578926,-37.13455163241,0,25,25,25,5,-37.13455163241
01-Aug-2026 01:05:28,-165.350232268002,-37.2432453214857,0,25,25,25,5,-37.2432453214857
01-Aug-2026 01:05:30,-165.211600638602,-37.1046136920866,0,25,25,25,5,-37.1046136920866
01-Aug-2026 01:05:32,-164.809995012346,-36.7030080658301,0,25,25,25,5,-36.7030080658301
01-Aug-2026 01:05:34,-164.757941096288,-36.6509541497718,0,25,25,25,4,-36.6509541497718
01-Aug-2026 01:05:36,-163.860479555702,-35.7534926091865,0,25,25,25,3,-35.7534926091865
01-Aug-2026 01:05:38,-164.166338634153,-36.059351687637,0,25,25,25,3,-36.059351687637
01-Aug-2026 01:05:40,-163.857899601042,-35.7509126545256,0,25,25,25,4,-35.7509126545256
01-Aug-2026 01:05:42,-163.057466065842,-34.950479119326,0,24,24,24,5,-34.950479119326
01-Aug-2026 01:05:44,-159.099965981057,-30.992979034541,0,24,24,24,7,-30.992979034541
01-Aug-2026 01:05:46,-158.963114238922,-30.8561272924064,0,25,25,25,7,-30.8561272924064
01-Aug-2026 01:05:48,-158.481530118466,-30.3745431719502,0,25,25,25,6,-30.3745431719502
01-Aug-2026 01:05:50,-158.761864230064,-30.654877283548,0,25,25,25,6,-30.654877283548
01-Aug-2026 01:05:52,-158.515260120279,-30.4082731737632,0,24,24,24,7,-30.4082731737632
01-Aug-2026 01:05:54,-158.940474599954,-30.8334876534378,0,24,24,24,7,-30.8334876534378
01-Aug-2026 01:05:56,-159.092486504094,-30.9854995575776,0,24,24,24,6,-30.9854995575776
01-Aug-2026 01:05:58,-159.563119091574,-31.4561321450581,0,24,24,24,6,-31.4561321450581
01-Aug-2026 01:06:00,-158.159108936408,-30.0521219898923,0,24,24,24,6,-30.0521219898923
01-Aug-2026 01:06:02,-158.532148992249,-30.4251620457327,0,24,24,24,5,-30.4251620457327
01-Aug-2026 01:06:04,-157.903310168742,-29.7963232222259,0,24,24,24,5,-29.7963232222259
01-Aug-2026 01:06:06,-160.156803949892,-32.0498170033763,0,24,24,24,4,-32.0498170033763
01-Aug-2026 01:06:08,-160.213080820224,-32.1060938737084,0,24,24,24,4,-32.1060938737084
01-Aug-2026 01:06:10,-159.933339650659,-31.8263527041429,0,24,24,24,4,-31.8263527041429
01-Aug-2026 01:06:12,-160.060447165039,-31.9534602185234,0,24,24,24,5,-31.9534602185234
01-Aug-2026 01:06:14,-159.272414718378,-31.1654277718624,0,24,24,24,5,-31.1654277718624
01-Aug-2026 01:06:16,-157.711604311016,-29.6046173645006,0,24,24,24,5,-29.6046173645006
01-Aug-2026 01:06:18,-158.101451383846,-29.9944644373306,0,25,25,25,5,-29.9944644373306
01-Aug-2026 01:06:20,-157.878446024173,-29.7714590776572,0,25,25,25,5,-29.7714590776572
01-Aug-2026 01:06:22,-157.649419547956,-29.5424326014404,0,25,25,25,4,-29.5424326014404
01-Aug-2026 01:06:24,-157.471681292093,-29.3646943455772,0,25,25,25,5,-29.3646943455772
01-Aug-2026 01:06:26,-157.126210733866,-29.01922378735,0,26,26,26,4,-29.01922378735
01-Aug-2026 01:06:28,-156.37606005405,-28.2690731075342,0,26,26,26,4,-28.2690731075342
01-Aug-2026 01:06:30,-155.856411823415,-27.7494248768992,0,26,26,26,4,-27.7494248768992
01-Aug-2026 01:06:32,-156.070689869506,-27.9637029229903,0,26,26,26,4,-27.9637029229903
01-Aug-2026 01:06:34,-155.833451687531,-27.726464741015,0,26,26,26,5,-27.726464741015
01-Aug-2026 01:06:36,-155.126178245473,-27.0191912989574,0,26,26,26,5,-27.0191912989574
01-Aug-2026 01:06:38,-154.876735364221,-26.769748417705,0,26,26,26,5,-26.769748417705
01-Aug-2026 01:06:40,-154.604080925195,-26.4970939786794,0,26,26,26,6,-26.4970939786794
01-Aug-2026 01:06:42,-155.124786476249,-27.0177995297328,0,25,25,25,4,-27.0177995297328
01-Aug-2026 01:06:44,-153.748395926551,-25.6414089800356,0,25,25,25,5,-25.6414089800356
01-Aug-2026 01:06:46,-152.959198134141,-24.8522111876254,0,25,25,25,5,-24.8522111876254
01-Aug-2026 01:06:48,-152.797784917244,-24.690797970728,0,25,25,25,6,-24.690797970728
01-Aug-2026 01:06:50,-152.719877498466,-24.61289055195,0,25,25,25,6,-24.61289055195
01-Aug-2026 01:06:52,-154.347592422526,-26.2406054760098,0,25,25,25,5,-26.2406054760098
01-Aug-2026 01:06:54,-153.90417501414,-25.7971880676244,0,25,25,25,5,-25.7971880676244
01-Aug-2026 01:06:56,-154.353956352744,-26.246969406228,0,25,25,25,6,-26.246969406228
01-Aug-2026 01:06:58,-154.481584962663,-26.3745980161473,0,25,25,25,6,-26.3745980161473
01-Aug-2026 01:07:00,-153.49730892658,-25.390321980064,0,25,25,25,5,-25.390321980064
01-Aug-2026 01:07:02,-153.191178262251,-25.0841913157354,0,25,25,25,5,-25.0841913157354
01-Aug-2026 01:07:04,-153.811420216929,-25.7044332704127,0,25,25,25,7,-25.7044332704127
01-Aug-2026 01:07:06,-153.73824281554,-25.6312558690237,0,25,25,25,7,-25.6312558690237
01-Aug-2026 01:07:08,-153.627887945418,-25.5209009989023,0,25,25,25,7,-25.5209009989023
01-Aug-2026 01:07:10,-165.529828248298,-37.4228413017824,0,25,25,25,7,-37.4228413017824
01-Aug-2026 01:07:12,-166.777525320156,-38.6705383736406,0,25,25,25,7,-38.6705383736406
01-Aug-2026 01:07:14,-167.039527991346,-38.9325410448297,0,25,25,25,6,-38.9325410448297
01-Aug-2026 01:07:16,-167.347864595979,-39.2408776494632,0,25,25,25,7,-39.2408776494632
01-Aug-2026 01:07:18,-167.882181595624,-39.7751946491084,0,25,25,25,6,-39.7751946491084
01-Aug-2026 01:07:20,-167.130914225979,-39.0239272794636,0,25,25,25,7,-39.0239272794636
01-Aug-2026 01:07:22,-166.540674673313,-38.4336877267971,0,25,25,25,7,-38.4336877267971
01-Aug-2026 01:07:24,-155.723589327333,-27.6166023808174,0,25,25,25,8,-27.6166023808174
01-Aug-2026 01:07:26,-166.619108800466,-38.5121218539505,0,25,25,25,8,-38.5121218539505
01-Aug-2026 01:07:28,-166.1782123683,-38.0712254217841,0,25,25,25,6,-38.0712254217841
01-Aug-2026 01:07:30,-177.165456159987,-49.0584692134714,0,25,25,25,5,-49.0584692134714
01-Aug-2026 01:07:32,-176.837868825682,-48.7308818791664,0,24,24,24,5,-48.7308818791664
01-Aug-2026 01:07:34,-177.234433986515,-49.1274470399987,0,24,24,24,5,-49.1274470399987
01-Aug-2026 01:07:36,-177.157334400947,-49.0503474544315,0,24,24,24,5,-49.0503474544315
01-Aug-2026 01:07:38,-177.431541096343,-49.3245541498268,0,24,24,24,5,-49.3245541498268
01-Aug-2026 01:07:40,-177.317020256388,-49.2100333098722,0,24,24,24,5,-49.2100333098722
01-Aug-2026 01:07:42,-177.177412591744,-49.0704256452282,0,24,24,24,5,-49.0704256452282
01-Aug-2026 01:07:44,-177.147950445514,-49.0409634989982,0,24,24,24,5,-49.0409634989982
01-Aug-2026 01:07:46,-178.321302995114,-50.2143160485984,0,24,24,24,3,-50.2143160485984
01-Aug-2026 01:07:48,-178.000344456699,-49.8933575101829,0,24,24,24,2,-49.8933575101829
01-Aug-2026 01:07:50,-175.674724117688,-47.5677371711719,0,26,26,26,3,-47.5677371711719
01-Aug-2026 01:07:52,-175.286864087692,-47.1798771411759,0,26,26,26,3,-47.1798771411759
01-Aug-2026 01:07:54,-175.080900994007,-46.9739140474913,0,26,26,26,3,-46.9739140474913
01-Aug-2026 01:07:56,-172.411539605281,-44.3045526587655,0,26,26,26,4,-44.3045526587655
01-Aug-2026 01:07:58,-172.324370219172,-44.2173832726557,0,26,26,26,4,-44.2173832726557
01-Aug-2026 01:08:00,-172.268345550384,-44.1613586038682,0,25,25,25,5,-44.1613586038682
01-Aug-2026 01:08:02,-172.25568561049,-44.1486986639744,0,25,25,25,5,-44.1486986639744
01-Aug-2026 01:08:04,-174.05731474628,-45.9503277997638,0,25,25,25,4,-45.9503277997638
01-Aug-2026 01:08:06,-174.239700938568,-46.1327139920522,0,25,25,25,4,-46.1327139920522
01-Aug-2026 01:08:08,-174.444822011499,-46.3378350649834,0,25,25,25,4,-46.3378350649834
01-Aug-2026 01:08:10,-166.523176867425,-38.4161899209092,0,26,26,26,5,-38.4161899209092
01-Aug-2026 01:08:12,-170.665602873811,-42.5586159272949,0,26,26,26,4,-42.5586159272949
01-Aug-2026 01:08:14,-171.054217393032,-42.947230446516,0,27,27,27,4,-42.947230446516
01-Aug-2026 01:08:16,-170.758364885252,-42.6513779387364,0,27,27,27,4,-42.6513779387364
01-Aug-2026 01:08:18,-172.421797354152,-44.3148104076357,0,27,27,27,2,-44.3148104076357
01-Aug-2026 01:08:20,-172.333558685184,-44.2265717386684,0,27,27,27,2,-44.2265717386684
01-Aug-2026 01:08:22,-172.737487375617,-44.6305004291011,0,27,27,27,4,-44.6305004291011
01-Aug-2026 01:08:24,-172.39120641486,-44.2842194683443,0,27,27,27,5,-44.2842194683443
01-Aug-2026 01:08:26,-171.751006230854,-43.644019284338,0,27,27,27,5,-43.644019284338
01-Aug-2026 01:08:28,-171.456565941311,-43.3495789947954,0,27,27,27,6,-43.3495789947954
01-Aug-2026 01:08:30,-176.610531222143,-48.5035442756275,0,27,27,27,5,-48.5035442756275
01-Aug-2026 01:08:32,-176.52007987171,-48.4130929251944,0,27,27,27,5,-48.4130929251944
01-Aug-2026 01:08:34,-176.661609316559,-48.5546223700435,0,27,27,27,5,-48.5546223700435
01-Aug-2026 01:08:36,-169.821888141644,-41.7149011951284,0,27,27,27,6,-41.7149011951284
01-Aug-2026 01:08:38,-165.506679541221,-37.3996925947051,0,26,26,26,5,-37.3996925947051
01-Aug-2026 01:08:40,-165.033788893283,-36.9268019467671,0,26,26,26,5,-36.9268019467671
01-Aug-2026 01:08:42,-165.115711052868,-37.0087241063519,0,26,26,26,4,-37.0087241063519
01-Aug-2026 01:08:44,-164.457101315253,-36.3501143687375,0,26,26,26,5,-36.3501143687375
01-Aug-2026 01:08:46,-164.599608647163,-36.4926217006472,0,26,26,26,5,-36.4926217006472
01-Aug-2026 01:08:48,-165.082007419878,-36.975020473362,0,26,26,26,6,-36.975020473362
01-Aug-2026 01:08:50,-165.015551880907,-36.9085649343915,0,26,26,26,6,-36.9085649343915
01-Aug-2026 01:08:52,-164.860455221094,-36.7534682745785,0,25,25,25,6,-36.7534682745785
01-Aug-2026 01:08:54,-164.660389491403,-36.5534025448876,0,25,25,25,7,-36.5534025448876
01-Aug-2026 01:08:56,-164.552555751296,-36.4455688047805,0,25,25,25,7,-36.4455688047805
01-Aug-2026 01:08:58,-164.552974604325,-36.4459876578088,0,25,25,25,7,-36.4459876578088
01-Aug-2026 01:09:00,-164.239529264298,-36.1325423177826,0,25,25,25,6,-36.1325423177826
01-Aug-2026 01:09:02,-164.353922150088,-36.2469352035717,0,25,25,25,6,-36.2469352035717
01-Aug-2026 01:09:04,-169.074850266423,-40.9678633199068,0,25,25,25,5,-40.9678633199068
01-Aug-2026 01:09:06,-168.619343714898,-40.5123567683822,0,25,25,25,6,-40.5123567683822
01-Aug-2026 01:09:08,-168.305417887743,-40.1984309412272,0,25,25,25,6,-40.1984309412272
01-Aug-2026 01:09:10,-168.12749134314,-40.0205043966239,0,25,25,25,6,-40.0205043966239
01-Aug-2026 01:09:12,-168.536331235739,-40.4293442892235,0,25,25,25,6,-40.4293442892235
01-Aug-2026 01:09:14,-168.045990770123,-39.9390038236073,0,25,25,25,6,-39.9390038236073
01-Aug-2026 01:09:16,-167.911010214687,-39.8040232681714,0,25,25,25,6,-39.8040232681714
01-Aug-2026 01:09:18,-168.067333789238,-39.9603468427226,0,25,25,25,6,-39.9603468427226
01-Aug-2026 01:09:20,-181.038826870469,-52.9318399239528,0,25,25,25,5,-52.9318399239528
01-Aug-2026 01:09:22,-181.367904810504,-53.2609178639883,0,25,25,25,5,-53.2609178639883
01-Aug-2026 01:09:24,-181.468363656594,-53.3613767100778,0,25,25,25,5,-53.3613767100778
01-Aug-2026 01:09:26,-180.223101210014,-52.116114263498,0,25,25,25,6,-52.116114263498
01-Aug-2026 01:09:28,-180.179244683131,-52.072257736615,0,25,25,25,6,-52.072257736615
01-Aug-2026 01:09:30,-180.363347806972,-52.2563608604566,0,25,25,25,6,-52.2563608604566
01-Aug-2026 01:09:32,-180.212708170375,-52.1057212238587,0,25,25,25,6,-52.1057212238587
01-Aug-2026 01:09:34,-179.054114606655,-50.9471276601389,0,26,26,26,8,-50.9471276601389
01-Aug-2026 01:09:36,-179.111214831544,-51.0042278850282,0,25,25,25,6,-51.0042278850282
01-Aug-2026 01:09:38,-170.228043282405,-42.1210563358891,0,25,25,25,7,-42.1210563358891
01-Aug-2026 01:09:40,-169.739386616508,-41.6323996699922,0,24,24,24,8,-41.6323996699922
01-Aug-2026 01:09:42,-179.09816795097,-50.991181004454,0,24,24,24,7,-50.991181004454
01-Aug-2026 01:09:44,-179.300647727837,-51.1936607813209,0,24,24,24,7,-51.1936607813209
01-Aug-2026 01:09:46,-179.625872329844,-51.5188853833282,0,24,24,24,7,-51.5188853833282
01-Aug-2026 01:09:48,-178.339411605186,-50.2324246586699,0,24,24,24,7,-50.2324246586699
01-Aug-2026 01:09:50,-169.601340001155,-41.4943530546389,0,24,24,24,9,-41.4943530546389
01-Aug-2026 01:09:52,-169.551246121647,-41.4442591751308,0,24,24,24,8,-41.4442591751308
01-Aug-2026 01:09:54,-169.328545771479,-41.2215588249628,0,24,24,24,8,-41.2215588249628
01-Aug-2026 01:09:56,-168.345354028648,-40.238367082132,0,24,24,24,7,-40.238367082132
01-Aug-2026 01:09:58,-168.785326782955,-40.6783398364392,0,24,24,24,7,-40.6783398364392
01-Aug-2026 01:10:00,-164.426196932421,-36.3192099859052,0,24,24,24,7,-36.3192099859052
01-Aug-2026 01:10:02,-164.51207198066,-36.4050850341437,0,24,24,24,7,-36.4050850341437
01-Aug-2026 01:10:04,-164.588753964839,-36.4817670183228,0,25,25,25,7,-36.4817670183228
01-Aug-2026 01:10:06,-164.274269483173,-36.1672825366576,0,25,25,25,7,-36.1672825366576
01-Aug-2026 01:10:08,-164.49802988243,-36.3910429359141,0,25,25,25,7,-36.3910429359141
01-Aug-2026 01:10:10,-163.979800280377,-35.872813333861,0,25,25,25,6,-35.872813333861
01-Aug-2026 01:10:12,-163.909926160538,-35.8029392140219,0,25,25,25,5,-35.8029392140219
01-Aug-2026 01:10:14,-163.490793892976,-35.38380694646,0,25,25,25,5,-35.38380694646
01-Aug-2026 01:10:16,-162.844456831339,-34.7374698848229,0,25,25,25,6,-34.7374698848229
01-Aug-2026 01:10:18,-162.858105909924,-34.7511189634085,0,26,26,26,8,-34.7511189634085
01-Aug-2026 01:10:20,-163.242999472273,-35.1360125257567,0,26,26,26,8,-35.1360125257567
01-Aug-2026 01:10:22,-163.560028374301,-35.4530414277856,0,26,26,26,8,-35.4530414277856
01-Aug-2026 01:10:24,-163.941121557215,-35.8341346106993,0,26,26,26,9,-35.8341346106993
01-Aug-2026 01:10:26,-163.876438802162,-35.7694518556461,0,26,26,26,9,-35.7694518556461
01-Aug-2026 01:10:28,-164.104827872359,-35.997840925843,0,26,26,26,8,-35.997840925843
01-Aug-2026 01:10:30,-163.303168700243,-35.1961817537269,0,26,26,26,8,-35.1961817537269
01-Aug-2026 01:10:32,-164.903142197583,-36.7961552510675,0,24,24,24,8,-36.7961552510675
01-Aug-2026 01:10:34,-164.824241017179,-36.7172540706631,0,25,25,25,7,-36.7172540706631
01-Aug-2026 01:10:36,-164.109009241457,-36.0020222949416,0,25,25,25,8,-36.0020222949416
01-Aug-2026 01:10:38,-163.455936969408,-35.3489500228925,0,25,25,25,8,-35.3489500228925
01-Aug-2026 01:10:40,-162.413637742345,-34.3066507958287,0,25,25,25,6,-34.3066507958287
01-Aug-2026 01:10:42,-162.169485578438,-34.0624986319222,0,25,25,25,6,-34.0624986319222
01-Aug-2026 01:10:44,-161.070469052972,-32.9634821064558,0,25,25,25,5,-32.9634821064558
01-Aug-2026 01:10:46,-160.826920189652,-32.7199332431365,0,25,25,25,4,-32.7199332431365
01-Aug-2026 01:10:48,-159.702240600429,-31.5952536539135,0,26,26,26,5,-31.5952536539135
01-Aug-2026 01:10:50,-158.737368792478,-30.6303818459623,0,26,26,26,5,-30.6303818459623
01-Aug-2026 01:10:52,-158.534966272084,-30.4279793255684,0,26,26,26,5,-30.4279793255684
01-Aug-2026 01:10:54,-158.454113056193,-30.3471261096772,0,25,25,25,5,-30.3471261096772
01-Aug-2026 01:10:56,-157.949300201216,-29.8423132546997,0,25,25,25,5,-29.8423132546997
01-Aug-2026 01:10:58,-158.039175849346,-29.9321889028298,0,25,25,25,5,-29.9321889028298
01-Aug-2026 01:11:00,-157.69610337813,-29.5891164316141,0,25,25,25,3,-29.5891164316141
01-Aug-2026 01:11:02,-156.801352210141,-28.6943652636253,0,25,25,25,3,-28.6943652636253
01-Aug-2026 01:11:04,-156.660897759124,-28.5539108126085,0,25,25,25,3,-28.5539108126085
01-Aug-2026 01:11:06,-174.64238934178,-46.5354023952639,0,25,25,25,3,-46.5354023952639
01-Aug-2026 01:11:08,-174.966254107045,-46.8592671605287,0,24,24,24,3,-46.8592671605287
01-Aug-2026 01:11:10,-175.08362592771,-46.976638981194,0,24,24,24,3,-46.976638981194
01-Aug-2026 01:11:12,-175.335166704006,-47.2281797574902,0,24,24,24,3,-47.2281797574902
01-Aug-2026 01:11:14,-175.256796011503,-47.1498090649875,0,24,24,24,3,-47.1498090649875
01-Aug-2026 01:11:16,-174.894280772075,-46.7872938255593,0,24,24,24,2,-46.7872938255593
01-Aug-2026 01:11:18,-174.588745462613,-46.4817585160971,0,24,24,24,3,-46.4817585160971
01-Aug-2026 01:11:20,-174.588571190009,-46.4815842434928,0,24,24,24,3,-46.4815842434928
01-Aug-2026 01:11:22,-174.150431964329,-46.0434450178133,0,24,24,24,3,-46.0434450178133
01-Aug-2026 01:11:24,-170.461262414169,-42.3542754676528,0,24,24,24,5,-42.3542754676528
01-Aug-2026 01:11:26,-170.306093406448,-42.1991064599318,0,24,24,24,7,-42.1991064599318
01-Aug-2026 01:11:28,-172.344236548341,-44.2372496018255,0,24,24,24,7,-44.2372496018255
01-Aug-2026 01:11:30,-169.879606388899,-41.7726194423832,0,24,24,24,7,-41.7726194423832
01-Aug-2026 01:11:32,-169.741452445657,-41.6344654991415,0,24,24,24,6,-41.6344654991415
01-Aug-2026 01:11:34,-169.536963630587,-41.4299766840715,0,25,25,25,6,-41.4299766840715
01-Aug-2026 01:11:36,-172.845351255953,-44.7383643094373,0,25,25,25,5,-44.7383643094373
01-Aug-2026 01:11:38,-172.789886484387,-44.6828995378715,0,25,25,25,4,-44.6828995378715
01-Aug-2026 01:11:40,-172.31949310602,-44.212506159504,0,25,25,25,4,-44.212506159504
01-Aug-2026 01:11:42,-171.948166526756,-43.8411795802397,0,26,26,26,4,-43.8411795802397
01-Aug-2026 01:11:44,-171.869660577735,-43.762673631219,0,26,26,26,4,-43.762673631219
01-Aug-2026 01:11:46,-171.654465979266,-43.5474790327502,0,26,26,26,5,-43.5474790327502
01-Aug-2026 01:11:48,-171.506824202285,-43.3998372557692,0,26,26,26,4,-43.3998372557692
01-Aug-2026 01:11:50,-171.358908221179,-43.2519212746629,0,26,26,26,4,-43.2519212746629
01-Aug-2026 01:11:52,-159.474171146019,-31.3671841995026,0,26,26,26,6,-31.3671841995026
01-Aug-2026 01:11:54,-159.664586615102,-31.5575996685864,0,25,25,25,5,-31.5575996685864
01-Aug-2026 01:11:56,-160.058292952374,-31.9513060058583,0,25,25,25,3,-31.9513060058583
01-Aug-2026 01:11:58,-160.602120042158,-32.4951330956421,0,25,25,25,3,-32.4951330956421
01-Aug-2026 01:12:00,-160.421200712616,-32.3142137660997,0,26,26,26,4,-32.3142137660997
01-Aug-2026 01:12:02,-174.831822921293,-46.7248359747768,0,26,26,26,3,-46.7248359747768
01-Aug-2026 01:12:04,-175.470198532741,-47.3632115862253,0,26,26,26,3,-47.3632115862253
01-Aug-2026 01:12:06,-175.431380810775,-47.3243938642592,0,26,26,26,3,-47.3243938642592
01-Aug-2026 01:12:08,-175.94283418007,-47.8358472335543,0,26,26,26,3,-47.8358472335543
01-Aug-2026 01:12:10,-176.826716811081,-48.7197298645656,0,26,26,26,3,-48.7197298645656
01-Aug-2026 01:12:12,-177.438735953289,-49.3317490067728,0,27,27,27,4,-49.3317490067728
01-Aug-2026 01:12:14,-177.484772796615,-49.3777858500991,0,26,26,26,4,-49.3777858500991
01-Aug-2026 01:12:16,-169.261644391047,-41.1546574445311,0,27,27,27,5,-41.1546574445311
01-Aug-2026 01:12:18,-169.6966957967,-41.5897088501842,0,27,27,27,6,-41.5897088501842
01-Aug-2026 01:12:20,-169.8570455857,-41.7500586391843,0,27,27,27,6,-41.7500586391843
01-Aug-2026 01:12:22,-170.109349443233,-42.0023624967168,0,26,26,26,4,-42.0023624967168
01-Aug-2026 01:12:24,-149.628877386491,-21.5218904399755,0,27,27,27,6,-21.5218904399755
01-Aug-2026 01:12:26,-150.077140920107,-21.9701539735913,0,27,27,27,6,-21.9701539735913
01-Aug-2026 01:12:28,-149.772730317811,-21.6657433712949,0,27,27,27,7,-21.6657433712949
01-Aug-2026 01:12:30,-150.576578013534,-22.4695910670178,0,26,26,26,7,-22.4695910670178
01-Aug-2026 01:12:32,-149.603043379553,-21.4960564330372,0,26,26,26,6,-21.4960564330372
01-Aug-2026 01:12:34,-149.803009290432,-21.6960223439161,0,26,26,26,6,-21.6960223439161
01-Aug-2026 01:12:36,-172.087576913166,-43.9805899666505,0,26,26,26,5,-43.9805899666505
01-Aug-2026 01:12:38,-171.684844481111,-43.5778575345951,0,26,26,26,4,-43.5778575345951
01-Aug-2026 01:12:40,-171.355677025363,-43.2486900788468,0,26,26,26,3,-43.2486900788468
01-Aug-2026 01:12:42,-171.731511910866,-43.62452496435,0,25,25,25,3,-43.62452496435
01-Aug-2026 01:12:44,-172.574164943185,-44.4671779966689,0,25,25,25,3,-44.4671779966689
01-Aug-2026 01:12:46,-172.472736418137,-44.3657494716215,0,25,25,25,4,-44.3657494716215
01-Aug-2026 01:12:48,-172.909103301688,-44.802116355172,0,25,25,25,4,-44.802116355172
01-Aug-2026 01:12:50,-186.099851987573,-57.9928650410576,0,25,25,25,3,-57.9928650410576
01-Aug-2026 01:12:52,-186.466384036746,-58.3593970902299,0,25,25,25,3,-58.3593970902299
01-Aug-2026 01:12:54,-186.587492418747,-58.4805054722308,0,25,25,25,3,-58.4805054722308
01-Aug-2026 01:12:56,-187.851549984834,-59.7445630383178,0,25,25,25,2,-59.7445630383178
01-Aug-2026 01:12:58,-189.430834367753,-61.3238474212371,0,25,25,25,1,-61.3238474212371
01-Aug-2026 01:13:00,-189.689514704996,-61.5825277584801,0,25,25,25,1,-61.5825277584801
01-Aug-2026 01:13:02,-189.856427229104,-61.7494402825885,0,25,25,25,1,-61.7494402825885
01-Aug-2026 01:13:04,-189.780875512184,-61.6738885656686,0,25,25,25,1,-61.6738885656686
01-Aug-2026 01:13:06,-186.661338497619,-58.5543515511028,0,25,25,25,2,-58.5543515511028
01-Aug-2026 01:13:08,-182.768290805463,-54.6613038589471,0,25,25,25,3,-54.6613038589471
01-Aug-2026 01:13:10,-182.719140879399,-54.6121539328833,0,25,25,25,3,-54.6121539328833
01-Aug-2026 01:13:12,-182.839500014995,-54.7325130684794,0,25,25,25,3,-54.7325130684794
01-Aug-2026 01:13:14,-182.915876985322,-54.8088900388063,0,25,25,25,4,-54.8088900388063
01-Aug-2026 01:13:16,-182.603014018548,-54.4960270720319,0,25,25,25,4,-54.4960270720319
01-Aug-2026 01:13:18,-182.342659034495,-54.2356720879787,0,25,25,25,5,-54.2356720879787
01-Aug-2026 01:13:20,-182.057129720443,-53.9501427739272,0,25,25,25,5,-53.9501427739272
01-Aug-2026 01:13:22,-167.747957944847,-39.6409709983313,0,26,26,26,6,-39.6409709983313
01-Aug-2026 01:13:24,-167.106792279445,-38.9998053329287,0,26,26,26,6,-38.9998053329287
01-Aug-2026 01:13:26,-166.084438269086,-37.9774513225702,0,25,25,25,7,-37.9774513225702
01-Aug-2026 01:13:28,-165.424791050241,-37.3178041037247,0,24,24,24,7,-37.3178041037247
01-Aug-2026 01:13:30,-165.14970433046,-37.0427173839441,0,24,24,24,7,-37.0427173839441
01-Aug-2026 01:13:32,-165.429481784262,-37.3224948377465,0,24,24,24,6,-37.3224948377465
01-Aug-2026 01:13:34,-165.054514329896,-36.9475273833797,0,24,24,24,6,-36.9475273833797
01-Aug-2026 01:13:36,-164.755401393858,-36.648414447342,0,24,24,24,6,-36.648414447342
01-Aug-2026 01:13:38,-164.814520404585,-36.7075334580692,0,24,24,24,6,-36.7075334580692
01-Aug-2026 01:13:40,-164.699124092,-36.5921371454843,0,24,24,24,6,-36.5921371454843
01-Aug-2026 01:13:42,-164.345831982354,-36.2388450358384,0,24,24,24,5,-36.2388450358384
01-Aug-2026 01:13:44,-163.961009956837,-35.8540230103213,0,24,24,24,5,-35.8540230103213
01-Aug-2026 01:13:46,-163.562744754803,-35.4557578082876,0,24,24,24,6,-35.4557578082876
01-Aug-2026 01:13:48,-163.718712560436,-35.6117256139201,0,24,24,24,6,-35.6117256139201
01-Aug-2026 01:13:50,-163.642213347033,-35.5352264005174,0,24,24,24,5,-35.5352264005174
01-Aug-2026 01:13:52,-163.809907539303,-35.7029205927875,0,25,25,25,7,-35.7029205927875
01-Aug-2026 01:13:54,-162.718010814331,-34.6110238678154,0,25,25,25,7,-34.6110238678154
01-Aug-2026 01:13:56,-163.090465004384,-34.9834780578679,0,25,25,25,6,-34.9834780578679
01-Aug-2026 01:13:58,-162.763656105463,-34.6566691589474,0,25,25,25,6,-34.6566691589474
01-Aug-2026 01:14:00,-162.54574723281,-34.4387602862939,0,25,25,25,4,-34.4387602862939
01-Aug-2026 01:14:02,-161.699408380758,-33.5924214342421,0,25,25,25,5,-33.5924214342421
01-Aug-2026 01:14:04,-161.099163745388,-32.992176798872,0,25,25,25,5,-32.992176798872
01-Aug-2026 01:14:06,-161.544961351732,-33.4379744052163,0,25,25,25,4,-33.4379744052163
01-Aug-2026 01:14:08,-167.901303871497,-39.7943169249816,0,25,25,25,4,-39.7943169249816
01-Aug-2026 01:14:10,-168.120888932778,-40.0139019862626,0,26,26,26,5,-40.0139019862626
01-Aug-2026 01:14:12,-167.874024219333,-39.7670372728173,0,26,26,26,5,-39.7670372728173
01-Aug-2026 01:14:14,-167.558361227902,-39.4513742813864,0,26,26,26,5,-39.4513742813864
01-Aug-2026 01:14:16,-167.440383387522,-39.3333964410064,0,26,26,26,5,-39.3333964410064
01-Aug-2026 01:14:18,-167.198063432963,-39.0910764864467,0,26,26,26,4,-39.0910764864467
01-Aug-2026 01:14:20,-158.725203720071,-30.6182167735551,0,25,25,25,5,-30.6182167735551
01-Aug-2026 01:14:22,-159.932938263784,-31.825951317268,0,25,25,25,4,-31.825951317268
01-Aug-2026 01:14:24,-159.68259942315,-31.5756124766338,0,24,24,24,3,-31.5756124766338
01-Aug-2026 01:14:26,-159.346301193927,-31.2393142474113,0,25,25,25,3,-31.2393142474113
01-Aug-2026 01:14:28,-159.528582502301,-31.4215955557854,0,25,25,25,3,-31.4215955557854
01-Aug-2026 01:14:30,-159.306108544388,-31.1991215978721,0,25,25,25,5,-31.1991215978721
01-Aug-2026 01:14:32,-186.80739526522,-58.7004083187045,0,26,26,26,3,-58.7004083187045
01-Aug-2026 01:14:34,-186.954250098233,-58.8472631517174,0,26,26,26,3,-58.8472631517174
01-Aug-2026 01:14:36,-183.274131510397,-55.1671445638808,0,26,26,26,4,-55.1671445638808
01-Aug-2026 01:14:38,-183.566735421957,-55.4597484754412,0,26,26,26,3,-55.4597484754412
01-Aug-2026 01:14:40,-177.462244489015,-49.3552575424991,0,26,26,26,3,-49.3552575424991
01-Aug-2026 01:14:42,-178.145790227048,-50.0388032805319,0,26,26,26,4,-50.0388032805319
01-Aug-2026 01:14:44,-185.287818569942,-57.180831623426,0,25,25,25,3,-57.180831623426
01-Aug-2026 01:14:46,-184.366455199662,-56.259468253146,0,24,24,24,4,-56.259468253146
01-Aug-2026 01:14:48,-176.992531495519,-48.8855445490027,0,24,24,24,6,-48.8855445490027
01-Aug-2026 01:14:50,-176.712842278713,-48.605855332197,0,24,24,24,5,-48.605855332197
01-Aug-2026 01:14:52,-176.476675774834,-48.3696888283183,0,24,24,24,5,-48.3696888283183
01-Aug-2026 01:14:54,-178.166198671576,-50.0592117250605,0,24,24,24,4,-50.0592117250605
01-Aug-2026 01:14:56,-177.480545043658,-49.3735580971417,0,24,24,24,4,-49.3735580971417
01-Aug-2026 01:14:58,-176.854038238021,-48.7470512915047,0,24,24,24,4,-48.7470512915047
01-Aug-2026 01:15:00,-176.413860146889,-48.3068732003726,0,24,24,24,4,-48.3068732003726
01-Aug-2026 01:15:02,-176.667452977491,-48.5604660309749,0,24,24,24,4,-48.5604660309749
01-Aug-2026 01:15:04,-176.671310107288,-48.5643231607724,0,24,24,24,5,-48.5643231607724
01-Aug-2026 01:15:06,-176.709145709692,-48.6021587631765,0,24,24,24,5,-48.6021587631765
01-Aug-2026 01:15:08,-171.72549356257,-43.618506616054,0,24,24,24,6,-43.618506616054
01-Aug-2026 01:15:10,-172.074749737256,-43.9677627907402,0,24,24,24,6,-43.9677627907402
01-Aug-2026 01:15:12,-171.941755182425,-43.834768235909,0,24,24,24,6,-43.834768235909
01-Aug-2026 01:15:14,-171.780612445157,-43.6736254986412,0,24,24,24,5,-43.6736254986412
01-Aug-2026 01:15:16,-171.881989295077,-43.775002348561,0,24,24,24,5,-43.775002348561
01-Aug-2026 01:15:18,-171.895822039596,-43.7888350930806,0,25,25,25,4,-43.7888350930806
01-Aug-2026 01:15:20,-175.481740587536,-47.3747536410199,0,25,25,25,3,-47.3747536410199
01-Aug-2026 01:15:22,-174.891156305885,-46.7841693593694,0,25,25,25,3,-46.7841693593694
01-Aug-2026 01:15:24,-175.044834308843,-46.9378473623272,0,25,25,25,3,-46.9378473623272
01-Aug-2026 01:15:26,-175.119105239506,-47.0121182929901,0,25,25,25,3,-47.0121182929901
01-Aug-2026 01:15:28,-174.746592514751,-46.6396055682353,0,25,25,25,3,-46.6396055682353
01-Aug-2026 01:15:30,-174.131685477368,-46.0246985308523,0,25,25,25,4,-46.0246985308523
01-Aug-2026 01:15:32,-174.620411892596,-46.5134249460805,0,25,25,25,3,-46.5134249460805
01-Aug-2026 01:15:34,-175.406918571075,-47.2999316245591,0,26,26,26,4,-47.2999316245591
01-Aug-2026 01:15:36,-176.173379681837,-48.066392735321,0,26,26,26,3,-48.066392735321
01-Aug-2026 01:15:38,-173.808810240555,-45.7018232940393,0,26,26,26,5,-45.7018232940393
01-Aug-2026 01:15:40,-174.504727925314,-46.3977409787983,0,26,26,26,4,-46.3977409787983
01-Aug-2026 01:15:42,-174.283276196126,-46.1762892496098,0,26,26,26,5,-46.1762892496098
01-Aug-2026 01:15:44,-173.909978401539,-45.8029914550235,0,26,26,26,6,-45.8029914550235
01-Aug-2026 01:15:46,-173.585604348617,-45.478617402101,0,26,26,26,6,-45.478617402101
01-Aug-2026 01:15:48,-173.660599701662,-45.5536127551464,0,26,26,26,5,-45.5536127551464
01-Aug-2026 01:15:50,-166.894565122454,-38.7875781759384,0,26,26,26,7,-38.7875781759384
01-Aug-2026 01:15:52,-166.154841367395,-38.0478544208787,0,26,26,26,8,-38.0478544208787
01-Aug-2026 01:15:54,-165.678787299208,-37.5718003526922,0,26,26,26,8,-37.5718003526922
01-Aug-2026 01:15:56,-165.943674320248,-37.8366873737318,0,26,26,26,7,-37.8366873737318
01-Aug-2026 01:15:58,-165.483991287366,-37.3770043408504,0,26,26,26,8,-37.3770043408504
01-Aug-2026 01:16:00,-165.684181811486,-37.5771948649697,0,26,26,26,8,-37.5771948649697
01-Aug-2026 01:16:02,-153.001248162833,-24.8942612163171,0,25,25,25,9,-24.8942612163171
01-Aug-2026 01:16:04,-152.765646303651,-24.6586593571347,0,25,25,25,8,-24.6586593571347
01-Aug-2026 01:16:06,-152.666079140927,-24.5590921944114,0,25,25,25,8,-24.5590921944114
01-Aug-2026 01:16:08,-152.972588938663,-24.8656019921471,0,26,26,26,8,-24.8656019921471
01-Aug-2026 01:16:10,-165.32882305711,-37.2218361105939,0,26,26,26,8,-37.2218361105939
01-Aug-2026 01:16:12,-165.312844767244,-37.205857820728,0,26,26,26,8,-37.205857820728
01-Aug-2026 01:16:14,-165.272034741232,-37.1650477947159,0,26,26,26,8,-37.1650477947159
01-Aug-2026 01:16:16,-167.87795904213,-39.7709720956139,0,27,27,27,9,-39.7709720956139
01-Aug-2026 01:16:18,-167.929253641659,-39.8222666951433,0,27,27,27,9,-39.8222666951433
01-Aug-2026 01:16:20,-167.335425109123,-39.2284381626071,0,26,26,26,9,-39.2284381626071
01-Aug-2026 01:16:22,-167.441662804553,-39.3346758580367,0,26,26,26,9,-39.3346758580367
01-Aug-2026 01:16:24,-167.427249275581,-39.3202623290649,0,26,26,26,8,-39.3202623290649
01-Aug-2026 01:16:26,-167.523275045002,-39.4162880984866,0,26,26,26,6,-39.4162880984866
01-Aug-2026 01:16:28,-171.188750826268,-43.0817638797525,0,26,26,26,5,-43.0817638797525
01-Aug-2026 01:16:30,-170.883689321549,-42.7767023750335,0,26,26,26,6,-42.7767023750335
01-Aug-2026 01:16:32,-170.966483755762,-42.859496809246,0,25,25,25,6,-42.859496809246
01-Aug-2026 01:16:34,-170.485410549637,-42.3784236031211,0,25,25,25,7,-42.3784236031211
01-Aug-2026 01:16:36,-170.081385552749,-41.974398606233,0,25,25,25,5,-41.974398606233
01-Aug-2026 01:16:38,-169.680243170355,-41.5732562238395,0,25,25,25,6,-41.5732562238395
01-Aug-2026 01:16:40,-169.627299524785,-41.5203125782689,0,25,25,25,6,-41.5203125782689
01-Aug-2026 01:16:42,-169.376427739896,-41.2694407933805,0,25,25,25,6,-41.2694407933805
01-Aug-2026 01:16:44,-169.201115729225,-41.0941287827094,0,25,25,25,6,-41.0941287827094
01-Aug-2026 01:16:46,-167.916323290423,-39.8093363439075,0,25,25,25,6,-39.8093363439075
01-Aug-2026 01:16:48,-168.145889739553,-40.0389027930366,0,25,25,25,6,-40.0389027930366
01-Aug-2026 01:16:50,-167.544961678038,-39.4379747315224,0,25,25,25,6,-39.4379747315224
01-Aug-2026 01:16:52,-167.514479198617,-39.4074922521012,0,25,25,25,6,-39.4074922521012
01-Aug-2026 01:16:54,-170.727309498942,-42.6203225524264,0,25,25,25,7,-42.6203225524264
01-Aug-2026 01:16:56,-170.679788548714,-42.5728016021983,0,25,25,25,7,-42.5728016021983
01-Aug-2026 01:16:58,-170.795055139957,-42.6880681934416,0,25,25,25,7,-42.6880681934416
01-Aug-2026 01:17:00,-170.364442913459,-42.2574559669433,0,25,25,25,7,-42.2574559669433
01-Aug-2026 01:17:02,-170.161962189497,-42.054975242981,0,25,25,25,7,-42.054975242981
01-Aug-2026 01:17:04,-169.817486187674,-41.7104992411577,0,25,25,25,6,-41.7104992411577
01-Aug-2026 01:17:06,-171.518140452503,-43.411153505987,0,25,25,25,4,-43.411153505987
01-Aug-2026 01:17:08,-171.433693708134,-43.3267067616181,0,25,25,25,4,-43.3267067616181
01-Aug-2026 01:17:10,-171.427586417511,-43.3205994709954,0,26,26,26,4,-43.3205994709954
01-Aug-2026 01:17:12,-171.325517409921,-43.2185304634055,0,26,26,26,3,-43.2185304634055
01-Aug-2026 01:17:14,-170.819950733226,-42.7129637867097,0,25,25,25,2,-42.7129637867097
01-Aug-2026 01:17:16,-164.990040221444,-36.8830532749286,0,25,25,25,2,-36.8830532749286
01-Aug-2026 01:17:18,-164.773430939968,-36.6664439934525,0,25,25,25,3,-36.6664439934525
01-Aug-2026 01:17:20,-165.068058589035,-36.9610716425188,0,25,25,25,3,-36.9610716425188
01-Aug-2026 01:17:22,-164.137279423021,-36.030292476505,0,24,24,24,4,-36.030292476505
01-Aug-2026 01:17:24,-163.476330333321,-35.3693433868051,0,24,24,24,5,-35.3693433868051
01-Aug-2026 01:17:26,-163.061979548505,-34.9549926019895,0,24,24,24,5,-34.9549926019895
01-Aug-2026 01:17:28,-162.577818297425,-34.470831350909,0,24,24,24,5,-34.470831350909
01-Aug-2026 01:17:30,-162.453390052365,-34.3464031058487,0,24,24,24,5,-34.3464031058487
01-Aug-2026 01:17:32,-162.196329901813,-34.0893429552976,0,24,24,24,5,-34.0893429552976
01-Aug-2026 01:17:34,-161.671936549803,-33.5649496032874,0,24,24,24,5,-33.5649496032874
01-Aug-2026 01:17:36,-161.725773632354,-33.6187866858385,0,24,24,24,5,-33.6187866858385
01-Aug-2026 01:17:38,-161.314454198626,-33.20746725211,0,24,24,24,5,-33.20746725211
01-Aug-2026 01:17:40,-161.229334453765,-33.1223475072494,0,25,25,25,5,-33.1223475072494
01-Aug-2026 01:17:42,-167.361204172685,-39.2542172261693,0,25,25,25,4,-39.2542172261693
01-Aug-2026 01:17:44,-167.399229666454,-39.2922427199383,0,25,25,25,4,-39.2922427199383
01-Aug-2026 01:17:46,-167.16279060476,-39.055803658244,0,25,25,25,4,-39.055803658244
01-Aug-2026 01:17:48,-167.428410473797,-39.3214235272807,0,25,25,25,4,-39.3214235272807
01-Aug-2026 01:17:50,-167.007161746843,-38.9001748003267,0,25,25,25,4,-38.9001748003267
01-Aug-2026 01:17:52,-166.388134053578,-38.2811471070623,0,25,25,25,5,-38.2811471070623
01-Aug-2026 01:17:54,-165.525173663697,-37.4181867171815,0,25,25,25,7,-37.4181867171815
01-Aug-2026 01:17:56,-165.406842546826,-37.2998556003102,0,25,25,25,6,-37.2998556003102
01-Aug-2026 01:17:58,-165.275343212622,-37.1683562661062,0,25,25,25,5,-37.1683562661062
01-Aug-2026 01:18:00,-165.314857346468,-37.2078703999521,0,25,25,25,5,-37.2078703999521
01-Aug-2026 01:18:02,-165.168836550406,-37.0618496038901,0,26,26,26,5,-37.0618496038901
01-Aug-2026 01:18:04,-164.918214445406,-36.81122749889,0,26,26,26,5,-36.81122749889
01-Aug-2026 01:18:06,-164.162196587394,-36.0552096408778,0,26,26,26,6,-36.0552096408778
01-Aug-2026 01:18:08,-164.78263513139,-36.6756481848741,0,26,26,26,6,-36.6756481848741
01-Aug-2026 01:18:10,-165.101858980401,-36.9948720338847,0,25,25,25,6,-36.9948720338847
01-Aug-2026 01:18:12,-164.337192334331,-36.2302053878153,0,25,25,25,6,-36.2302053878153
01-Aug-2026 01:18:14,-163.856222328824,-35.7492353823084,0,24,24,24,6,-35.7492353823084
01-Aug-2026 01:18:16,-163.940386192206,-35.83339924569,0,24,24,24,6,-35.83339924569
01-Aug-2026 01:18:18,-163.433124479451,-35.3261375329347,0,26,26,26,5,-35.3261375329347
01-Aug-2026 01:18:20,-163.910278971605,-35.803292025089,0,25,25,25,4,-35.803292025089
01-Aug-2026 01:18:22,-163.8633541258,-35.7563671792844,0,25,25,25,5,-35.7563671792844
01-Aug-2026 01:18:24,-164.052123586651,-35.9451366401353,0,25,25,25,5,-35.9451366401353
01-Aug-2026 01:18:26,-163.887463664553,-35.7804767180367,0,25,25,25,4,-35.7804767180367
01-Aug-2026 01:18:28,-163.828502925553,-35.7215159790369,0,25,25,25,5,-35.7215159790369
01-Aug-2026 01:18:30,-163.598377202416,-35.4913902559005,0,25,25,25,5,-35.4913902559005
01-Aug-2026 01:18:32,-163.419860418238,-35.3128734717223,0,25,25,25,6,-35.3128734717223
01-Aug-2026 01:18:34,-162.791263818125,-34.6842768716087,0,25,25,25,7,-34.6842768716087
01-Aug-2026 01:18:36,-162.682342443634,-34.5753554971184,0,25,25,25,7,-34.5753554971184
01-Aug-2026 01:18:38,-163.129832448345,-35.0228455018293,0,24,24,24,7,-35.0228455018293
01-Aug-2026 01:18:40,-163.259007413704,-35.1520204671882,0,24,24,24,8,-35.1520204671882
01-Aug-2026 01:18:42,-162.807329648081,-34.7003427015653,0,24,24,24,8,-34.7003427015653
01-Aug-2026 01:18:44,-162.558659786589,-34.4516728400734,0,24,24,24,8,-34.4516728400734
01-Aug-2026 01:18:46,-162.638260116562,-34.5312731700465,0,24,24,24,9,-34.5312731700465
01-Aug-2026 01:18:48,-162.470050381099,-34.3630634345828,0,24,24,24,9,-34.3630634345828
01-Aug-2026 01:18:50,-162.202137295203,-34.0951503486875,0,24,24,24,9,-34.0951503486875
01-Aug-2026 01:18:52,-162.184831678181,-34.0778447316653,0,24,24,24,9,-34.0778447316653
01-Aug-2026 01:18:54,-161.31306423711,-33.2060772905946,0,24,24,24,10,-33.2060772905946
01-Aug-2026 01:18:56,-170.106756660172,-41.9997697136563,0,24,24,24,8,-41.9997697136563
01-Aug-2026 01:18:58,-169.941088310017,-41.8341013635008,0,24,24,24,7,-41.8341013635008
01-Aug-2026 01:19:00,-164.930577596268,-36.8235906497523,0,24,24,24,8,-36.8235906497523
01-Aug-2026 01:19:02,-169.404749091412,-41.2977621448965,0,25,25,25,8,-41.2977621448965
01-Aug-2026 01:19:04,-170.053137878111,-41.9461509315951,0,25,25,25,7,-41.9461509315951
01-Aug-2026 01:19:06,-172.01410203398,-43.9071150874641,0,25,25,25,7,-43.9071150874641
01-Aug-2026 01:19:08,-173.671065743502,-45.5640787969859,0,25,25,25,7,-45.5640787969859
01-Aug-2026 01:19:10,-173.265368606338,-45.1583816598218,0,25,25,25,7,-45.1583816598218
01-Aug-2026 01:19:12,-173.479842800263,-45.3728558537472,0,25,25,25,8,-45.3728558537472
01-Aug-2026 01:19:14,-173.965378353676,-45.8583914071604,0,25,25,25,7,-45.8583914071604
01-Aug-2026 01:19:16,-174.662833166059,-46.5558462195432,0,25,25,25,7,-46.5558462195432
01-Aug-2026 01:19:18,-180.971100341119,-52.8641133946028,0,25,25,25,5,-52.8641133946028
01-Aug-2026 01:19:20,-180.944633914237,-52.8376469677209,0,25,25,25,5,-52.8376469677209
01-Aug-2026 01:19:22,-177.473261623024,-49.3662746765081,0,25,25,25,6,-49.3662746765081
01-Aug-2026 01:19:24,-176.912057505117,-48.8050705586014,0,25,25,25,6,-48.8050705586014
01-Aug-2026 01:19:26,-178.291868366455,-50.1848814199388,0,26,26,26,5,-50.1848814199388
01-Aug-2026 01:19:28,-178.165708809771,-50.0587218632549,0,26,26,26,5,-50.0587218632549
01-Aug-2026 01:19:30,-178.526718351493,-50.4197314049776,0,26,26,26,5,-50.4197314049776
01-Aug-2026 01:19:32,-178.450547431283,-50.343560484767,0,26,26,26,5,-50.343560484767
01-Aug-2026 01:19:34,-172.963218921497,-44.8562319749814,0,26,26,26,6,-44.8562319749814
01-Aug-2026 01:19:36,-172.926613876432,-44.8196269299165,0,26,26,26,7,-44.8196269299165
01-Aug-2026 01:19:38,-173.796407614146,-45.6894206676299,0,26,26,26,7,-45.6894206676299
01-Aug-2026 01:19:40,-173.660462293547,-45.5534753470315,0,27,27,27,8,-45.5534753470315
01-Aug-2026 01:19:42,-178.528034469366,-50.4210475228499,0,27,27,27,6,-50.4210475228499
01-Aug-2026 01:19:44,-178.286819158013,-50.1798322114975,0,26,26,26,6,-50.1798322114975
01-Aug-2026 01:19:46,-178.552795270216,-50.4458083236997,0,26,26,26,5,-50.4458083236997
01-Aug-2026 01:19:48,-177.794981767996,-49.6879948214801,0,26,26,26,7,-49.6879948214801
01-Aug-2026 01:19:50,-178.377875815758,-50.270888869242,0,25,25,25,6,-50.270888869242
01-Aug-2026 01:19:52,-176.246243422204,-48.139256475688,0,25,25,25,7,-48.139256475688
01-Aug-2026 01:19:54,-176.322088115454,-48.2151011689385,0,25,25,25,7,-48.2151011689385
01-Aug-2026 01:19:56,-176.379591813778,-48.2726048672621,0,24,24,24,6,-48.2726048672621
01-Aug-2026 01:19:58,-176.922367633744,-48.8153806872278,0,24,24,24,5,-48.8153806872278
01-Aug-2026 01:20:00,-177.060211997182,-48.9532250506664,0,25,25,25,5,-48.9532250506664
01-Aug-2026 01:20:02,-177.311941780307,-49.204954833791,0,25,25,25,5,-49.204954833791
01-Aug-2026 01:20:04,-177.515356070801,-49.4083691242849,0,25,25,25,5,-49.4083691242849
01-Aug-2026 01:20:06,-177.021036078463,-48.9140491319469,0,26,26,26,6,-48.9140491319469
01-Aug-2026 01:20:08,-177.091313799839,-48.9843268533232,0,27,27,27,7,-48.9843268533232
01-Aug-2026 01:20:10,-176.658474081749,-48.5514871352327,0,27,27,27,8,-48.5514871352327
01-Aug-2026 01:20:12,-176.817372867246,-48.7103859207297,0,26,26,26,8,-48.7103859207297
01-Aug-2026 01:20:14,-176.602691207756,-48.4957042612401,0,26,26,26,8,-48.4957042612401
01-Aug-2026 01:20:16,-176.27185286202,-48.164865915504,0,26,26,26,8,-48.164865915504
01-Aug-2026 01:20:18,-176.261329735103,-48.1543427885873,0,26,26,26,8,-48.1543427885873
01-Aug-2026 01:20:20,-176.298911543127,-48.1919245966107,0,25,25,25,7,-48.1919245966107
01-Aug-2026 01:20:22,-176.283753762352,-48.1767668158361,0,25,25,25,7,-48.1767668158361
01-Aug-2026 01:20:24,-176.210361611441,-48.1033746649251,0,25,25,25,7,-48.1033746649251
01-Aug-2026 01:20:26,-176.374336140113,-48.2673491935973,0,25,25,25,7,-48.2673491935973
01-Aug-2026 01:20:28,-176.776355460551,-48.6693685140353,0,25,25,25,7,-48.6693685140353
01-Aug-2026 01:20:30,-176.265111746699,-48.1581248001832,0,25,25,25,8,-48.1581248001832
01-Aug-2026 01:20:32,-169.305995103534,-41.1990081570185,0,25,25,25,9,-41.1990081570185
01-Aug-2026 01:20:34,-169.438591833109,-41.3316048865934,0,25,25,25,9,-41.3316048865934
01-Aug-2026 01:20:36,-169.035238729934,-40.9282517834186,0,25,25,25,9,-40.9282517834186
01-Aug-2026 01:20:38,-169.198900902095,-41.0919139555793,0,25,25,25,9,-41.0919139555793
01-Aug-2026 01:20:40,-170.519958113777,-42.4129711672608,0,25,25,25,8,-42.4129711672608
01-Aug-2026 01:20:42,-170.188285715014,-42.0812987684982,0,25,25,25,8,-42.0812987684982
01-Aug-2026 01:20:44,-169.997950603243,-41.8909636567269,0,25,25,25,8,-41.8909636567269
01-Aug-2026 01:20:46,-169.645486192619,-41.5384992461032,0,25,25,25,9,-41.5384992461032
01-Aug-2026 01:20:48,-169.709571740752,-41.6025847942365,0,25,25,25,9,-41.6025847942365
01-Aug-2026 01:20:50,-169.362003518121,-41.2550165716055,0,25,25,25,9,-41.2550165716055
01-Aug-2026 01:20:52,-159.780321991867,-31.6733350453509,0,25,25,25,9,-31.6733350453509
01-Aug-2026 01:20:54,-159.992340851745,-31.8853539052293,0,25,25,25,9,-31.8853539052293
01-Aug-2026 01:20:56,-169.165495848094,-41.0585089015786,0,26,26,26,8,-41.0585089015786
01-Aug-2026 01:20:58,-168.875414273311,-40.7684273267953,0,26,26,26,8,-40.7684273267953
01-Aug-2026 01:21:00,-168.839717429653,-40.7327304831374,0,25,25,25,8,-40.7327304831374
01-Aug-2026 01:21:02,-170.111355415245,-42.0043684687296,0,25,25,25,6,-42.0043684687296
01-Aug-2026 01:21:04,-170.522342578668,-42.4153556321518,0,25,25,25,6,-42.4153556321518
01-Aug-2026 01:21:06,-163.634409676699,-35.5274227301829,0,25,25,25,8,-35.5274227301829
01-Aug-2026 01:21:08,-163.669384285431,-35.562397338915,0,25,25,25,8,-35.562397338915
01-Aug-2026 01:21:10,-164.029967188438,-35.9229802419225,0,25,25,25,8,-35.9229802419225
01-Aug-2026 01:21:12,-163.833502026828,-35.7265150803121,0,25,25,25,8,-35.7265150803121
01-Aug-2026 01:21:14,-179.574693723957,-51.4677067774411,0,24,24,24,5,-51.4677067774411
01-Aug-2026 01:21:16,-179.085676167416,-50.9786892209004,0,24,24,24,5,-50.9786892209004
01-Aug-2026 01:21:18,-162.512286873478,-34.4052999269622,0,24,24,24,6,-34.4052999269622
01-Aug-2026 01:21:20,-163.001504266405,-34.8945173198891,0,24,24,24,6,-34.8945173198891
01-Aug-2026 01:21:22,-162.038904018295,-33.9319170717787,0,24,24,24,7,-33.9319170717787
01-Aug-2026 01:21:24,-162.245508858059,-34.1385219115431,0,24,24,24,7,-34.1385219115431
01-Aug-2026 01:21:26,-161.291464929319,-33.1844779828032,0,24,24,24,7,-33.1844779828032
01-Aug-2026 01:21:28,-160.838449614173,-32.7314626676568,0,25,25,25,7,-32.7314626676568
01-Aug-2026 01:21:30,-160.914086908443,-32.8070999619267,0,25,25,25,7,-32.8070999619267
01-Aug-2026 01:21:32,-160.870452368023,-32.7634654215073,0,25,25,25,6,-32.7634654215073
01-Aug-2026 01:21:34,-160.611021865036,-32.5040349185204,0,25,25,25,4,-32.5040349185204
01-Aug-2026 01:21:36,-160.747112777127,-32.6401258306113,0,25,25,25,6,-32.6401258306113
01-Aug-2026 01:21:38,-160.518498546825,-32.4115116003088,0,25,25,25,6,-32.4115116003088
01-Aug-2026 01:21:40,-160.801697603425,-32.6947106569091,0,25,25,25,6,-32.6947106569091
01-Aug-2026 01:21:42,-160.600752856036,-32.4937659095202,0,25,25,25,6,-32.4937659095202
01-Aug-2026 01:21:44,-159.880637925268,-31.7736509787518,0,25,25,25,6,-31.7736509787518
01-Aug-2026 01:21:46,-156.271213418398,-28.1642264718824,0,25,25,25,8,-28.1642264718824
01-Aug-2026 01:21:48,-155.990035218541,-27.8830482720256,0,25,25,25,8,-27.8830482720256
01-Aug-2026 01:21:50,-155.652414796888,-27.5454278503725,0,25,25,25,8,-27.5454278503725
01-Aug-2026 01:21:52,-155.525459627202,-27.4184726806861,0,24,24,24,8,-27.4184726806861
01-Aug-2026 01:21:54,-155.911637508522,-27.8046505620061,0,25,25,25,9,-27.8046505620061
01-Aug-2026 01:21:56,-155.882554855061,-27.7755679085451,0,25,25,25,9,-27.7755679085451
01-Aug-2026 01:21:58,-155.344626134086,-27.2376391875706,0,25,25,25,8,-27.2376391875706
01-Aug-2026 01:22:00,-155.179677663999,-27.0726907174827,0,25,25,25,7,-27.0726907174827
01-Aug-2026 01:22:02,-155.304174271372,-27.1971873248565,0,24,24,24,7,-27.1971873248565
01-Aug-2026 01:22:04,-155.005120202229,-26.898133255713,0,24,24,24,7,-26.898133255713
01-Aug-2026 01:22:06,-154.898070536479,-26.7910835899634,0,24,24,24,6,-26.7910835899634
01-Aug-2026 01:22:08,-155.650491693318,-27.5435047468017,0,24,24,24,8,-27.5435047468017
01-Aug-2026 01:22:10,-155.620511048929,-27.5135241024135,0,25,25,25,9,-27.5135241024135
01-Aug-2026 01:22:12,-155.221021949898,-27.1140350033822,0,25,25,25,8,-27.1140350033822
01-Aug-2026 01:22:14,-155.576986204264,-27.4699992577483,0,25,25,25,8,-27.4699992577483
01-Aug-2026 01:22:16,-155.669201650572,-27.562214704056,0,25,25,25,7,-27.562214704056
01-Aug-2026 01:22:18,-155.622961037113,-27.5159740905974,0,25,25,25,8,-27.5159740905974
01-Aug-2026 01:22:20,-159.304970690827,-31.1979837443107,0,25,25,25,6,-31.1979837443107
01-Aug-2026 01:22:22,-159.656195375165,-31.5492084286491,0,25,25,25,5,-31.5492084286491
01-Aug-2026 01:22:24,-159.641677427214,-31.5346904806985,0,25,25,25,5,-31.5346904806985
01-Aug-2026 01:22:26,-161.240521501666,-33.13353455515,0,25,25,25,5,-33.13353455515
01-Aug-2026 01:22:28,-160.843410500765,-32.7364235542493,0,24,24,24,5,-32.7364235542493
01-Aug-2026 01:22:30,-161.133528625936,-33.0265416794197,0,24,24,24,6,-33.0265416794197
01-Aug-2026 01:22:32,-161.024524992171,-32.9175380456548,0,24,24,24,7,-32.9175380456548
01-Aug-2026 01:22:34,-159.881431684799,-31.7744447382836,0,24,24,24,7,-31.7744447382836
01-Aug-2026 01:22:36,-159.768185025261,-31.6611980787453,0,24,24,24,6,-31.6611980787453
01-Aug-2026 01:22:38,-160.193764020336,-32.0867770738201,0,24,24,24,6,-32.0867770738201
01-Aug-2026 01:22:40,-172.718744668459,-44.611757721943,0,24,24,24,7,-44.611757721943
01-Aug-2026 01:22:42,-172.851990738695,-44.7450037921789,0,24,24,24,7,-44.7450037921789
01-Aug-2026 01:22:44,-172.938357782966,-44.8313708364502,0,24,24,24,7,-44.8313708364502
01-Aug-2026 01:22:46,-156.482649015213,-28.3756620686973,0,25,25,25,8,-28.3756620686973
01-Aug-2026 01:22:48,-168.252500380862,-40.1455134343461,0,25,25,25,7,-40.1455134343461
01-Aug-2026 01:22:50,-160.317011332038,-32.2100243855222,0,25,25,25,6,-32.2100243855222
01-Aug-2026 01:22:52,-159.788620496096,-31.6816335495799,0,25,25,25,6,-31.6816335495799
01-Aug-2026 01:22:54,-159.737681302002,-31.6306943554865,0,25,25,25,5,-31.6306943554865
01-Aug-2026 01:22:56,-159.403489043376,-31.2965020968606,0,25,25,25,5,-31.2965020968606
01-Aug-2026 01:22:58,-159.500620862477,-31.3936339159609,0,25,25,25,4,-31.3936339159609
01-Aug-2026 01:23:00,-182.517152940671,-54.4101659941555,0,25,25,25,3,-54.4101659941555
01-Aug-2026 01:23:02,-182.885753751383,-54.7787668048667,0,25,25,25,3,-54.7787668048667
01-Aug-2026 01:23:04,-173.790091532643,-45.6831045861268,0,25,25,25,4,-45.6831045861268
01-Aug-2026 01:23:06,-174.406335954679,-46.2993490081634,0,25,25,25,3,-46.2993490081634
01-Aug-2026 01:23:08,-174.79793025009,-46.6909433035741,0,25,25,25,3,-46.6909433035741
01-Aug-2026 01:23:10,-175.960538516723,-47.8535515702074,0,25,25,25,3,-47.8535515702074
01-Aug-2026 01:23:12,-176.528634786842,-48.4216478403258,0,25,25,25,3,-48.4216478403258
01-Aug-2026 01:23:14,-177.106177135688,-48.9991901891718,0,25,25,25,3,-48.9991901891718
01-Aug-2026 01:23:16,-171.256458837718,-43.1494718912017,0,25,25,25,4,-43.1494718912017
01-Aug-2026 01:23:18,-170.833542930524,-42.7265559840085,0,26,26,26,3,-42.7265559840085
01-Aug-2026 01:23:20,-170.68940107693,-42.582414130414,0,26,26,26,3,-42.582414130414
01-Aug-2026 01:23:22,-170.379122257511,-42.2721353109955,0,26,26,26,3,-42.2721353109955
01-Aug-2026 01:23:24,-169.613863228782,-41.5068762822663,0,26,26,26,5,-41.5068762822663
01-Aug-2026 01:23:26,-169.631652216233,-41.5246652697171,0,26,26,26,5,-41.5246652697171
01-Aug-2026 01:23:28,-169.942814567255,-41.8358276207395,0,26,26,26,6,-41.8358276207395
01-Aug-2026 01:23:30,-169.589001628601,-41.4820146820852,0,26,26,26,6,-41.4820146820852
01-Aug-2026 01:23:32,-170.045175498645,-41.938188552129,0,27,27,27,5,-41.938188552129
01-Aug-2026 01:23:34,-166.818665881253,-38.7116789347371,0,27,27,27,6,-38.7116789347371
01-Aug-2026 01:23:36,-166.907147172745,-38.8001602262293,0,27,27,27,6,-38.8001602262293
01-Aug-2026 01:23:38,-166.80000908731,-38.6930221407943,0,25,25,25,4,-38.6930221407943
01-Aug-2026 01:23:40,-168.892127504409,-40.7851405578933,0,25,25,25,3,-40.7851405578933
01-Aug-2026 01:23:42,-168.573162814185,-40.4661758676695,0,25,25,25,3,-40.4661758676695
01-Aug-2026 01:23:44,-166.774183797598,-38.6671968510823,0,24,24,24,3,-38.6671968510823
01-Aug-2026 01:23:46,-166.463602237902,-38.3566152913861,0,24,24,24,3,-38.3566152913861
01-Aug-2026 01:23:48,-166.084804166531,-37.9778172200149,0,24,24,24,3,-37.9778172200149
01-Aug-2026 01:23:50,-166.252103347686,-38.1451164011702,0,24,24,24,3,-38.1451164011702
01-Aug-2026 01:23:52,-165.909209962374,-37.802223015858,0,24,24,24,3,-37.802223015858
01-Aug-2026 01:23:54,-165.729282146918,-37.6222952004021,0,25,25,25,3,-37.6222952004021
01-Aug-2026 01:23:56,-165.423208876821,-37.3162219303054,0,26,26,26,4,-37.3162219303054
01-Aug-2026 01:23:58,-169.744119521492,-41.6371325749762,0,26,26,26,3,-41.6371325749762
01-Aug-2026 01:24:00,-170.041408178998,-41.9344212324822,0,26,26,26,3,-41.9344212324822
01-Aug-2026 01:24:02,-170.089146865526,-41.9821599190103,0,26,26,26,3,-41.9821599190103
01-Aug-2026 01:24:04,-184.862499051888,-56.7555121053718,0,25,25,25,2,-56.7555121053718
01-Aug-2026 01:24:06,-184.932294312104,-56.8253073655879,0,25,25,25,2,-56.8253073655879
01-Aug-2026 01:24:08,-184.565177497974,-56.4581905514577,0,24,24,24,2,-56.4581905514577
01-Aug-2026 01:24:10,-184.676200486109,-56.5692135395929,0,25,25,25,2,-56.5692135395929
01-Aug-2026 01:24:12,-185.504322657985,-57.3973357114696,0,25,25,25,2,-57.3973357114696
01-Aug-2026 01:24:14,-185.589077325859,-57.4820903793433,0,25,25,25,2,-57.4820903793433
01-Aug-2026 01:24:16,-185.387910994015,-57.2809240474993,0,25,25,25,2,-57.2809240474993
01-Aug-2026 01:24:18,-184.852981158815,-56.7459942122992,0,25,25,25,2,-56.7459942122992
01-Aug-2026 01:24:20,-182.05562754044,-53.9486405939239,0,25,25,25,4,-53.9486405939239
01-Aug-2026 01:24:22,-182.388571554914,-54.2815846083986,0,25,25,25,4,-54.2815846083986
01-Aug-2026 01:24:24,-173.135018364112,-45.0280314175957,0,25,25,25,5,-45.0280314175957
01-Aug-2026 01:24:26,-169.648189133089,-41.5412021865727,0,25,25,25,6,-41.5412021865727
01-Aug-2026 01:24:28,-170.249211600781,-42.1422246542647,0,25,25,25,7,-42.1422246542647
01-Aug-2026 01:24:30,-170.068997774908,-41.9620108283923,0,25,25,25,7,-41.9620108283923
01-Aug-2026 01:24:32,-170.420962029636,-42.3139750831198,0,25,25,25,7,-42.3139750831198
01-Aug-2026 01:24:34,-172.930188011252,-44.8232010647365,0,25,25,25,6,-44.8232010647365
01-Aug-2026 01:24:36,-172.813656565294,-44.7066696187786,0,25,25,25,5,-44.7066696187786
01-Aug-2026 01:24:38,-172.556359449236,-44.4493725027198,0,25,25,25,5,-44.4493725027198
01-Aug-2026 01:24:40,-172.59679130189,-44.4898043553739,0,25,25,25,4,-44.4898043553739
01-Aug-2026 01:24:42,-173.923030762579,-45.816043816063,0,25,25,25,4,-45.816043816063
01-Aug-2026 01:24:44,-174.10909685336,-46.0021099068441,0,26,26,26,4,-46.0021099068441
01-Aug-2026 01:24:46,-174.134909207994,-46.0279222614777,0,26,26,26,5,-46.0279222614777
01-Aug-2026 01:24:48,-173.353155413897,-45.2461684673809,0,25,25,25,5,-45.2461684673809
01-Aug-2026 01:24:50,-173.515182221351,-45.4081952748352,0,25,25,25,5,-45.4081952748352
01-Aug-2026 01:24:52,-172.156847930126,-44.0498609836101,0,25,25,25,4,-44.0498609836101
01-Aug-2026 01:24:54,-168.474500877723,-40.3675139312076,0,25,25,25,6,-40.3675139312076
01-Aug-2026 01:24:56,-168.742393195118,-40.635406248602,0,25,25,25,6,-40.635406248602
01-Aug-2026 01:24:58,-169.805598574094,-41.6986116275785,0,25,25,25,5,-41.6986116275785
01-Aug-2026 01:25:00,-168.940815159806,-40.8338282132905,0,25,25,25,5,-40.8338282132905
01-Aug-2026 01:25:02,-168.764523270406,-40.6575363238903,0,25,25,25,6,-40.6575363238903
01-Aug-2026 01:25:04,-168.549259744605,-40.4422727980887,0,25,25,25,5,-40.4422727980887
01-Aug-2026 01:25:06,-168.24278377941,-40.135796832894,0,25,25,25,5,-40.135796832894
01-Aug-2026 01:25:08,-168.259346404377,-40.1523594578609,0,24,24,24,5,-40.1523594578609
01-Aug-2026 01:25:10,-167.877950268668,-39.7709633221525,0,24,24,24,5,-39.7709633221525
01-Aug-2026 01:25:12,-167.357133630588,-39.2501466840718,0,24,24,24,5,-39.2501466840718
01-Aug-2026 01:25:14,-166.473931696384,-38.3669447498686,0,24,24,24,5,-38.3669447498686
01-Aug-2026 01:25:16,-166.159753565556,-38.0527666190401,0,25,25,25,5,-38.0527666190401
01-Aug-2026 01:25:18,-173.779678013574,-45.6726910670579,0,25,25,25,5,-45.6726910670579
01-Aug-2026 01:25:20,-160.067248271342,-31.9602613248257,0,25,25,25,6,-31.9602613248257
01-Aug-2026 01:25:22,-159.850588429163,-31.7436014826471,0,25,25,25,8,-31.7436014826471
01-Aug-2026 01:25:24,-159.447447810839,-31.3404608643234,0,24,24,24,7,-31.3404608643234
01-Aug-2026 01:25:26,-160.071634534183,-31.9646475876668,0,24,24,24,7,-31.9646475876668
01-Aug-2026 01:25:28,-159.95905364173,-31.8520666952138,0,24,24,24,7,-31.8520666952138
01-Aug-2026 01:25:30,-160.169050704306,-32.06206375779,0,24,24,24,7,-32.06206375779
01-Aug-2026 01:25:32,-160.092165399482,-31.9851784529658,0,24,24,24,8,-31.9851784529658
01-Aug-2026 01:25:34,-159.96011708274,-31.8531301362242,0,24,24,24,8,-31.8531301362242
01-Aug-2026 01:25:36,-159.417432466394,-31.3104455198782,0,24,24,24,8,-31.3104455198782
01-Aug-2026 01:25:38,-159.855568320846,-31.7485813743302,0,24,24,24,8,-31.7485813743302
01-Aug-2026 01:25:40,-159.188413682093,-31.0814267355776,0,24,24,24,8,-31.0814267355776
01-Aug-2026 01:25:42,-158.105373772293,-29.9983868257773,0,24,24,24,9,-29.9983868257773
01-Aug-2026 01:25:44,-158.136205177578,-30.0292182310625,0,25,25,25,9,-30.0292182310625
01-Aug-2026 01:25:46,-157.940970491227,-29.8339835447108,0,25,25,25,9,-29.8339835447108
01-Aug-2026 01:25:48,-157.530035722909,-29.4230487763936,0,25,25,25,9,-29.4230487763936
01-Aug-2026 01:25:50,-157.258276533758,-29.1512895872422,0,25,25,25,8,-29.1512895872422
01-Aug-2026 01:25:52,-157.633490519989,-29.526503573473,0,25,25,25,8,-29.526503573473
01-Aug-2026 01:25:54,-157.969439718061,-29.8624527715452,0,25,25,25,7,-29.8624527715452
01-Aug-2026 01:25:56,-157.731659361192,-29.6246724146757,0,24,24,24,7,-29.6246724146757
01-Aug-2026 01:25:58,-157.278707253468,-29.1717203069526,0,24,24,24,5,-29.1717203069526
01-Aug-2026 01:26:00,-156.872237372351,-28.7652504258347,0,24,24,24,5,-28.7652504258347
01-Aug-2026 01:26:02,-156.648770480404,-28.541783533888,0,25,25,25,5,-28.541783533888
01-Aug-2026 01:26:04,-156.279530015657,-28.1725430691408,0,25,25,25,5,-28.1725430691408
01-Aug-2026 01:26:06,-156.470227579384,-28.3632406328684,0,25,25,25,5,-28.3632406328684
01-Aug-2026 01:26:08,-156.067113298864,-27.9601263523478,0,25,25,25,6,-27.9601263523478
01-Aug-2026 01:26:10,-156.087266708397,-27.9802797618814,0,25,25,25,6,-27.9802797618814
01-Aug-2026 01:26:12,-164.116295392738,-36.0093084462222,0,25,25,25,4,-36.0093084462222
01-Aug-2026 01:26:14,-163.714725009497,-35.6077380629813,0,25,25,25,6,-35.6077380629813
01-Aug-2026 01:26:16,-164.126607641796,-36.0196206952801,0,25,25,25,6,-36.0196206952801
01-Aug-2026 01:26:18,-163.848654356241,-35.7416674097248,0,25,25,25,6,-35.7416674097248
01-Aug-2026 01:26:20,-164.43696239262,-36.3299754461044,0,24,24,24,5,-36.3299754461044
01-Aug-2026 01:26:22,-148.338725740465,-20.2317387939492,0,24,24,24,3,-20.2317387939492
01-Aug-2026 01:26:24,-148.792456524322,-20.6854695778065,0,24,24,24,2,-20.6854695778065
01-Aug-2026 01:26:26,-148.958421114586,-20.8514341680705,0,24,24,24,2,-20.8514341680705
01-Aug-2026 01:26:28,-149.22870601345,-21.1217190669346,0,24,24,24,2,-21.1217190669346
01-Aug-2026 01:26:30,-150.531523068557,-22.4245361220409,0,24,24,24,1,-22.4245361220409
01-Aug-2026 01:26:32,-150.594747677753,-22.4877607312373,0,25,25,25,1,-22.4877607312373
01-Aug-2026 01:26:34,-151.044307950038,-22.937321003522,0,25,25,25,1,-22.937321003522
01-Aug-2026 01:26:36,-151.567864870306,-23.4608779237905,0,25,25,25,2,-23.4608779237905
01-Aug-2026 01:26:38,-151.688928697858,-23.5819417513426,0,25,25,25,2,-23.5819417513426
01-Aug-2026 01:26:40,-151.876020801199,-23.769033854683,0,25,25,25,2,-23.769033854683
01-Aug-2026 01:26:42,-165.854822445982,-37.7478354994657,0,25,25,25,3,-37.7478354994657
01-Aug-2026 01:26:44,-166.728833720199,-38.6218467736834,0,25,25,25,3,-38.6218467736834
01-Aug-2026 01:26:46,-167.660879044184,-39.5538920976681,0,25,25,25,3,-39.5538920976681
01-Aug-2026 01:26:48,-168.565995657565,-40.4590087110495,0,25,25,25,3,-40.4590087110495
01-Aug-2026 01:26:50,-169.350962017713,-41.2439750711968,0,25,25,25,3,-41.2439750711968
01-Aug-2026 01:26:52,-181.253001222479,-53.1460142759636,0,25,25,25,1,-53.1460142759636
01-Aug-2026 01:26:54,-181.521402866475,-53.4144159199596,0,25,25,25,1,-53.4144159199596
01-Aug-2026 01:26:56,-181.291887110978,-53.1849001644623,0,25,25,25,1,-53.1849001644623
01-Aug-2026 01:26:58,-179.586965206501,-51.4799782599848,0,25,25,25,2,-51.4799782599848
01-Aug-2026 01:27:00,-181.593434539156,-53.4864475926404,0,25,25,25,1,-53.4864475926404
01-Aug-2026 01:27:02,-163.705632447806,-35.5986455012902,0,25,25,25,2,-35.5986455012902
01-Aug-2026 01:27:04,-190.554895127428,-62.4479081809121,0,25,25,25,1,-62.4479081809121
01-Aug-2026 01:27:06,-190.601858499553,-62.4948715530372,0,25,25,25,1,-62.4948715530372
01-Aug-2026 01:27:08,-191.046984261358,-62.9399973148422,0,25,25,25,1,-62.9399973148422
01-Aug-2026 01:27:10,-178.919610724901,-50.8126237783852,0,26,26,26,5,-50.8126237783852
01-Aug-2026 01:27:12,-178.609987136497,-50.503000189981,0,26,26,26,6,-50.503000189981
01-Aug-2026 01:27:14,-178.571644670277,-50.464657723761,0,26,26,26,6,-50.464657723761
01-Aug-2026 01:27:16,-178.948346350548,-50.8413594040323,0,26,26,26,6,-50.8413594040323
01-Aug-2026 01:27:18,-178.901487001,-50.7945000544838,0,26,26,26,6,-50.7945000544838
01-Aug-2026 01:27:20,-177.100683199908,-48.9936962533922,0,26,26,26,7,-48.9936962533922
01-Aug-2026 01:27:22,-174.459542458215,-46.3525555116994,0,27,27,27,9,-46.3525555116994
01-Aug-2026 01:27:24,-174.322587727872,-46.2156007813557,0,27,27,27,9,-46.2156007813557
01-Aug-2026 01:27:26,-174.269428782621,-46.162441836105,0,26,26,26,9,-46.162441836105
01-Aug-2026 01:27:28,-175.2741847297,-47.1671977831842,0,26,26,26,7,-47.1671977831842
01-Aug-2026 01:27:30,-180.971172453011,-52.8641855064955,0,25,25,25,4,-52.8641855064955
01-Aug-2026 01:27:32,-181.560110454794,-53.4531235082784,0,24,24,24,3,-53.4531235082784
01-Aug-2026 01:27:34,-181.79504080915,-53.688053862634,0,24,24,24,3,-53.688053862634
01-Aug-2026 01:27:36,-181.773168735516,-53.666181789,0,24,24,24,3,-53.666181789
01-Aug-2026 01:27:38,-175.707831454754,-47.600844508238,0,24,24,24,4,-47.600844508238
01-Aug-2026 01:27:40,-175.743650918189,-47.6366639716732,0,24,24,24,3,-47.6366639716732
01-Aug-2026 01:27:42,-176.66706071196,-48.5600737654437,0,24,24,24,3,-48.5600737654437
01-Aug-2026 01:27:44,-176.34094028278,-48.2339533362637,0,24,24,24,3,-48.2339533362637
01-Aug-2026 01:27:46,-176.934227701307,-48.8272407547909,0,25,25,25,4,-48.8272407547909
01-Aug-2026 01:27:48,-177.430730622619,-49.3237436761029,0,26,26,26,4,-49.3237436761029
01-Aug-2026 01:27:50,-177.312765402002,-49.2057784554862,0,26,26,26,4,-49.2057784554862
01-Aug-2026 01:27:52,-158.208338667794,-30.1013517212777,0,26,26,26,6,-30.1013517212777
01-Aug-2026 01:27:54,-158.398967839786,-30.2919808932699,0,25,25,25,7,-30.2919808932699
01-Aug-2026 01:27:56,-159.300306874458,-31.193319927942,0,25,25,25,8,-31.193319927942
01-Aug-2026 01:27:58,-158.697012220466,-30.5900252739498,0,24,24,24,8,-30.5900252739498
01-Aug-2026 01:28:00,-158.064496456313,-29.9575095097967,0,24,24,24,7,-29.9575095097967
01-Aug-2026 01:28:02,-158.078235574636,-29.9712486281205,0,24,24,24,8,-29.9712486281205
01-Aug-2026 01:28:04,-158.075987744089,-29.969000797573,0,24,24,24,6,-29.969000797573
01-Aug-2026 01:28:06,-158.136747093011,-30.0297601464955,0,24,24,24,6,-30.0297601464955
01-Aug-2026 01:28:08,-157.906259211554,-29.7992722650385,0,24,24,24,6,-29.7992722650385
01-Aug-2026 01:28:10,-157.116388156394,-29.0094012098779,0,24,24,24,7,-29.0094012098779
01-Aug-2026 01:28:12,-157.651554830832,-29.5445678843161,0,24,24,24,7,-29.5445678843161
01-Aug-2026 01:28:14,-157.722942684273,-29.6159557377567,0,25,25,25,8,-29.6159557377567
01-Aug-2026 01:28:16,-159.264762689642,-31.1577757431262,0,25,25,25,7,-31.1577757431262
01-Aug-2026 01:28:18,-159.745524743,-31.638537796484,0,25,25,25,7,-31.638537796484
01-Aug-2026 01:28:20,-160.050791748243,-31.9438048017276,0,25,25,25,6,-31.9438048017276
01-Aug-2026 01:28:22,-160.775506672418,-32.6685197259021,0,25,25,25,5,-32.6685197259021
01-Aug-2026 01:28:24,-176.802478013693,-48.6954910671768,0,25,25,25,3,-48.6954910671768
01-Aug-2026 01:28:26,-162.189704629842,-34.0827176833262,0,25,25,25,5,-34.0827176833262
01-Aug-2026 01:28:28,-159.752888497053,-31.6459015505376,0,25,25,25,5,-31.6459015505376
01-Aug-2026 01:28:30,-159.52189772203,-31.4149107755143,0,25,25,25,4,-31.4149107755143
01-Aug-2026 01:28:32,-159.338814391557,-31.2318274450409,0,26,26,26,4,-31.2318274450409
01-Aug-2026 01:28:34,-159.310172310566,-31.2031853640501,0,25,25,25,4,-31.2031853640501
01-Aug-2026 01:28:36,-159.588200063075,-31.4812131165587,0,25,25,25,4,-31.4812131165587
01-Aug-2026 01:28:38,-159.439881619788,-31.3328946732726,0,25,25,25,5,-31.3328946732726
01-Aug-2026 01:28:40,-159.009827556773,-30.9028406102567,0,25,25,25,5,-30.9028406102567
01-Aug-2026 01:28:42,-158.792494126873,-30.6855071803575,0,25,25,25,5,-30.6855071803575
01-Aug-2026 01:28:44,-158.644829484757,-30.5378425382408,0,25,25,25,5,-30.5378425382408
01-Aug-2026 01:28:46,-158.845795477912,-30.7388085313962,0,25,25,25,5,-30.7388085313962
01-Aug-2026 01:28:48,-158.792305825674,-30.6853188791584,0,25,25,25,5,-30.6853188791584
01-Aug-2026 01:28:50,-158.540809716724,-30.4338227702081,0,25,25,25,5,-30.4338227702081
01-Aug-2026 01:28:52,-158.164206422998,-30.0572194764823,0,25,25,25,5,-30.0572194764823
01-Aug-2026 01:28:54,-158.575272019209,-30.4682850726928,0,24,24,24,5,-30.4682850726928
01-Aug-2026 01:28:56,-158.444080568496,-30.3370936219798,0,24,24,24,4,-30.3370936219798
01-Aug-2026 01:28:58,-160.950035605044,-32.8430486585283,0,24,24,24,4,-32.8430486585283
01-Aug-2026 01:29:00,-160.333852763449,-32.226865816933,0,24,24,24,4,-32.226865816933
01-Aug-2026 01:29:02,-159.6070832979,-31.5000963513842,0,23,23,23,4,-31.5000963513842
01-Aug-2026 01:29:04,-159.02345347343,-30.9164665269145,0,24,24,24,5,-30.9164665269145
01-Aug-2026 01:29:06,-159.324374723621,-31.2173877771047,0,24,24,24,5,-31.2173877771047
01-Aug-2026 01:29:08,-159.264343802777,-31.1573568562609,0,24,24,24,6,-31.1573568562609
01-Aug-2026 01:29:10,-159.395220513182,-31.288233566666,0,24,24,24,6,-31.288233566666
01-Aug-2026 01:29:12,-166.4087644473,-38.3017775007839,0,24,24,24,5,-38.3017775007839
01-Aug-2026 01:29:14,-169.285666622131,-41.1786796756148,0,24,24,24,5,-41.1786796756148
01-Aug-2026 01:29:16,-169.681869376725,-41.5748824302088,0,24,24,24,5,-41.5748824302088
01-Aug-2026 01:29:18,-169.940367252852,-41.8333803063362,0,24,24,24,7,-41.8333803063362
01-Aug-2026 01:29:20,-169.934634220859,-41.8276472743431,0,24,24,24,7,-41.8276472743431
01-Aug-2026 01:29:22,-170.457587623991,-42.3506006774752,0,24,24,24,7,-42.3506006774752
01-Aug-2026 01:29:24,-170.698245385373,-42.5912584388571,0,24,24,24,7,-42.5912584388571
01-Aug-2026 01:29:26,-170.66951421326,-42.5625272667442,0,24,24,24,8,-42.5625272667442
01-Aug-2026 01:29:28,-172.616955737345,-44.5099687908294,0,24,24,24,7,-44.5099687908294
01-Aug-2026 01:29:30,-172.811358794429,-44.7043718479134,0,24,24,24,8,-44.7043718479134
01-Aug-2026 01:29:32,-173.013379294728,-44.9063923482124,0,24,24,24,8,-44.9063923482124
01-Aug-2026 01:29:34,-174.399634226112,-46.2926472795962,0,24,24,24,6,-46.2926472795962
01-Aug-2026 01:29:36,-175.449705305153,-47.3427183586373,0,25,25,25,6,-47.3427183586373
01-Aug-2026 01:29:38,-175.907513133858,-47.800526187342,0,26,26,26,5,-47.800526187342
01-Aug-2026 01:29:40,-175.939494782569,-47.8325078360529,0,26,26,26,5,-47.8325078360529
01-Aug-2026 01:29:42,-171.202888370296,-43.0959014237805,0,26,26,26,4,-43.0959014237805
01-Aug-2026 01:29:44,-184.697549898071,-56.5905629515553,0,26,26,26,3,-56.5905629515553
01-Aug-2026 01:29:46,-177.255913201233,-49.148926254717,0,25,25,25,4,-49.148926254717
01-Aug-2026 01:29:48,-177.351229571257,-49.2442426247414,0,25,25,25,4,-49.2442426247414
01-Aug-2026 01:29:50,-176.968223670571,-48.8612367240553,0,25,25,25,5,-48.8612367240553
01-Aug-2026 01:29:52,-176.465377775274,-48.358390828758,0,25,25,25,6,-48.358390828758
01-Aug-2026 01:29:54,-176.34053210901,-48.2335451624939,0,26,26,26,6,-48.2335451624939
01-Aug-2026 01:29:56,-175.812108697804,-47.7051217512884,0,26,26,26,7,-47.7051217512884
01-Aug-2026 01:29:58,-176.342808383686,-48.2358214371696,0,26,26,26,6,-48.2358214371696
01-Aug-2026 01:30:00,-176.193963009944,-48.0869760634286,0,26,26,26,5,-48.0869760634286
01-Aug-2026 01:30:02,-175.739866757178,-47.6328798106622,0,26,26,26,5,-47.6328798106622
01-Aug-2026 01:30:04,-175.48095986399,-47.3739729174738,0,26,26,26,5,-47.3739729174738
01-Aug-2026 01:30:06,-175.084899705616,-46.9779127591002,0,26,26,26,5,-46.9779127591002
01-Aug-2026 01:30:08,-174.660826136422,-46.5538391899063,0,26,26,26,4,-46.5538391899063
01-Aug-2026 01:30:10,-177.152043497239,-49.045056550723,0,25,25,25,3,-49.045056550723
01-Aug-2026 01:30:12,-177.696858722833,-49.5898717763172,0,25,25,25,3,-49.5898717763172
01-Aug-2026 01:30:14,-163.811741021088,-35.7047540745718,0,25,25,25,4,-35.7047540745718
01-Aug-2026 01:30:16,-146.118471782039,-18.0114848355229,0,25,25,25,6,-18.0114848355229
01-Aug-2026 01:30:18,-146.561197738736,-18.4542107922202,0,26,26,26,7,-18.4542107922202
01-Aug-2026 01:30:20,-142.792622256012,-14.6856353094957,0,26,26,26,8,-14.6856353094957
01-Aug-2026 01:30:22,-143.474519797642,-15.3675328511266,0,26,26,26,8,-15.3675328511266
01-Aug-2026 01:30:24,-145.140670680994,-17.033683734478,0,26,26,26,7,-17.033683734478
01-Aug-2026 01:30:26,-146.418699908379,-18.311712961863,0,26,26,26,8,-18.311712961863
01-Aug-2026 01:30:28,-147.775242566369,-19.6682556198528,0,26,26,26,8,-19.6682556198528
01-Aug-2026 01:30:30,-149.381121514325,-21.2741345678089,0,26,26,26,8,-21.2741345678089
01-Aug-2026 01:30:32,-150.426143550216,-22.3191566037006,0,26,26,26,7,-22.3191566037006
01-Aug-2026 01:30:34,-167.459850818772,-39.3528638722564,0,26,26,26,7,-39.3528638722564
01-Aug-2026 01:30:36,-174.572153001658,-46.4651660551423,0,26,26,26,7,-46.4651660551423
01-Aug-2026 01:30:38,-174.933700522103,-46.8267135755868,0,26,26,26,7,-46.8267135755868
01-Aug-2026 01:30:40,-174.911335179878,-46.8043482333624,0,26,26,26,9,-46.8043482333624
01-Aug-2026 01:30:42,-175.311913180908,-47.2049262343924,0,26,26,26,9,-47.2049262343924
01-Aug-2026 01:30:44,-176.210076397354,-48.1030894508386,0,26,26,26,9,-48.1030894508386
01-Aug-2026 01:30:46,-177.580917446887,-49.4739305003711,0,26,26,26,9,-49.4739305003711
01-Aug-2026 01:30:48,-177.488826886337,-49.3818399398207,0,26,26,26,9,-49.3818399398207
01-Aug-2026 01:30:50,-177.896080284788,-49.7890933382721,0,26,26,26,8,-49.7890933382721
01-Aug-2026 01:30:52,-178.10492769672,-49.9979407502043,0,26,26,26,8,-49.9979407502043
01-Aug-2026 01:30:54,-181.552182899037,-53.4451959525211,0,26,26,26,6,-53.4451959525211
01-Aug-2026 01:30:56,-181.650953477679,-53.5439665311634,0,26,26,26,6,-53.5439665311634
01-Aug-2026 01:30:58,-181.160007817777,-53.0530208712611,0,26,26,26,7,-53.0530208712611
01-Aug-2026 01:31:00,-184.65685667452,-56.549869728004,0,26,26,26,4,-56.549869728004
01-Aug-2026 01:31:02,-184.478583316018,-56.3715963695017,0,27,27,27,4,-56.3715963695017
01-Aug-2026 01:31:04,-184.83420798309,-56.727221036574,0,27,27,27,4,-56.727221036574
01-Aug-2026 01:31:06,-184.969845732482,-56.8628587859659,0,27,27,27,4,-56.8628587859659
01-Aug-2026 01:31:08,-184.904817914424,-56.7978309679078,0,27,27,27,4,-56.7978309679078
01-Aug-2026 01:31:10,-181.826967892298,-53.7199809457823,0,27,27,27,5,-53.7199809457823
01-Aug-2026 01:31:12,-170.31493999564,-42.2079530491241,0,28,28,28,6,-42.2079530491241
01-Aug-2026 01:31:14,-170.922332744829,-42.8153457983133,0,27,27,27,5,-42.8153457983133
01-Aug-2026 01:31:16,-170.57236263645,-42.4653756899346,0,26,26,26,5,-42.4653756899346
01-Aug-2026 01:31:18,-170.059551840067,-41.9525648935514,0,26,26,26,5,-41.9525648935514
01-Aug-2026 01:31:20,-157.826838931278,-29.7198519847619,0,26,26,26,6,-29.7198519847619
01-Aug-2026 01:31:22,-157.834473948843,-29.7274870023275,0,26,26,26,7,-29.7274870023275
01-Aug-2026 01:31:24,-158.269428296312,-30.162441349796,0,25,25,25,4,-30.162441349796
01-Aug-2026 01:31:26,-157.911606270918,-29.8046193244022,0,25,25,25,4,-29.8046193244022
01-Aug-2026 01:31:28,-170.204032066518,-42.0970451200025,0,25,25,25,3,-42.0970451200025
01-Aug-2026 01:31:30,-170.433335530179,-42.3263485836636,0,25,25,25,5,-42.3263485836636
01-Aug-2026 01:31:32,-179.364095769577,-51.2571088230616,0,25,25,25,4,-51.2571088230616
01-Aug-2026 01:31:34,-179.42688219154,-51.3198952450245,0,25,25,25,4,-51.3198952450245
01-Aug-2026 01:31:36,-179.588478430737,-51.4814914842213,0,24,24,24,4,-51.4814914842213
01-Aug-2026 01:31:38,-177.722950635397,-49.6159636888806,0,26,26,26,5,-49.6159636888806
01-Aug-2026 01:31:40,-177.700575807381,-49.5935888608651,0,26,26,26,5,-49.5935888608651
01-Aug-2026 01:31:42,-180.028927934249,-51.9219409877334,0,26,26,26,4,-51.9219409877334
01-Aug-2026 01:31:44,-164.107191571941,-36.0002046254255,0,26,26,26,5,-36.0002046254255
01-Aug-2026 01:31:46,-163.530253884908,-35.4232669383923,0,24,24,24,6,-35.4232669383923
01-Aug-2026 01:31:48,-163.635708841815,-35.5287218952994,0,24,24,24,5,-35.5287218952994
01-Aug-2026 01:31:50,-163.036244389039,-34.9292574425227,0,24,24,24,5,-34.9292574425227
01-Aug-2026 01:31:52,-162.695210152207,-34.5882232056909,0,24,24,24,6,-34.5882232056909
01-Aug-2026 01:31:54,-162.945994459915,-34.8390075133987,0,24,24,24,6,-34.8390075133987
01-Aug-2026 01:31:56,-162.727364937868,-34.6203779913523,0,24,24,24,6,-34.6203779913523
01-Aug-2026 01:31:58,-171.274304059044,-43.1673171125286,0,24,24,24,4,-43.1673171125286
01-Aug-2026 01:32:00,-171.493642806603,-43.3866558600866,0,24,24,24,4,-43.3866558600866
01-Aug-2026 01:32:02,-171.575629595891,-43.4686426493751,0,24,24,24,4,-43.4686426493751
01-Aug-2026 01:32:04,-171.881095216003,-43.774108269487,0,24,24,24,5,-43.774108269487
01-Aug-2026 01:32:06,-171.605499908029,-43.4985129615131,0,24,24,24,5,-43.4985129615131
01-Aug-2026 01:32:08,-171.989202192694,-43.8822152461784,0,24,24,24,6,-43.8822152461784
01-Aug-2026 01:32:10,-171.822396948436,-43.7154100019203,0,24,24,24,6,-43.7154100019203
01-Aug-2026 01:32:12,-171.836115811476,-43.7291288649599,0,24,24,24,6,-43.7291288649599
01-Aug-2026 01:32:14,-162.576704302013,-34.4697173554972,0,24,24,24,7,-34.4697173554972
01-Aug-2026 01:32:16,-163.045155627108,-34.9381686805926,0,24,24,24,6,-34.9381686805926
01-Aug-2026 01:32:18,-163.263645482975,-35.1566585364595,0,25,25,25,5,-35.1566585364595
01-Aug-2026 01:32:20,-163.68047173237,-35.5734847858546,0,24,24,24,5,-35.5734847858546
01-Aug-2026 01:32:22,-162.998880191315,-34.891893244799,0,23,23,23,4,-34.891893244799
01-Aug-2026 01:32:24,-162.686080662234,-34.5790937157185,0,24,24,24,4,-34.5790937157185
01-Aug-2026 01:32:26,-184.311604197137,-56.2046172506211,0,24,24,24,2,-56.2046172506211
01-Aug-2026 01:32:28,-183.548231215166,-55.4412442686497,0,24,24,24,2,-55.4412442686497
01-Aug-2026 01:32:30,-183.301178036565,-55.1941910900488,0,24,24,24,2,-55.1941910900488
01-Aug-2026 01:32:32,-183.578685939565,-55.4716989930494,0,24,24,24,2,-55.4716989930494
01-Aug-2026 01:32:34,-183.892274638114,-55.7852876915985,0,24,24,24,2,-55.7852876915985
01-Aug-2026 01:32:36,-181.736955485664,-53.6299685391484,0,24,24,24,3,-53.6299685391484
01-Aug-2026 01:32:38,-183.998194231974,-55.8912072854583,0,24,24,24,2,-55.8912072854583
01-Aug-2026 01:32:40,-190.279590250866,-62.1726033043497,0,24,24,24,2,-62.1726033043497
01-Aug-2026 01:32:42,-187.969764871386,-59.8627779248706,0,24,24,24,3,-59.8627779248706
01-Aug-2026 01:32:44,-187.842168351601,-59.7351814050856,0,24,24,24,3,-59.7351814050856
01-Aug-2026 01:32:46,-188.04076231948,-59.9337753729644,0,24,24,24,3,-59.9337753729644
01-Aug-2026 01:32:48,-187.890492807491,-59.7835058609756,0,24,24,24,3,-59.7835058609756
01-Aug-2026 01:32:50,-178.949895006735,-50.8429080602195,0,25,25,25,5,-50.8429080602195
01-Aug-2026 01:32:52,-178.917348408837,-50.8103614623212,0,26,26,26,5,-50.8103614623212
01-Aug-2026 01:32:54,-179.154100452279,-51.0471135057629,0,25,25,25,5,-51.0471135057629
01-Aug-2026 01:32:56,-184.358228514222,-56.251241567706,0,25,25,25,5,-56.251241567706
01-Aug-2026 01:32:58,-185.965580792489,-57.8585938459727,0,25,25,25,4,-57.8585938459727
01-Aug-2026 01:33:00,-186.197038109622,-58.0900511631065,0,25,25,25,4,-58.0900511631065
01-Aug-2026 01:33:02,-186.857904917634,-58.7509179711177,0,25,25,25,3,-58.7509179711177
01-Aug-2026 01:33:04,-187.348042523609,-59.2410555770935,0,25,25,25,3,-59.2410555770935
01-Aug-2026 01:33:06,-187.273273442783,-59.1662864962675,0,25,25,25,3,-59.1662864962675
01-Aug-2026 01:33:08,-175.50589741507,-47.3989104685543,0,25,25,25,3,-47.3989104685543
01-Aug-2026 01:33:10,-174.88008850557,-46.7731015590538,0,25,25,25,4,-46.7731015590538
01-Aug-2026 01:33:12,-175.166130817005,-47.0591438704892,0,25,25,25,4,-47.0591438704892
01-Aug-2026 01:33:14,-175.393211145323,-47.2862241988071,0,25,25,25,3,-47.2862241988071
01-Aug-2026 01:33:16,-175.354243683173,-47.2472567366575,0,25,25,25,3,-47.2472567366575
01-Aug-2026 01:33:18,-176.017786125936,-47.9107991794206,0,25,25,25,4,-47.9107991794206
01-Aug-2026 01:33:20,-176.397277856117,-48.2902909096007,0,25,25,25,4,-48.2902909096007
01-Aug-2026 01:33:22,-176.581896767802,-48.4749098212861,0,25,25,25,4,-48.4749098212861
01-Aug-2026 01:33:24,-176.479719754656,-48.3727328081398,0,26,26,26,4,-48.3727328081398
01-Aug-2026 01:33:26,-176.877217750253,-48.770230803737,0,26,26,26,4,-48.770230803737
01-Aug-2026 01:33:28,-176.970391602782,-48.8634046562659,0,27,27,27,5,-48.8634046562659
01-Aug-2026 01:33:30,-177.010836953969,-48.9038500074529,0,27,27,27,5,-48.9038500074529
01-Aug-2026 01:33:32,-175.440189015834,-47.3332020693178,0,26,26,26,6,-47.3332020693178
01-Aug-2026 01:33:34,-176.443361417614,-48.3363744710981,0,26,26,26,5,-48.3363744710981
01-Aug-2026 01:33:36,-180.555272320209,-52.4482853736933,0,26,26,26,4,-52.4482853736933
01-Aug-2026 01:33:38,-181.367342227155,-53.2603552806389,0,25,25,25,3,-53.2603552806389
01-Aug-2026 01:33:40,-177.094603639232,-48.9876166927164,0,25,25,25,4,-48.9876166927164
01-Aug-2026 01:33:42,-176.763895009591,-48.6569080630756,0,25,25,25,5,-48.6569080630756
01-Aug-2026 01:33:44,-176.797012131584,-48.6900251850682,0,25,25,25,5,-48.6900251850682
01-Aug-2026 01:33:46,-177.321742880749,-49.2147559342328,0,25,25,25,5,-49.2147559342328
01-Aug-2026 01:33:48,-160.729936155189,-32.6229492086731,0,26,26,26,6,-32.6229492086731
01-Aug-2026 01:33:50,-160.628967162533,-32.5219802160172,0,26,26,26,6,-32.5219802160172
01-Aug-2026 01:33:52,-160.853715812926,-32.7467288664101,0,26,26,26,6,-32.7467288664101
01-Aug-2026 01:33:54,-161.464732198082,-33.3577452515661,0,26,26,26,6,-33.3577452515661
01-Aug-2026 01:33:56,-161.139915519653,-33.0329285731368,0,26,26,26,6,-33.0329285731368
01-Aug-2026 01:33:58,-161.560769570299,-33.4537826237834,0,26,26,26,6,-33.4537826237834
01-Aug-2026 01:34:00,-161.110901577672,-33.0039146311565,0,26,26,26,5,-33.0039146311565
01-Aug-2026 01:34:02,-161.737442012566,-33.6304550660499,0,26,26,26,5,-33.6304550660499
01-Aug-2026 01:34:04,-162.226793190265,-34.1198062437494,0,26,26,26,5,-34.1198062437494
01-Aug-2026 01:34:06,-163.785518200779,-35.6785312542636,0,26,26,26,5,-35.6785312542636
01-Aug-2026 01:34:08,-162.295512373757,-34.1885254272416,0,26,26,26,5,-34.1885254272416
01-Aug-2026 01:34:10,-162.80736908034,-34.7003821338237,0,26,26,26,6,-34.7003821338237
01-Aug-2026 01:34:12,-162.474024784018,-34.3670378375017,0,26,26,26,7,-34.3670378375017
01-Aug-2026 01:34:14,-175.838522780478,-47.7315358339621,0,26,26,26,6,-47.7315358339621
01-Aug-2026 01:34:16,-175.829376677368,-47.7223897308524,0,26,26,26,6,-47.7223897308524
01-Aug-2026 01:34:18,-175.73837261343,-47.6313856669146,0,26,26,26,6,-47.6313856669146
01-Aug-2026 01:34:20,-177.089107427982,-48.9821204814657,0,26,26,26,5,-48.9821204814657
01-Aug-2026 01:34:22,-162.03580766602,-33.9288207195045,0,26,26,26,5,-33.9288207195045
01-Aug-2026 01:34:24,-175.46073366177,-47.3537467152539,0,26,26,26,5,-47.3537467152539
01-Aug-2026 01:34:26,-170.386887053465,-42.2799001069495,0,26,26,26,5,-42.2799001069495
01-Aug-2026 01:34:28,-175.727812800024,-47.6208258535083,0,26,26,26,4,-47.6208258535083
01-Aug-2026 01:34:30,-162.8671786266,-34.7601916800845,0,26,26,26,5,-34.7601916800845
01-Aug-2026 01:34:32,-163.165405610101,-35.0584186635848,0,26,26,26,6,-35.0584186635848
01-Aug-2026 01:34:34,-163.150983268094,-35.0439963215786,0,26,26,26,6,-35.0439963215786
01-Aug-2026 01:34:36,-163.635423491775,-35.5284365452594,0,26,26,26,6,-35.5284365452594
01-Aug-2026 01:34:38,-162.367134781096,-34.2601478345803,0,26,26,26,7,-34.2601478345803
01-Aug-2026 01:34:40,-169.952671189026,-41.8456842425103,0,26,26,26,6,-41.8456842425103
01-Aug-2026 01:34:42,-169.916853580106,-41.8098666335897,0,26,26,26,6,-41.8098666335897
01-Aug-2026 01:34:44,-169.806264089613,-41.6992771430971,0,26,26,26,5,-41.6992771430971
01-Aug-2026 01:34:46,-170.889643238354,-42.7826562918378,0,26,26,26,4,-42.7826562918378
01-Aug-2026 01:34:48,-170.961006097641,-42.854019151125,0,26,26,26,5,-42.854019151125
01-Aug-2026 01:34:50,-170.900839474195,-42.7938525276794,0,26,26,26,5,-42.7938525276794
01-Aug-2026 01:34:52,-171.05192857129,-42.9449416247743,0,27,27,27,5,-42.9449416247743
01-Aug-2026 01:34:54,-171.564173600183,-43.4571866536673,0,27,27,27,3,-43.4571866536673
01-Aug-2026 01:34:56,-172.603652468106,-44.4966655215905,0,27,27,27,2,-44.4966655215905
01-Aug-2026 01:34:58,-173.958534320218,-45.8515473737018,0,27,27,27,1,-45.8515473737018
01-Aug-2026 01:35:00,-174.041729347814,-45.934742401298,0,27,27,27,3,-45.934742401298
01-Aug-2026 01:35:02,-175.555052176713,-47.4480652301971,0,25,25,25,2,-47.4480652301971
01-Aug-2026 01:35:04,-175.146013262474,-47.0390263159582,0,26,26,26,3,-47.0390263159582
01-Aug-2026 01:35:06,-173.310842483506,-45.2038555369904,0,26,26,26,3,-45.2038555369904
01-Aug-2026 01:35:08,-172.70863045093,-44.6016435044141,0,26,26,26,3,-44.6016435044141
01-Aug-2026 01:35:10,-171.846186347178,-43.7391994006622,0,26,26,26,3,-43.7391994006622
01-Aug-2026 01:35:12,-170.018059329125,-41.9110723826087,0,26,26,26,3,-41.9110723826087
01-Aug-2026 01:35:14,-169.479496909459,-41.3725099629427,0,26,26,26,3,-41.3725099629427
01-Aug-2026 01:35:16,-170.029401536803,-41.9224145902868,0,26,26,26,3,-41.9224145902868
01-Aug-2026 01:35:18,-169.762047340952,-41.6550603944365,0,25,25,25,3,-41.6550603944365
01-Aug-2026 01:35:20,-171.361808655818,-43.2548217093021,0,25,25,25,2,-43.2548217093021
01-Aug-2026 01:35:22,-170.649710787214,-42.5427238406983,0,25,25,25,2,-42.5427238406983
01-Aug-2026 01:35:24,-156.363817729528,-28.2568307830118,0,25,25,25,2,-28.2568307830118
01-Aug-2026 01:35:26,-170.177210605434,-42.0702236589181,0,25,25,25,1,-42.0702236589181
01-Aug-2026 01:35:28,-169.803989595553,-41.6970026490375,0,26,26,26,2,-41.6970026490375
01-Aug-2026 01:35:30,-169.315513477627,-41.2085265311112,0,26,26,26,3,-41.2085265311112
01-Aug-2026 01:35:32,-168.986648966924,-40.8796620204079,0,27,27,27,3,-40.8796620204079
01-Aug-2026 01:35:34,-168.43410460755,-40.3271176610341,0,26,26,26,4,-40.3271176610341
01-Aug-2026 01:35:36,-168.270937761859,-40.1639508153427,0,26,26,26,3,-40.1639508153427
01-Aug-2026 01:35:38,-167.963579621817,-39.8565926753007,0,25,25,25,4,-39.8565926753007
01-Aug-2026 01:35:40,-168.161899634542,-40.0549126880263,0,25,25,25,4,-40.0549126880263
01-Aug-2026 01:35:42,-165.56805997599,-37.4610730294744,0,24,24,24,5,-37.4610730294744
01-Aug-2026 01:35:44,-165.210604855802,-37.1036179092863,0,24,24,24,6,-37.1036179092863
01-Aug-2026 01:35:46,-165.425271157957,-37.3182842114406,0,24,24,24,6,-37.3182842114406
01-Aug-2026 01:35:48,-165.743086449691,-37.6360995031753,0,24,24,24,6,-37.6360995031753
01-Aug-2026 01:35:50,-165.459775816457,-37.3527888699409,0,24,24,24,5,-37.3527888699409
01-Aug-2026 01:35:52,-165.947183301239,-37.8401963547231,0,24,24,24,5,-37.8401963547231
01-Aug-2026 01:35:54,-165.82180991533,-37.7148229688137,0,24,24,24,5,-37.7148229688137
01-Aug-2026 01:35:56,-165.747965368909,-37.6409784223929,0,24,24,24,5,-37.6409784223929
01-Aug-2026 01:35:58,-166.090209648686,-37.98322270217,0,23,23,23,4,-37.98322270217
01-Aug-2026 01:36:00,-166.182335188656,-38.0753482421397,0,23,23,23,4,-38.0753482421397
01-Aug-2026 01:36:02,-166.376324708879,-38.2693377623634,0,23,23,23,5,-38.2693377623634
01-Aug-2026 01:36:04,-165.969604923628,-37.8626179771117,0,23,23,23,6,-37.8626179771117
01-Aug-2026 01:36:06,-167.202414333887,-39.0954273873714,0,24,24,24,5,-39.0954273873714
01-Aug-2026 01:36:08,-166.968898206942,-38.8619112604263,0,23,23,23,5,-38.8619112604263
01-Aug-2026 01:36:10,-166.940619313024,-38.8336323665081,0,24,24,24,5,-38.8336323665081
01-Aug-2026 01:36:12,-166.091661014454,-37.9846740679378,0,24,24,24,6,-37.9846740679378
01-Aug-2026 01:36:14,-165.82393023321,-37.7169432866937,0,24,24,24,4,-37.7169432866937
01-Aug-2026 01:36:16,-166.054818876319,-37.9478319298028,0,24,24,24,4,-37.9478319298028
01-Aug-2026 01:36:18,-165.675843364528,-37.5688564180121,0,24,24,24,4,-37.5688564180121
01-Aug-2026 01:36:20,-166.242090250286,-38.1351033037701,0,24,24,24,4,-38.1351033037701
01-Aug-2026 01:36:22,-166.394386070639,-38.2873991241227,0,24,24,24,5,-38.2873991241227
01-Aug-2026 01:36:24,-166.115604191708,-38.0086172451919,0,24,24,24,6,-38.0086172451919
01-Aug-2026 01:36:26,-166.449255469178,-38.3422685226621,0,24,24,24,5,-38.3422685226621
01-Aug-2026 01:36:28,-166.750800900457,-38.643813953941,0,24,24,24,6,-38.643813953941
01-Aug-2026 01:36:30,-166.696268699082,-38.589281752566,0,24,24,24,7,-38.589281752566
01-Aug-2026 01:36:32,-165.880689492447,-37.7737025459314,0,24,24,24,8,-37.7737025459314
01-Aug-2026 01:36:34,-166.314868091849,-38.2078811453332,0,24,24,24,8,-38.2078811453332
01-Aug-2026 01:36:36,-165.9367528663,-37.8297659197842,0,24,24,24,8,-37.8297659197842
01-Aug-2026 01:36:38,-165.344080062299,-37.2370931157836,0,24,24,24,8,-37.2370931157836
01-Aug-2026 01:36:40,-166.114937092744,-38.0079501462283,0,25,25,25,8,-38.0079501462283
01-Aug-2026 01:36:42,-165.669998813218,-37.5630118667025,0,26,26,26,10,-37.5630118667025
01-Aug-2026 01:36:44,-165.502423421446,-37.3954364749298,0,26,26,26,10,-37.3954364749298
01-Aug-2026 01:36:46,-164.896346584262,-36.7893596377457,0,25,25,25,9,-36.7893596377457
01-Aug-2026 01:36:48,-164.733539160197,-36.626552213681,0,25,25,25,7,-36.626552213681
01-Aug-2026 01:36:50,-164.28875839416,-36.1817714476438,0,25,25,25,7,-36.1817714476438
01-Aug-2026 01:36:52,-164.2322341948,-36.1252472482837,0,25,25,25,7,-36.1252472482837
01-Aug-2026 01:36:54,-163.960312442453,-35.8533254959375,0,25,25,25,7,-35.8533254959375
01-Aug-2026 01:36:56,-163.688595862032,-35.5816089155163,0,25,25,25,6,-35.5816089155163
01-Aug-2026 01:36:58,-163.168872861397,-35.0618859148816,0,25,25,25,5,-35.0618859148816
01-Aug-2026 01:37:00,-172.480591339056,-44.3736043925402,0,25,25,25,5,-44.3736043925402
01-Aug-2026 01:37:02,-172.535017381766,-44.4280304352499,0,25,25,25,5,-44.4280304352499
01-Aug-2026 01:37:04,-172.605984835033,-44.4989978885172,0,25,25,25,5,-44.4989978885172
01-Aug-2026 01:37:06,-172.495289079101,-44.3883021325848,0,25,25,25,4,-44.3883021325848
01-Aug-2026 01:37:08,-173.447345314351,-45.3403583678353,0,25,25,25,4,-45.3403583678353
01-Aug-2026 01:37:10,-173.428209180419,-45.3212222339036,0,25,25,25,4,-45.3212222339036
01-Aug-2026 01:37:12,-174.167006134212,-46.0600191876965,0,26,26,26,4,-46.0600191876965
01-Aug-2026 01:37:14,-174.869910587883,-46.7629236413672,0,26,26,26,5,-46.7629236413672
01-Aug-2026 01:37:16,-175.361846398398,-47.2548594518825,0,26,26,26,5,-47.2548594518825
01-Aug-2026 01:37:18,-175.753061959758,-47.6460750132426,0,26,26,26,4,-47.6460750132426
01-Aug-2026 01:37:20,-176.113812800778,-48.0068258542625,0,27,27,27,4,-48.0068258542625
01-Aug-2026 01:37:22,-176.398202277917,-48.2912153314015,0,27,27,27,4,-48.2912153314015
01-Aug-2026 01:37:24,-177.212830074276,-49.1058431277598,0,26,26,26,3,-49.1058431277598
01-Aug-2026 01:37:26,-177.037750350686,-48.9307634041704,0,26,26,26,4,-48.9307634041704
01-Aug-2026 01:37:28,-170.785801852937,-42.6788149064209,0,25,25,25,4,-42.6788149064209
01-Aug-2026 01:37:30,-170.98874655144,-42.8817596049237,0,25,25,25,4,-42.8817596049237
01-Aug-2026 01:37:32,-171.199894124418,-43.0929071779025,0,25,25,25,4,-43.0929071779025
01-Aug-2026 01:37:34,-171.366734696534,-43.2597477500179,0,25,25,25,4,-43.2597477500179
01-Aug-2026 01:37:36,-171.76776945079,-43.660782504274,0,25,25,25,4,-43.660782504274
01-Aug-2026 01:37:38,-172.238814218741,-44.1318272722253,0,25,25,25,5,-44.1318272722253
01-Aug-2026 01:37:40,-172.953310789973,-44.8463238434573,0,26,26,26,5,-44.8463238434573
01-Aug-2026 01:37:42,-172.778698712106,-44.6717117655899,0,26,26,26,4,-44.6717117655899
01-Aug-2026 01:37:44,-170.784443352724,-42.6774564062077,0,26,26,26,5,-42.6774564062077
01-Aug-2026 01:37:46,-171.02660355438,-42.9196166078642,0,26,26,26,6,-42.9196166078642
01-Aug-2026 01:37:48,-168.589100652725,-40.4821137062092,0,27,27,27,7,-40.4821137062092
01-Aug-2026 01:37:50,-168.4719693211,-40.3649823745844,0,27,27,27,8,-40.3649823745844
01-Aug-2026 01:37:52,-168.672327720056,-40.5653407735406,0,26,26,26,7,-40.5653407735406
01-Aug-2026 01:37:54,-168.571748224056,-40.4647612775397,0,26,26,26,7,-40.4647612775397
01-Aug-2026 01:37:56,-169.864793012772,-41.7578060662561,0,26,26,26,6,-41.7578060662561
01-Aug-2026 01:37:58,-169.939241595819,-41.832254649303,0,26,26,26,7,-41.832254649303
01-Aug-2026 01:38:00,-169.261642751015,-41.1546558044988,0,26,26,26,8,-41.1546558044988
01-Aug-2026 01:38:02,-169.656129477225,-41.549142530709,0,26,26,26,8,-41.549142530709
01-Aug-2026 01:38:04,-171.86427490865,-43.7572879621345,0,26,26,26,7,-43.7572879621345
01-Aug-2026 01:38:06,-172.011641897155,-43.9046549506391,0,26,26,26,4,-43.9046549506391
01-Aug-2026 01:38:08,-172.028894282631,-43.9219073361149,0,26,26,26,4,-43.9219073361149
01-Aug-2026 01:38:10,-171.208839086077,-43.1018521395611,0,26,26,26,4,-43.1018521395611
01-Aug-2026 01:38:12,-171.002387781544,-42.8954008350285,0,26,26,26,4,-42.8954008350285
01-Aug-2026 01:38:14,-170.993120382299,-42.8861334357828,0,26,26,26,5,-42.8861334357828
01-Aug-2026 01:38:16,-180.923628402513,-52.8166414559969,0,26,26,26,4,-52.8166414559969
01-Aug-2026 01:38:18,-180.722871544126,-52.6158845976102,0,26,26,26,5,-52.6158845976102
01-Aug-2026 01:38:20,-180.696038180481,-52.5890512339651,0,26,26,26,5,-52.5890512339651
01-Aug-2026 01:38:22,-180.787159977375,-52.6801730308588,0,26,26,26,5,-52.6801730308588
01-Aug-2026 01:38:24,-180.009078119313,-51.902091172797,0,26,26,26,6,-51.902091172797
01-Aug-2026 01:38:26,-179.390063849608,-51.2830769030925,0,26,26,26,6,-51.2830769030925
01-Aug-2026 01:38:28,-169.110019150817,-41.0030322043014,0,26,26,26,7,-41.0030322043014
01-Aug-2026 01:38:30,-168.178414974217,-40.0714280277012,0,26,26,26,6,-40.0714280277012
01-Aug-2026 01:38:32,-167.120833567144,-39.0138466206284,0,26,26,26,6,-39.0138466206284
01-Aug-2026 01:38:34,-166.099040233826,-37.9920532873103,0,26,26,26,6,-37.9920532873103
01-Aug-2026 01:38:36,-166.044834188567,-37.937847242051,0,26,26,26,5,-37.937847242051
01-Aug-2026 01:38:38,-166.284583451118,-38.1775965046017,0,26,26,26,5,-38.1775965046017
01-Aug-2026 01:38:40,-166.674342234135,-38.5673552876191,0,26,26,26,4,-38.5673552876191
01-Aug-2026 01:38:42,-167.609800376173,-39.5028134296572,0,26,26,26,5,-39.5028134296572
01-Aug-2026 01:38:44,-166.533754214948,-38.426767268432,0,27,27,27,5,-38.426767268432
01-Aug-2026 01:38:46,-166.560512812494,-38.4535258659783,0,27,27,27,6,-38.4535258659783
01-Aug-2026 01:38:48,-166.217414617325,-38.1104276708088,0,25,25,25,5,-38.1104276708088
01-Aug-2026 01:38:50,-164.834078657244,-36.727091710728,0,25,25,25,6,-36.727091710728
01-Aug-2026 01:38:52,-164.294464295537,-36.1874773490208,0,24,24,24,5,-36.1874773490208
01-Aug-2026 01:38:54,-170.912974915765,-42.8059879692496,0,25,25,25,5,-42.8059879692496
01-Aug-2026 01:38:56,-169.847683777305,-41.7406968307887,0,25,25,25,6,-41.7406968307887
01-Aug-2026 01:38:58,-167.116996201114,-39.0100092545985,0,25,25,25,6,-39.0100092545985
01-Aug-2026 01:39:00,-167.136330005906,-39.0293430593906,0,25,25,25,6,-39.0293430593906
01-Aug-2026 01:39:02,-167.048248247332,-38.9412613008161,0,25,25,25,6,-38.9412613008161
01-Aug-2026 01:39:04,-167.278155163557,-39.1711682170414,0,25,25,25,6,-39.1711682170414
01-Aug-2026 01:39:06,-167.427722895775,-39.3207359492596,0,25,25,25,5,-39.3207359492596
01-Aug-2026 01:39:08,-167.213623325478,-39.1066363789623,0,25,25,25,6,-39.1066363789623
01-Aug-2026 01:39:10,-167.402674926233,-39.2956879797169,0,24,24,24,7,-39.2956879797169
01-Aug-2026 01:39:12,-167.032647279424,-38.9256603329083,0,24,24,24,7,-38.9256603329083
01-Aug-2026 01:39:14,-168.843175646507,-40.7361886999907,0,24,24,24,5,-40.7361886999907
01-Aug-2026 01:39:16,-168.486729421527,-40.379742475011,0,24,24,24,5,-40.379742475011
01-Aug-2026 01:39:18,-168.447878960411,-40.3408920138952,0,24,24,24,5,-40.3408920138952
01-Aug-2026 01:39:20,-167.420433996291,-39.3134470497751,0,25,25,25,5,-39.3134470497751
01-Aug-2026 01:39:22,-167.746976410393,-39.6399894638773,0,24,24,24,2,-39.6399894638773
01-Aug-2026 01:39:24,-167.217149578315,-39.1101626317991,0,25,25,25,2,-39.1101626317991
01-Aug-2026 01:39:26,-166.91576123507,-38.808774288554,0,25,25,25,3,-38.808774288554
01-Aug-2026 01:39:28,-167.000006773727,-38.8930198272116,0,25,25,25,3,-38.8930198272116
01-Aug-2026 01:39:30,-167.369232462554,-39.2622455160379,0,24,24,24,3,-39.2622455160379
01-Aug-2026 01:39:32,-160.716643799146,-32.6096568526299,0,24,24,24,4,-32.6096568526299
01-Aug-2026 01:39:34,-160.327310762366,-32.2203238158499,0,24,24,24,4,-32.2203238158499
01-Aug-2026 01:39:36,-160.439200884947,-32.3322139384309,0,25,25,25,6,-32.3322139384309
01-Aug-2026 01:39:38,-160.219248316965,-32.1122613704487,0,25,25,25,6,-32.1122613704487
01-Aug-2026 01:39:40,-161.070123840858,-32.9631368943423,0,25,25,25,5,-32.9631368943423
01-Aug-2026 01:39:42,-161.259525394676,-33.1525384481604,0,25,25,25,4,-33.1525384481604
01-Aug-2026 01:39:44,-163.03357202741,-34.9265850808943,0,25,25,25,3,-34.9265850808943
01-Aug-2026 01:39:46,-163.723612158005,-35.6166252114888,0,25,25,25,3,-35.6166252114888
01-Aug-2026 01:39:48,-164.157853341449,-36.0508663949333,0,25,25,25,3,-36.0508663949333
01-Aug-2026 01:39:50,-164.33107905254,-36.2240921060244,0,25,25,25,2,-36.2240921060244
01-Aug-2026 01:39:52,-164.164686943355,-36.0576999968387,0,26,26,26,3,-36.0576999968387
01-Aug-2026 01:39:54,-164.491546534897,-36.384559588381,0,26,26,26,3,-36.384559588381
01-Aug-2026 01:39:56,-164.83302527685,-36.7260383303337,0,25,25,25,3,-36.7260383303337
01-Aug-2026 01:39:58,-165.538103758092,-37.4311168115762,0,25,25,25,3,-37.4311168115762
01-Aug-2026 01:40:00,-165.310584551569,-37.2035976050528,0,25,25,25,5,-37.2035976050528
01-Aug-2026 01:40:02,-166.199452442047,-38.0924654955314,0,25,25,25,5,-38.0924654955314
01-Aug-2026 01:40:04,-165.99616161475,-37.8891746682341,0,25,25,25,5,-37.8891746682341
01-Aug-2026 01:40:06,-166.104756669011,-37.9977697224955,0,25,25,25,5,-37.9977697224955
01-Aug-2026 01:40:08,-166.047350727615,-37.9403637810991,0,24,24,24,6,-37.9403637810991
01-Aug-2026 01:40:10,-166.676965359498,-38.5699784129817,0,24,24,24,6,-38.5699784129817
01-Aug-2026 01:40:12,-166.333372935188,-38.226385988672,0,24,24,24,5,-38.226385988672
01-Aug-2026 01:40:14,-179.925272311713,-51.8182853651974,0,24,24,24,6,-51.8182853651974
01-Aug-2026 01:40:16,-180.190833058547,-52.0838461120316,0,24,24,24,6,-52.0838461120316
01-Aug-2026 01:40:18,-175.729058011732,-47.622071065216,0,24,24,24,8,-47.622071065216
01-Aug-2026 01:40:20,-176.267808878436,-48.1608219319201,0,24,24,24,8,-48.1608219319201
01-Aug-2026 01:40:22,-175.635689677133,-47.5287027306176,0,24,24,24,8,-47.5287027306176
01-Aug-2026 01:40:24,-175.710068119974,-47.6030811734586,0,24,24,24,8,-47.6030811734586
01-Aug-2026 01:40:26,-175.39901162014,-47.2920246736244,0,24,24,24,10,-47.2920246736244
01-Aug-2026 01:40:28,-175.069418002637,-46.9624310561209,0,25,25,25,11,-46.9624310561209
01-Aug-2026 01:40:30,-175.254110550487,-47.1471236039707,0,25,25,25,11,-47.1471236039707
01-Aug-2026 01:40:32,-176.972418661875,-48.8654317153593,0,25,25,25,9,-48.8654317153593
01-Aug-2026 01:40:34,-177.048130843922,-48.9411438974065,0,25,25,25,9,-48.9411438974065
01-Aug-2026 01:40:36,-177.064511986999,-48.9575250404828,0,25,25,25,9,-48.9575250404828
01-Aug-2026 01:40:38,-180.120653946181,-52.0136669996656,0,25,25,25,8,-52.0136669996656
01-Aug-2026 01:40:40,-180.002013432696,-51.89502648618,0,24,24,24,8,-51.89502648618
01-Aug-2026 01:40:42,-181.899649093296,-53.7926621467799,0,24,24,24,5,-53.7926621467799
01-Aug-2026 01:40:44,-179.167984948233,-51.0609980017168,0,24,24,24,7,-51.0609980017168
01-Aug-2026 01:40:46,-179.159135800946,-51.0521488544306,0,24,24,24,6,-51.0521488544306
01-Aug-2026 01:40:48,-179.084861907288,-50.9778749607725,0,24,24,24,6,-50.9778749607725
01-Aug-2026 01:40:50,-179.059699059959,-50.9527121134429,0,24,24,24,6,-50.9527121134429
01-Aug-2026 01:40:52,-182.001140971318,-53.8941540248021,0,24,24,24,5,-53.8941540248021
01-Aug-2026 01:40:54,-181.592810246021,-53.4858232995056,0,24,24,24,6,-53.4858232995056
01-Aug-2026 01:40:56,-181.402965117169,-53.2959781706528,0,24,24,24,6,-53.2959781706528
01-Aug-2026 01:40:58,-181.467402218389,-53.3604152718731,0,24,24,24,6,-53.3604152718731
01-Aug-2026 01:41:00,-171.31262918131,-43.2056422347946,0,25,25,25,8,-43.2056422347946
01-Aug-2026 01:41:02,-171.15387049999,-43.0468835534743,0,25,25,25,8,-43.0468835534743
01-Aug-2026 01:41:04,-172.086335591989,-43.9793486454727,0,25,25,25,6,-43.9793486454727
01-Aug-2026 01:41:06,-171.079558441556,-42.9725714950398,0,25,25,25,6,-42.9725714950398
01-Aug-2026 01:41:08,-170.07268731049,-41.9657003639742,0,25,25,25,6,-41.9657003639742
01-Aug-2026 01:41:10,-170.462703693386,-42.3557167468701,0,26,26,26,7,-42.3557167468701
01-Aug-2026 01:41:12,-170.64869500294,-42.5417080564241,0,26,26,26,7,-42.5417080564241
01-Aug-2026 01:41:14,-182.800255841272,-54.6932688947562,0,26,26,26,6,-54.6932688947562
01-Aug-2026 01:41:16,-182.774603697986,-54.6676167514699,0,25,25,25,6,-54.6676167514699
01-Aug-2026 01:41:18,-181.06062701389,-52.9536400673741,0,24,24,24,6,-52.9536400673741
01-Aug-2026 01:41:20,-181.247596261418,-53.1406093149017,0,24,24,24,6,-53.1406093149017
01-Aug-2026 01:41:22,-182.505909522845,-54.3989225763294,0,24,24,24,5,-54.3989225763294
01-Aug-2026 01:41:24,-182.624741540182,-54.5177545936662,0,24,24,24,5,-54.5177545936662
01-Aug-2026 01:41:26,-182.291782755846,-54.1847958093302,0,24,24,24,5,-54.1847958093302
01-Aug-2026 01:41:28,-182.858625062291,-54.7516381157751,0,24,24,24,4,-54.7516381157751
01-Aug-2026 01:41:30,-177.247066743442,-49.1400797969265,0,24,24,24,5,-49.1400797969265
01-Aug-2026 01:41:32,-182.830922243763,-54.7239352972476,0,24,24,24,4,-54.7239352972476
01-Aug-2026 01:41:34,-182.795032804697,-54.6880458581807,0,25,25,25,5,-54.6880458581807
01-Aug-2026 01:41:36,-184.166240198174,-56.0592532516582,0,26,26,26,4,-56.0592532516582
01-Aug-2026 01:41:38,-184.324418578914,-56.2174316323978,0,26,26,26,4,-56.2174316323978
01-Aug-2026 01:41:40,-184.322814720017,-56.2158277735011,0,26,26,26,4,-56.2158277735011
01-Aug-2026 01:41:42,-184.041533489913,-55.9345465433974,0,26,26,26,4,-55.9345465433974
01-Aug-2026 01:41:44,-158.054098979233,-29.9471120327169,0,25,25,25,5,-29.9471120327169
01-Aug-2026 01:41:46,-183.838403476976,-55.7314165304603,0,25,25,25,4,-55.7314165304603
01-Aug-2026 01:41:48,-158.529235467505,-30.4222485209896,0,25,25,25,5,-30.4222485209896
01-Aug-2026 01:41:50,-181.704045526897,-53.5970585803815,0,25,25,25,4,-53.5970585803815
01-Aug-2026 01:41:52,-181.875928323631,-53.7689413771151,0,25,25,25,4,-53.7689413771151
01-Aug-2026 01:41:54,-182.247561104242,-54.1405741577266,0,25,25,25,4,-54.1405741577266
01-Aug-2026 01:41:56,-182.782181960296,-54.6751950137798,0,25,25,25,4,-54.6751950137798
01-Aug-2026 01:41:58,-182.361994135539,-54.2550071890234,0,25,25,25,4,-54.2550071890234
01-Aug-2026 01:42:00,-182.080167020737,-53.9731800742208,0,25,25,25,4,-53.9731800742208
01-Aug-2026 01:42:02,-182.070941057052,-53.963954110536,0,25,25,25,4,-53.963954110536
01-Aug-2026 01:42:04,-182.121544559017,-54.0145576125007,0,25,25,25,4,-54.0145576125007
01-Aug-2026 01:42:06,-181.012605752974,-52.905618806458,0,25,25,25,5,-52.905618806458
01-Aug-2026 01:42:08,-180.915977807214,-52.808990860698,0,25,25,25,4,-52.808990860698
01-Aug-2026 01:42:10,-178.409654695333,-50.3026677488173,0,25,25,25,5,-50.3026677488173
01-Aug-2026 01:42:12,-178.280981365605,-50.1739944190893,0,25,25,25,5,-50.1739944190893
01-Aug-2026 01:42:14,-178.665026900926,-50.5580399544102,0,25,25,25,5,-50.5580399544102
01-Aug-2026 01:42:16,-178.097584598291,-49.9905976517751,0,25,25,25,5,-49.9905976517751
01-Aug-2026 01:42:18,-177.36615041166,-49.2591634651444,0,25,25,25,6,-49.2591634651444
01-Aug-2026 01:42:20,-177.53718642256,-49.4301994760436,0,25,25,25,6,-49.4301994760436
01-Aug-2026 01:42:22,-177.680841850849,-49.5738549043335,0,25,25,25,6,-49.5738549043335
01-Aug-2026 01:42:24,-177.931613263177,-49.8246263166613,0,25,25,25,5,-49.8246263166613
01-Aug-2026 01:42:26,-177.640310894246,-49.5333239477301,0,25,25,25,5,-49.5333239477301
01-Aug-2026 01:42:28,-174.238011171127,-46.1310242246112,0,25,25,25,7,-46.1310242246112
01-Aug-2026 01:42:30,-173.978228967567,-45.8712420210512,0,25,25,25,7,-45.8712420210512
01-Aug-2026 01:42:32,-174.194340232729,-46.087353286213,0,25,25,25,7,-46.087353286213
01-Aug-2026 01:42:34,-174.261652636399,-46.1546656898836,0,25,25,25,7,-46.1546656898836
01-Aug-2026 01:42:36,-174.827618405033,-46.720631458517,0,24,24,24,6,-46.720631458517
01-Aug-2026 01:42:38,-174.969218230095,-46.8622312835793,0,24,24,24,6,-46.8622312835793
01-Aug-2026 01:42:40,-174.748386661606,-46.6413997150897,0,24,24,24,6,-46.6413997150897
01-Aug-2026 01:42:42,-174.594124660048,-46.487137713532,0,24,24,24,6,-46.487137713532
01-Aug-2026 01:42:44,-174.718033192322,-46.6110462458059,0,24,24,24,6,-46.6110462458059
01-Aug-2026 01:42:46,-165.104006880487,-36.9970199339707,0,25,25,25,7,-36.9970199339707
01-Aug-2026 01:42:48,-165.114140070094,-37.0071531235777,0,25,25,25,7,-37.0071531235777
01-Aug-2026 01:42:50,-165.122069221865,-37.0150822753488,0,25,25,25,7,-37.0150822753488
01-Aug-2026 01:42:52,-165.52057643562,-37.413589489104,0,25,25,25,6,-37.413589489104
01-Aug-2026 01:42:54,-165.082153248947,-36.9751663024313,0,25,25,25,6,-36.9751663024313
01-Aug-2026 01:42:56,-165.285301364702,-37.1783144181861,0,25,25,25,5,-37.1783144181861
01-Aug-2026 01:42:58,-165.226018548263,-37.1190316017475,0,25,25,25,4,-37.1190316017475
01-Aug-2026 01:43:00,-165.155416458529,-37.0484295120135,0,25,25,25,4,-37.0484295120135
01-Aug-2026 01:43:02,-164.943266302509,-36.8362793559929,0,25,25,25,3,-36.8362793559929
01-Aug-2026 01:43:04,-164.663197095928,-36.5562101494124,0,24,24,24,3,-36.5562101494124
01-Aug-2026 01:43:06,-164.650833025168,-36.5438460786517,0,25,25,25,3,-36.5438460786517
01-Aug-2026 01:43:08,-164.92338019977,-36.8163932532544,0,25,25,25,3,-36.8163932532544
01-Aug-2026 01:43:10,-164.626195586788,-36.5192086402721,0,25,25,25,3,-36.5192086402721
01-Aug-2026 01:43:12,-164.576505486906,-36.4695185403903,0,25,25,25,3,-36.4695185403903
01-Aug-2026 01:43:14,-164.471967102594,-36.3649801560783,0,25,25,25,3,-36.3649801560783
01-Aug-2026 01:43:16,-163.904552744881,-35.7975657983656,0,25,25,25,3,-35.7975657983656
01-Aug-2026 01:43:18,-163.992443474684,-35.8854565281685,0,26,26,26,2,-35.8854565281685
01-Aug-2026 01:43:20,-163.946101166003,-35.8391142194868,0,25,25,25,2,-35.8391142194868
01-Aug-2026 01:43:22,-164.285860696061,-36.1788737495456,0,25,25,25,2,-36.1788737495456
01-Aug-2026 01:43:24,-164.500319716055,-36.3933327695395,0,25,25,25,2,-36.3933327695395
01-Aug-2026 01:43:26,-164.9227043597,-36.8157174131842,0,25,25,25,2,-36.8157174131842
01-Aug-2026 01:43:28,-164.730417290673,-36.6234303441576,0,25,25,25,2,-36.6234303441576
01-Aug-2026 01:43:30,-164.51041237627,-36.4034254297538,0,25,25,25,3,-36.4034254297538
01-Aug-2026 01:43:32,-164.156403182515,-36.0494162359989,0,25,25,25,3,-36.0494162359989
01-Aug-2026 01:43:34,-164.249161189743,-36.1421742432268,0,25,25,25,2,-36.1421742432268
01-Aug-2026 01:43:36,-165.157116331174,-37.0501293846579,0,25,25,25,2,-37.0501293846579
01-Aug-2026 01:43:38,-164.789932537607,-36.6829455910909,0,25,25,25,2,-36.6829455910909
01-Aug-2026 01:43:40,-165.48985344462,-37.3828664981045,0,26,26,26,2,-37.3828664981045
01-Aug-2026 01:43:42,-165.1469338929,-37.0399469463845,0,25,25,25,2,-37.0399469463845
01-Aug-2026 01:43:44,-190.596981115172,-62.489994168656,0,25,25,25,1,-62.489994168656
01-Aug-2026 01:43:46,-186.094501747561,-57.9875148010455,0,25,25,25,2,-57.9875148010455
01-Aug-2026 01:43:48,-186.455114361318,-58.3481274148022,0,25,25,25,2,-58.3481274148022
01-Aug-2026 01:43:50,-188.866508751307,-60.7595218047916,0,25,25,25,1,-60.7595218047916
01-Aug-2026 01:43:52,-163.957116410498,-35.8501294639823,0,25,25,25,2,-35.8501294639823
01-Aug-2026 01:43:54,-163.307756183556,-35.2007692370398,0,25,25,25,3,-35.2007692370398
01-Aug-2026 01:43:56,-163.028005149056,-34.9210182025402,0,25,25,25,4,-34.9210182025402
01-Aug-2026 01:43:58,-163.086770918889,-34.9797839723728,0,25,25,25,2,-34.9797839723728
01-Aug-2026 01:44:00,-162.9621605252,-34.8551735786846,0,25,25,25,2,-34.8551735786846
01-Aug-2026 01:44:02,-186.194390711243,-58.087403764727,0,25,25,25,1,-58.087403764727
01-Aug-2026 01:44:04,-3076.52655568589,-2948.41956873937,0,25,25,25,0,-2948.41956873937
01-Aug-2026 01:44:06,-3076.52655568589,-2948.41956873937,0,25,25,25,0,-2948.41956873937
01-Aug-2026 01:44:08,-3076.52655568589,-2948.41956873937,0,25,25,25,0,-2948.41956873937
01-Aug-2026 01:44:10,-3076.52655568589,-2948.41956873937,0,25,25,25,0,-2948.41956873937
01-Aug-2026 01:44:12,-3076.52655568589,-2948.41956873937,0,25,25,25,0,-2948.41956873937
01-Aug-2026 01:44:14,-3076.52655568589,-2948.41956873937,0,24,24,24,0,-2948.41956873937
01-Aug-2026 01:44:16,-3076.52655568589,-2948.41956873937,0,24,24,24,0,-2948.41956873937
01-Aug-2026 01:44:18,-3076.52655568589,-2948.41956873937,0,25,25,25,0,-2948.41956873937
01-Aug-2026 01:44:20,-184.64380796976,-56.5368210232438,0,25,25,25,1,-56.5368210232438
01-Aug-2026 01:44:22,-183.584112678332,-55.477125731816,0,25,25,25,2,-55.477125731816
01-Aug-2026 01:44:24,-183.75012359389,-55.6431366473742,0,25,25,25,2,-55.6431366473742
01-Aug-2026 01:44:26,-182.890329392698,-54.783342446182,0,25,25,25,4,-54.783342446182
01-Aug-2026 01:44:28,-182.692732851348,-54.5857459048317,0,25,25,25,4,-54.5857459048317
01-Aug-2026 01:44:30,-182.185178688987,-54.0781917424715,0,25,25,25,4,-54.0781917424715
01-Aug-2026 01:44:32,-179.979113573375,-51.8721266268591,0,24,24,24,5,-51.8721266268591
01-Aug-2026 01:44:34,-179.899148537592,-51.7921615910764,0,24,24,24,5,-51.7921615910764
01-Aug-2026 01:44:36,-178.885504851686,-50.7785179051701,0,24,24,24,6,-50.7785179051701
01-Aug-2026 01:44:38,-179.138665381064,-51.0316784345485,0,24,24,24,5,-51.0316784345485
01-Aug-2026 01:44:40,-178.885338312675,-50.778351366159,0,24,24,24,5,-50.778351366159
01-Aug-2026 01:44:42,-179.021645118729,-50.9146581722136,0,24,24,24,5,-50.9146581722136
01-Aug-2026 01:44:44,-178.705143694631,-50.5981567481149,0,24,24,24,5,-50.5981567481149
01-Aug-2026 01:44:46,-175.447075738057,-47.3400887915408,0,24,24,24,6,-47.3400887915408
01-Aug-2026 01:44:48,-174.69447879619,-46.587491849674,0,25,25,25,8,-46.587491849674
01-Aug-2026 01:44:50,-174.485048232265,-46.3780612857493,0,25,25,25,9,-46.3780612857493
01-Aug-2026 01:44:52,-174.013358319154,-45.906371372638,0,25,25,25,10,-45.906371372638
01-Aug-2026 01:44:54,-173.793792551498,-45.686805604982,0,25,25,25,11,-45.686805604982
01-Aug-2026 01:44:56,-175.910502048234,-47.8035151017186,0,25,25,25,10,-47.8035151017186
01-Aug-2026 01:44:58,-176.169705057594,-48.0627181110781,0,25,25,25,9,-48.0627181110781
01-Aug-2026 01:45:00,-177.554587776733,-49.4476008302171,0,25,25,25,6,-49.4476008302171
01-Aug-2026 01:45:02,-177.605821828487,-49.4988348819709,0,26,26,26,7,-49.4988348819709
01-Aug-2026 01:45:04,-177.896013965166,-49.7890270186498,0,26,26,26,7,-49.7890270186498
01-Aug-2026 01:45:06,-178.644500723071,-50.5375137765549,0,25,25,25,5,-50.5375137765549
01-Aug-2026 01:45:08,-178.654428038193,-50.5474410916773,0,25,25,25,5,-50.5474410916773
01-Aug-2026 01:45:10,-178.871521076784,-50.764534130268,0,24,24,24,5,-50.764534130268
01-Aug-2026 01:45:12,-178.861580794754,-50.7545938482378,0,24,24,24,5,-50.7545938482378
01-Aug-2026 01:45:14,-179.217205382987,-51.1102184364713,0,24,24,24,5,-51.1102184364713
01-Aug-2026 01:45:16,-178.8696707071,-50.762683760584,0,24,24,24,5,-50.762683760584
01-Aug-2026 01:45:18,-179.020629770111,-50.9136428235952,0,24,24,24,5,-50.9136428235952
01-Aug-2026 01:45:20,-179.019668270038,-50.9126813235218,0,24,24,24,5,-50.9126813235218
01-Aug-2026 01:45:22,-180.604873864803,-52.497886918287,0,25,25,25,4,-52.497886918287
01-Aug-2026 01:45:24,-180.91045804095,-52.8034710944345,0,25,25,25,4,-52.8034710944345
01-Aug-2026 01:45:26,-179.690378857473,-51.5833919109572,0,25,25,25,5,-51.5833919109572
01-Aug-2026 01:45:28,-179.639793032711,-51.5328060861952,0,26,26,26,5,-51.5328060861952
01-Aug-2026 01:45:30,-176.046700407368,-47.9397134608521,0,26,26,26,6,-47.9397134608521
01-Aug-2026 01:45:32,-176.905396115426,-48.7984091689103,0,26,26,26,5,-48.7984091689103
01-Aug-2026 01:45:34,-181.405306217917,-53.2983192714011,0,25,25,25,4,-53.2983192714011
01-Aug-2026 01:45:36,-181.406325459638,-53.2993385131218,0,25,25,25,4,-53.2993385131218
01-Aug-2026 01:45:38,-181.222880456914,-53.115893510398,0,25,25,25,4,-53.115893510398
01-Aug-2026 01:45:40,-181.384685954502,-53.2776990079859,0,25,25,25,4,-53.2776990079859
01-Aug-2026 01:45:42,-177.526882743316,-49.4198957968003,0,25,25,25,5,-49.4198957968003
01-Aug-2026 01:45:44,-177.613540097778,-49.506553151262,0,25,25,25,5,-49.506553151262
01-Aug-2026 01:45:46,-177.036802847246,-48.9298159007297,0,25,25,25,6,-48.9298159007297
01-Aug-2026 01:45:48,-176.142308338047,-48.0353213915308,0,25,25,25,6,-48.0353213915308
01-Aug-2026 01:45:50,-170.649259129639,-42.5422721831229,0,25,25,25,6,-42.5422721831229
01-Aug-2026 01:45:52,-172.077799020718,-43.9708120742023,0,25,25,25,5,-43.9708120742023
01-Aug-2026 01:45:54,-171.730811051237,-43.6238241047215,0,25,25,25,5,-43.6238241047215
01-Aug-2026 01:45:56,-171.346358497955,-43.2393715514393,0,25,25,25,5,-43.2393715514393
01-Aug-2026 01:45:58,-170.319768344997,-42.2127813984814,0,25,25,25,6,-42.2127813984814
01-Aug-2026 01:46:00,-170.139584661545,-42.032597715029,0,25,25,25,4,-42.032597715029
01-Aug-2026 01:46:02,-170.250338564966,-42.1433516184505,0,25,25,25,3,-42.1433516184505
01-Aug-2026 01:46:04,-170.518250318275,-42.4112633717593,0,25,25,25,3,-42.4112633717593
01-Aug-2026 01:46:06,-170.020078508244,-41.9130915617285,0,25,25,25,5,-41.9130915617285
01-Aug-2026 01:46:08,-181.955973435879,-53.8489864893631,0,25,25,25,3,-53.8489864893631
01-Aug-2026 01:46:10,-181.597499630048,-53.4905126835324,0,25,25,25,3,-53.4905126835324
01-Aug-2026 01:46:12,-181.626134295997,-53.5191473494811,0,25,25,25,3,-53.5191473494811
01-Aug-2026 01:46:14,-181.550311621799,-53.443324675283,0,25,25,25,2,-53.443324675283
01-Aug-2026 01:46:16,-180.131604622239,-52.0246176757229,0,25,25,25,3,-52.0246176757229
01-Aug-2026 01:46:18,-179.854640372568,-51.7476534260518,0,25,25,25,4,-51.7476534260518
01-Aug-2026 01:46:20,-179.932330039024,-51.8253430925086,0,24,24,24,3,-51.8253430925086
01-Aug-2026 01:46:22,-179.753472200554,-51.6464852540383,0,23,23,23,3,-51.6464852540383
01-Aug-2026 01:46:24,-179.62583046555,-51.5188435190343,0,23,23,23,3,-51.5188435190343
01-Aug-2026 01:46:26,-179.180490604147,-51.0735036576307,0,24,24,24,4,-51.0735036576307
01-Aug-2026 01:46:28,-179.259027326385,-51.1520403798687,0,24,24,24,4,-51.1520403798687
01-Aug-2026 01:46:30,-178.799119154805,-50.6921322082896,0,24,24,24,4,-50.6921322082896
01-Aug-2026 01:46:32,-178.791004450739,-50.6840175042229,0,24,24,24,4,-50.6840175042229
01-Aug-2026 01:46:34,-178.331882229759,-50.2248952832435,0,24,24,24,4,-50.2248952832435
01-Aug-2026 01:46:36,-165.750755249916,-37.6437683033998,0,25,25,25,5,-37.6437683033998
01-Aug-2026 01:46:38,-164.76191506275,-36.6549281162337,0,26,26,26,5,-36.6549281162337
01-Aug-2026 01:46:40,-165.417169653562,-37.3101827070462,0,26,26,26,6,-37.3101827070462
01-Aug-2026 01:46:42,-165.667917485129,-37.5609305386129,0,26,26,26,5,-37.5609305386129
01-Aug-2026 01:46:44,-176.342760018583,-48.2357730720667,0,26,26,26,3,-48.2357730720667
01-Aug-2026 01:46:46,-168.991176762043,-40.8841898155275,0,26,26,26,4,-40.8841898155275
01-Aug-2026 01:46:48,-168.486878965113,-40.379892018597,0,26,26,26,4,-40.379892018597
01-Aug-2026 01:46:50,-168.198670748342,-40.0916838018262,0,26,26,26,4,-40.0916838018262
01-Aug-2026 01:46:52,-168.060156200768,-39.953169254252,0,26,26,26,5,-39.953169254252
01-Aug-2026 01:46:54,-167.427678363101,-39.3206914165852,0,26,26,26,4,-39.3206914165852
01-Aug-2026 01:46:56,-166.653519844771,-38.546532898255,0,25,25,25,3,-38.546532898255
01-Aug-2026 01:46:58,-166.331096416526,-38.2241094700098,0,24,24,24,2,-38.2241094700098
01-Aug-2026 01:47:00,-178.037242373002,-49.9302554264859,0,25,25,25,3,-49.9302554264859
01-Aug-2026 01:47:02,-178.284958290147,-50.1779713436315,0,25,25,25,3,-50.1779713436315
01-Aug-2026 01:47:04,-178.558041246855,-50.4510543003396,0,25,25,25,3,-50.4510543003396
01-Aug-2026 01:47:06,-178.103815536979,-49.9968285904631,0,25,25,25,3,-49.9968285904631
01-Aug-2026 01:47:08,-177.909537728972,-49.8025507824563,0,25,25,25,3,-49.8025507824563
01-Aug-2026 01:47:10,-177.70087114348,-49.5938841969639,0,26,26,26,4,-49.5938841969639
01-Aug-2026 01:47:12,-174.273630012999,-46.1666430664827,0,25,25,25,6,-46.1666430664827
01-Aug-2026 01:47:14,-169.176577238674,-41.0695902921579,0,25,25,25,7,-41.0695902921579
01-Aug-2026 01:47:16,-169.471965276736,-41.36497833022,0,25,25,25,8,-41.36497833022
01-Aug-2026 01:47:18,-169.208696667765,-41.1017097212496,0,25,25,25,8,-41.1017097212496
01-Aug-2026 01:47:20,-169.787988200213,-41.6810012536968,0,25,25,25,6,-41.6810012536968
01-Aug-2026 01:47:22,-170.032113501458,-41.9251265549417,0,25,25,25,5,-41.9251265549417
01-Aug-2026 01:47:24,-169.843560063907,-41.7365731173907,0,25,25,25,6,-41.7365731173907
01-Aug-2026 01:47:26,-170.048052296497,-41.9410653499811,0,26,26,26,7,-41.9410653499811
01-Aug-2026 01:47:28,-169.923893261478,-41.8169063149624,0,26,26,26,8,-41.8169063149624
01-Aug-2026 01:47:30,-172.500576486176,-44.3935895396597,0,25,25,25,7,-44.3935895396597
01-Aug-2026 01:47:32,-173.350070073444,-45.2430831269286,0,25,25,25,6,-45.2430831269286
01-Aug-2026 01:47:34,-173.60826642344,-45.5012794769243,0,25,25,25,6,-45.5012794769243
01-Aug-2026 01:47:36,-173.079341832712,-44.9723548861961,0,25,25,25,7,-44.9723548861961
01-Aug-2026 01:47:38,-172.977341112334,-44.8703541658177,0,25,25,25,6,-44.8703541658177
01-Aug-2026 01:47:40,-172.791904333285,-44.6849173867695,0,25,25,25,6,-44.6849173867695
01-Aug-2026 01:47:42,-173.053631328281,-44.9466443817651,0,25,25,25,5,-44.9466443817651
01-Aug-2026 01:47:44,-173.810099588248,-45.7031126417317,0,25,25,25,4,-45.7031126417317
01-Aug-2026 01:47:46,-173.971753164337,-45.8647662178215,0,25,25,25,4,-45.8647662178215
01-Aug-2026 01:47:48,-173.645304698118,-45.5383177516025,0,25,25,25,4,-45.5383177516025
01-Aug-2026 01:47:50,-173.303697944181,-45.1967109976656,0,25,25,25,4,-45.1967109976656
01-Aug-2026 01:47:52,-172.830116484307,-44.7231295377911,0,25,25,25,3,-44.7231295377911
01-Aug-2026 01:47:54,-172.795029524873,-44.6880425783575,0,25,25,25,3,-44.6880425783575
01-Aug-2026 01:47:56,-172.135638057201,-44.0286511106849,0,25,25,25,3,-44.0286511106849
01-Aug-2026 01:47:58,-172.287195747665,-44.1802088011491,0,25,25,25,3,-44.1802088011491
01-Aug-2026 01:48:00,-172.339847204582,-44.2328602580659,0,25,25,25,3,-44.2328602580659
01-Aug-2026 01:48:02,-172.603437968161,-44.4964510216446,0,25,25,25,3,-44.4964510216446
01-Aug-2026 01:48:04,-172.797125308993,-44.6901383624775,0,25,25,25,3,-44.6901383624775
01-Aug-2026 01:48:06,-172.429419167449,-44.3224322209327,0,26,26,26,5,-44.3224322209327
01-Aug-2026 01:48:08,-163.249564803879,-35.1425778573636,0,26,26,26,8,-35.1425778573636
01-Aug-2026 01:48:10,-162.715376552918,-34.6083896064023,0,26,26,26,7,-34.6083896064023
01-Aug-2026 01:48:12,-162.259769308656,-34.1527823621398,0,26,26,26,6,-34.1527823621398
01-Aug-2026 01:48:14,-162.0320270764,-33.9250401298842,0,26,26,26,6,-33.9250401298842
01-Aug-2026 01:48:16,-161.688113192308,-33.5811262457923,0,25,25,25,6,-33.5811262457923
01-Aug-2026 01:48:18,-161.306403183997,-33.1994162374813,0,25,25,25,6,-33.1994162374813
01-Aug-2026 01:48:20,-161.047626390928,-32.9406394444123,0,25,25,25,6,-32.9406394444123
01-Aug-2026 01:48:22,-160.869523952817,-32.762537006301,0,25,25,25,6,-32.762537006301
01-Aug-2026 01:48:24,-161.118952760795,-33.0119658142793,0,24,24,24,6,-33.0119658142793
01-Aug-2026 01:48:26,-160.743782261979,-32.6367953154634,0,24,24,24,5,-32.6367953154634
01-Aug-2026 01:48:28,-160.557038112735,-32.4500511662195,0,24,24,24,6,-32.4500511662195
01-Aug-2026 01:48:30,-159.801379236907,-31.6943922903907,0,24,24,24,7,-31.6943922903907
01-Aug-2026 01:48:32,-159.631786797731,-31.5247998512147,0,24,24,24,7,-31.5247998512147
01-Aug-2026 01:48:34,-162.381341989332,-34.274355042816,0,24,24,24,6,-34.274355042816
01-Aug-2026 01:48:36,-162.396325271179,-34.2893383246632,0,25,25,25,5,-34.2893383246632
01-Aug-2026 01:48:38,-162.076291416956,-33.9693044704399,0,25,25,25,5,-33.9693044704399
01-Aug-2026 01:48:40,-162.102057065312,-33.9950701187963,0,25,25,25,6,-33.9950701187963
01-Aug-2026 01:48:42,-161.992707876153,-33.8857209296367,0,25,25,25,6,-33.8857209296367
01-Aug-2026 01:48:44,-162.17802781759,-34.0710408710741,0,25,25,25,7,-34.0710408710741
01-Aug-2026 01:48:46,-162.466146066929,-34.3591591204134,0,25,25,25,7,-34.3591591204134
01-Aug-2026 01:48:48,-162.458711714635,-34.3517247681195,0,25,25,25,7,-34.3517247681195
01-Aug-2026 01:48:50,-164.578934785506,-36.4719478389903,0,25,25,25,6,-36.4719478389903
01-Aug-2026 01:48:52,-165.063961692342,-36.9569747458261,0,25,25,25,6,-36.9569747458261
01-Aug-2026 01:48:54,-164.205329057319,-36.0983421108033,0,26,26,26,7,-36.0983421108033
01-Aug-2026 01:48:56,-180.108010817034,-52.0010238705178,0,26,26,26,6,-52.0010238705178
01-Aug-2026 01:48:58,-180.932845801686,-52.8258588551703,0,25,25,25,5,-52.8258588551703
01-Aug-2026 01:49:00,-180.870982544381,-52.7639955978654,0,24,24,24,5,-52.7639955978654
01-Aug-2026 01:49:02,-180.456752783424,-52.349765836908,0,24,24,24,6,-52.349765836908
01-Aug-2026 01:49:04,-180.906614619397,-52.7996276728814,0,24,24,24,6,-52.7996276728814
01-Aug-2026 01:49:06,-180.802564520125,-52.6955775736089,0,24,24,24,5,-52.6955775736089
01-Aug-2026 01:49:08,-180.557020701877,-52.4500337553616,0,25,25,25,5,-52.4500337553616
01-Aug-2026 01:49:10,-180.552441684931,-52.4454547384153,0,25,25,25,4,-52.4454547384153
01-Aug-2026 01:49:12,-180.245926593053,-52.1389396465373,0,25,25,25,4,-52.1389396465373
01-Aug-2026 01:49:14,-180.171364031957,-52.0643770854407,0,25,25,25,4,-52.0643770854407
01-Aug-2026 01:49:16,-180.162968337199,-52.0559813906833,0,25,25,25,4,-52.0559813906833
01-Aug-2026 01:49:18,-177.748607257712,-49.6416203111966,0,25,25,25,4,-49.6416203111966
01-Aug-2026 01:49:20,-178.366653347161,-50.2596664006449,0,25,25,25,3,-50.2596664006449
01-Aug-2026 01:49:22,-182.402024456248,-54.2950375097319,0,26,26,26,2,-54.2950375097319
01-Aug-2026 01:49:24,-181.701957191468,-53.5949702449523,0,26,26,26,3,-53.5949702449523
01-Aug-2026 01:49:26,-182.289293367615,-54.1823064210989,0,25,25,25,2,-54.1823064210989
01-Aug-2026 01:49:28,-169.230918918731,-41.1239319722155,0,25,25,25,3,-41.1239319722155
01-Aug-2026 01:49:30,-169.789944388643,-41.6829574421273,0,25,25,25,3,-41.6829574421273
01-Aug-2026 01:49:32,-169.652444400163,-41.5454574536471,0,25,25,25,4,-41.5454574536471
01-Aug-2026 01:49:34,-169.42598153862,-41.3189945921045,0,25,25,25,5,-41.3189945921045
01-Aug-2026 01:49:36,-168.95425506484,-40.8472681183242,0,25,25,25,6,-40.8472681183242
01-Aug-2026 01:49:38,-169.387100953685,-41.2801140071688,0,25,25,25,6,-41.2801140071688
01-Aug-2026 01:49:40,-179.515816967992,-51.4088300214764,0,25,25,25,5,-51.4088300214764
01-Aug-2026 01:49:42,-179.259777468093,-51.1527905215767,0,25,25,25,6,-51.1527905215767
01-Aug-2026 01:49:44,-179.481362913293,-51.374375966777,0,25,25,25,6,-51.374375966777
01-Aug-2026 01:49:46,-178.955420381138,-50.8484334346225,0,25,25,25,7,-50.8484334346225
01-Aug-2026 01:49:48,-179.07994969951,-50.9729627529937,0,25,25,25,7,-50.9729627529937
01-Aug-2026 01:49:50,-179.118663815312,-51.0116768687962,0,25,25,25,7,-51.0116768687962
01-Aug-2026 01:49:52,-179.40136917359,-51.2943822270745,0,25,25,25,7,-51.2943822270745
01-Aug-2026 01:49:54,-179.284070609001,-51.1770836624853,0,25,25,25,7,-51.1770836624853
01-Aug-2026 01:49:56,-179.279023404313,-51.1720364577969,0,25,25,25,7,-51.1720364577969
01-Aug-2026 01:49:58,-179.414811420495,-51.3078244739788,0,25,25,25,7,-51.3078244739788
01-Aug-2026 01:50:00,-179.540555548114,-51.4335686015985,0,25,25,25,7,-51.4335686015985
01-Aug-2026 01:50:02,-179.642121069471,-51.5351341229549,0,25,25,25,6,-51.5351341229549
01-Aug-2026 01:50:04,-179.810752584601,-51.7037656380856,0,24,24,24,6,-51.7037656380856
01-Aug-2026 01:50:06,-180.044993697304,-51.938006750788,0,24,24,24,6,-51.938006750788
01-Aug-2026 01:50:08,-185.03362696588,-56.9266400193638,0,23,23,23,4,-56.9266400193638
01-Aug-2026 01:50:10,-169.042413410941,-40.9354264644251,0,24,24,24,5,-40.9354264644251
01-Aug-2026 01:50:12,-169.104339691107,-40.9973527445914,0,24,24,24,5,-40.9973527445914
01-Aug-2026 01:50:14,-169.269057231193,-41.1620702846766,0,24,24,24,5,-41.1620702846766
01-Aug-2026 01:50:16,-170.160697291932,-42.0537103454157,0,25,25,25,5,-42.0537103454157
01-Aug-2026 01:50:18,-168.813948210908,-40.7069612643917,0,25,25,25,4,-40.7069612643917
01-Aug-2026 01:50:20,-168.20494969106,-40.0979627445437,0,25,25,25,4,-40.0979627445437
01-Aug-2026 01:50:22,-169.010462876164,-40.9034759296485,0,25,25,25,5,-40.9034759296485
01-Aug-2026 01:50:24,-168.275539306346,-40.1685523598302,0,25,25,25,5,-40.1685523598302
01-Aug-2026 01:50:26,-167.916435490492,-39.8094485439763,0,25,25,25,3,-39.8094485439763
01-Aug-2026 01:50:28,-168.995018296156,-40.8880313496402,0,26,26,26,3,-40.8880313496402
01-Aug-2026 01:50:30,-168.356893654282,-40.2499067077657,0,26,26,26,3,-40.2499067077657
01-Aug-2026 01:50:32,-167.747859283314,-39.6408723367977,0,26,26,26,3,-39.6408723367977
01-Aug-2026 01:50:34,-166.652080348737,-38.5450934022214,0,26,26,26,4,-38.5450934022214
01-Aug-2026 01:50:36,-166.337395920326,-38.2304089738097,0,26,26,26,4,-38.2304089738097
01-Aug-2026 01:50:38,-166.067553085235,-37.9605661387191,0,26,26,26,3,-37.9605661387191
01-Aug-2026 01:50:40,-166.23973988651,-38.1327529399946,0,26,26,26,3,-38.1327529399946
01-Aug-2026 01:50:42,-165.53950442441,-37.4325174778945,0,26,26,26,3,-37.4325174778945
01-Aug-2026 01:50:44,-165.113219857891,-37.0062329113755,0,26,26,26,3,-37.0062329113755
01-Aug-2026 01:50:46,-164.411744138019,-36.3047571915028,0,25,25,25,3,-36.3047571915028
01-Aug-2026 01:50:48,-164.342720066798,-36.2357331202818,0,24,24,24,4,-36.2357331202818
01-Aug-2026 01:50:50,-163.923005199408,-35.8160182528918,0,24,24,24,5,-35.8160182528918
01-Aug-2026 01:50:52,-163.642879520884,-35.5358925743678,0,25,25,25,5,-35.5358925743678
01-Aug-2026 01:50:54,-163.917182702506,-35.8101957559905,0,25,25,25,4,-35.8101957559905
01-Aug-2026 01:50:56,-163.741679981128,-35.6346930346122,0,25,25,25,4,-35.6346930346122
01-Aug-2026 01:50:58,-181.584692452505,-53.4777055059887,0,25,25,25,4,-53.4777055059887
01-Aug-2026 01:51:00,-181.706229859055,-53.599242912539,0,25,25,25,4,-53.599242912539
01-Aug-2026 01:51:02,-180.21185429337,-52.1048673468542,0,25,25,25,5,-52.1048673468542
01-Aug-2026 01:51:04,-179.764588769099,-51.6576018225836,0,25,25,25,4,-51.6576018225836
01-Aug-2026 01:51:06,-179.644091436112,-51.5371044895958,0,25,25,25,3,-51.5371044895958
01-Aug-2026 01:51:08,-180.742076768844,-52.6350898223277,0,25,25,25,2,-52.6350898223277
01-Aug-2026 01:51:10,-189.941572189906,-61.8345852433901,0,25,25,25,1,-61.8345852433901
01-Aug-2026 01:51:12,-189.559779273117,-61.4527923266008,0,25,25,25,2,-61.4527923266008
01-Aug-2026 01:51:14,-187.475062597673,-59.3680756511567,0,26,26,26,3,-59.3680756511567
01-Aug-2026 01:51:16,-177.129846896718,-49.0228599502022,0,25,25,25,4,-49.0228599502022
01-Aug-2026 01:51:18,-176.268013174187,-48.1610262276715,0,25,25,25,4,-48.1610262276715
01-Aug-2026 01:51:20,-175.463842416817,-47.3568554703015,0,25,25,25,5,-47.3568554703015
01-Aug-2026 01:51:22,-175.364542904476,-47.2575559579598,0,25,25,25,5,-47.2575559579598
01-Aug-2026 01:51:24,-175.098809616033,-46.9918226695174,0,25,25,25,4,-46.9918226695174
01-Aug-2026 01:51:26,-188.832582649241,-60.7255957027256,0,25,25,25,2,-60.7255957027256
01-Aug-2026 01:51:28,-164.801513357312,-36.6945264107964,0,25,25,25,4,-36.6945264107964
01-Aug-2026 01:51:30,-164.492333828869,-36.3853468823532,0,25,25,25,4,-36.3853468823532
01-Aug-2026 01:51:32,-164.271443392004,-36.1644564454883,0,25,25,25,4,-36.1644564454883
01-Aug-2026 01:51:34,-164.336245977088,-36.2292590305717,0,25,25,25,4,-36.2292590305717
01-Aug-2026 01:51:36,-164.503829011859,-36.3968420653427,0,25,25,25,4,-36.3968420653427
01-Aug-2026 01:51:38,-163.859471345861,-35.7524843993456,0,25,25,25,5,-35.7524843993456
01-Aug-2026 01:51:40,-163.969137776559,-35.8621508300429,0,25,25,25,5,-35.8621508300429
01-Aug-2026 01:51:42,-163.865727349039,-35.758740402523,0,25,25,25,5,-35.758740402523
01-Aug-2026 01:51:44,-163.739787742675,-35.6328007961594,0,25,25,25,5,-35.6328007961594
01-Aug-2026 01:51:46,-162.851916737409,-34.7449297908934,0,25,25,25,6,-34.7449297908934
01-Aug-2026 01:51:48,-162.996825975675,-34.8898390291592,0,25,25,25,6,-34.8898390291592
01-Aug-2026 01:51:50,-162.941948166929,-34.8349612204127,0,25,25,25,6,-34.8349612204127
01-Aug-2026 01:51:52,-163.260654566896,-35.1536676203802,0,25,25,25,7,-35.1536676203802
01-Aug-2026 01:51:54,-171.099459177273,-42.9924722307567,0,25,25,25,6,-42.9924722307567
01-Aug-2026 01:51:56,-170.792385191664,-42.6853982451478,0,26,26,26,6,-42.6853982451478
01-Aug-2026 01:51:58,-179.527601571999,-51.4206146254831,0,26,26,26,5,-51.4206146254831
01-Aug-2026 01:52:00,-179.531544464903,-51.424557518387,0,26,26,26,6,-51.424557518387
01-Aug-2026 01:52:02,-179.072174812186,-50.9651878656699,0,26,26,26,7,-50.9651878656699
01-Aug-2026 01:52:04,-158.811433041178,-30.704446094662,0,26,26,26,8,-30.704446094662
01-Aug-2026 01:52:06,-178.866397561724,-50.7594106152083,0,26,26,26,7,-50.7594106152083
01-Aug-2026 01:52:08,-178.957470094502,-50.8504831479857,0,26,26,26,7,-50.8504831479857
01-Aug-2026 01:52:10,-178.786600371987,-50.679613425471,0,26,26,26,7,-50.679613425471
01-Aug-2026 01:52:12,-179.270104513351,-51.1631175668348,0,26,26,26,6,-51.1631175668348
01-Aug-2026 01:52:14,-179.541424816965,-51.4344378704492,0,26,26,26,5,-51.4344378704492
01-Aug-2026 01:52:16,-179.798458060274,-51.6914711137583,0,25,25,25,5,-51.6914711137583
01-Aug-2026 01:52:18,-178.987864664657,-50.8808777181412,0,24,24,24,5,-50.8808777181412
01-Aug-2026 01:52:20,-178.969085958224,-50.8620990117078,0,24,24,24,5,-50.8620990117078
01-Aug-2026 01:52:22,-179.199153673968,-51.0921667274522,0,24,24,24,5,-51.0921667274522
01-Aug-2026 01:52:24,-179.628089980301,-51.5211030337855,0,25,25,25,5,-51.5211030337855
01-Aug-2026 01:52:26,-179.857338539297,-51.7503515927811,0,25,25,25,5,-51.7503515927811
01-Aug-2026 01:52:28,-180.634946524084,-52.5279595775682,0,25,25,25,4,-52.5279595775682
01-Aug-2026 01:52:30,-180.547605967896,-52.4406190213804,0,25,25,25,4,-52.4406190213804
01-Aug-2026 01:52:32,-180.170653006642,-52.0636660601258,0,25,25,25,5,-52.0636660601258
01-Aug-2026 01:52:34,-180.639834013652,-52.5328470671358,0,25,25,25,4,-52.5328470671358
01-Aug-2026 01:52:36,-155.440327074349,-27.3333401278327,0,25,25,25,6,-27.3333401278327
01-Aug-2026 01:52:38,-155.402002268088,-27.2950153215725,0,25,25,25,7,-27.2950153215725
01-Aug-2026 01:52:40,-155.751920863494,-27.6449339169779,0,25,25,25,7,-27.6449339169779
01-Aug-2026 01:52:42,-155.508662898026,-27.4016759515098,0,25,25,25,6,-27.4016759515098
01-Aug-2026 01:52:44,-154.676463511489,-26.5694765649733,0,25,25,25,5,-26.5694765649733
01-Aug-2026 01:52:46,-154.851130292228,-26.7441433457126,0,26,26,26,5,-26.7441433457126
01-Aug-2026 01:52:48,-154.517816527649,-26.4108295811328,0,26,26,26,5,-26.4108295811328
01-Aug-2026 01:52:50,-180.32351788192,-52.2165309354046,0,24,24,24,5,-52.2165309354046
01-Aug-2026 01:52:52,-178.693395342634,-50.5864083961182,0,24,24,24,5,-50.5864083961182
01-Aug-2026 01:52:54,-178.520419160909,-50.4134322143933,0,24,24,24,5,-50.4134322143933
01-Aug-2026 01:52:56,-178.626050037578,-50.5190630910625,0,25,25,25,5,-50.5190630910625
01-Aug-2026 01:52:58,-178.923389725349,-50.8164027788327,0,25,25,25,5,-50.8164027788327
01-Aug-2026 01:53:00,-179.314585305659,-51.2075983591428,0,25,25,25,5,-51.2075983591428
01-Aug-2026 01:53:02,-179.172158343996,-51.0651713974798,0,25,25,25,6,-51.0651713974798
01-Aug-2026 01:53:04,-179.122461126857,-51.015474180341,0,25,25,25,6,-51.015474180341
01-Aug-2026 01:53:06,-179.530722457747,-51.4237355112312,0,25,25,25,5,-51.4237355112312
01-Aug-2026 01:53:08,-179.488717318936,-51.3817303724205,0,25,25,25,5,-51.3817303724205
01-Aug-2026 01:53:10,-179.668737751927,-51.5617508054112,0,25,25,25,5,-51.5617508054112
01-Aug-2026 01:53:12,-179.378836379441,-51.2718494329255,0,25,25,25,5,-51.2718494329255
01-Aug-2026 01:53:14,-179.527426974161,-51.4204400276451,0,25,25,25,5,-51.4204400276451
01-Aug-2026 01:53:16,-179.856437855516,-51.7494509090005,0,25,25,25,4,-51.7494509090005
01-Aug-2026 01:53:18,-179.782008822741,-51.675021876225,0,25,25,25,4,-51.675021876225
01-Aug-2026 01:53:20,-179.439057725467,-51.332070778951,0,25,25,25,5,-51.332070778951
01-Aug-2026 01:53:22,-179.894361581656,-51.7873746351403,0,25,25,25,5,-51.7873746351403
01-Aug-2026 01:53:24,-179.873564479568,-51.7665775330518,0,25,25,25,5,-51.7665775330518
01-Aug-2026 01:53:26,-178.550804683489,-50.443817736973,0,25,25,25,6,-50.443817736973
01-Aug-2026 01:53:28,-178.972081231903,-50.8650942853876,0,25,25,25,6,-50.8650942853876
01-Aug-2026 01:53:30,-178.926644663724,-50.8196577172078,0,25,25,25,6,-50.8196577172078
01-Aug-2026 01:53:32,-180.430092651902,-52.3231057053858,0,25,25,25,5,-52.3231057053858
01-Aug-2026 01:53:34,-180.688590431135,-52.5816034846188,0,25,25,25,5,-52.5816034846188
01-Aug-2026 01:53:36,-180.575522601984,-52.468535655468,0,25,25,25,5,-52.468535655468
01-Aug-2026 01:53:38,-181.05329752272,-52.9463105762046,0,25,25,25,4,-52.9463105762046
01-Aug-2026 01:53:40,-182.169719015597,-54.0627320690814,0,25,25,25,3,-54.0627320690814
01-Aug-2026 01:53:42,-182.233687031006,-54.12670008449,0,25,25,25,3,-54.12670008449
01-Aug-2026 01:53:44,-170.568479859891,-42.4614929133751,0,26,26,26,4,-42.4614929133751
01-Aug-2026 01:53:46,-170.460662919278,-42.3536759727622,0,26,26,26,4,-42.3536759727622
01-Aug-2026 01:53:48,-183.413745156765,-55.3067582102494,0,25,25,25,3,-55.3067582102494
01-Aug-2026 01:53:50,-158.494813914088,-30.3878269675718,0,25,25,25,4,-30.3878269675718
01-Aug-2026 01:53:52,-158.764834215505,-30.6578472689893,0,25,25,25,4,-30.6578472689893
01-Aug-2026 01:53:54,-159.936432340913,-31.8294453943973,0,24,24,24,3,-31.8294453943973
01-Aug-2026 01:53:56,-160.622956240415,-32.5159692938994,0,24,24,24,2,-32.5159692938994
01-Aug-2026 01:53:58,-160.982211008101,-32.8752240615851,0,24,24,24,3,-32.8752240615851
01-Aug-2026 01:54:00,-160.262183651949,-32.1551967054326,0,24,24,24,5,-32.1551967054326
01-Aug-2026 01:54:02,-160.620263805172,-32.5132768586565,0,24,24,24,7,-32.5132768586565
01-Aug-2026 01:54:04,-160.566827081044,-32.4598401345284,0,24,24,24,6,-32.4598401345284
01-Aug-2026 01:54:06,-161.176355907731,-33.0693689612151,0,25,25,25,6,-33.0693689612151
01-Aug-2026 01:54:08,-161.089224033117,-32.9822370866012,0,25,25,25,6,-32.9822370866012
01-Aug-2026 01:54:10,-160.843135550054,-32.736148603538,0,25,25,25,8,-32.736148603538
01-Aug-2026 01:54:12,-161.009265104133,-32.9022781576169,0,25,25,25,8,-32.9022781576169
01-Aug-2026 01:54:14,-161.264155714321,-33.1571687678049,0,25,25,25,8,-33.1571687678049
01-Aug-2026 01:54:16,-161.254277224018,-33.147290277502,0,25,25,25,7,-33.147290277502
01-Aug-2026 01:54:18,-161.693489834167,-33.5865028876516,0,25,25,25,7,-33.5865028876516
01-Aug-2026 01:54:20,-161.639041819762,-33.5320548732458,0,26,26,26,7,-33.5320548732458
01-Aug-2026 01:54:22,-161.509420988329,-33.4024340418129,0,26,26,26,8,-33.4024340418129
01-Aug-2026 01:54:24,-161.467880300864,-33.3608933543485,0,26,26,26,8,-33.3608933543485
01-Aug-2026 01:54:26,-165.395674973838,-37.288688027322,0,26,26,26,7,-37.288688027322
01-Aug-2026 01:54:28,-168.335970646237,-40.2289836997214,0,26,26,26,6,-40.2289836997214
01-Aug-2026 01:54:30,-168.452331433013,-40.3453444864974,0,26,26,26,6,-40.3453444864974
01-Aug-2026 01:54:32,-168.693865866775,-40.5868789202594,0,26,26,26,6,-40.5868789202594
01-Aug-2026 01:54:34,-168.230243231303,-40.1232562847875,0,25,25,25,6,-40.1232562847875
01-Aug-2026 01:54:36,-167.795124332879,-39.6881373863629,0,25,25,25,6,-39.6881373863629
01-Aug-2026 01:54:38,-168.275546117135,-40.1685591706188,0,25,25,25,6,-40.1685591706188
01-Aug-2026 01:54:40,-167.309635520695,-39.2026485741794,0,24,24,24,6,-39.2026485741794
01-Aug-2026 01:54:42,-167.189435711699,-39.0824487651833,0,25,25,25,5,-39.0824487651833
01-Aug-2026 01:54:44,-166.931815968653,-38.8248290221373,0,25,25,25,4,-38.8248290221373
01-Aug-2026 01:54:46,-166.780711846205,-38.6737248996894,0,25,25,25,3,-38.6737248996894
01-Aug-2026 01:54:48,-166.188547403728,-38.0815604572126,0,25,25,25,3,-38.0815604572126
01-Aug-2026 01:54:50,-166.909063588227,-38.8020766417108,0,25,25,25,3,-38.8020766417108
01-Aug-2026 01:54:52,-166.103079023618,-37.9960920771022,0,25,25,25,3,-37.9960920771022
01-Aug-2026 01:54:54,-156.745330979951,-28.6383440334348,0,25,25,25,4,-28.6383440334348
01-Aug-2026 01:54:56,-156.853368746798,-28.7463818002818,0,25,25,25,5,-28.7463818002818
01-Aug-2026 01:54:58,-156.974943341315,-28.8679563947987,0,25,25,25,4,-28.8679563947987
01-Aug-2026 01:55:00,-156.401382203704,-28.2943952571881,0,26,26,26,4,-28.2943952571881
01-Aug-2026 01:55:02,-156.427925421472,-28.3209384749559,0,26,26,26,4,-28.3209384749559
01-Aug-2026 01:55:04,-156.241324445941,-28.134337499425,0,25,25,25,5,-28.134337499425
01-Aug-2026 01:55:06,-155.159937563358,-27.0529506168417,0,25,25,25,6,-27.0529506168417
01-Aug-2026 01:55:08,-154.586817481391,-26.4798305348753,0,25,25,25,6,-26.4798305348753
01-Aug-2026 01:55:10,-154.973773727613,-26.8667867810975,0,25,25,25,4,-26.8667867810975
01-Aug-2026 01:55:12,-159.399196172215,-31.2922092256989,0,25,25,25,3,-31.2922092256989
01-Aug-2026 01:55:14,-159.178788330223,-31.0718013837073,0,25,25,25,3,-31.0718013837073
01-Aug-2026 01:55:16,-158.990333444123,-30.8833464976074,0,25,25,25,3,-30.8833464976074
01-Aug-2026 01:55:18,-158.93198827459,-30.8250013280746,0,25,25,25,3,-30.8250013280746
01-Aug-2026 01:55:20,-158.447503758129,-30.3405168116135,0,25,25,25,4,-30.3405168116135
01-Aug-2026 01:55:22,-158.175733408096,-30.0687464615798,0,25,25,25,4,-30.0687464615798
01-Aug-2026 01:55:24,-158.012868417194,-29.9058814706777,0,25,25,25,4,-29.9058814706777
01-Aug-2026 01:55:26,-164.408383836082,-36.3013968895664,0,25,25,25,3,-36.3013968895664
01-Aug-2026 01:55:28,-164.38550009416,-36.2785131476443,0,25,25,25,4,-36.2785131476443
01-Aug-2026 01:55:30,-163.869368090388,-35.7623811438724,0,25,25,25,4,-35.7623811438724
01-Aug-2026 01:55:32,-163.90876073359,-35.8017737870746,0,25,25,25,4,-35.8017737870746
01-Aug-2026 01:55:34,-163.196383829897,-35.0893968833813,0,25,25,25,4,-35.0893968833813
01-Aug-2026 01:55:36,-162.919764510282,-34.8127775637661,0,25,25,25,5,-34.8127775637661
01-Aug-2026 01:55:38,-162.773298507707,-34.666311561191,0,25,25,25,5,-34.666311561191
01-Aug-2026 01:55:40,-162.460455866094,-34.3534689195778,0,25,25,25,6,-34.3534689195778
01-Aug-2026 01:55:42,-162.459106276762,-34.3521193302462,0,25,25,25,7,-34.3521193302462
01-Aug-2026 01:55:44,-162.26100189248,-34.1540149459642,0,26,26,26,8,-34.1540149459642
01-Aug-2026 01:55:46,-163.153920421144,-35.0469334746282,0,26,26,26,8,-35.0469334746282
01-Aug-2026 01:55:48,-163.258656624919,-35.1516696784031,0,26,26,26,10,-35.1516696784031
01-Aug-2026 01:55:50,-162.900628606775,-34.7936416602588,0,26,26,26,10,-34.7936416602588
01-Aug-2026 01:55:52,-162.501909789002,-34.3949228424858,0,26,26,26,9,-34.3949228424858
01-Aug-2026 01:55:54,-161.451883665616,-33.3448967191005,0,26,26,26,9,-33.3448967191005
01-Aug-2026 01:55:56,-161.438997806562,-33.3320108600466,0,26,26,26,8,-33.3320108600466
01-Aug-2026 01:55:58,-161.462712341216,-33.3557253946997,0,26,26,26,6,-33.3557253946997
01-Aug-2026 01:56:00,-160.870060927894,-32.7630739813778,0,26,26,26,6,-32.7630739813778
01-Aug-2026 01:56:02,-160.915549341244,-32.8085623947281,0,26,26,26,5,-32.8085623947281
01-Aug-2026 01:56:04,-151.592194553427,-23.4852076069108,0,26,26,26,5,-23.4852076069108
01-Aug-2026 01:56:06,-151.239089212782,-23.1321022662659,0,26,26,26,5,-23.1321022662659
01-Aug-2026 01:56:08,-150.773237273683,-22.6662503271667,0,26,26,26,6,-22.6662503271667
01-Aug-2026 01:56:10,-150.4229153335,-22.3159283869839,0,25,25,25,6,-22.3159283869839
01-Aug-2026 01:56:12,-149.727565136492,-21.6205781899763,0,26,26,26,7,-21.6205781899763
01-Aug-2026 01:56:14,-149.579363143961,-21.4723761974456,0,25,25,25,6,-21.4723761974456
01-Aug-2026 01:56:16,-149.981515398364,-21.8745284518479,0,25,25,25,7,-21.8745284518479
01-Aug-2026 01:56:18,-150.622142112407,-22.5151551658915,0,25,25,25,8,-22.5151551658915
01-Aug-2026 01:56:20,-150.498023799625,-22.3910368531091,0,25,25,25,8,-22.3910368531091
01-Aug-2026 01:56:22,-150.778110354414,-22.6711234078985,0,25,25,25,8,-22.6711234078985
01-Aug-2026 01:56:24,-150.486482092362,-22.3794951458462,0,25,25,25,8,-22.3794951458462
01-Aug-2026 01:56:26,-150.525885481267,-22.4188985347513,0,25,25,25,10,-22.4188985347513
01-Aug-2026 01:56:28,-150.570889958457,-22.4639030119408,0,25,25,25,10,-22.4639030119408
01-Aug-2026 01:56:30,-150.637796458018,-22.5308095115022,0,25,25,25,9,-22.5308095115022
01-Aug-2026 01:56:32,-150.993117857858,-22.8861309113419,0,25,25,25,11,-19.1418407685813
01-Aug-2026 01:56:34,-146.527413185809,-18.4204262392936,0,25,25,25,11,-18.4204262392936
01-Aug-2026 01:56:36,-144.472556052076,-16.3655691055599,0,26,26,26,12,-16.3655691055599
01-Aug-2026 01:56:38,-142.966389546691,-14.8594026001752,0,26,26,26,11,-14.8594026001752
01-Aug-2026 01:56:40,-151.565652462701,-23.4586655161848,0,26,26,26,9,-23.4586655161848
01-Aug-2026 01:56:42,-151.644036388643,-23.5370494421274,0,24,24,24,9,-23.5370494421274
01-Aug-2026 01:56:44,-151.776606074465,-23.6696191279492,0,25,25,25,9,-23.6696191279492
01-Aug-2026 01:56:46,-151.688842768189,-23.581855821673,0,25,25,25,9,-23.581855821673
01-Aug-2026 01:56:48,-151.703095012617,-23.5961080661008,0,25,25,25,9,-23.5961080661008
01-Aug-2026 01:56:50,-151.443227323121,-23.336240376605,0,25,25,25,9,-23.336240376605
01-Aug-2026 01:56:52,-152.13590573753,-24.0289187910143,0,25,25,25,8,-24.0289187910143
01-Aug-2026 01:56:54,-152.387586937255,-24.2805999907396,0,25,25,25,7,-24.2805999907396
01-Aug-2026 01:56:56,-152.665304009454,-24.5583170629384,0,25,25,25,8,-24.5583170629384
01-Aug-2026 01:56:58,-157.666946370742,-29.5599594242262,0,25,25,25,6,-29.5599594242262
01-Aug-2026 01:57:00,-172.863275558204,-44.7562886116881,0,25,25,25,6,-44.7562886116881
01-Aug-2026 01:57:02,-172.572090239148,-44.4651032926325,0,25,25,25,6,-44.4651032926325
01-Aug-2026 01:57:04,-166.164039424777,-38.0570524782616,0,25,25,25,6,-38.0570524782616
01-Aug-2026 01:57:06,-166.288564439674,-38.1815774931584,0,24,24,24,7,-38.1815774931584
01-Aug-2026 01:57:08,-172.087705476978,-43.9807185304623,0,24,24,24,7,-43.9807185304623
01-Aug-2026 01:57:10,-165.678957685645,-37.5719707391289,0,25,25,25,6,-37.5719707391289
01-Aug-2026 01:57:12,-172.103421326627,-43.9964343801109,0,25,25,25,6,-43.9964343801109
01-Aug-2026 01:57:14,-163.932623802717,-35.8256368562008,0,25,25,25,6,-35.8256368562008
01-Aug-2026 01:57:16,-164.175383216266,-36.0683962697506,0,25,25,25,7,-36.0683962697506
01-Aug-2026 01:57:18,-159.392467736848,-31.2854807903317,0,26,26,26,10,-31.2854807903317
01-Aug-2026 01:57:20,-159.278253262291,-31.1712663157747,0,26,26,26,9,-31.1712663157747
01-Aug-2026 01:57:22,-161.122273378723,-33.0152864322073,0,26,26,26,8,-33.0152864322073
01-Aug-2026 01:57:24,-161.752206336213,-33.6452193896973,0,26,26,26,7,-33.6452193896973
01-Aug-2026 01:57:26,-161.494176694543,-33.3871897480271,0,26,26,26,7,-33.3871897480271
01-Aug-2026 01:57:28,-161.4974046072,-33.3904176606844,0,26,26,26,7,-33.3904176606844
01-Aug-2026 01:57:30,-169.181673925961,-41.074686979445,0,26,26,26,6,-41.074686979445
01-Aug-2026 01:57:32,-168.331717079138,-40.2247301326225,0,25,25,25,6,-40.2247301326225
01-Aug-2026 01:57:34,-167.321158256687,-39.2141713101714,0,25,25,25,8,-39.2141713101714
01-Aug-2026 01:57:36,-167.461336395349,-39.3543494488335,0,25,25,25,8,-39.3543494488335
01-Aug-2026 01:57:38,-167.542987248247,-39.4360003017312,0,25,25,25,7,-39.4360003017312
01-Aug-2026 01:57:40,-166.700813347564,-38.5938264010477,0,24,24,24,7,-38.5938264010477
01-Aug-2026 01:57:42,-164.929852779863,-36.822865833347,0,24,24,24,9,-36.822865833347
01-Aug-2026 01:57:44,-164.543799871705,-36.4368129251889,0,24,24,24,9,-36.4368129251889
01-Aug-2026 01:57:46,-164.285940205634,-36.1789532591185,0,24,24,24,8,-36.1789532591185
01-Aug-2026 01:57:48,-164.1278357673,-36.0208488207846,0,24,24,24,8,-36.0208488207846
01-Aug-2026 01:57:50,-163.246179151577,-35.1391922050613,0,24,24,24,8,-35.1391922050613
01-Aug-2026 01:57:52,-162.187476600345,-34.0804896538288,0,24,24,24,8,-34.0804896538288
01-Aug-2026 01:57:54,-163.154287330013,-35.047300383497,0,24,24,24,8,-35.047300383497
01-Aug-2026 01:57:56,-162.885247755929,-34.7782608094126,0,25,25,25,6,-34.7782608094126
01-Aug-2026 01:57:58,-162.28578389956,-34.1787969530446,0,25,25,25,6,-34.1787969530446
01-Aug-2026 01:58:00,-163.665295260545,-35.5583083140289,0,25,25,25,5,-35.5583083140289
01-Aug-2026 01:58:02,-163.319843784044,-35.2128568375279,0,25,25,25,6,-35.2128568375279
01-Aug-2026 01:58:04,-163.075551122651,-34.9685641761354,0,25,25,25,5,-34.9685641761354
01-Aug-2026 01:58:06,-162.868247669104,-34.7612607225877,0,25,25,25,5,-34.7612607225877
01-Aug-2026 01:58:08,-177.776889281752,-49.669902335236,0,25,25,25,3,-49.669902335236
01-Aug-2026 01:58:10,-164.641765128061,-36.5347781815449,0,25,25,25,3,-36.5347781815449
01-Aug-2026 01:58:12,-178.628085149336,-50.5210982028206,0,26,26,26,2,-50.5210982028206
01-Aug-2026 01:58:14,-162.773307627418,-34.6663206809021,0,26,26,26,2,-34.6663206809021
01-Aug-2026 01:58:16,-162.44529340065,-34.3383064541346,0,26,26,26,2,-34.3383064541346
01-Aug-2026 01:58:18,-162.127924512509,-34.0209375659927,0,26,26,26,2,-34.0209375659927
01-Aug-2026 01:58:20,-162.326437830269,-34.219450883753,0,26,26,26,3,-34.219450883753
01-Aug-2026 01:58:22,-162.74070903037,-34.6337220838537,0,25,25,25,3,-34.6337220838537
01-Aug-2026 01:58:24,-163.539134549431,-35.4321476029151,0,25,25,25,3,-35.4321476029151
01-Aug-2026 01:58:26,-163.560248913138,-35.453261966622,0,25,25,25,3,-35.453261966622
01-Aug-2026 01:58:28,-164.343082830736,-36.2360958842197,0,25,25,25,3,-36.2360958842197
01-Aug-2026 01:58:30,-164.523286173697,-36.4162992271813,0,25,25,25,5,-36.4162992271813
01-Aug-2026 01:58:32,-164.604960767546,-36.4979738210298,0,25,25,25,6,-36.4979738210298
01-Aug-2026 01:58:34,-164.963039300936,-36.8560523544205,0,25,25,25,6,-36.8560523544205
01-Aug-2026 01:58:36,-165.661226980924,-37.554240034408,0,25,25,25,6,-37.554240034408
01-Aug-2026 01:58:38,-165.315546671712,-37.2085597251962,0,25,25,25,6,-37.2085597251962
01-Aug-2026 01:58:40,-161.055813680416,-32.9488267339001,0,25,25,25,6,-32.9488267339001
01-Aug-2026 01:58:42,-161.215846339147,-33.108859392631,0,25,25,25,5,-33.108859392631
01-Aug-2026 01:58:44,-160.926435924517,-32.8194489780012,0,25,25,25,5,-32.8194489780012
01-Aug-2026 01:58:46,-161.64649577773,-33.5395088312141,0,25,25,25,6,-33.5395088312141
01-Aug-2026 01:58:48,-161.718344573272,-33.6113576267564,0,25,25,25,6,-33.6113576267564
01-Aug-2026 01:58:50,-161.578572802703,-33.4715858561868,0,26,26,26,6,-33.4715858561868
01-Aug-2026 01:58:52,-161.613038322888,-33.5060513763718,0,25,25,25,5,-33.5060513763718
01-Aug-2026 01:58:54,-161.245039073761,-33.1380521272455,0,25,25,25,5,-33.1380521272455
01-Aug-2026 01:58:56,-160.981919511504,-32.8749325649881,0,25,25,25,5,-32.8749325649881
01-Aug-2026 01:58:58,-160.380321222189,-32.2733342756736,0,25,25,25,5,-32.2733342756736
01-Aug-2026 01:59:00,-159.81417542442,-31.7071884779046,0,25,25,25,5,-31.7071884779046
01-Aug-2026 01:59:02,-159.126529186329,-31.0195422398128,0,25,25,25,6,-31.0195422398128
01-Aug-2026 01:59:04,-166.909830183354,-38.8028432368385,0,25,25,25,5,-38.8028432368385
01-Aug-2026 01:59:06,-173.775654331362,-45.6686673848465,0,25,25,25,5,-45.6686673848465
01-Aug-2026 01:59:08,-174.270726657595,-46.1637397110788,0,25,25,25,4,-46.1637397110788
01-Aug-2026 01:59:10,-169.125105280692,-41.0181183341765,0,25,25,25,5,-41.0181183341765
01-Aug-2026 01:59:12,-169.306943034135,-41.1999560876195,0,25,25,25,5,-41.1999560876195
01-Aug-2026 01:59:14,-168.730071754155,-40.6230848076396,0,25,25,25,5,-40.6230848076396
01-Aug-2026 01:59:16,-169.18201874407,-41.0750317975541,0,25,25,25,5,-41.0750317975541
01-Aug-2026 01:59:18,-169.353581057727,-41.2465941112106,0,25,25,25,5,-41.2465941112106
01-Aug-2026 01:59:20,-169.055192616901,-40.9482056703853,0,25,25,25,5,-40.9482056703853
01-Aug-2026 01:59:22,-169.458444051633,-41.3514571051172,0,25,25,25,5,-41.3514571051172
01-Aug-2026 01:59:24,-168.813407323077,-40.7064203765611,0,25,25,25,4,-40.7064203765611
01-Aug-2026 01:59:26,-168.843680074878,-40.7366931283622,0,25,25,25,3,-40.7366931283622
01-Aug-2026 01:59:28,-168.843800823211,-40.7368138766953,0,25,25,25,2,-40.7368138766953
01-Aug-2026 01:59:30,-172.942850123629,-44.8358631771127,0,25,25,25,1,-44.8358631771127
01-Aug-2026 01:59:32,-173.956809900065,-45.8498229535487,0,25,25,25,1,-45.8498229535487
01-Aug-2026 01:59:34,-165.377136114337,-37.2701491678207,0,26,26,26,2,-37.2701491678207
01-Aug-2026 01:59:36,-164.727816143624,-36.6208291971084,0,26,26,26,2,-36.6208291971084
01-Aug-2026 01:59:38,-159.352911287844,-31.2459243413279,0,26,26,26,3,-31.2459243413279
01-Aug-2026 01:59:40,-158.777856406392,-30.6708694598757,0,26,26,26,2,-30.6708694598757
01-Aug-2026 01:59:42,-159.139760144285,-31.0327731977691,0,26,26,26,3,-31.0327731977691
01-Aug-2026 01:59:44,-158.371522006788,-30.2645350602718,0,26,26,26,3,-30.2645350602718
01-Aug-2026 01:59:46,-158.039027261133,-29.9320403146169,0,26,26,26,3,-29.9320403146169
01-Aug-2026 01:59:48,-157.845028291594,-29.7380413450783,0,26,26,26,3,-29.7380413450783
01-Aug-2026 01:59:50,-157.404436217611,-29.2974492710949,0,26,26,26,3,-29.2974492710949
01-Aug-2026 01:59:52,-184.288364396771,-56.1813774502556,0,26,26,26,1,-56.1813774502556
01-Aug-2026 01:59:54,-183.999928865207,-55.8929419186911,0,26,26,26,1,-55.8929419186911
01-Aug-2026 01:59:56,-183.3512004102,-55.2442134636846,0,26,26,26,2,-55.2442134636846
01-Aug-2026 01:59:58,-183.232585633437,-55.1255986869213,0,26,26,26,2,-55.1255986869213
01-Aug-2026 02:00:00,-183.672265183621,-55.5652782371049,0,27,27,27,2,-55.5652782371049
