OuterAngleDeg,InnerAngleDeg,WorstExceedancePercent,RobustExceedancePercent,MedianExceedancePercent,MaximumIOverNDb,P95IOverNDb,PracticalPercentileIOverNDb,RobustAvailabilityPercent,RetaskDutyPercent,ShutdownDutyPercent,Feasible,PracticalFeasible,Score,SearchStage
0,0,0.472091085809497,0.472091085809497,0.277700638711469,3.40755938424803,-18.518694953765,-0.619015498679915,99.5279089141905,0,0,0,0,0,coarse
0.5,0,0.472091085809497,0.472091085809497,0.277700638711469,3.40755938424803,-18.518694953765,-0.619015498679915,99.5279089141905,0.0117164616285882,0,0,0,0.5,coarse
0.5,0.5,0.472091085809497,0.472091085809497,0.277700638711469,3.40755938424803,-18.518694953765,-0.619015498679915,99.5279089141905,0,0.0117164616285882,0,0,1,coarse
1,0,0.472091085809497,0.472091085809497,0.277700638711469,3.40755938424803,-18.518694953765,-0.619015498679915,99.5279089141905,0.0117164616285882,0,0,0,1,coarse
1,0.5,0.472091085809497,0.472091085809497,0.277700638711469,3.40755938424803,-18.518694953765,-0.619015498679915,99.5279089141905,0.00561924027871432,0.0117164616285882,0,0,1.5,coarse
1,1,0.472091085809497,0.472091085809497,0.277700638711469,3.40755938424803,-18.518694953765,-0.619015498679915,99.5279089141905,0,0.0117164616285882,0,0,2,coarse
2,0,0.472091085809497,0.472091085809497,0.277700638711469,3.40755938424803,-18.518694953765,-0.619015498679915,99.5279089141905,0.0899078444594291,0,0,0,2,coarse
2,0.5,0.472091085809497,0.472091085809497,0.277700638711469,3.40755938424803,-18.518694953765,-0.619015498679915,99.5279089141905,0.0842886041807148,0.0117164616285882,0,0,2.5,coarse
2,1,0.472091085809497,0.472091085809497,0.277700638711469,3.40755938424803,-18.518694953765,-0.619015498679915,99.5279089141905,0.0786693639020005,0.0117164616285882,0,0,3,coarse
2,2,0.277700638711469,0.277700638711469,0.222160510969175,1.94397739657666,-18.614630659381,-0.619015498679915,99.7222993612885,0,0.0899078444594291,0,0,4,coarse
3,0,0.472091085809497,0.472091085809497,0.277700638711469,3.40755938424803,-18.518694953765,-0.619015498679915,99.5279089141905,0.162957968082715,0,0,0,3,coarse
3,0.5,0.472091085809497,0.472091085809497,0.277700638711469,3.40755938424803,-18.518694953765,-0.619015498679915,99.5279089141905,0.157338727804001,0.0117164616285882,0,0,3.5,coarse
3,1,0.472091085809497,0.472091085809497,0.277700638711469,3.40755938424803,-18.518694953765,-0.619015498679915,99.5279089141905,0.151719487525287,0.0117164616285882,0,0,4,coarse
3,2,0.277700638711469,0.277700638711469,0.222160510969175,1.94397739657666,-18.614630659381,-0.619015498679915,99.7222993612885,0.117164616285882,0.0899078444594291,0,0,5,coarse
3,3,0.194390447098028,0.194390447098028,0.138850319355735,1.94397739657666,-18.8686034399227,-0.619015498679915,99.805609552902,0,0.162957968082715,0,0,6,coarse
5,0,0.472091085809497,0.472091085809497,0.277700638711469,3.40755938424803,-18.518694953765,-0.619015498679915,99.5279089141905,0.460777702854574,0,0,0,5,coarse
5,0.5,0.472091085809497,0.472091085809497,0.277700638711469,3.40755938424803,-18.518694953765,-0.619015498679915,99.5279089141905,0.45515846257586,0.0117164616285882,0,0,5.5,coarse
5,1,0.472091085809497,0.472091085809497,0.277700638711469,3.40755938424803,-18.518694953765,-0.619015498679915,99.5279089141905,0.449539222297145,0.0117164616285882,0,0,6,coarse
5,2,0.277700638711469,0.277700638711469,0.222160510969175,1.94397739657666,-18.614630659381,-0.619015498679915,99.7222993612885,0.370869858395145,0.0899078444594291,0,0,7,coarse
5,3,0.194390447098028,0.194390447098028,0.138850319355735,1.94397739657666,-18.8686034399227,-0.619015498679915,99.805609552902,0.297819734771859,0.162957968082715,0,0,8,coarse
5,5,0.194390447098028,0.194390447098028,0.138850319355735,1.94397739657666,-19.4932185328844,-0.619015498679915,99.805609552902,0,0.460777702854574,0,0,10,coarse
10,0,0.472091085809497,0.472091085809497,0.277700638711469,3.40755938424803,-18.518694953765,-0.619015498679915,99.5279089141905,1.71268787137365,0,0,0,10,coarse
10,0.5,0.472091085809497,0.472091085809497,0.277700638711469,3.40755938424803,-18.518694953765,-0.619015498679915,99.5279089141905,1.71268787137365,0.0117164616285882,0,0,10.5,coarse
10,1,0.472091085809497,0.472091085809497,0.277700638711469,3.40755938424803,-18.518694953765,-0.619015498679915,99.5279089141905,1.71268787137365,0.0117164616285882,0,0,11,coarse
10,2,0.277700638711469,0.277700638711469,0.222160510969175,1.94397739657666,-18.614630659381,-0.619015498679915,99.7222993612885,1.67190958872189,0.0899078444594291,0,0,12,coarse
10,3,0.194390447098028,0.194390447098028,0.138850319355735,1.94397739657666,-18.8686034399227,-0.619015498679915,99.805609552902,1.59035302341839,0.162957968082715,0,0,13,coarse
10,5,0.194390447098028,0.194390447098028,0.138850319355735,1.94397739657666,-19.4932185328844,-0.619015498679915,99.805609552902,1.32238145170686,0.460777702854574,0,0,15,coarse
10,10,0.194390447098028,0.194390447098028,0.138850319355735,1.94397739657666,-21.7724224062275,-0.619015498679915,99.805609552902,0,1.71268787137365,0,0,20,coarse
15,0,0.472091085809497,0.472091085809497,0.277700638711469,3.40755938424803,-18.518694953765,-0.619015498679915,99.5279089141905,3.76907841081207,0,0,0,15,coarse
15,0.5,0.472091085809497,0.472091085809497,0.277700638711469,3.40755938424803,-18.518694953765,-0.619015498679915,99.5279089141905,3.76907841081207,0.0117164616285882,0,0,15.5,coarse
15,1,0.472091085809497,0.472091085809497,0.277700638711469,3.40755938424803,-18.518694953765,-0.619015498679915,99.5279089141905,3.76907841081207,0.0117164616285882,0,0,16,coarse
15,2,0.277700638711469,0.277700638711469,0.222160510969175,1.94397739657666,-18.614630659381,-0.619015498679915,99.7222993612885,3.72830012816032,0.0899078444594291,0,0,17,coarse
15,3,0.194390447098028,0.194390447098028,0.138850319355735,1.94397739657666,-18.8686034399227,-0.619015498679915,99.805609552902,3.64674356285681,0.162957968082715,0,0,18,coarse
15,5,0.194390447098028,0.194390447098028,0.138850319355735,1.94397739657666,-19.4932185328844,-0.619015498679915,99.805609552902,3.37877199114529,0.460777702854574,0,0,20,coarse
15,10,0.194390447098028,0.194390447098028,0.138850319355735,1.94397739657666,-21.7724224062275,-0.619015498679915,99.805609552902,2.18026522814116,1.71268787137365,0,0,25,coarse
15,15,0.194390447098028,0.194390447098028,0.138850319355735,1.94397739657666,-22.5261146849684,-0.619015498679915,99.805609552902,0,3.76907841081207,0,0,30,coarse
20,0,0.472091085809497,0.472091085809497,0.277700638711469,3.40755938424803,-18.518694953765,-0.619015498679915,99.5279089141905,6.76556529557204,0,0,0,20,coarse
20,0.5,0.472091085809497,0.472091085809497,0.277700638711469,3.40755938424803,-18.518694953765,-0.619015498679915,99.5279089141905,6.75994605529332,0.0117164616285882,0,0,20.5,coarse
20,1,0.472091085809497,0.472091085809497,0.277700638711469,3.40755938424803,-18.518694953765,-0.619015498679915,99.5279089141905,6.75432681501461,0.0117164616285882,0,0,21,coarse
20,2,0.277700638711469,0.277700638711469,0.222160510969175,1.94397739657666,-18.614630659381,-0.619015498679915,99.7222993612885,6.67565745111261,0.0899078444594291,0,0,22,coarse
20,3,0.194390447098028,0.194390447098028,0.138850319355735,1.94397739657666,-18.8686034399227,-0.619015498679915,99.805609552902,6.60260732748932,0.162957968082715,0,0,23,coarse
20,5,0.194390447098028,0.194390447098028,0.138850319355735,1.94397739657666,-19.4932185328844,-0.619015498679915,99.805609552902,6.30478759271746,0.460777702854574,0,0,25,coarse
20,10,0.194390447098028,0.194390447098028,0.138850319355735,1.94397739657666,-21.7724224062275,-0.619015498679915,99.805609552902,5.5742863564846,1.71268787137365,0,0,30,coarse
20,15,0.194390447098028,0.194390447098028,0.138850319355735,1.94397739657666,-22.5261146849684,-0.619015498679915,99.805609552902,3.49331713244228,3.76907841081207,0,0,35,coarse
20,20,0.194390447098028,0.194390447098028,0.138850319355735,1.94397739657666,-23.8528349781556,-0.619015498679915,99.805609552902,0,6.76556529557204,0,0,40,coarse
25,0,0.472091085809497,0.472091085809497,0.277700638711469,3.40755938424803,-18.518694953765,-0.619015498679915,99.5279089141905,11.5460794593965,0,0,0,25,coarse
25,0.5,0.472091085809497,0.472091085809497,0.277700638711469,3.40755938424803,-18.518694953765,-0.619015498679915,99.5279089141905,11.5460794593965,0.0117164616285882,0,0,25.5,coarse
25,1,0.472091085809497,0.472091085809497,0.277700638711469,3.40755938424803,-18.518694953765,-0.619015498679915,99.5279089141905,11.5460794593965,0.0117164616285882,0,0,26,coarse
25,2,0.277700638711469,0.277700638711469,0.222160510969175,1.94397739657666,-18.614630659381,-0.619015498679915,99.7222993612885,11.5249088699878,0.0899078444594291,0,0,27,coarse
25,3,0.194390447098028,0.194390447098028,0.138850319355735,1.94397739657666,-18.8686034399227,-0.619015498679915,99.805609552902,11.5006075334143,0.162957968082715,0,0,28,coarse
25,5,0.194390447098028,0.194390447098028,0.138850319355735,1.94397739657666,-19.4932185328844,-0.619015498679915,99.805609552902,11.2089914945322,0.460777702854574,0,0,30,coarse
25,10,0.194390447098028,0.194390447098028,0.138850319355735,1.94397739657666,-21.7724224062275,-0.619015498679915,99.805609552902,10.3402187120292,1.71268787137365,0,0,35,coarse
25,15,0.194390447098028,0.194390447098028,0.138850319355735,1.94397739657666,-22.5261146849684,-0.619015498679915,99.805609552902,9.11907654921021,3.76907841081207,0,0,40,coarse
25,20,0.194390447098028,0.194390447098028,0.138850319355735,1.94397739657666,-23.8528349781556,-0.619015498679915,99.805609552902,5.62575941676792,6.76556529557204,0,0,45,coarse
25,25,0.194390447098028,0.194390447098028,0.138850319355735,1.94397739657666,-25.8510659118386,-0.619015498679915,99.805609552902,0,11.5460794593965,0,0,50,coarse
30,0,0.472091085809497,0.472091085809497,0.277700638711469,3.40755938424803,-18.518694953765,-0.619015498679915,99.5279089141905,17.2492135616917,0,0,0,30,coarse
30,0.5,0.472091085809497,0.472091085809497,0.277700638711469,3.40755938424803,-18.518694953765,-0.619015498679915,99.5279089141905,17.2492135616917,0.0117164616285882,0,0,30.5,coarse
30,1,0.472091085809497,0.472091085809497,0.277700638711469,3.40755938424803,-18.518694953765,-0.619015498679915,99.5279089141905,17.2492135616917,0.0117164616285882,0,0,31,coarse
30,2,0.277700638711469,0.277700638711469,0.222160510969175,1.94397739657666,-18.614630659381,-0.619015498679915,99.7222993612885,17.20843527904,0.0899078444594291,0,0,32,coarse
30,3,0.194390447098028,0.194390447098028,0.138850319355735,1.94397739657666,-18.8686034399227,-0.619015498679915,99.805609552902,17.1268787137365,0.162957968082715,0,0,33,coarse
30,5,0.194390447098028,0.194390447098028,0.138850319355735,1.94397739657666,-19.4932185328844,-0.619015498679915,99.805609552902,16.8589071420249,0.460777702854574,0,0,35,coarse
30,10,0.194390447098028,0.194390447098028,0.138850319355735,1.94397739657666,-21.7724224062275,-0.619015498679915,99.805609552902,15.8930741190765,1.71268787137365,0,0,40,coarse
30,15,0.194390447098028,0.194390447098028,0.138850319355735,1.94397739657666,-22.5261146849684,-0.619015498679915,99.805609552902,14.6719319562576,3.76907841081207,0,0,45,coarse
30,20,0.194390447098028,0.194390447098028,0.138850319355735,1.94397739657666,-23.8528349781556,-0.619015498679915,99.805609552902,11.1786148238153,6.76556529557204,0,0,50,coarse
30,25,0.194390447098028,0.194390447098028,0.138850319355735,1.94397739657666,-25.8510659118386,-0.619015498679915,99.805609552902,5.70313410229523,11.5460794593965,0,0,55,coarse
30,30,0.194390447098028,0.194390447098028,0.138850319355735,1.94397739657666,-27.6431168503654,-0.619015498679915,99.805609552902,0,17.2492135616917,0,0,60,coarse
35,0,0.472091085809497,0.472091085809497,0.277700638711469,3.40755938424803,-18.4925334680676,-0.619015498679915,99.5279089141905,21.8590522478736,0,0,0,35,coarse
35,0.5,0.472091085809497,0.472091085809497,0.277700638711469,3.40755938424803,-18.4925334680676,-0.619015498679915,99.5279089141905,21.8590522478736,0.0117164616285882,0,0,35.5,coarse
35,1,0.472091085809497,0.472091085809497,0.277700638711469,3.40755938424803,-18.4925334680676,-0.619015498679915,99.5279089141905,21.8590522478736,0.0117164616285882,0,0,36,coarse
35,2,0.277700638711469,0.277700638711469,0.222160510969175,1.94397739657666,-18.5916999816008,-0.619015498679915,99.7222993612885,21.8590522478736,0.0899078444594291,0,0,37,coarse
35,3,0.194390447098028,0.194390447098028,0.138850319355735,1.94397739657666,-18.8609276102037,-0.619015498679915,99.805609552902,21.8347509113001,0.162957968082715,0,0,38,coarse
35,5,0.194390447098028,0.194390447098028,0.138850319355735,1.94397739657666,-19.4662924371784,-0.619015498679915,99.805609552902,21.543134872418,0.460777702854574,0,0,40,coarse
35,10,0.194390447098028,0.194390447098028,0.138850319355735,1.94397739657666,-21.7724224062275,-0.619015498679915,99.805609552902,20.6743620899149,1.71268787137365,0,0,45,coarse
35,15,0.194390447098028,0.194390447098028,0.138850319355735,1.94397739657666,-22.5261146849684,-0.619015498679915,99.805609552902,19.453219927096,3.76907841081207,0,0,50,coarse
35,20,0.194390447098028,0.194390447098028,0.138850319355735,1.94397739657666,-23.8528349781556,-0.619015498679915,99.805609552902,16.1862917398946,6.76556529557204,0,0,55,coarse
35,25,0.194390447098028,0.194390447098028,0.138850319355735,1.94397739657666,-25.8510659118386,-0.619015498679915,99.805609552902,10.9783245459871,11.5460794593965,0,0,60,coarse
35,30,0.194390447098028,0.194390447098028,0.138850319355735,1.94397739657666,-27.6431168503654,-0.619015498679915,99.805609552902,5.4481546572935,17.2492135616917,0,0,65,coarse
35,35,0.194390447098028,0.194390447098028,0.138850319355735,1.94397739657666,-29.8266865501492,-0.619015498679915,99.805609552902,0,21.8590522478736,0,0,70,coarse
40,0,0.472091085809497,0.472091085809497,0.277700638711469,3.40755938424803,-18.5575973852051,-0.619015498679915,99.5279089141905,27.0005858230814,0,0,0,40,coarse
40,0.5,0.472091085809497,0.472091085809497,0.277700638711469,3.40755938424803,-18.5575973852051,-0.619015498679915,99.5279089141905,26.9888693614528,0.0117164616285882,0,0,40.5,coarse
40,1,0.472091085809497,0.472091085809497,0.277700638711469,3.40755938424803,-18.5575973852051,-0.619015498679915,99.5279089141905,26.9888693614528,0.0117164616285882,0,0,41,coarse
40,2,0.277700638711469,0.277700638711469,0.222160510969175,1.94397739657666,-18.6657408910396,-0.619015498679915,99.7222993612885,26.97129466901,0.0899078444594291,0,0,42,coarse
40,3,0.194390447098028,0.194390447098028,0.138850319355735,1.94397739657666,-18.8905090057125,-0.619015498679915,99.805609552902,26.8541300527241,0.162957968082715,0,0,43,coarse
40,5,0.194390447098028,0.194390447098028,0.138850319355735,1.94397739657666,-19.5169110040706,-0.619015498679915,99.805609552902,26.6256590509666,0.460777702854574,0,0,45,coarse
40,10,0.194390447098028,0.194390447098028,0.138850319355735,1.94397739657666,-21.7946419445038,-0.619015498679915,99.805609552902,25.8465143526655,1.71268787137365,0,0,50,coarse
40,15,0.194390447098028,0.194390447098028,0.138850319355735,1.94397739657666,-22.5261146849684,-0.619015498679915,99.805609552902,24.124194493263,3.76907841081207,0,0,55,coarse
40,20,0.194390447098028,0.194390447098028,0.138850319355735,1.94397739657666,-23.8528349781556,-0.619015498679915,99.805609552902,21.6578793204452,6.76556529557204,0,0,60,coarse
40,25,0.194390447098028,0.194390447098028,0.138850319355735,1.94397739657666,-25.8510659118386,-0.619015498679915,99.805609552902,16.4499121265378,11.5460794593965,0,0,65,coarse
40,30,0.194390447098028,0.194390447098028,0.138850319355735,1.94397739657666,-27.6431168503654,-0.619015498679915,99.805609552902,10.9197422378442,17.2492135616917,0,0,70,coarse
40,35,0.194390447098028,0.194390447098028,0.138850319355735,1.94397739657666,-29.8266865501492,-0.619015498679915,99.805609552902,5.47158758055067,21.8590522478736,0,0,75,coarse
40,40,0.194390447098028,0.194390447098028,0.138850319355735,1.94397739657666,-32.9516849937982,-0.619015498679915,99.805609552902,0,27.0005858230814,0,0,80,coarse
45,0,0.472091085809497,0.472091085809497,0.263815606775896,3.40755938424803,-18.6777775767771,-0.634055502576374,99.5279089141905,32.2144112478032,0,0,0,45,coarse
45,0.5,0.472091085809497,0.472091085809497,0.263815606775896,3.40755938424803,-18.6822992784105,-0.634055502576374,99.5279089141905,32.2026947861746,0.0117164616285882,0,0,45.5,coarse
45,1,0.472091085809497,0.472091085809497,0.263815606775896,3.40755938424803,-18.6822992784105,-0.634055502576374,99.5279089141905,32.2026947861746,0.0117164616285882,0,0,46,coarse
45,2,0.277700638711469,0.277700638711469,0.208275479033602,1.94397739657666,-18.7141778759728,-2.49669807331373,99.7222993612885,32.1851200937317,0.0899078444594291,0,0,47,coarse
45,3,0.166620383226881,0.166620383226881,0.111080255484588,1.94397739657666,-19.0984856190617,-3.13189593081706,99.8333796167731,32.0679554774458,0.162957968082715,0,0,48,coarse
45,5,0.166620383226881,0.166620383226881,0.111080255484588,1.94397739657666,-19.5709719782325,-3.13189593081706,99.8333796167731,31.8394844756883,0.460777702854574,0,0,50,coarse
45,10,0.166620383226881,0.166620383226881,0.111080255484588,1.94397739657666,-21.8068257581715,-3.13189593081706,99.8333796167731,31.0603397773872,1.71268787137365,0,0,55,coarse
45,15,0.166620383226881,0.166620383226881,0.111080255484588,1.94397739657666,-22.5443360123706,-3.13421060361857,99.8333796167731,29.3380199179848,3.76907841081207,0,0,60,coarse
45,20,0.166620383226881,0.166620383226881,0.111080255484588,1.94397739657666,-23.8528349781556,-3.13421060361857,99.8333796167731,26.871704745167,6.76556529557204,0,0,65,coarse
45,25,0.166620383226881,0.166620383226881,0.111080255484588,1.94397739657666,-25.8510659118386,-3.13421060361857,99.8333796167731,21.6637375512595,11.5460794593965,0,0,70,coarse
45,30,0.166620383226881,0.166620383226881,0.111080255484588,1.94397739657666,-27.6431168503654,-3.17530003904098,99.8333796167731,16.1335676625659,17.2492135616917,0,0,75,coarse
45,35,0.166620383226881,0.166620383226881,0.111080255484588,1.94397739657666,-29.8266865501492,-3.17530003904098,99.8333796167731,10.6854130052724,21.8590522478736,0,0,80,coarse
45,40,0.166620383226881,0.166620383226881,0.111080255484588,1.94397739657666,-32.9516849937982,-3.17530003904098,99.8333796167731,5.21382542472173,27.0005858230814,0,0,85,coarse
45,45,0.166620383226881,0.166620383226881,0.111080255484588,1.94397739657666,-38.6123729204218,-3.17530003904098,99.8333796167731,0,32.2144112478032,0,0,90,coarse
50,0,0.472091085809497,0.472091085809497,0.236045542904749,3.40755938424803,-18.7044258649078,-0.634055502576374,99.5279089141905,36.0632688927944,0,0,0,50,coarse
50,0.5,0.472091085809497,0.472091085809497,0.236045542904749,3.40755938424803,-18.7044258649078,-0.634055502576374,99.5279089141905,36.0515524311658,0.0117164616285882,0,0,50.5,coarse
50,1,0.472091085809497,0.472091085809497,0.236045542904749,3.40755938424803,-18.7044258649078,-0.634055502576374,99.5279089141905,36.0515524311658,0.0117164616285882,0,0,51,coarse
50,2,0.249930574840322,0.249930574840322,0.194390447098028,0.0492904415484361,-18.7957426049456,-2.88199027396743,99.7500694251597,36.0339777387229,0.0899078444594291,0,0,52,coarse
50,3,0.111080255484588,0.111080255484588,0.0971952235490142,-2.16274927962297,-19.1482680637899,-5.61050941538,99.8889197445154,35.916813122437,0.162957968082715,0,0,53,coarse
50,5,0.111080255484588,0.111080255484588,0.0694251596778673,-2.16274927962297,-19.5992391813038,-5.61050941538,99.8889197445154,35.6883421206796,0.460777702854574,0,0,55,coarse
50,10,0.111080255484588,0.111080255484588,0.0694251596778673,-2.16549314357565,-21.8655464924488,-5.61050941538,99.8889197445154,34.9091974223784,1.71268787137365,0,0,60,coarse
50,15,0.111080255484588,0.111080255484588,0.0694251596778673,-2.16549314357565,-22.6037055354136,-5.61050941538,99.8889197445154,33.186877562976,3.76907841081207,0,0,65,coarse
50,20,0.111080255484588,0.111080255484588,0.0694251596778673,-2.16549314357565,-23.9462807674788,-5.61182922723413,99.8889197445154,30.7205623901582,6.76556529557204,0,0,70,coarse
50,25,0.111080255484588,0.111080255484588,0.0694251596778673,-2.16728835595188,-25.888097336051,-5.61182922723413,99.8889197445154,25.5125951962507,11.5460794593965,0,0,75,coarse
50,30,0.111080255484588,0.111080255484588,0.0694251596778673,-2.16728835595188,-27.8286564273672,-5.61182922723413,99.8889197445154,19.9824253075571,17.2492135616917,0,0,80,coarse
50,35,0.111080255484588,0.111080255484588,0.0694251596778673,-2.20625607021159,-29.9955799146022,-5.61182922723413,99.8889197445154,14.5342706502636,21.8590522478736,0,0,85,coarse
50,40,0.111080255484588,0.111080255484588,0.0694251596778673,-2.20625607021159,-33.1541411759683,-5.61182922723413,99.8889197445154,9.06268306971295,27.0005858230814,0,0,90,coarse
50,45,0.111080255484588,0.111080255484588,0.0694251596778673,-2.20628350018745,-38.6866878656218,-5.61182922723413,99.8889197445154,3.88851427287031,32.2144112478032,0,0,95,coarse
50,50,0.111080255484588,0.111080255484588,0.0694251596778673,-2.20628350018745,-43.2159929779552,-5.61182922723413,99.8889197445154,0,36.0632688927944,0,0,100,coarse
55,0,0.44432102193835,0.44432102193835,0.194390447098028,3.40755938424803,-18.7044258649078,-0.634055502576374,99.5556789780616,38.2132396016403,0,0,0,55,coarse
55,0.5,0.44432102193835,0.44432102193835,0.194390447098028,3.40755938424803,-18.7044258649078,-0.634055502576374,99.5556789780616,38.2015231400117,0.0117164616285882,0,0,55.5,coarse
55,1,0.44432102193835,0.44432102193835,0.194390447098028,3.40755938424803,-18.7044258649078,-0.634055502576374,99.5556789780616,38.2015231400117,0.0117164616285882,0,0,56,coarse
55,2,0.222160510969175,0.222160510969175,0.152735351291308,0.0492904415484361,-18.7957426049456,-2.88199027396743,99.7778394890308,38.1839484475688,0.0899078444594291,0,0,57,coarse
55,3,0.111080255484588,0.111080255484588,0.0416550958067204,-2.16274927962297,-19.1482680637899,-5.88364196708134,99.8889197445154,38.066783831283,0.162957968082715,0,0,58,coarse
55,5,0.111080255484588,0.111080255484588,0.0138850319355735,-2.16274927962297,-19.6707345305948,-6.12883884043613,99.8889197445154,37.8383128295255,0.460777702854574,0,0,60,coarse
55,10,0.111080255484588,0.111080255484588,0.0138850319355735,-2.16549314357565,-21.922272327142,-6.1370494656427,99.8889197445154,37.0591681312244,1.71268787137365,0,0,65,coarse
55,15,0.111080255484588,0.111080255484588,0.0138850319355735,-2.16549314357565,-22.6664724514388,-6.13793830251026,99.8889197445154,35.3368482718219,3.76907841081207,0,0,70,coarse
55,20,0.111080255484588,0.111080255484588,0.0138850319355735,-2.16549314357565,-24.1562390754455,-6.13793830251026,99.8889197445154,32.8705330990041,6.76556529557204,0,0,75,coarse
55,25,0.111080255484588,0.111080255484588,0.0138850319355735,-2.16728835595188,-26.0440256920129,-6.14201527511561,99.8889197445154,27.6625659050967,11.5460794593965,0,0,80,coarse
55,30,0.111080255484588,0.111080255484588,0.0138850319355735,-2.16728835595188,-28.1103516122269,-6.16171221565472,99.8889197445154,22.132396016403,17.2492135616917,0,0,85,coarse
55,35,0.111080255484588,0.111080255484588,0.0138850319355735,-2.20625607021159,-30.1657573573975,-6.24466210417148,99.8889197445154,16.6842413591095,21.8590522478736,0,0,90,coarse
55,40,0.111080255484588,0.111080255484588,0.0138850319355735,-2.20625607021159,-33.5894979699499,-6.24466210417148,99.8889197445154,11.2126537785589,27.0005858230814,0,0,95,coarse
55,45,0.111080255484588,0.111080255484588,0.0138850319355735,-2.20628350018745,-38.9679947368689,-6.24470386747642,99.8889197445154,6.16992582602832,32.2144112478032,0,0,100,coarse
55,50,0.111080255484588,0.111080255484588,0.0138850319355735,-2.20628350018745,-43.2159929779552,-6.24470386747642,99.8889197445154,2.50303766707169,36.0632688927944,0,0,105,coarse
55,55,0.111080255484588,0.111080255484588,0.0138850319355735,-2.20628350018745,-43.852784223949,-6.24470386747642,99.8889197445154,0,38.2132396016403,0,0,110,coarse
60,0,0.44432102193835,0.44432102193835,0.180505415162455,3.40755938424803,-18.7044258649078,-0.634055502576374,99.5556789780616,40.6912712360867,0,0,0,60,coarse
60,0.5,0.44432102193835,0.44432102193835,0.180505415162455,3.40755938424803,-18.7044258649078,-0.634055502576374,99.5556789780616,40.6795547744581,0.0117164616285882,0,0,60.5,coarse
60,1,0.44432102193835,0.44432102193835,0.180505415162455,3.40755938424803,-18.7044258649078,-0.634055502576374,99.5556789780616,40.6795547744581,0.0117164616285882,0,0,61,coarse
60,2,0.222160510969175,0.222160510969175,0.138850319355735,0.0492904415484361,-18.7957426049456,-2.93578046698473,99.7778394890308,40.6619800820152,0.0899078444594291,0,0,62,coarse
60,3,0.111080255484588,0.111080255484588,0.0277700638711469,-2.16274927962297,-19.1482680637899,-5.88364196708134,99.8889197445154,40.5448154657294,0.162957968082715,0,0,63,coarse
60,5,0.111080255484588,0.111080255484588,0,-2.16274927962297,-19.6707345305948,-6.12883884043613,99.8889197445154,40.3163444639719,0.460777702854574,0,0,65,coarse
60,10,0.111080255484588,0.111080255484588,0,-2.16549314357565,-21.9302775203432,-6.1370494656427,99.8889197445154,39.5371997656708,1.71268787137365,0,0,70,coarse
60,15,0.111080255484588,0.111080255484588,0,-2.16549314357565,-22.6889163711656,-6.13793830251026,99.8889197445154,37.8148799062683,3.76907841081207,0,0,75,coarse
60,20,0.111080255484588,0.111080255484588,0,-2.16549314357565,-24.2572826543984,-6.13793830251026,99.8889197445154,35.3485647334505,6.76556529557204,0,0,80,coarse
60,25,0.111080255484588,0.111080255484588,0,-2.16728835595188,-26.5711006383258,-6.14201527511561,99.8889197445154,30.1405975395431,11.5460794593965,0,0,85,coarse
60,30,0.111080255484588,0.111080255484588,0,-2.16728835595188,-28.2737278672968,-6.16171221565472,99.8889197445154,24.6104276508494,17.2492135616917,0,0,90,coarse
60,35,0.111080255484588,0.111080255484588,0,-2.20625607021159,-30.6406513775494,-6.24466210417148,99.8889197445154,19.1622729935559,21.8590522478736,0,0,95,coarse
60,40,0.111080255484588,0.111080255484588,0,-2.20625607021159,-33.9944410140816,-6.24466210417148,99.8889197445154,13.6906854130053,27.0005858230814,0,0,100,coarse
60,45,0.111080255484588,0.111080255484588,0,-2.20628350018745,-39.2074392543179,-6.24470386747642,99.8889197445154,9.13433531399278,32.2144112478032,0,0,105,coarse
60,50,0.111080255484588,0.111080255484588,0,-2.20628350018745,-43.2159929779552,-6.24470386747642,99.8889197445154,5.54584644063847,36.0632688927944,0,0,110,coarse
60,55,0.111080255484588,0.111080255484588,0,-2.20628350018745,-43.852784223949,-6.24470386747642,99.8889197445154,3.07584760573226,38.2132396016403,0,0,115,coarse
60,60,0.111080255484588,0.111080255484588,0,-2.20628350018745,-44.48262946667,-6.24470386747642,99.8889197445154,0,40.6912712360867,0,0,120,coarse
65,0,0.44432102193835,0.44432102193835,0.180505415162455,3.40755938424803,-18.7044258649078,-0.634055502576374,99.5556789780616,43.4563561804335,0,0,0,65,coarse
65,0.5,0.44432102193835,0.44432102193835,0.180505415162455,3.40755938424803,-18.7044258649078,-0.634055502576374,99.5556789780616,43.4446397188049,0.0117164616285882,0,0,65.5,coarse
65,1,0.44432102193835,0.44432102193835,0.180505415162455,3.40755938424803,-18.7044258649078,-0.634055502576374,99.5556789780616,43.4446397188049,0.0117164616285882,0,0,66,coarse
65,2,0.222160510969175,0.222160510969175,0.138850319355735,0.0492904415484361,-18.7957426049456,-2.93578046698473,99.7778394890308,43.427065026362,0.0899078444594291,0,0,67,coarse
65,3,0.111080255484588,0.111080255484588,0.0277700638711469,-2.16274927962297,-19.1482680637899,-5.88364196708134,99.8889197445154,43.3099004100762,0.162957968082715,0,0,68,coarse
65,5,0.111080255484588,0.111080255484588,0,-2.16274927962297,-19.6707345305948,-6.12883884043613,99.8889197445154,43.0814294083187,0.460777702854574,0,0,70,coarse
65,10,0.111080255484588,0.111080255484588,0,-2.16549314357565,-21.9302775203432,-6.1370494656427,99.8889197445154,42.3022847100176,1.71268787137365,0,0,75,coarse
65,15,0.111080255484588,0.111080255484588,0,-2.16549314357565,-22.7041184075845,-6.13793830251026,99.8889197445154,40.5799648506151,3.76907841081207,0,0,80,coarse
65,20,0.111080255484588,0.111080255484588,0,-2.16549314357565,-24.27738147395,-6.13793830251026,99.8889197445154,38.1136496777973,6.76556529557204,0,0,85,coarse
65,25,0.111080255484588,0.111080255484588,0,-2.16728835595188,-26.5971818972866,-6.14201527511561,99.8889197445154,32.9056824838899,11.5460794593965,0,0,90,coarse
65,30,0.111080255484588,0.111080255484588,0,-2.16728835595188,-28.3368068842043,-6.16171221565472,99.8889197445154,27.3755125951963,17.2492135616917,0,0,95,coarse
65,35,0.111080255484588,0.111080255484588,0,-2.20625607021159,-30.7601871576381,-6.24466210417148,99.8889197445154,21.9273579379028,21.8590522478736,0,0,100,coarse
65,40,0.111080255484588,0.111080255484588,0,-2.20625607021159,-34.3079317543704,-6.24466210417148,99.8889197445154,16.4557703573521,27.0005858230814,0,0,105,coarse
65,45,0.111080255484588,0.111080255484588,0,-2.20628350018745,-39.4907238927165,-6.24470386747642,99.8889197445154,12.2276593265758,32.2144112478032,0,0,110,coarse
65,50,0.111080255484588,0.111080255484588,0,-2.20628350018745,-43.2596364571304,-6.24470386747642,99.8889197445154,8.63917045322148,36.0632688927944,0,0,115,coarse
65,55,0.111080255484588,0.111080255484588,0,-2.20628350018745,-43.8979079624219,-6.24470386747642,99.8889197445154,6.16917161831527,38.2132396016403,0,0,120,coarse
65,60,0.111080255484588,0.111080255484588,0,-2.20628350018745,-44.48262946667,-6.24470386747642,99.8889197445154,3.09332401258301,40.6912712360867,0,0,125,coarse
65,65,0.111080255484588,0.111080255484588,0,-2.20628350018745,-44.7058650237016,-6.24470386747642,99.8889197445154,0,43.4563561804335,0,0,130,coarse
70,0,0.44432102193835,0.44432102193835,0.180505415162455,3.40755938424803,-18.7044258649078,-0.634055502576374,99.5556789780616,46.0339777387229,0,0,0,70,coarse
70,0.5,0.44432102193835,0.44432102193835,0.180505415162455,3.40755938424803,-18.7044258649078,-0.634055502576374,99.5556789780616,46.0222612770943,0.0117164616285882,0,0,70.5,coarse
70,1,0.44432102193835,0.44432102193835,0.180505415162455,3.40755938424803,-18.7044258649078,-0.634055502576374,99.5556789780616,46.0222612770943,0.0117164616285882,0,0,71,coarse
70,2,0.222160510969175,0.222160510969175,0.138850319355735,0.0492904415484361,-18.7957426049456,-2.93578046698473,99.7778394890308,46.0046865846514,0.0899078444594291,0,0,72,coarse
70,3,0.111080255484588,0.111080255484588,0.0277700638711469,-2.16274927962297,-19.1482680637899,-5.88364196708134,99.8889197445154,45.8875219683656,0.162957968082715,0,0,73,coarse
70,5,0.111080255484588,0.111080255484588,0,-2.16274927962297,-19.6707345305948,-6.12883884043613,99.8889197445154,45.6590509666081,0.460777702854574,0,0,75,coarse
70,10,0.111080255484588,0.111080255484588,0,-2.16549314357565,-21.9302775203432,-6.1370494656427,99.8889197445154,44.879906268307,1.71268787137365,0,0,80,coarse
70,15,0.111080255484588,0.111080255484588,0,-2.16549314357565,-22.7041184075845,-6.13793830251026,99.8889197445154,43.1575864089045,3.76907841081207,0,0,85,coarse
70,20,0.111080255484588,0.111080255484588,0,-2.16549314357565,-24.27738147395,-6.13793830251026,99.8889197445154,40.6912712360867,6.76556529557204,0,0,90,coarse
70,25,0.111080255484588,0.111080255484588,0,-2.16728835595188,-26.5971818972866,-6.14201527511561,99.8889197445154,35.4833040421793,11.5460794593965,0,0,95,coarse
70,30,0.111080255484588,0.111080255484588,0,-2.16728835595188,-28.3368068842043,-6.16171221565472,99.8889197445154,29.9531341534856,17.2492135616917,0,0,100,coarse
70,35,0.111080255484588,0.111080255484588,0,-2.20625607021159,-30.7601871576381,-6.24466210417148,99.8889197445154,24.5049794961921,21.8590522478736,0,0,105,coarse
70,40,0.111080255484588,0.111080255484588,0,-2.20625607021159,-34.3079317543704,-6.24466210417148,99.8889197445154,19.3580333216824,27.0005858230814,0,0,110,coarse
70,45,0.111080255484588,0.111080255484588,0,-2.20628350018745,-39.5193234726496,-6.24470386747642,99.8889197445154,15.3326342770593,32.2144112478032,0,0,115,coarse
70,50,0.111080255484588,0.111080255484588,0,-2.20628350018745,-43.2753486337109,-6.24470386747642,99.8889197445154,11.744145403705,36.0632688927944,0,0,120,coarse
70,55,0.111080255484588,0.111080255484588,0,-2.20628350018745,-43.8979079624219,-6.24470386747642,99.8889197445154,9.27414656879879,38.2132396016403,0,0,125,coarse
70,60,0.111080255484588,0.111080255484588,0,-2.20628350018745,-44.48262946667,-6.24470386747642,99.8889197445154,6.19829896306653,40.6912712360867,0,0,130,coarse
70,65,0.111080255484588,0.111080255484588,0,-2.20628350018745,-44.7058650237016,-6.24470386747642,99.8889197445154,3.27039784221173,43.4563561804335,0,0,135,coarse
70,70,0.111080255484588,0.111080255484588,0,-2.20628350018745,-45.0110704884421,-6.24470386747642,99.8889197445154,0,46.0339777387229,0,0,140,coarse
75,0,0.44432102193835,0.44432102193835,0.180505415162455,3.40755938424803,-18.7044258649078,-0.634055502576374,99.5556789780616,48.6467486818981,0,0,0,75,coarse
75,0.5,0.44432102193835,0.44432102193835,0.180505415162455,3.40755938424803,-18.7044258649078,-0.634055502576374,99.5556789780616,48.6350322202695,0.0117164616285882,0,0,75.5,coarse
75,1,0.44432102193835,0.44432102193835,0.180505415162455,3.40755938424803,-18.7044258649078,-0.634055502576374,99.5556789780616,48.6350322202695,0.0117164616285882,0,0,76,coarse
75,2,0.222160510969175,0.222160510969175,0.138850319355735,0.0492904415484361,-18.7957426049456,-2.93578046698473,99.7778394890308,48.6174575278266,0.0899078444594291,0,0,77,coarse
75,3,0.111080255484588,0.111080255484588,0.0277700638711469,-2.16274927962297,-19.1482680637899,-5.88364196708134,99.8889197445154,48.5002929115407,0.162957968082715,0,0,78,coarse
75,5,0.111080255484588,0.111080255484588,0,-2.16274927962297,-19.6707345305948,-6.12883884043613,99.8889197445154,48.2718219097832,0.460777702854574,0,0,80,coarse
75,10,0.111080255484588,0.111080255484588,0,-2.16549314357565,-21.9302775203432,-6.1370494656427,99.8889197445154,47.4926772114821,1.71268787137365,0,0,85,coarse
75,15,0.111080255484588,0.111080255484588,0,-2.16549314357565,-22.7041184075845,-6.13793830251026,99.8889197445154,45.7703573520797,3.76907841081207,0,0,90,coarse
75,20,0.111080255484588,0.111080255484588,0,-2.16549314357565,-24.27738147395,-6.13793830251026,99.8889197445154,43.3040421792619,6.76556529557204,0,0,95,coarse
75,25,0.111080255484588,0.111080255484588,0,-2.16728835595188,-26.5971818972866,-6.14201527511561,99.8889197445154,38.0960749853544,11.5460794593965,0,0,100,coarse
75,30,0.111080255484588,0.111080255484588,0,-2.16728835595188,-28.5429794314595,-6.16171221565472,99.8889197445154,32.5659050966608,17.2492135616917,0,0,105,coarse
75,35,0.111080255484588,0.111080255484588,0,-2.20625607021159,-30.7601871576381,-6.24466210417148,99.8889197445154,27.1915037086986,21.8590522478736,0,0,110,coarse
75,40,0.111080255484588,0.111080255484588,0,-2.20625607021159,-34.3079317543704,-6.24466210417148,99.8889197445154,22.915261856597,27.0005858230814,0,0,115,coarse
75,45,0.111080255484588,0.111080255484588,0,-2.20628350018745,-39.7092882897142,-6.24470386747642,99.8889197445154,18.195100022477,32.2144112478032,0,0,120,coarse
75,50,0.111080255484588,0.111080255484588,0,-2.20628350018745,-43.3127950272756,-6.24470386747642,99.8889197445154,14.3065857496067,36.0632688927944,0,0,125,coarse
75,55,0.111080255484588,0.111080255484588,0,-2.20628350018745,-43.8979079624219,-6.24470386747642,99.8889197445154,12.0251741964486,38.2132396016403,0,0,130,coarse
75,60,0.111080255484588,0.111080255484588,0,-2.20628350018745,-44.48262946667,-6.24470386747642,99.8889197445154,9.7718588446842,40.6912712360867,0,0,135,coarse
75,65,0.111080255484588,0.111080255484588,0,-2.20628350018745,-44.7058650237016,-6.24470386747642,99.8889197445154,6.93976174421218,43.4563561804335,0,0,140,coarse
75,70,0.111080255484588,0.111080255484588,0,-2.20628350018745,-45.0110704884421,-6.24470386747642,99.8889197445154,3.66936390200045,46.0339777387229,0,0,145,coarse
75,75,0.111080255484588,0.111080255484588,0,-2.20628350018745,-45.2630585918725,-6.24470386747642,99.8889197445154,0,48.6467486818981,0,0,150,coarse
80,0,0.44432102193835,0.44432102193835,0.180505415162455,3.40755938424803,-18.7044258649078,-0.634055502576374,99.5556789780616,52.7475102519039,0,0,0,80,coarse
80,0.5,0.44432102193835,0.44432102193835,0.180505415162455,3.40755938424803,-18.7044258649078,-0.634055502576374,99.5556789780616,52.7357937902753,0.0117164616285882,0,0,80.5,coarse
80,1,0.44432102193835,0.44432102193835,0.180505415162455,3.40755938424803,-18.7044258649078,-0.634055502576374,99.5556789780616,52.7357937902753,0.0117164616285882,0,0,81,coarse
80,2,0.222160510969175,0.222160510969175,0.138850319355735,0.0492904415484361,-18.7957426049456,-2.93578046698473,99.7778394890308,52.7182190978325,0.0899078444594291,0,0,82,coarse
80,3,0.111080255484588,0.111080255484588,0.0277700638711469,-2.16274927962297,-19.1482680637899,-5.88364196708134,99.8889197445154,52.6010544815466,0.162957968082715,0,0,83,coarse
80,5,0.111080255484588,0.111080255484588,0,-2.16274927962297,-19.6707345305948,-6.12883884043613,99.8889197445154,52.3725834797891,0.460777702854574,0,0,85,coarse
80,10,0.111080255484588,0.111080255484588,0,-2.16549314357565,-21.9302775203432,-6.1370494656427,99.8889197445154,51.593438781488,1.71268787137365,0,0,90,coarse
80,15,0.111080255484588,0.111080255484588,0,-2.16549314357565,-22.7041184075845,-6.13793830251026,99.8889197445154,49.8711189220855,3.76907841081207,0,0,95,coarse
80,20,0.111080255484588,0.111080255484588,0,-2.16549314357565,-24.27738147395,-6.13793830251026,99.8889197445154,47.4048037492677,6.76556529557204,0,0,100,coarse
80,25,0.111080255484588,0.111080255484588,0,-2.16728835595188,-26.5971818972866,-6.14201527511561,99.8889197445154,42.1968365553603,11.5460794593965,0,0,105,coarse
80,30,0.111080255484588,0.111080255484588,0,-2.16728835595188,-28.6457317107254,-6.16171221565472,99.8889197445154,36.6666666666667,17.2492135616917,0,0,110,coarse
80,35,0.111080255484588,0.111080255484588,0,-2.20625607021159,-30.7960654701826,-6.24466210417148,99.8889197445154,31.4958417621938,21.8590522478736,0,0,115,coarse
80,40,0.111080255484588,0.111080255484588,0,-2.20625607021159,-34.7895932918449,-6.24466210417148,99.8889197445154,27.2195999100922,27.0005858230814,0,0,120,coarse
80,45,0.111080255484588,0.111080255484588,0,-2.20628350018745,-39.9136244010072,-6.24470386747642,99.8889197445154,22.4994380759721,32.2144112478032,0,0,125,coarse
80,50,0.111080255484588,0.111080255484588,0,-2.20628350018745,-43.320295838252,-6.24470386747642,99.8889197445154,18.6109238031018,36.0632688927944,0,0,130,coarse
80,55,0.111080255484588,0.111080255484588,0,-2.20628350018745,-43.8979079624219,-6.24470386747642,99.8889197445154,16.3295122499438,38.2132396016403,0,0,135,coarse
80,60,0.111080255484588,0.111080255484588,0,-2.20628350018745,-44.48262946667,-6.24470386747642,99.8889197445154,14.0761968981794,40.6912712360867,0,0,140,coarse
80,65,0.111080255484588,0.111080255484588,0,-2.20628350018745,-44.7058650237016,-6.24470386747642,99.8889197445154,11.2440997977073,43.4563561804335,0,0,145,coarse
80,70,0.111080255484588,0.111080255484588,0,-2.20628350018745,-45.0110704884421,-6.24470386747642,99.8889197445154,7.97370195549562,46.0339777387229,0,0,150,coarse
80,75,0.111080255484588,0.111080255484588,0,-2.20628350018745,-45.2630585918725,-6.24470386747642,99.8889197445154,4.30433805349517,48.6467486818981,0,0,155,coarse
80,80,0.111080255484588,0.111080255484588,0,-2.2062876724232,-45.6233135248284,-6.24471376707534,99.8889197445154,0,52.7475102519039,0,0,160,coarse
85,0,0.44432102193835,0.44432102193835,0.180505415162455,3.40755938424803,-18.7044258649078,-0.634055502576374,99.5556789780616,56.6959578207381,0,0,0,85,coarse
85,0.5,0.44432102193835,0.44432102193835,0.180505415162455,3.40755938424803,-18.7044258649078,-0.634055502576374,99.5556789780616,56.6842413591095,0.0117164616285882,0,0,85.5,coarse
85,1,0.44432102193835,0.44432102193835,0.180505415162455,3.40755938424803,-18.7044258649078,-0.634055502576374,99.5556789780616,56.6842413591095,0.0117164616285882,0,0,86,coarse
85,2,0.222160510969175,0.222160510969175,0.138850319355735,0.0492904415484361,-18.7957426049456,-2.93578046698473,99.7778394890308,56.6666666666667,0.0899078444594291,0,0,87,coarse
85,3,0.111080255484588,0.111080255484588,0.0277700638711469,-2.16274927962297,-19.1482680637899,-5.88364196708134,99.8889197445154,56.5495020503808,0.162957968082715,0,0,88,coarse
85,5,0.111080255484588,0.111080255484588,0,-2.16274927962297,-19.6707345305948,-6.12883884043613,99.8889197445154,56.3210310486233,0.460777702854574,0,0,90,coarse
85,10,0.111080255484588,0.111080255484588,0,-2.16549314357565,-21.9302775203432,-6.1370494656427,99.8889197445154,55.5418863503222,1.71268787137365,0,0,95,coarse
85,15,0.111080255484588,0.111080255484588,0,-2.16549314357565,-22.7231114747512,-6.13793830251026,99.8889197445154,53.8195664909197,3.76907841081207,0,0,100,coarse
85,20,0.111080255484588,0.111080255484588,0,-2.16549314357565,-24.3199956999408,-6.13793830251026,99.8889197445154,51.3532513181019,6.76556529557204,0,0,105,coarse
85,25,0.111080255484588,0.111080255484588,0,-2.16728835595188,-26.7346404378304,-6.14201527511561,99.8889197445154,46.1452841241945,11.5460794593965,0,0,110,coarse
85,30,0.111080255484588,0.111080255484588,0,-2.16728835595188,-28.8387838610514,-6.16171221565472,99.8889197445154,40.6151142355009,17.2492135616917,0,0,115,coarse
85,35,0.111080255484588,0.111080255484588,0,-2.20625607021159,-31.1553758801382,-6.24466210417148,99.8889197445154,35.1669595782074,21.8590522478736,0,0,120,coarse
85,40,0.111080255484588,0.111080255484588,0,-2.20625607021159,-35.1897373254365,-6.24466210417148,99.8889197445154,30.6304787592717,27.0005858230814,0,0,125,coarse
85,45,0.111080255484588,0.111080255484588,0,-2.20628350018745,-40.0329353483298,-6.24470386747642,99.8889197445154,25.9103169251517,32.2144112478032,0,0,130,coarse
85,50,0.111080255484588,0.111080255484588,0,-2.20628350018745,-43.3712043700488,-6.24470386747642,99.8889197445154,22.0218026522814,36.0632688927944,0,0,135,coarse
85,55,0.111080255484588,0.111080255484588,0,-2.20628350018745,-43.9199233450395,-6.24470386747642,99.8889197445154,19.7403910991234,38.2132396016403,0,0,140,coarse
85,60,0.111080255484588,0.111080255484588,0,-2.20628350018745,-44.48262946667,-6.24470386747642,99.8889197445154,17.487075747359,40.6912712360867,0,0,145,coarse
85,65,0.111080255484588,0.111080255484588,0,-2.20628350018745,-44.7058650237016,-6.24470386747642,99.8889197445154,14.6549786468869,43.4563561804335,0,0,150,coarse
85,70,0.111080255484588,0.111080255484588,0,-2.20628350018745,-45.0110704884421,-6.24470386747642,99.8889197445154,11.3845808046752,46.0339777387229,0,0,155,coarse
85,75,0.111080255484588,0.111080255484588,0,-2.20628350018745,-45.2630585918725,-6.24470386747642,99.8889197445154,8.04920913884007,48.6467486818981,0,0,160,coarse
85,80,0.111080255484588,0.111080255484588,0,-2.2062876724232,-45.6233135248284,-6.24471376707534,99.8889197445154,3.94844756883421,52.7475102519039,0,0,165,coarse
85,85,0.111080255484588,0.111080255484588,0,-2.2062876724232,-46.1083629551405,-6.24471376707534,99.8889197445154,0,56.6959578207381,0,0,170,coarse
90,0,0.44432102193835,0.44432102193835,0.180505415162455,3.40755938424803,-18.7044258649078,-0.634055502576374,99.5556789780616,60.1288810779145,0,0,0,90,coarse
90,0.5,0.44432102193835,0.44432102193835,0.180505415162455,3.40755938424803,-18.7044258649078,-0.634055502576374,99.5556789780616,60.1171646162859,0.0117164616285882,0,0,90.5,coarse
90,1,0.44432102193835,0.44432102193835,0.180505415162455,3.40755938424803,-18.7044258649078,-0.634055502576374,99.5556789780616,60.1171646162859,0.0117164616285882,0,0,91,coarse
90,2,0.222160510969175,0.222160510969175,0.138850319355735,0.0492904415484361,-18.7957426049456,-2.93578046698473,99.7778394890308,60.099589923843,0.0899078444594291,0,0,92,coarse
90,3,0.111080255484588,0.111080255484588,0.0277700638711469,-2.16274927962297,-19.1482680637899,-5.88364196708134,99.8889197445154,59.9824253075571,0.162957968082715,0,0,93,coarse
90,5,0.111080255484588,0.111080255484588,0,-2.16274927962297,-19.6707345305948,-6.12883884043613,99.8889197445154,59.7539543057996,0.460777702854574,0,0,95,coarse
90,10,0.111080255484588,0.111080255484588,0,-2.16549314357565,-21.9302775203432,-6.1370494656427,99.8889197445154,58.9748096074985,1.71268787137365,0,0,100,coarse
90,15,0.111080255484588,0.111080255484588,0,-2.16549314357565,-22.7445697884402,-6.13793830251026,99.8889197445154,57.2524897480961,3.76907841081207,0,0,105,coarse
90,20,0.111080255484588,0.111080255484588,0,-2.16549314357565,-24.3523007818707,-6.13793830251026,99.8889197445154,54.7861745752783,6.76556529557204,0,0,110,coarse
90,25,0.111080255484588,0.111080255484588,0,-2.16728835595188,-26.7394550602371,-6.14201527511561,99.8889197445154,49.5782073813708,11.5460794593965,0,0,115,coarse
90,30,0.111080255484588,0.111080255484588,0,-2.16728835595188,-28.9765336578662,-6.16171221565472,99.8889197445154,44.0480374926772,17.2492135616917,0,0,120,coarse
90,35,0.111080255484588,0.111080255484588,0,-2.20625607021159,-31.351571134942,-6.24466210417148,99.8889197445154,38.5998828353837,21.8590522478736,0,0,125,coarse
90,40,0.111080255484588,0.111080255484588,0,-2.20625607021159,-35.1897373254365,-6.24466210417148,99.8889197445154,33.3164756124972,27.0005858230814,0,0,130,coarse
90,45,0.111080255484588,0.111080255484588,0,-2.20628350018745,-40.131084179639,-6.24470386747642,99.8889197445154,28.7606318347509,32.2144112478032,0,0,135,coarse
90,50,0.111080255484588,0.111080255484588,0,-2.20628350018745,-43.5278605183745,-6.24470386747642,99.8889197445154,25.224787363305,36.0632688927944,0,0,140,coarse
90,55,0.111080255484588,0.111080255484588,0,-2.20628350018745,-44.043833319176,-6.24470386747642,99.8889197445154,22.7217496962333,38.2132396016403,0,0,145,coarse
90,60,0.111080255484588,0.111080255484588,0,-2.20628350018745,-44.5621211257307,-6.24470386747642,99.8889197445154,20.1730726005844,40.6912712360867,0,0,150,coarse
90,65,0.111080255484588,0.111080255484588,0,-2.20628350018745,-44.8613365733328,-6.24470386747642,99.8889197445154,17.5455650060753,43.4563561804335,0,0,155,coarse
90,70,0.111080255484588,0.111080255484588,0,-2.20628350018745,-45.0688328298098,-6.24470386747642,99.8889197445154,14.6901579586877,46.0339777387229,0,0,160,coarse
90,75,0.111080255484588,0.111080255484588,0,-2.20628350018745,-45.3556458754234,-6.24470386747642,99.8889197445154,11.4821323960164,48.6467486818981,0,0,165,coarse
90,80,0.111080255484588,0.111080255484588,0,-2.2062876724232,-45.7041122537403,-6.24471376707534,99.8889197445154,7.38137082601054,52.7475102519039,0,0,170,coarse
90,85,0.111080255484588,0.111080255484588,0,-2.2062876724232,-46.1083629551405,-6.24471376707534,99.8889197445154,3.58444714459295,56.6959578207381,0,0,175,coarse
90,90,0.111080255484588,0.111080255484588,0,-2.20629718075773,-46.5548644807033,-6.24474162841128,99.8889197445154,0,60.1288810779145,0,0,180,coarse
95,0,0.44432102193835,0.44432102193835,0.180505415162455,3.40755938424803,-18.7044258649078,-0.634055502576374,99.5556789780616,63.5559461042765,0,0,0,95,coarse
95,0.5,0.44432102193835,0.44432102193835,0.180505415162455,3.40755938424803,-18.7044258649078,-0.634055502576374,99.5556789780616,63.5442296426479,0.0117164616285882,0,0,95.5,coarse
95,1,0.44432102193835,0.44432102193835,0.180505415162455,3.40755938424803,-18.7044258649078,-0.634055502576374,99.5556789780616,63.5442296426479,0.0117164616285882,0,0,96,coarse
95,2,0.222160510969175,0.222160510969175,0.138850319355735,0.0492904415484361,-18.7957426049456,-2.93578046698473,99.7778394890308,63.526654950205,0.0899078444594291,0,0,97,coarse
95,3,0.111080255484588,0.111080255484588,0.0277700638711469,-2.16274927962297,-19.1482680637899,-5.88364196708134,99.8889197445154,63.4094903339192,0.162957968082715,0,0,98,coarse
95,5,0.111080255484588,0.111080255484588,0,-2.16274927962297,-19.6707345305948,-6.12883884043613,99.8889197445154,63.1810193321617,0.460777702854574,0,0,100,coarse
95,10,0.111080255484588,0.111080255484588,0,-2.16549314357565,-21.9302775203432,-6.1370494656427,99.8889197445154,62.4018746338606,1.71268787137365,0,0,105,coarse
95,15,0.111080255484588,0.111080255484588,0,-2.16549314357565,-22.843600287781,-6.13793830251026,99.8889197445154,60.6795547744581,3.76907841081207,0,0,110,coarse
95,20,0.111080255484588,0.111080255484588,0,-2.16549314357565,-24.5301600098565,-6.13793830251026,99.8889197445154,58.2132396016403,6.76556529557204,0,0,115,coarse
95,25,0.111080255484588,0.111080255484588,0,-2.16728835595188,-26.8321850460403,-6.14201527511561,99.8889197445154,53.0052724077329,11.5460794593965,0,0,120,coarse
95,30,0.111080255484588,0.111080255484588,0,-2.16728835595188,-29.3407995582699,-6.16171221565472,99.8889197445154,47.4751025190392,17.2492135616917,0,0,125,coarse
95,35,0.111080255484588,0.111080255484588,0,-2.20625607021159,-31.5461222483892,-6.24466210417148,99.8889197445154,42.0269478617458,21.8590522478736,0,0,130,coarse
95,40,0.111080255484588,0.111080255484588,0,-2.20625607021159,-35.1897373254365,-6.24466210417148,99.8889197445154,36.5553602811951,27.0005858230814,0,0,135,coarse
95,45,0.111080255484588,0.111080255484588,0,-2.20628350018745,-40.6233214502568,-6.24470386747642,99.8889197445154,32.4362089914945,32.2144112478032,0,0,140,coarse
95,50,0.111080255484588,0.111080255484588,0,-2.20628350018745,-43.6138319166452,-6.24470386747642,99.8889197445154,28.9003645200486,36.0632688927944,0,0,145,coarse
95,55,0.111080255484588,0.111080255484588,0,-2.20628350018745,-44.2672825957105,-6.24470386747642,99.8889197445154,26.3973268529769,38.2132396016403,0,0,150,coarse
95,60,0.111080255484588,0.111080255484588,0,-2.20628350018745,-44.5911177820795,-6.24470386747642,99.8889197445154,23.8092345078979,40.6912712360867,0,0,155,coarse
95,65,0.111080255484588,0.111080255484588,0,-2.20628350018745,-44.971969794966,-6.24470386747642,99.8889197445154,21.221142162819,43.4563561804335,0,0,160,coarse
95,70,0.111080255484588,0.111080255484588,0,-2.20628350018745,-45.1816204273128,-6.24470386747642,99.8889197445154,18.3657351154313,46.0339777387229,0,0,165,coarse
95,75,0.111080255484588,0.111080255484588,0,-2.20628350018745,-45.5041354404232,-6.24470386747642,99.8889197445154,14.9878493317132,48.6467486818981,0,0,170,coarse
95,80,0.111080255484588,0.111080255484588,0,-2.2062876724232,-45.7641318439227,-6.24471376707534,99.8889197445154,10.8084358523726,52.7475102519039,0,0,175,coarse
95,85,0.111080255484588,0.111080255484588,0,-2.2062876724232,-46.1742528338544,-6.24471376707534,99.8889197445154,7.26002430133657,56.6959578207381,0,0,180,coarse
95,90,0.111080255484588,0.111080255484588,0,-2.20629718075773,-46.5811039136479,-6.24474162841128,99.8889197445154,3.67557715674362,60.1288810779145,0,0,185,coarse
95,95,0.111080255484588,0.111080255484588,0,-2.20629718075773,-47.0564831455284,-6.24474162841128,99.8889197445154,0,63.5559461042765,0,0,190,coarse
100,0,0.44432102193835,0.44432102193835,0.180505415162455,3.40755938424803,-18.7044258649078,-0.634055502576374,99.5556789780616,66.5202108963093,0,0,0,100,coarse
100,0.5,0.44432102193835,0.44432102193835,0.180505415162455,3.40755938424803,-18.7044258649078,-0.634055502576374,99.5556789780616,66.5084944346807,0.0117164616285882,0,0,100.5,coarse
100,1,0.44432102193835,0.44432102193835,0.180505415162455,3.40755938424803,-18.7044258649078,-0.634055502576374,99.5556789780616,66.5084944346807,0.0117164616285882,0,0,101,coarse
100,2,0.222160510969175,0.222160510969175,0.138850319355735,0.0492904415484361,-18.7957426049456,-2.93578046698473,99.7778394890308,66.4909197422378,0.0899078444594291,0,0,102,coarse
100,3,0.111080255484588,0.111080255484588,0.0277700638711469,-2.16274927962297,-19.1482680637899,-5.88364196708134,99.8889197445154,66.373755125952,0.162957968082715,0,0,103,coarse
100,5,0.111080255484588,0.111080255484588,0,-2.16274927962297,-19.6707345305948,-6.12883884043613,99.8889197445154,66.1452841241945,0.460777702854574,0,0,105,coarse
100,10,0.111080255484588,0.111080255484588,0,-2.16549314357565,-21.9302775203432,-6.1370494656427,99.8889197445154,65.3661394258934,1.71268787137365,0,0,110,coarse
100,15,0.111080255484588,0.111080255484588,0,-2.16549314357565,-22.8635708513568,-6.13793830251026,99.8889197445154,63.6438195664909,3.76907841081207,0,0,115,coarse
100,20,0.111080255484588,0.111080255484588,0,-2.16549314357565,-24.5877668508895,-6.13793830251026,99.8889197445154,61.1775043936731,6.76556529557204,0,0,120,coarse
100,25,0.111080255484588,0.111080255484588,0,-2.16728835595188,-26.8925173921558,-6.14201527511561,99.8889197445154,55.9695371997657,11.5460794593965,0,0,125,coarse
100,30,0.111080255484588,0.111080255484588,0,-2.16728835595188,-29.3407995582699,-6.16171221565472,99.8889197445154,50.4393673110721,17.2492135616917,0,0,130,coarse
100,35,0.111080255484588,0.111080255484588,0,-2.20625607021159,-31.5461222483892,-6.24466210417148,99.8889197445154,44.9912126537786,21.8590522478736,0,0,135,coarse
100,40,0.111080255484588,0.111080255484588,0,-2.20625607021159,-35.1996052562947,-6.24466210417148,99.8889197445154,39.5196250732279,27.0005858230814,0,0,140,coarse
100,45,0.111080255484588,0.111080255484588,0,-2.20628350018745,-40.786891774503,-6.24470386747642,99.8889197445154,35.5042527339004,32.2144112478032,0,0,145,coarse
100,50,0.111080255484588,0.111080255484588,0,-2.20628350018745,-43.8844229021154,-6.24470386747642,99.8889197445154,31.9684082624544,36.0632688927944,0,0,150,coarse
100,55,0.111080255484588,0.111080255484588,0,-2.20628350018745,-44.4651568889429,-6.24470386747642,99.8889197445154,29.4653705953827,38.2132396016403,0,0,155,coarse
100,60,0.111080255484588,0.111080255484588,0,-2.20628350018745,-44.752690537811,-6.24470386747642,99.8889197445154,26.8772782503038,40.6912712360867,0,0,160,coarse
100,65,0.111080255484588,0.111080255484588,0,-2.20628350018745,-45.1553999758832,-6.24470386747642,99.8889197445154,24.2891859052248,43.4563561804335,0,0,165,coarse
100,70,0.111080255484588,0.111080255484588,0,-2.20628350018745,-45.3980429653876,-6.24470386747642,99.8889197445154,21.4337788578372,46.0339777387229,0,0,170,coarse
100,75,0.111080255484588,0.111080255484588,0,-2.20628350018745,-45.6558531464903,-6.24470386747642,99.8889197445154,18.0558930741191,48.6467486818981,0,0,175,coarse
100,80,0.111080255484588,0.111080255484588,0,-2.2062876724232,-45.9527955625409,-6.24471376707534,99.8889197445154,13.8274605103281,52.7475102519039,0,0,180,coarse
100,85,0.111080255484588,0.111080255484588,0,-2.2062876724232,-46.2493545301051,-6.24471376707534,99.8889197445154,10.3280680437424,56.6959578207381,0,0,185,coarse
100,90,0.111080255484588,0.111080255484588,0,-2.20629718075773,-46.6113558913138,-6.24474162841128,99.8889197445154,6.74362089914945,60.1288810779145,0,0,190,coarse
100,95,0.111080255484588,0.111080255484588,0,-2.20629718075773,-47.0564831455284,-6.24474162841128,99.8889197445154,3.06804374240583,63.5559461042765,0,0,195,coarse
100,100,0.111080255484588,0.111080255484588,0,-2.20629898812874,-47.9027346599832,-6.24474611389817,99.8889197445154,0,66.5202108963093,0,0,200,coarse
105,0,0.44432102193835,0.44432102193835,0.180505415162455,3.40755938424803,-18.715233676581,-0.634055502576374,99.5556789780616,69.4083186877563,0,0,0,105,coarse
105,0.5,0.44432102193835,0.44432102193835,0.180505415162455,3.40755938424803,-18.715233676581,-0.634055502576374,99.5556789780616,69.3966022261277,0.0117164616285882,0,0,105.5,coarse
105,1,0.44432102193835,0.44432102193835,0.180505415162455,3.40755938424803,-18.715233676581,-0.634055502576374,99.5556789780616,69.3966022261277,0.0117164616285882,0,0,106,coarse
105,2,0.222160510969175,0.222160510969175,0.138850319355735,0.0492904415484361,-18.7957426049456,-2.93578046698473,99.7778394890308,69.3790275336848,0.0899078444594291,0,0,107,coarse
105,3,0.111080255484588,0.111080255484588,0.0277700638711469,-2.16274927962297,-19.1482680637899,-5.88364196708134,99.8889197445154,69.2618629173989,0.162957968082715,0,0,108,coarse
105,5,0.111080255484588,0.111080255484588,0,-2.16274927962297,-19.6707345305948,-6.12883884043613,99.8889197445154,69.0333919156415,0.460777702854574,0,0,110,coarse
105,10,0.111080255484588,0.111080255484588,0,-2.16549314357565,-21.9302775203432,-6.1370494656427,99.8889197445154,68.2542472173404,1.71268787137365,0,0,115,coarse
105,15,0.111080255484588,0.111080255484588,0,-2.16549314357565,-22.8635708513568,-6.13793830251026,99.8889197445154,66.7496962332928,3.76907841081207,0,0,120,coarse
105,20,0.111080255484588,0.111080255484588,0,-2.16549314357565,-24.5877668508895,-6.13793830251026,99.8889197445154,64.0656121851201,6.76556529557204,0,0,125,coarse
105,25,0.111080255484588,0.111080255484588,0,-2.16728835595188,-26.8925173921558,-6.14201527511561,99.8889197445154,58.8576449912127,11.5460794593965,0,0,130,coarse
105,30,0.111080255484588,0.111080255484588,0,-2.16728835595188,-29.3407995582699,-6.16171221565472,99.8889197445154,53.327475102519,17.2492135616917,0,0,135,coarse
105,35,0.111080255484588,0.111080255484588,0,-2.20625607021159,-31.5461222483892,-6.24466210417148,99.8889197445154,47.8793204452255,21.8590522478736,0,0,140,coarse
105,40,0.111080255484588,0.111080255484588,0,-2.20625607021159,-35.1996052562947,-6.24466210417148,99.8889197445154,43.0255164034022,27.0005858230814,0,0,145,coarse
105,45,0.111080255484588,0.111080255484588,0,-2.20628350018745,-40.786891774503,-6.24470386747642,99.8889197445154,39.501822600243,32.2144112478032,0,0,150,coarse
105,50,0.111080255484588,0.111080255484588,0,-2.20628350018745,-43.9006843870657,-6.24470386747642,99.8889197445154,35.9659781287971,36.0632688927944,0,0,155,coarse
105,55,0.111080255484588,0.111080255484588,0,-2.20628350018745,-44.4651568889429,-6.24470386747642,99.8889197445154,33.4629404617254,38.2132396016403,0,0,160,coarse
105,60,0.111080255484588,0.111080255484588,0,-2.20628350018745,-44.752690537811,-6.24470386747642,99.8889197445154,30.8748481166464,40.6912712360867,0,0,165,coarse
105,65,0.111080255484588,0.111080255484588,0,-2.20628350018745,-45.1553999758832,-6.24470386747642,99.8889197445154,28.2867557715674,43.4563561804335,0,0,170,coarse
105,70,0.111080255484588,0.111080255484588,0,-2.20628350018745,-45.3980429653876,-6.24470386747642,99.8889197445154,25.4313487241798,46.0339777387229,0,0,175,coarse
105,75,0.111080255484588,0.111080255484588,0,-2.20628350018745,-45.6558531464903,-6.24470386747642,99.8889197445154,22.0534629404617,48.6467486818981,0,0,180,coarse
105,80,0.111080255484588,0.111080255484588,0,-2.2062876724232,-45.9527955625409,-6.24471376707534,99.8889197445154,17.8250303766707,52.7475102519039,0,0,185,coarse
105,85,0.111080255484588,0.111080255484588,0,-2.2062876724232,-46.2493545301051,-6.24471376707534,99.8889197445154,14.3256379100851,56.6959578207381,0,0,190,coarse
105,90,0.111080255484588,0.111080255484588,0,-2.20629718075773,-46.6113558913138,-6.24474162841128,99.8889197445154,10.7411907654921,60.1288810779145,0,0,195,coarse
105,95,0.111080255484588,0.111080255484588,0,-2.20629718075773,-47.0564831455284,-6.24474162841128,99.8889197445154,7.06561360874848,63.5559461042765,0,0,200,coarse
105,100,0.111080255484588,0.111080255484588,0,-2.20629898812874,-47.9027346599832,-6.24474611389817,99.8889197445154,3.99756986634265,66.5202108963093,0,0,205,coarse
105,105,0.111080255484588,0.111080255484588,0,-2.20629898812874,-48.4322947292551,-6.24474611389817,99.8889197445154,0,69.4083186877563,0,0,210,coarse
110,0,0.44432102193835,0.44432102193835,0.180505415162455,3.40755938424803,-18.715233676581,-0.634055502576374,99.5556789780616,72.8311057108141,0,0,0,110,coarse
110,0.5,0.44432102193835,0.44432102193835,0.180505415162455,3.40755938424803,-18.715233676581,-0.634055502576374,99.5556789780616,72.8311057108141,0.0117164616285882,0,0,110.5,coarse
110,1,0.44432102193835,0.44432102193835,0.180505415162455,3.40755938424803,-18.715233676581,-0.634055502576374,99.5556789780616,72.8311057108141,0.0117164616285882,0,0,111,coarse
110,2,0.222160510969175,0.222160510969175,0.138850319355735,0.0492904415484361,-18.7957426049456,-2.93578046698473,99.7778394890308,72.8311057108141,0.0899078444594291,0,0,112,coarse
110,3,0.111080255484588,0.111080255484588,0.0277700638711469,-2.16274927962297,-19.1482680637899,-5.88364196708134,99.8889197445154,72.8068043742406,0.162957968082715,0,0,113,coarse
110,5,0.111080255484588,0.111080255484588,0,-2.16274927962297,-19.6707345305948,-6.12883884043613,99.8889197445154,72.5151883353584,0.460777702854574,0,0,115,coarse
110,10,0.111080255484588,0.111080255484588,0,-2.16549314357565,-21.9302775203432,-6.1370494656427,99.8889197445154,71.6464155528554,1.71268787137365,0,0,120,coarse
110,15,0.111080255484588,0.111080255484588,0,-2.16549314357565,-22.8635708513568,-6.13793830251026,99.8889197445154,70.4252733900365,3.76907841081207,0,0,125,coarse
110,20,0.111080255484588,0.111080255484588,0,-2.16549314357565,-24.5877668508895,-6.13793830251026,99.8889197445154,67.1646162858817,6.76556529557204,0,0,130,coarse
110,25,0.111080255484588,0.111080255484588,0,-2.16728835595188,-26.8925173921558,-6.14201527511561,99.8889197445154,61.9566490919742,11.5460794593965,0,0,135,coarse
110,30,0.111080255484588,0.111080255484588,0,-2.16728835595188,-29.3677737090889,-6.16171221565472,99.8889197445154,56.4264792032806,17.2492135616917,0,0,140,coarse
110,35,0.111080255484588,0.111080255484588,0,-2.20625607021159,-31.5461222483892,-6.24466210417148,99.8889197445154,50.9783245459871,21.8590522478736,0,0,145,coarse
110,40,0.111080255484588,0.111080255484588,0,-2.20625607021159,-35.3161562423131,-6.24466210417148,99.8889197445154,46.7010935601458,27.0005858230814,0,0,150,coarse
110,45,0.111080255484588,0.111080255484588,0,-2.20628350018745,-40.9009774018818,-6.24470386747642,99.8889197445154,43.1773997569866,32.2144112478032,0,0,155,coarse
110,50,0.111080255484588,0.111080255484588,0,-2.20628350018745,-43.9275868714581,-6.24470386747642,99.8889197445154,39.6415552855407,36.0632688927944,0,0,160,coarse
110,55,0.111080255484588,0.111080255484588,0,-2.20628350018745,-44.5093972920797,-6.24470386747642,99.8889197445154,37.138517618469,38.2132396016403,0,0,165,coarse
110,60,0.111080255484588,0.111080255484588,0,-2.20628350018745,-44.8577611734062,-6.24470386747642,99.8889197445154,34.55042527339,40.6912712360867,0,0,170,coarse
110,65,0.111080255484588,0.111080255484588,0,-2.20628350018745,-45.2628646487275,-6.24470386747642,99.8889197445154,31.9623329283111,43.4563561804335,0,0,175,coarse
110,70,0.111080255484588,0.111080255484588,0,-2.20628350018745,-45.5041354404232,-6.24470386747642,99.8889197445154,29.1069258809235,46.0339777387229,0,0,180,coarse
110,75,0.111080255484588,0.111080255484588,0,-2.20628350018745,-45.7020806724505,-6.24470386747642,99.8889197445154,25.7290400972053,48.6467486818981,0,0,185,coarse
110,80,0.111080255484588,0.111080255484588,0,-2.2062876724232,-46.0052919459717,-6.24471376707534,99.8889197445154,21.5006075334143,52.7475102519039,0,0,190,coarse
110,85,0.111080255484588,0.111080255484588,0,-2.2062876724232,-46.3651186537949,-6.24471376707534,99.8889197445154,18.0012150668287,56.6959578207381,0,0,195,coarse
110,90,0.111080255484588,0.111080255484588,0,-2.20629718075773,-46.6384308237092,-6.24474162841128,99.8889197445154,14.4167679222357,60.1288810779145,0,0,200,coarse
110,95,0.111080255484588,0.111080255484588,0,-2.20629718075773,-47.1998773961413,-6.24474162841128,99.8889197445154,10.7411907654921,63.5559461042765,0,0,205,coarse
110,100,0.111080255484588,0.111080255484588,0,-2.20629898812874,-47.9544783942129,-6.24474611389817,99.8889197445154,7.67314702308627,66.5202108963093,0,0,210,coarse
110,105,0.111080255484588,0.111080255484588,0,-2.20629898812874,-48.4322947292551,-6.24474611389817,99.8889197445154,3.67557715674362,69.4083186877563,0,0,215,coarse
110,110,0.111080255484588,0.111080255484588,0,-2.20629898812874,-48.7704645374967,-6.24474958095963,99.8889197445154,0,72.8311057108141,0,0,220,coarse
115,0,0.44432102193835,0.44432102193835,0.180505415162455,3.40755938424803,-18.715233676581,-0.634055502576374,99.5556789780616,76.0388821385176,0,0,0,115,coarse
115,0.5,0.44432102193835,0.44432102193835,0.180505415162455,3.40755938424803,-18.715233676581,-0.634055502576374,99.5556789780616,76.0388821385176,0.0117164616285882,0,0,115.5,coarse
115,1,0.44432102193835,0.44432102193835,0.180505415162455,3.40755938424803,-18.715233676581,-0.634055502576374,99.5556789780616,76.0388821385176,0.0117164616285882,0,0,116,coarse
115,2,0.222160510969175,0.222160510969175,0.138850319355735,0.0492904415484361,-18.7957426049456,-2.93578046698473,99.7778394890308,76.0388821385176,0.0899078444594291,0,0,117,coarse
115,3,0.111080255484588,0.111080255484588,0.0277700638711469,-2.16274927962297,-19.1482680637899,-5.88364196708134,99.8889197445154,76.0145808019441,0.162957968082715,0,0,118,coarse
115,5,0.111080255484588,0.111080255484588,0,-2.16274927962297,-19.6707345305948,-6.12883884043613,99.8889197445154,75.722964763062,0.460777702854574,0,0,120,coarse
115,10,0.111080255484588,0.111080255484588,0,-2.16549314357565,-21.9302775203432,-6.1370494656427,99.8889197445154,74.8541919805589,1.71268787137365,0,0,125,coarse
115,15,0.111080255484588,0.111080255484588,0,-2.16549314357565,-22.8635708513568,-6.13793830251026,99.8889197445154,73.63304981774,3.76907841081207,0,0,130,coarse
115,20,0.111080255484588,0.111080255484588,0,-2.16549314357565,-24.5877668508895,-6.13793830251026,99.8889197445154,70.6502636203866,6.76556529557204,0,0,135,coarse
115,25,0.111080255484588,0.111080255484588,0,-2.16728835595188,-26.8925173921558,-6.14201527511561,99.8889197445154,65.4422964264792,11.5460794593965,0,0,140,coarse
115,30,0.111080255484588,0.111080255484588,0,-2.16728835595188,-29.3677737090889,-6.16171221565472,99.8889197445154,59.9121265377856,17.2492135616917,0,0,145,coarse
115,35,0.111080255484588,0.111080255484588,0,-2.20625607021159,-31.5461222483892,-6.24466210417148,99.8889197445154,54.4639718804921,21.8590522478736,0,0,150,coarse
115,40,0.111080255484588,0.111080255484588,0,-2.20625607021159,-35.6739218999085,-6.24466210417148,99.8889197445154,49.9088699878493,27.0005858230814,0,0,155,coarse
115,45,0.111080255484588,0.111080255484588,0,-2.20628350018745,-40.9009774018818,-6.24470386747642,99.8889197445154,46.3851761846902,32.2144112478032,0,0,160,coarse
115,50,0.111080255484588,0.111080255484588,0,-2.20628350018745,-43.9373861686864,-6.24470386747642,99.8889197445154,42.8493317132442,36.0632688927944,0,0,165,coarse
115,55,0.111080255484588,0.111080255484588,0,-2.20628350018745,-44.5303937398098,-6.24470386747642,99.8889197445154,40.3462940461725,38.2132396016403,0,0,170,coarse
115,60,0.111080255484588,0.111080255484588,0,-2.20628350018745,-44.8637067187029,-6.24470386747642,99.8889197445154,37.7582017010936,40.6912712360867,0,0,175,coarse
115,65,0.111080255484588,0.111080255484588,0,-2.20628350018745,-45.2949777237991,-6.24470386747642,99.8889197445154,35.1701093560146,43.4563561804335,0,0,180,coarse
115,70,0.111080255484588,0.111080255484588,0,-2.20628350018745,-45.5439916911708,-6.24470386747642,99.8889197445154,32.314702308627,46.0339777387229,0,0,185,coarse
115,75,0.111080255484588,0.111080255484588,0,-2.20628350018745,-45.7210109354968,-6.24470386747642,99.8889197445154,28.9368165249089,48.6467486818981,0,0,190,coarse
115,80,0.111080255484588,0.111080255484588,0,-2.2062876724232,-46.0274514083229,-6.24471376707534,99.8889197445154,24.7083839611179,52.7475102519039,0,0,195,coarse
115,85,0.111080255484588,0.111080255484588,0,-2.2062876724232,-46.3687977337824,-6.24471376707534,99.8889197445154,21.2089914945322,56.6959578207381,0,0,200,coarse
115,90,0.111080255484588,0.111080255484588,0,-2.20629718075773,-46.7132226166159,-6.24474162841128,99.8889197445154,17.6245443499392,60.1288810779145,0,0,205,coarse
115,95,0.111080255484588,0.111080255484588,0,-2.20629718075773,-47.2074336268353,-6.24474162841128,99.8889197445154,13.9489671931956,63.5559461042765,0,0,210,coarse
115,100,0.111080255484588,0.111080255484588,0,-2.20629898812874,-47.9544783942129,-6.24474611389817,99.8889197445154,10.8809234507898,66.5202108963093,0,0,215,coarse
115,105,0.111080255484588,0.111080255484588,0,-2.20629898812874,-48.4322947292551,-6.24474611389817,99.8889197445154,6.88335358444714,69.4083186877563,0,0,220,coarse
115,110,0.111080255484588,0.111080255484588,0,-2.20629898812874,-48.7704645374967,-6.24474958095963,99.8889197445154,3.48564733450498,72.8311057108141,0,0,225,coarse
115,115,0.111080255484588,0.111080255484588,0,-2.20630618097209,-49.2374181376775,-6.24476441249859,99.8889197445154,0,76.0388821385176,0,0,230,coarse
120,0,0.44432102193835,0.44432102193835,0.124965287420161,3.40755938424803,-18.8581327619582,-0.634055502576374,99.5556789780616,79.5929526123937,0,0,0,120,coarse
120,0.5,0.44432102193835,0.44432102193835,0.124965287420161,3.40755938424803,-18.8581327619582,-0.634055502576374,99.5556789780616,79.5929526123937,0.0117164616285882,0,0,120.5,coarse
120,1,0.44432102193835,0.44432102193835,0.124965287420161,3.40755938424803,-18.8581327619582,-0.634055502576374,99.5556789780616,79.5929526123937,0.0117164616285882,0,0,121,coarse
120,2,0.222160510969175,0.222160510969175,0.0833101916134407,0.0492904415484361,-18.9243565090641,-3.62827177473132,99.7778394890308,79.5929526123937,0.0899078444594291,0,0,122,coarse
120,3,0.0555401277422938,0.0555401277422938,0,-4.76725244410861,-19.2992501570457,-7.11766284151568,99.9444598722577,79.5686512758202,0.162957968082715,0,1,123,coarse
120,5,0,0,0,-10.5090443447328,-19.9376978716186,-11.3736531265771,100,79.277035236938,0.460777702854574,1,1,125,coarse
120,10,0,0,0,-12.3709951689891,-22.0953202261408,-12.9320554638678,100,78.408262454435,1.71268787137365,1,1,130,coarse
120,15,0,0,0,-12.3709951689891,-22.8635708513568,-13.1554361137916,100,77.187120291616,3.76907841081207,1,1,135,coarse
120,20,0,0,0,-12.3709951689891,-24.5877668508895,-13.1554361137916,100,74.0890451083773,6.76556529557204,1,1,140,coarse
120,25,0,0,0,-12.3813183096588,-26.8925173921558,-13.166803760167,100,68.8810779144698,11.5460794593965,1,1,145,coarse
120,30,0,0,0,-12.3813183096588,-29.3677737090889,-13.166803760167,100,63.3509080257762,17.2492135616917,1,1,150,coarse
120,35,0,0,0,-12.3813183096588,-31.5461222483892,-13.166803760167,100,57.9027533684827,21.8590522478736,1,1,155,coarse
120,40,0,0,0,-12.3813183096588,-35.5251161761026,-13.166803760167,100,53.4629404617254,27.0005858230814,1,1,160,coarse
120,45,0,0,0,-12.3813183096588,-40.9009774018818,-19.1608848043739,100,49.9392466585662,32.2144112478032,1,1,165,coarse
120,50,0,0,0,-17.1942352852938,-43.9373861686864,-25.3583493374831,100,46.4034021871203,36.0632688927944,1,1,170,coarse
120,55,0,0,0,-17.1942352852938,-44.5303937398098,-25.3583493374831,100,43.9003645200486,38.2132396016403,1,1,175,coarse
120,60,0,0,0,-17.1942352852938,-44.8637067187029,-25.3583493374831,100,41.3122721749696,40.6912712360867,1,1,180,coarse
120,65,0,0,0,-17.1942352852938,-45.2949777237991,-25.358804003169,100,38.7241798298906,43.4563561804335,1,1,185,coarse
120,70,0,0,0,-17.1942352852938,-45.5439916911708,-25.358804003169,100,35.868772782503,46.0339777387229,1,1,190,coarse
120,75,0,0,0,-17.1942352852938,-45.7210109354968,-25.3588817692615,100,32.4908869987849,48.6467486818981,1,1,195,coarse
120,80,0,0,0,-17.1943469846791,-46.0274514083229,-25.3588817692615,100,28.2624544349939,52.7475102519039,1,1,200,coarse
120,85,0,0,0,-17.1943469846791,-46.3687977337824,-25.3589578254455,100,24.7630619684083,56.6959578207381,1,1,205,coarse
120,90,0,0,0,-17.1943469846791,-46.7132226166159,-25.3589578254455,100,21.1786148238153,60.1288810779145,1,1,210,coarse
120,95,0,0,0,-17.1947322768109,-47.2074336268353,-25.3600124288388,100,17.5030376670717,63.5559461042765,1,1,215,coarse
120,100,0,0,0,-17.1947790215793,-47.9544783942129,-25.3600422941093,100,14.4349939246659,66.5202108963093,1,1,220,coarse
120,105,0,0,0,-17.1947790215793,-48.4322947292551,-25.3600422941093,100,10.4798831198022,69.4083186877563,1,1,225,coarse
120,110,0,0,0,-17.1947790215793,-48.7704645374967,-25.3600422941093,100,7.4960665318049,72.8311057108141,1,1,230,coarse
120,115,0,0,0,-17.1949707831673,-49.2374181376775,-25.360178418346,100,4.10766464374017,76.0388821385176,1,1,235,coarse
120,120,0,0,0,-17.1949707831673,-49.9263353562215,-25.360178418346,100,0,79.5929526123937,1,1,240,coarse
125,0,0.44432102193835,0.44432102193835,0.124965287420161,3.40755938424803,-18.8686034399227,-0.634055502576374,99.5556789780616,83.0619684082625,0,0,0,125,coarse
125,0.5,0.44432102193835,0.44432102193835,0.124965287420161,3.40755938424803,-18.8686034399227,-0.634055502576374,99.5556789780616,83.0619684082625,0.0117164616285882,0,0,125.5,coarse
125,1,0.44432102193835,0.44432102193835,0.124965287420161,3.40755938424803,-18.8686034399227,-0.634055502576374,99.5556789780616,83.0619684082625,0.0117164616285882,0,0,126,coarse
125,2,0.222160510969175,0.222160510969175,0.0833101916134407,0.0492904415484361,-19.0328867243607,-3.62827177473132,99.7778394890308,83.0619684082625,0.0899078444594291,0,0,127,coarse
125,3,0.0555401277422938,0.0555401277422938,0,-4.76725244410861,-19.3583157292404,-7.11766284151568,99.9444598722577,83.0376670716889,0.162957968082715,0,1,128,coarse
125,5,0,0,0,-10.5090443447328,-19.9782698976588,-11.3736531265771,100,82.7460510328068,0.460777702854574,1,1,130,coarse
125,10,0,0,0,-12.3709951689891,-22.1011609026534,-12.9320554638678,100,81.8772782503038,1.71268787137365,1,1,135,coarse
125,15,0,0,0,-12.3709951689891,-22.8635708513568,-13.1554361137916,100,80.6561360874848,3.76907841081207,1,1,140,coarse
125,20,0,0,0,-12.3709951689891,-24.5877668508895,-13.1554361137916,100,77.1628189550425,6.76556529557204,1,1,145,coarse
125,25,0,0,0,-12.3813183096588,-26.8925173921558,-13.166803760167,100,71.7457527826596,11.5460794593965,1,1,150,coarse
125,30,0,0,0,-12.3813183096588,-29.4140138714382,-13.166803760167,100,66.215582893966,17.2492135616917,1,1,155,coarse
125,35,0,0,0,-12.3813183096588,-31.559031978961,-13.166803760167,100,61.2029161603888,21.8590522478736,1,1,160,coarse
125,40,0,0,0,-12.3813183096588,-35.5105127055448,-13.166803760167,100,56.9319562575942,27.0005858230814,1,1,165,coarse
125,45,0,0,0,-12.3813183096588,-40.824648524021,-19.1608848043739,100,53.408262454435,32.2144112478032,1,1,170,coarse
125,50,0,0,0,-33.4761962314938,-43.9373861686864,-34.1806131582707,100,49.8724179829891,36.0632688927944,1,1,175,coarse
125,55,0,0,0,-33.480264249094,-44.5303937398098,-34.2211362066839,100,47.3693803159174,38.2132396016403,1,1,180,coarse
125,60,0,0,0,-33.480264249094,-44.8637067187029,-34.5662406905034,100,44.7812879708384,40.6912712360867,1,1,185,coarse
125,65,0,0,0,-33.480264249094,-45.2949777237991,-34.5666653478583,100,42.1931956257594,43.4563561804335,1,1,190,coarse
125,70,0,0,0,-33.480264249094,-45.5439916911708,-34.5666653478583,100,39.3377885783718,46.0339777387229,1,1,195,coarse
125,75,0,0,0,-33.480264249094,-45.7210109354968,-34.5666653478583,100,35.9599027946537,48.6467486818981,1,1,200,coarse
125,80,0,0,0,-33.480264249094,-46.0274514083229,-34.5666653478583,100,31.7314702308627,52.7475102519039,1,1,205,coarse
125,85,0,0,0,-33.4890374522762,-46.3687977337824,-34.5666653478583,100,28.232077764277,56.6959578207381,1,1,210,coarse
125,90,0,0,0,-33.4890374522762,-46.7132226166159,-34.5666653478583,100,24.6476306196841,60.1288810779145,1,1,215,coarse
125,95,0,0,0,-33.4890374522762,-47.2074336268353,-34.5666653478583,100,20.9720534629405,63.5559461042765,1,1,220,coarse
125,100,0,0,0,-33.4890374522762,-47.9544783942129,-34.5666653478583,100,17.9040097205346,66.5202108963093,1,1,225,coarse
125,105,0,0,0,-33.5124891043583,-48.4322947292551,-34.5666653478583,100,15.1157563497415,69.4083186877563,1,1,230,coarse
125,110,0,0,0,-33.5124891043583,-48.7704645374967,-34.5666653478583,100,12.1319397617442,72.8311057108141,1,1,235,coarse
125,115,0,0,0,-33.5124891043583,-49.2374181376775,-34.5666653478583,100,8.74353787367948,76.0388821385176,1,1,240,coarse
125,120,0,0,0,-33.5124891043583,-49.9263353562215,-35.9456205003964,100,4.63587322993931,79.5929526123937,1,1,245,coarse
125,125,0,0,0,-36.7057084347732,-51.2694645178153,-38.5621365857264,100,0,83.0619684082625,1,1,250,coarse
130,0,0.44432102193835,0.44432102193835,0.124965287420161,3.40755938424803,-18.8686034399227,-0.634055502576374,99.5556789780616,86.7557715674362,0,0,0,130,coarse
130,0.5,0.44432102193835,0.44432102193835,0.124965287420161,3.40755938424803,-18.8686034399227,-0.634055502576374,99.5556789780616,86.7557715674362,0.0117164616285882,0,0,130.5,coarse
130,1,0.44432102193835,0.44432102193835,0.124965287420161,3.40755938424803,-18.8686034399227,-0.634055502576374,99.5556789780616,86.7557715674362,0.0117164616285882,0,0,131,coarse
130,2,0.222160510969175,0.222160510969175,0.0833101916134407,0.0492904415484361,-19.0328867243607,-3.62827177473132,99.7778394890308,86.7557715674362,0.0899078444594291,0,0,132,coarse
130,3,0.0555401277422938,0.0555401277422938,0,-4.76725244410861,-19.3583157292404,-7.11766284151568,99.9444598722577,86.7314702308627,0.162957968082715,0,1,133,coarse
130,5,0,0,0,-10.5090443447328,-19.9782698976588,-11.3736531265771,100,86.4398541919806,0.460777702854574,1,1,135,coarse
130,10,0,0,0,-12.3709951689891,-22.1011609026534,-12.9320554638678,100,85.5710814094775,1.71268787137365,1,1,140,coarse
130,15,0,0,0,-12.3709951689891,-22.8635708513568,-13.1554361137916,100,84.3499392466586,3.76907841081207,1,1,145,coarse
130,20,0,0,0,-12.3709951689891,-24.5877668508895,-13.1554361137916,100,81.2653778558875,6.76556529557204,1,1,150,coarse
130,25,0,0,0,-12.3813183096588,-26.8925173921558,-13.166803760167,100,76.0574106619801,11.5460794593965,1,1,155,coarse
130,30,0,0,0,-12.3813183096588,-29.4140138714382,-13.166803760167,100,70.5272407732865,17.2492135616917,1,1,160,coarse
130,35,0,0,0,-12.3813183096588,-31.559031978961,-13.166803760167,100,65.079086115993,21.8590522478736,1,1,165,coarse
130,40,0,0,0,-12.3813183096588,-35.4756194893825,-13.166803760167,100,60.6934142503933,27.0005858230814,1,1,170,coarse
130,45,0,0,0,-12.3813183096588,-40.7722348664917,-19.1608848043739,100,57.1020656136088,32.2144112478032,1,1,175,coarse
130,50,0,0,0,-33.4761962314938,-43.9275868714581,-34.1806131582707,100,53.5662211421628,36.0632688927944,1,1,180,coarse
130,55,0,0,0,-33.480264249094,-44.5093972920797,-34.2211362066839,100,51.0631834750911,38.2132396016403,1,1,185,coarse
130,60,0,0,0,-33.480264249094,-44.8637067187029,-34.5662406905034,100,48.4750911300122,40.6912712360867,1,1,190,coarse
130,65,0,0,0,-33.480264249094,-45.2949777237991,-34.5666653478583,100,45.8869987849332,43.4563561804335,1,1,195,coarse
130,70,0,0,0,-33.480264249094,-45.5439916911708,-34.5666653478583,100,43.0315917375456,46.0339777387229,1,1,200,coarse
130,75,0,0,0,-33.480264249094,-45.7210109354968,-34.5666653478583,100,39.6537059538275,48.6467486818981,1,1,205,coarse
130,80,0,0,0,-33.480264249094,-46.0274514083229,-34.5666653478583,100,35.4252733900365,52.7475102519039,1,1,210,coarse
130,85,0,0,0,-33.4890374522762,-46.3687977337824,-34.5666653478583,100,31.9258809234508,56.6959578207381,1,1,215,coarse
130,90,0,0,0,-33.4890374522762,-46.7132226166159,-34.5666653478583,100,28.3414337788578,60.1288810779145,1,1,220,coarse
130,95,0,0,0,-33.4890374522762,-47.2074336268353,-34.5666653478583,100,24.8258035513599,63.5559461042765,1,1,225,coarse
130,100,0,0,0,-33.4890374522762,-47.9544783942129,-34.5666653478583,100,22.0049449314453,66.5202108963093,1,1,230,coarse
130,105,0,0,0,-33.5124891043583,-48.4322947292551,-34.5666653478583,100,19.4425713643515,69.4083186877563,1,1,235,coarse
130,110,0,0,0,-33.5124891043583,-48.7704645374967,-34.5666653478583,100,16.4587547763542,72.8311057108141,1,1,240,coarse
130,115,0,0,0,-33.5124891043583,-49.2374181376775,-34.5666653478583,100,13.0703528882895,76.0388821385176,1,1,245,coarse
130,120,0,0,0,-33.5124891043583,-49.9263353562215,-35.9456205003964,100,8.96268824454934,79.5929526123937,1,1,250,coarse
130,125,0,0,0,-33.7075157843437,-51.2694645178153,-38.5621365857264,100,4.32681501461003,83.0619684082625,1,1,255,coarse
130,130,0,0,0,-39.8471960659726,-53.765444075546,-41.0746370076045,100,0,86.7557715674362,1,1,260,coarse
135,0,0.44432102193835,0.44432102193835,0.124965287420161,3.40755938424803,-18.8686034399227,-0.634055502576374,99.5556789780616,90.0527240773286,0,0,0,135,coarse
135,0.5,0.44432102193835,0.44432102193835,0.124965287420161,3.40755938424803,-18.8686034399227,-0.634055502576374,99.5556789780616,90.0410076157001,0.0117164616285882,0,0,135.5,coarse
135,1,0.44432102193835,0.44432102193835,0.124965287420161,3.40755938424803,-18.8686034399227,-0.634055502576374,99.5556789780616,90.0410076157001,0.0117164616285882,0,0,136,coarse
135,2,0.222160510969175,0.222160510969175,0.0833101916134407,0.0492904415484361,-19.0328867243607,-3.62827177473132,99.7778394890308,90.0234329232572,0.0899078444594291,0,0,137,coarse
135,3,0.0555401277422938,0.0555401277422938,0,-4.76725244410861,-19.3583157292404,-7.11766284151568,99.9444598722577,89.9062683069713,0.162957968082715,0,1,138,coarse
135,5,0,0,0,-10.5090443447328,-19.9782698976588,-11.3736531265771,100,89.6777973052138,0.460777702854574,1,1,140,coarse
135,10,0,0,0,-12.3709951689891,-22.1011609026534,-12.9320554638678,100,88.8986526069127,1.71268787137365,1,1,145,coarse
135,15,0,0,0,-12.3709951689891,-22.8635708513568,-13.1554361137916,100,87.1992709599028,3.76907841081207,1,1,150,coarse
135,20,0,0,0,-12.3709951689891,-24.5877668508895,-13.1554361137916,100,84.7100175746924,6.76556529557204,1,1,155,coarse
135,25,0,0,0,-12.3813183096588,-26.8925173921558,-13.166803760167,100,79.502050380785,11.5460794593965,1,1,160,coarse
135,30,0,0,0,-12.3813183096588,-29.4140138714382,-13.166803760167,100,73.9718804920914,17.2492135616917,1,1,165,coarse
135,35,0,0,0,-12.3813183096588,-31.559031978961,-13.166803760167,100,69.5886716115981,21.8590522478736,1,1,170,coarse
135,40,0,0,0,-12.3813183096588,-35.4756194893825,-13.166803760167,100,65.3124297594965,27.0005858230814,1,1,175,coarse
135,45,0,0,0,-12.3813183096588,-40.7722348664917,-19.1608848043739,100,60.5922679253765,32.2144112478032,1,1,180,coarse
135,50,0,0,0,-33.4761962314938,-43.9275868714581,-34.1806131582707,100,56.7037536525062,36.0632688927944,1,1,185,coarse
135,55,0,0,0,-33.480264249094,-44.5093972920797,-34.2211362066839,100,54.4223420993482,38.2132396016403,1,1,190,coarse
135,60,0,0,0,-33.480264249094,-44.8637067187029,-34.5662406905034,100,52.1690267475837,40.6912712360867,1,1,195,coarse
135,65,0,0,0,-33.480264249094,-45.2949777237991,-34.5666653478583,100,49.3369296471117,43.4563561804335,1,1,200,coarse
135,70,0,0,0,-33.480264249094,-45.5439916911708,-34.5666653478583,100,46.0665318049,46.0339777387229,1,1,205,coarse
135,75,0,0,0,-33.480264249094,-45.7210109354968,-34.5666653478583,100,42.5030376670717,48.6467486818981,1,1,210,coarse
135,80,0,0,0,-33.480264249094,-46.0274514083229,-34.5666653478583,100,38.2746051032807,52.7475102519039,1,1,215,coarse
135,85,0,0,0,-33.4890374522762,-46.3687977337824,-34.5666653478583,100,34.775212636695,56.6959578207381,1,1,220,coarse
135,90,0,0,0,-33.4890374522762,-46.7132226166159,-34.5666653478583,100,31.9959541469993,60.1288810779145,1,1,225,coarse
135,95,0,0,0,-33.4890374522762,-47.2074336268353,-34.5666653478583,100,29.444819060463,63.5559461042765,1,1,230,coarse
135,100,0,0,0,-33.4890374522762,-47.9544783942129,-34.5666653478583,100,26.6239604405484,66.5202108963093,1,1,235,coarse
135,105,0,0,0,-33.5124891043583,-48.4322947292551,-34.5666653478583,100,24.0615868734547,69.4083186877563,1,1,240,coarse
135,110,0,0,0,-33.5124891043583,-48.7704645374967,-34.5666653478583,100,21.0777702854574,72.8311057108141,1,1,245,coarse
135,115,0,0,0,-33.5124891043583,-49.2374181376775,-34.5666653478583,100,17.6893683973927,76.0388821385176,1,1,250,coarse
135,120,0,0,0,-33.5124891043583,-49.9263353562215,-35.9456205003964,100,13.5817037536525,79.5929526123937,1,1,255,coarse
135,125,0,0,0,-33.7075157843437,-51.2694645178153,-38.5621365857264,100,8.94583052371319,83.0619684082625,1,1,260,coarse
135,130,0,0,0,-39.8471960659726,-53.765444075546,-41.0746370076045,100,4.61901550910317,86.7557715674362,1,1,265,coarse
135,135,0,0,0,-44.0572367313085,-56.9601962316499,-46.24100044293,100,0,90.0527240773286,1,1,270,coarse
140,0,0.44432102193835,0.44432102193835,0.124965287420161,3.40755938424803,-18.8686034399227,-0.634055502576374,99.5556789780616,92.9815688918858,0,0,0,140,coarse
140,0.5,0.44432102193835,0.44432102193835,0.124965287420161,3.40755938424803,-18.8686034399227,-0.634055502576374,99.5556789780616,92.9759496516071,0.0117164616285882,0,0,140.5,coarse
140,1,0.44432102193835,0.44432102193835,0.124965287420161,3.40755938424803,-18.8686034399227,-0.634055502576374,99.5556789780616,92.9703304113284,0.0117164616285882,0,0,141,coarse
140,2,0.222160510969175,0.222160510969175,0.0833101916134407,0.0492904415484361,-19.0328867243607,-3.62827177473132,99.7778394890308,92.8916610474264,0.0899078444594291,0,0,142,coarse
140,3,0.0555401277422938,0.0555401277422938,0,-4.76725244410861,-19.3583157292404,-7.11766284151568,99.9444598722577,92.8186109238031,0.162957968082715,0,1,143,coarse
140,5,0,0,0,-10.5090443447328,-19.9782698976588,-11.3736531265771,100,92.5207911890312,0.460777702854574,1,1,145,coarse
140,10,0,0,0,-12.3709951689891,-22.1011609026534,-12.9320554638678,100,91.7902899527984,1.71268787137365,1,1,150,coarse
140,15,0,0,0,-12.3709951689891,-22.8635708513568,-13.1554361137916,100,90.1822600243013,3.76907841081207,1,1,155,coarse
140,20,0,0,0,-12.3709951689891,-24.5877668508895,-13.1554361137916,100,87.111892208553,6.76556529557204,1,1,160,coarse
140,25,0,0,0,-12.3813183096588,-26.8925173921558,-13.166803760167,100,81.9039250146456,11.5460794593965,1,1,165,coarse
140,30,0,0,0,-12.3813183096588,-29.4140138714382,-13.166803760167,100,76.373755125952,17.2492135616917,1,1,170,coarse
140,35,0,0,0,-12.3813183096588,-31.559031978961,-13.166803760167,100,72.5331535176444,21.8590522478736,1,1,175,coarse
140,40,0,0,0,-12.3813183096588,-35.4756194893825,-13.166803760167,100,68.2569116655428,27.0005858230814,1,1,180,coarse
140,45,0,0,0,-12.3813183096588,-40.7722348664917,-19.1608848043739,100,63.5367498314228,32.2144112478032,1,1,185,coarse
140,50,0,0,0,-33.4761962314938,-43.9275868714581,-34.1806131582707,100,59.6482355585525,36.0632688927944,1,1,190,coarse
140,55,0,0,0,-33.480264249094,-44.5093972920797,-34.2211362066839,100,57.3668240053945,38.2132396016403,1,1,195,coarse
140,60,0,0,0,-33.480264249094,-44.8637067187029,-34.5662406905034,100,55.11350865363,40.6912712360867,1,1,200,coarse
140,65,0,0,0,-33.480264249094,-45.2949777237991,-34.5666653478583,100,52.281411553158,43.4563561804335,1,1,205,coarse
140,70,0,0,0,-33.480264249094,-45.5439916911708,-34.5666653478583,100,49.0110137109463,46.0339777387229,1,1,210,coarse
140,75,0,0,0,-33.480264249094,-45.7210109354968,-34.5666653478583,100,45.4860267314702,48.6467486818981,1,1,215,coarse
140,80,0,0,0,-33.480264249094,-46.0274514083229,-34.5666653478583,100,41.2575941676792,52.7475102519039,1,1,220,coarse
140,85,0,0,0,-33.4890374522762,-46.3687977337824,-34.5666653478583,100,37.7582017010936,56.6959578207381,1,1,225,coarse
140,90,0,0,0,-33.4890374522762,-46.7132226166159,-34.5666653478583,100,34.9404360530456,60.1288810779145,1,1,230,coarse
140,95,0,0,0,-33.4890374522762,-47.2074336268353,-34.5666653478583,100,32.3893009665093,63.5559461042765,1,1,235,coarse
140,100,0,0,0,-33.4890374522762,-47.9544783942129,-34.5666653478583,100,29.5684423465947,66.5202108963093,1,1,240,coarse
140,105,0,0,0,-33.5124891043583,-48.4322947292551,-34.5666653478583,100,27.006068779501,69.4083186877563,1,1,245,coarse
140,110,0,0,0,-33.5124891043583,-48.7704645374967,-34.5666653478583,100,24.0222521915037,72.8311057108141,1,1,250,coarse
140,115,0,0,0,-33.5124891043583,-49.2374181376775,-34.5666653478583,100,20.633850303439,76.0388821385176,1,1,255,coarse
140,120,0,0,0,-33.5124891043583,-49.9263353562215,-35.9456205003964,100,16.5261856596988,79.5929526123937,1,1,260,coarse
140,125,0,0,0,-33.7075157843437,-51.2694645178153,-38.5621365857264,100,12.1927065128743,83.0619684082625,1,1,265,coarse
140,130,0,0,0,-39.8471960659726,-53.765444075546,-41.0746370076045,100,8.01001980659443,86.7557715674362,1,1,270,coarse
140,135,0,0,0,-44.0572367313085,-56.9601962316499,-46.24100044293,100,4.11278107887685,90.0527240773286,1,1,275,coarse
140,140,0,0,0,-47.2505030967549,-59.6314844294963,-48.5994515549308,100,0,92.9815688918858,1,1,280,coarse
145,0,0.44432102193835,0.44432102193835,0.124965287420161,3.40755938424803,-18.8686034399227,-0.634055502576374,99.5556789780616,95.4860267314702,0,0,0,145,coarse
145,0.5,0.44432102193835,0.44432102193835,0.124965287420161,3.40755938424803,-18.8686034399227,-0.634055502576374,99.5556789780616,95.4860267314702,0.0117164616285882,0,0,145.5,coarse
145,1,0.44432102193835,0.44432102193835,0.124965287420161,3.40755938424803,-18.8686034399227,-0.634055502576374,99.5556789780616,95.4860267314702,0.0117164616285882,0,0,146,coarse
145,2,0.222160510969175,0.222160510969175,0.0833101916134407,0.0492904415484361,-19.0328867243607,-3.62827177473132,99.7778394890308,95.4860267314702,0.0899078444594291,0,0,147,coarse
145,3,0.0555401277422938,0.0555401277422938,0,-4.76725244410861,-19.3583157292404,-7.11766284151568,99.9444598722577,95.4617253948967,0.162957968082715,0,1,148,coarse
145,5,0,0,0,-10.5090443447328,-19.9782698976588,-11.3736531265771,100,95.1701093560146,0.460777702854574,1,1,150,coarse
145,10,0,0,0,-12.3709951689891,-22.1011609026534,-12.9320554638678,100,94.3013365735115,1.71268787137365,1,1,155,coarse
145,15,0,0,0,-12.3709951689891,-22.8635708513568,-13.1554361137916,100,93.0801944106926,3.76907841081207,1,1,160,coarse
145,20,0,0,0,-12.3709951689891,-24.5877668508895,-13.1554361137916,100,89.5868772782503,6.76556529557204,1,1,165,coarse
145,25,0,0,0,-12.3813183096588,-26.8925173921558,-13.166803760167,100,83.9894551845343,11.5460794593965,1,1,170,coarse
145,30,0,0,0,-12.3813183096588,-29.4140138714382,-13.166803760167,100,78.4592852958407,17.2492135616917,1,1,175,coarse
145,35,0,0,0,-12.3813183096588,-31.559031978961,-13.166803760167,100,74.3650258485053,21.8590522478736,1,1,180,coarse
145,40,0,0,0,-12.3813183096588,-35.4756194893825,-13.166803760167,100,70.0887839964037,27.0005858230814,1,1,185,coarse
145,45,0,0,0,-12.3813183096588,-40.7722348664917,-19.1608848043739,100,65.8323207776428,32.2144112478032,1,1,190,coarse
145,50,0,0,0,-33.4761962314938,-43.9275868714581,-34.1806131582707,100,62.2964763061968,36.0632688927944,1,1,195,coarse
145,55,0,0,0,-33.480264249094,-44.5093972920797,-34.2211362066839,100,59.7934386391251,38.2132396016403,1,1,200,coarse
145,60,0,0,0,-33.480264249094,-44.8637067187029,-34.5662406905034,100,57.2053462940462,40.6912712360867,1,1,205,coarse
145,65,0,0,0,-33.480264249094,-45.2949777237991,-34.5666653478583,100,54.6172539489672,43.4563561804335,1,1,210,coarse
145,70,0,0,0,-33.480264249094,-45.5439916911708,-34.5666653478583,100,51.7618469015796,46.0339777387229,1,1,215,coarse
145,75,0,0,0,-33.480264249094,-45.7210109354968,-34.5666653478583,100,48.3839611178615,48.6467486818981,1,1,220,coarse
145,80,0,0,0,-33.480264249094,-46.0274514083229,-34.5666653478583,100,44.1555285540705,52.7475102519039,1,1,225,coarse
145,85,0,0,0,-33.4890374522762,-46.3687977337824,-34.5666653478583,100,40.6561360874848,56.6959578207381,1,1,230,coarse
145,90,0,0,0,-33.4890374522762,-46.7132226166159,-34.5666653478583,100,37.1723173715484,60.1288810779145,1,1,235,coarse
145,95,0,0,0,-33.4890374522762,-47.2074336268353,-34.5666653478583,100,34.4401724338809,63.5559461042765,1,1,240,coarse
145,100,0,0,0,-33.4890374522762,-47.9544783942129,-34.5666653478583,100,32.045904695328,66.5202108963093,1,1,245,coarse
145,105,0,0,0,-33.5124891043583,-48.4322947292551,-34.5666653478583,100,28.8379411103619,69.4083186877563,1,1,250,coarse
145,110,0,0,0,-33.5124891043583,-48.7704645374967,-34.5666653478583,100,26.04567167657,72.8311057108141,1,1,255,coarse
145,115,0,0,0,-33.5124891043583,-49.2374181376775,-34.5666653478583,100,22.7484562507282,76.0388821385176,1,1,260,coarse
145,120,0,0,0,-33.5124891043583,-49.9263353562215,-35.9456205003964,100,19.1017126878714,79.5929526123937,1,1,265,coarse
145,125,0,0,0,-33.7075157843437,-51.2694645178153,-38.5621365857264,100,14.9831061400443,83.0619684082625,1,1,270,coarse
145,130,0,0,0,-39.8471960659726,-53.765444075546,-41.0746370076045,100,10.8004194337644,86.7557715674362,1,1,275,coarse
145,135,0,0,0,-44.0572367313085,-56.9601962316499,-46.24100044293,100,6.90318070604684,90.0527240773286,1,1,280,coarse
145,140,0,0,0,-47.2505030967549,-59.6314844294963,-48.5994515549308,100,2.89793438639125,92.9815688918858,1,1,285,coarse
145,145,0,0,0,-49.4878418980714,-61.301703144675,-51.4608608440311,100,0,95.4860267314702,1,1,290,coarse
154.302489129779,0,0.44432102193835,0.44432102193835,0.124965287420161,3.40755938424803,-18.8686034399227,-0.634055502576374,99.5556789780616,100,0,0,0,154.302489129779,coarse
154.302489129779,0.5,0.44432102193835,0.44432102193835,0.124965287420161,3.40755938424803,-18.8686034399227,-0.634055502576374,99.5556789780616,100,0.0117164616285882,0,0,154.802489129779,coarse
154.302489129779,1,0.44432102193835,0.44432102193835,0.124965287420161,3.40755938424803,-18.8686034399227,-0.634055502576374,99.5556789780616,100,0.0117164616285882,0,0,155.302489129779,coarse
154.302489129779,2,0.222160510969175,0.222160510969175,0.0833101916134407,0.0492904415484361,-19.0328867243607,-3.62827177473132,99.7778394890308,100,0.0899078444594291,0,0,156.302489129779,coarse
154.302489129779,3,0.0555401277422938,0.0555401277422938,0,-4.76725244410861,-19.3583157292404,-7.11766284151568,99.9444598722577,99.9756986634265,0.162957968082715,0,1,157.302489129779,coarse
154.302489129779,5,0,0,0,-10.5090443447328,-19.9782698976588,-11.3736531265771,100,99.6840826245443,0.460777702854574,1,1,159.302489129779,coarse
154.302489129779,10,0,0,0,-12.3709951689891,-22.1011609026534,-12.9320554638678,100,98.8459285295841,1.71268787137365,1,1,164.302489129779,coarse
154.302489129779,15,0,0,0,-12.3709951689891,-22.8635708513568,-13.1554361137916,100,97.5941676792224,3.76907841081207,1,1,169.302489129779,coarse
154.302489129779,20,0,0,0,-12.3709951689891,-24.5877668508895,-13.1554361137916,100,94.6572934973638,6.76556529557204,1,1,174.302489129779,coarse
154.302489129779,25,0,0,0,-12.3813183096588,-26.8925173921558,-13.166803760167,100,89.4493263034564,11.5460794593965,1,1,179.302489129779,coarse
154.302489129779,30,0,0,0,-12.3813183096588,-29.4140138714382,-13.166803760167,100,83.9191564147627,17.2492135616917,1,1,184.302489129779,coarse
154.302489129779,35,0,0,0,-12.3813183096588,-31.559031978961,-13.166803760167,100,79.5515846257586,21.8590522478736,1,1,189.302489129779,coarse
154.302489129779,40,0,0,0,-12.3813183096588,-35.4756194893825,-13.166803760167,100,75.275342773657,27.0005858230814,1,1,194.302489129779,coarse
154.302489129779,45,0,0,0,-12.3813183096588,-40.7722348664917,-19.1608848043739,100,70.555180939537,32.2144112478032,1,1,199.302489129779,coarse
154.302489129779,50,0,0,0,-33.4761962314938,-43.9275868714581,-34.1806131582707,100,66.9404637073284,36.0632688927944,1,1,204.302489129779,coarse
154.302489129779,55,0,0,0,-33.480264249094,-44.5093972920797,-34.2211362066839,100,64.4704648724222,38.2132396016403,1,1,209.302489129779,coarse
154.302489129779,60,0,0,0,-33.480264249094,-44.8637067187029,-34.5662406905034,100,62.1319397617442,40.6912712360867,1,1,214.302489129779,coarse
154.302489129779,65,0,0,0,-33.480264249094,-45.2949777237991,-34.5666653478583,100,59.2998426612722,43.4563561804335,1,1,219.302489129779,coarse
154.302489129779,70,0,0,0,-33.480264249094,-45.5439916911708,-34.5666653478583,100,56.2758201701094,46.0339777387229,1,1,224.302489129779,coarse
154.302489129779,75,0,0,0,-33.480264249094,-45.7210109354968,-34.5666653478583,100,52.8979343863912,48.6467486818981,1,1,229.302489129779,coarse
154.302489129779,80,0,0,0,-33.480264249094,-46.0274514083229,-34.5666653478583,100,49.0679249679599,52.7475102519039,1,1,234.302489129779,coarse
154.302489129779,85,0,0,0,-33.4890374522762,-46.3687977337824,-34.5666653478583,100,45.5318653151579,56.6959578207381,1,1,239.302489129779,coarse
154.302489129779,90,0,0,0,-33.4890374522762,-46.7132226166159,-34.5666653478583,100,42.7298147500874,60.1288810779145,1,1,244.302489129779,coarse
154.302489129779,95,0,0,0,-33.4890374522762,-47.2074336268353,-34.5666653478583,100,39.9976698124199,63.5559461042765,1,1,249.302489129779,coarse
154.302489129779,100,0,0,0,-33.4890374522762,-47.9544783942129,-34.5666653478583,100,37.6034020738669,66.5202108963093,1,1,254.302489129779,coarse
154.302489129779,105,0,0,0,-33.5124891043583,-48.4322947292551,-34.5666653478583,100,34.3644413375277,69.4083186877563,1,1,259.302489129779,coarse
154.302489129779,110,0,0,0,-33.5124891043583,-48.7704645374967,-34.5666653478583,100,31.6031690551089,72.8311057108141,1,1,264.302489129779,coarse
154.302489129779,115,0,0,0,-33.5124891043583,-49.2374181376775,-34.5666653478583,100,28.3059536292672,76.0388821385176,1,1,269.302489129779,coarse
154.302489129779,120,0,0,0,-33.5124891043583,-49.9263353562215,-35.9456205003964,100,24.6592100664103,79.5929526123937,1,1,274.302489129779,coarse
154.302489129779,125,0,0,0,-33.7075157843437,-51.2694645178153,-38.5621365857264,100,20.5406035185832,83.0619684082625,1,1,279.302489129779,coarse
154.302489129779,130,0,0,0,-39.8471960659726,-53.765444075546,-41.0746370076045,100,16.3579168123034,86.7557715674362,1,1,284.302489129779,coarse
154.302489129779,135,0,0,0,-44.0572367313085,-56.9601962316499,-46.24100044293,100,12.4606780845858,90.0527240773286,1,1,289.302489129779,coarse
154.302489129779,140,0,0,0,-47.2505030967549,-59.6314844294963,-48.5994515549308,100,8.34789700570896,92.9815688918858,1,1,294.302489129779,coarse
154.302489129779,145,0,0,0,-49.4878418980714,-61.301703144675,-51.4608608440311,100,5.55749737853897,95.4860267314702,1,1,299.302489129779,coarse
154.302489129779,154.302489129779,0,0,0,-2948.41956873937,-2948.41956873937,-2948.41956873937,100,0,100,1,1,308.604978259558,coarse
113,0,0.44432102193835,0.44432102193835,0.180505415162455,3.40755938424803,-18.715233676581,-0.634055502576374,99.5556789780616,74.7205346294046,0,0,0,113,refinement
113,1,0.44432102193835,0.44432102193835,0.180505415162455,3.40755938424803,-18.715233676581,-0.634055502576374,99.5556789780616,74.7205346294046,0.0117164616285882,0,0,114,refinement
113,2,0.222160510969175,0.222160510969175,0.138850319355735,0.0492904415484361,-18.7957426049456,-2.93578046698473,99.7778394890308,74.7205346294046,0.0899078444594291,0,0,115,refinement
113,3,0.111080255484588,0.111080255484588,0.0277700638711469,-2.16274927962297,-19.1482680637899,-5.88364196708134,99.8889197445154,74.6962332928311,0.162957968082715,0,0,116,refinement
113,4,0.111080255484588,0.111080255484588,0,-2.16274927962297,-19.4135510117799,-6.09875207443025,99.8889197445154,74.6354799513973,0.331535176444145,0,0,117,refinement
113,5,0.111080255484588,0.111080255484588,0,-2.16274927962297,-19.6707345305948,-6.12883884043613,99.8889197445154,74.404617253949,0.460777702854574,0,0,118,refinement
113,6,0.111080255484588,0.111080255484588,0,-2.16274927962297,-20.1583978197002,-6.12883884043613,99.8889197445154,74.179829890644,0.595639469543718,0,0,119,refinement
113,7,0.111080255484588,0.111080255484588,0,-2.16274927962297,-20.645080551766,-6.12883884043613,99.8889197445154,74.0583232077764,0.798089246184318,0,0,120,refinement
113,8,0.111080255484588,0.111080255484588,0,-2.16274927962297,-21.096135891654,-6.1370494656427,99.8889197445154,73.8699878493317,1.06023534894559,0,0,121,refinement
113,9,0.111080255484588,0.111080255484588,0,-2.16549314357565,-21.3756686911285,-6.1370494656427,99.8889197445154,73.6755771567436,1.32238145170686,0,0,122,refinement
113,10,0.111080255484588,0.111080255484588,0,-2.16549314357565,-21.9302775203432,-6.1370494656427,99.8889197445154,73.5358444714459,1.71268787137365,0,0,123,refinement
113,11,0.111080255484588,0.111080255484588,0,-2.16549314357565,-22.3122505893452,-6.1370494656427,99.8889197445154,73.408262454435,2.04473960153792,0,0,124,refinement
113,12,0.111080255484588,0.111080255484588,0,-2.16549314357565,-22.6865110699188,-6.13793830251026,99.8889197445154,73.2260024301337,2.60398462076197,0,0,125,refinement
114,0,0.44432102193835,0.44432102193835,0.180505415162455,3.40755938424803,-18.715233676581,-0.634055502576374,99.5556789780616,75.2126366950182,0,0,0,114,refinement
114,1,0.44432102193835,0.44432102193835,0.180505415162455,3.40755938424803,-18.715233676581,-0.634055502576374,99.5556789780616,75.2126366950182,0.0117164616285882,0,0,115,refinement
114,2,0.222160510969175,0.222160510969175,0.138850319355735,0.0492904415484361,-18.7957426049456,-2.93578046698473,99.7778394890308,75.2126366950182,0.0899078444594291,0,0,116,refinement
114,3,0.111080255484588,0.111080255484588,0.0277700638711469,-2.16274927962297,-19.1482680637899,-5.88364196708134,99.8889197445154,75.1883353584447,0.162957968082715,0,0,117,refinement
114,4,0.111080255484588,0.111080255484588,0,-2.16274927962297,-19.4135510117799,-6.09875207443025,99.8889197445154,75.1275820170109,0.331535176444145,0,0,118,refinement
114,5,0.111080255484588,0.111080255484588,0,-2.16274927962297,-19.6707345305948,-6.12883884043613,99.8889197445154,74.8967193195626,0.460777702854574,0,0,119,refinement
114,6,0.111080255484588,0.111080255484588,0,-2.16274927962297,-20.1583978197002,-6.12883884043613,99.8889197445154,74.721734036321,0.595639469543718,0,0,120,refinement
114,7,0.111080255484588,0.111080255484588,0,-2.16274927962297,-20.645080551766,-6.12883884043613,99.8889197445154,74.5694200351494,0.798089246184318,0,0,121,refinement
114,8,0.111080255484588,0.111080255484588,0,-2.16274927962297,-21.096135891654,-6.1370494656427,99.8889197445154,74.3760984182777,1.06023534894559,0,0,122,refinement
114,9,0.111080255484588,0.111080255484588,0,-2.16549314357565,-21.3756686911285,-6.1370494656427,99.8889197445154,74.1710603397774,1.32238145170686,0,0,123,refinement
114,10,0.111080255484588,0.111080255484588,0,-2.16549314357565,-21.9302775203432,-6.1370494656427,99.8889197445154,74.0363210310486,1.71268787137365,0,0,124,refinement
114,11,0.111080255484588,0.111080255484588,0,-2.16549314357565,-22.3122505893452,-6.1370494656427,99.8889197445154,73.9003645200486,2.04473960153792,0,0,125,refinement
114,12,0.111080255484588,0.111080255484588,0,-2.16549314357565,-22.6865110699188,-6.13793830251026,99.8889197445154,73.7181044957473,2.60398462076197,0,0,126,refinement
115,0,0.44432102193835,0.44432102193835,0.180505415162455,3.40755938424803,-18.715233676581,-0.634055502576374,99.5556789780616,76.0388821385176,0,0,0,115,refinement
115,1,0.44432102193835,0.44432102193835,0.180505415162455,3.40755938424803,-18.715233676581,-0.634055502576374,99.5556789780616,76.0388821385176,0.0117164616285882,0,0,116,refinement
115,2,0.222160510969175,0.222160510969175,0.138850319355735,0.0492904415484361,-18.7957426049456,-2.93578046698473,99.7778394890308,76.0388821385176,0.0899078444594291,0,0,117,refinement
115,3,0.111080255484588,0.111080255484588,0.0277700638711469,-2.16274927962297,-19.1482680637899,-5.88364196708134,99.8889197445154,76.0145808019441,0.162957968082715,0,0,118,refinement
115,4,0.111080255484588,0.111080255484588,0,-2.16274927962297,-19.4135510117799,-6.09875207443025,99.8889197445154,75.9538274605103,0.331535176444145,0,0,119,refinement
115,5,0.111080255484588,0.111080255484588,0,-2.16274927962297,-19.6707345305948,-6.12883884043613,99.8889197445154,75.722964763062,0.460777702854574,0,0,120,refinement
115,6,0.111080255484588,0.111080255484588,0,-2.16274927962297,-20.1583978197002,-6.12883884043613,99.8889197445154,75.5243116578793,0.595639469543718,0,0,121,refinement
115,7,0.111080255484588,0.111080255484588,0,-2.16274927962297,-20.645080551766,-6.12883884043613,99.8889197445154,75.3766707168894,0.798089246184318,0,0,122,refinement
115,8,0.111080255484588,0.111080255484588,0,-2.16274927962297,-21.096135891654,-6.1370494656427,99.8889197445154,75.1883353584447,1.06023534894559,0,0,123,refinement
115,9,0.111080255484588,0.111080255484588,0,-2.16549314357565,-21.3756686911285,-6.1370494656427,99.8889197445154,74.9939246658566,1.32238145170686,0,0,124,refinement
115,10,0.111080255484588,0.111080255484588,0,-2.16549314357565,-21.9302775203432,-6.1370494656427,99.8889197445154,74.8541919805589,1.71268787137365,0,0,125,refinement
115,11,0.111080255484588,0.111080255484588,0,-2.16549314357565,-22.3122505893452,-6.1370494656427,99.8889197445154,74.726609963548,2.04473960153792,0,0,126,refinement
115,12,0.111080255484588,0.111080255484588,0,-2.16549314357565,-22.6865110699188,-6.13793830251026,99.8889197445154,74.5443499392467,2.60398462076197,0,0,127,refinement
116,0,0.44432102193835,0.44432102193835,0.180505415162455,3.40755938424803,-18.715233676581,-0.634055502576374,99.5556789780616,76.7838312829525,0,0,0,116,refinement
116,1,0.44432102193835,0.44432102193835,0.180505415162455,3.40755938424803,-18.715233676581,-0.634055502576374,99.5556789780616,76.772114821324,0.0117164616285882,0,0,117,refinement
116,2,0.222160510969175,0.222160510969175,0.138850319355735,0.0492904415484361,-18.7957426049456,-2.93578046698473,99.7778394890308,76.7545401288811,0.0899078444594291,0,0,118,refinement
116,3,0.111080255484588,0.111080255484588,0.0277700638711469,-2.16274927962297,-19.1482680637899,-5.88364196708134,99.8889197445154,76.6373755125952,0.162957968082715,0,0,119,refinement
116,4,0.111080255484588,0.111080255484588,0,-2.16274927962297,-19.4135510117799,-6.09875207443025,99.8889197445154,76.5370595382746,0.331535176444145,0,0,120,refinement
116,5,0.111080255484588,0.111080255484588,0,-2.16274927962297,-19.6707345305948,-6.12883884043613,99.8889197445154,76.4089045108377,0.460777702854574,0,0,121,refinement
116,6,0.111080255484588,0.111080255484588,0,-2.16274927962297,-20.1583978197002,-6.12883884043613,99.8889197445154,76.315172817809,0.595639469543718,0,0,122,refinement
116,7,0.111080255484588,0.111080255484588,0,-2.16274927962297,-20.645080551766,-6.12883884043613,99.8889197445154,76.1628588166374,0.798089246184318,0,0,123,refinement
116,8,0.111080255484588,0.111080255484588,0,-2.16274927962297,-21.096135891654,-6.1370494656427,99.8889197445154,75.9695371997657,1.06023534894559,0,0,124,refinement
116,9,0.111080255484588,0.111080255484588,0,-2.16549314357565,-21.3756686911285,-6.1370494656427,99.8889197445154,75.7644991212654,1.32238145170686,0,0,125,refinement
116,10,0.111080255484588,0.111080255484588,0,-2.16549314357565,-21.9302775203432,-6.1370494656427,99.8889197445154,75.6297598125366,1.71268787137365,0,0,126,refinement
116,11,0.111080255484588,0.111080255484588,0,-2.16549314357565,-22.3122505893452,-6.1370494656427,99.8889197445154,75.4071470415934,2.04473960153792,0,0,127,refinement
116,12,0.111080255484588,0.111080255484588,0,-2.16549314357565,-22.6865110699188,-6.13793830251026,99.8889197445154,75.1275820170109,2.60398462076197,0,0,128,refinement
117,0,0.44432102193835,0.44432102193835,0.180505415162455,3.40755938424803,-18.7670145977712,-0.634055502576374,99.5556789780616,77.4282366725249,0,0,0,117,refinement
117,1,0.44432102193835,0.44432102193835,0.180505415162455,3.40755938424803,-18.7670145977712,-0.634055502576374,99.5556789780616,77.4165202108963,0.0117164616285882,0,0,118,refinement
117,2,0.222160510969175,0.222160510969175,0.138850319355735,0.0492904415484361,-18.8423633248467,-2.93578046698473,99.7778394890308,77.3989455184534,0.0899078444594291,0,0,119,refinement
117,3,0.111080255484588,0.111080255484588,0.0277700638711469,-2.16274927962297,-19.1808663340336,-5.88364196708134,99.8889197445154,77.2817809021675,0.162957968082715,0,0,120,refinement
117,4,0.111080255484588,0.111080255484588,0,-2.16274927962297,-19.4441609483524,-6.09875207443025,99.8889197445154,77.1931956257594,0.331535176444145,0,0,121,refinement
117,5,0.111080255484588,0.111080255484588,0,-2.16274927962297,-19.7639345985897,-6.12883884043613,99.8889197445154,77.0533099004101,0.460777702854574,0,0,122,refinement
117,6,0.111080255484588,0.111080255484588,0,-2.16274927962297,-20.1903310938926,-6.12883884043613,99.8889197445154,76.9595782073814,0.595639469543718,0,0,123,refinement
117,7,0.111080255484588,0.111080255484588,0,-2.16274927962297,-20.6714979752993,-6.12883884043613,99.8889197445154,76.8072642062097,0.798089246184318,0,0,124,refinement
117,8,0.111080255484588,0.111080255484588,0,-2.16274927962297,-21.1138449072071,-6.1370494656427,99.8889197445154,76.613942589338,1.06023534894559,0,0,125,refinement
117,9,0.111080255484588,0.111080255484588,0,-2.16549314357565,-21.4347005523654,-6.1370494656427,99.8889197445154,76.4089045108377,1.32238145170686,0,0,126,refinement
117,10,0.111080255484588,0.111080255484588,0,-2.16549314357565,-21.9589862347769,-6.1370494656427,99.8889197445154,76.274165202109,1.71268787137365,0,0,127,refinement
117,11,0.111080255484588,0.111080255484588,0,-2.16549314357565,-22.3276870032326,-6.1370494656427,99.8889197445154,76.0515524311658,2.04473960153792,0,0,128,refinement
117,12,0.111080255484588,0.111080255484588,0,-2.16549314357565,-22.6865110699188,-6.13793830251026,99.8889197445154,75.7837181044957,2.60398462076197,0,0,129,refinement
118,0,0.44432102193835,0.44432102193835,0.166620383226881,3.40755938424803,-18.7929071909442,-0.634055502576374,99.5556789780616,78.0374926772115,0,0,0,118,refinement
118,1,0.44432102193835,0.44432102193835,0.166620383226881,3.40755938424803,-18.7929071909442,-0.634055502576374,99.5556789780616,78.0257762155829,0.0117164616285882,0,0,119,refinement
118,2,0.222160510969175,0.222160510969175,0.124965287420161,0.0492904415484361,-18.8686034399227,-3.10474559559713,99.7778394890308,78.00820152314,0.0899078444594291,0,0,120,refinement
118,3,0.0833101916134407,0.0833101916134407,0.0277700638711469,-2.16274927962297,-19.2086219196052,-6.42621930119827,99.9166898083866,77.9465370595383,0.162957968082715,0,1,121,refinement
118,4,0.0833101916134407,0.0833101916134407,0,-2.16274927962297,-19.4649258748386,-8.54305167841937,99.9166898083866,77.8857837181045,0.331535176444145,0,1,122,refinement
118,5,0.0833101916134407,0.0833101916134407,0,-2.16274927962297,-19.843487498122,-10.6322658830493,99.9166898083866,77.6625659050967,0.460777702854574,0,1,123,refinement
118,6,0.0833101916134407,0.0833101916134407,0,-2.16274927962297,-20.2258419125628,-11.7621643747507,99.9166898083866,77.568834212068,0.595639469543718,0,1,124,refinement
118,7,0.0833101916134407,0.0833101916134407,0,-2.16274927962297,-20.712813868666,-11.7621643747507,99.9166898083866,77.4165202108963,0.798089246184318,0,1,125,refinement
118,8,0.0833101916134407,0.0833101916134407,0,-2.16274927962297,-21.1210441944809,-12.1833895572466,99.9166898083866,77.2231985940246,1.06023534894559,0,1,126,refinement
118,9,0.0833101916134407,0.0833101916134407,0,-2.16549314357565,-21.4657137989818,-12.4282347133182,99.9166898083866,77.0181605155243,1.32238145170686,0,1,127,refinement
118,10,0.0833101916134407,0.0833101916134407,0,-2.16549314357565,-22.0355832415578,-12.4282347133182,99.9166898083866,76.8834212067955,1.71268787137365,0,1,128,refinement
118,11,0.0833101916134407,0.0833101916134407,0,-2.16549314357565,-22.3374965308503,-12.4282347133182,99.9166898083866,76.6608084358524,2.04473960153792,0,1,129,refinement
118,12,0.0833101916134407,0.0833101916134407,0,-2.16549314357565,-22.6865110699188,-12.4282347133182,99.9166898083866,76.4763061968408,2.60398462076197,0,1,130,refinement
119,0,0.44432102193835,0.44432102193835,0.152735351291308,3.40755938424803,-18.7957426049456,-0.634055502576374,99.5556789780616,78.8092345078979,0,0,0,119,refinement
119,1,0.44432102193835,0.44432102193835,0.152735351291308,3.40755938424803,-18.7957426049456,-0.634055502576374,99.5556789780616,78.8092345078979,0.0117164616285882,0,0,120,refinement
119,2,0.222160510969175,0.222160510969175,0.111080255484588,0.0492904415484361,-18.8783302169911,-3.62827177473132,99.7778394890308,78.8092345078979,0.0899078444594291,0,0,121,refinement
119,3,0.0555401277422938,0.0555401277422938,0.0277700638711469,-2.16274927962297,-19.2382704786994,-6.6875042403235,99.9444598722577,78.7849331713244,0.162957968082715,0,1,122,refinement
119,4,0.0555401277422938,0.0555401277422938,0,-2.16274927962297,-19.4697901007585,-8.68087922659655,99.9444598722577,78.7241798298906,0.331535176444145,0,1,123,refinement
119,5,0.0555401277422938,0.0555401277422938,0,-2.16274927962297,-19.8737069211466,-11.3736531265771,99.9444598722577,78.4933171324423,0.460777702854574,0,1,124,refinement
119,6,0.0555401277422938,0.0555401277422938,0,-2.16274927962297,-20.2304766574021,-12.064129363231,99.9444598722577,78.3245459871119,0.595639469543718,0,1,125,refinement
119,7,0.0555401277422938,0.0555401277422938,0,-2.16274927962297,-20.7365932682859,-12.064129363231,99.9444598722577,78.1722319859402,0.798089246184318,0,1,126,refinement
119,8,0.0555401277422938,0.0555401277422938,0,-2.16274927962297,-21.1266344164946,-12.3676587020653,99.9444598722577,77.9789103690685,1.06023534894559,0,1,127,refinement
119,9,0.0555401277422938,0.0555401277422938,0,-2.16549314357565,-21.4834466476836,-12.9320554638678,99.9444598722577,77.7738722905682,1.32238145170686,0,1,128,refinement
119,10,0.0555401277422938,0.0555401277422938,0,-2.16549314357565,-22.0554360516257,-12.9320554638678,99.9444598722577,77.6391329818395,1.71268787137365,0,1,129,refinement
119,11,0.0555401277422938,0.0555401277422938,0,-2.16549314357565,-22.3488999741341,-12.9320554638678,99.9444598722577,77.4969623329283,2.04473960153792,0,1,130,refinement
119,12,0.0555401277422938,0.0555401277422938,0,-2.16549314357565,-22.6865110699188,-12.9320554638678,99.9444598722577,77.314702308627,2.60398462076197,0,1,131,refinement
120,0,0.44432102193835,0.44432102193835,0.124965287420161,3.40755938424803,-18.8581327619582,-0.634055502576374,99.5556789780616,79.5929526123937,0,0,0,120,refinement
120,1,0.44432102193835,0.44432102193835,0.124965287420161,3.40755938424803,-18.8581327619582,-0.634055502576374,99.5556789780616,79.5929526123937,0.0117164616285882,0,0,121,refinement
120,2,0.222160510969175,0.222160510969175,0.0833101916134407,0.0492904415484361,-18.9243565090641,-3.62827177473132,99.7778394890308,79.5929526123937,0.0899078444594291,0,0,122,refinement
120,3,0.0555401277422938,0.0555401277422938,0,-4.76725244410861,-19.2992501570457,-7.11766284151568,99.9444598722577,79.5686512758202,0.162957968082715,0,1,123,refinement
120,4,0,0,0,-8.52875574308541,-19.5224761010566,-10.5327066365695,100,79.5078979343864,0.331535176444145,1,1,124,refinement
120,5,0,0,0,-10.5090443447328,-19.9376978716186,-11.3736531265771,100,79.277035236938,0.460777702854574,1,1,125,refinement
120,6,0,0,0,-11.7290595755934,-20.3068039052035,-12.5222409858017,100,79.052247873633,0.595639469543718,1,1,126,refinement
120,7,0,0,0,-11.7290595755934,-20.7763392030423,-12.9320554638678,100,78.9307411907655,0.798089246184318,1,1,127,refinement
120,8,0,0,0,-12.2347983636627,-21.1965285636882,-12.9320554638678,100,78.7424058323208,1.06023534894559,1,1,128,refinement
120,9,0,0,0,-12.3709951689891,-21.5304419589091,-12.9320554638678,100,78.5479951397327,1.32238145170686,1,1,129,refinement
120,10,0,0,0,-12.3709951689891,-22.0953202261408,-12.9320554638678,100,78.408262454435,1.71268787137365,1,1,130,refinement
120,11,0,0,0,-12.3709951689891,-22.3660780234634,-12.9320554638678,100,78.2806804374241,2.04473960153792,1,1,131,refinement
120,12,0,0,0,-12.3709951689891,-22.6865110699188,-12.9320554638678,100,78.0984204131227,2.60398462076197,1,1,132,refinement
121,0,0.44432102193835,0.44432102193835,0.124965287420161,3.40755938424803,-18.8639073215697,-0.634055502576374,99.5556789780616,80.2976913730255,0,0,0,121,refinement
121,1,0.44432102193835,0.44432102193835,0.124965287420161,3.40755938424803,-18.8639073215697,-0.634055502576374,99.5556789780616,80.2976913730255,0.0117164616285882,0,0,122,refinement
121,2,0.222160510969175,0.222160510969175,0.0833101916134407,0.0492904415484361,-18.9538859539644,-3.62827177473132,99.7778394890308,80.2976913730255,0.0899078444594291,0,0,123,refinement
121,3,0.0555401277422938,0.0555401277422938,0,-4.76725244410861,-19.2992501570457,-7.11766284151568,99.9444598722577,80.273390036452,0.162957968082715,0,1,124,refinement
121,4,0,0,0,-8.52875574308541,-19.5224761010566,-10.5327066365695,100,80.2126366950182,0.331535176444145,1,1,125,refinement
121,5,0,0,0,-10.5090443447328,-19.9376978716186,-11.3736531265771,100,79.9817739975699,0.460777702854574,1,1,126,refinement
121,6,0,0,0,-11.7290595755934,-20.3068039052035,-12.5222409858017,100,79.7569866342649,0.595639469543718,1,1,127,refinement
121,7,0,0,0,-11.7290595755934,-20.7763392030423,-12.9320554638678,100,79.6354799513973,0.798089246184318,1,1,128,refinement
121,8,0,0,0,-12.2347983636627,-21.1965285636882,-12.9320554638678,100,79.4471445929526,1.06023534894559,1,1,129,refinement
121,9,0,0,0,-12.3709951689891,-21.5304419589091,-12.9320554638678,100,79.2527339003645,1.32238145170686,1,1,130,refinement
121,10,0,0,0,-12.3709951689891,-22.0953202261408,-12.9320554638678,100,79.1130012150668,1.71268787137365,1,1,131,refinement
121,11,0,0,0,-12.3709951689891,-22.3660780234634,-12.9320554638678,100,78.9854191980559,2.04473960153792,1,1,132,refinement
121,12,0,0,0,-12.3709951689891,-22.6865110699188,-12.9320554638678,100,78.8031591737546,2.60398462076197,1,1,133,refinement
122,0,0.44432102193835,0.44432102193835,0.124965287420161,3.40755938424803,-18.8686034399227,-0.634055502576374,99.5556789780616,81.1117861482382,0,0,0,122,refinement
122,1,0.44432102193835,0.44432102193835,0.124965287420161,3.40755938424803,-18.8686034399227,-0.634055502576374,99.5556789780616,81.1117861482382,0.0117164616285882,0,0,123,refinement
122,2,0.222160510969175,0.222160510969175,0.0833101916134407,0.0492904415484361,-19.0328867243607,-3.62827177473132,99.7778394890308,81.1117861482382,0.0899078444594291,0,0,124,refinement
122,3,0.0555401277422938,0.0555401277422938,0,-4.76725244410861,-19.3583157292404,-7.11766284151568,99.9444598722577,81.0874848116646,0.162957968082715,0,1,125,refinement
122,4,0,0,0,-8.52875574308541,-19.5513304493565,-10.5327066365695,100,81.0267314702309,0.331535176444145,1,1,126,refinement
122,5,0,0,0,-10.5090443447328,-19.9782698976588,-11.3736531265771,100,80.7958687727825,0.460777702854574,1,1,127,refinement
122,6,0,0,0,-11.7290595755934,-20.3186042844269,-12.5222409858017,100,80.5710814094775,0.595639469543718,1,1,128,refinement
122,7,0,0,0,-11.7290595755934,-20.7763392030423,-12.9320554638678,100,80.44957472661,0.798089246184318,1,1,129,refinement
122,8,0,0,0,-12.2347983636627,-21.1965285636882,-12.9320554638678,100,80.2612393681652,1.06023534894559,1,1,130,refinement
122,9,0,0,0,-12.3709951689891,-21.5304419589091,-12.9320554638678,100,80.0668286755772,1.32238145170686,1,1,131,refinement
122,10,0,0,0,-12.3709951689891,-22.0953202261408,-12.9320554638678,100,79.9270959902795,1.71268787137365,1,1,132,refinement
122,11,0,0,0,-12.3709951689891,-22.3660780234634,-12.9320554638678,100,79.7995139732685,2.04473960153792,1,1,133,refinement
122,12,0,0,0,-12.3709951689891,-22.6865110699188,-12.9320554638678,100,79.6172539489672,2.60398462076197,1,1,134,refinement
123,0,0.44432102193835,0.44432102193835,0.124965287420161,3.40755938424803,-18.8686034399227,-0.634055502576374,99.5556789780616,81.7739975698663,0,0,0,123,refinement
123,1,0.44432102193835,0.44432102193835,0.124965287420161,3.40755938424803,-18.8686034399227,-0.634055502576374,99.5556789780616,81.7739975698663,0.0117164616285882,0,0,124,refinement
123,2,0.222160510969175,0.222160510969175,0.0833101916134407,0.0492904415484361,-19.0328867243607,-3.62827177473132,99.7778394890308,81.7739975698663,0.0899078444594291,0,0,125,refinement
123,3,0.0555401277422938,0.0555401277422938,0,-4.76725244410861,-19.3583157292404,-7.11766284151568,99.9444598722577,81.7496962332928,0.162957968082715,0,1,126,refinement
123,4,0,0,0,-8.52875574308541,-19.5513304493565,-10.5327066365695,100,81.6889428918591,0.331535176444145,1,1,127,refinement
123,5,0,0,0,-10.5090443447328,-19.9782698976588,-11.3736531265771,100,81.4580801944107,0.460777702854574,1,1,128,refinement
123,6,0,0,0,-11.7290595755934,-20.3186042844269,-12.5222409858017,100,81.2332928311057,0.595639469543718,1,1,129,refinement
123,7,0,0,0,-11.7290595755934,-20.783730667985,-12.9320554638678,100,81.1117861482382,0.798089246184318,1,1,130,refinement
123,8,0,0,0,-12.2347983636627,-21.1965285636882,-12.9320554638678,100,80.9234507897934,1.06023534894559,1,1,131,refinement
123,9,0,0,0,-12.3709951689891,-21.5304419589091,-12.9320554638678,100,80.7290400972053,1.32238145170686,1,1,132,refinement
123,10,0,0,0,-12.3709951689891,-22.1011609026534,-12.9320554638678,100,80.5893074119077,1.71268787137365,1,1,133,refinement
123,11,0,0,0,-12.3709951689891,-22.3660780234634,-12.9320554638678,100,80.4617253948967,2.04473960153792,1,1,134,refinement
123,12,0,0,0,-12.3709951689891,-22.6865110699188,-12.9320554638678,100,80.2794653705954,2.60398462076197,1,1,135,refinement
124,0,0.44432102193835,0.44432102193835,0.124965287420161,3.40755938424803,-18.8686034399227,-0.634055502576374,99.5556789780616,82.363304981774,0,0,0,124,refinement
124,1,0.44432102193835,0.44432102193835,0.124965287420161,3.40755938424803,-18.8686034399227,-0.634055502576374,99.5556789780616,82.363304981774,0.0117164616285882,0,0,125,refinement
124,2,0.222160510969175,0.222160510969175,0.0833101916134407,0.0492904415484361,-19.0328867243607,-3.62827177473132,99.7778394890308,82.363304981774,0.0899078444594291,0,0,126,refinement
124,3,0.0555401277422938,0.0555401277422938,0,-4.76725244410861,-19.3583157292404,-7.11766284151568,99.9444598722577,82.3390036452005,0.162957968082715,0,1,127,refinement
124,4,0,0,0,-8.52875574308541,-19.5513304493565,-10.5327066365695,100,82.2782503037667,0.331535176444145,1,1,128,refinement
124,5,0,0,0,-10.5090443447328,-19.9782698976588,-11.3736531265771,100,82.0473876063184,0.460777702854574,1,1,129,refinement
124,6,0,0,0,-11.7290595755934,-20.3186042844269,-12.5222409858017,100,81.8226002430134,0.595639469543718,1,1,130,refinement
124,7,0,0,0,-11.7290595755934,-20.783730667985,-12.9320554638678,100,81.7010935601458,0.798089246184318,1,1,131,refinement
124,8,0,0,0,-12.2347983636627,-21.1965285636882,-12.9320554638678,100,81.5127582017011,1.06023534894559,1,1,132,refinement
124,9,0,0,0,-12.3709951689891,-21.5304419589091,-12.9320554638678,100,81.318347509113,1.32238145170686,1,1,133,refinement
124,10,0,0,0,-12.3709951689891,-22.1011609026534,-12.9320554638678,100,81.1786148238153,1.71268787137365,1,1,134,refinement
124,11,0,0,0,-12.3709951689891,-22.3660780234634,-12.9320554638678,100,81.0510328068044,2.04473960153792,1,1,135,refinement
124,12,0,0,0,-12.3709951689891,-22.6865110699188,-12.9320554638678,100,80.868772782503,2.60398462076197,1,1,136,refinement
125,0,0.44432102193835,0.44432102193835,0.124965287420161,3.40755938424803,-18.8686034399227,-0.634055502576374,99.5556789780616,83.0619684082625,0,0,0,125,refinement
125,1,0.44432102193835,0.44432102193835,0.124965287420161,3.40755938424803,-18.8686034399227,-0.634055502576374,99.5556789780616,83.0619684082625,0.0117164616285882,0,0,126,refinement
125,2,0.222160510969175,0.222160510969175,0.0833101916134407,0.0492904415484361,-19.0328867243607,-3.62827177473132,99.7778394890308,83.0619684082625,0.0899078444594291,0,0,127,refinement
125,3,0.0555401277422938,0.0555401277422938,0,-4.76725244410861,-19.3583157292404,-7.11766284151568,99.9444598722577,83.0376670716889,0.162957968082715,0,1,128,refinement
125,4,0,0,0,-8.52875574308541,-19.5513304493565,-10.5327066365695,100,82.9769137302552,0.331535176444145,1,1,129,refinement
125,5,0,0,0,-10.5090443447328,-19.9782698976588,-11.3736531265771,100,82.7460510328068,0.460777702854574,1,1,130,refinement
125,6,0,0,0,-11.7290595755934,-20.3186042844269,-12.5222409858017,100,82.5212636695018,0.595639469543718,1,1,131,refinement
125,7,0,0,0,-11.7290595755934,-20.783730667985,-12.9320554638678,100,82.3997569866343,0.798089246184318,1,1,132,refinement
125,8,0,0,0,-12.2347983636627,-21.1965285636882,-12.9320554638678,100,82.2114216281896,1.06023534894559,1,1,133,refinement
125,9,0,0,0,-12.3709951689891,-21.5304419589091,-12.9320554638678,100,82.0170109356015,1.32238145170686,1,1,134,refinement
125,10,0,0,0,-12.3709951689891,-22.1011609026534,-12.9320554638678,100,81.8772782503038,1.71268787137365,1,1,135,refinement
125,11,0,0,0,-12.3709951689891,-22.3660780234634,-12.9320554638678,100,81.7496962332928,2.04473960153792,1,1,136,refinement
125,12,0,0,0,-12.3709951689891,-22.6865110699188,-12.9320554638678,100,81.5674362089915,2.60398462076197,1,1,137,refinement
126,0,0.44432102193835,0.44432102193835,0.124965287420161,3.40755938424803,-18.8686034399227,-0.634055502576374,99.5556789780616,83.6938031591738,0,0,0,126,refinement
126,1,0.44432102193835,0.44432102193835,0.124965287420161,3.40755938424803,-18.8686034399227,-0.634055502576374,99.5556789780616,83.6938031591738,0.0117164616285882,0,0,127,refinement
126,2,0.222160510969175,0.222160510969175,0.0833101916134407,0.0492904415484361,-19.0328867243607,-3.62827177473132,99.7778394890308,83.6938031591738,0.0899078444594291,0,0,128,refinement
126,3,0.0555401277422938,0.0555401277422938,0,-4.76725244410861,-19.3583157292404,-7.11766284151568,99.9444598722577,83.6695018226002,0.162957968082715,0,1,129,refinement
126,4,0,0,0,-8.52875574308541,-19.5513304493565,-10.5327066365695,100,83.6087484811665,0.331535176444145,1,1,130,refinement
126,5,0,0,0,-10.5090443447328,-19.9782698976588,-11.3736531265771,100,83.3778857837181,0.460777702854574,1,1,131,refinement
126,6,0,0,0,-11.7290595755934,-20.3186042844269,-12.5222409858017,100,83.1530984204131,0.595639469543718,1,1,132,refinement
126,7,0,0,0,-11.7290595755934,-20.783730667985,-12.9320554638678,100,83.0315917375456,0.798089246184318,1,1,133,refinement
126,8,0,0,0,-12.2347983636627,-21.1965285636882,-12.9320554638678,100,82.8432563791009,1.06023534894559,1,1,134,refinement
126,9,0,0,0,-12.3709951689891,-21.5304419589091,-12.9320554638678,100,82.6488456865128,1.32238145170686,1,1,135,refinement
126,10,0,0,0,-12.3709951689891,-22.1011609026534,-12.9320554638678,100,82.5091130012151,1.71268787137365,1,1,136,refinement
126,11,0,0,0,-12.3709951689891,-22.3660780234634,-12.9320554638678,100,82.3815309842041,2.04473960153792,1,1,137,refinement
126,12,0,0,0,-12.3709951689891,-22.6865110699188,-12.9320554638678,100,82.1992709599028,2.60398462076197,1,1,138,refinement
127,0,0.44432102193835,0.44432102193835,0.124965287420161,3.40755938424803,-18.8686034399227,-0.634055502576374,99.5556789780616,84.5565006075334,0,0,0,127,refinement
127,1,0.44432102193835,0.44432102193835,0.124965287420161,3.40755938424803,-18.8686034399227,-0.634055502576374,99.5556789780616,84.5565006075334,0.0117164616285882,0,0,128,refinement
127,2,0.222160510969175,0.222160510969175,0.0833101916134407,0.0492904415484361,-19.0328867243607,-3.62827177473132,99.7778394890308,84.5565006075334,0.0899078444594291,0,0,129,refinement
127,3,0.0555401277422938,0.0555401277422938,0,-4.76725244410861,-19.3583157292404,-7.11766284151568,99.9444598722577,84.5321992709599,0.162957968082715,0,1,130,refinement
127,4,0,0,0,-8.52875574308541,-19.5513304493565,-10.5327066365695,100,84.4714459295261,0.331535176444145,1,1,131,refinement
127,5,0,0,0,-10.5090443447328,-19.9782698976588,-11.3736531265771,100,84.2405832320778,0.460777702854574,1,1,132,refinement
127,6,0,0,0,-11.7290595755934,-20.3186042844269,-12.5222409858017,100,84.0157958687728,0.595639469543718,1,1,133,refinement
127,7,0,0,0,-11.7290595755934,-20.783730667985,-12.9320554638678,100,83.8942891859052,0.798089246184318,1,1,134,refinement
127,8,0,0,0,-12.2347983636627,-21.1965285636882,-12.9320554638678,100,83.7059538274605,1.06023534894559,1,1,135,refinement
127,9,0,0,0,-12.3709951689891,-21.5304419589091,-12.9320554638678,100,83.5115431348724,1.32238145170686,1,1,136,refinement
127,10,0,0,0,-12.3709951689891,-22.1011609026534,-12.9320554638678,100,83.3718104495747,1.71268787137365,1,1,137,refinement
127,11,0,0,0,-12.3709951689891,-22.3660780234634,-12.9320554638678,100,83.2442284325638,2.04473960153792,1,1,138,refinement
127,12,0,0,0,-12.3709951689891,-22.6865110699188,-12.9320554638678,100,83.0619684082625,2.60398462076197,1,1,139,refinement
154.302489129779,0,0.44432102193835,0.44432102193835,0.124965287420161,3.40755938424803,-18.8686034399227,-0.634055502576374,99.5556789780616,100,0,0,0,154.302489129779,refinement
154.302489129779,1,0.44432102193835,0.44432102193835,0.124965287420161,3.40755938424803,-18.8686034399227,-0.634055502576374,99.5556789780616,100,0.0117164616285882,0,0,155.302489129779,refinement
154.302489129779,2,0.222160510969175,0.222160510969175,0.0833101916134407,0.0492904415484361,-19.0328867243607,-3.62827177473132,99.7778394890308,100,0.0899078444594291,0,0,156.302489129779,refinement
154.302489129779,3,0.0555401277422938,0.0555401277422938,0,-4.76725244410861,-19.3583157292404,-7.11766284151568,99.9444598722577,99.9756986634265,0.162957968082715,0,1,157.302489129779,refinement
154.302489129779,4,0,0,0,-8.52875574308541,-19.5513304493565,-10.5327066365695,100,99.9149453219927,0.331535176444145,1,1,158.302489129779,refinement
154.302489129779,5,0,0,0,-10.5090443447328,-19.9782698976588,-11.3736531265771,100,99.6840826245443,0.460777702854574,1,1,159.302489129779,refinement
154.302489129779,6,0,0,0,-11.7290595755934,-20.3186042844269,-12.5222409858017,100,99.5313415348565,0.595639469543718,1,1,160.302489129779,refinement
154.302489129779,7,0,0,0,-11.7290595755934,-20.783730667985,-12.9320554638678,100,99.3790275336848,0.798089246184318,1,1,161.302489129779,refinement
154.302489129779,8,0,0,0,-12.2347983636627,-21.1965285636882,-12.9320554638678,100,99.1857059168131,1.06023534894559,1,1,162.302489129779,refinement
154.302489129779,9,0,0,0,-12.3709951689891,-21.5304419589091,-12.9320554638678,100,99.0503483928973,1.32238145170686,1,1,163.302489129779,refinement
154.302489129779,10,0,0,0,-12.3709951689891,-22.1011609026534,-12.9320554638678,100,98.8459285295841,1.71268787137365,1,1,164.302489129779,refinement
154.302489129779,11,0,0,0,-12.3709951689891,-22.3660780234634,-12.9320554638678,100,98.6877278250304,2.04473960153792,1,1,165.302489129779,refinement
154.302489129779,12,0,0,0,-12.3709951689891,-22.6865110699188,-12.9320554638678,100,98.505467800729,2.60398462076197,1,1,166.302489129779,refinement
154.302489129779,154.302489129779,0,0,0,-2948.41956873937,-2948.41956873937,-2948.41956873937,100,0,100,1,1,308.604978259558,refinement
116.5,1.5,0.305470702582616,0.305470702582616,0.152735351291308,0.0492904415484361,-18.7929071909442,-2.93578046698473,99.6945292974174,77.070884592853,0.0505731625084289,0,0,118,final
116.5,2,0.222160510969175,0.222160510969175,0.138850319355735,0.0492904415484361,-18.8136999531631,-2.93578046698473,99.7778394890308,77.0650263620387,0.0899078444594291,0,0,118.5,final
116.5,2.5,0.138850319355735,0.138850319355735,0.0833101916134407,-2.16274927962297,-18.8985746019403,-4.75265795554559,99.8611496806443,77.01230228471,0.140481006967858,0,0,119,final
116.5,3,0.111080255484588,0.111080255484588,0.0277700638711469,-2.16274927962297,-19.1742840079278,-5.88364196708134,99.8889197445154,76.9744835965978,0.162957968082715,0,0,119.5,final
116.5,3.5,0.111080255484588,0.111080255484588,0,-2.16274927962297,-19.2874282005735,-5.91090856825983,99.8889197445154,76.9441069258809,0.224769611148573,0,0,120,final
116.5,4,0.111080255484588,0.111080255484588,0,-2.16274927962297,-19.423264915103,-6.09875207443025,99.8889197445154,76.913730255164,0.331535176444145,0,0,120.5,final
116.5,4.5,0.111080255484588,0.111080255484588,0,-2.16274927962297,-19.5566861754971,-6.12883884043613,99.8889197445154,76.7861482381531,0.421443020903574,0,0,121,final
116.5,5,0.111080255484588,0.111080255484588,0,-2.16274927962297,-19.7227868580495,-6.12883884043613,99.8889197445154,76.7193907439953,0.460777702854574,0,0,121.5,final
116.5,5.5,0.111080255484588,0.111080255484588,0,-2.16274927962297,-19.9011598603081,-6.12883884043613,99.8889197445154,76.6549502050381,0.556304787592718,0,0,122,final
117,1.5,0.305470702582616,0.305470702582616,0.152735351291308,0.0492904415484361,-18.7957426049456,-2.93578046698473,99.6945292974174,77.4048037492677,0.0505731625084289,0,0,118.5,final
117,2,0.222160510969175,0.222160510969175,0.138850319355735,0.0492904415484361,-18.8423633248467,-2.93578046698473,99.7778394890308,77.3989455184534,0.0899078444594291,0,0,119,final
117,2.5,0.138850319355735,0.138850319355735,0.0833101916134407,-2.16274927962297,-18.9243565090641,-4.75265795554559,99.8611496806443,77.3462214411248,0.140481006967858,0,0,119.5,final
117,3,0.111080255484588,0.111080255484588,0.0277700638711469,-2.16274927962297,-19.1808663340336,-5.88364196708134,99.8889197445154,77.2817809021675,0.162957968082715,0,0,120,final
117,3.5,0.111080255484588,0.111080255484588,0,-2.16274927962297,-19.2992501570457,-5.91090856825983,99.8889197445154,77.2235722964763,0.224769611148573,0,0,120.5,final
117,4,0.111080255484588,0.111080255484588,0,-2.16274927962297,-19.4441609483524,-6.09875207443025,99.8889197445154,77.1931956257594,0.331535176444145,0,0,121,final
117,4.5,0.111080255484588,0.111080255484588,0,-2.16274927962297,-19.5709719782325,-6.12883884043613,99.8889197445154,77.1177504393673,0.421443020903574,0,0,121.5,final
117,5,0.111080255484588,0.111080255484588,0,-2.16274927962297,-19.7639345985897,-6.12883884043613,99.8889197445154,77.0533099004101,0.460777702854574,0,0,122,final
117,5.5,0.111080255484588,0.111080255484588,0,-2.16274927962297,-19.9269651007977,-6.12883884043613,99.8889197445154,76.9888693614528,0.556304787592718,0,0,122.5,final
117.5,1.5,0.305470702582616,0.305470702582616,0.152735351291308,0.0492904415484361,-18.8136999531631,-2.93578046698473,99.6945292974174,77.6801405975395,0.0505731625084289,0,0,119,final
117.5,2,0.222160510969175,0.222160510969175,0.138850319355735,0.0492904415484361,-18.8609276102037,-2.93578046698473,99.7778394890308,77.6742823667253,0.0899078444594291,0,0,119.5,final
117.5,2.5,0.138850319355735,0.138850319355735,0.0833101916134407,-2.16274927962297,-18.9538859539644,-4.75265795554559,99.8611496806443,77.6215582893966,0.140481006967858,0,0,120,final
117.5,3,0.111080255484588,0.111080255484588,0.0277700638711469,-2.16274927962297,-19.185458210593,-5.88364196708134,99.8889197445154,77.5820170109356,0.162957968082715,0,0,120.5,final
117.5,3.5,0.111080255484588,0.111080255484588,0,-2.16274927962297,-19.3191302630969,-5.91090856825983,99.8889197445154,77.5516403402187,0.224769611148573,0,0,121,final
117.5,4,0.111080255484588,0.111080255484588,0,-2.16274927962297,-19.4583161602993,-6.09875207443025,99.8889197445154,77.5212636695018,0.331535176444145,0,0,121.5,final
117.5,4.5,0.111080255484588,0.111080255484588,0,-2.16274927962297,-19.5815468943399,-6.26780720633055,99.8889197445154,77.3936816524909,0.421443020903574,0,0,122,final
117.5,5,0.111080255484588,0.111080255484588,0,-2.16274927962297,-19.7894162666442,-6.29876122319596,99.8889197445154,77.3286467486819,0.460777702854574,0,0,122.5,final
117.5,5.5,0.111080255484588,0.111080255484588,0,-2.16274927962297,-19.9376978716186,-6.42198276151246,99.8889197445154,77.2642062097247,0.556304787592718,0,0,123,final
118,1.5,0.305470702582616,0.305470702582616,0.138850319355735,0.0492904415484361,-18.8423633248467,-3.02393750710685,99.6945292974174,78.0140597539543,0.0505731625084289,0,0,119.5,final
118,2,0.222160510969175,0.222160510969175,0.124965287420161,0.0492904415484361,-18.8686034399227,-3.10474559559713,99.7778394890308,78.00820152314,0.0899078444594291,0,0,120,final
118,2.5,0.111080255484588,0.111080255484588,0.0833101916134407,-2.16274927962297,-19.0328867243607,-5.61327791412038,99.8889197445154,77.9708383961118,0.140481006967858,0,0,120.5,final
118,3,0.0833101916134407,0.0833101916134407,0.0277700638711469,-2.16274927962297,-19.2086219196052,-6.42621930119827,99.9166898083866,77.9465370595383,0.162957968082715,0,1,121,final
118,3.5,0.0833101916134407,0.0833101916134407,0,-2.16274927962297,-19.3583157292404,-6.6875042403235,99.9166898083866,77.9161603888214,0.224769611148573,0,1,121.5,final
118,4,0.0833101916134407,0.0833101916134407,0,-2.16274927962297,-19.4649258748386,-8.54305167841937,99.9166898083866,77.8857837181045,0.331535176444145,0,1,122,final
118,4.5,0.0833101916134407,0.0833101916134407,0,-2.16274927962297,-19.5964362638185,-10.2335229470882,99.9166898083866,77.7582017010936,0.421443020903574,0,1,122.5,final
118,5,0.0833101916134407,0.0833101916134407,0,-2.16274927962297,-19.843487498122,-10.6322658830493,99.9166898083866,77.6625659050967,0.460777702854574,0,1,123,final
118,5.5,0.0833101916134407,0.0833101916134407,0,-2.16274927962297,-19.9586980519098,-11.6549475280592,99.9166898083866,77.5981253661394,0.556304787592718,0,1,123.5,final
118.5,1.5,0.305470702582616,0.305470702582616,0.138850319355735,0.0492904415484361,-18.8423633248467,-3.02393750710685,99.6945292974174,78.3831282952548,0.0505731625084289,0,0,120,final
118.5,2,0.222160510969175,0.222160510969175,0.124965287420161,0.0492904415484361,-18.8686034399227,-3.10474559559713,99.7778394890308,78.3772700644405,0.0899078444594291,0,0,120.5,final
118.5,2.5,0.111080255484588,0.111080255484588,0.0833101916134407,-2.16274927962297,-19.0328867243607,-5.61327791412038,99.8889197445154,78.3245459871119,0.140481006967858,0,0,121,final
118.5,3,0.0833101916134407,0.0833101916134407,0.0277700638711469,-2.16274927962297,-19.2086219196052,-6.42621930119827,99.9166898083866,78.2746051032807,0.162957968082715,0,1,121.5,final
118.5,3.5,0.0833101916134407,0.0833101916134407,0,-2.16274927962297,-19.3583157292404,-6.6875042403235,99.9166898083866,78.2442284325638,0.224769611148573,0,1,122,final
118.5,4,0.0833101916134407,0.0833101916134407,0,-2.16274927962297,-19.4649258748386,-8.54305167841937,99.9166898083866,78.2138517618469,0.331535176444145,0,1,122.5,final
118.5,4.5,0.0833101916134407,0.0833101916134407,0,-2.16274927962297,-19.5964362638185,-10.2335229470882,99.9166898083866,78.0960749853544,0.421443020903574,0,1,123,final
118.5,5,0.0833101916134407,0.0833101916134407,0,-2.16274927962297,-19.843487498122,-10.6322658830493,99.9166898083866,78.0316344463972,0.460777702854574,0,1,123.5,final
118.5,5.5,0.0833101916134407,0.0833101916134407,0,-2.16274927962297,-19.9586980519098,-11.6549475280592,99.9166898083866,77.9671939074399,0.556304787592718,0,1,124,final
119,1.5,0.305470702582616,0.305470702582616,0.124965287420161,0.0492904415484361,-18.8609276102037,-3.17418999760043,99.6945292974174,78.8092345078979,0.0505731625084289,0,0,120.5,final
119,2,0.222160510969175,0.222160510969175,0.111080255484588,0.0492904415484361,-18.8783302169911,-3.62827177473132,99.7778394890308,78.8092345078979,0.0899078444594291,0,0,121,final
119,2.5,0.111080255484588,0.111080255484588,0.0694251596778673,-2.16274927962297,-19.0984856190617,-5.61327791412038,99.8889197445154,78.8092345078979,0.140481006967858,0,0,121.5,final
119,3,0.0555401277422938,0.0555401277422938,0.0277700638711469,-2.16274927962297,-19.2382704786994,-6.6875042403235,99.9444598722577,78.7849331713244,0.162957968082715,0,1,122,final
119,3.5,0.0555401277422938,0.0555401277422938,0,-2.16274927962297,-19.3838514586314,-6.92547714801799,99.9444598722577,78.7545565006075,0.224769611148573,0,1,122.5,final
119,4,0.0555401277422938,0.0555401277422938,0,-2.16274927962297,-19.4697901007585,-8.68087922659655,99.9444598722577,78.7241798298906,0.331535176444145,0,1,123,final
119,4.5,0.0555401277422938,0.0555401277422938,0,-2.16274927962297,-19.6395387833071,-10.5327066365695,99.9444598722577,78.5965978128797,0.421443020903574,0,1,123.5,final
119,5,0.0555401277422938,0.0555401277422938,0,-2.16274927962297,-19.8737069211466,-11.3736531265771,99.9444598722577,78.4933171324423,0.460777702854574,0,1,124,final
119,5.5,0.0555401277422938,0.0555401277422938,0,-2.16274927962297,-19.9782698976588,-11.6549475280592,99.9444598722577,78.3657351154313,0.556304787592718,0,1,124.5,final
119.5,1.5,0.305470702582616,0.305470702582616,0.111080255484588,0.0492904415484361,-18.8686034399227,-3.17418999760043,99.6945292974174,79.2162818955043,0.0505731625084289,0,0,121,final
119.5,2,0.222160510969175,0.222160510969175,0.0971952235490142,0.0492904415484361,-18.8905090057125,-3.62827177473132,99.7778394890308,79.2162818955043,0.0899078444594291,0,0,121.5,final
119.5,2.5,0.111080255484588,0.111080255484588,0.0555401277422938,-2.2100397118279,-19.1165429988591,-5.61327791412038,99.8889197445154,79.2162818955043,0.140481006967858,0,0,122,final
119.5,3,0.0555401277422938,0.0555401277422938,0.0138850319355735,-4.76725244410861,-19.2683659710355,-6.87452234646762,99.9444598722577,79.1919805589307,0.162957968082715,0,1,122.5,final
119.5,3.5,0.0277700638711469,0.0277700638711469,0,-5.82574832522752,-19.3913162007312,-7.59384201084709,99.9722299361289,79.1616038882138,0.224769611148573,0,1,123,final
119.5,4,0.0277700638711469,0.0277700638711469,0,-5.82574832522752,-19.4932185328844,-8.95018151242264,99.9722299361289,79.131227217497,0.331535176444145,0,1,123.5,final
119.5,4.5,0.0277700638711469,0.0277700638711469,0,-5.82574832522752,-19.6707345305948,-10.7557344877468,99.9722299361289,79.003645200486,0.421443020903574,0,1,124,final
119.5,5,0.0277700638711469,0.0277700638711469,0,-5.82574832522752,-19.9011598603081,-11.3736531265771,99.9722299361289,78.9003645200486,0.460777702854574,0,1,124.5,final
119.5,5.5,0.0277700638711469,0.0277700638711469,0,-5.82574832522752,-19.9868944655174,-11.6549475280592,99.9722299361289,78.7727825030377,0.556304787592718,0,1,125,final
120,1.5,0.305470702582616,0.305470702582616,0.0971952235490142,0.0492904415484361,-18.8905090057125,-3.17418999760043,99.6945292974174,79.5929526123937,0.0505731625084289,0,0,121.5,final
120,2,0.222160510969175,0.222160510969175,0.0833101916134407,0.0492904415484361,-18.9243565090641,-3.62827177473132,99.7778394890308,79.5929526123937,0.0899078444594291,0,0,122,final
120,2.5,0.111080255484588,0.111080255484588,0.0416550958067204,-2.2100397118279,-19.1742840079278,-5.61327791412038,99.8889197445154,79.5929526123937,0.140481006967858,0,0,122.5,final
120,3,0.0555401277422938,0.0555401277422938,0,-4.76725244410861,-19.2992501570457,-7.11766284151568,99.9444598722577,79.5686512758202,0.162957968082715,0,1,123,final
120,3.5,0,0,0,-6.66891904832255,-19.4089745299188,-7.84530256641889,100,79.5382746051033,0.224769611148573,1,1,123.5,final
120,4,0,0,0,-8.52875574308541,-19.5224761010566,-10.5327066365695,100,79.5078979343864,0.331535176444145,1,1,124,final
120,4.5,0,0,0,-10.0325405606571,-19.7639345985897,-10.8711901665143,100,79.3803159173755,0.421443020903574,1,1,124.5,final
120,5,0,0,0,-10.5090443447328,-19.9376978716186,-11.3736531265771,100,79.277035236938,0.460777702854574,1,1,125,final
120,5.5,0,0,0,-11.1966762010402,-20.0708614320652,-11.6549475280592,100,79.1494532199271,0.556304787592718,1,1,125.5,final
120.5,1.5,0.305470702582616,0.305470702582616,0.0971952235490142,0.0492904415484361,-18.8905090057125,-3.17418999760043,99.6945292974174,79.9696233292831,0.0505731625084289,0,0,122,final
120.5,2,0.222160510969175,0.222160510969175,0.0833101916134407,0.0492904415484361,-18.9243565090641,-3.62827177473132,99.7778394890308,79.9696233292831,0.0899078444594291,0,0,122.5,final
120.5,2.5,0.111080255484588,0.111080255484588,0.0416550958067204,-2.2100397118279,-19.1742840079278,-5.61327791412038,99.8889197445154,79.9696233292831,0.140481006967858,0,0,123,final
120.5,3,0.0555401277422938,0.0555401277422938,0,-4.76725244410861,-19.2992501570457,-7.11766284151568,99.9444598722577,79.9453219927096,0.162957968082715,0,1,123.5,final
120.5,3.5,0,0,0,-6.66891904832255,-19.4089745299188,-7.84530256641889,100,79.9149453219927,0.224769611148573,1,1,124,final
120.5,4,0,0,0,-8.52875574308541,-19.5224761010566,-10.5327066365695,100,79.8845686512758,0.331535176444145,1,1,124.5,final
120.5,4.5,0,0,0,-10.0325405606571,-19.7639345985897,-10.8711901665143,100,79.7569866342649,0.421443020903574,1,1,125,final
120.5,5,0,0,0,-10.5090443447328,-19.9376978716186,-11.3736531265771,100,79.6537059538275,0.460777702854574,1,1,125.5,final
120.5,5.5,0,0,0,-11.1966762010402,-20.0708614320652,-11.6549475280592,100,79.5261239368165,0.556304787592718,1,1,126,final
121,1.5,0.305470702582616,0.305470702582616,0.0971952235490142,0.0492904415484361,-18.8985746019403,-3.17418999760043,99.6945292974174,80.2976913730255,0.0505731625084289,0,0,122.5,final
121,2,0.222160510969175,0.222160510969175,0.0833101916134407,0.0492904415484361,-18.9538859539644,-3.62827177473132,99.7778394890308,80.2976913730255,0.0899078444594291,0,0,123,final
121,2.5,0.111080255484588,0.111080255484588,0.0416550958067204,-2.2100397118279,-19.1742840079278,-5.61327791412038,99.8889197445154,80.2976913730255,0.140481006967858,0,0,123.5,final
121,3,0.0555401277422938,0.0555401277422938,0,-4.76725244410861,-19.2992501570457,-7.11766284151568,99.9444598722577,80.273390036452,0.162957968082715,0,1,124,final
121,3.5,0,0,0,-6.66891904832255,-19.4089745299188,-7.84530256641889,100,80.2430133657351,0.224769611148573,1,1,124.5,final
121,4,0,0,0,-8.52875574308541,-19.5224761010566,-10.5327066365695,100,80.2126366950182,0.331535176444145,1,1,125,final
121,4.5,0,0,0,-10.0325405606571,-19.7639345985897,-10.8711901665143,100,80.0850546780073,0.421443020903574,1,1,125.5,final
121,5,0,0,0,-10.5090443447328,-19.9376978716186,-11.3736531265771,100,79.9817739975699,0.460777702854574,1,1,126,final
121,5.5,0,0,0,-11.1966762010402,-20.0708614320652,-11.6549475280592,100,79.8541919805589,0.556304787592718,1,1,126.5,final
121.5,1.5,0.305470702582616,0.305470702582616,0.0971952235490142,0.0492904415484361,-18.9243565090641,-3.17418999760043,99.6945292974174,80.7047387606318,0.0505731625084289,0,0,123,final
121.5,2,0.222160510969175,0.222160510969175,0.0833101916134407,0.0492904415484361,-19.0328867243607,-3.62827177473132,99.7778394890308,80.7047387606318,0.0899078444594291,0,0,123.5,final
121.5,2.5,0.111080255484588,0.111080255484588,0.0416550958067204,-2.2100397118279,-19.1808663340336,-5.61327791412038,99.8889197445154,80.7047387606318,0.140481006967858,0,0,124,final
121.5,3,0.0555401277422938,0.0555401277422938,0,-4.76725244410861,-19.3191302630969,-7.11766284151568,99.9444598722577,80.6804374240583,0.162957968082715,0,1,124.5,final
121.5,3.5,0,0,0,-6.66891904832255,-19.4135510117799,-7.84530256641889,100,80.6500607533414,0.224769611148573,1,1,125,final
121.5,4,0,0,0,-8.52875574308541,-19.5364480476105,-10.5327066365695,100,80.6196840826245,0.331535176444145,1,1,125.5,final
121.5,4.5,0,0,0,-10.0325405606571,-19.7894162666442,-10.8711901665143,100,80.4921020656136,0.421443020903574,1,1,126,final
121.5,5,0,0,0,-10.5090443447328,-19.9586980519098,-11.3736531265771,100,80.3888213851762,0.460777702854574,1,1,126.5,final
121.5,5.5,0,0,0,-11.1966762010402,-20.0908587623502,-11.6549475280592,100,80.2612393681652,0.556304787592718,1,1,127,final
154.302489129779,1.5,0.305470702582616,0.305470702582616,0.0971952235490142,0.0492904415484361,-18.9243565090641,-3.17418999760043,99.6945292974174,100,0.0505731625084289,0,0,155.802489129779,final
154.302489129779,2,0.222160510969175,0.222160510969175,0.0833101916134407,0.0492904415484361,-19.0328867243607,-3.62827177473132,99.7778394890308,100,0.0899078444594291,0,0,156.302489129779,final
154.302489129779,2.5,0.111080255484588,0.111080255484588,0.0416550958067204,-2.2100397118279,-19.185458210593,-5.61327791412038,99.8889197445154,100,0.140481006967858,0,0,156.802489129779,final
154.302489129779,3,0.0555401277422938,0.0555401277422938,0,-4.76725244410861,-19.3583157292404,-7.11766284151568,99.9444598722577,99.9756986634265,0.162957968082715,0,1,157.302489129779,final
154.302489129779,3.5,0,0,0,-6.66891904832255,-19.423264915103,-7.84530256641889,100,99.9453219927096,0.224769611148573,1,1,157.802489129779,final
154.302489129779,4,0,0,0,-8.52875574308541,-19.5513304493565,-10.5327066365695,100,99.9149453219927,0.331535176444145,1,1,158.302489129779,final
154.302489129779,4.5,0,0,0,-10.0325405606571,-19.843487498122,-10.8711901665143,100,99.7873633049818,0.421443020903574,1,1,158.802489129779,final
154.302489129779,5,0,0,0,-10.5090443447328,-19.9782698976588,-11.3736531265771,100,99.6840826245443,0.460777702854574,1,1,159.302489129779,final
154.302489129779,5.5,0,0,0,-11.1966762010402,-20.1178838858161,-11.6549475280592,100,99.5606326889279,0.556304787592718,1,1,159.802489129779,final
154.302489129779,154.302489129779,0,0,0,-2948.41956873937,-2948.41956873937,-2948.41956873937,100,0,100,1,1,308.604978259558,final
