Time,AggregateInterferenceDbm,IOverNDb,DominantSatelliteIndex,VisibleSatelliteCount,EligibleCandidateCount,CandidateSatelliteCount,EffectiveContributorCount,PracticalSelectedIOverNDb
01-Aug-2026 00:00:00,-160.700882732838,-32.5938957863225,0,26,26,26,5,-32.5938957863225
01-Aug-2026 00:00:02,-160.435291643205,-32.3283046966891,0,25,25,25,4,-32.3283046966891
01-Aug-2026 00:00:04,-160.452123877983,-32.3451369314666,0,25,25,25,4,-32.3451369314666
01-Aug-2026 00:00:06,-160.202838283321,-32.0958513368053,0,25,25,25,4,-32.0958513368053
01-Aug-2026 00:00:08,-159.914000463872,-31.8070135173564,0,26,26,26,4,-31.8070135173564
01-Aug-2026 00:00:10,-158.660723345271,-30.5537363987547,0,26,26,26,4,-30.5537363987547
01-Aug-2026 00:00:12,-158.41668365066,-30.3096967041444,0,26,26,26,5,-30.3096967041444
01-Aug-2026 00:00:14,-157.948362746482,-29.8413757999663,0,26,26,26,5,-29.8413757999663
01-Aug-2026 00:00:16,-157.333604090558,-29.2266171440418,0,26,26,26,6,-29.2266171440418
01-Aug-2026 00:00:18,-157.018624835411,-28.9116378888947,0,26,26,26,6,-28.9116378888947
01-Aug-2026 00:00:20,-156.73381954754,-28.6268326010245,0,26,26,26,5,-28.6268326010245
01-Aug-2026 00:00:22,-156.852527285824,-28.7455403393084,0,26,26,26,5,-28.7455403393084
01-Aug-2026 00:00:24,-156.592042611395,-28.4850556648788,0,26,26,26,4,-28.4850556648788
01-Aug-2026 00:00:26,-156.372066241158,-28.2650792946421,0,25,25,25,4,-28.2650792946421
01-Aug-2026 00:00:28,-156.291460706262,-28.1844737597457,0,25,25,25,4,-28.1844737597457
01-Aug-2026 00:00:30,-156.061973431453,-27.9549864849369,0,25,25,25,4,-27.9549864849369
01-Aug-2026 00:00:32,-155.2609524205,-27.1539654739846,0,25,25,25,4,-27.1539654739846
01-Aug-2026 00:00:34,-154.695758708936,-26.5887717624206,0,25,25,25,4,-26.5887717624206
01-Aug-2026 00:00:36,-154.803508566111,-26.696521619595,0,25,25,25,4,-26.696521619595
01-Aug-2026 00:00:38,-154.230472789954,-26.1234858434379,0,24,24,24,4,-26.1234858434379
01-Aug-2026 00:00:40,-153.822987053072,-25.7160001065561,0,24,24,24,4,-25.7160001065561
01-Aug-2026 00:00:42,-163.634107263726,-35.5271203172102,0,24,24,24,3,-35.5271203172102
01-Aug-2026 00:00:44,-163.691095485449,-35.5841085389332,0,24,24,24,2,-35.5841085389332
01-Aug-2026 00:00:46,-164.142869321543,-36.0358823750275,0,24,24,24,1,-36.0358823750275
01-Aug-2026 00:00:48,-152.49843258895,-24.3914456424339,0,24,24,24,2,-24.3914456424339
01-Aug-2026 00:00:50,-151.555245582593,-23.4482586360767,0,23,23,23,2,-23.4482586360767
01-Aug-2026 00:00:52,-151.814980595138,-23.7079936486221,0,23,23,23,1,-23.7079936486221
01-Aug-2026 00:00:54,-150.810055119764,-22.7030681732483,0,24,24,24,3,-22.7030681732483
01-Aug-2026 00:00:56,-150.347263009271,-22.2402760627547,0,23,23,23,4,-22.2402760627547
01-Aug-2026 00:00:58,-158.66242054891,-30.5554336023939,0,23,23,23,3,-30.5554336023939
01-Aug-2026 00:01:00,-158.587991702727,-30.4810047562114,0,23,23,23,2,-30.4810047562114
01-Aug-2026 00:01:02,-158.121008350079,-30.0140214035629,0,23,23,23,3,-30.0140214035629
01-Aug-2026 00:01:04,-157.606300769598,-29.4993138230821,0,23,23,23,3,-29.4993138230821
01-Aug-2026 00:01:06,-157.439977414526,-29.3329904680105,0,23,23,23,4,-29.3329904680105
01-Aug-2026 00:01:08,-156.942798781685,-28.835811835169,0,23,23,23,4,-28.835811835169
01-Aug-2026 00:01:10,-156.955559639254,-28.8485726927385,0,23,23,23,4,-28.8485726927385
01-Aug-2026 00:01:12,-156.722135110359,-28.6151481638433,0,23,23,23,4,-28.6151481638433
01-Aug-2026 00:01:14,-156.494281679678,-28.3872947331624,0,23,23,23,4,-28.3872947331624
01-Aug-2026 00:01:16,-161.790396701064,-33.6834097545479,0,23,23,23,3,-33.6834097545479
01-Aug-2026 00:01:18,-161.381334263742,-33.2743473172264,0,23,23,23,4,-33.2743473172264
01-Aug-2026 00:01:20,-150.214260151453,-22.1072732049371,0,23,23,23,4,-22.1072732049371
01-Aug-2026 00:01:22,-149.336446366654,-21.2294594201377,0,23,23,23,5,-21.2294594201377
01-Aug-2026 00:01:24,-149.500301447468,-21.3933145009518,0,23,23,23,5,-21.3933145009518
01-Aug-2026 00:01:26,-149.94525311427,-21.8382661677546,0,23,23,23,5,-21.8382661677546
01-Aug-2026 00:01:28,-149.716107321955,-21.6091203754388,0,23,23,23,5,-21.6091203754388
01-Aug-2026 00:01:30,-148.423774249119,-20.3167873026032,0,23,23,23,4,-20.3167873026032
01-Aug-2026 00:01:32,-148.807820015054,-20.7008330685378,0,23,23,23,4,-20.7008330685378
01-Aug-2026 00:01:34,-148.937366715158,-20.8303797686422,0,23,23,23,4,-20.8303797686422
01-Aug-2026 00:01:36,-149.074852834159,-20.9678658876427,0,23,23,23,4,-20.9678658876427
01-Aug-2026 00:01:38,-148.725326046396,-20.61833909988,0,24,24,24,4,-20.61833909988
01-Aug-2026 00:01:40,-148.968440887537,-20.8614539410209,0,24,24,24,4,-20.8614539410209
01-Aug-2026 00:01:42,-149.941253990851,-21.8342670443349,0,24,24,24,4,-21.8342670443349
01-Aug-2026 00:01:44,-150.26885430238,-22.1618673558645,0,24,24,24,3,-22.1618673558645
01-Aug-2026 00:01:46,-150.124670958231,-22.0176840117149,0,24,24,24,3,-22.0176840117149
01-Aug-2026 00:01:48,-150.272502296982,-22.1655153504661,0,23,23,23,4,-22.1655153504661
01-Aug-2026 00:01:50,-150.283309936269,-22.1763229897531,0,23,23,23,3,-22.1763229897531
01-Aug-2026 00:01:52,-150.842248282475,-22.7352613359596,0,23,23,23,3,-22.7352613359596
01-Aug-2026 00:01:54,-151.595646468404,-23.4886595218882,0,23,23,23,3,-23.4886595218882
01-Aug-2026 00:01:56,-152.252865161656,-24.1458782151405,0,24,24,24,2,-24.1458782151405
01-Aug-2026 00:01:58,-153.246768904235,-25.1397819577189,0,24,24,24,3,-25.1397819577189
01-Aug-2026 00:02:00,-153.392560544565,-25.2855735980489,0,24,24,24,3,-25.2855735980489
01-Aug-2026 00:02:02,-154.329983017269,-26.2229960707533,0,24,24,24,3,-26.2229960707533
01-Aug-2026 00:02:04,-175.615605922821,-47.5086189763051,0,23,23,23,2,-47.5086189763051
01-Aug-2026 00:02:06,-175.822495439477,-47.7155084929614,0,23,23,23,2,-47.7155084929614
01-Aug-2026 00:02:08,-175.795692419888,-47.6887054733724,0,23,23,23,2,-47.6887054733724
01-Aug-2026 00:02:10,-176.634185138418,-48.527198191902,0,23,23,23,2,-48.527198191902
01-Aug-2026 00:02:12,-176.607278783827,-48.5002918373116,0,23,23,23,2,-48.5002918373116
01-Aug-2026 00:02:14,-176.844303799027,-48.737316852511,0,23,23,23,2,-48.737316852511
01-Aug-2026 00:02:16,-177.455434312899,-49.3484473663832,0,23,23,23,2,-49.3484473663832
01-Aug-2026 00:02:18,-176.160578548697,-48.0535916021811,0,23,23,23,2,-48.0535916021811
01-Aug-2026 00:02:20,-176.177587975483,-48.0706010289671,0,23,23,23,2,-48.0706010289671
01-Aug-2026 00:02:22,-175.761309035124,-47.6543220886079,0,23,23,23,3,-47.6543220886079
01-Aug-2026 00:02:24,-191.893264774506,-63.7862778279905,0,23,23,23,2,-63.7862778279905
01-Aug-2026 00:02:26,-154.971653213677,-26.8646662671614,0,23,23,23,3,-26.8646662671614
01-Aug-2026 00:02:28,-190.99562170082,-62.8886347543044,0,24,24,24,2,-62.8886347543044
01-Aug-2026 00:02:30,-193.864302640533,-65.7573156940168,0,24,24,24,1,-65.7573156940168
01-Aug-2026 00:02:32,-192.647191404217,-64.5402044577015,0,25,25,25,1,-64.5402044577015
01-Aug-2026 00:02:34,-191.812248027121,-63.7052610806054,0,25,25,25,1,-63.7052610806054
01-Aug-2026 00:02:36,-190.602071492857,-62.4950845463411,0,25,25,25,1,-62.4950845463411
01-Aug-2026 00:02:38,-187.327860977532,-59.2208740310159,0,25,25,25,2,-59.2208740310159
01-Aug-2026 00:02:40,-185.378213865484,-57.2712269189678,0,25,25,25,4,-57.2712269189678
01-Aug-2026 00:02:42,-185.683331529879,-57.5763445833632,0,24,24,24,4,-57.5763445833632
01-Aug-2026 00:02:44,-186.392963341531,-58.2859763950151,0,24,24,24,3,-58.2859763950151
01-Aug-2026 00:02:46,-186.058212883167,-57.9512259366515,0,24,24,24,3,-57.9512259366515
01-Aug-2026 00:02:48,-186.249593172025,-58.1426062255095,0,25,25,25,3,-58.1426062255095
01-Aug-2026 00:02:50,-169.001876466037,-40.8948895195208,0,25,25,25,3,-40.8948895195208
01-Aug-2026 00:02:52,-162.227241744826,-34.1202547983098,0,25,25,25,5,-34.1202547983098
01-Aug-2026 00:02:54,-161.786889745338,-33.6799027988224,0,25,25,25,4,-33.6799027988224
01-Aug-2026 00:02:56,-167.897655810328,-39.7906688638119,0,25,25,25,4,-39.7906688638119
01-Aug-2026 00:02:58,-167.898600862254,-39.791613915738,0,26,26,26,5,-39.791613915738
01-Aug-2026 00:03:00,-167.145370338121,-39.0383833916055,0,26,26,26,5,-39.0383833916055
01-Aug-2026 00:03:02,-168.542093112169,-40.4351061656529,0,26,26,26,4,-40.4351061656529
01-Aug-2026 00:03:04,-168.128455735057,-40.0214687885409,0,26,26,26,3,-40.0214687885409
01-Aug-2026 00:03:06,-168.495065736841,-40.3880787903249,0,26,26,26,2,-40.3880787903249
01-Aug-2026 00:03:08,-3076.52655568589,-2948.41956873937,0,26,26,26,0,-2948.41956873937
01-Aug-2026 00:03:10,-3076.52655568589,-2948.41956873937,0,26,26,26,0,-2948.41956873937
01-Aug-2026 00:03:12,-3076.52655568589,-2948.41956873937,0,26,26,26,0,-2948.41956873937
01-Aug-2026 00:03:14,-3076.52655568589,-2948.41956873937,0,26,26,26,0,-2948.41956873937
01-Aug-2026 00:03:16,-195.113824960566,-67.0068380140502,0,26,26,26,1,-67.0068380140502
01-Aug-2026 00:03:18,-195.961743519181,-67.8547565726656,0,25,25,25,1,-67.8547565726656
01-Aug-2026 00:03:20,-179.808853857041,-51.7018669105249,0,25,25,25,2,-51.7018669105249
01-Aug-2026 00:03:22,-179.338382930492,-51.2313959839759,0,25,25,25,2,-51.2313959839759
01-Aug-2026 00:03:24,-179.743546863039,-51.6365599165229,0,24,24,24,2,-51.6365599165229
01-Aug-2026 00:03:26,-180.090249955475,-51.9832630089588,0,24,24,24,2,-51.9832630089588
01-Aug-2026 00:03:28,-178.82242838876,-50.715441442244,0,24,24,24,3,-50.715441442244
01-Aug-2026 00:03:30,-178.059251119778,-49.952264173262,0,25,25,25,3,-49.952264173262
01-Aug-2026 00:03:32,-177.861868049508,-49.7548811029917,0,25,25,25,4,-49.7548811029917
01-Aug-2026 00:03:34,-177.79852919694,-49.6915422504237,0,25,25,25,4,-49.6915422504237
01-Aug-2026 00:03:36,-178.332493220143,-50.2255062736275,0,25,25,25,4,-50.2255062736275
01-Aug-2026 00:03:38,-178.836730504054,-50.7297435575382,0,25,25,25,4,-50.7297435575382
01-Aug-2026 00:03:40,-179.253573633664,-51.1465866871478,0,25,25,25,3,-51.1465866871478
01-Aug-2026 00:03:42,-180.357599425264,-52.2506124787486,0,25,25,25,2,-52.2506124787486
01-Aug-2026 00:03:44,-179.932582437825,-51.8255954913088,0,25,25,25,2,-51.8255954913088
01-Aug-2026 00:03:46,-180.253411057256,-52.1464241107406,0,25,25,25,2,-52.1464241107406
01-Aug-2026 00:03:48,-180.316287852713,-52.2093009061975,0,25,25,25,2,-52.2093009061975
01-Aug-2026 00:03:50,-180.522280813177,-52.4152938666611,0,24,24,24,2,-52.4152938666611
01-Aug-2026 00:03:52,-180.564638881868,-52.457651935352,0,24,24,24,2,-52.457651935352
01-Aug-2026 00:03:54,-180.723454078169,-52.6164671316534,0,24,24,24,2,-52.6164671316534
01-Aug-2026 00:03:56,-165.247122271702,-37.1401353251866,0,24,24,24,3,-37.1401353251866
01-Aug-2026 00:03:58,-165.313869275371,-37.2068823288553,0,24,24,24,3,-37.2068823288553
01-Aug-2026 00:04:00,-165.655477268206,-37.5484903216898,0,24,24,24,3,-37.5484903216898
01-Aug-2026 00:04:02,-165.778369447988,-37.6713825014721,0,26,26,26,2,-37.6713825014721
01-Aug-2026 00:04:04,-165.733256503861,-37.626269557345,0,26,26,26,2,-37.626269557345
01-Aug-2026 00:04:06,-165.740235268613,-37.6332483220969,0,25,25,25,1,-37.6332483220969
01-Aug-2026 00:04:08,-165.784732980971,-37.6777460344551,0,25,25,25,1,-37.6777460344551
01-Aug-2026 00:04:10,-165.466363683276,-37.3593767367597,0,25,25,25,2,-37.3593767367597
01-Aug-2026 00:04:12,-173.406087505705,-45.2991005591891,0,25,25,25,2,-45.2991005591891
01-Aug-2026 00:04:14,-173.163714008662,-45.0567270621463,0,25,25,25,3,-45.0567270621463
01-Aug-2026 00:04:16,-172.670468018396,-44.5634810718801,0,25,25,25,3,-44.5634810718801
01-Aug-2026 00:04:18,-173.624812313094,-45.5178253665786,0,25,25,25,3,-45.5178253665786
01-Aug-2026 00:04:20,-176.240319235691,-48.1333322891752,0,25,25,25,3,-48.1333322891752
01-Aug-2026 00:04:22,-167.930608667726,-39.8236217212097,0,25,25,25,4,-39.8236217212097
01-Aug-2026 00:04:24,-168.268973159042,-40.1619862125265,0,25,25,25,4,-40.1619862125265
01-Aug-2026 00:04:26,-167.988707105304,-39.8817201587886,0,24,24,24,4,-39.8817201587886
01-Aug-2026 00:04:28,-168.185884515722,-40.0788975692062,0,24,24,24,4,-40.0788975692062
01-Aug-2026 00:04:30,-167.734525909903,-39.6275389633876,0,24,24,24,4,-39.6275389633876
01-Aug-2026 00:04:32,-174.328848334789,-46.2218613882729,0,24,24,24,3,-46.2218613882729
01-Aug-2026 00:04:34,-174.327026543094,-46.2200395965784,0,24,24,24,3,-46.2200395965784
01-Aug-2026 00:04:36,-174.455647596123,-46.3486606496069,0,24,24,24,3,-46.3486606496069
01-Aug-2026 00:04:38,-173.168130847541,-45.0611439010247,0,23,23,23,3,-45.0611439010247
01-Aug-2026 00:04:40,-173.502158632465,-45.395171685949,0,23,23,23,4,-45.395171685949
01-Aug-2026 00:04:42,-173.377929472668,-45.2709425261524,0,23,23,23,4,-45.2709425261524
01-Aug-2026 00:04:44,-172.880142835464,-44.7731558889481,0,23,23,23,4,-44.7731558889481
01-Aug-2026 00:04:46,-172.70659884043,-44.5996118939139,0,23,23,23,4,-44.5996118939139
01-Aug-2026 00:04:48,-172.921972429845,-44.814985483329,0,22,22,22,4,-44.814985483329
01-Aug-2026 00:04:50,-172.738603122528,-44.6316161760124,0,22,22,22,4,-44.6316161760124
01-Aug-2026 00:04:52,-172.968444149255,-44.8614572027394,0,22,22,22,4,-44.8614572027394
01-Aug-2026 00:04:54,-172.223124150235,-44.116137203719,0,22,22,22,4,-44.116137203719
01-Aug-2026 00:04:56,-172.593159567513,-44.4861726209972,0,22,22,22,4,-44.4861726209972
01-Aug-2026 00:04:58,-173.896274338353,-45.7892873918368,0,22,22,22,4,-45.7892873918368
01-Aug-2026 00:05:00,-173.640324835174,-45.5333378886577,0,22,22,22,5,-45.5333378886577
01-Aug-2026 00:05:02,-173.322805494524,-45.2158185480078,0,22,22,22,5,-45.2158185480078
01-Aug-2026 00:05:04,-173.677728967923,-45.5707420214069,0,22,22,22,5,-45.5707420214069
01-Aug-2026 00:05:06,-171.145403802158,-43.0384168556425,0,22,22,22,5,-43.0384168556425
01-Aug-2026 00:05:08,-170.631165439977,-42.524178493461,0,22,22,22,5,-42.524178493461
01-Aug-2026 00:05:10,-170.696857804064,-42.5898708575479,0,22,22,22,5,-42.5898708575479
01-Aug-2026 00:05:12,-170.556017937268,-42.4490309907522,0,22,22,22,5,-42.4490309907522
01-Aug-2026 00:05:14,-170.371108775596,-42.26412182908,0,22,22,22,6,-42.26412182908
01-Aug-2026 00:05:16,-170.186577784993,-42.0795908384774,0,22,22,22,6,-42.0795908384774
01-Aug-2026 00:05:18,-169.892328209863,-41.7853412633469,0,22,22,22,6,-41.7853412633469
01-Aug-2026 00:05:20,-170.05692275361,-41.9499358070944,0,22,22,22,6,-41.9499358070944
01-Aug-2026 00:05:22,-169.982866403761,-41.8758794572447,0,22,22,22,7,-41.8758794572447
01-Aug-2026 00:05:24,-169.726302727104,-41.6193157805885,0,22,22,22,7,-41.6193157805885
01-Aug-2026 00:05:26,-169.90140425453,-41.7944173080139,0,23,23,23,6,-41.7944173080139
01-Aug-2026 00:05:28,-179.289271889764,-51.1822849432483,0,23,23,23,5,-51.1822849432483
01-Aug-2026 00:05:30,-178.926471495772,-50.8194845492557,0,23,23,23,5,-50.8194845492557
01-Aug-2026 00:05:32,-178.287692424682,-50.1807054781658,0,23,23,23,5,-50.1807054781658
01-Aug-2026 00:05:34,-178.104043215478,-49.9970562689624,0,23,23,23,5,-49.9970562689624
01-Aug-2026 00:05:36,-178.018436285529,-49.9114493390127,0,23,23,23,4,-49.9114493390127
01-Aug-2026 00:05:38,-183.690917531889,-55.5839305853731,0,23,23,23,3,-55.5839305853731
01-Aug-2026 00:05:40,-184.282992572383,-56.1760056258671,0,23,23,23,3,-56.1760056258671
01-Aug-2026 00:05:42,-184.20853748772,-56.1015505412039,0,23,23,23,3,-56.1015505412039
01-Aug-2026 00:05:44,-183.87672450202,-55.7697375555037,0,24,24,24,4,-55.7697375555037
01-Aug-2026 00:05:46,-183.331043584383,-55.2240566378672,0,24,24,24,3,-55.2240566378672
01-Aug-2026 00:05:48,-183.190730667446,-55.0837437209299,0,24,24,24,3,-55.0837437209299
01-Aug-2026 00:05:50,-155.969539834368,-27.8625528878521,0,24,24,24,4,-27.8625528878521
01-Aug-2026 00:05:52,-155.385702802058,-27.2787158555417,0,24,24,24,4,-27.2787158555417
01-Aug-2026 00:05:54,-155.088274778512,-26.9812878319958,0,24,24,24,4,-26.9812878319958
01-Aug-2026 00:05:56,-154.629752695331,-26.5227657488156,0,24,24,24,3,-26.5227657488156
01-Aug-2026 00:05:58,-154.405168053906,-26.2981811073903,0,23,23,23,2,-26.2981811073903
01-Aug-2026 00:06:00,-154.039042752879,-25.932055806363,0,23,23,23,3,-25.932055806363
01-Aug-2026 00:06:02,-154.157065107654,-26.0500781611382,0,23,23,23,3,-26.0500781611382
01-Aug-2026 00:06:04,-154.208119230029,-26.1011322835135,0,23,23,23,3,-26.1011322835135
01-Aug-2026 00:06:06,-153.79238978677,-25.685402840254,0,23,23,23,3,-25.685402840254
01-Aug-2026 00:06:08,-152.831723031878,-24.7247360853625,0,23,23,23,2,-24.7247360853625
01-Aug-2026 00:06:10,-151.613834599082,-23.5068476525665,0,23,23,23,3,-23.5068476525665
01-Aug-2026 00:06:12,-151.884125869348,-23.7771389228322,0,24,24,24,4,-23.7771389228322
01-Aug-2026 00:06:14,-152.611768183993,-24.5047812374771,0,24,24,24,3,-24.5047812374771
01-Aug-2026 00:06:16,-152.72377486105,-24.6167879145337,0,25,25,25,4,-24.6167879145337
01-Aug-2026 00:06:18,-152.601907588154,-24.494920641638,0,25,25,25,3,-24.494920641638
01-Aug-2026 00:06:20,-152.337538028438,-24.2305510819226,0,25,25,25,3,-24.2305510819226
01-Aug-2026 00:06:22,-151.465678244081,-23.3586912975652,0,25,25,25,4,-23.3586912975652
01-Aug-2026 00:06:24,-150.738418328166,-22.6314313816501,0,25,25,25,4,-22.6314313816501
01-Aug-2026 00:06:26,-149.989204873311,-21.8822179267954,0,25,25,25,4,-21.8822179267954
01-Aug-2026 00:06:28,-149.423267675318,-21.3162807288023,0,25,25,25,5,-21.3162807288023
01-Aug-2026 00:06:30,-148.694258812881,-20.5872718663651,0,25,25,25,7,-20.5872718663651
01-Aug-2026 00:06:32,-148.243692266796,-20.1367053202803,0,24,24,24,7,-20.1367053202803
01-Aug-2026 00:06:34,-148.155038407229,-20.0480514607135,0,24,24,24,7,-20.0480514607135
01-Aug-2026 00:06:36,-147.712001608578,-19.6050146620621,0,24,24,24,6,-19.6050146620621
01-Aug-2026 00:06:38,-147.73277317987,-19.625786233354,0,24,24,24,9,-19.625786233354
01-Aug-2026 00:06:40,-147.340612336751,-19.2336253902347,0,25,25,25,9,-19.2336253902347
01-Aug-2026 00:06:42,-146.57526348944,-18.4682765429237,0,25,25,25,9,-18.4682765429237
01-Aug-2026 00:06:44,-146.294296342759,-18.1873093962429,0,25,25,25,12,-18.1873093962429
01-Aug-2026 00:06:46,-145.748069641972,-17.6410826954565,0,25,25,25,11,-17.6410826954565
01-Aug-2026 00:06:48,-146.097883671517,-17.9908967250008,0,26,26,26,11,-17.9908967250008
01-Aug-2026 00:06:50,-165.19901350161,-37.0920265550943,0,26,26,26,10,-37.0920265550943
01-Aug-2026 00:06:52,-164.417063965858,-36.3100770193417,0,26,26,26,9,-36.3100770193417
01-Aug-2026 00:06:54,-164.522377753647,-36.415390807131,0,26,26,26,8,-36.415390807131
01-Aug-2026 00:06:56,-164.569415173449,-36.4624282269335,0,26,26,26,8,-36.4624282269335
01-Aug-2026 00:06:58,-163.884302037602,-35.7773150910865,0,26,26,26,8,-35.7773150910865
01-Aug-2026 00:07:00,-164.202815898847,-36.0958289523314,0,26,26,26,7,-36.0958289523314
01-Aug-2026 00:07:02,-164.132544831108,-36.0255578845919,0,26,26,26,8,-36.0255578845919
01-Aug-2026 00:07:04,-164.086026327015,-35.979039380499,0,26,26,26,8,-35.979039380499
01-Aug-2026 00:07:06,-165.230742402126,-37.1237554556098,0,26,26,26,7,-37.1237554556098
01-Aug-2026 00:07:08,-165.47812456811,-37.3711376215944,0,25,25,25,6,-37.3711376215944
01-Aug-2026 00:07:10,-165.422031647998,-37.3150447014824,0,25,25,25,5,-37.3150447014824
01-Aug-2026 00:07:12,-164.904980914126,-36.7979939676106,0,25,25,25,5,-36.7979939676106
01-Aug-2026 00:07:14,-164.363660191244,-36.2566732447277,0,25,25,25,4,-36.2566732447277
01-Aug-2026 00:07:16,-149.646894161992,-21.5399072154757,0,24,24,24,5,-21.5399072154757
01-Aug-2026 00:07:18,-150.697724758608,-22.5907378120919,0,24,24,24,5,-22.5907378120919
01-Aug-2026 00:07:20,-151.175244838834,-23.0682578923177,0,25,25,25,6,-23.0682578923177
01-Aug-2026 00:07:22,-152.231889380321,-24.1249024338047,0,25,25,25,5,-24.1249024338047
01-Aug-2026 00:07:24,-152.650504057696,-24.5435171111803,0,25,25,25,6,-24.5435171111803
01-Aug-2026 00:07:26,-153.186020212143,-25.0790332656267,0,25,25,25,6,-25.0790332656267
01-Aug-2026 00:07:28,-163.125495158334,-35.0185082118178,0,25,25,25,5,-35.0185082118178
01-Aug-2026 00:07:30,-161.311297482462,-33.2043105359463,0,25,25,25,6,-33.2043105359463
01-Aug-2026 00:07:32,-161.45283222186,-33.3458452753443,0,25,25,25,6,-33.3458452753443
01-Aug-2026 00:07:34,-160.997103635417,-32.8901166889009,0,25,25,25,3,-32.8901166889009
01-Aug-2026 00:07:36,-160.878498505866,-32.7715115593504,0,25,25,25,3,-32.7715115593504
01-Aug-2026 00:07:38,-161.142247822234,-33.0352608757185,0,24,24,24,3,-33.0352608757185
01-Aug-2026 00:07:40,-159.98684347027,-31.879856523754,0,24,24,24,3,-31.879856523754
01-Aug-2026 00:07:42,-159.682783838048,-31.5757968915323,0,24,24,24,3,-31.5757968915323
01-Aug-2026 00:07:44,-162.671112791668,-34.5641258451517,0,24,24,24,4,-34.5641258451517
01-Aug-2026 00:07:46,-162.355931228009,-34.2489442814935,0,23,23,23,4,-34.2489442814935
01-Aug-2026 00:07:48,-162.106968524653,-33.9999815781368,0,23,23,23,3,-33.9999815781368
01-Aug-2026 00:07:50,-162.10582698876,-33.998840042244,0,23,23,23,3,-33.998840042244
01-Aug-2026 00:07:52,-161.926280390782,-33.8192934442665,0,23,23,23,3,-33.8192934442665
01-Aug-2026 00:07:54,-161.617461743398,-33.5104747968819,0,24,24,24,4,-33.5104747968819
01-Aug-2026 00:07:56,-161.744219076699,-33.6372321301834,0,24,24,24,4,-33.6372321301834
01-Aug-2026 00:07:58,-162.37645082934,-34.2694638828241,0,24,24,24,4,-34.2694638828241
01-Aug-2026 00:08:00,-162.452402296445,-34.3454153499293,0,24,24,24,4,-34.3454153499293
01-Aug-2026 00:08:02,-162.23679262148,-34.129805674964,0,24,24,24,4,-34.129805674964
01-Aug-2026 00:08:04,-170.428311989955,-42.3213250434392,0,24,24,24,3,-42.3213250434392
01-Aug-2026 00:08:06,-168.012710000942,-39.9057230544257,0,24,24,24,4,-39.9057230544257
01-Aug-2026 00:08:08,-170.108304528478,-42.0013175819623,0,24,24,24,5,-42.0013175819623
01-Aug-2026 00:08:10,-170.949216271676,-42.8422293251596,0,24,24,24,5,-42.8422293251596
01-Aug-2026 00:08:12,-170.769349063899,-42.6623621173831,0,24,24,24,5,-42.6623621173831
01-Aug-2026 00:08:14,-170.357339586073,-42.2503526395574,0,23,23,23,5,-42.2503526395574
01-Aug-2026 00:08:16,-170.919176838619,-42.8121898921028,0,23,23,23,5,-42.8121898921028
01-Aug-2026 00:08:18,-171.053554415006,-42.9465674684901,0,23,23,23,5,-42.9465674684901
01-Aug-2026 00:08:20,-171.359166968778,-43.2521800222619,0,23,23,23,5,-43.2521800222619
01-Aug-2026 00:08:22,-162.321644331171,-34.2146573846555,0,23,23,23,7,-34.2146573846555
01-Aug-2026 00:08:24,-161.928269637532,-33.8212826910159,0,23,23,23,7,-33.8212826910159
01-Aug-2026 00:08:26,-162.078343770778,-33.971356824262,0,23,23,23,6,-33.971356824262
01-Aug-2026 00:08:28,-162.319871893462,-34.2128849469458,0,22,22,22,7,-34.2128849469458
01-Aug-2026 00:08:30,-162.240068651933,-34.1330817054169,0,22,22,22,8,-34.1330817054169
01-Aug-2026 00:08:32,-172.31076891635,-44.2037819698336,0,21,21,21,6,-44.2037819698336
01-Aug-2026 00:08:34,-172.791049351805,-44.6840624052894,0,22,22,22,6,-44.6840624052894
01-Aug-2026 00:08:36,-173.3220312778,-45.2150443312837,0,22,22,22,5,-45.2150443312837
01-Aug-2026 00:08:38,-172.803981702953,-44.6969947564372,0,22,22,22,6,-44.6969947564372
01-Aug-2026 00:08:40,-172.08239524424,-43.975408297724,0,22,22,22,6,-43.975408297724
01-Aug-2026 00:08:42,-167.157324616737,-39.0503376702214,0,22,22,22,8,-39.0503376702214
01-Aug-2026 00:08:44,-166.971076353594,-38.8640894070779,0,22,22,22,8,-38.8640894070779
01-Aug-2026 00:08:46,-162.852796837675,-34.7458098911592,0,22,22,22,10,-34.7458098911592
01-Aug-2026 00:08:48,-162.818862066552,-34.7118751200362,0,22,22,22,10,-34.7118751200362
01-Aug-2026 00:08:50,-162.79146587101,-34.6844789244942,0,22,22,22,10,-34.6844789244942
01-Aug-2026 00:08:52,-161.724184373175,-33.6171974266587,0,22,22,22,11,-33.6171974266587
01-Aug-2026 00:08:54,-161.544050260273,-33.4370633137573,0,22,22,22,11,-33.4370633137573
01-Aug-2026 00:08:56,-161.437604355146,-33.3306174086297,0,22,22,22,11,-33.3306174086297
01-Aug-2026 00:08:58,-163.896801071848,-35.7898141253326,0,22,22,22,9,-35.7898141253326
01-Aug-2026 00:09:00,-163.653766982348,-35.5467800358326,0,22,22,22,10,-35.5467800358326
01-Aug-2026 00:09:02,-165.083579860709,-36.9765929141934,0,22,22,22,8,-36.9765929141934
01-Aug-2026 00:09:04,-165.178784018126,-37.0717970716099,0,22,22,22,7,-37.0717970716099
01-Aug-2026 00:09:06,-165.1912606651,-37.0842737185844,0,22,22,22,7,-37.0842737185844
01-Aug-2026 00:09:08,-165.456545699857,-37.3495587533412,0,22,22,22,8,-37.3495587533412
01-Aug-2026 00:09:10,-165.422945295313,-37.3159583487976,0,23,23,23,7,-37.3159583487976
01-Aug-2026 00:09:12,-165.340452793417,-37.2334658469007,0,22,22,22,6,-37.2334658469007
01-Aug-2026 00:09:14,-165.242584376864,-37.1355974303482,0,22,22,22,5,-37.1355974303482
01-Aug-2026 00:09:16,-164.052629308178,-35.9456423616618,0,23,23,23,5,-35.9456423616618
01-Aug-2026 00:09:18,-164.313614885121,-36.2066279386049,0,23,23,23,3,-36.2066279386049
01-Aug-2026 00:09:20,-166.686556967677,-38.5795700211611,0,23,23,23,2,-38.5795700211611
01-Aug-2026 00:09:22,-168.579133349661,-40.4721464031448,0,23,23,23,1,-40.4721464031448
01-Aug-2026 00:09:24,-164.627057847499,-36.5200709009827,0,23,23,23,3,-36.5200709009827
01-Aug-2026 00:09:26,-166.073604402888,-37.9666174563725,0,23,23,23,2,-37.9666174563725
01-Aug-2026 00:09:28,-165.90498633224,-37.797999385724,0,23,23,23,2,-37.797999385724
01-Aug-2026 00:09:30,-164.299901901437,-36.1929149549208,0,24,24,24,2,-36.1929149549208
01-Aug-2026 00:09:32,-163.419589401794,-35.3126024552784,0,24,24,24,2,-35.3126024552784
01-Aug-2026 00:09:34,-162.380776436944,-34.2737894904278,0,24,24,24,3,-34.2737894904278
01-Aug-2026 00:09:36,-162.182720237859,-34.0757332913429,0,24,24,24,2,-34.0757332913429
01-Aug-2026 00:09:38,-162.025624211501,-33.9186372649849,0,24,24,24,2,-33.9186372649849
01-Aug-2026 00:09:40,-161.456743919097,-33.3497569725815,0,24,24,24,3,-33.3497569725815
01-Aug-2026 00:09:42,-161.072537041159,-32.9655500946427,0,24,24,24,3,-32.9655500946427
01-Aug-2026 00:09:44,-160.881356096542,-32.7743691500257,0,24,24,24,3,-32.7743691500257
01-Aug-2026 00:09:46,-160.141969668439,-32.0349827219227,0,24,24,24,3,-32.0349827219227
01-Aug-2026 00:09:48,-159.719703741886,-31.6127167953701,0,24,24,24,3,-31.6127167953701
01-Aug-2026 00:09:50,-159.694528563402,-31.5875416168859,0,25,25,25,4,-31.5875416168859
01-Aug-2026 00:09:52,-159.93550244448,-31.8285154979642,0,24,24,24,4,-31.8285154979642
01-Aug-2026 00:09:54,-159.058859052214,-30.9518721056985,0,24,24,24,4,-30.9518721056985
01-Aug-2026 00:09:56,-158.522706065321,-30.4157191188048,0,24,24,24,5,-30.4157191188048
01-Aug-2026 00:09:58,-157.917065498613,-29.8100785520974,0,24,24,24,5,-29.8100785520974
01-Aug-2026 00:10:00,-157.758809274697,-29.6518223281808,0,24,24,24,5,-29.6518223281808
01-Aug-2026 00:10:02,-157.569378676471,-29.4623917299554,0,24,24,24,5,-29.4623917299554
01-Aug-2026 00:10:04,-156.902556434661,-28.795569488145,0,25,25,25,5,-28.795569488145
01-Aug-2026 00:10:06,-163.566675529599,-35.4596885830833,0,25,25,25,4,-35.4596885830833
01-Aug-2026 00:10:08,-163.781231533008,-35.6742445864921,0,25,25,25,4,-35.6742445864921
01-Aug-2026 00:10:10,-163.963243106198,-35.8562561596817,0,25,25,25,4,-35.8562561596817
01-Aug-2026 00:10:12,-164.519090442198,-36.4121034956825,0,25,25,25,4,-36.4121034956825
01-Aug-2026 00:10:14,-164.418782991568,-36.3117960450521,0,25,25,25,4,-36.3117960450521
01-Aug-2026 00:10:16,-163.667405808086,-35.5604188615701,0,25,25,25,4,-35.5604188615701
01-Aug-2026 00:10:18,-163.065742315553,-34.9587553690372,0,25,25,25,4,-34.9587553690372
01-Aug-2026 00:10:20,-163.28025018276,-35.1732632362439,0,25,25,25,5,-35.1732632362439
01-Aug-2026 00:10:22,-162.994374877447,-34.8873879309311,0,25,25,25,5,-34.8873879309311
01-Aug-2026 00:10:24,-162.679328190177,-34.5723412436609,0,24,24,24,6,-34.5723412436609
01-Aug-2026 00:10:26,-162.87399689855,-34.7670099520342,0,24,24,24,6,-34.7670099520342
01-Aug-2026 00:10:28,-162.456661515934,-34.3496745694184,0,24,24,24,7,-34.3496745694184
01-Aug-2026 00:10:30,-161.544618478689,-33.4376315321727,0,24,24,24,7,-33.4376315321727
01-Aug-2026 00:10:32,-161.198220883441,-33.0912339369252,0,25,25,25,8,-33.0912339369252
01-Aug-2026 00:10:34,-163.072033678891,-34.9650467323755,0,25,25,25,5,-34.9650467323755
01-Aug-2026 00:10:36,-162.669575799893,-34.5625888533775,0,25,25,25,5,-34.5625888533775
01-Aug-2026 00:10:38,-162.301896272743,-34.194909326227,0,26,26,26,4,-34.194909326227
01-Aug-2026 00:10:40,-161.620843133413,-33.5138561868973,0,26,26,26,4,-33.5138561868973
01-Aug-2026 00:10:42,-165.106249526279,-36.9992625797633,0,26,26,26,3,-36.9992625797633
01-Aug-2026 00:10:44,-164.550877939326,-36.4438909928105,0,26,26,26,3,-36.4438909928105
01-Aug-2026 00:10:46,-164.03990687701,-35.9329199304945,0,26,26,26,3,-35.9329199304945
01-Aug-2026 00:10:48,-164.126348352466,-36.0193614059498,0,26,26,26,3,-36.0193614059498
01-Aug-2026 00:10:50,-164.002994430026,-35.8960074835105,0,26,26,26,3,-35.8960074835105
01-Aug-2026 00:10:52,-164.175731277255,-36.0687443307395,0,26,26,26,2,-36.0687443307395
01-Aug-2026 00:10:54,-189.879649243868,-61.7726622973522,0,26,26,26,1,-61.7726622973522
01-Aug-2026 00:10:56,-189.916139739456,-61.8091527929399,0,26,26,26,1,-61.8091527929399
01-Aug-2026 00:10:58,-174.103342414683,-45.9963554681671,0,25,25,25,3,-45.9963554681671
01-Aug-2026 00:11:00,-173.941012873623,-45.8340259271074,0,25,25,25,3,-45.8340259271074
01-Aug-2026 00:11:02,-175.715533097903,-47.6085461513874,0,25,25,25,3,-47.6085461513874
01-Aug-2026 00:11:04,-169.348489952037,-41.2415030055209,0,25,25,25,6,-41.2415030055209
01-Aug-2026 00:11:06,-170.191752732744,-42.0847657862278,0,25,25,25,5,-42.0847657862278
01-Aug-2026 00:11:08,-156.885282075014,-28.778295128498,0,24,24,24,6,-28.778295128498
01-Aug-2026 00:11:10,-157.374248460543,-29.2672615140271,0,24,24,24,5,-29.2672615140271
01-Aug-2026 00:11:12,-157.616862925492,-29.5098759789761,0,25,25,25,5,-29.5098759789761
01-Aug-2026 00:11:14,-157.984259063016,-29.8772721165005,0,25,25,25,5,-29.8772721165005
01-Aug-2026 00:11:16,-157.947053843079,-29.8400668965633,0,25,25,25,4,-29.8400668965633
01-Aug-2026 00:11:18,-158.296937739911,-30.1899507933952,0,25,25,25,4,-30.1899507933952
01-Aug-2026 00:11:20,-158.845163747075,-30.738176800559,0,25,25,25,4,-30.738176800559
01-Aug-2026 00:11:22,-159.539210423978,-31.4322234774623,0,25,25,25,4,-29.1568775980374
01-Aug-2026 00:11:24,-160.083744641332,-31.9767576948164,0,24,24,24,4,-30.0743974603075
01-Aug-2026 00:11:26,-159.09939505863,-30.992408112114,0,23,23,23,5,-30.992408112114
01-Aug-2026 00:11:28,-159.478346099097,-31.3713591525811,0,23,23,23,5,-31.3713591525811
01-Aug-2026 00:11:30,-167.154187907934,-39.0472009614178,0,23,23,23,4,-39.0472009614178
01-Aug-2026 00:11:32,-169.212991909116,-41.1060049626002,0,23,23,23,4,-41.1060049626002
01-Aug-2026 00:11:34,-170.669528370034,-42.5625414235186,0,23,23,23,4,-42.5625414235186
01-Aug-2026 00:11:36,-158.243118185146,-30.1361312386302,0,23,23,23,5,-30.1361312386302
01-Aug-2026 00:11:38,-158.207278876728,-30.1002919302122,0,23,23,23,5,-30.1002919302122
01-Aug-2026 00:11:40,-158.23804014377,-30.1310531972542,0,23,23,23,5,-30.1310531972542
01-Aug-2026 00:11:42,-158.756992123177,-30.6500051766615,0,23,23,23,5,-30.6500051766615
01-Aug-2026 00:11:44,-159.094743531218,-30.9877565847019,0,23,23,23,5,-30.9877565847019
01-Aug-2026 00:11:46,-158.89908420382,-30.7920972573046,0,23,23,23,5,-30.7920972573046
01-Aug-2026 00:11:48,-158.429793184705,-30.3228062381889,0,24,24,24,5,-30.3228062381889
01-Aug-2026 00:11:50,-163.766626206128,-35.6596392596117,0,24,24,24,5,-35.6596392596117
01-Aug-2026 00:11:52,-163.347411358306,-35.2404244117899,0,24,24,24,5,-35.2404244117899
01-Aug-2026 00:11:54,-163.862158166837,-35.7551712203207,0,24,24,24,4,-35.7551712203207
01-Aug-2026 00:11:56,-163.539872982323,-35.432886035807,0,24,24,24,5,-35.432886035807
01-Aug-2026 00:11:58,-162.586848951458,-34.4798620049426,0,24,24,24,6,-34.4798620049426
01-Aug-2026 00:12:00,-162.515682595883,-34.4086956493666,0,23,23,23,4,-34.4086956493666
01-Aug-2026 00:12:02,-161.713953086793,-33.6069661402767,0,23,23,23,6,-33.6069661402767
01-Aug-2026 00:12:04,-161.407372940846,-33.3003859943306,0,23,23,23,5,-33.3003859943306
01-Aug-2026 00:12:06,-161.235252938202,-33.1282659916857,0,23,23,23,4,-33.1282659916857
01-Aug-2026 00:12:08,-161.094256063856,-32.9872691173397,0,23,23,23,4,-32.9872691173397
01-Aug-2026 00:12:10,-160.598668113373,-32.4916811668571,0,23,23,23,3,-32.4916811668571
01-Aug-2026 00:12:12,-160.40601158209,-32.2990246355742,0,23,23,23,3,-32.2990246355742
01-Aug-2026 00:12:14,-159.925051546768,-31.8180646002525,0,23,23,23,4,-31.8180646002525
01-Aug-2026 00:12:16,-160.001677469154,-31.8946905226377,0,22,22,22,4,-31.8946905226377
01-Aug-2026 00:12:18,-183.798205905202,-55.6912189586865,0,23,23,23,4,-55.6912189586865
01-Aug-2026 00:12:20,-183.99050234287,-55.883515396354,0,23,23,23,4,-55.883515396354
01-Aug-2026 00:12:22,-186.332087328475,-58.2251003819588,0,22,22,22,3,-58.2251003819588
01-Aug-2026 00:12:24,-176.520174184227,-48.4131872377111,0,22,22,22,5,-48.4131872377111
01-Aug-2026 00:12:26,-176.57641796616,-48.4694310196445,0,23,23,23,5,-48.4694310196445
01-Aug-2026 00:12:28,-184.673489225695,-56.5665022791794,0,23,23,23,4,-56.5665022791794
01-Aug-2026 00:12:30,-185.465073965264,-57.3580870187483,0,23,23,23,3,-57.3580870187483
01-Aug-2026 00:12:32,-185.099535475014,-56.9925485284978,0,23,23,23,3,-56.9925485284978
01-Aug-2026 00:12:34,-185.771642743268,-57.6646557967522,0,23,23,23,2,-57.6646557967522
01-Aug-2026 00:12:36,-185.562558545946,-57.4555715994305,0,23,23,23,2,-57.4555715994305
01-Aug-2026 00:12:38,-185.305449699276,-57.1984627527606,0,23,23,23,2,-57.1984627527606
01-Aug-2026 00:12:40,-183.163944795453,-55.0569578489376,0,23,23,23,4,-55.0569578489376
01-Aug-2026 00:12:42,-182.741599211256,-54.6346122647404,0,23,23,23,4,-54.6346122647404
01-Aug-2026 00:12:44,-182.593948126976,-54.4869611804604,0,23,23,23,4,-54.4869611804604
01-Aug-2026 00:12:46,-182.187774636458,-54.0807876899426,0,23,23,23,4,-54.0807876899426
01-Aug-2026 00:12:48,-182.074271723048,-53.9672847765318,0,23,23,23,4,-53.9672847765318
01-Aug-2026 00:12:50,-181.978335511144,-53.8713485646279,0,23,23,23,4,-53.8713485646279
01-Aug-2026 00:12:52,-181.696448040064,-53.5894610935484,0,23,23,23,4,-53.5894610935484
01-Aug-2026 00:12:54,-165.689695669875,-37.5827087233589,0,23,23,23,5,-37.5827087233589
01-Aug-2026 00:12:56,-165.109318540136,-37.0023315936198,0,23,23,23,5,-37.0023315936198
01-Aug-2026 00:12:58,-165.173654911598,-37.0666679650818,0,24,24,24,5,-37.0666679650818
01-Aug-2026 00:13:00,-165.064481642644,-36.957494696128,0,24,24,24,7,-36.957494696128
01-Aug-2026 00:13:02,-164.862356208718,-36.7553692622024,0,23,23,23,7,-36.7553692622024
01-Aug-2026 00:13:04,-165.055663689418,-36.9486767429019,0,24,24,24,7,-36.9486767429019
01-Aug-2026 00:13:06,-163.597033212878,-35.4900462663622,0,24,24,24,7,-35.4900462663622
01-Aug-2026 00:13:08,-158.975471152305,-30.8684842057896,0,24,24,24,8,-30.8684842057896
01-Aug-2026 00:13:10,-160.819108634848,-32.712121688332,0,24,24,24,8,-32.712121688332
01-Aug-2026 00:13:12,-160.508298418524,-32.4013114720079,0,24,24,24,8,-32.4013114720079
01-Aug-2026 00:13:14,-159.797370178127,-31.6903832316109,0,24,24,24,7,-31.6903832316109
01-Aug-2026 00:13:16,-160.080569848558,-31.9735829020423,0,24,24,24,7,-31.9735829020423
01-Aug-2026 00:13:18,-160.474860323935,-32.3678733774188,0,25,25,25,7,-32.3678733774188
01-Aug-2026 00:13:20,-160.517185174571,-32.4101982280548,0,25,25,25,8,-32.4101982280548
01-Aug-2026 00:13:22,-160.256958266409,-32.1499713198936,0,25,25,25,8,-32.1499713198936
01-Aug-2026 00:13:24,-160.180679837366,-32.0736928908498,0,25,25,25,8,-32.0736928908498
01-Aug-2026 00:13:26,-159.609591953633,-31.5026050071174,0,25,25,25,7,-31.5026050071174
01-Aug-2026 00:13:28,-159.077711791278,-30.9707248447621,0,25,25,25,8,-30.9707248447621
01-Aug-2026 00:13:30,-158.721362930306,-30.6143759837896,0,26,26,26,9,-30.6143759837896
01-Aug-2026 00:13:32,-158.600285171761,-30.4932982252452,0,26,26,26,9,-30.4932982252452
01-Aug-2026 00:13:34,-158.941807685363,-30.8348207388466,0,26,26,26,8,-30.8348207388466
01-Aug-2026 00:13:36,-158.696985660828,-30.5899987143122,0,26,26,26,8,-30.5899987143122
01-Aug-2026 00:13:38,-158.547559062789,-30.4405721162736,0,26,26,26,8,-30.4405721162736
01-Aug-2026 00:13:40,-157.981918024925,-29.8749310784091,0,26,26,26,8,-29.8749310784091
01-Aug-2026 00:13:42,-157.742015806057,-29.6350288595414,0,26,26,26,9,-29.6350288595414
01-Aug-2026 00:13:44,-166.255309863235,-38.1483229167189,0,25,25,25,8,-38.1483229167189
01-Aug-2026 00:13:46,-169.38301302623,-41.276026079714,0,25,25,25,6,-41.276026079714
01-Aug-2026 00:13:48,-168.883258371386,-40.7762714248701,0,25,25,25,6,-40.7762714248701
01-Aug-2026 00:13:50,-158.203319672174,-30.096332725658,0,25,25,25,6,-30.096332725658
01-Aug-2026 00:13:52,-157.726723394161,-29.6197364476454,0,26,26,26,7,-29.6197364476454
01-Aug-2026 00:13:54,-157.390166218674,-29.283179272158,0,26,26,26,6,-29.283179272158
01-Aug-2026 00:13:56,-157.74695467893,-29.6399677324137,0,26,26,26,6,-29.6399677324137
01-Aug-2026 00:13:58,-157.142784682328,-29.0357977358121,0,26,26,26,6,-29.0357977358121
01-Aug-2026 00:14:00,-157.537812951799,-29.4308260052827,0,26,26,26,4,-29.4308260052827
01-Aug-2026 00:14:02,-157.09467754164,-28.9876905951237,0,26,26,26,3,-28.9876905951237
01-Aug-2026 00:14:04,-156.723204565988,-28.6162176194721,0,26,26,26,2,-28.6162176194721
01-Aug-2026 00:14:06,-156.27804298099,-28.1710560344737,0,26,26,26,2,-28.1710560344737
01-Aug-2026 00:14:08,-154.640896742993,-26.5339097964774,0,26,26,26,3,-26.5339097964774
01-Aug-2026 00:14:10,-154.16632253099,-26.0593355844737,0,26,26,26,3,-26.0593355844737
01-Aug-2026 00:14:12,-147.33912071673,-19.232133770214,0,26,26,26,4,-19.232133770214
01-Aug-2026 00:14:14,-148.452745302552,-20.3457583560362,0,25,25,25,3,-20.3457583560362
01-Aug-2026 00:14:16,-148.652063693155,-20.5450767466389,0,25,25,25,4,-20.5450767466389
01-Aug-2026 00:14:18,-148.864014389589,-20.757027443073,0,25,25,25,4,-20.757027443073
01-Aug-2026 00:14:20,-148.856595749664,-20.7496088031485,0,25,25,25,4,-20.7496088031485
01-Aug-2026 00:14:22,-148.480423591624,-20.3734366451083,0,24,24,24,4,-20.3734366451083
01-Aug-2026 00:14:24,-149.170757128966,-21.0637701824502,0,25,25,25,6,-21.0637701824502
01-Aug-2026 00:14:26,-149.214243462331,-21.1072565158154,0,25,25,25,6,-21.1072565158154
01-Aug-2026 00:14:28,-148.805700857059,-20.6987139105427,0,26,26,26,5,-20.6987139105427
01-Aug-2026 00:14:30,-149.434528216432,-21.3275412699164,0,26,26,26,5,-21.3275412699164
01-Aug-2026 00:14:32,-149.561206620186,-21.4542196736701,0,26,26,26,5,-21.4542196736701
01-Aug-2026 00:14:34,-150.031116052939,-21.924129106423,0,26,26,26,5,-21.924129106423
01-Aug-2026 00:14:36,-150.444994523505,-22.3380075769891,0,26,26,26,5,-22.3380075769891
01-Aug-2026 00:14:38,-150.629619236711,-22.5226322901955,0,26,26,26,5,-22.5226322901955
01-Aug-2026 00:14:40,-151.340194500985,-23.2332075544691,0,26,26,26,5,-23.2332075544691
01-Aug-2026 00:14:42,-151.477258666243,-23.3702717197276,0,26,26,26,5,-23.3702717197276
01-Aug-2026 00:14:44,-152.079565697993,-23.9725787514773,0,26,26,26,6,-23.9725787514773
01-Aug-2026 00:14:46,-152.628346409004,-24.5213594624885,0,26,26,26,6,-24.5213594624885
01-Aug-2026 00:14:48,-152.946559025798,-24.8395720792818,0,25,25,25,6,-24.8395720792818
01-Aug-2026 00:14:50,-153.186250799688,-25.079263853172,0,25,25,25,6,-25.079263853172
01-Aug-2026 00:14:52,-153.949906150804,-25.8429192042884,0,25,25,25,7,-25.8429192042884
01-Aug-2026 00:14:54,-153.964933919741,-25.8579469732255,0,25,25,25,7,-25.8579469732255
01-Aug-2026 00:14:56,-154.093540953576,-25.9865540070599,0,25,25,25,7,-25.9865540070599
01-Aug-2026 00:14:58,-157.012312247706,-28.9053253011898,0,25,25,25,6,-28.9053253011898
01-Aug-2026 00:15:00,-157.267906983804,-29.1609200372885,0,24,24,24,5,-29.1609200372885
01-Aug-2026 00:15:02,-157.575468753729,-29.4684818072134,0,24,24,24,2,-29.4684818072134
01-Aug-2026 00:15:04,-158.572578826667,-30.4655918801508,0,24,24,24,3,-30.4655918801508
01-Aug-2026 00:15:06,-159.217667136648,-31.1106801901321,0,24,24,24,3,-31.1106801901321
01-Aug-2026 00:15:08,-159.550499268062,-31.4435123215459,0,24,24,24,3,-31.4435123215459
01-Aug-2026 00:15:10,-159.84429817235,-31.7373112258341,0,24,24,24,4,-31.7373112258341
01-Aug-2026 00:15:12,-160.07491669902,-31.9679297525039,0,24,24,24,4,-31.9679297525039
01-Aug-2026 00:15:14,-160.386917904787,-32.2799309582708,0,23,23,23,4,-32.2799309582708
01-Aug-2026 00:15:16,-159.851743404161,-31.7447564576453,0,23,23,23,4,-31.7447564576453
01-Aug-2026 00:15:18,-159.440956624499,-31.3339696779829,0,23,23,23,4,-31.3339696779829
01-Aug-2026 00:15:20,-159.178911746965,-31.0719248004492,0,23,23,23,4,-31.0719248004492
01-Aug-2026 00:15:22,-159.303186708512,-31.196199761996,0,23,23,23,5,-31.196199761996
01-Aug-2026 00:15:24,-159.293457969455,-31.186471022939,0,23,23,23,7,-31.186471022939
01-Aug-2026 00:15:26,-159.09115697133,-30.9841700248138,0,23,23,23,7,-30.9841700248138
01-Aug-2026 00:15:28,-158.966127727476,-30.8591407809605,0,23,23,23,9,-30.8591407809605
01-Aug-2026 00:15:30,-159.855896954787,-31.7489100082709,0,23,23,23,9,-31.7489100082709
01-Aug-2026 00:15:32,-159.887306564798,-31.7803196182823,0,23,23,23,8,-31.7803196182823
01-Aug-2026 00:15:34,-161.237157638595,-33.1301706920795,0,23,23,23,8,-33.1301706920795
01-Aug-2026 00:15:36,-160.995892655018,-32.8889057085023,0,23,23,23,8,-32.8889057085023
01-Aug-2026 00:15:38,-161.334173296308,-33.2271863497919,0,24,24,24,7,-33.2271863497919
01-Aug-2026 00:15:40,-161.47615964864,-33.3691727021243,0,24,24,24,7,-33.3691727021243
01-Aug-2026 00:15:42,-163.52799591254,-35.4210089660243,0,25,25,25,7,-35.4210089660243
01-Aug-2026 00:15:44,-163.335285217862,-35.2282982713466,0,25,25,25,7,-35.2282982713466
01-Aug-2026 00:15:46,-163.782900603236,-35.6759136567203,0,25,25,25,7,-35.6759136567203
01-Aug-2026 00:15:48,-164.133386700793,-36.0263997542773,0,24,24,24,7,-36.0263997542773
01-Aug-2026 00:15:50,-164.132633748461,-36.0256468019448,0,24,24,24,7,-36.0256468019448
01-Aug-2026 00:15:52,-164.432166048381,-36.3251791018654,0,24,24,24,6,-36.3251791018654
01-Aug-2026 00:15:54,-164.80416463846,-36.697177691944,0,24,24,24,6,-36.697177691944
01-Aug-2026 00:15:56,-165.087081601426,-36.9800946549099,0,24,24,24,6,-36.9800946549099
01-Aug-2026 00:15:58,-164.717553140674,-36.6105661941577,0,24,24,24,6,-36.6105661941577
01-Aug-2026 00:16:00,-164.549291440849,-36.4423044943333,0,24,24,24,5,-36.4423044943333
01-Aug-2026 00:16:02,-165.627206108663,-37.5202191621468,0,24,24,24,5,-37.5202191621468
01-Aug-2026 00:16:04,-165.65277253035,-37.5457855838346,0,23,23,23,4,-37.5457855838346
01-Aug-2026 00:16:06,-165.95276276094,-37.8457758144244,0,23,23,23,5,-37.8457758144244
01-Aug-2026 00:16:08,-165.869311197573,-37.7623242510575,0,23,23,23,5,-37.7623242510575
01-Aug-2026 00:16:10,-165.155505215642,-37.048518269126,0,22,22,22,5,-37.048518269126
01-Aug-2026 00:16:12,-165.719647179267,-37.6126602327515,0,22,22,22,4,-37.6126602327515
01-Aug-2026 00:16:14,-172.73531755945,-44.6283306129341,0,22,22,22,3,-44.6283306129341
01-Aug-2026 00:16:16,-171.908800429736,-43.80181348322,0,23,23,23,3,-43.80181348322
01-Aug-2026 00:16:18,-171.93510371877,-43.828116772254,0,23,23,23,3,-43.828116772254
01-Aug-2026 00:16:20,-171.926958680966,-43.8199717344504,0,23,23,23,3,-43.8199717344504
01-Aug-2026 00:16:22,-179.004493480122,-50.8975065336058,0,23,23,23,2,-50.8975065336058
01-Aug-2026 00:16:24,-179.557225185638,-51.4502382391223,0,23,23,23,2,-51.4502382391223
01-Aug-2026 00:16:26,-180.006659866558,-51.8996729200417,0,23,23,23,2,-51.8996729200417
01-Aug-2026 00:16:28,-180.652317790428,-52.5453308439126,0,23,23,23,1,-52.5453308439126
01-Aug-2026 00:16:30,-181.345444742934,-53.2384577964185,0,23,23,23,1,-53.2384577964185
01-Aug-2026 00:16:32,-182.013413537425,-53.9064265909089,0,23,23,23,1,-53.9064265909089
01-Aug-2026 00:16:34,-182.530975265756,-54.4239883192401,0,23,23,23,1,-54.4239883192401
01-Aug-2026 00:16:36,-182.828272960701,-54.7212860141849,0,23,23,23,1,-54.7212860141849
01-Aug-2026 00:16:38,-163.949060352614,-35.8420734060982,0,23,23,23,3,-35.8420734060982
01-Aug-2026 00:16:40,-163.956783315651,-35.8497963691351,0,23,23,23,3,-35.8497963691351
01-Aug-2026 00:16:42,-165.284074743085,-37.1770877965695,0,23,23,23,4,-37.1770877965695
01-Aug-2026 00:16:44,-165.658489056455,-37.5515021099391,0,23,23,23,4,-37.5515021099391
01-Aug-2026 00:16:46,-165.595444927354,-37.4884579808386,0,23,23,23,4,-37.4884579808386
01-Aug-2026 00:16:48,-163.627478532091,-35.5204915855747,0,24,24,24,5,-35.5204915855747
01-Aug-2026 00:16:50,-164.772730863128,-36.6657439166119,0,24,24,24,5,-36.6657439166119
01-Aug-2026 00:16:52,-164.31992887064,-36.2129419241239,0,25,25,25,5,-36.2129419241239
01-Aug-2026 00:16:54,-163.73708709833,-35.630100151814,0,24,24,24,6,-35.630100151814
01-Aug-2026 00:16:56,-159.837341224603,-31.7303542780873,0,24,24,24,7,-31.7303542780873
01-Aug-2026 00:16:58,-159.905692215749,-31.7987052692328,0,24,24,24,7,-31.7987052692328
01-Aug-2026 00:17:00,-159.708875756155,-31.6018888096388,0,24,24,24,7,-31.6018888096388
01-Aug-2026 00:17:02,-159.296892764284,-31.1899058177685,0,24,24,24,7,-31.1899058177685
01-Aug-2026 00:17:04,-161.005039130476,-32.89805218396,0,24,24,24,7,-32.89805218396
01-Aug-2026 00:17:06,-160.963562787866,-32.8565758413502,0,25,25,25,7,-32.8565758413502
01-Aug-2026 00:17:08,-181.31642453947,-53.2094375929544,0,25,25,25,5,-53.2094375929544
01-Aug-2026 00:17:10,-180.996479359541,-52.8894924130255,0,26,26,26,5,-52.8894924130255
01-Aug-2026 00:17:12,-171.03506164688,-42.9280747003642,0,26,26,26,6,-42.9280747003642
01-Aug-2026 00:17:14,-170.785247543682,-42.6782605971665,0,26,26,26,7,-42.6782605971665
01-Aug-2026 00:17:16,-170.279023427255,-42.1720364807393,0,26,26,26,8,-42.1720364807393
01-Aug-2026 00:17:18,-170.207159247524,-42.1001723010084,0,26,26,26,8,-42.1001723010084
01-Aug-2026 00:17:20,-179.853486120143,-51.7464991736267,0,26,26,26,6,-51.7464991736267
01-Aug-2026 00:17:22,-179.706674624689,-51.5996876781734,0,26,26,26,6,-51.5996876781734
01-Aug-2026 00:17:24,-167.000522312895,-38.8935353663795,0,26,26,26,6,-38.8935353663795
01-Aug-2026 00:17:26,-180.301248572542,-52.1942616260263,0,26,26,26,5,-52.1942616260263
01-Aug-2026 00:17:28,-179.715811930417,-51.6088249839008,0,26,26,26,6,-51.6088249839008
01-Aug-2026 00:17:30,-183.968137308027,-55.8611503615109,0,26,26,26,4,-55.8611503615109
01-Aug-2026 00:17:32,-183.9115919193,-55.8046049727846,0,26,26,26,4,-55.8046049727846
01-Aug-2026 00:17:34,-184.434878264087,-56.327891317571,0,26,26,26,3,-56.327891317571
01-Aug-2026 00:17:36,-191.414086239082,-63.3070992925661,0,25,25,25,1,-63.3070992925661
01-Aug-2026 00:17:38,-179.526109584246,-51.4191226377301,0,25,25,25,2,-51.4191226377301
01-Aug-2026 00:17:40,-179.886577007547,-51.7795900610313,0,26,26,26,3,-51.7795900610313
01-Aug-2026 00:17:42,-179.373856366982,-51.2668694204658,0,26,26,26,3,-51.2668694204658
01-Aug-2026 00:17:44,-179.268010657629,-51.1610237111128,0,26,26,26,3,-51.1610237111128
01-Aug-2026 00:17:46,-179.513366023351,-51.4063790768348,0,26,26,26,3,-51.4063790768348
01-Aug-2026 00:17:48,-179.720483702731,-51.6134967562149,0,26,26,26,3,-51.6134967562149
01-Aug-2026 00:17:50,-180.164634121523,-52.0576471750069,0,26,26,26,3,-52.0576471750069
01-Aug-2026 00:17:52,-180.419615139042,-52.3126281925265,0,26,26,26,3,-52.3126281925265
01-Aug-2026 00:17:54,-169.155868107252,-41.0488811607366,0,26,26,26,4,-41.0488811607366
01-Aug-2026 00:17:56,-168.821525782769,-40.7145388362527,0,26,26,26,4,-40.7145388362527
01-Aug-2026 00:17:58,-168.860323332554,-40.7533363860378,0,26,26,26,4,-40.7533363860378
01-Aug-2026 00:18:00,-180.211802051931,-52.1048151054149,0,26,26,26,3,-52.1048151054149
01-Aug-2026 00:18:02,-179.497259116544,-51.390272170028,0,26,26,26,4,-51.390272170028
01-Aug-2026 00:18:04,-180.009848628902,-51.9028616823863,0,25,25,25,4,-51.9028616823863
01-Aug-2026 00:18:06,-173.322140803271,-45.2151538567553,0,25,25,25,5,-45.2151538567553
01-Aug-2026 00:18:08,-173.390077680294,-45.2830907337782,0,25,25,25,5,-45.2830907337782
01-Aug-2026 00:18:10,-172.720091451056,-44.6131045045405,0,25,25,25,6,-44.6131045045405
01-Aug-2026 00:18:12,-172.196530852854,-44.0895439063378,0,25,25,25,6,-44.0895439063378
01-Aug-2026 00:18:14,-172.380580425847,-44.2735934793312,0,25,25,25,6,-44.2735934793312
01-Aug-2026 00:18:16,-172.505028299017,-44.3980413525014,0,26,26,26,5,-44.3980413525014
01-Aug-2026 00:18:18,-172.672561520725,-44.5655745742093,0,26,26,26,3,-44.5655745742093
01-Aug-2026 00:18:20,-167.699634161813,-39.5926472152969,0,27,27,27,4,-39.5926472152969
01-Aug-2026 00:18:22,-167.62258710635,-39.5156001598343,0,27,27,27,4,-39.5156001598343
01-Aug-2026 00:18:24,-167.367020468363,-39.2600335218475,0,27,27,27,4,-39.2600335218475
01-Aug-2026 00:18:26,-166.460843867064,-38.3538569205477,0,27,27,27,4,-38.3538569205477
01-Aug-2026 00:18:28,-166.801753580005,-38.694766633489,0,27,27,27,4,-38.694766633489
01-Aug-2026 00:18:30,-166.512323513377,-38.4053365668616,0,27,27,27,4,-38.4053365668616
01-Aug-2026 00:18:32,-166.227155401606,-38.1201684550903,0,27,27,27,4,-38.1201684550903
01-Aug-2026 00:18:34,-166.745691815464,-38.6387048689484,0,27,27,27,3,-38.6387048689484
01-Aug-2026 00:18:36,-167.090425462187,-38.9834385156707,0,27,27,27,3,-38.9834385156707
01-Aug-2026 00:18:38,-170.370507066658,-42.2635201201418,0,26,26,26,3,-42.2635201201418
01-Aug-2026 00:18:40,-152.817675110739,-24.710688164223,0,24,24,24,4,-24.710688164223
01-Aug-2026 00:18:42,-153.358455694537,-25.2514687480216,0,24,24,24,5,-25.2514687480216
01-Aug-2026 00:18:44,-153.223283365245,-25.1162964187296,0,24,24,24,5,-25.1162964187296
01-Aug-2026 00:18:46,-153.111205183615,-25.0042182370991,0,24,24,24,6,-25.0042182370991
01-Aug-2026 00:18:48,-153.226022993204,-25.119036046688,0,24,24,24,6,-25.119036046688
01-Aug-2026 00:18:50,-154.32101895788,-26.2140320113646,0,23,23,23,6,-26.2140320113646
01-Aug-2026 00:18:52,-154.638151271664,-26.5311643251477,0,23,23,23,6,-26.5311643251477
01-Aug-2026 00:18:54,-154.594657659877,-26.4876707133608,0,24,24,24,6,-26.4876707133608
01-Aug-2026 00:18:56,-155.595302229183,-27.488315282667,0,24,24,24,7,-27.488315282667
01-Aug-2026 00:18:58,-155.986187822941,-27.8792008764251,0,24,24,24,7,-27.8792008764251
01-Aug-2026 00:19:00,-156.564190570323,-28.4572036238067,0,24,24,24,7,-28.4572036238067
01-Aug-2026 00:19:02,-157.105784826686,-28.9987978801697,0,23,23,23,6,-28.9987978801697
01-Aug-2026 00:19:04,-166.074128928527,-37.9671419820106,0,24,24,24,5,-37.9671419820106
01-Aug-2026 00:19:06,-166.041844792738,-37.9348578462224,0,24,24,24,5,-37.9348578462224
01-Aug-2026 00:19:08,-166.028170232645,-37.9211832861288,0,24,24,24,5,-37.9211832861288
01-Aug-2026 00:19:10,-165.941860331225,-37.8348733847096,0,24,24,24,5,-37.8348733847096
01-Aug-2026 00:19:12,-165.65958338891,-37.5525964423939,0,24,24,24,5,-37.5525964423939
01-Aug-2026 00:19:14,-165.168722275133,-37.0617353286175,0,24,24,24,5,-37.0617353286175
01-Aug-2026 00:19:16,-164.710197398235,-36.6032104517189,0,24,24,24,6,-36.6032104517189
01-Aug-2026 00:19:18,-164.604820782391,-36.4978338358747,0,24,24,24,5,-36.4978338358747
01-Aug-2026 00:19:20,-165.02038515374,-36.9133982072246,0,24,24,24,5,-36.9133982072246
01-Aug-2026 00:19:22,-165.090084844709,-36.9830978981931,0,24,24,24,5,-36.9830978981931
01-Aug-2026 00:19:24,-154.918874164144,-26.8118872176284,0,24,24,24,6,-26.8118872176284
01-Aug-2026 00:19:26,-163.854968381606,-35.7479814350897,0,24,24,24,5,-35.7479814350897
01-Aug-2026 00:19:28,-163.667575398112,-35.5605884515957,0,24,24,24,5,-35.5605884515957
01-Aug-2026 00:19:30,-163.730841217096,-35.6238542705806,0,24,24,24,5,-35.6238542705806
01-Aug-2026 00:19:32,-166.080137782101,-37.9731508355849,0,24,24,24,4,-37.9731508355849
01-Aug-2026 00:19:34,-166.026472644614,-37.9194856980985,0,23,23,23,4,-37.9194856980985
01-Aug-2026 00:19:36,-165.080282124392,-36.9732951778766,0,23,23,23,4,-36.9732951778766
01-Aug-2026 00:19:38,-164.603872465862,-36.4968855193464,0,24,24,24,5,-36.4968855193464
01-Aug-2026 00:19:40,-163.752554612192,-35.6455676656758,0,24,24,24,5,-35.6455676656758
01-Aug-2026 00:19:42,-162.925204156443,-34.8182172099272,0,24,24,24,4,-34.8182172099272
01-Aug-2026 00:19:44,-162.754590406345,-34.6476034598293,0,24,24,24,5,-34.6476034598293
01-Aug-2026 00:19:46,-162.15446359613,-34.047476649614,0,24,24,24,5,-34.047476649614
01-Aug-2026 00:19:48,-171.206383403616,-43.0993964570998,0,24,24,24,5,-43.0993964570998
01-Aug-2026 00:19:50,-170.964592085775,-42.8576051392591,0,24,24,24,5,-42.8576051392591
01-Aug-2026 00:19:52,-170.205568298339,-42.0985813518231,0,23,23,23,4,-42.0985813518231
01-Aug-2026 00:19:54,-170.199911672934,-42.0929247264179,0,23,23,23,5,-42.0929247264179
01-Aug-2026 00:19:56,-170.307475594787,-42.200488648271,0,23,23,23,5,-42.200488648271
01-Aug-2026 00:19:58,-170.014181328583,-41.9071943820671,0,22,22,22,4,-41.9071943820671
01-Aug-2026 00:20:00,-170.034613009931,-41.927626063415,0,22,22,22,4,-41.927626063415
01-Aug-2026 00:20:02,-170.442410865333,-42.3354239188167,0,22,22,22,3,-42.3354239188167
01-Aug-2026 00:20:04,-170.403952998007,-42.296966051491,0,22,22,22,3,-42.296966051491
01-Aug-2026 00:20:06,-170.053667967515,-41.9466810209993,0,23,23,23,3,-41.9466810209993
01-Aug-2026 00:20:08,-170.050902695704,-41.9439157491882,0,23,23,23,3,-41.9439157491882
01-Aug-2026 00:20:10,-169.744713040647,-41.6377260941311,0,23,23,23,3,-41.6377260941311
01-Aug-2026 00:20:12,-165.62459424882,-37.5176073023044,0,23,23,23,5,-37.5176073023044
01-Aug-2026 00:20:14,-165.663133982135,-37.5561470356191,0,23,23,23,5,-37.5561470356191
01-Aug-2026 00:20:16,-165.614350158537,-37.5073632120214,0,23,23,23,4,-37.5073632120214
01-Aug-2026 00:20:18,-165.847279858056,-37.7402929115399,0,23,23,23,4,-37.7402929115399
01-Aug-2026 00:20:20,-166.185620751297,-38.078633804781,0,23,23,23,4,-38.078633804781
01-Aug-2026 00:20:22,-166.287286012295,-38.1802990657793,0,23,23,23,4,-38.1802990657793
01-Aug-2026 00:20:24,-166.842939194467,-38.7359522479511,0,23,23,23,4,-38.7359522479511
01-Aug-2026 00:20:26,-170.539374895592,-42.4323879490758,0,23,23,23,3,-42.4323879490758
01-Aug-2026 00:20:28,-170.906972780576,-42.7999858340599,0,23,23,23,4,-42.7999858340599
01-Aug-2026 00:20:30,-170.93069115716,-42.8237042106437,0,23,23,23,4,-42.8237042106437
01-Aug-2026 00:20:32,-166.694533419599,-38.5875464730827,0,23,23,23,4,-38.5875464730827
01-Aug-2026 00:20:34,-166.379197664621,-38.272210718105,0,23,23,23,3,-38.272210718105
01-Aug-2026 00:20:36,-165.744989021551,-37.638002075035,0,24,24,24,2,-37.638002075035
01-Aug-2026 00:20:38,-165.18857203111,-37.0815850845943,0,24,24,24,2,-37.0815850845943
01-Aug-2026 00:20:40,-164.529282951674,-36.4222960051577,0,24,24,24,2,-36.4222960051577
01-Aug-2026 00:20:42,-164.171996328706,-36.0650093821904,0,25,25,25,2,-36.0650093821904
01-Aug-2026 00:20:44,-163.454905317302,-35.3479183707865,0,24,24,24,2,-35.3479183707865
01-Aug-2026 00:20:46,-163.043963687862,-34.9369767413462,0,24,24,24,2,-34.9369767413462
01-Aug-2026 00:20:48,-162.823295113089,-34.716308166573,0,24,24,24,3,-34.716308166573
01-Aug-2026 00:20:50,-162.618879850436,-34.5118929039197,0,24,24,24,4,-34.5118929039197
01-Aug-2026 00:20:52,-162.236594043279,-34.1296070967628,0,25,25,25,6,-34.1296070967628
01-Aug-2026 00:20:54,-162.928669089294,-34.821682142778,0,26,26,26,6,-34.821682142778
01-Aug-2026 00:20:56,-162.194756537977,-34.0877695914609,0,26,26,26,7,-34.0877695914609
01-Aug-2026 00:20:58,-161.802638100915,-33.6956511543987,0,26,26,26,9,-33.6956511543987
01-Aug-2026 00:21:00,-153.436712968333,-25.3297260218171,0,26,26,26,9,-25.3297260218171
01-Aug-2026 00:21:02,-153.125567195232,-25.0185802487163,0,26,26,26,8,-25.0185802487163
01-Aug-2026 00:21:04,-153.098653014253,-24.9916660677375,0,26,26,26,7,-24.9916660677375
01-Aug-2026 00:21:06,-153.718880383321,-25.6118934368051,0,26,26,26,7,-25.6118934368051
01-Aug-2026 00:21:08,-153.700416317572,-25.5934293710562,0,26,26,26,7,-25.5934293710562
01-Aug-2026 00:21:10,-154.057430682158,-25.9504437356425,0,26,26,26,8,-25.9504437356425
01-Aug-2026 00:21:12,-159.87511969791,-31.7681327513945,0,26,26,26,9,-31.7681327513945
01-Aug-2026 00:21:14,-159.158211690818,-31.0512247443022,0,26,26,26,8,-31.0512247443022
01-Aug-2026 00:21:16,-158.583906535266,-30.4769195887498,0,26,26,26,8,-30.4769195887498
01-Aug-2026 00:21:18,-158.033112556402,-29.9261256098865,0,26,26,26,8,-29.9261256098865
01-Aug-2026 00:21:20,-157.804653082105,-29.6976661355893,0,26,26,26,8,-29.6976661355893
01-Aug-2026 00:21:22,-157.108878867361,-29.0018919208452,0,26,26,26,7,-29.0018919208452
01-Aug-2026 00:21:24,-157.034445658502,-28.927458711986,0,26,26,26,7,-28.927458711986
01-Aug-2026 00:21:26,-156.566276306488,-28.4592893599717,0,26,26,26,5,-28.4592893599717
01-Aug-2026 00:21:28,-157.177224106697,-29.0702371601807,0,26,26,26,7,-29.0702371601807
01-Aug-2026 00:21:30,-157.580673887915,-29.4736869413993,0,26,26,26,7,-29.4736869413993
01-Aug-2026 00:21:32,-157.182009072097,-29.0750221255807,0,26,26,26,8,-29.0750221255807
01-Aug-2026 00:21:34,-172.373409095595,-44.2664221490791,0,26,26,26,5,-44.2664221490791
01-Aug-2026 00:21:36,-172.417202145178,-44.310215198662,0,26,26,26,5,-44.310215198662
01-Aug-2026 00:21:38,-169.707093900688,-41.6001069541721,0,26,26,26,5,-41.6001069541721
01-Aug-2026 00:21:40,-170.167201539147,-42.0602145926308,0,26,26,26,4,-42.0602145926308
01-Aug-2026 00:21:42,-170.478940940864,-42.3719539943479,0,26,26,26,4,-42.3719539943479
01-Aug-2026 00:21:44,-170.343299484807,-42.2363125382916,0,26,26,26,4,-42.2363125382916
01-Aug-2026 00:21:46,-171.009178462639,-42.902191516123,0,26,26,26,3,-42.902191516123
01-Aug-2026 00:21:48,-172.216243103918,-44.1092561574026,0,26,26,26,2,-44.1092561574026
01-Aug-2026 00:21:50,-172.653100185715,-44.5461132391992,0,26,26,26,2,-44.5461132391992
01-Aug-2026 00:21:52,-173.133020694624,-45.0260337481086,0,26,26,26,2,-45.0260337481086
01-Aug-2026 00:21:54,-173.589944248479,-45.4829573019627,0,26,26,26,2,-45.4829573019627
01-Aug-2026 00:21:56,-174.102343195686,-45.9953562491705,0,25,25,25,2,-45.9953562491705
01-Aug-2026 00:21:58,-174.988384091437,-46.8813971449208,0,25,25,25,3,-46.8813971449208
01-Aug-2026 00:22:00,-174.804089752019,-46.6971028055029,0,25,25,25,2,-46.6971028055029
01-Aug-2026 00:22:02,-175.614034138638,-47.507047192122,0,25,25,25,2,-47.507047192122
01-Aug-2026 00:22:04,-176.515611398378,-48.4086244518619,0,25,25,25,2,-48.4086244518619
01-Aug-2026 00:22:06,-177.147288391968,-49.0403014454524,0,25,25,25,3,-49.0403014454524
01-Aug-2026 00:22:08,-177.429409234604,-49.3224222880883,0,26,26,26,4,-49.3224222880883
01-Aug-2026 00:22:10,-177.534975255013,-49.4279883084969,0,27,27,27,3,-49.4279883084969
01-Aug-2026 00:22:12,-185.640435267029,-57.5334483205132,0,27,27,27,2,-57.5334483205132
01-Aug-2026 00:22:14,-192.711225130569,-64.6042381840535,0,27,27,27,1,-64.6042381840535
01-Aug-2026 00:22:16,-193.052202146899,-64.9452152003835,0,27,27,27,1,-64.9452152003835
01-Aug-2026 00:22:18,-192.838814119348,-64.7318271728324,0,26,26,26,1,-64.7318271728324
01-Aug-2026 00:22:20,-193.232175648909,-65.1251887023929,0,26,26,26,1,-65.1251887023929
01-Aug-2026 00:22:22,-3076.52655568589,-2948.41956873937,0,26,26,26,0,-2948.41956873937
01-Aug-2026 00:22:24,-182.1719874112,-54.0650004646843,0,26,26,26,1,-54.0650004646843
01-Aug-2026 00:22:26,-174.144233267387,-46.0372463208709,0,26,26,26,2,-46.0372463208709
01-Aug-2026 00:22:28,-174.865288997825,-46.7583020513089,0,26,26,26,2,-46.7583020513089
01-Aug-2026 00:22:30,-174.915358225823,-46.8083712793075,0,25,25,25,2,-46.8083712793075
01-Aug-2026 00:22:32,-173.952240950039,-45.8452540035227,0,25,25,25,2,-45.8452540035227
01-Aug-2026 00:22:34,-174.364353627367,-46.2573666808507,0,25,25,25,2,-46.2573666808507
01-Aug-2026 00:22:36,-174.562243702462,-46.4552567559463,0,26,26,26,2,-46.4552567559463
01-Aug-2026 00:22:38,-174.615398454373,-46.5084115078571,0,26,26,26,3,-46.5084115078571
01-Aug-2026 00:22:40,-175.139925193209,-47.0329382466934,0,26,26,26,3,-47.0329382466934
01-Aug-2026 00:22:42,-174.068738607351,-45.9617516608353,0,25,25,25,4,-45.9617516608353
01-Aug-2026 00:22:44,-174.108544590457,-46.001557643941,0,26,26,26,4,-46.001557643941
01-Aug-2026 00:22:46,-175.517991193041,-47.411004246525,0,25,25,25,3,-47.411004246525
01-Aug-2026 00:22:48,-175.806217748234,-47.6992308017183,0,25,25,25,3,-47.6992308017183
01-Aug-2026 00:22:50,-159.938270900063,-31.8312839535471,0,24,24,24,4,-31.8312839535471
01-Aug-2026 00:22:52,-159.146825820171,-31.039838873655,0,24,24,24,4,-31.039838873655
01-Aug-2026 00:22:54,-159.688578166777,-31.5815912202611,0,24,24,24,2,-31.5815912202611
01-Aug-2026 00:22:56,-159.957329718615,-31.8503427720995,0,24,24,24,3,-31.8503427720995
01-Aug-2026 00:22:58,-160.357216436184,-32.2502294896677,0,24,24,24,3,-32.2502294896677
01-Aug-2026 00:23:00,-151.181451132854,-23.0744641863385,0,24,24,24,4,-23.0744641863385
01-Aug-2026 00:23:02,-150.975473386795,-22.8684864402792,0,24,24,24,5,-22.8684864402792
01-Aug-2026 00:23:04,-150.431450161335,-22.3244632148189,0,24,24,24,5,-22.3244632148189
01-Aug-2026 00:23:06,-150.13205265795,-22.0250657114341,0,24,24,24,5,-22.0250657114341
01-Aug-2026 00:23:08,-150.355061612493,-22.2480746659771,0,24,24,24,4,-22.2480746659771
01-Aug-2026 00:23:10,-149.78338382668,-21.6763968801644,0,24,24,24,5,-21.6763968801644
01-Aug-2026 00:23:12,-178.161823794367,-50.0548368478511,0,24,24,24,5,-50.0548368478511
01-Aug-2026 00:23:14,-178.100592892433,-49.9936059459175,0,24,24,24,6,-49.9936059459175
01-Aug-2026 00:23:16,-177.76128229924,-49.6542953527241,0,24,24,24,6,-49.6542953527241
01-Aug-2026 00:23:18,-180.048244459741,-51.9412575132252,0,24,24,24,3,-51.9412575132252
01-Aug-2026 00:23:20,-179.982737765505,-51.8757508189888,0,24,24,24,3,-51.8757508189888
01-Aug-2026 00:23:22,-179.981921914101,-51.8749349675853,0,23,23,23,3,-51.8749349675853
01-Aug-2026 00:23:24,-179.934362407103,-51.8273754605875,0,23,23,23,3,-51.8273754605875
01-Aug-2026 00:23:26,-180.044537660616,-51.9375507141,0,23,23,23,3,-51.9375507141
01-Aug-2026 00:23:28,-180.282731361931,-52.1757444154155,0,23,23,23,3,-52.1757444154155
01-Aug-2026 00:23:30,-180.802886776198,-52.6958998296825,0,23,23,23,3,-52.6958998296825
01-Aug-2026 00:23:32,-180.57399947447,-52.4670125279538,0,23,23,23,4,-52.4670125279538
01-Aug-2026 00:23:34,-174.861924318665,-46.7549373721487,0,24,24,24,5,-46.7549373721487
01-Aug-2026 00:23:36,-160.733133669533,-32.6261467230168,0,24,24,24,6,-32.6261467230168
01-Aug-2026 00:23:38,-158.772082650998,-30.6650957044826,0,24,24,24,8,-30.6650957044826
01-Aug-2026 00:23:40,-158.86097314521,-30.7539861986946,0,23,23,23,8,-30.7539861986946
01-Aug-2026 00:23:42,-164.04670186916,-35.9397149226443,0,23,23,23,7,-35.9397149226443
01-Aug-2026 00:23:44,-163.743813511718,-35.6368265652024,0,23,23,23,7,-35.6368265652024
01-Aug-2026 00:23:46,-163.849147286551,-35.7421603400346,0,23,23,23,7,-35.7421603400346
01-Aug-2026 00:23:48,-163.613620009941,-35.5066330634253,0,22,22,22,7,-35.5066330634253
01-Aug-2026 00:23:50,-163.881242988064,-35.7742560415483,0,22,22,22,7,-35.7742560415483
01-Aug-2026 00:23:52,-164.987807164762,-36.8808202182462,0,22,22,22,6,-36.8808202182462
01-Aug-2026 00:23:54,-165.199780685762,-37.0927937392463,0,22,22,22,6,-37.0927937392463
01-Aug-2026 00:23:56,-163.188573418957,-35.0815864724407,0,22,22,22,6,-35.0815864724407
01-Aug-2026 00:23:58,-162.673073797471,-34.5660868509553,0,23,23,23,6,-34.5660868509553
01-Aug-2026 00:24:00,-162.486782745747,-34.3797957992312,0,23,23,23,6,-34.3797957992312
01-Aug-2026 00:24:02,-161.244973476602,-33.1379865300859,0,23,23,23,7,-33.1379865300859
01-Aug-2026 00:24:04,-161.405979104103,-33.2989921575871,0,23,23,23,7,-33.2989921575871
01-Aug-2026 00:24:06,-160.745670392734,-32.6386834462184,0,23,23,23,8,-32.6386834462184
01-Aug-2026 00:24:08,-160.56100187778,-32.4540149312645,0,23,23,23,8,-32.4540149312645
01-Aug-2026 00:24:10,-160.472535320755,-32.3655483742392,0,23,23,23,7,-32.3655483742392
01-Aug-2026 00:24:12,-160.503141696725,-32.3961547502093,0,23,23,23,7,-32.3961547502093
01-Aug-2026 00:24:14,-160.123350923247,-32.0163639767312,0,23,23,23,7,-32.0163639767312
01-Aug-2026 00:24:16,-159.136636711003,-31.0296497644872,0,23,23,23,7,-31.0296497644872
01-Aug-2026 00:24:18,-158.503058772288,-30.3960718257724,0,23,23,23,6,-30.3960718257724
01-Aug-2026 00:24:20,-158.491905284066,-30.3849183375501,0,23,23,23,6,-30.3849183375501
01-Aug-2026 00:24:22,-158.314985518107,-30.2079985715908,0,23,23,23,5,-30.2079985715908
01-Aug-2026 00:24:24,-157.885701634837,-29.7787146883215,0,24,24,24,5,-29.7787146883215
01-Aug-2026 00:24:26,-157.599216718997,-29.492229772481,0,24,24,24,5,-29.492229772481
01-Aug-2026 00:24:28,-157.794309737288,-29.6873227907724,0,24,24,24,5,-29.6873227907724
01-Aug-2026 00:24:30,-158.306288203086,-30.19930125657,0,25,25,25,5,-30.19930125657
01-Aug-2026 00:24:32,-158.229272779767,-30.1222858332513,0,25,25,25,5,-30.1222858332513
01-Aug-2026 00:24:34,-158.930421429007,-30.8234344824908,0,25,25,25,5,-30.8234344824908
01-Aug-2026 00:24:36,-159.168488287909,-31.0615013413928,0,25,25,25,5,-31.0615013413928
01-Aug-2026 00:24:38,-159.607456478245,-31.5004695317295,0,25,25,25,6,-31.5004695317295
01-Aug-2026 00:24:40,-160.263514332473,-32.156527385957,0,25,25,25,5,-32.156527385957
01-Aug-2026 00:24:42,-159.164588277343,-31.057601330827,0,26,26,26,7,-31.057601330827
01-Aug-2026 00:24:44,-159.641667728158,-31.5346807816418,0,26,26,26,7,-31.5346807816418
01-Aug-2026 00:24:46,-159.533654468308,-31.426667521792,0,26,26,26,5,-31.426667521792
01-Aug-2026 00:24:48,-160.066291445843,-31.9593044993275,0,26,26,26,5,-31.9593044993275
01-Aug-2026 00:24:50,-160.712279472577,-32.6052925260611,0,26,26,26,4,-32.6052925260611
01-Aug-2026 00:24:52,-160.911104041522,-32.8041170950061,0,26,26,26,5,-32.8041170950061
01-Aug-2026 00:24:54,-161.922595271172,-33.8156083246564,0,26,26,26,5,-33.8156083246564
01-Aug-2026 00:24:56,-162.142519227273,-34.0355322807575,0,26,26,26,5,-34.0355322807575
01-Aug-2026 00:24:58,-162.286835419778,-34.1798484732618,0,26,26,26,5,-34.1798484732618
01-Aug-2026 00:25:00,-162.582630330594,-34.4756433840786,0,26,26,26,6,-34.4756433840786
01-Aug-2026 00:25:02,-162.193114359564,-34.0861274130483,0,26,26,26,6,-34.0861274130483
01-Aug-2026 00:25:04,-163.62789825345,-35.5209113069341,0,26,26,26,6,-35.5209113069341
01-Aug-2026 00:25:06,-164.282164723299,-36.1751777767831,0,26,26,26,6,-36.1751777767831
01-Aug-2026 00:25:08,-164.809997428546,-36.7030104820298,0,26,26,26,6,-36.7030104820298
01-Aug-2026 00:25:10,-165.131919528694,-37.0249325821778,0,26,26,26,5,-37.0249325821778
01-Aug-2026 00:25:12,-165.245600133537,-37.1386131870211,0,26,26,26,7,-37.1386131870211
01-Aug-2026 00:25:14,-165.395884469491,-37.2888975229752,0,26,26,26,7,-37.2888975229752
01-Aug-2026 00:25:16,-172.566631791894,-44.4596448453781,0,27,27,27,7,-44.4596448453781
01-Aug-2026 00:25:18,-171.831612003093,-43.7246250565774,0,27,27,27,7,-43.7246250565774
01-Aug-2026 00:25:20,-171.314750660758,-43.2077637142418,0,26,26,26,7,-43.2077637142418
01-Aug-2026 00:25:22,-181.597603251154,-53.4906163046383,0,26,26,26,5,-53.4906163046383
01-Aug-2026 00:25:24,-181.560693090246,-53.4537061437301,0,26,26,26,4,-53.4537061437301
01-Aug-2026 00:25:26,-181.229552387623,-53.1225654411076,0,26,26,26,5,-53.1225654411076
01-Aug-2026 00:25:28,-181.205756201938,-53.0987692554224,0,26,26,26,5,-53.0987692554224
01-Aug-2026 00:25:30,-181.162135476002,-53.0551485294865,0,26,26,26,5,-53.0551485294865
01-Aug-2026 00:25:32,-181.027421145755,-52.9204341992391,0,26,26,26,5,-52.9204341992391
01-Aug-2026 00:25:34,-181.093172070949,-52.986185124433,0,26,26,26,5,-52.986185124433
01-Aug-2026 00:25:36,-181.010431508455,-52.9034445619388,0,26,26,26,5,-52.9034445619388
01-Aug-2026 00:25:38,-180.895654198688,-52.7886672521723,0,26,26,26,5,-52.7886672521723
01-Aug-2026 00:25:40,-155.565522228423,-27.4585352819073,0,26,26,26,6,-27.4585352819073
01-Aug-2026 00:25:42,-155.06429054735,-26.9573036008342,0,26,26,26,6,-26.9573036008342
01-Aug-2026 00:25:44,-154.67400231293,-26.5670153664139,0,26,26,26,6,-26.5670153664139
01-Aug-2026 00:25:46,-155.299358985028,-27.1923720385124,0,25,25,25,6,-27.1923720385124
01-Aug-2026 00:25:48,-154.55120546847,-26.4442185219538,0,25,25,25,7,-26.4442185219538
01-Aug-2026 00:25:50,-153.823741840948,-25.716754894432,0,25,25,25,6,-25.716754894432
01-Aug-2026 00:25:52,-153.538614544281,-25.4316275977652,0,24,24,24,5,-25.4316275977652
01-Aug-2026 00:25:54,-154.050345133903,-25.9433581873868,0,24,24,24,4,-25.9433581873868
01-Aug-2026 00:25:56,-154.209832588968,-26.1028456424521,0,24,24,24,4,-26.1028456424521
01-Aug-2026 00:25:58,-153.717665858583,-25.6106789120672,0,24,24,24,5,-25.6106789120672
01-Aug-2026 00:26:00,-153.654289326267,-25.5473023797515,0,26,26,26,4,-25.5473023797515
01-Aug-2026 00:26:02,-152.450738138922,-24.343751192406,0,26,26,26,5,-24.343751192406
01-Aug-2026 00:26:04,-151.991308995845,-23.8843220493289,0,26,26,26,5,-23.8843220493289
01-Aug-2026 00:26:06,-151.728834241566,-23.6218472950505,0,26,26,26,5,-23.6218472950505
01-Aug-2026 00:26:08,-151.348873840843,-23.2418868943274,0,26,26,26,5,-23.2418868943274
01-Aug-2026 00:26:10,-151.662646951073,-23.5556600045576,0,27,27,27,7,-23.5556600045576
01-Aug-2026 00:26:12,-151.615477976614,-23.5084910300986,0,27,27,27,8,-23.5084910300986
01-Aug-2026 00:26:14,-151.241593181286,-23.1346062347701,0,27,27,27,8,-23.1346062347701
01-Aug-2026 00:26:16,-150.889071469772,-22.7820845232565,0,27,27,27,6,-22.7820845232565
01-Aug-2026 00:26:18,-151.388398484011,-23.2814115374954,0,27,27,27,7,-23.2814115374954
01-Aug-2026 00:26:20,-151.349706354133,-23.2427194076169,0,26,26,26,8,-23.2427194076169
01-Aug-2026 00:26:22,-150.876126608432,-22.7691396619164,0,26,26,26,8,-22.7691396619164
01-Aug-2026 00:26:24,-156.454000147103,-28.3470132005874,0,26,26,26,7,-28.3470132005874
01-Aug-2026 00:26:26,-156.638846691436,-28.5318597449197,0,26,26,26,6,-28.5318597449197
01-Aug-2026 00:26:28,-157.16958913772,-29.0626021912039,0,26,26,26,7,-29.0626021912039
01-Aug-2026 00:26:30,-158.749588562362,-30.6426016158464,0,26,26,26,6,-30.6426016158464
01-Aug-2026 00:26:32,-158.811675361391,-30.7046884148747,0,26,26,26,5,-30.7046884148747
01-Aug-2026 00:26:34,-158.768847783082,-30.6618608365662,0,26,26,26,5,-30.6618608365662
01-Aug-2026 00:26:36,-159.964109404987,-31.8571224584711,0,26,26,26,5,-31.8571224584711
01-Aug-2026 00:26:38,-160.435055409448,-32.3280684629322,0,25,25,25,4,-32.3280684629322
01-Aug-2026 00:26:40,-160.895216354733,-32.7882294082168,0,25,25,25,4,-32.7882294082168
01-Aug-2026 00:26:42,-161.26805296825,-33.1610660217345,0,25,25,25,5,-33.1610660217345
01-Aug-2026 00:26:44,-161.448822727475,-33.3418357809591,0,25,25,25,5,-33.3418357809591
01-Aug-2026 00:26:46,-161.596368704541,-33.4893817580253,0,25,25,25,6,-33.4893817580253
01-Aug-2026 00:26:48,-161.620168434885,-33.5131814883687,0,25,25,25,6,-33.5131814883687
01-Aug-2026 00:26:50,-162.08229372632,-33.975306779804,0,25,25,25,6,-33.975306779804
01-Aug-2026 00:26:52,-161.738361281138,-33.6313743346226,0,24,24,24,5,-33.6313743346226
01-Aug-2026 00:26:54,-162.666731618479,-34.5597446719633,0,24,24,24,6,-34.5597446719633
01-Aug-2026 00:26:56,-162.935981876065,-34.8289949295494,0,24,24,24,6,-34.8289949295494
01-Aug-2026 00:26:58,-159.543061739679,-31.4360747931628,0,24,24,24,7,-31.4360747931628
01-Aug-2026 00:27:00,-159.548274397915,-31.4412874513988,0,24,24,24,6,-31.4412874513988
01-Aug-2026 00:27:02,-159.790937073886,-31.6839501273698,0,24,24,24,6,-31.6839501273698
01-Aug-2026 00:27:04,-157.215744072101,-29.108757125585,0,24,24,24,6,-29.108757125585
01-Aug-2026 00:27:06,-157.406436175258,-29.2994492287424,0,24,24,24,7,-29.2994492287424
01-Aug-2026 00:27:08,-157.542573380345,-29.4355864338295,0,23,23,23,6,-29.4355864338295
01-Aug-2026 00:27:10,-157.245389246293,-29.1384022997774,0,23,23,23,8,-29.1384022997774
01-Aug-2026 00:27:12,-157.062373122021,-28.9553861755047,0,23,23,23,8,-28.9553861755047
01-Aug-2026 00:27:14,-157.252255217609,-29.145268271093,0,23,23,23,8,-29.145268271093
01-Aug-2026 00:27:16,-157.157170346192,-29.050183399676,0,23,23,23,7,-29.050183399676
01-Aug-2026 00:27:18,-157.109947847308,-29.0029609007924,0,23,23,23,6,-29.0029609007924
01-Aug-2026 00:27:20,-156.736554738095,-28.6295677915792,0,23,23,23,6,-28.6295677915792
01-Aug-2026 00:27:22,-156.593086405924,-28.4860994594078,0,23,23,23,5,-28.4860994594078
01-Aug-2026 00:27:24,-157.013746645643,-28.9067596991268,0,23,23,23,5,-28.9067596991268
01-Aug-2026 00:27:26,-157.104713930874,-28.9977269843581,0,22,22,22,5,-28.9977269843581
01-Aug-2026 00:27:28,-156.968769810317,-28.8617828638011,0,22,22,22,5,-28.8617828638011
01-Aug-2026 00:27:30,-156.92827919115,-28.8212922446342,0,22,22,22,5,-28.8212922446342
01-Aug-2026 00:27:32,-156.80310006539,-28.6961131188745,0,23,23,23,6,-28.6961131188745
01-Aug-2026 00:27:34,-156.905437489655,-28.7984505431391,0,23,23,23,6,-28.7984505431391
01-Aug-2026 00:27:36,-157.223261709699,-29.1162747631835,0,22,22,22,6,-29.1162747631835
01-Aug-2026 00:27:38,-157.964865619777,-29.8578786732611,0,22,22,22,5,-29.8578786732611
01-Aug-2026 00:27:40,-162.587920415833,-34.4809334693175,0,22,22,22,4,-34.4809334693175
01-Aug-2026 00:27:42,-162.828005645038,-34.721018698522,0,22,22,22,4,-34.721018698522
01-Aug-2026 00:27:44,-163.077841412399,-34.9708544658835,0,22,22,22,4,-34.9708544658835
01-Aug-2026 00:27:46,-163.922227071749,-35.8152401252331,0,22,22,22,3,-35.8152401252331
01-Aug-2026 00:27:48,-164.285452853641,-36.1784659071251,0,23,23,23,4,-36.1784659071251
01-Aug-2026 00:27:50,-164.885279000818,-36.7782920543017,0,23,23,23,4,-36.7782920543017
01-Aug-2026 00:27:52,-162.373810400803,-34.2668234542874,0,23,23,23,5,-34.2668234542874
01-Aug-2026 00:27:54,-162.467449683927,-34.3604627374115,0,23,23,23,5,-34.3604627374115
01-Aug-2026 00:27:56,-161.35770148966,-33.2507145431443,0,23,23,23,6,-33.2507145431443
01-Aug-2026 00:27:58,-161.271108840402,-33.1641218938865,0,23,23,23,6,-33.1641218938865
01-Aug-2026 00:28:00,-161.481764743831,-33.3747777973151,0,23,23,23,6,-33.3747777973151
01-Aug-2026 00:28:02,-162.7594898841,-34.6525029375838,0,23,23,23,5,-34.6525029375838
01-Aug-2026 00:28:04,-162.563175298456,-34.4561883519405,0,23,23,23,5,-34.4561883519405
01-Aug-2026 00:28:06,-162.792893325078,-34.6859063785618,0,23,23,23,6,-34.6859063785618
01-Aug-2026 00:28:08,-162.431985590134,-34.3249986436178,0,23,23,23,5,-34.3249986436178
01-Aug-2026 00:28:10,-162.30004865837,-34.1930617118542,0,23,23,23,5,-34.1930617118542
01-Aug-2026 00:28:12,-162.140547170228,-34.033560223712,0,24,24,24,6,-34.033560223712
01-Aug-2026 00:28:14,-162.398309816032,-34.2913228695165,0,25,25,25,7,-34.2913228695165
01-Aug-2026 00:28:16,-162.375703822773,-34.268716876257,0,25,25,25,7,-34.268716876257
01-Aug-2026 00:28:18,-162.461359786636,-34.3543728401199,0,25,25,25,7,-34.3543728401199
01-Aug-2026 00:28:20,-162.017388447369,-33.9104015008527,0,26,26,26,8,-33.9104015008527
01-Aug-2026 00:28:22,-162.057285817449,-33.9502988709328,0,26,26,26,8,-33.9502988709328
01-Aug-2026 00:28:24,-162.012037071636,-33.9050501251206,0,26,26,26,8,-33.9050501251206
01-Aug-2026 00:28:26,-162.499126523599,-34.3921395770831,0,25,25,25,5,-34.3921395770831
01-Aug-2026 00:28:28,-163.723231716091,-35.6162447695753,0,25,25,25,5,-35.6162447695753
01-Aug-2026 00:28:30,-163.892619733376,-35.7856327868597,0,26,26,26,5,-35.7856327868597
01-Aug-2026 00:28:32,-166.67310528703,-38.5661183405145,0,26,26,26,4,-38.5661183405145
01-Aug-2026 00:28:34,-167.448797425873,-39.3418104793571,0,26,26,26,4,-39.3418104793571
01-Aug-2026 00:28:36,-184.98314247134,-56.8761555248238,0,26,26,26,3,-56.8761555248238
01-Aug-2026 00:28:38,-185.286716523481,-57.1797295769654,0,26,26,26,3,-57.1797295769654
01-Aug-2026 00:28:40,-173.171783154465,-45.0647962079494,0,26,26,26,4,-45.0647962079494
01-Aug-2026 00:28:42,-185.358077853204,-57.2510909066878,0,26,26,26,3,-57.2510909066878
01-Aug-2026 00:28:44,-188.511476920606,-60.4044899740903,0,26,26,26,2,-60.4044899740903
01-Aug-2026 00:28:46,-188.546860821328,-60.4398738748125,0,26,26,26,2,-60.4398738748125
01-Aug-2026 00:28:48,-188.921143257252,-60.8141563107362,0,26,26,26,2,-60.8141563107362
01-Aug-2026 00:28:50,-189.212358148645,-61.1053712021288,0,26,26,26,2,-61.1053712021288
01-Aug-2026 00:28:52,-189.362942851944,-61.2559559054282,0,26,26,26,2,-61.2559559054282
01-Aug-2026 00:28:54,-189.346403376486,-61.2394164299697,0,26,26,26,2,-61.2394164299697
01-Aug-2026 00:28:56,-189.463120113111,-61.3561331665947,0,26,26,26,3,-61.3561331665947
01-Aug-2026 00:28:58,-189.71635939593,-61.6093724494146,0,26,26,26,3,-61.6093724494146
01-Aug-2026 00:29:00,-189.811597752701,-61.7046108061847,0,26,26,26,3,-61.7046108061847
01-Aug-2026 00:29:02,-189.401791864805,-61.2948049182892,0,26,26,26,3,-61.2948049182892
01-Aug-2026 00:29:04,-161.005890274618,-32.8989033281022,0,27,27,27,5,-32.8989033281022
01-Aug-2026 00:29:06,-160.228384484308,-32.1213975377925,0,27,27,27,5,-32.1213975377925
01-Aug-2026 00:29:08,-160.106070148023,-31.9990832015073,0,27,27,27,5,-31.9990832015073
01-Aug-2026 00:29:10,-159.819986165551,-31.7129992190348,0,26,26,26,5,-31.7129992190348
01-Aug-2026 00:29:12,-159.48437292685,-31.377385980334,0,26,26,26,4,-31.377385980334
01-Aug-2026 00:29:14,-159.229000710729,-31.1220137642129,0,26,26,26,4,-31.1220137642129
01-Aug-2026 00:29:16,-159.227737637492,-31.1207506909758,0,26,26,26,4,-31.1207506909758
01-Aug-2026 00:29:18,-159.002838583214,-30.895851636698,0,26,26,26,3,-30.895851636698
01-Aug-2026 00:29:20,-159.440827517027,-31.3338405705108,0,26,26,26,3,-31.3338405705108
01-Aug-2026 00:29:22,-159.66845792636,-31.5614709798444,0,26,26,26,4,-31.5614709798444
01-Aug-2026 00:29:24,-160.362441751727,-32.2554548052114,0,26,26,26,3,-32.2554548052114
01-Aug-2026 00:29:26,-160.034821078013,-31.9278341314975,0,26,26,26,3,-31.9278341314975
01-Aug-2026 00:29:28,-159.468858696161,-31.3618717496451,0,25,25,25,3,-31.3618717496451
01-Aug-2026 00:29:30,-159.469612335809,-31.3626253892934,0,25,25,25,3,-31.3626253892934
01-Aug-2026 00:29:32,-159.546827945961,-31.4398409994452,0,25,25,25,2,-31.4398409994452
01-Aug-2026 00:29:34,-158.787729284756,-30.68074233824,0,25,25,25,2,-30.68074233824
01-Aug-2026 00:29:36,-159.159364088999,-31.0523771424834,0,24,24,24,3,-31.0523771424834
01-Aug-2026 00:29:38,-158.763763107732,-30.6567761612165,0,24,24,24,3,-30.6567761612165
01-Aug-2026 00:29:40,-158.596902225043,-30.4899152785274,0,24,24,24,3,-30.4899152785274
01-Aug-2026 00:29:42,-159.066427247742,-30.9594403012266,0,24,24,24,3,-30.9594403012266
01-Aug-2026 00:29:44,-159.218526232316,-31.1115392857997,0,24,24,24,3,-31.1115392857997
01-Aug-2026 00:29:46,-154.323179633497,-26.2161926869809,0,25,25,25,4,-26.2161926869809
01-Aug-2026 00:29:48,-154.648945347526,-26.5419584010102,0,25,25,25,4,-26.5419584010102
01-Aug-2026 00:29:50,-154.781380529687,-26.6743935831708,0,26,26,26,4,-26.6743935831708
01-Aug-2026 00:29:52,-155.800928527119,-27.6939415806036,0,27,27,27,6,-27.6939415806036
01-Aug-2026 00:29:54,-155.688575451683,-27.5815885051674,0,27,27,27,6,-27.5815885051674
01-Aug-2026 00:29:56,-157.578063427931,-29.4710764814151,0,27,27,27,4,-29.4710764814151
01-Aug-2026 00:29:58,-157.117986412092,-29.0109994655761,0,27,27,27,3,-29.0109994655761
01-Aug-2026 00:30:00,-156.928029145559,-28.8210421990431,0,27,27,27,3,-28.8210421990431
01-Aug-2026 00:30:02,-157.492312134205,-29.3853251876891,0,27,27,27,3,-29.3853251876891
01-Aug-2026 00:30:04,-157.315868893751,-29.2088819472348,0,27,27,27,3,-29.2088819472348
01-Aug-2026 00:30:06,-157.198456911216,-29.0914699647001,0,27,27,27,5,-29.0914699647001
01-Aug-2026 00:30:08,-156.662536752353,-28.5555498058369,0,27,27,27,3,-28.5555498058369
01-Aug-2026 00:30:10,-157.091964454075,-28.984977507559,0,26,26,26,4,-28.984977507559
01-Aug-2026 00:30:12,-157.472206516431,-29.3652195699152,0,26,26,26,3,-29.3652195699152
01-Aug-2026 00:30:14,-157.925859577199,-29.818872630683,0,26,26,26,3,-29.818872630683
01-Aug-2026 00:30:16,-156.990361648062,-28.883374701546,0,26,26,26,3,-28.883374701546
01-Aug-2026 00:30:18,-157.422815259272,-29.3158283127561,0,26,26,26,3,-29.3158283127561
01-Aug-2026 00:30:20,-157.947313670193,-29.8403267236768,0,26,26,26,3,-29.8403267236768
01-Aug-2026 00:30:22,-157.603876787639,-29.4968898411233,0,26,26,26,3,-29.4968898411233
01-Aug-2026 00:30:24,-158.074054767915,-29.9670678213993,0,25,25,25,3,-29.9670678213993
01-Aug-2026 00:30:26,-157.842291478574,-29.735304532058,0,25,25,25,4,-29.735304532058
01-Aug-2026 00:30:28,-158.460755642589,-30.3537686960732,0,25,25,25,4,-30.3537686960732
01-Aug-2026 00:30:30,-182.521968313451,-54.4149813669352,0,25,25,25,3,-54.4149813669352
01-Aug-2026 00:30:32,-182.615553940496,-54.5085669939804,0,25,25,25,3,-54.5085669939804
01-Aug-2026 00:30:34,-178.722554842238,-50.6155678957221,0,25,25,25,5,-50.6155678957221
01-Aug-2026 00:30:36,-179.056681000371,-50.9496940538551,0,25,25,25,5,-50.9496940538551
01-Aug-2026 00:30:38,-179.399353969719,-51.2923670232028,0,25,25,25,5,-51.2923670232028
01-Aug-2026 00:30:40,-178.026886094714,-49.9198991481977,0,25,25,25,6,-49.9198991481977
01-Aug-2026 00:30:42,-178.116540050507,-50.009553103991,0,25,25,25,6,-50.009553103991
01-Aug-2026 00:30:44,-179.258959001597,-51.1519720550809,0,25,25,25,4,-51.1519720550809
01-Aug-2026 00:30:46,-169.289170204304,-41.1821832577883,0,25,25,25,5,-41.1821832577883
01-Aug-2026 00:30:48,-169.232911663107,-41.1259247165912,0,25,25,25,5,-41.1259247165912
01-Aug-2026 00:30:50,-163.267322386897,-35.1603354403814,0,25,25,25,6,-35.1603354403814
01-Aug-2026 00:30:52,-162.218083448086,-34.1110965015699,0,25,25,25,6,-34.1110965015699
01-Aug-2026 00:30:54,-162.165901710089,-34.0589147635734,0,23,23,23,7,-34.0589147635734
01-Aug-2026 00:30:56,-162.034734126599,-33.9277471800836,0,23,23,23,7,-33.9277471800836
01-Aug-2026 00:30:58,-162.806205985099,-34.6992190385827,0,23,23,23,7,-34.6992190385827
01-Aug-2026 00:31:00,-162.425509172642,-34.3185222261261,0,23,23,23,7,-34.3185222261261
01-Aug-2026 00:31:02,-161.536298830112,-33.4293118835962,0,23,23,23,7,-33.4293118835962
01-Aug-2026 00:31:04,-168.216303660038,-40.1093167135217,0,23,23,23,6,-40.1093167135217
01-Aug-2026 00:31:06,-167.951067055636,-39.8440801091197,0,23,23,23,6,-39.8440801091197
01-Aug-2026 00:31:08,-167.472631715096,-39.3656447685802,0,23,23,23,6,-39.3656447685802
01-Aug-2026 00:31:10,-167.542391334996,-39.4354043884805,0,23,23,23,5,-39.4354043884805
01-Aug-2026 00:31:12,-167.010516335144,-38.9035293886284,0,23,23,23,5,-38.9035293886284
01-Aug-2026 00:31:14,-166.366004120027,-38.2590171735116,0,22,22,22,6,-38.2590171735116
01-Aug-2026 00:31:16,-166.630746603527,-38.5237596570113,0,22,22,22,6,-38.5237596570113
01-Aug-2026 00:31:18,-166.29394321264,-38.1869562661244,0,22,22,22,4,-38.1869562661244
01-Aug-2026 00:31:20,-165.910277663889,-37.8032907173727,0,22,22,22,4,-37.8032907173727
01-Aug-2026 00:31:22,-166.264849446524,-38.1578625000083,0,22,22,22,4,-38.1578625000083
01-Aug-2026 00:31:24,-165.693314294121,-37.5863273476054,0,22,22,22,4,-37.5863273476054
01-Aug-2026 00:31:26,-165.604729234372,-37.4977422878558,0,21,21,21,5,-37.4977422878558
01-Aug-2026 00:31:28,-165.26841367085,-37.1614267243341,0,21,21,21,5,-37.1614267243341
01-Aug-2026 00:31:30,-165.12328370484,-37.0162967583238,0,22,22,22,5,-37.0162967583238
01-Aug-2026 00:31:32,-164.642788792338,-36.5358018458218,0,22,22,22,5,-36.5358018458218
01-Aug-2026 00:31:34,-164.450263572284,-36.3432766257684,0,22,22,22,5,-36.3432766257684
01-Aug-2026 00:31:36,-164.757241836528,-36.6502548900119,0,22,22,22,6,-36.6502548900119
01-Aug-2026 00:31:38,-164.596909397102,-36.4899224505857,0,23,23,23,4,-36.4899224505857
01-Aug-2026 00:31:40,-164.570457684891,-36.4634707383754,0,23,23,23,4,-36.4634707383754
01-Aug-2026 00:31:42,-164.561458987071,-36.4544720405551,0,23,23,23,4,-36.4544720405551
01-Aug-2026 00:31:44,-163.814923971845,-35.7079370253287,0,23,23,23,3,-35.7079370253287
01-Aug-2026 00:31:46,-163.228825890521,-35.1218389440052,0,23,23,23,4,-35.1218389440052
01-Aug-2026 00:31:48,-162.993831801703,-34.8868448551868,0,23,23,23,5,-34.8868448551868
01-Aug-2026 00:31:50,-162.783921574466,-34.67693462795,0,23,23,23,6,-34.67693462795
01-Aug-2026 00:31:52,-162.620159577806,-34.5131726312906,0,23,23,23,6,-34.5131726312906
01-Aug-2026 00:31:54,-162.425937733293,-34.3189507867774,0,23,23,23,4,-34.3189507867774
01-Aug-2026 00:31:56,-161.739905305919,-33.632918359403,0,23,23,23,5,-33.632918359403
01-Aug-2026 00:31:58,-159.060340184152,-30.9533532376365,0,24,24,24,8,-30.9533532376365
01-Aug-2026 00:32:00,-159.054063924212,-30.9470769776963,0,25,25,25,8,-30.9470769776963
01-Aug-2026 00:32:02,-159.000020089087,-30.8930331425708,0,25,25,25,8,-30.8930331425708
01-Aug-2026 00:32:04,-158.810000094589,-30.7030131480734,0,25,25,25,7,-30.7030131480734
01-Aug-2026 00:32:06,-158.697174946242,-30.590187999726,0,25,25,25,6,-30.590187999726
01-Aug-2026 00:32:08,-158.962860220336,-30.8558732738202,0,26,26,26,6,-30.8558732738202
01-Aug-2026 00:32:10,-159.069548002345,-30.9625610558291,0,26,26,26,6,-30.9625610558291
01-Aug-2026 00:32:12,-159.275836321671,-31.168849375155,0,26,26,26,7,-31.168849375155
01-Aug-2026 00:32:14,-159.065763938952,-30.9587769924357,0,26,26,26,5,-30.9587769924357
01-Aug-2026 00:32:16,-159.08250984526,-30.9755228987439,0,25,25,25,5,-30.9755228987439
01-Aug-2026 00:32:18,-159.379632236318,-31.2726452898025,0,26,26,26,5,-31.2726452898025
01-Aug-2026 00:32:20,-159.343365630477,-31.2363786839615,0,26,26,26,5,-31.2363786839615
01-Aug-2026 00:32:22,-159.270620568302,-31.1636336217863,0,26,26,26,5,-31.1636336217863
01-Aug-2026 00:32:24,-159.332203916835,-31.2252169703195,0,26,26,26,5,-31.2252169703195
01-Aug-2026 00:32:26,-160.943354700701,-32.8363677541849,0,26,26,26,6,-32.8363677541849
01-Aug-2026 00:32:28,-160.550282512924,-32.4432955664083,0,26,26,26,5,-32.4432955664083
01-Aug-2026 00:32:30,-160.052179523499,-31.9451925769832,0,26,26,26,5,-31.9451925769832
01-Aug-2026 00:32:32,-160.199319055324,-32.0923321088083,0,26,26,26,5,-32.0923321088083
01-Aug-2026 00:32:34,-159.399045928377,-31.2920589818612,0,26,26,26,5,-31.2920589818612
01-Aug-2026 00:32:36,-159.175123678958,-31.0681367324426,0,26,26,26,5,-31.0681367324426
01-Aug-2026 00:32:38,-158.903621941464,-30.7966349949478,0,26,26,26,5,-30.7966349949478
01-Aug-2026 00:32:40,-159.056171564504,-30.9491846179879,0,26,26,26,5,-30.9491846179879
01-Aug-2026 00:32:42,-158.679923546426,-30.5729365999106,0,26,26,26,6,-30.5729365999106
01-Aug-2026 00:32:44,-158.099238332751,-29.9922513862348,0,26,26,26,4,-29.9922513862348
01-Aug-2026 00:32:46,-173.406680087116,-45.2996931406004,0,26,26,26,3,-45.2996931406004
01-Aug-2026 00:32:48,-161.055610702508,-32.948623755992,0,26,26,26,3,-32.948623755992
01-Aug-2026 00:32:50,-159.994600320028,-31.8876133735121,0,26,26,26,3,-31.8876133735121
01-Aug-2026 00:32:52,-159.861473952069,-31.7544870055535,0,27,27,27,3,-31.7544870055535
01-Aug-2026 00:32:54,-159.779162717536,-31.6721757710206,0,27,27,27,3,-31.6721757710206
01-Aug-2026 00:32:56,-159.998738930759,-31.8917519842428,0,27,27,27,3,-31.8917519842428
01-Aug-2026 00:32:58,-159.260795832424,-31.1538088859085,0,27,27,27,2,-31.1538088859085
01-Aug-2026 00:33:00,-159.232108260707,-31.1251213141908,0,26,26,26,3,-31.1251213141908
01-Aug-2026 00:33:02,-159.267952834759,-31.1609658882427,0,25,25,25,2,-31.1609658882427
01-Aug-2026 00:33:04,-158.668850470417,-30.5618635239011,0,25,25,25,2,-30.5618635239011
01-Aug-2026 00:33:06,-158.380675008886,-30.2736880623698,0,25,25,25,2,-30.2736880623698
01-Aug-2026 00:33:08,-158.395689222558,-30.2887022760423,0,25,25,25,4,-30.2887022760423
01-Aug-2026 00:33:10,-157.858897157632,-29.7519102111164,0,25,25,25,4,-29.7519102111164
01-Aug-2026 00:33:12,-157.855398985189,-29.7484120386733,0,25,25,25,3,-29.7484120386733
01-Aug-2026 00:33:14,-156.46098824638,-28.3540012998639,0,25,25,25,3,-28.3540012998639
01-Aug-2026 00:33:16,-156.324044360489,-28.217057413973,0,25,25,25,3,-28.217057413973
01-Aug-2026 00:33:18,-156.066460251974,-27.9594733054584,0,25,25,25,3,-27.9594733054584
01-Aug-2026 00:33:20,-155.287509266593,-27.180522320077,0,25,25,25,3,-27.180522320077
01-Aug-2026 00:33:22,-154.961983683753,-26.8549967372372,0,26,26,26,3,-26.8549967372372
01-Aug-2026 00:33:24,-154.261152195579,-26.1541652490633,0,26,26,26,3,-26.1541652490633
01-Aug-2026 00:33:26,-153.897910186698,-25.7909232401819,0,26,26,26,2,-25.7909232401819
01-Aug-2026 00:33:28,-153.756286279948,-25.6492993334321,0,25,25,25,3,-25.6492993334321
01-Aug-2026 00:33:30,-153.563729010521,-25.4567420640051,0,25,25,25,4,-25.4567420640051
01-Aug-2026 00:33:32,-153.258554636184,-25.1515676896684,0,25,25,25,3,-25.1515676896684
01-Aug-2026 00:33:34,-153.267267295014,-25.1602803484978,0,25,25,25,3,-25.1602803484978
01-Aug-2026 00:33:36,-152.995124099311,-24.8881371527947,0,25,25,25,3,-24.8881371527947
01-Aug-2026 00:33:38,-152.921583612877,-24.8145966663616,0,25,25,25,3,-24.8145966663616
01-Aug-2026 00:33:40,-152.857589648662,-24.7506027021458,0,25,25,25,3,-24.7506027021458
01-Aug-2026 00:33:42,-152.693952233272,-24.5869652867558,0,26,26,26,4,-24.5869652867558
01-Aug-2026 00:33:44,-152.607722819883,-24.5007358733671,0,26,26,26,4,-24.5007358733671
01-Aug-2026 00:33:46,-152.997712225887,-24.8907252793709,0,27,27,27,4,-24.8907252793709
01-Aug-2026 00:33:48,-152.92201236233,-24.8150254158141,0,27,27,27,4,-24.8150254158141
01-Aug-2026 00:33:50,-152.886622151933,-24.7796352054176,0,27,27,27,5,-24.7796352054176
01-Aug-2026 00:33:52,-153.29532703491,-25.1883400883939,0,27,27,27,5,-25.1883400883939
01-Aug-2026 00:33:54,-153.316748646665,-25.2097617001495,0,27,27,27,5,-25.2097617001495
01-Aug-2026 00:33:56,-153.431198518791,-25.3242115722756,0,27,27,27,5,-25.3242115722756
01-Aug-2026 00:33:58,-153.779987627342,-25.673000680826,0,27,27,27,4,-25.673000680826
01-Aug-2026 00:34:00,-153.772427741601,-25.6654407950853,0,26,26,26,4,-25.6654407950853
01-Aug-2026 00:34:02,-154.243925903553,-26.136938957037,0,26,26,26,3,-26.136938957037
01-Aug-2026 00:34:04,-154.526809330507,-26.4198223839914,0,26,26,26,3,-26.4198223839914
01-Aug-2026 00:34:06,-154.339743084678,-26.2327561381618,0,26,26,26,3,-26.2327561381618
01-Aug-2026 00:34:08,-154.67610575019,-26.5691188036742,0,26,26,26,4,-26.5691188036742
01-Aug-2026 00:34:10,-167.318615846027,-39.2116288995108,0,26,26,26,3,-39.2116288995108
01-Aug-2026 00:34:12,-148.562022543253,-20.4550355967373,0,25,25,25,4,-20.4550355967373
01-Aug-2026 00:34:14,-148.126299765327,-20.0193128188107,0,25,25,25,3,-20.0193128188107
01-Aug-2026 00:34:16,-166.361477246732,-38.2544903002159,0,25,25,25,3,-38.2544903002159
01-Aug-2026 00:34:18,-165.991987376559,-37.8850004300432,0,25,25,25,3,-37.8850004300432
01-Aug-2026 00:34:20,-165.845764438426,-37.7387774919106,0,25,25,25,3,-37.7387774919106
01-Aug-2026 00:34:22,-170.607022536439,-42.5000355899235,0,25,25,25,2,-42.5000355899235
01-Aug-2026 00:34:24,-171.461551563711,-43.3545646171954,0,25,25,25,2,-43.3545646171954
01-Aug-2026 00:34:26,-170.66785099225,-42.560864045734,0,25,25,25,2,-42.560864045734
01-Aug-2026 00:34:28,-170.645150922282,-42.5381639757662,0,25,25,25,2,-42.5381639757662
01-Aug-2026 00:34:30,-170.935758830325,-42.8287718838093,0,25,25,25,3,-42.8287718838093
01-Aug-2026 00:34:32,-170.386940966878,-42.2799540203624,0,25,25,25,3,-42.2799540203624
01-Aug-2026 00:34:34,-170.431537362574,-42.3245504160579,0,25,25,25,3,-42.3245504160579
01-Aug-2026 00:34:36,-160.200973113269,-32.0939861667534,0,25,25,25,4,-32.0939861667534
01-Aug-2026 00:34:38,-160.3013658843,-32.1943789377837,0,25,25,25,3,-32.1943789377837
01-Aug-2026 00:34:40,-160.480627512123,-32.3736405656075,0,24,24,24,3,-32.3736405656075
01-Aug-2026 00:34:42,-161.396705314595,-33.2897183680789,0,24,24,24,2,-33.2897183680789
01-Aug-2026 00:34:44,-160.184355475382,-32.0773685288661,0,24,24,24,3,-32.0773685288661
01-Aug-2026 00:34:46,-158.787097058036,-30.6801101115198,0,24,24,24,5,-30.6801101115198
01-Aug-2026 00:34:48,-158.283415565391,-30.1764286188751,0,24,24,24,6,-30.1764286188751
01-Aug-2026 00:34:50,-158.578047620155,-30.4710606736387,0,24,24,24,6,-30.4710606736387
01-Aug-2026 00:34:52,-158.161967899415,-30.0549809528991,0,24,24,24,7,-30.0549809528991
01-Aug-2026 00:34:54,-158.363587704998,-30.2566007584823,0,24,24,24,7,-30.2566007584823
01-Aug-2026 00:34:56,-158.431636471624,-30.3246495251078,0,23,23,23,8,-30.3246495251078
01-Aug-2026 00:34:58,-162.369636022802,-34.2626490762866,0,23,23,23,7,-34.2626490762866
01-Aug-2026 00:35:00,-162.178633533073,-34.0716465865574,0,23,23,23,8,-34.0716465865574
01-Aug-2026 00:35:02,-162.47498948079,-34.3680025342745,0,22,22,22,6,-34.3680025342745
01-Aug-2026 00:35:04,-162.630324239695,-34.5233372931795,0,22,22,22,6,-34.5233372931795
01-Aug-2026 00:35:06,-162.236339602116,-34.1293526556006,0,22,22,22,6,-34.1293526556006
01-Aug-2026 00:35:08,-162.133276789426,-34.0262898429098,0,22,22,22,6,-34.0262898429098
01-Aug-2026 00:35:10,-161.920097196581,-33.8131102500647,0,22,22,22,6,-33.8131102500647
01-Aug-2026 00:35:12,-161.847314418915,-33.7403274723988,0,22,22,22,6,-33.7403274723988
01-Aug-2026 00:35:14,-162.112349426187,-34.0053624796713,0,22,22,22,6,-34.0053624796713
01-Aug-2026 00:35:16,-162.48168939353,-34.3747024470137,0,21,21,21,4,-34.3747024470137
01-Aug-2026 00:35:18,-163.854717095389,-35.7477301488727,0,21,21,21,3,-35.7477301488727
01-Aug-2026 00:35:20,-163.377000138398,-35.2700131918817,0,21,21,21,3,-35.2700131918817
01-Aug-2026 00:35:22,-163.108654956001,-35.0016680094853,0,21,21,21,3,-35.0016680094853
01-Aug-2026 00:35:24,-163.559846384836,-35.4528594383203,0,21,21,21,3,-35.4528594383203
01-Aug-2026 00:35:26,-163.140842277951,-35.0338553314348,0,21,21,21,4,-35.0338553314348
01-Aug-2026 00:35:28,-163.260238387733,-35.153251441217,0,22,22,22,7,-35.153251441217
01-Aug-2026 00:35:30,-163.27809492004,-35.1711079735244,0,23,23,23,7,-35.1711079735244
01-Aug-2026 00:35:32,-163.130139706777,-35.0231527602608,0,23,23,23,7,-35.0231527602608
01-Aug-2026 00:35:34,-162.936475716988,-34.829488770472,0,23,23,23,5,-34.829488770472
01-Aug-2026 00:35:36,-162.942970216356,-34.8359832698398,0,23,23,23,6,-34.8359832698398
01-Aug-2026 00:35:38,-162.789899657548,-34.6829127110326,0,23,23,23,5,-34.6829127110326
01-Aug-2026 00:35:40,-160.149667254674,-32.0426803081582,0,24,24,24,7,-32.0426803081582
01-Aug-2026 00:35:42,-160.093805274826,-31.9868183283099,0,24,24,24,8,-31.9868183283099
01-Aug-2026 00:35:44,-160.263358980639,-32.1563720341236,0,24,24,24,8,-32.1563720341236
01-Aug-2026 00:35:46,-162.108897423633,-34.0019104771175,0,24,24,24,7,-34.0019104771175
01-Aug-2026 00:35:48,-161.989650101205,-33.8826631546889,0,25,25,25,7,-33.8826631546889
01-Aug-2026 00:35:50,-162.021008624155,-33.9140216776388,0,25,25,25,7,-33.9140216776388
01-Aug-2026 00:35:52,-162.158272127798,-34.0512851812826,0,25,25,25,7,-34.0512851812826
01-Aug-2026 00:35:54,-162.283662348465,-34.1766754019493,0,25,25,25,7,-34.1766754019493
01-Aug-2026 00:35:56,-161.884015991269,-33.7770290447534,0,25,25,25,8,-33.7770290447534
01-Aug-2026 00:35:58,-168.051211690201,-39.9442247436847,0,26,26,26,9,-39.9442247436847
01-Aug-2026 00:36:00,-168.266213857812,-40.1592269112957,0,26,26,26,9,-40.1592269112957
01-Aug-2026 00:36:02,-162.236387671821,-34.1294007253052,0,26,26,26,10,-34.1294007253052
01-Aug-2026 00:36:04,-161.436902536899,-33.3299155903828,0,26,26,26,7,-33.3299155903828
01-Aug-2026 00:36:06,-161.026338455726,-32.9193515092104,0,26,26,26,6,-32.9193515092104
01-Aug-2026 00:36:08,-161.465930297844,-33.3589433513286,0,26,26,26,6,-33.3589433513286
01-Aug-2026 00:36:10,-161.093215289676,-32.98622834316,0,26,26,26,6,-32.98622834316
01-Aug-2026 00:36:12,-160.700377339862,-32.5933903933458,0,26,26,26,7,-32.5933903933458
01-Aug-2026 00:36:14,-160.635229922388,-32.5282429758718,0,26,26,26,7,-32.5282429758718
01-Aug-2026 00:36:16,-159.971598417553,-31.8646114710375,0,26,26,26,7,-31.8646114710375
01-Aug-2026 00:36:18,-159.846947026688,-31.739960080172,0,26,26,26,7,-31.739960080172
01-Aug-2026 00:36:20,-160.116597250993,-32.0096103044775,0,26,26,26,7,-32.0096103044775
01-Aug-2026 00:36:22,-159.868635135583,-31.7616481890669,0,26,26,26,7,-31.7616481890669
01-Aug-2026 00:36:24,-159.442056699992,-31.3350697534763,0,26,26,26,8,-31.3350697534763
01-Aug-2026 00:36:26,-159.065253809609,-30.9582668630928,0,26,26,26,8,-30.9582668630928
01-Aug-2026 00:36:28,-158.86975092569,-30.7627639791738,0,26,26,26,8,-30.7627639791738
01-Aug-2026 00:36:30,-158.842181087925,-30.7351941414089,0,26,26,26,8,-30.7351941414089
01-Aug-2026 00:36:32,-158.497620334524,-30.390633388008,0,25,25,25,8,-30.390633388008
01-Aug-2026 00:36:34,-158.453158859417,-30.3461719129015,0,25,25,25,6,-30.3461719129015
01-Aug-2026 00:36:36,-158.550548056079,-30.4435611095632,0,25,25,25,6,-30.4435611095632
01-Aug-2026 00:36:38,-158.13927374967,-30.0322868031539,0,25,25,25,6,-30.0322868031539
01-Aug-2026 00:36:40,-158.95390826852,-30.8469213220041,0,26,26,26,6,-30.8469213220041
01-Aug-2026 00:36:42,-145.956026591908,-17.8490396453919,0,26,26,26,7,-17.8490396453919
01-Aug-2026 00:36:44,-145.872325965002,-17.7653390184858,0,26,26,26,6,-17.7653390184858
01-Aug-2026 00:36:46,-145.469392217125,-17.3624052706092,0,26,26,26,6,-17.3624052706092
01-Aug-2026 00:36:48,-148.930983790289,-20.8239968437732,0,26,26,26,6,-20.8239968437732
01-Aug-2026 00:36:50,-148.800491891526,-20.6935049450097,0,26,26,26,6,-20.6935049450097
01-Aug-2026 00:36:52,-157.422655318814,-29.3156683722979,0,25,25,25,6,-29.3156683722979
01-Aug-2026 00:36:54,-156.721252878839,-28.6142659323231,0,25,25,25,6,-28.6142659323231
01-Aug-2026 00:36:56,-156.299144813519,-28.1921578670031,0,25,25,25,6,-28.1921578670031
01-Aug-2026 00:36:58,-156.035247980315,-27.9282610337987,0,25,25,25,5,-27.9282610337987
01-Aug-2026 00:37:00,-156.206474725217,-28.0994877787013,0,26,26,26,5,-28.0994877787013
01-Aug-2026 00:37:02,-152.43379996083,-24.3268130143144,0,26,26,26,6,-24.3268130143144
01-Aug-2026 00:37:04,-152.347546023378,-24.2405590768623,0,26,26,26,4,-24.2405590768623
01-Aug-2026 00:37:06,-152.126658708927,-24.0196717624109,0,26,26,26,6,-24.0196717624109
01-Aug-2026 00:37:08,-151.812329713879,-23.7053427673627,0,26,26,26,6,-23.7053427673627
01-Aug-2026 00:37:10,-151.373081969099,-23.2660950225828,0,26,26,26,7,-23.2660950225828
01-Aug-2026 00:37:12,-150.696617179805,-22.5896302332887,0,26,26,26,7,-22.5896302332887
01-Aug-2026 00:37:14,-150.408813436111,-22.3018264895948,0,26,26,26,7,-22.3018264895948
01-Aug-2026 00:37:16,-150.430560026567,-22.3235730800511,0,26,26,26,7,-22.3235730800511
01-Aug-2026 00:37:18,-151.028745691181,-22.9217587446651,0,25,25,25,7,-22.9217587446651
01-Aug-2026 00:37:20,-150.928538590261,-22.8215516437455,0,25,25,25,7,-22.8215516437455
01-Aug-2026 00:37:22,-150.532046639995,-22.4250596934796,0,25,25,25,7,-22.4250596934796
01-Aug-2026 00:37:24,-150.320385648335,-22.2133987018188,0,25,25,25,8,-22.2133987018188
01-Aug-2026 00:37:26,-150.265970061603,-22.1589831150869,0,25,25,25,8,-22.1589831150869
01-Aug-2026 00:37:28,-154.963412718246,-26.8564257717298,0,25,25,25,7,-26.8564257717298
01-Aug-2026 00:37:30,-154.820982170988,-26.7139952244723,0,25,25,25,8,-26.7139952244723
01-Aug-2026 00:37:32,-154.396697866304,-26.2897109197884,0,26,26,26,8,-26.2897109197884
01-Aug-2026 00:37:34,-154.962742652668,-26.8557557061517,0,26,26,26,8,-26.8557557061517
01-Aug-2026 00:37:36,-154.751075269217,-26.6440883227007,0,26,26,26,9,-26.6440883227007
01-Aug-2026 00:37:38,-154.926513271039,-26.8195263245231,0,27,27,27,11,-26.8195263245231
01-Aug-2026 00:37:40,-155.040199861339,-26.9332129148235,0,27,27,27,12,-26.9332129148235
01-Aug-2026 00:37:42,-154.893001479098,-26.7860145325822,0,27,27,27,12,-26.7860145325822
01-Aug-2026 00:37:44,-154.767525076439,-26.6605381299228,0,27,27,27,10,-26.6605381299228
01-Aug-2026 00:37:46,-159.160091315172,-31.0531043686566,0,27,27,27,9,-31.0531043686566
01-Aug-2026 00:37:48,-158.743247131656,-30.6362601851401,0,27,27,27,9,-30.6362601851401
01-Aug-2026 00:37:50,-170.674077737263,-42.5670907907473,0,26,26,26,8,-42.5670907907473
01-Aug-2026 00:37:52,-170.450107088366,-42.3431201418504,0,26,26,26,7,-42.3431201418504
01-Aug-2026 00:37:54,-170.698052007937,-42.5910650614212,0,26,26,26,6,-42.5910650614212
01-Aug-2026 00:37:56,-170.882494541383,-42.7755075948674,0,26,26,26,6,-42.7755075948674
01-Aug-2026 00:37:58,-161.463395577747,-33.3564086312313,0,26,26,26,7,-33.3564086312313
01-Aug-2026 00:38:00,-161.52755805606,-33.4205711095441,0,25,25,25,6,-33.4205711095441
01-Aug-2026 00:38:02,-171.311014151168,-43.2040272046523,0,25,25,25,5,-43.2040272046523
01-Aug-2026 00:38:04,-171.449352368091,-43.3423654215746,0,25,25,25,3,-43.3423654215746
01-Aug-2026 00:38:06,-171.695329287658,-43.588342341142,0,25,25,25,3,-43.588342341142
01-Aug-2026 00:38:08,-171.581008432904,-43.4740214863886,0,25,25,25,3,-43.4740214863886
01-Aug-2026 00:38:10,-172.57411054902,-44.4671236025039,0,25,25,25,1,-44.4671236025039
01-Aug-2026 00:38:12,-173.675569601211,-45.5685826546953,0,25,25,25,1,-45.5685826546953
01-Aug-2026 00:38:14,-173.302644670385,-45.1956577238694,0,25,25,25,2,-45.1956577238694
01-Aug-2026 00:38:16,-173.334127528435,-45.2271405819195,0,25,25,25,2,-45.2271405819195
01-Aug-2026 00:38:18,-172.804219560006,-44.6972326134898,0,25,25,25,3,-44.6972326134898
01-Aug-2026 00:38:20,-172.805058720065,-44.698071773549,0,25,25,25,3,-44.698071773549
01-Aug-2026 00:38:22,-173.045685327378,-44.9386983808624,0,25,25,25,3,-44.9386983808624
01-Aug-2026 00:38:24,-172.762688093207,-44.6557011466915,0,24,24,24,2,-44.6557011466915
01-Aug-2026 00:38:26,-171.965049718063,-43.8580627715476,0,24,24,24,3,-43.8580627715476
01-Aug-2026 00:38:28,-171.522429129393,-43.415442182877,0,24,24,24,4,-43.415442182877
01-Aug-2026 00:38:30,-171.600984931258,-43.4939979847426,0,24,24,24,5,-43.4939979847426
01-Aug-2026 00:38:32,-172.066905086364,-43.9599181398477,0,24,24,24,5,-43.9599181398477
01-Aug-2026 00:38:34,-172.063850528009,-43.9568635814931,0,24,24,24,4,-43.9568635814931
01-Aug-2026 00:38:36,-172.303165519414,-44.1961785728984,0,24,24,24,4,-44.1961785728984
01-Aug-2026 00:38:38,-171.823090239909,-43.7161032933932,0,24,24,24,3,-43.7161032933932
01-Aug-2026 00:38:40,-171.932239535056,-43.8252525885406,0,24,24,24,3,-43.8252525885406
01-Aug-2026 00:38:42,-171.06887818118,-42.961891234664,0,24,24,24,3,-42.961891234664
01-Aug-2026 00:38:44,-170.849779827215,-42.7427928806992,0,24,24,24,3,-42.7427928806992
01-Aug-2026 00:38:46,-170.780588554028,-42.673601607512,0,24,24,24,4,-42.673601607512
01-Aug-2026 00:38:48,-170.761015313235,-42.6540283667191,0,23,23,23,4,-42.6540283667191
01-Aug-2026 00:38:50,-170.957734084546,-42.8507471380302,0,23,23,23,3,-42.8507471380302
01-Aug-2026 00:38:52,-170.289373912048,-42.1823869655323,0,23,23,23,3,-42.1823869655323
01-Aug-2026 00:38:54,-167.062812553056,-38.9558256065399,0,22,22,22,3,-38.9558256065399
01-Aug-2026 00:38:56,-167.203369694574,-39.0963827480585,0,22,22,22,3,-39.0963827480585
01-Aug-2026 00:38:58,-166.690742807551,-38.5837558610353,0,22,22,22,2,-38.5837558610353
01-Aug-2026 00:39:00,-166.331077958038,-38.2240910115223,0,22,22,22,2,-38.2240910115223
01-Aug-2026 00:39:02,-166.541206911031,-38.4342199645147,0,22,22,22,2,-38.4342199645147
01-Aug-2026 00:39:04,-166.451768466621,-38.3447815201047,0,21,21,21,2,-38.3447815201047
01-Aug-2026 00:39:06,-165.708291255041,-37.6013043085255,0,21,21,21,2,-37.6013043085255
01-Aug-2026 00:39:08,-165.473180659736,-37.3661937132201,0,21,21,21,2,-37.3661937132201
01-Aug-2026 00:39:10,-165.590623300844,-37.4836363543278,0,21,21,21,2,-37.4836363543278
01-Aug-2026 00:39:12,-170.34524061317,-42.2382536666539,0,21,21,21,1,-42.2382536666539
01-Aug-2026 00:39:14,-169.865986310613,-41.7589993640973,0,21,21,21,1,-41.7589993640973
01-Aug-2026 00:39:16,-169.169328107878,-41.0623411613622,0,21,21,21,2,-41.0623411613622
01-Aug-2026 00:39:18,-169.129584959836,-41.0225980133197,0,21,21,21,2,-41.0225980133197
01-Aug-2026 00:39:20,-165.735036898768,-37.6280499522517,0,22,22,22,3,-37.6280499522517
01-Aug-2026 00:39:22,-165.707454888033,-37.6004679415172,0,23,23,23,4,-37.6004679415172
01-Aug-2026 00:39:24,-168.38057086698,-40.2735839204637,0,23,23,23,3,-40.2735839204637
01-Aug-2026 00:39:26,-166.172841371299,-38.0658544247834,0,23,23,23,4,-38.0658544247834
01-Aug-2026 00:39:28,-161.474917526691,-33.3679305801752,0,23,23,23,5,-33.3679305801752
01-Aug-2026 00:39:30,-161.826765973913,-33.7197790273971,0,23,23,23,4,-33.7197790273971
01-Aug-2026 00:39:32,-166.384353426923,-38.277366480407,0,23,23,23,5,-38.277366480407
01-Aug-2026 00:39:34,-171.243658146103,-43.136671199587,0,24,24,24,3,-43.136671199587
01-Aug-2026 00:39:36,-171.213769081372,-43.1067821348564,0,25,25,25,4,-43.1067821348564
01-Aug-2026 00:39:38,-170.821778292268,-42.7147913457518,0,25,25,25,4,-42.7147913457518
01-Aug-2026 00:39:40,-171.103136081942,-42.9961491354264,0,25,25,25,3,-42.9961491354264
01-Aug-2026 00:39:42,-171.349239955163,-43.2422530086471,0,25,25,25,3,-43.2422530086471
01-Aug-2026 00:39:44,-171.768768833006,-43.6617818864897,0,25,25,25,3,-43.6617818864897
01-Aug-2026 00:39:46,-172.304124538161,-44.1971375916447,0,25,25,25,3,-44.1971375916447
01-Aug-2026 00:39:48,-172.648990958824,-44.5420040123086,0,26,26,26,3,-44.5420040123086
01-Aug-2026 00:39:50,-172.936289666707,-44.8293027201912,0,26,26,26,3,-44.8293027201912
01-Aug-2026 00:39:52,-172.550166052904,-44.4431791063885,0,26,26,26,3,-44.4431791063885
01-Aug-2026 00:39:54,-172.389267574015,-44.2822806274996,0,26,26,26,3,-44.2822806274996
01-Aug-2026 00:39:56,-172.021968171891,-43.9149812253752,0,27,27,27,3,-43.9149812253752
01-Aug-2026 00:39:58,-172.057473773972,-43.9504868274566,0,26,26,26,3,-43.9504868274566
01-Aug-2026 00:40:00,-172.064037326558,-43.957050380042,0,26,26,26,3,-43.957050380042
01-Aug-2026 00:40:02,-191.483134962871,-63.3761480163556,0,25,25,25,2,-63.3761480163556
01-Aug-2026 00:40:04,-191.543272123362,-63.4362851768461,0,25,25,25,2,-63.4362851768461
01-Aug-2026 00:40:06,-174.616475645755,-46.5094886992388,0,25,25,25,4,-46.5094886992388
01-Aug-2026 00:40:08,-174.654936660128,-46.5479497136123,0,25,25,25,4,-46.5479497136123
01-Aug-2026 00:40:10,-191.833839943127,-63.7268529966109,0,25,25,25,2,-63.7268529966109
01-Aug-2026 00:40:12,-188.577668634456,-60.4706816879398,0,25,25,25,2,-60.4706816879398
01-Aug-2026 00:40:14,-188.918865562893,-60.8118786163774,0,25,25,25,2,-60.8118786163774
01-Aug-2026 00:40:16,-164.094720723555,-35.9877337770392,0,25,25,25,4,-35.9877337770392
01-Aug-2026 00:40:18,-164.496202108995,-36.3892151624793,0,25,25,25,4,-36.3892151624793
01-Aug-2026 00:40:20,-164.909289837716,-36.8023028911997,0,25,25,25,4,-36.8023028911997
01-Aug-2026 00:40:22,-165.09496028161,-36.9879733350941,0,25,25,25,4,-36.9879733350941
01-Aug-2026 00:40:24,-188.512926943803,-60.4059399972875,0,25,25,25,3,-60.4059399972875
01-Aug-2026 00:40:26,-188.454089837046,-60.3471028905302,0,25,25,25,3,-60.3471028905302
01-Aug-2026 00:40:28,-187.636408917524,-59.529421971008,0,26,26,26,4,-59.529421971008
01-Aug-2026 00:40:30,-187.633416222741,-59.5264292762249,0,26,26,26,4,-59.5264292762249
01-Aug-2026 00:40:32,-186.899642739001,-58.7926557924854,0,26,26,26,5,-58.7926557924854
01-Aug-2026 00:40:34,-187.91319181543,-59.8062048689137,0,26,26,26,5,-59.8062048689137
01-Aug-2026 00:40:36,-188.659245612103,-60.5522586655869,0,26,26,26,4,-60.5522586655869
01-Aug-2026 00:40:38,-188.549099301196,-60.4421123546798,0,26,26,26,4,-60.4421123546798
01-Aug-2026 00:40:40,-189.559491285709,-61.4525043391933,0,27,27,27,3,-61.4525043391933
01-Aug-2026 00:40:42,-189.351156789635,-61.2441698431187,0,26,26,26,3,-61.2441698431187
01-Aug-2026 00:40:44,-191.264396727843,-63.1574097813274,0,26,26,26,2,-63.1574097813274
01-Aug-2026 00:40:46,-191.252620186102,-63.145633239586,0,26,26,26,2,-63.145633239586
01-Aug-2026 00:40:48,-164.278544852638,-36.1715579061224,0,26,26,26,3,-36.1715579061224
01-Aug-2026 00:40:50,-164.074635663132,-35.9676487166157,0,26,26,26,4,-35.9676487166157
01-Aug-2026 00:40:52,-163.624125507893,-35.5171385613776,0,26,26,26,4,-35.5171385613776
01-Aug-2026 00:40:54,-163.676439746171,-35.5694527996551,0,26,26,26,4,-35.5694527996551
01-Aug-2026 00:40:56,-163.9441064856,-35.8371195390841,0,26,26,26,4,-35.8371195390841
01-Aug-2026 00:40:58,-163.864925474566,-35.7579385280505,0,26,26,26,4,-35.7579385280505
01-Aug-2026 00:41:00,-163.504789873063,-35.3978029265476,0,26,26,26,4,-35.3978029265476
01-Aug-2026 00:41:02,-162.838244174858,-34.7312572283426,0,26,26,26,4,-34.7312572283426
01-Aug-2026 00:41:04,-162.843401847759,-34.736414901243,0,26,26,26,5,-34.736414901243
01-Aug-2026 00:41:06,-161.772547080566,-33.6655601340504,0,26,26,26,6,-33.6655601340504
01-Aug-2026 00:41:08,-161.624460001068,-33.5174730545517,0,25,25,25,6,-33.5174730545517
01-Aug-2026 00:41:10,-161.696111075633,-33.5891241291172,0,25,25,25,6,-33.5891241291172
01-Aug-2026 00:41:12,-161.86014716161,-33.7531602150942,0,25,25,25,6,-33.7531602150942
01-Aug-2026 00:41:14,-161.73681257646,-33.6298256299441,0,25,25,25,6,-33.6298256299441
01-Aug-2026 00:41:16,-161.4886146178,-33.3816276712843,0,25,25,25,6,-33.3816276712843
01-Aug-2026 00:41:18,-161.573817249609,-33.4668303030927,0,25,25,25,6,-33.4668303030927
01-Aug-2026 00:41:20,-165.990838003679,-37.8838510571627,0,25,25,25,5,-37.8838510571627
01-Aug-2026 00:41:22,-165.191679505435,-37.0846925589188,0,26,26,26,6,-37.0846925589188
01-Aug-2026 00:41:24,-163.710527199527,-35.6035402530114,0,26,26,26,9,-35.6035402530114
01-Aug-2026 00:41:26,-163.977514157729,-35.8705272112136,0,26,26,26,10,-35.8705272112136
01-Aug-2026 00:41:28,-163.928015272996,-35.8210283264804,0,26,26,26,11,-35.8210283264804
01-Aug-2026 00:41:30,-157.239714103893,-29.1327271573776,0,26,26,26,11,-29.1327271573776
01-Aug-2026 00:41:32,-164.137236477039,-36.0302495305232,0,27,27,27,10,-36.0302495305232
01-Aug-2026 00:41:34,-163.984313184621,-35.8773262381048,0,27,27,27,9,-35.8773262381048
01-Aug-2026 00:41:36,-163.988588726148,-35.8816017796318,0,27,27,27,9,-35.8816017796318
01-Aug-2026 00:41:38,-165.259671714407,-37.1526847678914,0,27,27,27,8,-37.1526847678914
01-Aug-2026 00:41:40,-164.648835515729,-36.5418485692135,0,26,26,26,8,-36.5418485692135
01-Aug-2026 00:41:42,-164.759037408335,-36.652050461819,0,26,26,26,9,-36.652050461819
01-Aug-2026 00:41:44,-164.468294119142,-36.3613071726262,0,26,26,26,9,-36.3613071726262
01-Aug-2026 00:41:46,-163.243323360157,-35.1363364136413,0,26,26,26,10,-35.1363364136413
01-Aug-2026 00:41:48,-163.072520647063,-34.9655337005469,0,25,25,25,9,-34.9655337005469
01-Aug-2026 00:41:50,-154.726716763786,-26.6197298172705,0,25,25,25,10,-26.6197298172705
01-Aug-2026 00:41:52,-154.842638113724,-26.7356511672077,0,25,25,25,10,-26.7356511672077
01-Aug-2026 00:41:54,-155.1485432431,-27.0415562965842,0,25,25,25,10,-27.0415562965842
01-Aug-2026 00:41:56,-155.240662538096,-27.1336755915801,0,26,26,26,10,-27.1336755915801
01-Aug-2026 00:41:58,-155.041737636301,-26.9347506897856,0,25,25,25,9,-26.9347506897856
01-Aug-2026 00:42:00,-155.8099334867,-27.7029465401846,0,25,25,25,9,-27.7029465401846
01-Aug-2026 00:42:02,-163.127188016805,-35.0202010702891,0,25,25,25,8,-35.0202010702891
01-Aug-2026 00:42:04,-162.649538486901,-34.5425515403856,0,25,25,25,7,-34.5425515403856
01-Aug-2026 00:42:06,-162.235407944018,-34.1284209975022,0,25,25,25,6,-34.1284209975022
01-Aug-2026 00:42:08,-162.58585075046,-34.4788638039445,0,25,25,25,5,-34.4788638039445
01-Aug-2026 00:42:10,-162.102753760602,-33.9957668140858,0,24,24,24,6,-33.9957668140858
01-Aug-2026 00:42:12,-161.906711860258,-33.7997249137426,0,24,24,24,6,-33.7997249137426
01-Aug-2026 00:42:14,-161.936728001493,-33.8297410549775,0,24,24,24,6,-33.8297410549775
01-Aug-2026 00:42:16,-161.723367864835,-33.6163809183196,0,24,24,24,7,-33.6163809183196
01-Aug-2026 00:42:18,-161.689539618467,-33.5825526719515,0,24,24,24,8,-33.5825526719515
01-Aug-2026 00:42:20,-161.537116678684,-33.430129732168,0,24,24,24,8,-33.430129732168
01-Aug-2026 00:42:22,-160.991099046315,-32.8841120997994,0,24,24,24,8,-32.8841120997994
01-Aug-2026 00:42:24,-160.708515574769,-32.6015286282529,0,24,24,24,8,-32.6015286282529
01-Aug-2026 00:42:26,-160.674626520916,-32.5676395744003,0,24,24,24,8,-32.5676395744003
01-Aug-2026 00:42:28,-160.388602327334,-32.2816153808184,0,24,24,24,8,-32.2816153808184
01-Aug-2026 00:42:30,-159.804156327721,-31.6971693812051,0,24,24,24,9,-31.6971693812051
01-Aug-2026 00:42:32,-159.89646222064,-31.7894752741241,0,24,24,24,8,-31.7894752741241
01-Aug-2026 00:42:34,-159.350484904096,-31.2434979575797,0,23,23,23,8,-31.2434979575797
01-Aug-2026 00:42:36,-158.972899680256,-30.8659127337401,0,23,23,23,8,-30.8659127337401
01-Aug-2026 00:42:38,-158.607328762257,-30.5003418157412,0,23,23,23,8,-30.5003418157412
01-Aug-2026 00:42:40,-157.989630891201,-29.8826439446846,0,23,23,23,9,-29.8826439446846
01-Aug-2026 00:42:42,-158.220124836707,-30.1131378901912,0,23,23,23,9,-30.1131378901912
01-Aug-2026 00:42:44,-163.751873487401,-35.6448865408849,0,23,23,23,8,-35.6448865408849
01-Aug-2026 00:42:46,-163.734943014589,-35.6279560680731,0,23,23,23,8,-35.6279560680731
01-Aug-2026 00:42:48,-163.622436119789,-35.5154491732734,0,23,23,23,8,-35.5154491732734
01-Aug-2026 00:42:50,-163.525106958201,-35.4181200116847,0,23,23,23,8,-35.4181200116847
01-Aug-2026 00:42:52,-165.36524517298,-37.258258226464,0,22,22,22,8,-37.258258226464
01-Aug-2026 00:42:54,-165.257957457613,-37.1509705110967,0,21,21,21,8,-37.1509705110967
01-Aug-2026 00:42:56,-166.22115449443,-38.114167547914,0,21,21,21,7,-38.114167547914
01-Aug-2026 00:42:58,-166.514443594112,-38.4074566475962,0,21,21,21,6,-38.4074566475962
01-Aug-2026 00:43:00,-166.714584233941,-38.6075972874253,0,21,21,21,6,-38.6075972874253
01-Aug-2026 00:43:02,-172.693509934064,-44.5865229875483,0,21,21,21,5,-44.5865229875483
01-Aug-2026 00:43:04,-172.714104633913,-44.6071176873974,0,21,21,21,5,-44.6071176873974
01-Aug-2026 00:43:06,-172.907364323482,-44.8003773769664,0,22,22,22,5,-44.8003773769664
01-Aug-2026 00:43:08,-172.670952657255,-44.5639657107395,0,22,22,22,5,-44.5639657107395
01-Aug-2026 00:43:10,-173.722978307108,-45.6159913605919,0,23,23,23,4,-45.6159913605919
01-Aug-2026 00:43:12,-185.032189075416,-56.9252021289002,0,23,23,23,2,-56.9252021289002
01-Aug-2026 00:43:14,-185.196287828165,-57.0893008816493,0,23,23,23,2,-57.0893008816493
01-Aug-2026 00:43:16,-181.118018599944,-53.011031653428,0,23,23,23,3,-53.011031653428
01-Aug-2026 00:43:18,-181.684746260452,-53.5777593139358,0,23,23,23,2,-53.5777593139358
01-Aug-2026 00:43:20,-181.925171437216,-53.8181844907004,0,23,23,23,2,-53.8181844907004
01-Aug-2026 00:43:22,-181.902567866523,-53.7955809200068,0,23,23,23,2,-53.7955809200068
01-Aug-2026 00:43:24,-182.123512989775,-54.0165260432594,0,24,24,24,2,-54.0165260432594
01-Aug-2026 00:43:26,-181.739129481838,-53.6321425353223,0,24,24,24,3,-53.6321425353223
01-Aug-2026 00:43:28,-162.282111297111,-34.1751243505953,0,23,23,23,5,-34.1751243505953
01-Aug-2026 00:43:30,-162.26059230602,-34.1536053595039,0,23,23,23,4,-34.1536053595039
01-Aug-2026 00:43:32,-149.605297362353,-21.4983104158376,0,23,23,23,6,-21.4983104158376
01-Aug-2026 00:43:34,-161.304315394045,-33.1973284475296,0,23,23,23,5,-33.1973284475296
01-Aug-2026 00:43:36,-161.748645815641,-33.6416588691252,0,23,23,23,5,-33.6416588691252
01-Aug-2026 00:43:38,-161.933772350297,-33.8267854037813,0,24,24,24,5,-33.8267854037813
01-Aug-2026 00:43:40,-161.864412222908,-33.7574252763924,0,24,24,24,5,-33.7574252763924
01-Aug-2026 00:43:42,-177.962153553211,-49.8551666066948,0,25,25,25,4,-49.8551666066948
01-Aug-2026 00:43:44,-160.428536434794,-32.3215494882777,0,26,26,26,5,-32.3215494882777
01-Aug-2026 00:43:46,-157.701279609002,-29.5942926624866,0,26,26,26,6,-29.5942926624866
01-Aug-2026 00:43:48,-160.532000089771,-32.4250131432551,0,25,25,25,5,-32.4250131432551
01-Aug-2026 00:43:50,-160.177185956041,-32.0701990095254,0,25,25,25,7,-32.0701990095254
01-Aug-2026 00:43:52,-160.031187450454,-31.9242005039385,0,25,25,25,6,-31.9242005039385
01-Aug-2026 00:43:54,-160.165412227864,-32.0584252813479,0,25,25,25,6,-32.0584252813479
01-Aug-2026 00:43:56,-160.260548814896,-32.1535618683806,0,25,25,25,6,-32.1535618683806
01-Aug-2026 00:43:58,-160.291685242925,-32.1846982964094,0,25,25,25,6,-32.1846982964094
01-Aug-2026 00:44:00,-156.083508496692,-27.976521550176,0,25,25,25,6,-27.976521550176
01-Aug-2026 00:44:02,-155.729663901894,-27.6226769553786,0,25,25,25,7,-27.6226769553786
01-Aug-2026 00:44:04,-155.694457754154,-27.5874708076378,0,25,25,25,7,-27.5874708076378
01-Aug-2026 00:44:06,-155.462874553596,-27.3558876070799,0,25,25,25,7,-27.3558876070799
01-Aug-2026 00:44:08,-155.245800922882,-27.1388139763662,0,25,25,25,6,-27.1388139763662
01-Aug-2026 00:44:10,-155.305592876375,-27.198605929859,0,25,25,25,5,-27.198605929859
01-Aug-2026 00:44:12,-153.888492141301,-25.7815051947853,0,25,25,25,6,-25.7815051947853
01-Aug-2026 00:44:14,-153.931374966091,-25.8243880195755,0,25,25,25,6,-25.8243880195755
01-Aug-2026 00:44:16,-154.653975954812,-26.5469890082958,0,26,26,26,5,-26.5469890082958
01-Aug-2026 00:44:18,-154.692190420862,-26.5852034743459,0,26,26,26,4,-26.5852034743459
01-Aug-2026 00:44:20,-154.402161923713,-26.295174977197,0,27,27,27,4,-26.295174977197
01-Aug-2026 00:44:22,-159.698931502149,-31.5919445556331,0,27,27,27,3,-31.5919445556331
01-Aug-2026 00:44:24,-185.268634064361,-57.1616471178455,0,27,27,27,2,-57.1616471178455
01-Aug-2026 00:44:26,-185.09621306751,-56.9892261209941,0,27,27,27,2,-56.9892261209941
01-Aug-2026 00:44:28,-185.187093965201,-57.0801070186848,0,27,27,27,2,-57.0801070186848
01-Aug-2026 00:44:30,-185.17104559324,-57.0640586467239,0,27,27,27,2,-57.0640586467239
01-Aug-2026 00:44:32,-184.659284022813,-56.5522970762975,0,26,26,26,2,-56.5522970762975
01-Aug-2026 00:44:34,-184.4849566534,-56.3779697068844,0,26,26,26,2,-56.3779697068844
01-Aug-2026 00:44:36,-186.42709250151,-58.3201055549937,0,26,26,26,1,-58.3201055549937
01-Aug-2026 00:44:38,-187.14052187548,-59.0335349289645,0,26,26,26,1,-59.0335349289645
01-Aug-2026 00:44:40,-186.348732188561,-58.2417452420449,0,26,26,26,1,-58.2417452420449
01-Aug-2026 00:44:42,-186.236213658426,-58.1292267119099,0,26,26,26,1,-58.1292267119099
01-Aug-2026 00:44:44,-170.366552824663,-42.2595658781475,0,26,26,26,3,-42.2595658781475
01-Aug-2026 00:44:46,-170.276798060532,-42.1698111140165,0,26,26,26,3,-42.1698111140165
01-Aug-2026 00:44:48,-170.331484966964,-42.2244980204485,0,26,26,26,3,-42.2244980204485
01-Aug-2026 00:44:50,-169.770424084232,-41.6634371377161,0,26,26,26,3,-41.6634371377161
01-Aug-2026 00:44:52,-168.810619749506,-40.7036328029905,0,26,26,26,3,-40.7036328029905
01-Aug-2026 00:44:54,-168.858741309238,-40.7517543627217,0,26,26,26,3,-40.7517543627217
01-Aug-2026 00:44:56,-182.084990546804,-53.978003600288,0,26,26,26,2,-53.978003600288
01-Aug-2026 00:44:58,-158.64037370839,-30.5333867618745,0,26,26,26,4,-30.5333867618745
01-Aug-2026 00:45:00,-158.814357472237,-30.7073705257207,0,25,25,25,3,-30.7073705257207
01-Aug-2026 00:45:02,-158.901546416884,-30.7945594703678,0,25,25,25,3,-30.7945594703678
01-Aug-2026 00:45:04,-158.847496739381,-30.7405097928647,0,25,25,25,3,-30.7405097928647
01-Aug-2026 00:45:06,-159.238618359708,-31.1316314131926,0,25,25,25,3,-31.1316314131926
01-Aug-2026 00:45:08,-158.551594304058,-30.4446073575421,0,25,25,25,3,-30.4446073575421
01-Aug-2026 00:45:10,-158.575594728976,-30.4686077824605,0,25,25,25,3,-30.4686077824605
01-Aug-2026 00:45:12,-158.1583740117,-30.051387065184,0,26,26,26,6,-30.051387065184
01-Aug-2026 00:45:14,-158.74289839187,-30.6359114453545,0,26,26,26,6,-30.6359114453545
01-Aug-2026 00:45:16,-159.647045510869,-31.5400585643531,0,26,26,26,5,-31.5400585643531
01-Aug-2026 00:45:18,-159.322973277768,-31.2159863312522,0,26,26,26,5,-31.2159863312522
01-Aug-2026 00:45:20,-155.787274246116,-27.6802872996005,0,26,26,26,6,-27.6802872996005
01-Aug-2026 00:45:22,-159.207078871379,-31.1000919248636,0,26,26,26,5,-31.1000919248636
01-Aug-2026 00:45:24,-158.98146162587,-30.8744746793543,0,27,27,27,5,-30.8744746793543
01-Aug-2026 00:45:26,-159.595103232799,-31.4881162862832,0,27,27,27,7,-31.4881162862832
01-Aug-2026 00:45:28,-173.256211202445,-45.1492242559288,0,26,26,26,6,-45.1492242559288
01-Aug-2026 00:45:30,-178.268300753534,-50.1613138070178,0,26,26,26,5,-50.1613138070178
01-Aug-2026 00:45:32,-178.740103717337,-50.6331167708211,0,26,26,26,5,-50.6331167708211
01-Aug-2026 00:45:34,-178.449754585242,-50.3427676387259,0,26,26,26,4,-50.3427676387259
01-Aug-2026 00:45:36,-178.791809236073,-50.684822289557,0,25,25,25,4,-50.684822289557
01-Aug-2026 00:45:38,-179.207147053441,-51.1001601069252,0,25,25,25,4,-51.1001601069252
01-Aug-2026 00:45:40,-178.854929348006,-50.7479424014899,0,25,25,25,5,-50.7479424014899
01-Aug-2026 00:45:42,-178.96337330571,-50.8563863591945,0,25,25,25,5,-50.8563863591945
01-Aug-2026 00:45:44,-178.821616137859,-50.7146291913434,0,25,25,25,5,-50.7146291913434
01-Aug-2026 00:45:46,-178.107929768693,-50.0009428221776,0,26,26,26,5,-50.0009428221776
01-Aug-2026 00:45:48,-178.212968315481,-50.1059813689646,0,25,25,25,5,-50.1059813689646
01-Aug-2026 00:45:50,-177.718959380612,-49.6119724340966,0,25,25,25,5,-49.6119724340966
01-Aug-2026 00:45:52,-177.228885832699,-49.1218988861829,0,25,25,25,4,-49.1218988861829
01-Aug-2026 00:45:54,-177.107217706589,-49.0002307600735,0,24,24,24,3,-49.0002307600735
01-Aug-2026 00:45:56,-178.337562532988,-50.2305755864721,0,24,24,24,2,-50.2305755864721
01-Aug-2026 00:45:58,-177.927122917727,-49.8201359712107,0,24,24,24,3,-49.8201359712107
01-Aug-2026 00:46:00,-178.355903732589,-50.248916786073,0,24,24,24,3,-50.248916786073
01-Aug-2026 00:46:02,-177.455518096138,-49.3485311496219,0,24,24,24,5,-49.3485311496219
01-Aug-2026 00:46:04,-177.488977019829,-49.3819900733136,0,24,24,24,5,-49.3819900733136
01-Aug-2026 00:46:06,-177.734417166576,-49.6274302200601,0,24,24,24,5,-49.6274302200601
01-Aug-2026 00:46:08,-160.619612578959,-32.5126256324433,0,24,24,24,6,-32.5126256324433
01-Aug-2026 00:46:10,-160.316690470416,-32.2097035238999,0,24,24,24,6,-32.2097035238999
01-Aug-2026 00:46:12,-160.872941703267,-32.7659547567514,0,24,24,24,5,-32.7659547567514
01-Aug-2026 00:46:14,-161.375213383702,-33.2682264371864,0,24,24,24,5,-33.2682264371864
01-Aug-2026 00:46:16,-161.643456776421,-33.5364698299052,0,24,24,24,6,-33.5364698299052
01-Aug-2026 00:46:18,-162.411817209554,-34.3048302630381,0,24,24,24,6,-34.3048302630381
01-Aug-2026 00:46:20,-162.0262953676,-33.9193084210837,0,24,24,24,5,-33.9193084210837
01-Aug-2026 00:46:22,-162.213328269239,-34.1063413227228,0,23,23,23,5,-34.1063413227228
01-Aug-2026 00:46:24,-162.332392635638,-34.2254056891219,0,23,23,23,5,-34.2254056891219
01-Aug-2026 00:46:26,-163.296807760784,-35.1898208142686,0,23,23,23,5,-35.1898208142686
01-Aug-2026 00:46:28,-162.529492661741,-34.4225057152252,0,23,23,23,6,-34.4225057152252
01-Aug-2026 00:46:30,-162.205146102391,-34.0981591558748,0,23,23,23,5,-34.0981591558748
01-Aug-2026 00:46:32,-161.635886417699,-33.5288994711836,0,23,23,23,5,-33.5288994711836
01-Aug-2026 00:46:34,-161.267951879613,-33.160964933097,0,23,23,23,5,-33.160964933097
01-Aug-2026 00:46:36,-176.254541328545,-48.1475543820296,0,23,23,23,4,-48.1475543820296
01-Aug-2026 00:46:38,-176.792795942112,-48.6858089955957,0,23,23,23,4,-48.6858089955957
01-Aug-2026 00:46:40,-185.048379844356,-56.9413928978402,0,23,23,23,4,-56.9413928978402
01-Aug-2026 00:46:42,-184.72177081632,-56.6147838698039,0,23,23,23,4,-56.6147838698039
01-Aug-2026 00:46:44,-184.422471693514,-56.3154847469978,0,22,22,22,4,-56.3154847469978
01-Aug-2026 00:46:46,-184.575125600539,-56.4681386540228,0,22,22,22,4,-56.4681386540228
01-Aug-2026 00:46:48,-185.032014240466,-56.9250272939503,0,22,22,22,4,-56.9250272939503
01-Aug-2026 00:46:50,-185.268579072594,-57.1615921260777,0,21,21,21,4,-57.1615921260777
01-Aug-2026 00:46:52,-184.869680655937,-56.7626937094207,0,21,21,21,5,-56.7626937094207
01-Aug-2026 00:46:54,-184.635418905317,-56.5284319588013,0,21,21,21,5,-56.5284319588013
01-Aug-2026 00:46:56,-165.777507830596,-37.67052088408,0,21,21,21,6,-37.67052088408
01-Aug-2026 00:46:58,-158.918974256388,-30.8119873098718,0,21,21,21,7,-30.8119873098718
01-Aug-2026 00:47:00,-158.168677916424,-30.0616909699079,0,22,22,22,7,-30.0616909699079
01-Aug-2026 00:47:02,-158.00122926259,-29.8942423160736,0,22,22,22,7,-29.8942423160736
01-Aug-2026 00:47:04,-157.44220092405,-29.3352139775339,0,22,22,22,7,-29.3352139775339
01-Aug-2026 00:47:06,-185.051668775484,-56.9446818289684,0,22,22,22,5,-56.9446818289684
01-Aug-2026 00:47:08,-185.479002222687,-57.3720152761709,0,22,22,22,4,-57.3720152761709
01-Aug-2026 00:47:10,-186.015832411351,-57.9088454648349,0,22,22,22,3,-57.9088454648349
01-Aug-2026 00:47:12,-186.49691270595,-58.3899257594337,0,23,23,23,3,-58.3899257594337
01-Aug-2026 00:47:14,-186.240662773698,-58.1336758271818,0,23,23,23,3,-58.1336758271818
01-Aug-2026 00:47:16,-186.336399510391,-58.2294125638749,0,23,23,23,3,-58.2294125638749
01-Aug-2026 00:47:18,-186.342199493445,-58.2352125469293,0,23,23,23,3,-58.2352125469293
01-Aug-2026 00:47:20,-171.380346817042,-43.2733598705263,0,23,23,23,4,-43.2733598705263
01-Aug-2026 00:47:22,-171.563121349634,-43.4561344031179,0,23,23,23,4,-43.4561344031179
01-Aug-2026 00:47:24,-171.543422140659,-43.4364351941435,0,23,23,23,4,-43.4364351941435
01-Aug-2026 00:47:26,-186.701298599878,-58.5943116533625,0,23,23,23,3,-58.5943116533625
01-Aug-2026 00:47:28,-187.036756926628,-58.9297699801126,0,24,24,24,3,-58.9297699801126
01-Aug-2026 00:47:30,-187.578728544109,-59.4717415975934,0,24,24,24,2,-59.4717415975934
01-Aug-2026 00:47:32,-187.100239023879,-58.9932520773636,0,25,25,25,2,-58.9932520773636
01-Aug-2026 00:47:34,-186.61170040236,-58.5047134558439,0,25,25,25,2,-58.5047134558439
01-Aug-2026 00:47:36,-186.742462066807,-58.6354751202916,0,25,25,25,2,-58.6354751202916
01-Aug-2026 00:47:38,-197.007705113421,-68.9007181669049,0,24,24,24,1,-68.9007181669049
01-Aug-2026 00:47:40,-3076.52655568589,-2948.41956873937,0,24,24,24,0,-2948.41956873937
01-Aug-2026 00:47:42,-3076.52655568589,-2948.41956873937,0,24,24,24,0,-2948.41956873937
01-Aug-2026 00:47:44,-153.605384350941,-25.498397404425,0,24,24,24,1,-25.498397404425
01-Aug-2026 00:47:46,-153.575598741226,-25.4686117947099,0,24,24,24,1,-25.4686117947099
01-Aug-2026 00:47:48,-154.151100721419,-26.0441137749028,0,24,24,24,1,-26.0441137749028
01-Aug-2026 00:47:50,-154.416455547741,-26.3094686012247,0,24,24,24,1,-26.3094686012247
01-Aug-2026 00:47:52,-154.239105817109,-26.1321188705927,0,24,24,24,2,-26.1321188705927
01-Aug-2026 00:47:54,-154.315297238083,-26.2083102915667,0,24,24,24,2,-26.2083102915667
01-Aug-2026 00:47:56,-155.393422039312,-27.2864350927962,0,24,24,24,2,-27.2864350927962
01-Aug-2026 00:47:58,-155.261072612439,-27.1540856659228,0,24,24,24,3,-27.1540856659228
01-Aug-2026 00:48:00,-155.666882617779,-27.559895671263,0,26,26,26,3,-27.559895671263
01-Aug-2026 00:48:02,-156.296099648166,-28.1891127016503,0,26,26,26,3,-28.1891127016503
01-Aug-2026 00:48:04,-157.027078173773,-28.9200912272572,0,26,26,26,3,-28.9200912272572
01-Aug-2026 00:48:06,-157.512110695774,-29.4051237492579,0,27,27,27,4,-29.4051237492579
01-Aug-2026 00:48:08,-157.536841488323,-29.429854541807,0,27,27,27,4,-29.429854541807
01-Aug-2026 00:48:10,-157.958877686416,-29.8518907399006,0,27,27,27,4,-29.8518907399006
01-Aug-2026 00:48:12,-166.267566728063,-38.1605797815474,0,27,27,27,4,-38.1605797815474
01-Aug-2026 00:48:14,-165.852442801108,-37.7454558545926,0,27,27,27,5,-37.7454558545926
01-Aug-2026 00:48:16,-178.47855102607,-50.3715640795546,0,27,27,27,3,-50.3715640795546
01-Aug-2026 00:48:18,-169.765741654685,-41.6587547081692,0,27,27,27,4,-41.6587547081692
01-Aug-2026 00:48:20,-169.099963292658,-40.9929763461419,0,27,27,27,4,-40.9929763461419
01-Aug-2026 00:48:22,-168.590962440579,-40.4839754940627,0,26,26,26,5,-40.4839754940627
01-Aug-2026 00:48:24,-163.843159674065,-35.7361727275494,0,26,26,26,6,-35.7361727275494
01-Aug-2026 00:48:26,-160.004935486367,-31.8979485398513,0,26,26,26,8,-31.8979485398513
01-Aug-2026 00:48:28,-161.969299981601,-33.8623130350855,0,26,26,26,7,-33.8623130350855
01-Aug-2026 00:48:30,-162.320366076963,-34.2133791304473,0,26,26,26,6,-34.2133791304473
01-Aug-2026 00:48:32,-166.118541023663,-38.0115540771472,0,26,26,26,5,-38.0115540771472
01-Aug-2026 00:48:34,-167.742860326331,-39.635873379815,0,26,26,26,5,-39.635873379815
01-Aug-2026 00:48:36,-167.489415036163,-39.3824280896475,0,26,26,26,4,-39.3824280896475
01-Aug-2026 00:48:38,-167.22231522867,-39.1153282821542,0,26,26,26,4,-39.1153282821542
01-Aug-2026 00:48:40,-165.280722773502,-37.1737358269858,0,26,26,26,5,-37.1737358269858
01-Aug-2026 00:48:42,-165.701454158017,-37.5944672115016,0,26,26,26,3,-37.5944672115016
01-Aug-2026 00:48:44,-164.167328433613,-36.0603414870968,0,26,26,26,3,-36.0603414870968
01-Aug-2026 00:48:46,-177.399429862102,-49.2924429155861,0,26,26,26,2,-49.2924429155861
01-Aug-2026 00:48:48,-176.865247359756,-48.75826041324,0,26,26,26,3,-48.75826041324
01-Aug-2026 00:48:50,-184.000502234631,-55.8935152881153,0,25,25,25,2,-55.8935152881153
01-Aug-2026 00:48:52,-184.086692999992,-55.9797060534758,0,25,25,25,2,-55.9797060534758
01-Aug-2026 00:48:54,-184.33014731997,-56.223160373454,0,25,25,25,2,-56.223160373454
01-Aug-2026 00:48:56,-170.55371583312,-42.4467288866045,0,25,25,25,3,-42.4467288866045
01-Aug-2026 00:48:58,-170.910627892959,-42.8036409464426,0,25,25,25,3,-42.8036409464426
01-Aug-2026 00:49:00,-171.406701228453,-43.299714281937,0,25,25,25,3,-43.299714281937
01-Aug-2026 00:49:02,-171.542525075894,-43.4355381293783,0,25,25,25,3,-43.4355381293783
01-Aug-2026 00:49:04,-168.268998961165,-40.1620120146494,0,26,26,26,5,-40.1620120146494
01-Aug-2026 00:49:06,-168.638600872568,-40.5316139260522,0,26,26,26,6,-40.5316139260522
01-Aug-2026 00:49:08,-169.011337304488,-40.904350357972,0,26,26,26,6,-40.904350357972
01-Aug-2026 00:49:10,-169.578754200776,-41.4717672542605,0,26,26,26,7,-41.4717672542605
01-Aug-2026 00:49:12,-159.938242250943,-31.8312553044272,0,26,26,26,9,-31.8312553044272
01-Aug-2026 00:49:14,-160.548872780455,-32.4418858339389,0,26,26,26,8,-32.4418858339389
01-Aug-2026 00:49:16,-160.282833552494,-32.1758466059778,0,26,26,26,8,-32.1758466059778
01-Aug-2026 00:49:18,-160.80213324098,-32.6951462944642,0,26,26,26,7,-32.6951462944642
01-Aug-2026 00:49:20,-160.93283616389,-32.8258492173746,0,26,26,26,7,-32.8258492173746
01-Aug-2026 00:49:22,-160.767404640576,-32.6604176940596,0,26,26,26,7,-32.6604176940596
01-Aug-2026 00:49:24,-161.07038655285,-32.9633996063338,0,25,25,25,6,-32.9633996063338
01-Aug-2026 00:49:26,-161.494684008652,-33.3876970621361,0,25,25,25,6,-33.3876970621361
01-Aug-2026 00:49:28,-161.217912667581,-33.1109257210648,0,25,25,25,6,-33.1109257210648
01-Aug-2026 00:49:30,-160.920470438846,-32.8134834923305,0,25,25,25,7,-32.8134834923305
01-Aug-2026 00:49:32,-161.470448631953,-33.3634616854372,0,25,25,25,6,-33.3634616854372
01-Aug-2026 00:49:34,-161.903719040099,-33.7967320935828,0,25,25,25,6,-33.7967320935828
01-Aug-2026 00:49:36,-161.485585655103,-33.3785987085872,0,26,26,26,7,-33.3785987085872
01-Aug-2026 00:49:38,-161.240659570527,-33.1336726240116,0,26,26,26,7,-33.1336726240116
01-Aug-2026 00:49:40,-161.168004170532,-33.0610172240163,0,24,24,24,8,-33.0610172240163
01-Aug-2026 00:49:42,-161.049634249422,-32.9426473029061,0,24,24,24,8,-32.9426473029061
01-Aug-2026 00:49:44,-160.835796174985,-32.7288092284687,0,24,24,24,8,-32.7288092284687
01-Aug-2026 00:49:46,-161.21580971618,-33.1088227696643,0,24,24,24,7,-33.1088227696643
01-Aug-2026 00:49:48,-160.796427847002,-32.6894409004864,0,24,24,24,7,-32.6894409004864
01-Aug-2026 00:49:50,-157.998071829368,-29.891084882852,0,24,24,24,6,-29.891084882852
01-Aug-2026 00:49:52,-158.722028198482,-30.6150412519659,0,24,24,24,5,-30.6150412519659
01-Aug-2026 00:49:54,-158.676430091198,-30.5694431446822,0,24,24,24,5,-30.5694431446822
01-Aug-2026 00:49:56,-160.682531574773,-32.5755446282575,0,24,24,24,5,-32.5755446282575
01-Aug-2026 00:49:58,-160.785681001071,-32.6786940545553,0,24,24,24,5,-32.6786940545553
01-Aug-2026 00:50:00,-165.983813138384,-37.8768261918677,0,24,24,24,4,-37.8768261918677
01-Aug-2026 00:50:02,-165.877025619108,-37.7700386725921,0,24,24,24,3,-37.7700386725921
01-Aug-2026 00:50:04,-166.16457513945,-38.0575881929343,0,23,23,23,3,-38.0575881929343
01-Aug-2026 00:50:06,-165.744843695062,-37.6378567485461,0,23,23,23,3,-37.6378567485461
01-Aug-2026 00:50:08,-165.32178488682,-37.2147979403039,0,22,22,22,3,-37.2147979403039
01-Aug-2026 00:50:10,-165.208384016239,-37.1013970697231,0,22,22,22,4,-37.1013970697231
01-Aug-2026 00:50:12,-165.047316428868,-36.9403294823524,0,22,22,22,4,-36.9403294823524
01-Aug-2026 00:50:14,-165.308693102955,-37.2017061564392,0,22,22,22,4,-37.2017061564392
01-Aug-2026 00:50:16,-165.724435811268,-37.6174488647517,0,22,22,22,4,-37.6174488647517
01-Aug-2026 00:50:18,-165.245286572165,-37.1382996256487,0,22,22,22,4,-37.1382996256487
01-Aug-2026 00:50:20,-180.999717563762,-52.8927306172462,0,22,22,22,3,-52.8927306172462
01-Aug-2026 00:50:22,-180.480139961648,-52.3731530151321,0,22,22,22,3,-52.3731530151321
01-Aug-2026 00:50:24,-180.513438489547,-52.4064515430308,0,22,22,22,3,-52.4064515430308
01-Aug-2026 00:50:26,-180.398819933501,-52.2918329869856,0,22,22,22,3,-52.2918329869856
01-Aug-2026 00:50:28,-180.317719279068,-52.2107323325524,0,22,22,22,2,-52.2107323325524
01-Aug-2026 00:50:30,-179.993703831581,-51.8867168850651,0,22,22,22,2,-51.8867168850651
01-Aug-2026 00:50:32,-180.039060152823,-51.9320732063071,0,22,22,22,2,-51.9320732063071
01-Aug-2026 00:50:34,-171.887940104717,-43.7809531582011,0,22,22,22,3,-43.7809531582011
01-Aug-2026 00:50:36,-172.185093679669,-44.0781067331536,0,22,22,22,3,-44.0781067331536
01-Aug-2026 00:50:38,-172.628550762027,-44.5215638155113,0,22,22,22,2,-44.5215638155113
01-Aug-2026 00:50:40,-171.894573553717,-43.7875866072008,0,22,22,22,3,-43.7875866072008
01-Aug-2026 00:50:42,-188.463935411001,-60.356948464485,0,22,22,22,2,-60.356948464485
01-Aug-2026 00:50:44,-172.660241274794,-44.5532543282778,0,22,22,22,3,-44.5532543282778
01-Aug-2026 00:50:46,-188.633715161525,-60.526728215009,0,21,21,21,2,-60.526728215009
01-Aug-2026 00:50:48,-168.768494237196,-40.6615072906797,0,21,21,21,3,-40.6615072906797
01-Aug-2026 00:50:50,-168.815793112526,-40.7088061660104,0,21,21,21,4,-40.7088061660104
01-Aug-2026 00:50:52,-168.772339620769,-40.6653526742533,0,22,22,22,4,-40.6653526742533
01-Aug-2026 00:50:54,-168.607670509575,-40.5006835630589,0,22,22,22,3,-40.5006835630589
01-Aug-2026 00:50:56,-169.25648342282,-41.1494964763044,0,22,22,22,4,-41.1494964763044
01-Aug-2026 00:50:58,-169.375593773828,-41.2686068273117,0,22,22,22,4,-41.2686068273117
01-Aug-2026 00:51:00,-169.229554029962,-41.1225670834461,0,23,23,23,5,-41.1225670834461
01-Aug-2026 00:51:02,-167.011976907798,-38.9049899612823,0,23,23,23,6,-38.9049899612823
01-Aug-2026 00:51:04,-167.079119520435,-38.9721325739192,0,23,23,23,6,-38.9721325739192
01-Aug-2026 00:51:06,-168.779056080874,-40.6720691343581,0,23,23,23,5,-40.6720691343581
01-Aug-2026 00:51:08,-168.522666778619,-40.4156798321035,0,23,23,23,5,-40.4156798321035
01-Aug-2026 00:51:10,-168.155454830684,-40.0484678841681,0,23,23,23,5,-40.0484678841681
01-Aug-2026 00:51:12,-162.836874662661,-34.7298877161452,0,23,23,23,5,-34.7298877161452
01-Aug-2026 00:51:14,-162.542138788506,-34.4351518419898,0,23,23,23,4,-34.4351518419898
01-Aug-2026 00:51:16,-162.482081150085,-34.3750942035688,0,23,23,23,4,-34.3750942035688
01-Aug-2026 00:51:18,-162.343301129926,-34.23631418341,0,24,24,24,4,-34.23631418341
01-Aug-2026 00:51:20,-162.35075469071,-34.243767744194,0,24,24,24,3,-34.243767744194
01-Aug-2026 00:51:22,-162.7128065658,-34.6058196192841,0,25,25,25,3,-34.6058196192841
01-Aug-2026 00:51:24,-162.69822714,-34.5912401934837,0,25,25,25,3,-34.5912401934837
01-Aug-2026 00:51:26,-162.544813433294,-34.437826486778,0,25,25,25,2,-34.437826486778
01-Aug-2026 00:51:28,-164.322115509903,-36.2151285633867,0,24,24,24,1,-36.2151285633867
01-Aug-2026 00:51:30,-154.341371975515,-26.2343850289989,0,24,24,24,4,-26.2343850289989
01-Aug-2026 00:51:32,-153.106708702634,-24.9997217561182,0,24,24,24,5,-24.9997217561182
01-Aug-2026 00:51:34,-153.558159982498,-25.4511730359817,0,24,24,24,5,-25.4511730359817
01-Aug-2026 00:51:36,-154.252989035455,-26.1460020889386,0,24,24,24,6,-26.1460020889386
01-Aug-2026 00:51:38,-154.949174337073,-26.8421873905571,0,24,24,24,7,-26.8421873905571
01-Aug-2026 00:51:40,-155.427481765066,-27.3204948185497,0,25,25,25,6,-27.3204948185497
01-Aug-2026 00:51:42,-155.943224761603,-27.8362378150868,0,25,25,25,6,-27.8362378150868
01-Aug-2026 00:51:44,-156.7025426486,-28.595555702084,0,25,25,25,6,-28.595555702084
01-Aug-2026 00:51:46,-161.289469122121,-33.1824821756048,0,25,25,25,5,-33.1824821756048
01-Aug-2026 00:51:48,-161.625197586113,-33.5182106395971,0,25,25,25,5,-33.5182106395971
01-Aug-2026 00:51:50,-161.83739934528,-33.7304123987639,0,25,25,25,4,-33.7304123987639
01-Aug-2026 00:51:52,-161.78773192686,-33.6807449803444,0,25,25,25,4,-33.6807449803444
01-Aug-2026 00:51:54,-161.176488145504,-33.0695011989884,0,26,26,26,3,-33.0695011989884
01-Aug-2026 00:51:56,-161.098610528557,-32.9916235820407,0,26,26,26,3,-32.9916235820407
01-Aug-2026 00:51:58,-161.755835785382,-33.6488488388665,0,26,26,26,3,-33.6488488388665
01-Aug-2026 00:52:00,-161.566602687492,-33.4596157409759,0,26,26,26,3,-33.4596157409759
01-Aug-2026 00:52:02,-161.692850774776,-33.5858638282605,0,26,26,26,3,-33.5858638282605
01-Aug-2026 00:52:04,-182.365577304889,-54.2585903583735,0,26,26,26,2,-54.2585903583735
01-Aug-2026 00:52:06,-182.532599259333,-54.4256123128168,0,26,26,26,2,-54.4256123128168
01-Aug-2026 00:52:08,-182.09734612002,-53.9903591735041,0,26,26,26,2,-53.9903591735041
01-Aug-2026 00:52:10,-181.730552698936,-53.6235657524206,0,26,26,26,2,-53.6235657524206
01-Aug-2026 00:52:12,-181.42584294534,-53.3188559988243,0,25,25,25,3,-53.3188559988243
01-Aug-2026 00:52:14,-181.696447631867,-53.5894606853507,0,25,25,25,3,-53.5894606853507
01-Aug-2026 00:52:16,-181.494636258626,-53.3876493121103,0,25,25,25,3,-53.3876493121103
01-Aug-2026 00:52:18,-181.699874875543,-53.5928879290268,0,25,25,25,3,-53.5928879290268
01-Aug-2026 00:52:20,-181.969065083382,-53.8620781368657,0,25,25,25,4,-53.8620781368657
01-Aug-2026 00:52:22,-182.598762719971,-54.4917757734548,0,25,25,25,4,-54.4917757734548
01-Aug-2026 00:52:24,-152.487156219907,-24.3801692733913,0,25,25,25,5,-24.3801692733913
01-Aug-2026 00:52:26,-151.53043077426,-23.4234438277446,0,25,25,25,6,-23.4234438277446
01-Aug-2026 00:52:28,-150.44041430958,-22.3334273630644,0,25,25,25,6,-22.3334273630644
01-Aug-2026 00:52:30,-149.829623025223,-21.7226360787076,0,25,25,25,6,-21.7226360787076
01-Aug-2026 00:52:32,-149.318943319472,-21.2119563729562,0,25,25,25,6,-21.2119563729562
01-Aug-2026 00:52:34,-148.430036827953,-20.323049881437,0,25,25,25,6,-20.323049881437
01-Aug-2026 00:52:36,-147.883951814929,-19.7769648684135,0,25,25,25,7,-19.7769648684135
01-Aug-2026 00:52:38,-147.29546792356,-19.1884809770446,0,25,25,25,7,-19.1884809770446
01-Aug-2026 00:52:40,-147.416975982507,-19.3099890359907,0,24,24,24,7,-19.3099890359907
01-Aug-2026 00:52:42,-147.716080344033,-19.6090933975174,0,24,24,24,8,-19.6090933975174
01-Aug-2026 00:52:44,-147.711782054923,-19.6047951084072,0,24,24,24,8,-19.6047951084072
01-Aug-2026 00:52:46,-147.859984815652,-19.7529978691363,0,24,24,24,8,-19.7529978691363
01-Aug-2026 00:52:48,-148.986009628166,-20.8790226816499,0,24,24,24,7,-20.8790226816499
01-Aug-2026 00:52:50,-150.193131533012,-22.0861445864961,0,24,24,24,5,-22.0861445864961
01-Aug-2026 00:52:52,-151.105082704995,-22.9980957584788,0,24,24,24,5,-22.9980957584788
01-Aug-2026 00:52:54,-151.873518840249,-23.766531893733,0,25,25,25,5,-23.766531893733
01-Aug-2026 00:52:56,-153.259788377553,-25.1528014310375,0,25,25,25,4,-25.1528014310375
01-Aug-2026 00:52:58,-153.939203959316,-25.8322170127997,0,25,25,25,4,-25.8322170127997
01-Aug-2026 00:53:00,-154.552010281111,-26.4450233345949,0,25,25,25,6,-26.4450233345949
01-Aug-2026 00:53:02,-154.727826421346,-26.6208394748304,0,25,25,25,5,-26.6208394748304
01-Aug-2026 00:53:04,-155.204764883749,-27.0977779372334,0,25,25,25,6,-27.0977779372334
01-Aug-2026 00:53:06,-155.367911400766,-27.2609244542502,0,25,25,25,6,-27.2609244542502
01-Aug-2026 00:53:08,-155.968318550774,-27.8613316042583,0,24,24,24,6,-27.8613316042583
01-Aug-2026 00:53:10,-154.586482944957,-26.4794959984409,0,24,24,24,7,-26.4794959984409
01-Aug-2026 00:53:12,-154.616567492556,-26.5095805460399,0,24,24,24,7,-26.5095805460399
01-Aug-2026 00:53:14,-155.095459718956,-26.9884727724397,0,24,24,24,6,-26.9884727724397
01-Aug-2026 00:53:16,-155.149447588843,-27.0424606423274,0,24,24,24,6,-27.0424606423274
01-Aug-2026 00:53:18,-158.075980868353,-29.9689939218373,0,24,24,24,5,-29.9689939218373
01-Aug-2026 00:53:20,-157.859105372771,-29.7521184262556,0,24,24,24,4,-29.7521184262556
01-Aug-2026 00:53:22,-157.310277732513,-29.2032907859976,0,24,24,24,5,-29.2032907859976
01-Aug-2026 00:53:24,-157.318094191892,-29.211107245376,0,23,23,23,5,-29.211107245376
01-Aug-2026 00:53:26,-157.191468353487,-29.0844814069707,0,23,23,23,5,-29.0844814069707
01-Aug-2026 00:53:28,-154.362565037681,-26.2555780911653,0,24,24,24,5,-26.2555780911653
01-Aug-2026 00:53:30,-154.487577513046,-26.3805905665302,0,23,23,23,4,-26.3805905665302
01-Aug-2026 00:53:32,-154.220114286532,-26.1131273400165,0,23,23,23,4,-26.1131273400165
01-Aug-2026 00:53:34,-154.035852889937,-25.9288659434216,0,23,23,23,4,-25.9288659434216
01-Aug-2026 00:53:36,-154.005078922823,-25.8980919763067,0,23,23,23,4,-25.8980919763067
01-Aug-2026 00:53:38,-153.754110153003,-25.6471232064873,0,23,23,23,5,-25.6471232064873
01-Aug-2026 00:53:40,-153.264820599267,-25.157833652751,0,23,23,23,6,-25.157833652751
01-Aug-2026 00:53:42,-153.492847273505,-25.3858603269892,0,23,23,23,7,-25.3858603269892
01-Aug-2026 00:53:44,-153.157770945519,-25.0507839990027,0,23,23,23,7,-25.0507839990027
01-Aug-2026 00:53:46,-153.193712327402,-25.0867253808862,0,23,23,23,6,-25.0867253808862
01-Aug-2026 00:53:48,-153.370435938689,-25.2634489921732,0,23,23,23,6,-25.2634489921732
01-Aug-2026 00:53:50,-153.546075238498,-25.4390882919819,0,23,23,23,6,-25.4390882919819
01-Aug-2026 00:53:52,-153.936159959242,-25.8291730127264,0,23,23,23,6,-25.8291730127264
01-Aug-2026 00:53:54,-153.682053371108,-25.5750664245923,0,22,22,22,6,-25.5750664245923
01-Aug-2026 00:53:56,-154.235311261992,-26.128324315476,0,22,22,22,7,-26.128324315476
01-Aug-2026 00:53:58,-153.757441207054,-25.6504542605379,0,22,22,22,7,-25.6504542605379
01-Aug-2026 00:54:00,-153.601180096641,-25.4941931501255,0,22,22,22,7,-25.4941931501255
01-Aug-2026 00:54:02,-153.417064586304,-25.3100776397879,0,22,22,22,6,-25.3100776397879
01-Aug-2026 00:54:04,-153.064954299362,-24.9579673528461,0,22,22,22,7,-24.9579673528461
01-Aug-2026 00:54:06,-152.616519399727,-24.5095324532111,0,22,22,22,7,-24.5095324532111
01-Aug-2026 00:54:08,-152.61738965073,-24.5104027042137,0,22,22,22,6,-24.5104027042137
01-Aug-2026 00:54:10,-160.157023546948,-32.0500366004326,0,22,22,22,5,-32.0500366004326
01-Aug-2026 00:54:12,-159.64026898541,-31.5332820388942,0,22,22,22,5,-31.5332820388942
01-Aug-2026 00:54:14,-160.714410349941,-32.6074234034247,0,22,22,22,6,-32.6074234034247
01-Aug-2026 00:54:16,-160.598759483122,-32.4917725366058,0,22,22,22,6,-32.4917725366058
01-Aug-2026 00:54:18,-160.421061139944,-32.3140741934279,0,23,23,23,6,-32.3140741934279
01-Aug-2026 00:54:20,-160.664560109015,-32.5575731624989,0,23,23,23,6,-32.5575731624989
01-Aug-2026 00:54:22,-161.303673027984,-33.1966860814682,0,22,22,22,5,-33.1966860814682
01-Aug-2026 00:54:24,-162.400758988259,-34.2937720417428,0,22,22,22,5,-34.2937720417428
01-Aug-2026 00:54:26,-161.757849233538,-33.6508622870222,0,22,22,22,6,-33.6508622870222
01-Aug-2026 00:54:28,-161.651559972218,-33.5445730257021,0,22,22,22,6,-33.5445730257021
01-Aug-2026 00:54:30,-161.448421768891,-33.3414348223749,0,22,22,22,6,-33.3414348223749
01-Aug-2026 00:54:32,-161.585793595943,-33.4788066494274,0,22,22,22,4,-33.4788066494274
01-Aug-2026 00:54:34,-161.543520522505,-33.4365335759889,0,22,22,22,4,-33.4365335759889
01-Aug-2026 00:54:36,-161.489181032219,-33.3821940857036,0,22,22,22,4,-33.3821940857036
01-Aug-2026 00:54:38,-161.484625942118,-33.3776389956021,0,22,22,22,4,-33.3776389956021
01-Aug-2026 00:54:40,-160.869236191661,-32.7622492451447,0,22,22,22,4,-32.7622492451447
01-Aug-2026 00:54:42,-161.389496274177,-33.2825093276609,0,22,22,22,4,-33.2825093276609
01-Aug-2026 00:54:44,-161.359636319391,-33.2526493728752,0,22,22,22,4,-33.2526493728752
01-Aug-2026 00:54:46,-161.128502567079,-33.0215156205633,0,22,22,22,4,-33.0215156205633
01-Aug-2026 00:54:48,-161.309078326524,-33.2020913800079,0,23,23,23,5,-33.2020913800079
01-Aug-2026 00:54:50,-161.956261680365,-33.849274733849,0,23,23,23,5,-33.849274733849
01-Aug-2026 00:54:52,-161.426979396882,-33.319992450366,0,23,23,23,5,-33.319992450366
01-Aug-2026 00:54:54,-161.784145878261,-33.677158931745,0,23,23,23,5,-33.677158931745
01-Aug-2026 00:54:56,-161.858796324883,-33.7518093783668,0,23,23,23,5,-33.7518093783668
01-Aug-2026 00:54:58,-158.386145931224,-30.2791589847081,0,23,23,23,6,-30.2791589847081
01-Aug-2026 00:55:00,-158.325252674197,-30.2182657276812,0,23,23,23,7,-30.2182657276812
01-Aug-2026 00:55:02,-160.211960056829,-32.1049731103133,0,23,23,23,6,-32.1049731103133
01-Aug-2026 00:55:04,-160.112370352097,-32.0053834055813,0,23,23,23,6,-32.0053834055813
01-Aug-2026 00:55:06,-164.51994428845,-36.4129573419339,0,23,23,23,5,-36.4129573419339
01-Aug-2026 00:55:08,-163.864807466434,-35.7578205199181,0,24,24,24,5,-35.7578205199181
01-Aug-2026 00:55:10,-163.650114958874,-35.5431280123581,0,25,25,25,5,-35.5431280123581
01-Aug-2026 00:55:12,-163.583948369624,-35.4769614231084,0,25,25,25,5,-35.4769614231084
01-Aug-2026 00:55:14,-163.72928892067,-35.6223019741538,0,25,25,25,3,-35.6223019741538
01-Aug-2026 00:55:16,-163.446340391202,-35.3393534446866,0,25,25,25,3,-35.3393534446866
01-Aug-2026 00:55:18,-162.524012682806,-34.4170257362899,0,25,25,25,3,-34.4170257362899
01-Aug-2026 00:55:20,-162.072415237384,-33.9654282908678,0,24,24,24,3,-33.9654282908678
01-Aug-2026 00:55:22,-162.044924272464,-33.9379373259482,0,25,25,25,3,-33.9379373259482
01-Aug-2026 00:55:24,-163.526393318851,-35.4194063723353,0,25,25,25,2,-35.4194063723353
01-Aug-2026 00:55:26,-163.343239797478,-35.2362528509626,0,25,25,25,2,-35.2362528509626
01-Aug-2026 00:55:28,-163.027410023481,-34.9204230769647,0,25,25,25,3,-34.9204230769647
01-Aug-2026 00:55:30,-162.963915107158,-34.856928160642,0,25,25,25,3,-34.856928160642
01-Aug-2026 00:55:32,-153.806477013961,-25.6994900674449,0,25,25,25,4,-25.6994900674449
01-Aug-2026 00:55:34,-160.320756087196,-32.2137691406803,0,25,25,25,5,-32.2137691406803
01-Aug-2026 00:55:36,-160.432300036411,-32.3253130898954,0,25,25,25,6,-32.3253130898954
01-Aug-2026 00:55:38,-159.362967430121,-31.2559804836053,0,25,25,25,6,-31.2559804836053
01-Aug-2026 00:55:40,-159.596284288217,-31.4892973417013,0,25,25,25,5,-31.4892973417013
01-Aug-2026 00:55:42,-159.877779580641,-31.7707926341249,0,26,26,26,5,-31.7707926341249
01-Aug-2026 00:55:44,-159.573004433539,-31.4660174870232,0,26,26,26,5,-31.4660174870232
01-Aug-2026 00:55:46,-156.972880096437,-28.8658931499215,0,26,26,26,5,-28.8658931499215
01-Aug-2026 00:55:48,-157.33528473831,-29.2282977917938,0,26,26,26,5,-29.2282977917938
01-Aug-2026 00:55:50,-157.703147178355,-29.5961602318388,0,26,26,26,5,-29.5961602318388
01-Aug-2026 00:55:52,-157.812475417028,-29.7054884705117,0,26,26,26,5,-29.7054884705117
01-Aug-2026 00:55:54,-162.043381577089,-33.9363946305729,0,26,26,26,5,-33.9363946305729
01-Aug-2026 00:55:56,-161.795811202239,-33.6888242557235,0,26,26,26,4,-33.6888242557235
01-Aug-2026 00:55:58,-185.769017203977,-57.6620302574614,0,26,26,26,3,-57.6620302574614
01-Aug-2026 00:56:00,-179.474682672738,-51.3676957262226,0,25,25,25,3,-51.3676957262226
01-Aug-2026 00:56:02,-179.45967851759,-51.3526915710739,0,25,25,25,3,-51.3526915710739
01-Aug-2026 00:56:04,-179.371207087942,-51.2642201414261,0,25,25,25,3,-51.2642201414261
01-Aug-2026 00:56:06,-180.480653083134,-52.3736661366178,0,25,25,25,2,-52.3736661366178
01-Aug-2026 00:56:08,-180.307407953677,-52.2004210071612,0,25,25,25,2,-52.2004210071612
01-Aug-2026 00:56:10,-166.305716753407,-38.1987298068911,0,25,25,25,4,-38.1987298068911
01-Aug-2026 00:56:12,-166.54376708106,-38.4367801345437,0,25,25,25,5,-38.4367801345437
01-Aug-2026 00:56:14,-166.099791035101,-37.9928040885853,0,25,25,25,6,-37.9928040885853
01-Aug-2026 00:56:16,-165.82057313821,-37.7135861916942,0,25,25,25,6,-37.7135861916942
01-Aug-2026 00:56:18,-164.915945659859,-36.8089587133433,0,25,25,25,5,-36.8089587133433
01-Aug-2026 00:56:20,-165.373634446992,-37.2666475004757,0,25,25,25,5,-37.2666475004757
01-Aug-2026 00:56:22,-165.331574977997,-37.224588031481,0,25,25,25,5,-37.224588031481
01-Aug-2026 00:56:24,-165.492672252241,-37.3856853057248,0,25,25,25,6,-37.3856853057248
01-Aug-2026 00:56:26,-182.618026610801,-54.5110396642851,0,25,25,25,5,-54.5110396642851
01-Aug-2026 00:56:28,-177.570173212226,-49.4631862657097,0,25,25,25,6,-49.4631862657097
01-Aug-2026 00:56:30,-177.534159056328,-49.4271721098119,0,25,25,25,6,-49.4271721098119
01-Aug-2026 00:56:32,-177.998525215804,-49.8915382692886,0,24,24,24,6,-49.8915382692886
01-Aug-2026 00:56:34,-177.383821982654,-49.276835036138,0,24,24,24,6,-49.276835036138
01-Aug-2026 00:56:36,-146.499796611323,-18.3928096648072,0,24,24,24,6,-18.3928096648072
01-Aug-2026 00:56:38,-148.346525469501,-20.2395385229852,0,24,24,24,6,-20.2395385229852
01-Aug-2026 00:56:40,-149.506808680045,-21.3998217335295,0,24,24,24,7,-21.3998217335295
01-Aug-2026 00:56:42,-150.088271893562,-21.9812849470459,0,24,24,24,6,-21.9812849470459
01-Aug-2026 00:56:44,-150.437382838585,-22.3303958920693,0,25,25,25,7,-22.3303958920693
01-Aug-2026 00:56:46,-151.400711211526,-23.2937242650104,0,25,25,25,5,-23.2937242650104
01-Aug-2026 00:56:48,-152.191637847972,-24.0846509014561,0,25,25,25,5,-24.0846509014561
01-Aug-2026 00:56:50,-153.25500096564,-25.1480140191239,0,25,25,25,7,-25.1480140191239
01-Aug-2026 00:56:52,-152.375139903839,-24.268152957323,0,25,25,25,8,-24.268152957323
01-Aug-2026 00:56:54,-152.720961271943,-24.6139743254273,0,25,25,25,7,-24.6139743254273
01-Aug-2026 00:56:56,-151.57309277039,-23.4661058238742,0,25,25,25,7,-23.4661058238742
01-Aug-2026 00:56:58,-152.790589904585,-24.6836029580695,0,23,23,23,6,-24.6836029580695
01-Aug-2026 00:57:00,-152.658803056307,-24.5518161097911,0,23,23,23,7,-24.5518161097911
01-Aug-2026 00:57:02,-152.733061334766,-24.6260743882499,0,23,23,23,7,-24.6260743882499
01-Aug-2026 00:57:04,-152.359522661822,-24.2525357153064,0,23,23,23,7,-24.2525357153064
01-Aug-2026 00:57:06,-152.235214022986,-24.12822707647,0,24,24,24,9,-24.12822707647
01-Aug-2026 00:57:08,-152.129842405166,-24.0228554586506,0,23,23,23,8,-24.0228554586506
01-Aug-2026 00:57:10,-152.113595361019,-24.0066084145028,0,23,23,23,8,-24.0066084145028
01-Aug-2026 00:57:12,-159.162789327198,-31.0558023806826,0,23,23,23,6,-31.0558023806826
01-Aug-2026 00:57:14,-159.963624671451,-31.8566377249351,0,23,23,23,6,-31.8566377249351
01-Aug-2026 00:57:16,-160.615000471559,-32.5080135250432,0,23,23,23,6,-32.5080135250432
01-Aug-2026 00:57:18,-160.697350486964,-32.5903635404484,0,24,24,24,7,-32.5903635404484
01-Aug-2026 00:57:20,-166.590297914908,-38.4833109683925,0,24,24,24,6,-38.4833109683925
01-Aug-2026 00:57:22,-166.444041408868,-38.337054462352,0,23,23,23,6,-38.337054462352
01-Aug-2026 00:57:24,-166.521360699777,-38.4143737532614,0,23,23,23,6,-38.4143737532614
01-Aug-2026 00:57:26,-166.486026962628,-38.3790400161118,0,23,23,23,6,-38.3790400161118
01-Aug-2026 00:57:28,-166.53137755351,-38.4243906069941,0,23,23,23,6,-38.4243906069941
01-Aug-2026 00:57:30,-166.563855114542,-38.4568681680259,0,23,23,23,6,-38.4568681680259
01-Aug-2026 00:57:32,-180.886809542708,-52.7798225961917,0,23,23,23,5,-52.7798225961917
01-Aug-2026 00:57:34,-180.943120665802,-52.836133719286,0,23,23,23,5,-52.836133719286
01-Aug-2026 00:57:36,-181.072839412483,-52.9658524659667,0,23,23,23,6,-52.9658524659667
01-Aug-2026 00:57:38,-181.364847740806,-53.2578607942903,0,23,23,23,6,-53.2578607942903
01-Aug-2026 00:57:40,-181.32837344399,-53.2213864974745,0,22,22,22,6,-53.2213864974745
01-Aug-2026 00:57:42,-181.138374780035,-53.031387833519,0,22,22,22,7,-53.031387833519
01-Aug-2026 00:57:44,-181.078890759337,-52.9719038128212,0,22,22,22,7,-52.9719038128212
01-Aug-2026 00:57:46,-181.312243745819,-53.2052567993031,0,22,22,22,6,-53.2052567993031
01-Aug-2026 00:57:48,-181.810357319159,-53.7033703726432,0,22,22,22,5,-53.7033703726432
01-Aug-2026 00:57:50,-182.069210228154,-53.9622232816385,0,22,22,22,5,-53.9622232816385
01-Aug-2026 00:57:52,-181.876772026106,-53.76978507959,0,22,22,22,5,-53.76978507959
01-Aug-2026 00:57:54,-182.352707340404,-54.2457203938881,0,22,22,22,4,-54.2457203938881
01-Aug-2026 00:57:56,-182.01267038177,-53.9056834352539,0,22,22,22,4,-53.9056834352539
01-Aug-2026 00:57:58,-183.000973884132,-54.8939869376161,0,22,22,22,3,-54.8939869376161
01-Aug-2026 00:58:00,-183.184311830536,-55.0773248840197,0,22,22,22,3,-55.0773248840197
01-Aug-2026 00:58:02,-167.072326942038,-38.9653399955222,0,22,22,22,5,-38.9653399955222
01-Aug-2026 00:58:04,-166.535251954644,-38.4282650081277,0,23,23,23,6,-38.4282650081277
01-Aug-2026 00:58:06,-166.639687280232,-38.5327003337162,0,23,23,23,6,-38.5327003337162
01-Aug-2026 00:58:08,-166.202984100617,-38.0959971541008,0,23,23,23,7,-38.0959971541008
01-Aug-2026 00:58:10,-166.434283321022,-38.3272963745063,0,23,23,23,7,-38.3272963745063
01-Aug-2026 00:58:12,-166.474903584781,-38.3679166382648,0,22,22,22,5,-38.3679166382648
01-Aug-2026 00:58:14,-165.991246455059,-37.884259508543,0,22,22,22,5,-37.884259508543
01-Aug-2026 00:58:16,-165.688007913273,-37.5810209667576,0,22,22,22,5,-37.5810209667576
01-Aug-2026 00:58:18,-165.980691803325,-37.8737048568096,0,22,22,22,5,-37.8737048568096
01-Aug-2026 00:58:20,-156.051851562349,-27.9448646158328,0,22,22,22,6,-27.9448646158328
01-Aug-2026 00:58:22,-155.650946223762,-27.5439592772462,0,22,22,22,6,-27.5439592772462
01-Aug-2026 00:58:24,-165.874009843696,-37.7670228971803,0,22,22,22,5,-37.7670228971803
01-Aug-2026 00:58:26,-165.658556933322,-37.5515699868058,0,22,22,22,5,-37.5515699868058
01-Aug-2026 00:58:28,-165.021236514492,-36.9142495679764,0,22,22,22,5,-36.9142495679764
01-Aug-2026 00:58:30,-164.577093240595,-36.4701062940791,0,22,22,22,4,-36.4701062940791
01-Aug-2026 00:58:32,-164.617056020153,-36.5100690736373,0,23,23,23,5,-36.5100690736373
01-Aug-2026 00:58:34,-164.827559970185,-36.7205730236696,0,23,23,23,6,-36.7205730236696
01-Aug-2026 00:58:36,-164.502236540235,-36.3952495937187,0,24,24,24,6,-36.3952495937187
01-Aug-2026 00:58:38,-164.378962046954,-36.2719751004385,0,23,23,23,6,-36.2719751004385
01-Aug-2026 00:58:40,-164.80377950599,-36.6967925594745,0,23,23,23,6,-36.6967925594745
01-Aug-2026 00:58:42,-164.411438214097,-36.3044512675807,0,23,23,23,7,-36.3044512675807
01-Aug-2026 00:58:44,-164.346138483001,-36.2391515364847,0,23,23,23,7,-36.2391515364847
01-Aug-2026 00:58:46,-165.219617923039,-37.1126309765234,0,23,23,23,5,-37.1126309765234
01-Aug-2026 00:58:48,-164.579462863224,-36.4724759167078,0,23,23,23,5,-36.4724759167078
01-Aug-2026 00:58:50,-164.428674566222,-36.3216876197061,0,23,23,23,5,-36.3216876197061
01-Aug-2026 00:58:52,-164.72910341337,-36.622116466854,0,23,23,23,5,-36.622116466854
01-Aug-2026 00:58:54,-164.486607441083,-36.3796204945671,0,23,23,23,4,-36.3796204945671
01-Aug-2026 00:58:56,-164.112994708162,-36.0060077616457,0,23,23,23,4,-36.0060077616457
01-Aug-2026 00:58:58,-171.930202314506,-43.8232153679905,0,24,24,24,4,-43.8232153679905
01-Aug-2026 00:59:00,-167.68521201029,-39.5782250637743,0,25,25,25,5,-39.5782250637743
01-Aug-2026 00:59:02,-172.919668022679,-44.8126810761633,0,25,25,25,4,-44.8126810761633
01-Aug-2026 00:59:04,-172.472216131911,-44.365229185395,0,25,25,25,4,-44.365229185395
01-Aug-2026 00:59:06,-169.242699871459,-41.1357129249433,0,26,26,26,3,-41.1357129249433
01-Aug-2026 00:59:08,-168.700872370318,-40.5938854238024,0,26,26,26,4,-40.5938854238024
01-Aug-2026 00:59:10,-169.023803183369,-40.9168162368534,0,25,25,25,5,-40.9168162368534
01-Aug-2026 00:59:12,-169.486710910353,-41.3797239638374,0,25,25,25,5,-41.3797239638374
01-Aug-2026 00:59:14,-168.826922836453,-40.7199358899375,0,25,25,25,5,-40.7199358899375
01-Aug-2026 00:59:16,-168.575611625096,-40.4686246785804,0,25,25,25,5,-40.4686246785804
01-Aug-2026 00:59:18,-168.731408035316,-40.6244210888002,0,25,25,25,5,-40.6244210888002
01-Aug-2026 00:59:20,-183.485904144597,-55.3789171980815,0,25,25,25,4,-55.3789171980815
01-Aug-2026 00:59:22,-183.807553081866,-55.7005661353504,0,25,25,25,4,-55.7005661353504
01-Aug-2026 00:59:24,-162.319721311568,-34.2127343650521,0,25,25,25,5,-34.2127343650521
01-Aug-2026 00:59:26,-164.081001825897,-35.9740148793808,0,25,25,25,5,-35.9740148793808
01-Aug-2026 00:59:28,-164.261982322924,-36.1549953764085,0,25,25,25,5,-36.1549953764085
01-Aug-2026 00:59:30,-163.796467657591,-35.6894807110749,0,25,25,25,5,-35.6894807110749
01-Aug-2026 00:59:32,-162.624644064171,-34.5176571176556,0,26,26,26,6,-34.5176571176556
01-Aug-2026 00:59:34,-161.899596931236,-33.7926099847198,0,26,26,26,7,-33.7926099847198
01-Aug-2026 00:59:36,-160.029060523183,-31.9220735766672,0,26,26,26,8,-31.9220735766672
01-Aug-2026 00:59:38,-158.637808786739,-30.5308218402235,0,26,26,26,10,-30.5308218402235
01-Aug-2026 00:59:40,-157.682605297993,-29.5756183514776,0,26,26,26,9,-29.5756183514776
01-Aug-2026 00:59:42,-156.990147485316,-28.8831605388005,0,26,26,26,8,-28.8831605388005
01-Aug-2026 00:59:44,-156.583537187203,-28.4765502406875,0,26,26,26,8,-28.4765502406875
01-Aug-2026 00:59:46,-155.845726931178,-27.7387399846618,0,26,26,26,9,-27.7387399846618
01-Aug-2026 00:59:48,-154.823286688793,-26.7162997422774,0,26,26,26,8,-26.7162997422774
01-Aug-2026 00:59:50,-153.45125665831,-25.3442697117938,0,25,25,25,7,-25.3442697117938
01-Aug-2026 00:59:52,-152.37267820656,-24.2656912600441,0,25,25,25,6,-24.2656912600441
01-Aug-2026 00:59:54,-150.978819700818,-22.8718327543025,0,25,25,25,6,-22.8718327543025
01-Aug-2026 00:59:56,-150.286106541892,-22.1791195953766,0,25,25,25,7,-22.1791195953766
01-Aug-2026 00:59:58,-148.747165365574,-20.6401784190584,0,25,25,25,7,-20.6401784190584
01-Aug-2026 01:00:00,-147.370423493529,-19.2634365470134,0,25,25,25,8,-19.2634365470134
01-Aug-2026 01:00:02,-146.475165384271,-18.368178437755,0,25,25,25,8,-18.368178437755
01-Aug-2026 01:00:04,-144.258357640343,-16.1513706938274,0,25,25,25,9,-16.1513706938274
01-Aug-2026 01:00:06,-167.432596080882,-39.3256091343662,0,25,25,25,7,-39.3256091343662
01-Aug-2026 01:00:08,-167.003939637775,-38.8969526912591,0,25,25,25,8,-38.8969526912591
01-Aug-2026 01:00:10,-166.612384980933,-38.5053980344167,0,25,25,25,8,-38.5053980344167
01-Aug-2026 01:00:12,-170.610039985955,-42.5030530394387,0,25,25,25,7,-42.5030530394387
01-Aug-2026 01:00:14,-170.504274447456,-42.3972875009406,0,25,25,25,7,-42.3972875009406
01-Aug-2026 01:00:16,-171.16352849882,-43.0565415523043,0,25,25,25,7,-43.0565415523043
01-Aug-2026 01:00:18,-166.824439110027,-38.7174521635112,0,25,25,25,8,-38.7174521635112
01-Aug-2026 01:00:20,-167.037339802678,-38.9303528561624,0,25,25,25,8,-38.9303528561624
01-Aug-2026 01:00:22,-166.702757756565,-38.595770810049,0,24,24,24,9,-38.595770810049
01-Aug-2026 01:00:24,-166.75240088275,-38.6454139362339,0,24,24,24,9,-38.6454139362339
01-Aug-2026 01:00:26,-169.355695175629,-41.2487082291133,0,24,24,24,8,-41.2487082291133
01-Aug-2026 01:00:28,-169.83864131212,-41.7316543656037,0,24,24,24,7,-41.7316543656037
01-Aug-2026 01:00:30,-169.775186163106,-41.6681992165899,0,24,24,24,7,-41.6681992165899
01-Aug-2026 01:00:32,-169.714336035238,-41.6073490887219,0,24,24,24,7,-41.6073490887219
01-Aug-2026 01:00:34,-168.99263586294,-40.8856489164241,0,24,24,24,7,-40.8856489164241
01-Aug-2026 01:00:36,-167.614944881893,-39.5079579353771,0,25,25,25,8,-39.5079579353771
01-Aug-2026 01:00:38,-174.149689924429,-46.0427029779132,0,25,25,25,7,-46.0427029779132
01-Aug-2026 01:00:40,-174.099904504213,-45.9929175576972,0,25,25,25,7,-45.9929175576972
01-Aug-2026 01:00:42,-174.214171004672,-46.1071840581557,0,25,25,25,6,-46.1071840581557
01-Aug-2026 01:00:44,-173.346183478832,-45.239196532316,0,25,25,25,5,-45.239196532316
01-Aug-2026 01:00:46,-173.337361656014,-45.2303747094983,0,24,24,24,5,-45.2303747094983
01-Aug-2026 01:00:48,-173.669003427193,-45.5620164806767,0,23,23,23,5,-45.5620164806767
01-Aug-2026 01:00:50,-173.590517723349,-45.4835307768332,0,23,23,23,6,-45.4835307768332
01-Aug-2026 01:00:52,-173.073758337698,-44.9667713911821,0,22,22,22,7,-44.9667713911821
01-Aug-2026 01:00:54,-173.265445472723,-45.1584585262073,0,22,22,22,7,-45.1584585262073
01-Aug-2026 01:00:56,-173.770283383698,-45.6632964371822,0,22,22,22,8,-45.6632964371822
01-Aug-2026 01:00:58,-173.395813707702,-45.2888267611859,0,22,22,22,8,-45.2888267611859
01-Aug-2026 01:01:00,-158.519599741596,-30.4126127950805,0,23,23,23,8,-30.4126127950805
01-Aug-2026 01:01:02,-159.073313946534,-30.9663270000178,0,23,23,23,8,-30.9663270000178
01-Aug-2026 01:01:04,-182.937609354579,-54.8306224080634,0,23,23,23,6,-54.8306224080634
01-Aug-2026 01:01:06,-183.106548679727,-54.9995617332116,0,23,23,23,4,-54.9995617332116
01-Aug-2026 01:01:08,-183.072169282034,-54.9651823355179,0,24,24,24,4,-54.9651823355179
01-Aug-2026 01:01:10,-183.117929981984,-55.0109430354681,0,24,24,24,4,-55.0109430354681
01-Aug-2026 01:01:12,-183.171275888047,-55.0642889415314,0,23,23,23,4,-55.0642889415314
01-Aug-2026 01:01:14,-183.215887586844,-55.1089006403278,0,23,23,23,4,-55.1089006403278
01-Aug-2026 01:01:16,-182.631187619267,-54.5242006727516,0,23,23,23,4,-54.5242006727516
01-Aug-2026 01:01:18,-182.481352591407,-54.3743656448915,0,23,23,23,4,-54.3743656448915
01-Aug-2026 01:01:20,-183.040767173045,-54.9337802265293,0,23,23,23,4,-54.9337802265293
01-Aug-2026 01:01:22,-183.125459931507,-55.0184729849915,0,23,23,23,4,-55.0184729849915
01-Aug-2026 01:01:24,-183.111173696492,-55.0041867499757,0,22,22,22,4,-55.0041867499757
01-Aug-2026 01:01:26,-182.791047650926,-54.6840607044105,0,22,22,22,4,-54.6840607044105
01-Aug-2026 01:01:28,-182.817084217421,-54.7100972709053,0,22,22,22,4,-54.7100972709053
01-Aug-2026 01:01:30,-183.105940739325,-54.9989537928088,0,22,22,22,4,-54.9989537928088
01-Aug-2026 01:01:32,-183.053036595507,-54.9460496489912,0,22,22,22,4,-54.9460496489912
01-Aug-2026 01:01:34,-183.108219243709,-55.0012322971926,0,22,22,22,4,-55.0012322971926
01-Aug-2026 01:01:36,-182.888483096774,-54.7814961502582,0,22,22,22,4,-54.7814961502582
01-Aug-2026 01:01:38,-182.800457495307,-54.6934705487907,0,22,22,22,4,-54.6934705487907
01-Aug-2026 01:01:40,-187.9907056653,-59.8837187187841,0,22,22,22,3,-59.8837187187841
01-Aug-2026 01:01:42,-189.931908399922,-61.8249214534066,0,22,22,22,2,-61.8249214534066
01-Aug-2026 01:01:44,-179.746955189847,-51.6399682433315,0,22,22,22,3,-51.6399682433315
01-Aug-2026 01:01:46,-179.882676187115,-51.7756892405987,0,22,22,22,4,-51.7756892405987
01-Aug-2026 01:01:48,-179.073111708947,-50.9661247624309,0,23,23,23,4,-50.9661247624309
01-Aug-2026 01:01:50,-188.524097609535,-60.4171106630191,0,23,23,23,3,-60.4171106630191
01-Aug-2026 01:01:52,-188.773694995085,-60.6667080485688,0,23,23,23,3,-60.6667080485688
01-Aug-2026 01:01:54,-192.971385850465,-64.8643989039489,0,23,23,23,2,-64.8643989039489
01-Aug-2026 01:01:56,-192.941667540365,-64.8346805938489,0,23,23,23,2,-64.8346805938489
01-Aug-2026 01:01:58,-192.820543917383,-64.7135569708673,0,23,23,23,2,-64.7135569708673
01-Aug-2026 01:02:00,-184.476604589382,-56.3696176428659,0,23,23,23,3,-56.3696176428659
01-Aug-2026 01:02:02,-176.734697273633,-48.6277103271173,0,22,22,22,3,-48.6277103271173
01-Aug-2026 01:02:04,-176.782433302054,-48.6754463555386,0,22,22,22,3,-48.6754463555386
01-Aug-2026 01:02:06,-177.207729885117,-49.1007429386007,0,22,22,22,2,-49.1007429386007
01-Aug-2026 01:02:08,-177.115433393556,-49.0084464470405,0,22,22,22,2,-49.0084464470405
01-Aug-2026 01:02:10,-176.556495311753,-48.4495083652375,0,22,22,22,3,-48.4495083652375
01-Aug-2026 01:02:12,-176.830019506862,-48.723032560346,0,22,22,22,3,-48.723032560346
01-Aug-2026 01:02:14,-176.517400669123,-48.4104137226067,0,22,22,22,3,-48.4104137226067
01-Aug-2026 01:02:16,-175.534510178391,-47.4275232318754,0,22,22,22,4,-47.4275232318754
01-Aug-2026 01:02:18,-175.696784056501,-47.5897971099848,0,22,22,22,3,-47.5897971099848
01-Aug-2026 01:02:20,-160.51600231214,-32.4090153656244,0,22,22,22,4,-32.4090153656244
01-Aug-2026 01:02:22,-160.162694004756,-32.0557070582404,0,22,22,22,4,-32.0557070582404
01-Aug-2026 01:02:24,-159.899246543206,-31.7922595966903,0,24,24,24,4,-31.7922595966903
01-Aug-2026 01:02:26,-159.847711202262,-31.7407242557461,0,24,24,24,4,-31.7407242557461
01-Aug-2026 01:02:28,-158.949354035061,-30.8423670885452,0,24,24,24,5,-30.8423670885452
01-Aug-2026 01:02:30,-158.894959819248,-30.7879728727324,0,24,24,24,4,-30.7879728727324
01-Aug-2026 01:02:32,-159.392958793107,-31.2859718465908,0,24,24,24,3,-31.2859718465908
01-Aug-2026 01:02:34,-159.235332173691,-31.1283452271753,0,23,23,23,3,-31.1283452271753
01-Aug-2026 01:02:36,-159.209940390993,-31.1029534444768,0,23,23,23,3,-31.1029534444768
01-Aug-2026 01:02:38,-159.276434667022,-31.1694477205066,0,23,23,23,3,-31.1694477205066
01-Aug-2026 01:02:40,-159.169038203072,-31.062051256556,0,23,23,23,4,-31.062051256556
01-Aug-2026 01:02:42,-159.591858342339,-31.4848713958234,0,23,23,23,4,-31.4848713958234
01-Aug-2026 01:02:44,-159.156562910276,-31.0495759637598,0,23,23,23,4,-31.0495759637598
01-Aug-2026 01:02:46,-159.330572746335,-31.2235857998187,0,23,23,23,3,-31.2235857998187
01-Aug-2026 01:02:48,-158.603742846779,-30.4967559002627,0,25,25,25,3,-30.4967559002627
01-Aug-2026 01:02:50,-148.44570742311,-20.338720476594,0,26,26,26,4,-20.338720476594
01-Aug-2026 01:02:52,-149.024595113872,-20.9176081673565,0,26,26,26,5,-20.9176081673565
01-Aug-2026 01:02:54,-150.655129627802,-22.548142681286,0,26,26,26,6,-22.548142681286
01-Aug-2026 01:02:56,-159.183998584757,-31.0770116382409,0,26,26,26,5,-31.0770116382409
01-Aug-2026 01:02:58,-159.346575136827,-31.2395881903108,0,26,26,26,4,-31.2395881903108
01-Aug-2026 01:03:00,-158.904501438532,-30.7975144920159,0,25,25,25,3,-30.7975144920159
01-Aug-2026 01:03:02,-157.994320846871,-29.8873339003552,0,25,25,25,3,-29.8873339003552
01-Aug-2026 01:03:04,-157.902918009669,-29.7959310631534,0,25,25,25,3,-29.7959310631534
01-Aug-2026 01:03:06,-183.294606217007,-55.1876192704914,0,25,25,25,2,-55.1876192704914
01-Aug-2026 01:03:08,-183.165069278194,-55.0580823316782,0,25,25,25,3,-55.0580823316782
01-Aug-2026 01:03:10,-183.2938006918,-55.1868137452838,0,25,25,25,3,-55.1868137452838
01-Aug-2026 01:03:12,-184.681580676702,-56.5745937301859,0,25,25,25,2,-56.5745937301859
01-Aug-2026 01:03:14,-184.764131620708,-56.657144674192,0,25,25,25,2,-56.657144674192
01-Aug-2026 01:03:16,-185.001605174355,-56.8946182278387,0,25,25,25,2,-56.8946182278387
01-Aug-2026 01:03:18,-158.84301824124,-30.7360312947243,0,25,25,25,3,-30.7360312947243
01-Aug-2026 01:03:20,-158.591549197564,-30.4845622510485,0,26,26,26,3,-30.4845622510485
01-Aug-2026 01:03:22,-158.832393949594,-30.7254070030778,0,26,26,26,3,-30.7254070030778
01-Aug-2026 01:03:24,-157.839026461253,-29.7320395147375,0,26,26,26,3,-29.7320395147375
01-Aug-2026 01:03:26,-157.190473945876,-29.0834869993597,0,26,26,26,3,-29.0834869993597
01-Aug-2026 01:03:28,-157.202897520054,-29.0959105735378,0,26,26,26,2,-29.0959105735378
01-Aug-2026 01:03:30,-156.690688939939,-28.5837019934233,0,26,26,26,2,-28.5837019934233
01-Aug-2026 01:03:32,-187.770163533546,-59.6631765870297,0,26,26,26,1,-59.6631765870297
01-Aug-2026 01:03:34,-183.101917158774,-54.9949302122579,0,26,26,26,3,-54.9949302122579
01-Aug-2026 01:03:36,-182.906029231828,-54.7990422853118,0,26,26,26,3,-54.7990422853118
01-Aug-2026 01:03:38,-183.262296903556,-55.1553099570404,0,26,26,26,3,-55.1553099570404
01-Aug-2026 01:03:40,-165.607719087717,-37.5007321412014,0,25,25,25,4,-37.5007321412014
01-Aug-2026 01:03:42,-166.781431580542,-38.6744446340265,0,25,25,25,4,-38.6744446340265
01-Aug-2026 01:03:44,-168.108729262899,-40.0017423163831,0,25,25,25,4,-40.0017423163831
01-Aug-2026 01:03:46,-169.011335700761,-40.9043487542451,0,25,25,25,4,-40.9043487542451
01-Aug-2026 01:03:48,-169.76005895646,-41.6530720099444,0,25,25,25,4,-41.6530720099444
01-Aug-2026 01:03:50,-170.853050593556,-42.7460636470406,0,25,25,25,4,-42.7460636470406
01-Aug-2026 01:03:52,-170.807874245041,-42.7008872985247,0,25,25,25,5,-42.7008872985247
01-Aug-2026 01:03:54,-171.509186926888,-43.402199980372,0,25,25,25,5,-43.402199980372
01-Aug-2026 01:03:56,-171.292910414388,-43.185923467872,0,25,25,25,5,-43.185923467872
01-Aug-2026 01:03:58,-170.311147848412,-42.2041609018963,0,25,25,25,6,-42.2041609018963
01-Aug-2026 01:04:00,-168.264342505922,-40.1573555594064,0,25,25,25,5,-40.1573555594064
01-Aug-2026 01:04:02,-162.546225335764,-34.4392383892477,0,25,25,25,6,-34.4392383892477
01-Aug-2026 01:04:04,-162.976492593237,-34.8695056467213,0,25,25,25,6,-34.8695056467213
01-Aug-2026 01:04:06,-169.092144855755,-40.985157909239,0,25,25,25,4,-40.985157909239
01-Aug-2026 01:04:08,-169.059648003232,-40.9526610567159,0,25,25,25,4,-40.9526610567159
01-Aug-2026 01:04:10,-185.790870173265,-57.6838832267496,0,25,25,25,3,-57.6838832267496
01-Aug-2026 01:04:12,-178.03667336974,-49.9296864232243,0,24,24,24,4,-49.9296864232243
01-Aug-2026 01:04:14,-186.270226793773,-58.163239847257,0,24,24,24,3,-58.163239847257
01-Aug-2026 01:04:16,-186.458154449413,-58.3511675028968,0,24,24,24,3,-58.3511675028968
01-Aug-2026 01:04:18,-190.019070181977,-61.9120832354609,0,24,24,24,2,-61.9120832354609
01-Aug-2026 01:04:20,-189.318194834463,-61.2112078879473,0,24,24,24,3,-61.2112078879473
01-Aug-2026 01:04:22,-189.66179914861,-61.554812202094,0,24,24,24,3,-61.554812202094
01-Aug-2026 01:04:24,-162.534293187969,-34.4273062414536,0,24,24,24,4,-34.4273062414536
01-Aug-2026 01:04:26,-161.874753181807,-33.767766235291,0,25,25,25,4,-33.767766235291
01-Aug-2026 01:04:28,-161.568924374462,-33.4619374279465,0,25,25,25,4,-33.4619374279465
01-Aug-2026 01:04:30,-161.347788962088,-33.2408020155718,0,25,25,25,4,-33.2408020155718
01-Aug-2026 01:04:32,-161.301861326184,-33.1948743796678,0,25,25,25,4,-33.1948743796678
01-Aug-2026 01:04:34,-161.765316632451,-33.6583296859348,0,23,23,23,4,-33.6583296859348
01-Aug-2026 01:04:36,-161.880344098277,-33.7733571517615,0,22,22,22,3,-33.7733571517615
01-Aug-2026 01:04:38,-162.155683908183,-34.0486969616672,0,22,22,22,3,-34.0486969616672
01-Aug-2026 01:04:40,-161.374836445128,-33.2678494986117,0,22,22,22,2,-33.2678494986117
01-Aug-2026 01:04:42,-160.827845596535,-32.7208586500191,0,22,22,22,3,-32.7208586500191
01-Aug-2026 01:04:44,-151.209850536241,-23.1028635897255,0,22,22,22,5,-23.1028635897255
01-Aug-2026 01:04:46,-151.28507025427,-23.1780833077538,0,22,22,22,6,-23.1780833077538
01-Aug-2026 01:04:48,-150.878014113925,-22.7710271674089,0,22,22,22,6,-22.7710271674089
01-Aug-2026 01:04:50,-182.913581571686,-54.8065946251705,0,22,22,22,5,-54.8065946251705
01-Aug-2026 01:04:52,-182.972609276234,-54.8656223297177,0,22,22,22,5,-54.8656223297177
01-Aug-2026 01:04:54,-182.670735164269,-54.563748217753,0,22,22,22,5,-54.563748217753
01-Aug-2026 01:04:56,-165.856422183446,-37.7494352369302,0,23,23,23,7,-37.7494352369302
01-Aug-2026 01:04:58,-166.060843207405,-37.9538562608886,0,24,24,24,6,-37.9538562608886
01-Aug-2026 01:05:00,-166.172465939781,-38.0654789932649,0,24,24,24,6,-38.0654789932649
01-Aug-2026 01:05:02,-166.690183233826,-38.5831962873105,0,23,23,23,6,-38.5831962873105
01-Aug-2026 01:05:04,-165.985688385622,-37.878701439106,0,23,23,23,5,-37.878701439106
01-Aug-2026 01:05:06,-164.243985797872,-36.1369988513561,0,23,23,23,6,-36.1369988513561
01-Aug-2026 01:05:08,-164.137731874261,-36.030744927745,0,23,23,23,7,-36.030744927745
01-Aug-2026 01:05:10,-163.586809428044,-35.4798224815277,0,22,22,22,7,-35.4798224815277
01-Aug-2026 01:05:12,-156.301973507298,-28.1949865607821,0,22,22,22,7,-28.1949865607821
01-Aug-2026 01:05:14,-157.379062507169,-29.272075560653,0,22,22,22,7,-29.272075560653
01-Aug-2026 01:05:16,-157.104780967507,-28.9977940209907,0,22,22,22,7,-28.9977940209907
01-Aug-2026 01:05:18,-157.275403221552,-29.1684162750363,0,22,22,22,8,-29.1684162750363
01-Aug-2026 01:05:20,-156.538026004024,-28.4310390575078,0,22,22,22,7,-28.4310390575078
01-Aug-2026 01:05:22,-155.807724542846,-27.7007375963297,0,22,22,22,9,-27.7007375963297
01-Aug-2026 01:05:24,-155.655668624174,-27.5486816776584,0,22,22,22,9,-27.5486816776584
01-Aug-2026 01:05:26,-166.885451482371,-38.778464535855,0,22,22,22,7,-38.778464535855
01-Aug-2026 01:05:28,-167.283636414598,-39.1766494680816,0,22,22,22,7,-39.1766494680816
01-Aug-2026 01:05:30,-167.196262270986,-39.08927532447,0,22,22,22,6,-39.08927532447
01-Aug-2026 01:05:32,-167.267347644006,-39.1603606974899,0,22,22,22,6,-39.1603606974899
01-Aug-2026 01:05:34,-167.053896743115,-38.9469097965991,0,23,23,23,5,-38.9469097965991
01-Aug-2026 01:05:36,-169.558605479253,-41.4516185327372,0,23,23,23,4,-41.4516185327372
01-Aug-2026 01:05:38,-169.669635674742,-41.5626487282258,0,23,23,23,3,-41.5626487282258
01-Aug-2026 01:05:40,-169.522854756013,-41.4158678094975,0,23,23,23,3,-41.4158678094975
01-Aug-2026 01:05:42,-169.708473851756,-41.6014869052403,0,23,23,23,4,-41.6014869052403
01-Aug-2026 01:05:44,-169.662704626656,-41.5557176801398,0,23,23,23,4,-41.5557176801398
01-Aug-2026 01:05:46,-169.481061915491,-41.3740749689748,0,23,23,23,4,-41.3740749689748
01-Aug-2026 01:05:48,-169.542636426045,-41.435649479529,0,23,23,23,4,-41.435649479529
01-Aug-2026 01:05:50,-169.116892004911,-41.0099050583956,0,23,23,23,4,-41.0099050583956
01-Aug-2026 01:05:52,-168.850451903377,-40.7434649568609,0,22,22,22,4,-40.7434649568609
01-Aug-2026 01:05:54,-169.227787976559,-41.1208010300431,0,22,22,22,4,-41.1208010300431
01-Aug-2026 01:05:56,-169.643131352052,-41.536144405536,0,22,22,22,3,-41.536144405536
01-Aug-2026 01:05:58,-169.716242368297,-41.6092554217811,0,22,22,22,3,-41.6092554217811
01-Aug-2026 01:06:00,-168.996444850112,-40.8894579035963,0,22,22,22,3,-40.8894579035963
01-Aug-2026 01:06:02,-181.882401130431,-53.7754141839148,0,22,22,22,2,-53.7754141839148
01-Aug-2026 01:06:04,-181.866365936659,-53.7593789901435,0,22,22,22,2,-53.7593789901435
01-Aug-2026 01:06:06,-192.414849041086,-64.3078620945704,0,22,22,22,1,-64.3078620945704
01-Aug-2026 01:06:08,-192.431663391357,-64.324676444841,0,22,22,22,1,-64.324676444841
01-Aug-2026 01:06:10,-192.518467248568,-64.4114803020518,0,22,22,22,1,-64.4114803020518
01-Aug-2026 01:06:12,-192.489292371174,-64.3823054246585,0,23,23,23,1,-64.3823054246585
01-Aug-2026 01:06:14,-190.687475234485,-62.5804882879691,0,24,24,24,2,-62.5804882879691
01-Aug-2026 01:06:16,-190.679142164012,-62.5721552174961,0,24,24,24,2,-62.5721552174961
01-Aug-2026 01:06:18,-190.516867922882,-62.4098809763658,0,24,24,24,2,-62.4098809763658
01-Aug-2026 01:06:20,-190.941885768813,-62.8348988222971,0,24,24,24,2,-62.8348988222971
01-Aug-2026 01:06:22,-199.064626160532,-70.9576392140165,0,24,24,24,1,-70.9576392140165
01-Aug-2026 01:06:24,-192.436645461346,-64.3296585148302,0,24,24,24,2,-64.3296585148302
01-Aug-2026 01:06:26,-193.142285609659,-65.0352986631428,0,24,24,24,2,-65.0352986631428
01-Aug-2026 01:06:28,-198.676658625492,-70.569671678976,0,23,23,23,1,-70.569671678976
01-Aug-2026 01:06:30,-196.955863722541,-68.8488767760253,0,23,23,23,1,-68.8488767760253
01-Aug-2026 01:06:32,-172.04489786187,-43.9379109153546,0,24,24,24,2,-43.9379109153546
01-Aug-2026 01:06:34,-172.348429968808,-44.2414430222923,0,24,24,24,2,-44.2414430222923
01-Aug-2026 01:06:36,-171.514661780154,-43.4076748336384,0,24,24,24,2,-43.4076748336384
01-Aug-2026 01:06:38,-167.31406628656,-39.2070793400443,0,26,26,26,3,-39.2070793400443
01-Aug-2026 01:06:40,-167.455830075219,-39.3488431287028,0,26,26,26,3,-39.3488431287028
01-Aug-2026 01:06:42,-167.857918205576,-39.7509312590605,0,26,26,26,3,-39.7509312590605
01-Aug-2026 01:06:44,-168.18131674182,-40.0743297953045,0,26,26,26,4,-40.0743297953045
01-Aug-2026 01:06:46,-168.131984385728,-40.0249974392125,0,26,26,26,4,-40.0249974392125
01-Aug-2026 01:06:48,-167.965515753874,-39.8585288073585,0,26,26,26,5,-39.8585288073585
01-Aug-2026 01:06:50,-167.657677137953,-39.5506901914374,0,26,26,26,5,-39.5506901914374
01-Aug-2026 01:06:52,-167.254340925204,-39.1473539786884,0,25,25,25,5,-39.1473539786884
01-Aug-2026 01:06:54,-167.485987182723,-39.3790002362075,0,25,25,25,5,-39.3790002362075
01-Aug-2026 01:06:56,-166.591561094902,-38.4845741483857,0,25,25,25,6,-38.4845741483857
01-Aug-2026 01:06:58,-166.453674579699,-38.3466876331827,0,25,25,25,6,-38.3466876331827
01-Aug-2026 01:07:00,-167.348485895428,-39.2414989489124,0,25,25,25,5,-39.2414989489124
01-Aug-2026 01:07:02,-167.614281933827,-39.5072949873109,0,25,25,25,4,-39.5072949873109
01-Aug-2026 01:07:04,-167.566402635553,-39.4594156890375,0,25,25,25,5,-39.4594156890375
01-Aug-2026 01:07:06,-166.194525753875,-38.0875388073596,0,25,25,25,5,-38.0875388073596
01-Aug-2026 01:07:08,-166.263167515718,-38.1561805692019,0,25,25,25,5,-38.1561805692019
01-Aug-2026 01:07:10,-166.228912179685,-38.1219252331695,0,26,26,26,5,-38.1219252331695
01-Aug-2026 01:07:12,-166.369461190561,-38.2624742440448,0,26,26,26,6,-38.2624742440448
01-Aug-2026 01:07:14,-166.473901122225,-38.3669141757092,0,26,26,26,6,-38.3669141757092
01-Aug-2026 01:07:16,-168.62305437573,-40.5160674292139,0,26,26,26,5,-40.5160674292139
01-Aug-2026 01:07:18,-168.561015938426,-40.4540289919101,0,26,26,26,5,-40.4540289919101
01-Aug-2026 01:07:20,-168.376553727718,-40.2695667812018,0,26,26,26,5,-40.2695667812018
01-Aug-2026 01:07:22,-168.334795163933,-40.2278082174167,0,26,26,26,5,-40.2278082174167
01-Aug-2026 01:07:24,-167.543949099957,-39.4369621534411,0,26,26,26,6,-39.4369621534411
01-Aug-2026 01:07:26,-167.128010090221,-39.0210231437053,0,26,26,26,6,-39.0210231437053
01-Aug-2026 01:07:28,-166.897978153611,-38.7909912070947,0,25,25,25,6,-38.7909912070947
01-Aug-2026 01:07:30,-166.392564271981,-38.2855773254651,0,25,25,25,6,-38.2855773254651
01-Aug-2026 01:07:32,-165.592242509214,-37.4852555626985,0,25,25,25,7,-37.4852555626985
01-Aug-2026 01:07:34,-165.192773862709,-37.0857869161932,0,25,25,25,7,-37.0857869161932
01-Aug-2026 01:07:36,-164.704584912499,-36.5975979659836,0,25,25,25,6,-36.5975979659836
01-Aug-2026 01:07:38,-164.945887351782,-36.8389004052664,0,25,25,25,6,-36.8389004052664
01-Aug-2026 01:07:40,-164.817490537444,-36.7105035909283,0,25,25,25,6,-36.7105035909283
01-Aug-2026 01:07:42,-164.953241481758,-36.8462545352418,0,25,25,25,6,-36.8462545352418
01-Aug-2026 01:07:44,-164.997496917124,-36.8905099706078,0,25,25,25,6,-36.8905099706078
01-Aug-2026 01:07:46,-164.926744541042,-36.8197575945266,0,25,25,25,6,-36.8197575945266
01-Aug-2026 01:07:48,-164.334096159496,-36.2271092129798,0,25,25,25,5,-36.2271092129798
01-Aug-2026 01:07:50,-164.482059473616,-36.3750725271001,0,25,25,25,6,-36.3750725271001
01-Aug-2026 01:07:52,-163.137162482034,-35.0301755355186,0,25,25,25,7,-35.0301755355186
01-Aug-2026 01:07:54,-163.716827422094,-35.6098404755784,0,25,25,25,6,-35.6098404755784
01-Aug-2026 01:07:56,-163.595801219221,-35.4888142727049,0,25,25,25,7,-35.4888142727049
01-Aug-2026 01:07:58,-163.616730519832,-35.5097435733166,0,25,25,25,7,-35.5097435733166
01-Aug-2026 01:08:00,-156.831693214261,-28.7247062677449,0,25,25,25,9,-28.7247062677449
01-Aug-2026 01:08:02,-155.501615518378,-27.3946285718621,0,24,24,24,8,-27.3946285718621
01-Aug-2026 01:08:04,-155.615594408344,-27.5086074618278,0,24,24,24,7,-27.5086074618278
01-Aug-2026 01:08:06,-154.959557136557,-26.8525701900415,0,24,24,24,7,-26.8525701900415
01-Aug-2026 01:08:08,-155.285919873955,-27.1789329274392,0,24,24,24,6,-27.1789329274392
01-Aug-2026 01:08:10,-155.685562972289,-27.5785760257736,0,24,24,24,7,-27.5785760257736
01-Aug-2026 01:08:12,-155.265595646903,-27.1586087003874,0,24,24,24,6,-27.1586087003874
01-Aug-2026 01:08:14,-154.752932041452,-26.6459450949364,0,24,24,24,6,-26.6459450949364
01-Aug-2026 01:08:16,-154.516053548112,-26.4090666015961,0,24,24,24,7,-26.4090666015961
01-Aug-2026 01:08:18,-154.718569639733,-26.6115826932171,0,24,24,24,5,-26.6115826932171
01-Aug-2026 01:08:20,-162.429884416316,-34.3228974698002,0,24,24,24,5,-34.3228974698002
01-Aug-2026 01:08:22,-157.26921165156,-29.1622247050446,0,23,23,23,5,-29.1622247050446
01-Aug-2026 01:08:24,-158.574221473976,-30.4672345274603,0,23,23,23,4,-30.4672345274603
01-Aug-2026 01:08:26,-158.733725728752,-30.6267387822366,0,22,22,22,4,-30.6267387822366
01-Aug-2026 01:08:28,-158.239150808438,-30.1321638619223,0,22,22,22,4,-30.1321638619223
01-Aug-2026 01:08:30,-169.932698845615,-41.8257118990995,0,22,22,22,3,-41.8257118990995
01-Aug-2026 01:08:32,-181.176023093078,-53.0690361465626,0,22,22,22,2,-53.0690361465626
01-Aug-2026 01:08:34,-181.273292977023,-53.1663060305073,0,22,22,22,2,-53.1663060305073
01-Aug-2026 01:08:36,-180.574730954396,-52.4677440078796,0,22,22,22,3,-52.4677440078796
01-Aug-2026 01:08:38,-185.79836285928,-57.691375912764,0,22,22,22,3,-57.691375912764
01-Aug-2026 01:08:40,-185.650546982525,-57.5435600360093,0,22,22,22,3,-57.5435600360093
01-Aug-2026 01:08:42,-185.362637964833,-57.2556510183173,0,22,22,22,3,-57.2556510183173
01-Aug-2026 01:08:44,-184.454189923075,-56.3472029765595,0,22,22,22,4,-56.3472029765595
01-Aug-2026 01:08:46,-175.967716240154,-47.8607292936385,0,22,22,22,5,-47.8607292936385
01-Aug-2026 01:08:48,-177.253343085971,-49.1463561394548,0,23,23,23,5,-49.1463561394548
01-Aug-2026 01:08:50,-177.196384830221,-49.0893978837051,0,24,24,24,5,-49.0893978837051
01-Aug-2026 01:08:52,-177.35013945328,-49.2431525067643,0,24,24,24,5,-49.2431525067643
01-Aug-2026 01:08:54,-177.851543249244,-49.7445563027285,0,22,22,22,4,-49.7445563027285
01-Aug-2026 01:08:56,-176.815871923716,-48.7088849771998,0,22,22,22,4,-48.7088849771998
01-Aug-2026 01:08:58,-176.418326761166,-48.3113398146501,0,22,22,22,4,-48.3113398146501
01-Aug-2026 01:09:00,-175.635782439938,-47.5287954934218,0,22,22,22,4,-47.5287954934218
01-Aug-2026 01:09:02,-175.655583515735,-47.5485965692195,0,22,22,22,4,-47.5485965692195
01-Aug-2026 01:09:04,-174.758568153046,-46.6515812065306,0,22,22,22,4,-46.6515812065306
01-Aug-2026 01:09:06,-174.319264075334,-46.2122771288185,0,22,22,22,4,-46.2122771288185
01-Aug-2026 01:09:08,-174.375738474215,-46.2687515276995,0,22,22,22,4,-46.2687515276995
01-Aug-2026 01:09:10,-174.187300038529,-46.0803130920131,0,22,22,22,4,-46.0803130920131
01-Aug-2026 01:09:12,-170.120147811536,-42.0131608650204,0,22,22,22,5,-42.0131608650204
01-Aug-2026 01:09:14,-170.007994279786,-41.9010073332705,0,22,22,22,5,-41.9010073332705
01-Aug-2026 01:09:16,-169.857966192187,-41.7509792456715,0,22,22,22,7,-41.7509792456715
01-Aug-2026 01:09:18,-170.112199220909,-42.0052122743932,0,23,23,23,7,-42.0052122743932
01-Aug-2026 01:09:20,-170.180519056843,-42.0735321103268,0,23,23,23,6,-42.0735321103268
01-Aug-2026 01:09:22,-157.538436145592,-29.431449199076,0,23,23,23,7,-29.431449199076
01-Aug-2026 01:09:24,-157.237137894885,-29.1301509483691,0,23,23,23,7,-29.1301509483691
01-Aug-2026 01:09:26,-157.285452460413,-29.1784655138967,0,23,23,23,8,-29.1784655138967
01-Aug-2026 01:09:28,-157.405401132119,-29.2984141856036,0,23,23,23,8,-29.2984141856036
01-Aug-2026 01:09:30,-156.932950336758,-28.8259633902423,0,23,23,23,7,-28.8259633902423
01-Aug-2026 01:09:32,-156.121954210684,-28.0149672641681,0,23,23,23,7,-28.0149672641681
01-Aug-2026 01:09:34,-155.846984092756,-27.7399971462403,0,23,23,23,8,-27.7399971462403
01-Aug-2026 01:09:36,-155.186026236743,-27.0790392902267,0,23,23,23,7,-27.0790392902267
01-Aug-2026 01:09:38,-154.740169183685,-26.6331822371693,0,23,23,23,7,-26.6331822371693
01-Aug-2026 01:09:40,-154.451567117853,-26.3445801713368,0,23,23,23,8,-26.3445801713368
01-Aug-2026 01:09:42,-151.40230959839,-23.2953226518744,0,22,22,22,7,-23.2953226518744
01-Aug-2026 01:09:44,-151.032089974717,-22.9251030282007,0,22,22,22,7,-22.9251030282007
01-Aug-2026 01:09:46,-151.135439045942,-23.0284520994263,0,22,22,22,7,-23.0284520994263
01-Aug-2026 01:09:48,-150.734155952772,-22.6271690062558,0,22,22,22,7,-22.6271690062558
01-Aug-2026 01:09:50,-150.491432892372,-22.3844459458565,0,22,22,22,6,-22.3844459458565
01-Aug-2026 01:09:52,-150.602426803467,-22.4954398569509,0,22,22,22,5,-22.4954398569509
01-Aug-2026 01:09:54,-155.721478421742,-27.6144914752263,0,22,22,22,4,-27.6144914752263
01-Aug-2026 01:09:56,-153.93330204642,-25.8263150999037,0,22,22,22,5,-25.8263150999037
01-Aug-2026 01:09:58,-153.514422955955,-25.4074360094389,0,22,22,22,5,-25.4074360094389
01-Aug-2026 01:10:00,-153.900150825728,-25.7931638792121,0,23,23,23,5,-25.7931638792121
01-Aug-2026 01:10:02,-153.751273451415,-25.6442865048988,0,23,23,23,5,-25.6442865048988
01-Aug-2026 01:10:04,-154.433989011033,-26.3270020645174,0,23,23,23,4,-26.3270020645174
01-Aug-2026 01:10:06,-154.629734721656,-26.5227477751405,0,24,24,24,5,-26.5227477751405
01-Aug-2026 01:10:08,-155.294743070157,-27.187756123641,0,24,24,24,6,-27.187756123641
01-Aug-2026 01:10:10,-156.14219760449,-28.0352106579737,0,24,24,24,7,-28.0352106579737
01-Aug-2026 01:10:12,-157.590238142194,-29.4832511956782,0,24,24,24,7,-29.4832511956782
01-Aug-2026 01:10:14,-157.342691571179,-29.235704624663,0,25,25,25,7,-29.235704624663
01-Aug-2026 01:10:16,-157.85128291674,-29.7442959702237,0,25,25,25,8,-29.7442959702237
01-Aug-2026 01:10:18,-159.264350583312,-31.1573636367959,0,25,25,25,8,-31.1573636367959
01-Aug-2026 01:10:20,-160.121053445284,-32.0140664987681,0,25,25,25,7,-32.0140664987681
01-Aug-2026 01:10:22,-158.343744593394,-30.2367576468777,0,24,24,24,8,-30.2367576468777
01-Aug-2026 01:10:24,-158.469493984994,-30.3625070384781,0,24,24,24,9,-30.3625070384781
01-Aug-2026 01:10:26,-158.687380241572,-30.5803932950561,0,24,24,24,8,-30.5803932950561
01-Aug-2026 01:10:28,-159.4800304278,-31.3730434812837,0,26,26,26,9,-31.3730434812837
01-Aug-2026 01:10:30,-159.678526272629,-31.5715393261135,0,26,26,26,9,-31.5715393261135
01-Aug-2026 01:10:32,-159.694277656175,-31.5872907096591,0,26,26,26,9,-31.5872907096591
01-Aug-2026 01:10:34,-161.173027731079,-33.0660407845635,0,26,26,26,10,-33.0660407845635
01-Aug-2026 01:10:36,-159.818261223634,-31.7112742771185,0,26,26,26,11,-31.7112742771185
01-Aug-2026 01:10:38,-161.861815591136,-33.7548286446201,0,26,26,26,10,-33.7548286446201
01-Aug-2026 01:10:40,-161.490462439118,-33.3834754926021,0,26,26,26,9,-33.3834754926021
01-Aug-2026 01:10:42,-161.47134589129,-33.3643589447746,0,25,25,25,9,-33.3643589447746
01-Aug-2026 01:10:44,-162.573261994864,-34.4662750483477,0,25,25,25,6,-34.4662750483477
01-Aug-2026 01:10:46,-162.21084977683,-34.1038628303145,0,25,25,25,6,-34.1038628303145
01-Aug-2026 01:10:48,-162.138639705451,-34.0316527589355,0,25,25,25,6,-34.0316527589355
01-Aug-2026 01:10:50,-162.421504304357,-34.314517357841,0,25,25,25,6,-34.314517357841
01-Aug-2026 01:10:52,-162.657538551651,-34.5505516051347,0,25,25,25,6,-34.5505516051347
01-Aug-2026 01:10:54,-163.343723540229,-35.2367365937128,0,25,25,25,6,-35.2367365937128
01-Aug-2026 01:10:56,-161.216989625664,-33.1100026791486,0,25,25,25,7,-33.1100026791486
01-Aug-2026 01:10:58,-160.961333575541,-32.8543466290256,0,26,26,26,7,-32.8543466290256
01-Aug-2026 01:11:00,-159.634018302968,-31.5270313564525,0,26,26,26,5,-31.5270313564525
01-Aug-2026 01:11:02,-159.59118196488,-31.4841950183638,0,26,26,26,5,-31.4841950183638
01-Aug-2026 01:11:04,-158.458440165683,-30.3514532191673,0,26,26,26,5,-30.3514532191673
01-Aug-2026 01:11:06,-158.18712260743,-30.0801356609138,0,26,26,26,5,-30.0801356609138
01-Aug-2026 01:11:08,-156.854826397099,-28.7478394505832,0,26,26,26,5,-28.7478394505832
01-Aug-2026 01:11:10,-156.241848567324,-28.134861620808,0,26,26,26,5,-28.134861620808
01-Aug-2026 01:11:12,-166.547445131505,-38.4404581849889,0,26,26,26,4,-38.4404581849889
01-Aug-2026 01:11:14,-167.408380052383,-39.3013931058675,0,26,26,26,3,-39.3013931058675
01-Aug-2026 01:11:16,-167.764269336127,-39.6572823896108,0,25,25,25,2,-39.6572823896108
01-Aug-2026 01:11:18,-167.230582195442,-39.1235952489266,0,25,25,25,3,-39.1235952489266
01-Aug-2026 01:11:20,-167.73739905308,-39.6304121065641,0,25,25,25,3,-39.6304121065641
01-Aug-2026 01:11:22,-167.397108741417,-39.2901217949012,0,25,25,25,4,-39.2901217949012
01-Aug-2026 01:11:24,-166.393230959323,-38.2862440128074,0,25,25,25,5,-38.2862440128074
01-Aug-2026 01:11:26,-166.222264919145,-38.1152779726289,0,25,25,25,5,-38.1152779726289
01-Aug-2026 01:11:28,-161.372992628866,-33.2660056823497,0,25,25,25,7,-33.2660056823497
01-Aug-2026 01:11:30,-161.339928240136,-33.2329412936204,0,25,25,25,7,-9.54464756637446
01-Aug-2026 01:11:32,-163.271674505707,-35.1646875591915,0,25,25,25,5,-35.1646875591915
01-Aug-2026 01:11:34,-162.987572348355,-34.8805854018392,0,25,25,25,5,-34.8805854018392
01-Aug-2026 01:11:36,-162.895066876569,-34.7880799300535,0,25,25,25,4,-34.7880799300535
01-Aug-2026 01:11:38,-162.695396750314,-34.588409803798,0,25,25,25,3,-34.588409803798
01-Aug-2026 01:11:40,-163.048046423721,-34.9410594772049,0,25,25,25,3,-10.7750988586704
01-Aug-2026 01:11:42,-141.400557127859,-13.2935701813433,0,25,25,25,3,-13.2935701813433
01-Aug-2026 01:11:44,-144.298832764938,-16.1918458184225,0,25,25,25,3,-16.1918458184225
01-Aug-2026 01:11:46,-145.583534165928,-17.4765472194121,0,25,25,25,4,-17.4765472194121
01-Aug-2026 01:11:48,-146.783759324801,-18.6767723782854,0,25,25,25,4,-18.6767723782854
01-Aug-2026 01:11:50,-148.416258768209,-20.3092718216932,0,25,25,25,4,-20.3092718216932
01-Aug-2026 01:11:52,-150.385396380095,-22.2784094335796,0,24,24,24,6,-22.2784094335796
01-Aug-2026 01:11:54,-151.088579229609,-22.9815922830932,0,24,24,24,5,-22.9815922830932
01-Aug-2026 01:11:56,-151.637359353333,-23.5303724068171,0,24,24,24,4,-23.5303724068171
01-Aug-2026 01:11:58,-152.370331348583,-24.2633444020675,0,24,24,24,4,-24.2633444020675
01-Aug-2026 01:12:00,-153.163779244464,-25.0567922979481,0,23,23,23,4,-25.0567922979481
01-Aug-2026 01:12:02,-153.948911189796,-25.8419242432802,0,23,23,23,3,-25.8419242432802
01-Aug-2026 01:12:04,-154.098610932619,-25.9916239861035,0,23,23,23,2,-25.9916239861035
01-Aug-2026 01:12:06,-154.332912998659,-26.225926052143,0,24,24,24,2,-26.225926052143
01-Aug-2026 01:12:08,-155.41565888616,-27.3086719396442,0,24,24,24,2,-27.3086719396442
01-Aug-2026 01:12:10,-155.79747745999,-27.6904905134741,0,23,23,23,2,-27.6904905134741
01-Aug-2026 01:12:12,-156.391998450938,-28.2850115044217,0,23,23,23,2,-28.2850115044217
01-Aug-2026 01:12:14,-156.407239883679,-28.3002529371628,0,22,22,22,2,-28.3002529371628
01-Aug-2026 01:12:16,-154.449681207528,-26.3426942610119,0,22,22,22,5,-26.3426942610119
01-Aug-2026 01:12:18,-154.396864442295,-26.2898774957787,0,22,22,22,6,-26.2898774957787
01-Aug-2026 01:12:20,-154.376584492586,-26.2695975460701,0,22,22,22,6,-26.2695975460701
01-Aug-2026 01:12:22,-155.906293263736,-27.7993063172197,0,22,22,22,5,-27.7993063172197
01-Aug-2026 01:12:24,-155.63827821147,-27.5312912649545,0,22,22,22,6,-27.5312912649545
01-Aug-2026 01:12:26,-155.733131562687,-27.6261446161712,0,22,22,22,6,-27.6261446161712
01-Aug-2026 01:12:28,-155.576548384186,-27.4695614376704,0,22,22,22,6,-27.4695614376704
01-Aug-2026 01:12:30,-155.513404014412,-27.4064170678961,0,22,22,22,6,-27.4064170678961
01-Aug-2026 01:12:32,-157.492494419933,-29.3855074734169,0,22,22,22,5,-29.3855074734169
01-Aug-2026 01:12:34,-157.164377118016,-29.0573901715001,0,22,22,22,5,-29.0573901715001
01-Aug-2026 01:12:36,-157.646744033709,-29.5397570871927,0,23,23,23,4,-29.5397570871927
01-Aug-2026 01:12:38,-157.951030601258,-29.8440436547417,0,23,23,23,3,-29.8440436547417
01-Aug-2026 01:12:40,-158.118901001285,-30.0119140547693,0,22,22,22,2,-30.0119140547693
01-Aug-2026 01:12:42,-156.80954858262,-28.7025616361045,0,22,22,22,2,-28.7025616361045
01-Aug-2026 01:12:44,-156.300612262106,-28.1936253155906,0,21,21,21,2,-28.1936253155906
01-Aug-2026 01:12:46,-153.960571121452,-25.8535841749357,0,22,22,22,3,-25.8535841749357
01-Aug-2026 01:12:48,-158.067125403326,-29.9601384568106,0,22,22,22,1,-29.9601384568106
01-Aug-2026 01:12:50,-157.779033632158,-29.6720466856418,0,22,22,22,1,-29.6720466856418
01-Aug-2026 01:12:52,-157.671074656484,-29.5640877099681,0,22,22,22,2,-29.5640877099681
01-Aug-2026 01:12:54,-157.589561995232,-29.4825750487162,0,22,22,22,2,-29.4825750487162
01-Aug-2026 01:12:56,-157.946665433759,-29.8396784872429,0,22,22,22,3,-29.8396784872429
01-Aug-2026 01:12:58,-178.416766702231,-50.3097797557155,0,22,22,22,2,-50.3097797557155
01-Aug-2026 01:13:00,-178.316741229248,-50.2097542827318,0,22,22,22,2,-50.2097542827318
01-Aug-2026 01:13:02,-178.853916297152,-50.7469293506358,0,22,22,22,2,-50.7469293506358
01-Aug-2026 01:13:04,-178.781871777732,-50.6748848312157,0,23,23,23,2,-50.6748848312157
01-Aug-2026 01:13:06,-148.837964491206,-20.7309775446897,0,23,23,23,3,-20.7309775446897
01-Aug-2026 01:13:08,-148.415615219462,-20.3086282729461,0,23,23,23,3,-20.3086282729461
01-Aug-2026 01:13:10,-144.02646450391,-15.9194775573937,0,23,23,23,3,-15.9194775573937
01-Aug-2026 01:13:12,-144.490116255435,-16.3831293089194,0,23,23,23,2,-16.3831293089194
01-Aug-2026 01:13:14,-145.072608486735,-16.9656215402195,0,23,23,23,2,-16.9656215402195
01-Aug-2026 01:13:16,-145.962428465786,-17.8554415192697,0,23,23,23,2,-17.8554415192697
01-Aug-2026 01:13:18,-146.460218396674,-18.3532314501578,0,23,23,23,3,-18.3532314501578
01-Aug-2026 01:13:20,-147.006392184661,-18.8994052381456,0,23,23,23,3,-18.8994052381456
01-Aug-2026 01:13:22,-164.730803311263,-36.6238163647471,0,23,23,23,5,-36.6238163647471
01-Aug-2026 01:13:24,-165.236096052131,-37.1291091056155,0,23,23,23,5,-37.1291091056155
01-Aug-2026 01:13:26,-165.385204805229,-37.2782178587128,0,23,23,23,6,-37.2782178587128
01-Aug-2026 01:13:28,-165.53768578337,-37.4306988368543,0,23,23,23,6,-37.4306988368543
01-Aug-2026 01:13:30,-165.717052795407,-37.6100658488911,0,23,23,23,6,-37.6100658488911
01-Aug-2026 01:13:32,-166.037536920437,-37.9305499739213,0,22,22,22,5,-37.9305499739213
01-Aug-2026 01:13:34,-166.178608576319,-38.0716216298033,0,22,22,22,5,-38.0716216298033
01-Aug-2026 01:13:36,-166.56653959083,-38.459552644314,0,22,22,22,5,-38.4595526443139
01-Aug-2026 01:13:38,-162.227820825132,-34.1208338786159,0,22,22,22,6,-34.1208338786159
01-Aug-2026 01:13:40,-162.721174697621,-34.6141877511047,0,23,23,23,6,-34.6141877511048
01-Aug-2026 01:13:42,-163.638956245413,-35.5319692988969,0,23,23,23,5,-35.5319692988969
01-Aug-2026 01:13:44,-163.04441427739,-34.9374273308745,0,23,23,23,5,-34.9374273308745
01-Aug-2026 01:13:46,-162.984245018406,-34.8772580718905,0,23,23,23,6,-34.8772580718905
01-Aug-2026 01:13:48,-163.398048109619,-35.2910611631035,0,24,24,24,6,-35.2910611631035
01-Aug-2026 01:13:50,-162.335961661827,-34.2289747153107,0,24,24,24,6,-34.2289747153107
01-Aug-2026 01:13:52,-162.363217978986,-34.2562310324702,0,24,24,24,7,-34.2562310324702
01-Aug-2026 01:13:54,-162.989988920372,-34.8830019738558,0,24,24,24,7,-34.8830019738558
01-Aug-2026 01:13:56,-162.485601394912,-34.3786144483961,0,25,25,25,6,-34.3786144483961
01-Aug-2026 01:13:58,-162.152182044622,-34.0451950981066,0,26,26,26,6,-34.0451950981066
01-Aug-2026 01:14:00,-161.600006835711,-33.4930198891947,0,26,26,26,4,-33.4930198891947
01-Aug-2026 01:14:02,-162.054798186851,-33.9478112403353,0,26,26,26,5,-33.9478112403353
01-Aug-2026 01:14:04,-161.974399197666,-33.8674122511505,0,26,26,26,5,-33.8674122511505
01-Aug-2026 01:14:06,-161.28862617113,-33.1816392246144,0,26,26,26,5,-33.1816392246144
01-Aug-2026 01:14:08,-160.173804738198,-32.0668177916823,0,26,26,26,5,-32.0668177916823
01-Aug-2026 01:14:10,-159.506169668198,-31.3991827216825,0,26,26,26,5,-31.3991827216825
01-Aug-2026 01:14:12,-159.045404977437,-30.9384180309215,0,26,26,26,5,-30.9384180309215
01-Aug-2026 01:14:14,-158.216895570434,-30.109908623918,0,26,26,26,5,-30.109908623918
01-Aug-2026 01:14:16,-171.230105980843,-43.1231190343272,0,25,25,25,4,-43.1231190343272
01-Aug-2026 01:14:18,-171.222602537452,-43.1156155909358,0,26,26,26,4,-43.1156155909358
01-Aug-2026 01:14:20,-182.368752225626,-54.2617652791103,0,27,27,27,4,-54.2617652791103
01-Aug-2026 01:14:22,-183.397157835964,-55.2901708894482,0,27,27,27,3,-55.2901708894482
01-Aug-2026 01:14:24,-166.581063530111,-38.4740765835954,0,27,27,27,3,-38.4740765835954
01-Aug-2026 01:14:26,-166.000666167316,-37.8936792208001,0,27,27,27,4,-37.8936792208001
01-Aug-2026 01:14:28,-166.065129789488,-37.9581428429723,0,27,27,27,4,-37.9581428429723
01-Aug-2026 01:14:30,-153.82267347799,-25.7156865314744,0,27,27,27,5,-25.7156865314744
01-Aug-2026 01:14:32,-154.944986363769,-26.8379994172531,0,26,26,26,5,-26.8379994172531
01-Aug-2026 01:14:34,-155.793427012722,-27.6864400662066,0,26,26,26,5,-27.6864400662066
01-Aug-2026 01:14:36,-164.778478915306,-36.6714919687905,0,26,26,26,6,-36.6714919687905
01-Aug-2026 01:14:38,-164.986844392379,-36.8798574458635,0,26,26,26,5,-36.8798574458635
01-Aug-2026 01:14:40,-164.82344131778,-36.7164543712638,0,26,26,26,3,-36.7164543712638
01-Aug-2026 01:14:42,-157.190290748839,-29.0833038023236,0,25,25,25,4,-29.0833038023236
01-Aug-2026 01:14:44,-157.91041454511,-29.8034275985939,0,25,25,25,4,-29.8034275985939
01-Aug-2026 01:14:46,-150.89892334966,-22.7919364031441,0,25,25,25,5,-22.7919364031441
01-Aug-2026 01:14:48,-151.33780733973,-23.2308203932138,0,26,26,26,5,-23.2308203932138
01-Aug-2026 01:14:50,-152.385051383557,-24.2780644370415,0,26,26,26,4,-24.2780644370415
01-Aug-2026 01:14:52,-152.403700124308,-24.2967131777924,0,26,26,26,4,-24.2967131777924
01-Aug-2026 01:14:54,-152.978443797661,-24.8714568511452,0,26,26,26,3,-24.8714568511452
01-Aug-2026 01:14:56,-153.350954803333,-25.2439678568172,0,26,26,26,4,-25.2439678568172
01-Aug-2026 01:14:58,-153.811929623975,-25.7049426774595,0,26,26,26,4,-25.7049426774595
01-Aug-2026 01:15:00,-153.732097167332,-25.6251102208166,0,26,26,26,5,-25.6251102208166
01-Aug-2026 01:15:02,-153.414795258417,-25.3078083119012,0,26,26,26,5,-25.3078083119012
01-Aug-2026 01:15:04,-145.993536087686,-17.8865491411698,0,26,26,26,7,-17.8865491411698
01-Aug-2026 01:15:06,-145.308854895264,-17.2018679487485,0,25,25,25,6,-17.2018679487485
01-Aug-2026 01:15:08,-144.577220064915,-16.4702331183992,0,25,25,25,6,-16.4702331183992
01-Aug-2026 01:15:10,-143.674950003582,-15.5679630570664,0,25,25,25,6,-15.5679630570664
01-Aug-2026 01:15:12,-142.423822695104,-14.3168357485877,0,25,25,25,6,-14.3168357485877
01-Aug-2026 01:15:14,-141.51947511796,-13.4124881714446,0,25,25,25,4,-13.4124881714446
01-Aug-2026 01:15:16,-139.675955667755,-11.5689687212393,0,25,25,25,4,-11.5689687212393
01-Aug-2026 01:15:18,-139.129310241358,-11.0223232948425,0,25,25,25,2,-11.0223232948425
01-Aug-2026 01:15:20,-138.928084692564,-10.8210977460479,0,25,25,25,2,-10.8210977460479
01-Aug-2026 01:15:22,-139.045661778676,-10.9386748321602,0,25,25,25,2,-10.9386748321602
01-Aug-2026 01:15:24,-138.588523995786,-10.4815370492705,0,25,25,25,2,-10.4815370492705
01-Aug-2026 01:15:26,-139.887355929255,-11.780368982739,0,25,25,25,2,-11.780368982739
01-Aug-2026 01:15:28,-141.304759772053,-13.1977728255368,0,25,25,25,2,-13.1977728255368
01-Aug-2026 01:15:30,-142.182509796594,-14.0755228500786,0,25,25,25,2,-14.0755228500786
01-Aug-2026 01:15:32,-142.724677355352,-14.6176904088361,0,25,25,25,2,-14.6176904088361
01-Aug-2026 01:15:34,-144.085120188735,-15.9781332422187,0,25,25,25,1,-15.9781332422187
01-Aug-2026 01:15:36,-145.259062778372,-17.1520758318563,0,25,25,25,1,-17.1520758318563
01-Aug-2026 01:15:38,-145.950445547544,-17.8434586010283,0,25,25,25,3,-17.8434586010283
01-Aug-2026 01:15:40,-193.711422862253,-65.6044359157376,0,24,24,24,1,-65.6044359157376
01-Aug-2026 01:15:42,-160.878460628285,-32.7714736817687,0,23,23,23,1,-32.7714736817687
01-Aug-2026 01:15:44,-160.599043464078,-32.4920565175622,0,23,23,23,2,-32.4920565175622
01-Aug-2026 01:15:46,-161.021621379427,-32.9146344329115,0,23,23,23,2,-32.9146344329115
01-Aug-2026 01:15:48,-160.620020995197,-32.5130340486809,0,23,23,23,1,-32.5130340486809
01-Aug-2026 01:15:50,-160.274620762136,-32.1676338156199,0,23,23,23,2,-32.1676338156199
01-Aug-2026 01:15:52,-160.356603696658,-32.2496167501423,0,23,23,23,2,-32.2496167501423
01-Aug-2026 01:15:54,-159.900128722217,-31.7931417757011,0,23,23,23,3,-31.7931417757011
01-Aug-2026 01:15:56,-159.592241101166,-31.48525415465,0,23,23,23,3,-31.48525415465
01-Aug-2026 01:15:58,-159.770912863333,-31.6639259168173,0,23,23,23,3,-31.6639259168173
01-Aug-2026 01:16:00,-159.632991830229,-31.5260048837127,0,23,23,23,4,-31.5260048837127
01-Aug-2026 01:16:02,-159.614611738937,-31.5076247924216,0,23,23,23,5,-31.5076247924216
01-Aug-2026 01:16:04,-159.179592658944,-31.0726057124282,0,22,22,22,4,-31.0726057124282
01-Aug-2026 01:16:06,-159.064683182173,-30.957696235657,0,22,22,22,4,-30.957696235657
01-Aug-2026 01:16:08,-159.021278515872,-30.9142915693566,0,22,22,22,4,-30.9142915693566
01-Aug-2026 01:16:10,-158.755206311117,-30.6482193646012,0,22,22,22,5,-30.6482193646012
01-Aug-2026 01:16:12,-158.73413654169,-30.627149595174,0,22,22,22,5,-30.627149595174
01-Aug-2026 01:16:14,-158.554608842703,-30.4476218961872,0,22,22,22,5,-30.4476218961872
01-Aug-2026 01:16:16,-158.21777877971,-30.1107918331942,0,22,22,22,6,-30.1107918331942
01-Aug-2026 01:16:18,-157.693264466693,-29.5862775201774,0,22,22,22,7,-29.5862775201774
01-Aug-2026 01:16:20,-157.778286849173,-29.6712999026569,0,22,22,22,7,-29.6712999026569
01-Aug-2026 01:16:22,-158.043978450678,-29.9369915041617,0,22,22,22,7,-29.9369915041617
01-Aug-2026 01:16:24,-157.80218859745,-29.6952016509346,0,21,21,21,6,-29.6952016509346
01-Aug-2026 01:16:26,-157.669683939201,-29.5626969926851,0,22,22,22,7,-29.5626969926851
01-Aug-2026 01:16:28,-157.801982028213,-29.6949950816973,0,22,22,22,6,-29.6949950816973
01-Aug-2026 01:16:30,-158.070766198889,-29.9637792523731,0,22,22,22,6,-29.9637792523731
01-Aug-2026 01:16:32,-158.837562286803,-30.7305753402871,0,22,22,22,5,-30.7305753402871
01-Aug-2026 01:16:34,-158.466165067514,-30.3591781209981,0,21,21,21,4,-30.3591781209981
01-Aug-2026 01:16:36,-189.355166737465,-61.2481797909495,0,21,21,21,3,-61.2481797909495
01-Aug-2026 01:16:38,-188.831104644942,-60.7241176984264,0,22,22,22,5,-60.7241176984264
01-Aug-2026 01:16:40,-189.124212168092,-61.017225221576,0,22,22,22,5,-61.017225221576
01-Aug-2026 01:16:42,-189.055056671934,-60.9480697254185,0,23,23,23,5,-60.9480697254185
01-Aug-2026 01:16:44,-188.696929776689,-60.5899428301735,0,23,23,23,5,-60.5899428301735
01-Aug-2026 01:16:46,-188.384182863848,-60.2771959173323,0,23,23,23,5,-60.2771959173323
01-Aug-2026 01:16:48,-185.222058535202,-57.1150715886859,0,23,23,23,6,-57.1150715886859
01-Aug-2026 01:16:50,-185.126005207003,-57.0190182604871,0,24,24,24,6,-57.0190182604871
01-Aug-2026 01:16:52,-185.279253472656,-57.17226652614,0,24,24,24,6,-57.17226652614
01-Aug-2026 01:16:54,-183.440153203404,-55.3331662568879,0,24,24,24,6,-55.3331662568879
01-Aug-2026 01:16:56,-183.778410880306,-55.6714239337906,0,24,24,24,6,-55.6714239337906
01-Aug-2026 01:16:58,-183.9497711395,-55.8427841929841,0,24,24,24,6,-55.8427841929841
01-Aug-2026 01:17:00,-183.921377272602,-55.8143903260861,0,24,24,24,6,-55.8143903260861
01-Aug-2026 01:17:02,-184.121651412103,-56.0146644655867,0,24,24,24,6,-56.0146644655867
01-Aug-2026 01:17:04,-184.019820998827,-55.9128340523107,0,24,24,24,6,-55.9128340523107
01-Aug-2026 01:17:06,-185.609957206887,-57.5029702603715,0,24,24,24,4,-57.5029702603715
01-Aug-2026 01:17:08,-186.015016205795,-57.9080292592791,0,24,24,24,3,-57.9080292592791
01-Aug-2026 01:17:10,-185.797966097741,-57.690979151225,0,24,24,24,3,-57.690979151225
01-Aug-2026 01:17:12,-186.438614329313,-58.3316273827973,0,24,24,24,2,-58.3316273827973
01-Aug-2026 01:17:14,-186.338391680767,-58.231404734251,0,24,24,24,2,-58.231404734251
01-Aug-2026 01:17:16,-194.221970890604,-66.114983944088,0,24,24,24,2,-66.114983944088
01-Aug-2026 01:17:18,-167.565617123327,-39.4586301768113,0,24,24,24,3,-39.4586301768113
01-Aug-2026 01:17:20,-167.661541228481,-39.5545542819648,0,24,24,24,3,-39.5545542819648
01-Aug-2026 01:17:22,-165.322785530364,-37.2157985838485,0,23,23,23,4,-37.2157985838485
01-Aug-2026 01:17:24,-167.410565212432,-39.3035782659159,0,23,23,23,4,-39.3035782659159
01-Aug-2026 01:17:26,-166.322972112595,-38.2159851660791,0,23,23,23,5,-38.2159851660791
01-Aug-2026 01:17:28,-166.371371343123,-38.2643843966074,0,23,23,23,5,-38.2643843966074
01-Aug-2026 01:17:30,-165.581450949832,-37.4744640033159,0,23,23,23,5,-37.4744640033159
01-Aug-2026 01:17:32,-165.491042835665,-37.3840558891493,0,23,23,23,5,-37.3840558891493
01-Aug-2026 01:17:34,-165.537840767349,-37.4308538208333,0,23,23,23,5,-37.4308538208333
01-Aug-2026 01:17:36,-165.69352307403,-37.5865361275138,0,24,24,24,5,-37.5865361275138
01-Aug-2026 01:17:38,-165.903823144029,-37.7968361975128,0,24,24,24,5,-37.7968361975128
01-Aug-2026 01:17:40,-165.987648568332,-37.8806616218157,0,24,24,24,5,-37.8806616218157
01-Aug-2026 01:17:42,-165.835042975873,-37.7280560293568,0,24,24,24,4,-37.7280560293568
01-Aug-2026 01:17:44,-164.342960985705,-36.2359740391894,0,25,25,25,5,-36.2359740391894
01-Aug-2026 01:17:46,-164.232882622612,-36.125895676096,0,25,25,25,5,-36.125895676096
01-Aug-2026 01:17:48,-164.733043632707,-36.6260566861914,0,26,26,26,6,-36.6260566861914
01-Aug-2026 01:17:50,-164.595168912759,-36.488181966243,0,26,26,26,6,-36.488181966243
01-Aug-2026 01:17:52,-164.364316091216,-36.2573291446997,0,26,26,26,7,-36.2573291446997
01-Aug-2026 01:17:54,-163.903898273745,-35.7969113272291,0,26,26,26,9,-35.7969113272291
01-Aug-2026 01:17:56,-163.965750905467,-35.8587639589515,0,26,26,26,9,-35.8587639589515
01-Aug-2026 01:17:58,-163.608886193462,-35.5018992469462,0,26,26,26,9,-35.5018992469462
01-Aug-2026 01:18:00,-163.602743002678,-35.4957560561617,0,26,26,26,9,-35.4957560561617
01-Aug-2026 01:18:02,-163.498514974289,-35.3915280277736,0,26,26,26,9,-35.3915280277736
01-Aug-2026 01:18:04,-163.435392090125,-35.3284051436088,0,26,26,26,10,-35.3284051436088
01-Aug-2026 01:18:06,-163.429714864364,-35.3227279178482,0,26,26,26,10,-35.3227279178482
01-Aug-2026 01:18:08,-163.54761169475,-35.4406247482345,0,27,27,27,9,-35.4406247482345
01-Aug-2026 01:18:10,-166.194765154254,-38.0877782077379,0,27,27,27,6,-38.0877782077379
01-Aug-2026 01:18:12,-166.445399901934,-38.338412955418,0,27,27,27,6,-38.338412955418
01-Aug-2026 01:18:14,-166.56396034269,-38.4569733961746,0,27,27,27,5,-38.4569733961746
01-Aug-2026 01:18:16,-166.315306605827,-38.2083196593113,0,27,27,27,5,-38.2083196593113
01-Aug-2026 01:18:18,-169.349874785787,-41.2428878392707,0,27,27,27,4,-41.2428878392707
01-Aug-2026 01:18:20,-169.298919640677,-41.1919326941613,0,27,27,27,4,-41.1919326941613
01-Aug-2026 01:18:22,-185.258004489221,-57.1510175427054,0,27,27,27,4,-57.1510175427054
01-Aug-2026 01:18:24,-185.090954080294,-56.9839671337782,0,26,26,26,4,-56.9839671337782
01-Aug-2026 01:18:26,-186.528952609112,-58.4219656625964,0,26,26,26,3,-58.4219656625964
01-Aug-2026 01:18:28,-186.421619806733,-58.3146328602171,0,26,26,26,4,-58.3146328602171
01-Aug-2026 01:18:30,-184.266844838405,-56.1598578918891,0,26,26,26,5,-56.1598578918891
01-Aug-2026 01:18:32,-184.367115631253,-56.2601286847371,0,26,26,26,5,-56.2601286847371
01-Aug-2026 01:18:34,-189.170255807961,-61.0632688614448,0,26,26,26,3,-61.0632688614448
01-Aug-2026 01:18:36,-172.701413403444,-44.5944264569277,0,26,26,26,5,-44.5944264569277
01-Aug-2026 01:18:38,-173.33102396794,-45.2240370214237,0,27,27,27,5,-45.2240370214237
01-Aug-2026 01:18:40,-147.415775893098,-19.3087889465819,0,27,27,27,6,-19.3087889465819
01-Aug-2026 01:18:42,-147.075972214999,-18.9689852684833,0,27,27,27,6,-18.9689852684833
01-Aug-2026 01:18:44,-146.059840844157,-17.9528538976415,0,27,27,27,8,-17.9528538976415
01-Aug-2026 01:18:46,-146.418978792707,-18.3119918461909,0,27,27,27,8,-18.3119918461909
01-Aug-2026 01:18:48,-145.589200871418,-17.4822139249021,0,27,27,27,8,-17.4822139249021
01-Aug-2026 01:18:50,-144.890122913448,-16.783135966932,0,27,27,27,9,-16.783135966932
01-Aug-2026 01:18:52,-145.586511107925,-17.479524161409,0,27,27,27,6,-17.479524161409
01-Aug-2026 01:18:54,-145.939971207057,-17.8329842605413,0,26,26,26,6,-17.8329842605413
01-Aug-2026 01:18:56,-146.191391110891,-18.0844041643747,0,26,26,26,4,-18.0844041643747
01-Aug-2026 01:18:58,-146.546146266375,-18.4391593198592,0,26,26,26,6,-18.4391593198592
01-Aug-2026 01:19:00,-146.785586958423,-18.6786000119067,0,26,26,26,7,-18.6786000119067
01-Aug-2026 01:19:02,-147.494289764342,-19.387302817826,0,26,26,26,7,-19.387302817826
01-Aug-2026 01:19:04,-148.634554736592,-20.5275677900765,0,26,26,26,6,-20.5275677900765
01-Aug-2026 01:19:06,-167.577464298281,-39.4704773517652,0,26,26,26,6,-39.4704773517652
01-Aug-2026 01:19:08,-167.760189382202,-39.6532024356866,0,26,26,26,6,-39.6532024356866
01-Aug-2026 01:19:10,-168.146804414308,-40.0398174677922,0,26,26,26,6,-40.0398174677922
01-Aug-2026 01:19:12,-168.185155681293,-40.0781687347768,0,26,26,26,6,-40.0781687347768
01-Aug-2026 01:19:14,-157.878481733218,-29.7714947867025,0,25,25,25,6,-29.7714947867025
01-Aug-2026 01:19:16,-158.540827181377,-30.4338402348615,0,25,25,25,6,-30.4338402348615
01-Aug-2026 01:19:18,-159.30827373496,-31.2012867884437,0,25,25,25,5,-31.2012867884437
01-Aug-2026 01:19:20,-172.36671533915,-44.2597283926339,0,25,25,25,4,-44.2597283926339
01-Aug-2026 01:19:22,-172.732906979908,-44.6259200333924,0,24,24,24,4,-44.6259200333924
01-Aug-2026 01:19:24,-172.624701033046,-44.5177140865298,0,24,24,24,4,-44.5177140865298
01-Aug-2026 01:19:26,-189.292638603313,-61.1856516567967,0,24,24,24,3,-61.1856516567967
01-Aug-2026 01:19:28,-189.475550608295,-61.3685636617791,0,24,24,24,3,-61.3685636617791
01-Aug-2026 01:19:30,-196.286364113125,-68.1793771666087,0,24,24,24,1,-68.1793771666087
01-Aug-2026 01:19:32,-196.508714047911,-68.4017271013951,0,23,23,23,1,-68.4017271013951
01-Aug-2026 01:19:34,-191.898254626151,-63.7912676796352,0,23,23,23,2,-63.7912676796352
01-Aug-2026 01:19:36,-187.257906557363,-59.1509196108469,0,23,23,23,3,-59.1509196108469
01-Aug-2026 01:19:38,-171.91794834266,-43.810961396144,0,23,23,23,4,-43.810961396144
01-Aug-2026 01:19:40,-171.779511527408,-43.6725245808921,0,23,23,23,5,-43.6725245808921
01-Aug-2026 01:19:42,-171.948264776057,-43.8412778295407,0,23,23,23,4,-43.8412778295407
01-Aug-2026 01:19:44,-172.017339462278,-43.9103525157624,0,23,23,23,4,-43.9103525157624
01-Aug-2026 01:19:46,-172.284292667512,-44.177305720996,0,22,22,22,3,-44.177305720996
01-Aug-2026 01:19:48,-172.711004130788,-44.6040171842717,0,23,23,23,3,-44.6040171842717
01-Aug-2026 01:19:50,-172.803730508419,-44.6967435619034,0,23,23,23,3,-44.6967435619034
01-Aug-2026 01:19:52,-155.887495367134,-27.7805084206184,0,22,22,22,4,-27.7805084206184
01-Aug-2026 01:19:54,-155.549844267059,-27.4428573205428,0,22,22,22,4,-27.4428573205428
01-Aug-2026 01:19:56,-154.925952197706,-26.8189652511899,0,23,23,23,4,-26.8189652511899
01-Aug-2026 01:19:58,-155.24435555428,-27.1373686077637,0,23,23,23,3,-27.1373686077637
01-Aug-2026 01:20:00,-154.928325663311,-26.821338716795,0,23,23,23,3,-26.821338716795
01-Aug-2026 01:20:02,-154.761748956998,-26.6547620104825,0,23,23,23,3,-26.6547620104825
01-Aug-2026 01:20:04,-154.928697918299,-26.8217109717831,0,23,23,23,3,-26.8217109717831
01-Aug-2026 01:20:06,-154.72233014182,-26.6153431953043,0,23,23,23,2,-26.6153431953043
01-Aug-2026 01:20:08,-155.007120617086,-26.9001336705703,0,22,22,22,2,-26.9001336705703
01-Aug-2026 01:20:10,-155.369954628966,-27.2629676824504,0,22,22,22,3,-27.2629676824504
01-Aug-2026 01:20:12,-155.670791440661,-27.5638044941448,0,22,22,22,4,-27.5638044941448
01-Aug-2026 01:20:14,-155.171663723271,-27.0646767767554,0,22,22,22,4,-27.0646767767554
01-Aug-2026 01:20:16,-155.286699109535,-27.1797121630187,0,23,23,23,5,-27.1797121630187
01-Aug-2026 01:20:18,-155.461292806377,-27.354305859861,0,23,23,23,5,-27.354305859861
01-Aug-2026 01:20:20,-155.205597838965,-27.0986108924491,0,23,23,23,5,-27.0986108924491
01-Aug-2026 01:20:22,-155.647739971596,-27.5407530250801,0,23,23,23,5,-27.5407530250801
01-Aug-2026 01:20:24,-155.728526774499,-27.621539827983,0,23,23,23,5,-27.621539827983
01-Aug-2026 01:20:26,-155.538798969938,-27.4318120234224,0,22,22,22,6,-27.4318120234224
01-Aug-2026 01:20:28,-155.462089686065,-27.3551027395488,0,22,22,22,6,-27.3551027395488
01-Aug-2026 01:20:30,-155.509318556895,-27.4023316103787,0,22,22,22,8,-27.4023316103787
01-Aug-2026 01:20:32,-155.87189162325,-27.7649046767346,0,22,22,22,9,-27.7649046767346
01-Aug-2026 01:20:34,-156.276388862756,-28.1694019162401,0,22,22,22,9,-28.1694019162401
01-Aug-2026 01:20:36,-155.834256717209,-27.7272697706934,0,23,23,23,9,-27.7272697706934
01-Aug-2026 01:20:38,-156.07835647001,-27.9713695234939,0,23,23,23,9,-27.9713695234939
01-Aug-2026 01:20:40,-156.31742833706,-28.2104413905439,0,24,24,24,8,-28.2104413905439
01-Aug-2026 01:20:42,-156.782136023303,-28.675149076787,0,24,24,24,8,-28.675149076787
01-Aug-2026 01:20:44,-157.765291418583,-29.658304472067,0,24,24,24,8,-29.658304472067
01-Aug-2026 01:20:46,-157.801533879742,-29.6945469332266,0,24,24,24,8,-29.6945469332266
01-Aug-2026 01:20:48,-158.034286763922,-29.9272998174059,0,24,24,24,7,-29.9272998174059
01-Aug-2026 01:20:50,-158.21352180806,-30.1065348615445,0,24,24,24,7,-30.1065348615445
01-Aug-2026 01:20:52,-163.971944567192,-35.8649576206766,0,24,24,24,8,-35.8649576206766
01-Aug-2026 01:20:54,-164.043987398588,-35.9370004520725,0,24,24,24,8,-35.9370004520725
01-Aug-2026 01:20:56,-175.967013367313,-47.8600264207973,0,24,24,24,6,-47.8600264207973
01-Aug-2026 01:20:58,-175.964862620053,-47.8578756735373,0,24,24,24,6,-47.8578756735373
01-Aug-2026 01:21:00,-161.015953172015,-32.9089662254987,0,24,24,24,7,-32.9089662254987
01-Aug-2026 01:21:02,-160.067394265439,-31.960407318923,0,24,24,24,5,-31.960407318923
01-Aug-2026 01:21:04,-159.088013145725,-30.9810261992092,0,24,24,24,5,-30.9810261992092
01-Aug-2026 01:21:06,-158.426858049975,-30.3198711034592,0,24,24,24,5,-30.3198711034592
01-Aug-2026 01:21:08,-158.264459739827,-30.1574727933115,0,24,24,24,5,-30.1574727933115
01-Aug-2026 01:21:10,-158.333410921265,-30.2264239747493,0,24,24,24,5,-30.2264239747493
01-Aug-2026 01:21:12,-158.311950758592,-30.2049638120757,0,24,24,24,5,-30.2049638120757
01-Aug-2026 01:21:14,-157.507157005206,-29.4001700586903,0,23,23,23,4,-29.4001700586903
01-Aug-2026 01:21:16,-156.692205778436,-28.5852188319205,0,23,23,23,4,-28.5852188319205
01-Aug-2026 01:21:18,-156.534976409574,-28.4279894630583,0,23,23,23,5,-28.4279894630583
01-Aug-2026 01:21:20,-156.192798871499,-28.0858119249829,0,23,23,23,4,-28.0858119249829
01-Aug-2026 01:21:22,-155.508342400556,-27.4013554540397,0,23,23,23,5,-27.4013554540397
01-Aug-2026 01:21:24,-155.093133011488,-26.9861460649721,0,24,24,24,5,-26.9861460649721
01-Aug-2026 01:21:26,-154.310665500738,-26.2036785542217,0,24,24,24,5,-26.2036785542217
01-Aug-2026 01:21:28,-153.12145928595,-25.014472339434,0,25,25,25,6,-25.014472339434
01-Aug-2026 01:21:30,-173.84962610475,-45.7426391582345,0,25,25,25,7,-23.2542378395657
01-Aug-2026 01:21:32,-176.081562707849,-47.9745757613333,0,25,25,25,5,-47.9745757613333
01-Aug-2026 01:21:34,-176.393280602987,-48.2862936564715,0,25,25,25,4,-48.2862936564715
01-Aug-2026 01:21:36,-176.433027223441,-48.3260402769252,0,25,25,25,5,-48.3260402769252
01-Aug-2026 01:21:38,-176.3741027184,-48.2671157718842,0,26,26,26,5,-48.2671157718842
01-Aug-2026 01:21:40,-176.38565980959,-48.2786728630739,0,26,26,26,5,-48.2786728630739
01-Aug-2026 01:21:42,-176.385107262069,-48.2781203155529,0,26,26,26,5,-48.2781203155529
01-Aug-2026 01:21:44,-140.481879921252,-12.3748929747362,0,26,26,26,7,-9.38494458802393
01-Aug-2026 01:21:46,-141.363330418547,-13.2563434720307,0,26,26,26,7,-13.2563434720307
01-Aug-2026 01:21:48,-142.456076539308,-14.3490895927918,0,26,26,26,7,-14.3490895927918
01-Aug-2026 01:21:50,-143.68936193444,-15.5823749879242,0,26,26,26,7,-15.5823749879242
01-Aug-2026 01:21:52,-144.4323548094,-16.325367862884,0,26,26,26,7,-16.325367862884
01-Aug-2026 01:21:54,-145.406546581262,-17.2995596347459,0,26,26,26,7,-17.2995596347459
01-Aug-2026 01:21:56,-146.155439412545,-18.0484524660287,0,27,27,27,8,-18.0484524660287
01-Aug-2026 01:21:58,-169.860180286363,-41.753193339847,0,27,27,27,6,-41.753193339847
01-Aug-2026 01:22:00,-169.61478651543,-41.5077995689142,0,28,28,28,5,-41.5077995689142
01-Aug-2026 01:22:02,-136.789115572754,-8.68212862623778,0,28,28,28,6,-8.68212862623778
01-Aug-2026 01:22:04,-139.020349489371,-10.9133625428554,0,27,27,27,6,-10.9133625428554
01-Aug-2026 01:22:06,-140.815237856294,-12.708250909778,0,27,27,27,6,-12.708250909778
01-Aug-2026 01:22:08,-143.161723618774,-15.0547366722579,0,27,27,27,8,-15.0547366722579
01-Aug-2026 01:22:10,-144.837645399331,-16.7306584528153,0,27,27,27,9,-16.7306584528153
01-Aug-2026 01:22:12,-146.098912075364,-17.9919251288482,0,27,27,27,8,-17.9919251288482
01-Aug-2026 01:22:14,-147.295260821833,-19.1882738753167,0,26,26,26,8,-19.1882738753167
01-Aug-2026 01:22:16,-148.234349663038,-20.1273627165222,0,26,26,26,7,-20.1273627165222
01-Aug-2026 01:22:18,-148.836606049099,-20.7296191025829,0,26,26,26,7,-20.7296191025829
01-Aug-2026 01:22:20,-149.170016777825,-21.0630298313093,0,26,26,26,5,-21.0630298313093
01-Aug-2026 01:22:22,-149.548670985568,-21.4416840390524,0,26,26,26,5,-21.4416840390524
01-Aug-2026 01:22:24,-150.816367747197,-22.7093808006807,0,26,26,26,4,-22.7093808006807
01-Aug-2026 01:22:26,-150.792648717638,-22.6856617711217,0,26,26,26,5,-22.6856617711217
01-Aug-2026 01:22:28,-151.533107625114,-23.4261206785986,0,27,27,27,4,-23.4261206785986
01-Aug-2026 01:22:30,-152.249483362354,-24.1424964158385,0,27,27,27,4,-24.1424964158385
01-Aug-2026 01:22:32,-153.69548144438,-25.5884944978641,0,27,27,27,5,-25.5884944978641
01-Aug-2026 01:22:34,-155.235431022475,-27.1284440759596,0,27,27,27,6,-27.1284440759596
01-Aug-2026 01:22:36,-155.992297316749,-27.8853103702327,0,27,27,27,5,-27.8853103702327
01-Aug-2026 01:22:38,-156.249240395828,-28.142253449312,0,27,27,27,6,-28.142253449312
01-Aug-2026 01:22:40,-157.248477757338,-29.141490810822,0,27,27,27,5,-29.141490810822
01-Aug-2026 01:22:42,-158.289556473358,-30.182569526842,0,26,26,26,5,-30.182569526842
01-Aug-2026 01:22:44,-158.72764028665,-30.6206533401339,0,26,26,26,6,-30.6206533401339
01-Aug-2026 01:22:46,-158.117169249602,-30.0101823030866,0,26,26,26,6,-30.0101823030866
01-Aug-2026 01:22:48,-158.6841286665,-30.5771417199845,0,26,26,26,5,-30.5771417199845
01-Aug-2026 01:22:50,-158.74045960041,-30.633472653894,0,26,26,26,5,-30.633472653894
01-Aug-2026 01:22:52,-158.439529079311,-30.3325421327949,0,26,26,26,5,-30.3325421327949
01-Aug-2026 01:22:54,-158.920194149502,-30.8132072029863,0,26,26,26,5,-30.8132072029863
01-Aug-2026 01:22:56,-158.95760175438,-30.8506148078646,0,26,26,26,5,-30.8506148078646
01-Aug-2026 01:22:58,-159.631331897603,-31.5243449510869,0,26,26,26,5,-31.5243449510869
01-Aug-2026 01:23:00,-159.787974437193,-31.6809874906767,0,26,26,26,4,-31.6809874906767
01-Aug-2026 01:23:02,-160.372826448946,-32.26583950243,0,25,25,25,3,-32.26583950243
01-Aug-2026 01:23:04,-159.76428235466,-31.6572954081437,0,25,25,25,4,-31.6572954081437
01-Aug-2026 01:23:06,-160.37209579061,-32.2651088440938,0,25,25,25,4,-32.2651088440938
01-Aug-2026 01:23:08,-158.678050621191,-30.5710636746753,0,25,25,25,5,-30.5710636746753
01-Aug-2026 01:23:10,-159.076761313264,-30.9697743667484,0,25,25,25,5,-30.9697743667484
01-Aug-2026 01:23:12,-159.307202149353,-31.2002152028375,0,25,25,25,5,-31.2002152028375
01-Aug-2026 01:23:14,-159.446665496685,-31.3396785501689,0,25,25,25,6,-31.3396785501689
01-Aug-2026 01:23:16,-159.392696092189,-31.2857091456734,0,25,25,25,6,-31.2857091456734
01-Aug-2026 01:23:18,-167.833649783969,-39.7266628374531,0,25,25,25,5,-39.7266628374531
01-Aug-2026 01:23:20,-166.689382899476,-38.5823959529597,0,26,26,26,5,-38.5823959529597
01-Aug-2026 01:23:22,-165.874362972209,-37.7673760256932,0,25,25,25,5,-37.7673760256932
01-Aug-2026 01:23:24,-182.281095081051,-54.1741081345349,0,25,25,25,5,-54.1741081345349
01-Aug-2026 01:23:26,-182.083658575757,-53.9766716292409,0,24,24,24,4,-53.9766716292409
01-Aug-2026 01:23:28,-182.027376720455,-53.9203897739395,0,24,24,24,4,-53.9203897739395
01-Aug-2026 01:23:30,-181.9614045129,-53.8544175663845,0,24,24,24,4,-53.8544175663845
01-Aug-2026 01:23:32,-187.417258823952,-59.3102718774365,0,24,24,24,3,-59.3102718774365
01-Aug-2026 01:23:34,-161.245867049063,-33.1388801025475,0,23,23,23,4,-33.1388801025475
01-Aug-2026 01:23:36,-160.513456842366,-32.4064698958504,0,23,23,23,4,-32.4064698958504
01-Aug-2026 01:23:38,-160.610327958617,-32.5033410121012,0,24,24,24,5,-32.5033410121012
01-Aug-2026 01:23:40,-159.849194188531,-31.7422072420149,0,24,24,24,4,-31.7422072420149
01-Aug-2026 01:23:42,-160.426165600776,-32.3191786542603,0,23,23,23,4,-32.3191786542603
01-Aug-2026 01:23:44,-160.314761373642,-32.2077744271262,0,23,23,23,4,-32.2077744271262
01-Aug-2026 01:23:46,-159.854304724791,-31.7473177782748,0,23,23,23,4,-31.7473177782748
01-Aug-2026 01:23:48,-159.791073900174,-31.6840869536578,0,23,23,23,4,-31.6840869536578
01-Aug-2026 01:23:50,-161.097534804593,-32.9905478580776,0,22,22,22,4,-32.9905478580776
01-Aug-2026 01:23:52,-160.852244847022,-32.7452579005066,0,22,22,22,4,-32.7452579005066
01-Aug-2026 01:23:54,-160.865297744016,-32.7583107975003,0,22,22,22,4,-32.7583107975003
01-Aug-2026 01:23:56,-160.295392043997,-32.1884050974808,0,22,22,22,4,-32.1884050974808
01-Aug-2026 01:23:58,-159.216699200471,-31.109712253955,0,22,22,22,2,-31.109712253955
01-Aug-2026 01:24:00,-158.524681231043,-30.4176942845269,0,22,22,22,2,-30.4176942845269
01-Aug-2026 01:24:02,-158.248837494041,-30.1418505475249,0,22,22,22,2,-30.1418505475249
01-Aug-2026 01:24:04,-158.734580987934,-30.6275940414185,0,22,22,22,2,-30.6275940414185
01-Aug-2026 01:24:06,-158.280031128495,-30.1730441819794,0,23,23,23,2,-30.1730441819794
01-Aug-2026 01:24:08,-157.940603082716,-29.8336161362002,0,23,23,23,2,-29.8336161362002
01-Aug-2026 01:24:10,-154.631650758672,-26.5246638121565,0,23,23,23,3,-26.5246638121565
01-Aug-2026 01:24:12,-153.837282743271,-25.7302957967548,0,23,23,23,4,-25.7302957967548
01-Aug-2026 01:24:14,-153.686537784554,-25.5795508380382,0,23,23,23,4,-25.5795508380382
01-Aug-2026 01:24:16,-153.51434148255,-25.4073545360339,0,22,22,22,5,-25.4073545360339
01-Aug-2026 01:24:18,-153.132001561832,-25.0250146153163,0,22,22,22,5,-25.0250146153163
01-Aug-2026 01:24:20,-152.901521226599,-24.7945342800827,0,22,22,22,6,-24.7945342800827
01-Aug-2026 01:24:22,-152.91510933692,-24.8081223904044,0,22,22,22,6,-24.8081223904044
01-Aug-2026 01:24:24,-153.353408479563,-25.2464215330469,0,23,23,23,6,-25.2464215330469
01-Aug-2026 01:24:26,-152.689736026092,-24.5827490795766,0,23,23,23,6,-24.5827490795766
01-Aug-2026 01:24:28,-152.599260147658,-24.492273201142,0,23,23,23,6,-24.492273201142
01-Aug-2026 01:24:30,-152.380781376446,-24.2737944299304,0,23,23,23,6,-24.2737944299304
01-Aug-2026 01:24:32,-151.813399026629,-23.706412080113,0,23,23,23,6,-23.706412080113
01-Aug-2026 01:24:34,-151.96014446822,-23.8531575217042,0,23,23,23,5,-23.8531575217042
01-Aug-2026 01:24:36,-151.529292026325,-23.4223050798093,0,23,23,23,4,-23.4223050798093
01-Aug-2026 01:24:38,-151.119001254988,-23.012014308472,0,24,24,24,4,-23.012014308472
01-Aug-2026 01:24:40,-150.63659282325,-22.5296058767339,0,24,24,24,4,-22.5296058767339
01-Aug-2026 01:24:42,-151.538488006521,-23.4315010600051,0,24,24,24,4,-23.4315010600051
01-Aug-2026 01:24:44,-150.903861721326,-22.7968747748097,0,24,24,24,4,-22.7968747748097
01-Aug-2026 01:24:46,-150.879727895716,-22.7727409492,0,24,24,24,5,-22.7727409492
01-Aug-2026 01:24:48,-150.524347234339,-22.4173602878235,0,24,24,24,5,-22.4173602878235
01-Aug-2026 01:24:50,-149.555844688146,-21.4488577416298,0,24,24,24,5,-21.4488577416298
01-Aug-2026 01:24:52,-148.882928491332,-20.7759415448163,0,24,24,24,4,-20.7759415448163
01-Aug-2026 01:24:54,-148.19119640136,-20.0842094548438,0,24,24,24,4,-20.0842094548438
01-Aug-2026 01:24:56,-147.963420918837,-19.8564339723216,0,24,24,24,4,-19.8564339723216
01-Aug-2026 01:24:58,-147.366286094215,-19.259299147699,0,24,24,24,4,-19.259299147699
01-Aug-2026 01:25:00,-147.132902919478,-19.0259159729622,0,24,24,24,4,-19.0259159729622
01-Aug-2026 01:25:02,-167.640352506306,-39.5333655597899,0,24,24,24,5,-17.3362379628594
01-Aug-2026 01:25:04,-164.960585306723,-36.8535983602069,0,23,23,23,6,-17.0154761120634
01-Aug-2026 01:25:06,-167.006177705153,-38.8991907586372,0,23,23,23,5,-38.8991907586372
01-Aug-2026 01:25:08,-164.570101856152,-36.4631149096359,0,23,23,23,6,-36.4631149096359
01-Aug-2026 01:25:10,-164.247085184553,-36.1400982380368,0,24,24,24,7,-36.1400982380368
01-Aug-2026 01:25:12,-154.017055660252,-25.9100687137366,0,24,24,24,8,-25.9100687137366
01-Aug-2026 01:25:14,-153.349086226357,-25.2420992798407,0,25,25,25,9,-25.2420992798407
01-Aug-2026 01:25:16,-152.591208434817,-24.4842214883009,0,25,25,25,9,-24.4842214883009
01-Aug-2026 01:25:18,-151.648470080507,-23.5414831339913,0,25,25,25,8,-23.5414831339913
01-Aug-2026 01:25:20,-163.805209434294,-35.6982224877778,0,25,25,25,9,-23.1395357282333
01-Aug-2026 01:25:22,-163.175225117895,-35.068238171379,0,25,25,25,10,-35.068238171379
01-Aug-2026 01:25:24,-163.324377596404,-35.2173906498886,0,25,25,25,9,-35.2173906498886
01-Aug-2026 01:25:26,-160.56170794943,-32.4547210029139,0,25,25,25,9,-32.4547210029139
01-Aug-2026 01:25:28,-160.621225198377,-32.5142382518609,0,25,25,25,9,-32.5142382518609
01-Aug-2026 01:25:30,-160.798804828713,-32.6918178821968,0,26,26,26,8,-32.6918178821968
01-Aug-2026 01:25:32,-165.641346595853,-37.5343596493376,0,26,26,26,8,-37.5343596493376
01-Aug-2026 01:25:34,-165.945201657098,-37.8382147105824,0,26,26,26,8,-37.8382147105824
01-Aug-2026 01:25:36,-166.151492440456,-38.0445054939404,0,26,26,26,7,-38.0445054939404
01-Aug-2026 01:25:38,-166.39354643744,-38.2865594909238,0,26,26,26,7,-38.2865594909238
01-Aug-2026 01:25:40,-165.700756880113,-37.5937699335969,0,26,26,26,7,-37.5937699335969
01-Aug-2026 01:25:42,-166.094389424445,-37.9874024779293,0,26,26,26,8,-37.9874024779293
01-Aug-2026 01:25:44,-165.863526141155,-37.7565391946391,0,26,26,26,8,-37.7565391946391
01-Aug-2026 01:25:46,-165.206244386597,-37.0992574400811,0,27,27,27,8,-37.0992574400811
01-Aug-2026 01:25:48,-170.765095212428,-42.6581082659118,0,27,27,27,7,-42.6581082659118
01-Aug-2026 01:25:50,-170.871601280771,-42.7646143342551,0,27,27,27,7,-42.7646143342551
01-Aug-2026 01:25:52,-177.756372690782,-49.6493857442666,0,28,28,28,6,-49.6493857442666
01-Aug-2026 01:25:54,-177.854642851895,-49.7476559053792,0,28,28,28,6,-49.7476559053792
01-Aug-2026 01:25:56,-178.27673973939,-50.1697527928744,0,27,27,27,5,-50.1697527928744
01-Aug-2026 01:25:58,-178.679082480299,-50.5720955337827,0,27,27,27,5,-50.5720955337827
01-Aug-2026 01:26:00,-173.993690670775,-45.8867037242595,0,27,27,27,5,-45.8867037242595
01-Aug-2026 01:26:02,-178.714743849538,-50.6077569030225,0,27,27,27,5,-50.6077569030225
01-Aug-2026 01:26:04,-173.836655821636,-45.7296688751203,0,26,26,26,5,-45.7296688751203
01-Aug-2026 01:26:06,-173.601507646883,-45.4945207003671,0,26,26,26,5,-45.4945207003671
01-Aug-2026 01:26:08,-173.159919007582,-45.0529320610666,0,26,26,26,5,-45.0529320610666
01-Aug-2026 01:26:10,-173.288006636401,-45.181019689885,0,26,26,26,5,-45.181019689885
01-Aug-2026 01:26:12,-173.341304361326,-45.2343174148097,0,26,26,26,4,-45.2343174148097
01-Aug-2026 01:26:14,-173.134666298762,-45.0276793522465,0,26,26,26,5,-45.0276793522465
01-Aug-2026 01:26:16,-173.317014920733,-45.2100279742167,0,26,26,26,5,-45.2100279742167
01-Aug-2026 01:26:18,-163.000199724458,-34.893212777942,0,27,27,27,6,-34.893212777942
01-Aug-2026 01:26:20,-163.129768056918,-35.022781110402,0,27,27,27,6,-35.022781110402
01-Aug-2026 01:26:22,-162.809624322725,-34.7026373762089,0,27,27,27,5,-34.7026373762089
01-Aug-2026 01:26:24,-162.491866921846,-34.3848799753305,0,27,27,27,4,-34.3848799753305
01-Aug-2026 01:26:26,-162.431725603814,-34.3247386572986,0,27,27,27,4,-34.3247386572986
01-Aug-2026 01:26:28,-162.622809992445,-34.5158230459293,0,27,27,27,4,-34.5158230459293
01-Aug-2026 01:26:30,-162.82814686877,-34.7211599222542,0,26,26,26,3,-34.7211599222542
01-Aug-2026 01:26:32,-163.257669374426,-35.1506824279103,0,26,26,26,3,-35.1506824279103
01-Aug-2026 01:26:34,-178.473302592239,-50.3663156457234,0,26,26,26,2,-50.3663156457234
01-Aug-2026 01:26:36,-172.515513033831,-44.4085260873147,0,26,26,26,4,-44.4085260873147
01-Aug-2026 01:26:38,-172.759039198132,-44.6520522516162,0,26,26,26,4,-44.6520522516162
01-Aug-2026 01:26:40,-164.761756294622,-36.654769348106,0,26,26,26,5,-36.654769348106
01-Aug-2026 01:26:42,-164.145926147303,-36.0389392007875,0,25,25,25,5,-36.0389392007875
01-Aug-2026 01:26:44,-172.013939401826,-43.9069524553105,0,25,25,25,4,-43.9069524553105
01-Aug-2026 01:26:46,-171.885255547685,-43.7782686011694,0,25,25,25,3,-43.7782686011694
01-Aug-2026 01:26:48,-165.871535655233,-37.7645487087175,0,26,26,26,4,-37.7645487087175
01-Aug-2026 01:26:50,-165.643750316286,-37.5367633697706,0,26,26,26,4,-37.5367633697706
01-Aug-2026 01:26:52,-165.270722438112,-37.1637354915959,0,26,26,26,3,-37.1637354915959
01-Aug-2026 01:26:54,-170.552717264902,-42.4457303183866,0,26,26,26,2,-42.4457303183866
01-Aug-2026 01:26:56,-170.979175162163,-42.8721882156467,0,26,26,26,2,-42.8721882156467
01-Aug-2026 01:26:58,-174.276616858623,-46.1696299121076,0,26,26,26,2,-46.1696299121076
01-Aug-2026 01:27:00,-177.586207422715,-49.4792204761988,0,26,26,26,1,-49.4792204761988
01-Aug-2026 01:27:02,-177.316907098628,-49.2099201521124,0,26,26,26,2,-49.2099201521124
01-Aug-2026 01:27:04,-177.844857100506,-49.7378701539899,0,26,26,26,1,-49.7378701539899
01-Aug-2026 01:27:06,-177.648037337486,-49.5410503909702,0,26,26,26,1,-49.5410503909702
01-Aug-2026 01:27:08,-177.308103593576,-49.2011166470599,0,26,26,26,1,-49.2011166470599
01-Aug-2026 01:27:10,-175.336630945567,-47.2296439990509,0,26,26,26,2,-47.2296439990509
01-Aug-2026 01:27:12,-175.576969749456,-47.4699828029397,0,25,25,25,2,-47.4699828029397
01-Aug-2026 01:27:14,-175.591149383878,-47.4841624373619,0,25,25,25,2,-47.4841624373619
01-Aug-2026 01:27:16,-175.896050321862,-47.7890633753459,0,25,25,25,2,-47.7890633753459
01-Aug-2026 01:27:18,-175.827289959952,-47.7203030134357,0,25,25,25,2,-47.7203030134357
01-Aug-2026 01:27:20,-176.079281792165,-47.9722948456491,0,25,25,25,2,-47.9722948456491
01-Aug-2026 01:27:22,-176.099673574219,-47.9926866277033,0,24,24,24,4,-47.9926866277033
01-Aug-2026 01:27:24,-175.68132275257,-47.5743358060543,0,24,24,24,5,-47.5743358060543
01-Aug-2026 01:27:26,-175.76415033958,-47.6571633930644,0,24,24,24,5,-47.6571633930644
01-Aug-2026 01:27:28,-175.911687666764,-47.8047007202484,0,24,24,24,3,-47.8047007202484
01-Aug-2026 01:27:30,-182.822903010053,-54.7159160635373,0,24,24,24,1,-54.7159160635373
01-Aug-2026 01:27:32,-183.425648007157,-55.3186610606413,0,23,23,23,1,-55.3186610606413
01-Aug-2026 01:27:34,-184.670784982565,-56.5637980360493,0,22,22,22,1,-56.5637980360493
01-Aug-2026 01:27:36,-185.222111672521,-57.1151247260056,0,22,22,22,1,-57.1151247260056
01-Aug-2026 01:27:38,-185.936955627144,-57.8299686806286,0,22,22,22,1,-57.8299686806286
01-Aug-2026 01:27:40,-185.588303268058,-57.481316321542,0,22,22,22,1,-57.481316321542
01-Aug-2026 01:27:42,-185.546367927415,-57.4393809808989,0,22,22,22,1,-57.4393809808989
01-Aug-2026 01:27:44,-156.186145471621,-28.0791585251055,0,22,22,22,2,-28.0791585251055
01-Aug-2026 01:27:46,-155.91528344591,-27.8082964993942,0,22,22,22,2,-27.8082964993942
01-Aug-2026 01:27:48,-155.637474255674,-27.5304873091585,0,22,22,22,2,-27.5304873091585
01-Aug-2026 01:27:50,-156.250410557111,-28.1434236105949,0,22,22,22,2,-28.1434236105949
01-Aug-2026 01:27:52,-156.83345669197,-28.7264697454542,0,22,22,22,5,-28.7264697454542
01-Aug-2026 01:27:54,-157.136480977761,-29.0294940312456,0,22,22,22,5,-29.0294940312456
01-Aug-2026 01:27:56,-157.542000181056,-29.43501323454,0,23,23,23,4,-29.43501323454
01-Aug-2026 01:27:58,-158.854843339174,-30.7478563926583,0,23,23,23,5,-30.7478563926583
01-Aug-2026 01:28:00,-158.919612949029,-30.8126260025128,0,23,23,23,5,-30.8126260025128
01-Aug-2026 01:28:02,-159.100562197043,-30.9935752505268,0,23,23,23,5,-30.9935752505268
01-Aug-2026 01:28:04,-159.165665722489,-31.0586787759733,0,23,23,23,4,-31.0586787759733
01-Aug-2026 01:28:06,-159.273125360537,-31.1661384140212,0,22,22,22,3,-31.1661384140212
01-Aug-2026 01:28:08,-159.479255091771,-31.3722681452554,0,22,22,22,3,-31.3722681452554
01-Aug-2026 01:28:10,-157.70452469535,-29.5975377488342,0,23,23,23,4,-29.5975377488342
01-Aug-2026 01:28:12,-157.659006273714,-29.5520193271979,0,23,23,23,4,-29.5520193271979
01-Aug-2026 01:28:14,-157.41080675107,-29.303819804554,0,23,23,23,5,-29.303819804554
01-Aug-2026 01:28:16,-157.290708911545,-29.1837219650295,0,23,23,23,5,-29.1837219650295
01-Aug-2026 01:28:18,-157.161770963829,-29.0547840173132,0,23,23,23,5,-29.0547840173132
01-Aug-2026 01:28:20,-159.543159483333,-31.4361725368173,0,23,23,23,4,-31.4361725368173
01-Aug-2026 01:28:22,-160.537559569632,-32.4305726231159,0,23,23,23,4,-32.4305726231159
01-Aug-2026 01:28:24,-160.284155491889,-32.1771685453736,0,23,23,23,3,-32.1771685453736
01-Aug-2026 01:28:26,-154.573839370517,-26.4668524240011,0,23,23,23,4,-26.4668524240011
01-Aug-2026 01:28:28,-160.672323516055,-32.5653365695395,0,23,23,23,5,-32.5653365695395
01-Aug-2026 01:28:30,-159.243910121075,-31.1369231745591,0,23,23,23,4,-31.1369231745591
01-Aug-2026 01:28:32,-159.497482995527,-31.3904960490109,0,23,23,23,5,-31.3904960490109
01-Aug-2026 01:28:34,-160.011873576864,-31.9048866303481,0,23,23,23,5,-31.9048866303481
01-Aug-2026 01:28:36,-159.611397356101,-31.5044104095849,0,24,24,24,4,-31.5044104095849
01-Aug-2026 01:28:38,-159.513887379443,-31.4069004329272,0,24,24,24,5,-31.4069004329272
01-Aug-2026 01:28:40,-158.335385199234,-30.2283982527178,0,24,24,24,5,-30.2283982527178
01-Aug-2026 01:28:42,-158.111975763937,-30.0049888174212,0,24,24,24,6,-30.0049888174212
01-Aug-2026 01:28:44,-157.631398965699,-29.5244120191828,0,24,24,24,6,-29.5244120191828
01-Aug-2026 01:28:46,-157.163659110587,-29.0566721640711,0,24,24,24,7,-29.0566721640711
01-Aug-2026 01:28:48,-157.442544901614,-29.3355579550985,0,24,24,24,7,-29.3355579550985
01-Aug-2026 01:28:50,-156.891986873888,-28.7849999273718,0,24,24,24,7,-28.7849999273718
01-Aug-2026 01:28:52,-156.261871945625,-28.1548849991089,0,24,24,24,7,-28.1548849991089
01-Aug-2026 01:28:54,-156.659725344656,-28.55273839814,0,23,23,23,7,-28.55273839814
01-Aug-2026 01:28:56,-156.351290341693,-28.2443033951775,0,23,23,23,7,-28.2443033951775
01-Aug-2026 01:28:58,-156.914355177329,-28.8073682308135,0,25,25,25,5,-28.8073682308135
01-Aug-2026 01:29:00,-156.045987728237,-27.9390007817213,0,25,25,25,5,-27.9390007817213
01-Aug-2026 01:29:02,-182.827384943994,-54.7203979974776,0,25,25,25,4,-54.7203979974776
01-Aug-2026 01:29:04,-182.609098751993,-54.5021118054773,0,25,25,25,5,-54.5021118054773
01-Aug-2026 01:29:06,-182.40843754721,-54.3014506006941,0,25,25,25,5,-54.3014506006941
01-Aug-2026 01:29:08,-182.175049520588,-54.0680625740723,0,25,25,25,5,-54.0680625740723
01-Aug-2026 01:29:10,-182.277794883977,-54.1708079374607,0,25,25,25,5,-54.1708079374607
01-Aug-2026 01:29:12,-182.1247090029,-54.0177220563837,0,25,25,25,5,-54.0177220563837
01-Aug-2026 01:29:14,-185.421662367702,-57.314675421186,0,25,25,25,3,-57.314675421186
01-Aug-2026 01:29:16,-184.594445649992,-56.4874587034759,0,25,25,25,3,-56.4874587034759
01-Aug-2026 01:29:18,-184.878765576922,-56.7717786304064,0,25,25,25,3,-56.7717786304064
01-Aug-2026 01:29:20,-185.525874741248,-57.4188877947322,0,26,26,26,3,-57.4188877947322
01-Aug-2026 01:29:22,-184.707913942292,-56.6009269957761,0,26,26,26,3,-56.6009269957761
01-Aug-2026 01:29:24,-184.393209434887,-56.2862224883708,0,26,26,26,4,-56.2862224883708
01-Aug-2026 01:29:26,-184.263343501796,-56.15635655528,0,26,26,26,5,-56.15635655528
01-Aug-2026 01:29:28,-184.715049369054,-56.6080624225382,0,26,26,26,4,-56.6080624225382
01-Aug-2026 01:29:30,-180.377474185444,-52.2704872389283,0,26,26,26,5,-52.2704872389283
01-Aug-2026 01:29:32,-180.41541655749,-52.3084296109744,0,26,26,26,5,-52.3084296109744
01-Aug-2026 01:29:34,-180.666212892122,-52.5592259456056,0,26,26,26,4,-52.5592259456056
01-Aug-2026 01:29:36,-180.414067568763,-52.3070806222473,0,27,27,27,4,-52.3070806222473
01-Aug-2026 01:29:38,-182.707192912719,-54.600205966203,0,27,27,27,2,-54.600205966203
01-Aug-2026 01:29:40,-182.538123774406,-54.4311368278898,0,27,27,27,2,-54.4311368278898
01-Aug-2026 01:29:42,-189.133709476657,-61.0267225301408,0,28,28,28,2,-61.0267225301408
01-Aug-2026 01:29:44,-170.401703927387,-42.2947169808716,0,28,28,28,2,-42.2947169808716
01-Aug-2026 01:29:46,-170.16320348262,-42.0562165361043,0,28,28,28,3,-42.0562165361043
01-Aug-2026 01:29:48,-170.500281144927,-42.3932941984113,0,28,28,28,3,-42.3932941984113
01-Aug-2026 01:29:50,-170.769876112412,-42.6628891658962,0,27,27,27,4,-42.6628891658962
01-Aug-2026 01:29:52,-170.76030939563,-42.6533224491146,0,27,27,27,5,-42.6533224491146
01-Aug-2026 01:29:54,-170.752306857007,-42.6453199104916,0,26,26,26,5,-42.6453199104916
01-Aug-2026 01:29:56,-170.250499385758,-42.1435124392425,0,26,26,26,6,-42.1435124392425
01-Aug-2026 01:29:58,-167.87859943453,-39.7716124880137,0,26,26,26,6,-39.7716124880137
01-Aug-2026 01:30:00,-167.906508895965,-39.7995219494496,0,26,26,26,6,-39.7995219494496
01-Aug-2026 01:30:02,-167.797890858419,-39.6909039119033,0,26,26,26,6,-39.6909039119033
01-Aug-2026 01:30:04,-168.083397534201,-39.9764105876851,0,26,26,26,6,-39.9764105876851
01-Aug-2026 01:30:06,-167.92882196804,-39.8218350215243,0,26,26,26,5,-39.8218350215243
01-Aug-2026 01:30:08,-168.215770726474,-40.1087837799581,0,27,27,27,5,-40.1087837799581
01-Aug-2026 01:30:10,-164.003296844545,-35.8963098980287,0,27,27,27,5,-35.8963098980287
01-Aug-2026 01:30:12,-163.938669608271,-35.8316826617556,0,27,27,27,6,-35.8316826617556
01-Aug-2026 01:30:14,-163.959255510436,-35.8522685639206,0,27,27,27,7,-35.8522685639206
01-Aug-2026 01:30:16,-164.332579190072,-36.225592243556,0,27,27,27,9,-36.225592243556
01-Aug-2026 01:30:18,-155.800518026084,-27.6935310795681,0,28,28,28,9,-27.6935310795681
01-Aug-2026 01:30:20,-156.619314596404,-28.5123276498886,0,26,26,26,8,-28.5123276498886
01-Aug-2026 01:30:22,-157.242931727929,-29.1359447814132,0,26,26,26,8,-29.1359447814132
01-Aug-2026 01:30:24,-158.03596352085,-29.928976574334,0,26,26,26,8,-29.928976574334
01-Aug-2026 01:30:26,-159.116683271753,-31.009696325237,0,26,26,26,9,-31.009696325237
01-Aug-2026 01:30:28,-160.026787352788,-31.9198004062717,0,26,26,26,8,-31.9198004062717
01-Aug-2026 01:30:30,-160.76646834731,-32.6594814007937,0,26,26,26,8,-32.6594814007937
01-Aug-2026 01:30:32,-161.052111214768,-32.9451242682519,0,26,26,26,7,-32.9451242682519
01-Aug-2026 01:30:34,-161.203698583606,-33.0967116370904,0,26,26,26,7,-33.0967116370904
01-Aug-2026 01:30:36,-161.523655004758,-33.4166680582421,0,26,26,26,6,-33.4166680582421
01-Aug-2026 01:30:38,-160.927298557391,-32.8203116108747,0,26,26,26,6,-32.8203116108747
01-Aug-2026 01:30:40,-161.220823494634,-33.1138365481185,0,26,26,26,5,-33.1138365481185
01-Aug-2026 01:30:42,-161.414632389944,-33.307645443428,0,26,26,26,6,-33.307645443428
01-Aug-2026 01:30:44,-162.181553593842,-34.0745666473259,0,26,26,26,6,-34.0745666473259
01-Aug-2026 01:30:46,-161.565524888113,-33.458537941597,0,26,26,26,6,-33.458537941597
01-Aug-2026 01:30:48,-161.000820547305,-32.8938336007887,0,26,26,26,6,-32.8938336007887
01-Aug-2026 01:30:50,-160.940355539361,-32.8333685928456,0,26,26,26,5,-32.8333685928456
01-Aug-2026 01:30:52,-161.786674561706,-33.6796876151897,0,26,26,26,5,-33.6796876151897
01-Aug-2026 01:30:54,-165.377169454921,-37.2701825084049,0,26,26,26,4,-37.2701825084049
01-Aug-2026 01:30:56,-165.239441396642,-37.132454450126,0,26,26,26,4,-37.132454450126
01-Aug-2026 01:30:58,-165.275161982122,-37.1681750356059,0,26,26,26,5,-37.1681750356059
01-Aug-2026 01:31:00,-165.7057011095,-37.5987141629846,0,26,26,26,3,-37.5987141629846
01-Aug-2026 01:31:02,-165.611339991767,-37.5043530452511,0,25,25,25,3,-37.5043530452511
01-Aug-2026 01:31:04,-165.752975343122,-37.6459883966058,0,25,25,25,4,-37.6459883966058
01-Aug-2026 01:31:06,-165.94419093264,-37.8372039861243,0,25,25,25,4,-37.8372039861243
01-Aug-2026 01:31:08,-165.565905182513,-37.4589182359969,0,25,25,25,4,-37.4589182359969
01-Aug-2026 01:31:10,-141.541371770993,-13.4343848244773,0,24,24,24,4,-13.4343848244773
01-Aug-2026 01:31:12,-141.413797308449,-13.3068103619329,0,24,24,24,5,-13.3068103619329
01-Aug-2026 01:31:14,-141.468965136267,-13.3619781897514,0,24,24,24,6,-13.3619781897514
01-Aug-2026 01:31:16,-141.098117021864,-12.9911300753482,0,24,24,24,6,-12.9911300753482
01-Aug-2026 01:31:18,-141.035413955712,-12.9284270091962,0,22,22,22,7,-12.9284270091962
01-Aug-2026 01:31:20,-141.071339249491,-12.9643523029754,0,23,23,23,7,-12.9643523029754
01-Aug-2026 01:31:22,-141.220584169017,-13.1135972225016,0,23,23,23,8,-13.1135972225016
01-Aug-2026 01:31:24,-141.092885454604,-12.9858985080882,0,23,23,23,8,-12.9858985080882
01-Aug-2026 01:31:26,-141.094537217669,-12.9875502711528,0,23,23,23,7,-12.9875502711528
01-Aug-2026 01:31:28,-140.705597808219,-12.5986108617029,0,23,23,23,5,-12.5986108617029
01-Aug-2026 01:31:30,-140.982566243483,-12.8755792969667,0,23,23,23,6,-12.8755792969667
01-Aug-2026 01:31:32,-140.98139229098,-12.8744053444644,0,23,23,23,5,-12.8744053444644
01-Aug-2026 01:31:34,-141.143226842786,-13.0362398962704,0,22,22,22,5,-13.0362398962704
01-Aug-2026 01:31:36,-141.419572200756,-13.3125852542406,0,22,22,22,5,-13.3125852542406
01-Aug-2026 01:31:38,-141.738436706189,-13.6314497596732,0,22,22,22,6,-13.6314497596732
01-Aug-2026 01:31:40,-141.327104287778,-13.2201173412625,0,22,22,22,6,-13.2201173412625
01-Aug-2026 01:31:42,-141.738861578204,-13.6318746316886,0,22,22,22,6,-13.6318746316886
01-Aug-2026 01:31:44,-141.60863189187,-13.5016449453546,0,23,23,23,8,-13.5016449453546
01-Aug-2026 01:31:46,-141.663315944646,-13.5563289981299,0,23,23,23,8,-13.5563289981299
01-Aug-2026 01:31:48,-142.530584631785,-14.4235976852696,0,23,23,23,8,-14.4235976852696
01-Aug-2026 01:31:50,-142.637490633294,-14.5305036867782,0,23,23,23,8,-14.5305036867782
01-Aug-2026 01:31:52,-142.876676687246,-14.7696897407306,0,23,23,23,7,-14.7696897407306
01-Aug-2026 01:31:54,-143.383796274433,-15.2768093279174,0,23,23,23,7,-15.2768093279174
01-Aug-2026 01:31:56,-144.186397298498,-16.079410351982,0,24,24,24,8,-16.079410351982
01-Aug-2026 01:31:58,-144.705841190641,-16.5988542441256,0,23,23,23,6,-16.5988542441256
01-Aug-2026 01:32:00,-145.285892713798,-17.1789057672818,0,23,23,23,6,-17.1789057672818
01-Aug-2026 01:32:02,-144.965465611996,-16.8584786654799,0,23,23,23,5,-16.8584786654799
01-Aug-2026 01:32:04,-145.501756835187,-17.3947698886713,0,23,23,23,5,-17.3947698886713
01-Aug-2026 01:32:06,-145.838240803037,-17.7312538565208,0,23,23,23,6,-17.7312538565208
01-Aug-2026 01:32:08,-145.681504987799,-17.5745180412833,0,23,23,23,6,-17.5745180412833
01-Aug-2026 01:32:10,-146.170927172527,-18.0639402260116,0,23,23,23,6,-18.0639402260116
01-Aug-2026 01:32:12,-146.411410947835,-18.3044240013195,0,23,23,23,6,-18.3044240013195
01-Aug-2026 01:32:14,-146.872873035525,-18.7658860890088,0,23,23,23,7,-18.7658860890088
01-Aug-2026 01:32:16,-147.037855606689,-18.9308686601734,0,23,23,23,6,-18.9308686601734
01-Aug-2026 01:32:18,-147.730898923582,-19.6239119770661,0,23,23,23,6,-19.6239119770661
01-Aug-2026 01:32:20,-147.320050618512,-19.2130636719961,0,23,23,23,6,-19.2130636719961
01-Aug-2026 01:32:22,-157.470781748017,-29.363794801501,0,23,23,23,5,-29.363794801501
01-Aug-2026 01:32:24,-157.753731095748,-29.6467441492318,0,23,23,23,5,-29.6467441492318
01-Aug-2026 01:32:26,-161.680837793422,-33.5738508469065,0,23,23,23,3,-33.5738508469065
01-Aug-2026 01:32:28,-161.770953471334,-33.6639665248183,0,23,23,23,3,-33.6639665248183
01-Aug-2026 01:32:30,-161.662921895986,-33.5559349494699,0,23,23,23,3,-33.5559349494699
01-Aug-2026 01:32:32,-161.776591171232,-33.6696042247163,0,23,23,23,3,-33.6696042247163
01-Aug-2026 01:32:34,-161.573102514988,-33.4661155684717,0,23,23,23,3,-33.4661155684717
01-Aug-2026 01:32:36,-161.315353538844,-33.2083665923279,0,24,24,24,3,-33.2083665923279
01-Aug-2026 01:32:38,-161.310779599363,-33.2037926528467,0,24,24,24,3,-33.2037926528467
01-Aug-2026 01:32:40,-160.86351105613,-32.7565241096143,0,24,24,24,3,-32.7565241096143
01-Aug-2026 01:32:42,-161.43903393144,-33.3320469849243,0,24,24,24,3,-33.3320469849243
01-Aug-2026 01:32:44,-168.154570909242,-40.0475839627258,0,24,24,24,4,-40.0475839627258
01-Aug-2026 01:32:46,-167.973792399129,-39.866805452613,0,25,25,25,5,-39.866805452613
01-Aug-2026 01:32:48,-167.913414319123,-39.8064273726069,0,25,25,25,5,-39.8064273726069
01-Aug-2026 01:32:50,-167.854099544125,-39.7471125976096,0,25,25,25,6,-39.7471125976096
01-Aug-2026 01:32:52,-167.800409453148,-39.6934225066317,0,25,25,25,7,-39.6934225066317
01-Aug-2026 01:32:54,-168.035230454021,-39.9282435075055,0,25,25,25,7,-39.9282435075055
01-Aug-2026 01:32:56,-167.98294110031,-39.8759541537938,0,25,25,25,5,-39.8759541537938
01-Aug-2026 01:32:58,-167.819092132358,-39.7121051858418,0,25,25,25,5,-39.7121051858418
01-Aug-2026 01:33:00,-167.955736658016,-39.8487497114998,0,25,25,25,5,-39.8487497114998
01-Aug-2026 01:33:02,-168.995415313853,-40.8884283673375,0,25,25,25,4,-40.8884283673375
01-Aug-2026 01:33:04,-169.155747844409,-41.0487608978927,0,25,25,25,4,-41.0487608978927
01-Aug-2026 01:33:06,-168.708815094091,-40.6018281475753,0,25,25,25,4,-40.6018281475753
01-Aug-2026 01:33:08,-168.872323331096,-40.7653363845803,0,25,25,25,4,-40.7653363845803
01-Aug-2026 01:33:10,-168.390468214998,-40.2834812684818,0,25,25,25,5,-40.2834812684818
01-Aug-2026 01:33:12,-168.377549140693,-40.2705621941771,0,26,26,26,4,-40.2705621941771
01-Aug-2026 01:33:14,-168.918151478933,-40.811164532417,0,26,26,26,3,-40.811164532417
01-Aug-2026 01:33:16,-168.653180469134,-40.5461935226185,0,26,26,26,3,-40.5461935226185
01-Aug-2026 01:33:18,-168.149295886897,-40.042308940381,0,26,26,26,3,-40.042308940381
01-Aug-2026 01:33:20,-167.974328103632,-39.8673411571158,0,26,26,26,4,-39.8673411571158
01-Aug-2026 01:33:22,-167.749722222871,-39.6427352763553,0,26,26,26,4,-39.6427352763553
01-Aug-2026 01:33:24,-167.703593064811,-39.5966061182949,0,26,26,26,4,-39.5966061182949
01-Aug-2026 01:33:26,-168.028877247884,-39.9218903013678,0,27,27,27,5,-39.9218903013678
01-Aug-2026 01:33:28,-168.288963089237,-40.1819761427216,0,27,27,27,5,-40.1819761427216
01-Aug-2026 01:33:30,-167.846171191834,-39.7391842453178,0,27,27,27,4,-39.7391842453178
01-Aug-2026 01:33:32,-167.748064889994,-39.6410779434779,0,28,28,28,5,-39.6410779434779
01-Aug-2026 01:33:34,-168.006210512074,-39.8992235655577,0,28,28,28,5,-39.8992235655577
01-Aug-2026 01:33:36,-167.684622926028,-39.5776359795123,0,28,28,28,5,-39.5776359795123
01-Aug-2026 01:33:38,-168.010377092842,-39.9033901463264,0,28,28,28,5,-39.9033901463264
01-Aug-2026 01:33:40,-168.033491512626,-39.9265045661106,0,28,28,28,6,-39.9265045661106
01-Aug-2026 01:33:42,-168.005242472483,-39.8982555259668,0,27,27,27,5,-39.8982555259668
01-Aug-2026 01:33:44,-168.078525822103,-39.9715388755866,0,27,27,27,5,-39.9715388755866
01-Aug-2026 01:33:46,-161.533848983392,-33.4268620368765,0,26,26,26,5,-33.4268620368765
01-Aug-2026 01:33:48,-160.880833250737,-32.7738463042216,0,26,26,26,6,-32.7738463042216
01-Aug-2026 01:33:50,-160.054812598985,-31.9478256524687,0,27,27,27,6,-31.9478256524687
01-Aug-2026 01:33:52,-159.200517125213,-31.0935301786971,0,27,27,27,6,-31.0935301786971
01-Aug-2026 01:33:54,-159.116525212011,-31.0095382654955,0,27,27,27,6,-31.0095382654955
01-Aug-2026 01:33:56,-158.687683023556,-30.5806960770398,0,27,27,27,6,-30.5806960770398
01-Aug-2026 01:33:58,-158.344141476023,-30.2371545295075,0,27,27,27,6,-30.2371545295075
01-Aug-2026 01:34:00,-157.897699114293,-29.7907121677769,0,27,27,27,6,-29.7907121677769
01-Aug-2026 01:34:02,-157.818831315463,-29.7118443689474,0,27,27,27,7,-29.7118443689474
01-Aug-2026 01:34:04,-158.120714522995,-30.0137275764787,0,27,27,27,7,-30.0137275764787
01-Aug-2026 01:34:06,-157.769369021849,-29.6623820753327,0,27,27,27,6,-29.6623820753327
01-Aug-2026 01:34:08,-157.837820886929,-29.7308339404132,0,26,26,26,5,-29.7308339404132
01-Aug-2026 01:34:10,-157.594657058716,-29.4876701122004,0,26,26,26,6,-29.4876701122004
01-Aug-2026 01:34:12,-157.284739073505,-29.1777521269894,0,26,26,26,6,-29.1777521269894
01-Aug-2026 01:34:14,-156.744017353454,-28.6370304069383,0,26,26,26,5,-28.6370304069383
01-Aug-2026 01:34:16,-156.089335745647,-27.9823487991316,0,26,26,26,5,-27.9823487991316
01-Aug-2026 01:34:18,-157.063986532598,-28.9569995860823,0,26,26,26,4,-28.9569995860823
01-Aug-2026 01:34:20,-156.90259075335,-28.7956038068346,0,26,26,26,4,-28.7956038068346
01-Aug-2026 01:34:22,-156.11722555413,-28.010238607614,0,26,26,26,5,-28.010238607614
01-Aug-2026 01:34:24,-156.154726515529,-28.0477395690133,0,26,26,26,4,-28.0477395690133
01-Aug-2026 01:34:26,-156.121490021621,-28.0145030751049,0,26,26,26,5,-28.0145030751049
01-Aug-2026 01:34:28,-166.276013088411,-38.1690261418955,0,26,26,26,3,-38.1690261418955
01-Aug-2026 01:34:30,-166.178240745875,-38.0712537993594,0,26,26,26,4,-38.0712537993594
01-Aug-2026 01:34:32,-165.343421623928,-37.236434677412,0,26,26,26,5,-37.236434677412
01-Aug-2026 01:34:34,-169.221721293406,-41.1147343468897,0,26,26,26,4,-41.1147343468897
01-Aug-2026 01:34:36,-169.213310307557,-41.1063233610414,0,26,26,26,4,-41.1063233610414
01-Aug-2026 01:34:38,-169.319910559723,-41.2129236132071,0,26,26,26,4,-41.2129236132071
01-Aug-2026 01:34:40,-169.632425331216,-41.5254383847004,0,26,26,26,3,-41.5254383847004
01-Aug-2026 01:34:42,-170.273095974512,-42.1661090279964,0,26,26,26,3,-42.1661090279964
01-Aug-2026 01:34:44,-170.53548682957,-42.4284998830545,0,26,26,26,4,-42.4284998830545
01-Aug-2026 01:34:46,-170.146110937699,-42.0391239911834,0,26,26,26,3,-42.0391239911834
01-Aug-2026 01:34:48,-169.952084838481,-41.8450978919649,0,26,26,26,4,-41.8450978919649
01-Aug-2026 01:34:50,-169.912907105043,-41.805920158527,0,25,25,25,3,-41.805920158527
01-Aug-2026 01:34:52,-169.735763169902,-41.628776223386,0,25,25,25,3,-41.628776223386
01-Aug-2026 01:34:54,-170.495918862319,-42.3889319158034,0,25,25,25,2,-42.3889319158034
01-Aug-2026 01:34:56,-170.632433915389,-42.5254469688734,0,25,25,25,2,-42.5254469688734
01-Aug-2026 01:34:58,-190.440756025077,-62.3337690785608,0,24,24,24,1,-62.3337690785608
01-Aug-2026 01:35:00,-171.022605845265,-42.9156188987492,0,23,23,23,3,-42.9156188987492
01-Aug-2026 01:35:02,-171.72547555459,-43.6184886080738,0,23,23,23,2,-43.6184886080738
01-Aug-2026 01:35:04,-171.375784021735,-43.2687970752187,0,23,23,23,2,-43.2687970752187
01-Aug-2026 01:35:06,-171.639301391631,-43.5323144451147,0,23,23,23,2,-43.5323144451147
01-Aug-2026 01:35:08,-160.683518043318,-32.5765310968018,0,22,22,22,2,-32.5765310968018
01-Aug-2026 01:35:10,-160.597154440499,-32.490167493983,0,23,23,23,2,-32.490167493983
01-Aug-2026 01:35:12,-160.008231492502,-31.9012445459859,0,23,23,23,2,-31.9012445459859
01-Aug-2026 01:35:14,-159.761331033621,-31.6543440871049,0,23,23,23,2,-31.6543440871049
01-Aug-2026 01:35:16,-159.937072679649,-31.8300857331329,0,23,23,23,2,-31.8300857331329
01-Aug-2026 01:35:18,-159.886933641645,-31.7799466951295,0,23,23,23,2,-31.7799466951295
01-Aug-2026 01:35:20,-159.126352974626,-31.0193660281103,0,23,23,23,1,-31.0193660281103
01-Aug-2026 01:35:22,-158.497740280937,-30.3907533344208,0,23,23,23,1,-30.3907533344208
01-Aug-2026 01:35:24,-3076.52655568589,-2948.41956873937,0,23,23,23,0,-2948.41956873937
01-Aug-2026 01:35:26,-3076.52655568589,-2948.41956873937,0,23,23,23,0,-2948.41956873937
01-Aug-2026 01:35:28,-3076.52655568589,-2948.41956873937,0,23,23,23,0,-2948.41956873937
01-Aug-2026 01:35:30,-3076.52655568589,-2948.41956873937,0,23,23,23,0,-2948.41956873937
01-Aug-2026 01:35:32,-3076.52655568589,-2948.41956873937,0,23,23,23,0,-2948.41956873937
01-Aug-2026 01:35:34,-159.35812478955,-31.2511378430339,0,23,23,23,1,-31.2511378430339
01-Aug-2026 01:35:36,-159.320725869466,-31.2137389229501,0,23,23,23,1,-31.2137389229501
01-Aug-2026 01:35:38,-158.685641585924,-30.5786546394079,0,23,23,23,1,-30.5786546394079
01-Aug-2026 01:35:40,-158.630703571842,-30.5237166253259,0,23,23,23,1,-30.5237166253259
01-Aug-2026 01:35:42,-158.860639441713,-30.7536524951968,0,23,23,23,1,-30.7536524951968
01-Aug-2026 01:35:44,-158.753396260167,-30.6464093136516,0,24,24,24,2,-30.6464093136516
01-Aug-2026 01:35:46,-158.844242803716,-30.7372558572001,0,24,24,24,2,-30.7372558572001
01-Aug-2026 01:35:48,-159.351637050672,-31.2446501041559,0,23,23,23,2,-31.2446501041559
01-Aug-2026 01:35:50,-183.222746646542,-55.1157597000263,0,23,23,23,2,-55.1157597000263
01-Aug-2026 01:35:52,-183.819228984443,-55.7122420379269,0,23,23,23,2,-55.7122420379269
01-Aug-2026 01:35:54,-183.752875649749,-55.6458887032332,0,23,23,23,2,-55.6458887032332
01-Aug-2026 01:35:56,-183.936983358748,-55.8299964122318,0,23,23,23,2,-55.8299964122318
01-Aug-2026 01:35:58,-183.742342338993,-55.6353553924775,0,23,23,23,2,-55.6353553924775
01-Aug-2026 01:36:00,-184.093118654864,-55.9861317083483,0,23,23,23,2,-55.9861317083483
01-Aug-2026 01:36:02,-173.039205777077,-44.9322188305613,0,23,23,23,4,-44.9322188305613
01-Aug-2026 01:36:04,-173.000271135781,-44.8932841892652,0,23,23,23,4,-44.8932841892652
01-Aug-2026 01:36:06,-172.940084883756,-44.8330979372399,0,23,23,23,4,-44.8330979372399
01-Aug-2026 01:36:08,-172.852040963242,-44.7450540167259,0,23,23,23,4,-44.7450540167259
01-Aug-2026 01:36:10,-172.548922964126,-44.4419360176101,0,23,23,23,4,-44.4419360176101
01-Aug-2026 01:36:12,-171.633869843342,-43.5268828968266,0,23,23,23,3,-43.5268828968266
01-Aug-2026 01:36:14,-170.855719764073,-42.7487328175567,0,23,23,23,2,-42.7487328175567
01-Aug-2026 01:36:16,-169.970354695951,-41.8633677494353,0,23,23,23,2,-41.8633677494353
01-Aug-2026 01:36:18,-169.490272935684,-41.3832859891686,0,23,23,23,2,-41.3832859891686
01-Aug-2026 01:36:20,-168.882209170199,-40.7752222236834,0,23,23,23,2,-40.7752222236834
01-Aug-2026 01:36:22,-168.706174783627,-40.5991878371107,0,23,23,23,2,-40.5991878371107
01-Aug-2026 01:36:24,-168.45400224018,-40.3470152936641,0,23,23,23,3,-40.3470152936641
01-Aug-2026 01:36:26,-165.868390814782,-37.7614038682658,0,23,23,23,4,-37.7614038682658
01-Aug-2026 01:36:28,-165.13816136324,-37.0311744167241,0,23,23,23,4,-37.0311744167241
01-Aug-2026 01:36:30,-164.790513462075,-36.6835265155589,0,24,24,24,5,-36.6835265155589
01-Aug-2026 01:36:32,-168.44952167323,-40.3425347267138,0,24,24,24,5,-40.3425347267138
01-Aug-2026 01:36:34,-167.998954329602,-39.8919673830857,0,24,24,24,5,-39.8919673830857
01-Aug-2026 01:36:36,-168.6538223111,-40.5468353645837,0,24,24,24,5,-40.5468353645837
01-Aug-2026 01:36:38,-171.699620475234,-43.5926335287179,0,25,25,25,5,-43.5926335287179
01-Aug-2026 01:36:40,-170.756463393356,-42.6494764468399,0,25,25,25,5,-42.6494764468399
01-Aug-2026 01:36:42,-149.305230494917,-21.1982435484014,0,25,25,25,8,-21.1982435484014
01-Aug-2026 01:36:44,-147.845511144875,-19.7385241983586,0,25,25,25,9,-19.7385241983586
01-Aug-2026 01:36:46,-168.169416478398,-40.062429531882,0,25,25,25,9,-19.1063421189962
01-Aug-2026 01:36:48,-169.142160324148,-41.0351733776325,0,25,25,25,7,-17.964348763182
01-Aug-2026 01:36:50,-169.407029396073,-41.3000424495569,0,25,25,25,7,-41.3000424495569
01-Aug-2026 01:36:52,-169.635407128265,-41.5284201817487,0,25,25,25,7,-41.5284201817487
01-Aug-2026 01:36:54,-169.702261375975,-41.5952744294589,0,25,25,25,7,-14.1541447421002
01-Aug-2026 01:36:56,-169.726720314227,-41.6197333677109,0,25,25,25,6,-12.6344029569975
01-Aug-2026 01:36:58,-140.161529844465,-12.0545428979493,0,25,25,25,5,-12.0545428979493
01-Aug-2026 01:37:00,-138.406144146951,-10.2991572004354,0,25,25,25,5,-10.2991572004354
01-Aug-2026 01:37:02,-169.854394359088,-41.7474074125719,0,26,26,26,6,-8.18414954991229
01-Aug-2026 01:37:04,-170.245199964591,-42.1382130180751,0,26,26,26,6,-7.29881291208122
01-Aug-2026 01:37:06,-171.69005206673,-43.5830651202141,0,26,26,26,5,-43.5830651202141
01-Aug-2026 01:37:08,-171.350021057766,-43.2430341112497,0,26,26,26,5,-43.2430341112497
01-Aug-2026 01:37:10,-171.081476687257,-42.9744897407413,0,26,26,26,4,-42.9744897407413
01-Aug-2026 01:37:12,-170.420194669914,-42.3132077233978,0,26,26,26,4,-42.3132077233978
01-Aug-2026 01:37:14,-170.172144108035,-42.0651571615191,0,26,26,26,4,-42.0651571615191
01-Aug-2026 01:37:16,-191.372767627475,-63.2657806809589,0,27,27,27,3,-63.2657806809589
01-Aug-2026 01:37:18,-144.925967163024,-16.8189802165085,0,27,27,27,4,-16.8189802165085
01-Aug-2026 01:37:20,-145.457954711704,-17.350967765188,0,27,27,27,4,-17.350967765188
01-Aug-2026 01:37:22,-147.219513363961,-19.1125264174456,0,27,27,27,4,-19.1125264174456
01-Aug-2026 01:37:24,-148.753632608023,-20.6466456615076,0,29,29,29,5,-20.6466456615076
01-Aug-2026 01:37:26,-176.056449053693,-47.9494621071769,0,29,29,29,5,-47.9494621071769
01-Aug-2026 01:37:28,-173.755129863978,-45.6481429174622,0,29,29,29,6,-45.6481429174622
01-Aug-2026 01:37:30,-173.282013997843,-45.1750270513272,0,29,29,29,6,-45.1750270513272
01-Aug-2026 01:37:32,-173.224642881236,-45.1176559347206,0,29,29,29,6,-45.1176559347206
01-Aug-2026 01:37:34,-172.787878203503,-44.6808912569872,0,27,27,27,5,-44.6808912569872
01-Aug-2026 01:37:36,-173.389647936068,-45.2826609895517,0,26,26,26,4,-45.2826609895517
01-Aug-2026 01:37:38,-173.194881611774,-45.0878946652577,0,26,26,26,4,-45.0878946652577
01-Aug-2026 01:37:40,-174.988882165803,-46.8818952192869,0,26,26,26,3,-46.8818952192869
01-Aug-2026 01:37:42,-174.712544862327,-46.6055579158112,0,26,26,26,3,-46.6055579158112
01-Aug-2026 01:37:44,-175.005624044285,-46.8986370977695,0,26,26,26,4,-46.8986370977695
01-Aug-2026 01:37:46,-175.346145330665,-47.2391583841494,0,26,26,26,4,-47.2391583841494
01-Aug-2026 01:37:48,-175.137903840787,-47.0309168942713,0,26,26,26,4,-47.0309168942713
01-Aug-2026 01:37:50,-175.131188251588,-47.024201305072,0,27,27,27,5,-47.024201305072
01-Aug-2026 01:37:52,-175.158562673625,-47.0515757271088,0,27,27,27,4,-47.0515757271088
01-Aug-2026 01:37:54,-175.250109010789,-47.1431220642731,0,27,27,27,4,-47.1431220642731
01-Aug-2026 01:37:56,-175.473224494228,-47.366237547712,0,26,26,26,4,-47.366237547712
01-Aug-2026 01:37:58,-173.548614619107,-45.4416276725908,0,26,26,26,5,-45.4416276725908
01-Aug-2026 01:38:00,-153.40495655932,-25.297969612804,0,26,26,26,7,-25.297969612804
01-Aug-2026 01:38:02,-154.235914762064,-26.1289278155477,0,26,26,26,7,-26.1289278155477
01-Aug-2026 01:38:04,-154.169667490337,-26.0626805438209,0,26,26,26,6,-26.0626805438209
01-Aug-2026 01:38:06,-155.181176387066,-27.0741894405503,0,26,26,26,5,-27.0741894405503
01-Aug-2026 01:38:08,-155.359968170471,-27.2529812239556,0,26,26,26,4,-27.2529812239556
01-Aug-2026 01:38:10,-156.110432429192,-28.0034454826764,0,26,26,26,4,-28.0034454826764
01-Aug-2026 01:38:12,-156.692160388916,-28.5851734424004,0,26,26,26,4,-28.5851734424004
01-Aug-2026 01:38:14,-156.94090759177,-28.8339206452546,0,26,26,26,4,-28.8339206452546
01-Aug-2026 01:38:16,-157.533654320791,-29.4266673742756,0,26,26,26,5,-29.4266673742756
01-Aug-2026 01:38:18,-157.194130576622,-29.0871436301057,0,26,26,26,5,-29.0871436301057
01-Aug-2026 01:38:20,-157.660584642197,-29.5535976956812,0,26,26,26,5,-29.5535976956812
01-Aug-2026 01:38:22,-157.998257622801,-29.8912706762848,0,26,26,26,5,-29.8912706762848
01-Aug-2026 01:38:24,-158.951482987355,-30.8444960408394,0,26,26,26,6,-30.8444960408394
01-Aug-2026 01:38:26,-159.210174914077,-31.1031879675611,0,26,26,26,6,-31.1031879675611
01-Aug-2026 01:38:28,-159.412623125285,-31.305636178769,0,26,26,26,8,-31.305636178769
01-Aug-2026 01:38:30,-159.668689108645,-31.5617021621288,0,26,26,26,9,-31.5617021621288
01-Aug-2026 01:38:32,-156.014465086036,-27.9074781395201,0,26,26,26,8,-27.9074781395201
01-Aug-2026 01:38:34,-156.196041154826,-28.0890542083098,0,26,26,26,8,-28.0890542083098
01-Aug-2026 01:38:36,-156.238539562838,-28.1315526163222,0,26,26,26,7,-28.1315526163222
01-Aug-2026 01:38:38,-157.304550587473,-29.1975636409568,0,26,26,26,6,-29.1975636409568
01-Aug-2026 01:38:40,-157.698494805641,-29.5915078591247,0,25,25,25,5,-29.5915078591247
01-Aug-2026 01:38:42,-157.807483414787,-29.7004964682713,0,24,24,24,5,-29.7004964682713
01-Aug-2026 01:38:44,-157.600176090439,-29.4931891439229,0,24,24,24,5,-29.4931891439229
01-Aug-2026 01:38:46,-160.860905907338,-32.7539189608223,0,23,23,23,7,-32.7539189608223
01-Aug-2026 01:38:48,-160.963370452591,-32.8563835060749,0,23,23,23,7,-32.8563835060749
01-Aug-2026 01:38:50,-161.224107525835,-33.1171205793188,0,23,23,23,8,-33.1171205793188
01-Aug-2026 01:38:52,-161.665746317469,-33.5587593709535,0,23,23,23,7,-33.5587593709535
01-Aug-2026 01:38:54,-162.136987671875,-34.0300007253594,0,23,23,23,5,-34.0300007253594
01-Aug-2026 01:38:56,-168.124995705583,-40.0180087590675,0,22,22,22,4,-40.0180087590675
01-Aug-2026 01:38:58,-168.35424940105,-40.2472624545337,0,22,22,22,4,-40.2472624545337
01-Aug-2026 01:39:00,-168.087384830088,-39.9803978835724,0,22,22,22,4,-39.9803978835724
01-Aug-2026 01:39:02,-157.397332004725,-29.2903450582093,0,23,23,23,5,-29.2903450582093
01-Aug-2026 01:39:04,-157.712335849593,-29.6053489030769,0,23,23,23,5,-29.6053489030769
01-Aug-2026 01:39:06,-157.730878519867,-29.6238915733514,0,23,23,23,5,-29.6238915733514
01-Aug-2026 01:39:08,-157.100147501323,-28.9931605548071,0,23,23,23,7,-28.9931605548071
01-Aug-2026 01:39:10,-164.977418929133,-36.8704319826172,0,23,23,23,5,-36.8704319826172
01-Aug-2026 01:39:12,-163.992266510798,-35.8852795642822,0,23,23,23,5,-35.8852795642822
01-Aug-2026 01:39:14,-164.255114863449,-36.1481279169334,0,23,23,23,5,-36.1481279169334
01-Aug-2026 01:39:16,-164.161101094529,-36.0541141480128,0,23,23,23,6,-36.0541141480128
01-Aug-2026 01:39:18,-165.138322382542,-37.0313354360258,0,23,23,23,6,-37.0313354360258
01-Aug-2026 01:39:20,-167.029116431447,-38.922129484931,0,23,23,23,6,-38.922129484931
01-Aug-2026 01:39:22,-166.373540061776,-38.26655311526,0,24,24,24,3,-38.26655311526
01-Aug-2026 01:39:24,-166.374221119997,-38.2672341734815,0,24,24,24,3,-38.2672341734815
01-Aug-2026 01:39:26,-165.440356724784,-37.333369778268,0,24,24,24,4,-37.333369778268
01-Aug-2026 01:39:28,-165.356493163059,-37.2495062165435,0,24,24,24,4,-37.2495062165435
01-Aug-2026 01:39:30,-165.246936228185,-37.1399492816691,0,24,24,24,4,-37.1399492816691
01-Aug-2026 01:39:32,-164.362641766231,-36.2556548197153,0,24,24,24,5,-36.2556548197153
01-Aug-2026 01:39:34,-164.400459297239,-36.2934723507232,0,24,24,24,5,-36.2934723507232
01-Aug-2026 01:39:36,-144.027101858719,-15.9201149122032,0,24,24,24,7,-15.9201149122032
01-Aug-2026 01:39:38,-144.464059829124,-16.3570728826083,0,23,23,23,6,-16.3570728826083
01-Aug-2026 01:39:40,-145.468179339104,-17.3611923925882,0,23,23,23,5,-17.3611923925882
01-Aug-2026 01:39:42,-145.371861077408,-17.2648741308917,0,23,23,23,4,-17.2648741308917
01-Aug-2026 01:39:44,-145.582570088548,-17.4755831420319,0,23,23,23,3,-17.4755831420319
01-Aug-2026 01:39:46,-145.927718257492,-17.8207313109758,0,23,23,23,3,-17.8207313109758
01-Aug-2026 01:39:48,-146.311418580056,-18.2044316335403,0,23,23,23,3,-18.2044316335403
01-Aug-2026 01:39:50,-147.665420086484,-19.5584331399678,0,23,23,23,2,-19.5584331399678
01-Aug-2026 01:39:52,-147.942285164073,-19.8352982175573,0,23,23,23,2,-19.8352982175573
01-Aug-2026 01:39:54,-148.199174620154,-20.0921876736379,0,23,23,23,2,-20.0921876736379
01-Aug-2026 01:39:56,-148.692613613083,-20.5856266665669,0,23,23,23,2,-20.5856266665669
01-Aug-2026 01:39:58,-149.212615017141,-21.1056280706251,0,23,23,23,2,-21.1056280706251
01-Aug-2026 01:40:00,-150.200197033367,-22.0932100868512,0,23,23,23,2,-22.0932100868512
01-Aug-2026 01:40:02,-150.486888134545,-22.379901188029,0,23,23,23,2,-22.379901188029
01-Aug-2026 01:40:04,-150.319983082076,-22.21299613556,0,23,23,23,2,-22.21299613556
01-Aug-2026 01:40:06,-151.014661039657,-22.9076740931413,0,23,23,23,1,-22.9076740931413
01-Aug-2026 01:40:08,-151.779896428536,-23.6729094820201,0,23,23,23,2,-23.6729094820201
01-Aug-2026 01:40:10,-152.429196970707,-24.3222100241915,0,23,23,23,2,-24.3222100241915
01-Aug-2026 01:40:12,-153.439755349249,-25.3327684027329,0,23,23,23,2,-25.3327684027329
01-Aug-2026 01:40:14,-153.138948755891,-25.0319618093756,0,23,23,23,3,-25.0319618093756
01-Aug-2026 01:40:16,-153.169731614915,-25.0627446683995,0,24,24,24,3,-25.0627446683995
01-Aug-2026 01:40:18,-153.487947566912,-25.3809606203958,0,24,24,24,5,-25.3809606203958
01-Aug-2026 01:40:20,-154.047025102649,-25.9400381561327,0,24,24,24,5,-25.9400381561327
01-Aug-2026 01:40:22,-155.024389472685,-26.917402526169,0,25,25,25,4,-26.917402526169
01-Aug-2026 01:40:24,-168.554236619523,-40.4472496730069,0,25,25,25,5,-40.4472496730069
01-Aug-2026 01:40:26,-168.559189066319,-40.4522021198035,0,24,24,24,5,-40.4522021198035
01-Aug-2026 01:40:28,-168.493297168464,-40.386310221948,0,24,24,24,6,-40.386310221948
01-Aug-2026 01:40:30,-168.941743043093,-40.8347560965772,0,24,24,24,6,-40.8347560965772
01-Aug-2026 01:40:32,-168.948109791227,-40.8411228447112,0,24,24,24,6,-40.8411228447112
01-Aug-2026 01:40:34,-169.283215545481,-41.1762285989656,0,24,24,24,6,-41.1762285989656
01-Aug-2026 01:40:36,-169.320741278715,-41.213754332199,0,24,24,24,6,-41.213754332199
01-Aug-2026 01:40:38,-169.29338601558,-41.1863990690637,0,24,24,24,4,-41.1863990690637
01-Aug-2026 01:40:40,-168.859429535507,-40.7524425889908,0,24,24,24,4,-40.7524425889908
01-Aug-2026 01:40:42,-168.884011734202,-40.7770247876859,0,25,25,25,4,-40.7770247876859
01-Aug-2026 01:40:44,-167.824718109108,-39.7177311625923,0,25,25,25,6,-39.7177311625923
01-Aug-2026 01:40:46,-167.813455331671,-39.7064683851554,0,25,25,25,6,-39.7064683851554
01-Aug-2026 01:40:48,-167.892277195216,-39.7852902487005,0,25,25,25,6,-39.7852902487005
01-Aug-2026 01:40:50,-168.154712505373,-40.0477255588571,0,25,25,25,6,-40.0477255588571
01-Aug-2026 01:40:52,-168.367539176962,-40.2605522304459,0,25,25,25,4,-40.2605522304459
01-Aug-2026 01:40:54,-168.306776304121,-40.1997893576048,0,26,26,26,6,-40.1997893576048
01-Aug-2026 01:40:56,-168.472752813772,-40.3657658672559,0,26,26,26,6,-40.3657658672559
01-Aug-2026 01:40:58,-162.955751081797,-34.8487641352816,0,26,26,26,7,-34.8487641352816
01-Aug-2026 01:41:00,-162.904752671151,-34.7977657246346,0,27,27,27,9,-34.7977657246346
01-Aug-2026 01:41:02,-162.539502697236,-34.4325157507204,0,27,27,27,9,-34.4325157507204
01-Aug-2026 01:41:04,-162.501825779693,-34.3948388331776,0,27,27,27,8,-34.3948388331776
01-Aug-2026 01:41:06,-163.143656861237,-35.0366699147215,0,28,28,28,7,-35.0366699147215
01-Aug-2026 01:41:08,-163.230809625183,-35.1238226786668,0,28,28,28,7,-35.1238226786668
01-Aug-2026 01:41:10,-162.872417287482,-34.7654303409666,0,27,27,27,8,-34.7654303409666
01-Aug-2026 01:41:12,-163.159619338411,-35.0526323918947,0,27,27,27,7,-35.0526323918947
01-Aug-2026 01:41:14,-162.736277313891,-34.6292903673752,0,28,28,28,6,-34.6292903673752
01-Aug-2026 01:41:16,-169.461844586728,-41.3548576402124,0,28,28,28,5,-41.3548576402124
01-Aug-2026 01:41:18,-169.614654299519,-41.5076673530027,0,28,28,28,6,-41.5076673530027
01-Aug-2026 01:41:20,-169.550637382821,-41.4436504363055,0,28,28,28,6,-41.4436504363055
01-Aug-2026 01:41:22,-175.752160189962,-47.6451732434458,0,28,28,28,5,-47.6451732434458
01-Aug-2026 01:41:24,-175.797570370711,-47.6905834241953,0,28,28,28,5,-47.6905834241953
01-Aug-2026 01:41:26,-175.46512812591,-47.3581411793945,0,27,27,27,4,-47.3581411793945
01-Aug-2026 01:41:28,-152.846038374219,-24.7390514277032,0,26,26,26,4,-24.7390514277032
01-Aug-2026 01:41:30,-153.467954369309,-25.3609674227928,0,26,26,26,4,-25.3609674227928
01-Aug-2026 01:41:32,-153.783349862897,-25.6763629163815,0,26,26,26,4,-25.6763629163815
01-Aug-2026 01:41:34,-155.630109605911,-27.5231226593949,0,26,26,26,4,-27.5231226593949
01-Aug-2026 01:41:36,-155.811030508137,-27.7040435616211,0,26,26,26,3,-27.7040435616211
01-Aug-2026 01:41:38,-156.23378160356,-28.1267946570442,0,26,26,26,3,-28.1267946570442
01-Aug-2026 01:41:40,-157.185067001715,-29.0780800551992,0,26,26,26,3,-29.0780800551992
01-Aug-2026 01:41:42,-157.905393649742,-29.7984067032258,0,27,27,27,3,-29.7984067032258
01-Aug-2026 01:41:44,-158.832231574546,-30.7252446280304,0,26,26,26,5,-30.7252446280304
01-Aug-2026 01:41:46,-158.636660463781,-30.5296735172654,0,26,26,26,4,-30.5296735172654
01-Aug-2026 01:41:48,-154.01100735562,-25.9040204091039,0,26,26,26,5,-25.9040204091039
01-Aug-2026 01:41:50,-154.742216646292,-26.635229699776,0,26,26,26,4,-26.635229699776
01-Aug-2026 01:41:52,-155.11580667903,-27.0088197325136,0,26,26,26,4,-27.0088197325136
01-Aug-2026 01:41:54,-155.216878055214,-27.1098911086981,0,26,26,26,4,-27.1098911086981
01-Aug-2026 01:41:56,-155.461040953464,-27.3540540069478,0,26,26,26,4,-27.3540540069478
01-Aug-2026 01:41:58,-156.13341354618,-28.0264265996638,0,26,26,26,4,-28.0264265996638
01-Aug-2026 01:42:00,-156.783149610575,-28.6761626640596,0,26,26,26,4,-28.6761626640596
01-Aug-2026 01:42:02,-157.043076157306,-28.9360892107901,0,26,26,26,4,-28.9360892107901
01-Aug-2026 01:42:04,-157.716174894403,-29.6091879478874,0,26,26,26,4,-29.6091879478874
01-Aug-2026 01:42:06,-159.05667109247,-30.9496841459541,0,26,26,26,4,-30.9496841459541
01-Aug-2026 01:42:08,-160.814130308884,-32.7071433623685,0,26,26,26,2,-32.7071433623685
01-Aug-2026 01:42:10,-154.656267611727,-26.5492806652112,0,26,26,26,4,-26.5492806652112
01-Aug-2026 01:42:12,-155.536427307894,-27.4294403613785,0,26,26,26,4,-27.4294403613785
01-Aug-2026 01:42:14,-156.713158113063,-28.6061711665467,0,26,26,26,4,-28.6061711665467
01-Aug-2026 01:42:16,-157.495231452542,-29.3882445060264,0,26,26,26,4,-29.3882445060264
01-Aug-2026 01:42:18,-157.883924725463,-29.776937778947,0,26,26,26,4,-29.776937778947
01-Aug-2026 01:42:20,-158.185563091101,-30.078576144585,0,26,26,26,4,-30.078576144585
01-Aug-2026 01:42:22,-165.351220046095,-37.2442330995792,0,26,26,26,4,-37.2442330995792
01-Aug-2026 01:42:24,-178.81022634543,-50.7032393989137,0,25,25,25,3,-50.7032393989137
01-Aug-2026 01:42:26,-178.996463074844,-50.8894761283286,0,25,25,25,3,-50.8894761283286
01-Aug-2026 01:42:28,-178.744166472188,-50.6371795256722,0,25,25,25,4,-50.6371795256722
01-Aug-2026 01:42:30,-178.478076814323,-50.3710898678068,0,24,24,24,4,-50.3710898678068
01-Aug-2026 01:42:32,-178.695320327744,-50.5883333812277,0,24,24,24,4,-50.5883333812277
01-Aug-2026 01:42:34,-179.338812095563,-51.2318251490466,0,23,23,23,4,-51.2318251490466
01-Aug-2026 01:42:36,-179.940496175431,-51.8335092289151,0,23,23,23,4,-51.8335092289151
01-Aug-2026 01:42:38,-179.752710293438,-51.6457233469224,0,23,23,23,4,-51.6457233469224
01-Aug-2026 01:42:40,-179.834686358156,-51.7276994116402,0,23,23,23,4,-51.7276994116402
01-Aug-2026 01:42:42,-179.434187837047,-51.3272008905313,0,23,23,23,4,-51.3272008905313
01-Aug-2026 01:42:44,-180.220660464495,-52.1136735179792,0,22,22,22,4,-52.1136735179792
01-Aug-2026 01:42:46,-179.106285879701,-50.9992989331855,0,22,22,22,5,-50.9992989331855
01-Aug-2026 01:42:48,-179.456542500754,-51.3495555542384,0,22,22,22,5,-51.3495555542384
01-Aug-2026 01:42:50,-170.87791438094,-42.7709274344239,0,22,22,22,6,-42.7709274344239
01-Aug-2026 01:42:52,-170.856478765381,-42.7494918188651,0,23,23,23,5,-42.7494918188651
01-Aug-2026 01:42:54,-170.574901700862,-42.4679147543466,0,23,23,23,5,-42.4679147543466
01-Aug-2026 01:42:56,-181.222045687344,-53.1150587408281,0,23,23,23,4,-53.1150587408281
01-Aug-2026 01:42:58,-181.006820135753,-52.8998331892372,0,23,23,23,3,-52.8998331892372
01-Aug-2026 01:43:00,-166.709575619379,-38.6025886728628,0,23,23,23,6,-38.6025886728628
01-Aug-2026 01:43:02,-166.440418361364,-38.3334314148482,0,23,23,23,6,-38.3334314148482
01-Aug-2026 01:43:04,-166.268742222559,-38.1617552760429,0,23,23,23,5,-38.1617552760429
01-Aug-2026 01:43:06,-165.883325004195,-37.776338057679,0,23,23,23,5,-37.776338057679
01-Aug-2026 01:43:08,-166.13996497433,-38.0329780278146,0,23,23,23,5,-38.0329780278146
01-Aug-2026 01:43:10,-165.781270956447,-37.6742840099316,0,23,23,23,5,-37.6742840099316
01-Aug-2026 01:43:12,-163.987565114032,-35.8805781675157,0,24,24,24,5,-35.8805781675157
01-Aug-2026 01:43:14,-163.715651698258,-35.6086647517421,0,24,24,24,5,-35.6086647517421
01-Aug-2026 01:43:16,-165.994359329186,-37.8873723826703,0,24,24,24,4,-37.8873723826703
01-Aug-2026 01:43:18,-165.98594368661,-37.8789567400941,0,24,24,24,3,-37.8789567400941
01-Aug-2026 01:43:20,-165.39478166373,-37.2877947172139,0,25,25,25,4,-37.2877947172139
01-Aug-2026 01:43:22,-164.953616281405,-36.8466293348895,0,25,25,25,4,-36.8466293348895
01-Aug-2026 01:43:24,-164.839898857082,-36.7329119105665,0,25,25,25,4,-36.7329119105665
01-Aug-2026 01:43:26,-164.583699567386,-36.4767126208697,0,25,25,25,4,-36.4767126208697
01-Aug-2026 01:43:28,-164.520622174252,-36.4136352277359,0,24,24,24,4,-36.4136352277359
01-Aug-2026 01:43:30,-164.350566847729,-36.243579901213,0,23,23,23,6,-36.243579901213
01-Aug-2026 01:43:32,-164.199136642555,-36.0921496960388,0,23,23,23,6,-36.0921496960388
01-Aug-2026 01:43:34,-165.302933159134,-37.1959462126177,0,23,23,23,4,-37.1959462126177
01-Aug-2026 01:43:36,-165.323676565856,-37.2166896193397,0,23,23,23,4,-37.2166896193397
01-Aug-2026 01:43:38,-165.273547162744,-37.1665602162286,0,23,23,23,4,-37.1665602162286
01-Aug-2026 01:43:40,-165.178979544825,-37.071992598309,0,23,23,23,4,-37.071992598309
01-Aug-2026 01:43:42,-164.436076602973,-36.3290896564575,0,23,23,23,4,-36.3290896564575
01-Aug-2026 01:43:44,-163.925700379845,-35.8187134333288,0,23,23,23,3,-35.8187134333288
01-Aug-2026 01:43:46,-163.535283270696,-35.4282963241802,0,23,23,23,2,-35.4282963241802
01-Aug-2026 01:43:48,-163.572057705403,-35.4650707588875,0,23,23,23,2,-35.4650707588875
01-Aug-2026 01:43:50,-163.062704480239,-34.9557175337235,0,23,23,23,1,-34.9557175337235
01-Aug-2026 01:43:52,-162.567272869188,-34.4602859226718,0,23,23,23,1,-34.4602859226718
01-Aug-2026 01:43:54,-154.985696274676,-26.87870932816,0,23,23,23,2,-26.87870932816
01-Aug-2026 01:43:56,-155.505812389459,-27.398825442943,0,23,23,23,2,-27.398825442943
01-Aug-2026 01:43:58,-161.491423584233,-33.3844366377176,0,23,23,23,2,-33.3844366377176
01-Aug-2026 01:44:00,-161.761581032462,-33.6545940859466,0,23,23,23,2,-33.6545940859466
01-Aug-2026 01:44:02,-161.362678115825,-33.2556911693092,0,24,24,24,3,-33.2556911693092
01-Aug-2026 01:44:04,-168.558647568732,-40.4516606222159,0,24,24,24,2,-40.4516606222159
01-Aug-2026 01:44:06,-170.464049861794,-42.357062915278,0,24,24,24,1,-42.357062915278
01-Aug-2026 01:44:08,-170.218532271029,-42.1115453245135,0,24,24,24,1,-42.1115453245135
01-Aug-2026 01:44:10,-170.40130285082,-42.2943159043041,0,25,25,25,1,-42.2943159043041
01-Aug-2026 01:44:12,-169.84873709087,-41.7417501443545,0,25,25,25,1,-41.7417501443545
01-Aug-2026 01:44:14,-3076.52655568589,-2948.41956873937,0,25,25,25,0,-2948.41956873937
01-Aug-2026 01:44:16,-3076.52655568589,-2948.41956873937,0,24,24,24,0,-2948.41956873937
01-Aug-2026 01:44:18,-3076.52655568589,-2948.41956873937,0,24,24,24,0,-2948.41956873937
01-Aug-2026 01:44:20,-3076.52655568589,-2948.41956873937,0,24,24,24,0,-2948.41956873937
01-Aug-2026 01:44:22,-3076.52655568589,-2948.41956873937,0,24,24,24,0,-2948.41956873937
01-Aug-2026 01:44:24,-3076.52655568589,-2948.41956873937,0,24,24,24,0,-2948.41956873937
01-Aug-2026 01:44:26,-187.049881927509,-58.9428949809935,0,24,24,24,1,-58.9428949809935
01-Aug-2026 01:44:28,-186.581591928474,-58.4746049819577,0,24,24,24,1,-58.4746049819577
01-Aug-2026 01:44:30,-186.050729500018,-57.9437425535017,0,24,24,24,2,-57.9437425535017
01-Aug-2026 01:44:32,-185.870948415829,-57.7639614693128,0,24,24,24,2,-57.7639614693128
01-Aug-2026 01:44:34,-186.085588038102,-57.9786010915857,0,24,24,24,2,-57.9786010915857
01-Aug-2026 01:44:36,-185.735758254576,-57.6287713080602,0,25,25,25,2,-57.6287713080602
01-Aug-2026 01:44:38,-186.457053526554,-58.3500665800383,0,25,25,25,2,-58.3500665800383
01-Aug-2026 01:44:40,-186.378104301867,-58.271117355351,0,25,25,25,2,-58.271117355351
01-Aug-2026 01:44:42,-186.298394196304,-58.1914072497879,0,24,24,24,2,-58.1914072497879
01-Aug-2026 01:44:44,-186.274741050802,-58.1677541042858,0,25,25,25,2,-58.1677541042858
01-Aug-2026 01:44:46,-170.011546327077,-41.9045593805616,0,25,25,25,3,-41.9045593805616
01-Aug-2026 01:44:48,-145.6597144706,-17.5527275240837,0,26,26,26,4,-17.5527275240837
01-Aug-2026 01:44:50,-145.675059554072,-17.5680726075562,0,26,26,26,4,-17.5680726075562
01-Aug-2026 01:44:52,-145.443627413924,-17.3366404674084,0,26,26,26,4,-17.3366404674084
01-Aug-2026 01:44:54,-145.493417565192,-17.3864306186757,0,26,26,26,5,-17.3864306186757
01-Aug-2026 01:44:56,-146.072535741715,-17.9655487951988,0,27,27,27,4,-17.9655487951988
01-Aug-2026 01:44:58,-146.310220198792,-18.2032332522759,0,27,27,27,4,-18.2032332522759
01-Aug-2026 01:45:00,-146.499949645605,-18.3929626990891,0,27,27,27,2,-18.3929626990891
01-Aug-2026 01:45:02,-146.372473463201,-18.2654865166847,0,27,27,27,2,-18.2654865166847
01-Aug-2026 01:45:04,-146.695810388351,-18.5888234418348,0,28,28,28,2,-18.5888234418348
01-Aug-2026 01:45:06,-147.205138138566,-19.0981511920505,0,28,28,28,2,-19.0981511920505
01-Aug-2026 01:45:08,-169.232726874282,-41.1257399277661,0,28,28,28,2,-41.1257399277661
01-Aug-2026 01:45:10,-168.7968654276,-40.6898784810843,0,28,28,28,2,-40.6898784810843
01-Aug-2026 01:45:12,-168.85005791602,-40.7430709695041,0,28,28,28,2,-40.7430709695041
01-Aug-2026 01:45:14,-168.577321018358,-40.4703340718419,0,28,28,28,2,-40.4703340718419
01-Aug-2026 01:45:16,-194.630246386582,-66.5232594400657,0,27,27,27,1,-66.5232594400657
01-Aug-2026 01:45:18,-195.131710512157,-67.0247235656406,0,27,27,27,1,-67.0247235656406
01-Aug-2026 01:45:20,-194.614923581241,-66.5079366347248,0,26,26,26,1,-66.5079366347248
01-Aug-2026 01:45:22,-195.634847869216,-67.5278609227002,0,26,26,26,1,-67.5278609227002
01-Aug-2026 01:45:24,-195.871527557853,-67.7645406113376,0,26,26,26,1,-67.7645406113376
01-Aug-2026 01:45:26,-186.805098634916,-58.6981116884003,0,26,26,26,4,-58.6981116884003
01-Aug-2026 01:45:28,-186.756211052353,-58.6492241058376,0,26,26,26,4,-58.6492241058376
01-Aug-2026 01:45:30,-184.096304636467,-55.989317689951,0,26,26,26,5,-55.989317689951
01-Aug-2026 01:45:32,-184.525700463493,-56.4187135169776,0,26,26,26,4,-56.4187135169776
01-Aug-2026 01:45:34,-184.359435482007,-56.2524485354907,0,26,26,26,4,-56.2524485354907
01-Aug-2026 01:45:36,-184.297807303353,-56.1908203568373,0,26,26,26,4,-56.1908203568373
01-Aug-2026 01:45:38,-184.596225499074,-56.4892385525584,0,26,26,26,4,-56.4892385525584
01-Aug-2026 01:45:40,-184.544271769083,-56.4372848225673,0,26,26,26,4,-56.4372848225673
01-Aug-2026 01:45:42,-183.845792730759,-55.7388057842436,0,26,26,26,5,-55.7388057842436
01-Aug-2026 01:45:44,-183.594241741406,-55.4872547948906,0,26,26,26,5,-55.4872547948906
01-Aug-2026 01:45:46,-183.413201236166,-55.3062142896505,0,26,26,26,5,-55.3062142896505
01-Aug-2026 01:45:48,-182.527765464234,-54.4207785177179,0,26,26,26,6,-54.4207785177179
01-Aug-2026 01:45:50,-181.628651447239,-53.5216645007227,0,26,26,26,7,-53.5216645007227
01-Aug-2026 01:45:52,-182.95454064572,-54.847553699204,0,26,26,26,5,-54.847553699204
01-Aug-2026 01:45:54,-182.753159903476,-54.6461729569606,0,26,26,26,5,-54.6461729569606
01-Aug-2026 01:45:56,-183.115555083513,-55.0085681369974,0,26,26,26,4,-55.0085681369974
01-Aug-2026 01:45:58,-169.003987380338,-40.8970004338225,0,26,26,26,7,-40.8970004338225
01-Aug-2026 01:46:00,-169.430850611895,-41.3238636653788,0,26,26,26,6,-41.3238636653788
01-Aug-2026 01:46:02,-170.147336897011,-42.040349950495,0,26,26,26,5,-42.040349950495
01-Aug-2026 01:46:04,-169.912609146656,-41.8056222001402,0,25,25,25,6,-41.8056222001402
01-Aug-2026 01:46:06,-169.924538107474,-41.8175511609585,0,25,25,25,8,-41.8175511609585
01-Aug-2026 01:46:08,-169.581447074777,-41.4744601282607,0,25,25,25,6,-41.4744601282607
01-Aug-2026 01:46:10,-169.04600581804,-40.9390188715238,0,25,25,25,5,-40.9390188715238
01-Aug-2026 01:46:12,-169.200114450699,-41.093127504183,0,25,25,25,5,-41.093127504183
01-Aug-2026 01:46:14,-169.063896533917,-40.9569095874009,0,25,25,25,5,-40.9569095874009
01-Aug-2026 01:46:16,-169.058924988175,-40.9519380416594,0,25,25,25,5,-40.9519380416594
01-Aug-2026 01:46:18,-165.781081716105,-37.6740947695889,0,24,24,24,6,-37.6740947695889
01-Aug-2026 01:46:20,-169.252806812052,-41.1458198655363,0,24,24,24,6,-41.1458198655363
01-Aug-2026 01:46:22,-169.040442786351,-40.9334558398349,0,24,24,24,6,-40.9334558398349
01-Aug-2026 01:46:24,-168.903783248426,-40.7967963019098,0,23,23,23,6,-40.7967963019098
01-Aug-2026 01:46:26,-169.146063820177,-41.039076873661,0,23,23,23,6,-41.039076873661
01-Aug-2026 01:46:28,-159.973974632914,-31.8669876863983,0,23,23,23,7,-31.8669876863983
01-Aug-2026 01:46:30,-159.642769471588,-31.5357825250724,0,23,23,23,6,-31.5357825250724
01-Aug-2026 01:46:32,-159.967661552223,-31.8606746057073,0,22,22,22,6,-31.8606746057073
01-Aug-2026 01:46:34,-159.648111738554,-31.5411247920385,0,22,22,22,6,-31.5411247920385
01-Aug-2026 01:46:36,-159.162333479795,-31.0553465332793,0,22,22,22,7,-31.0553465332793
01-Aug-2026 01:46:38,-158.98019289809,-30.8732059515743,0,22,22,22,7,-30.8732059515743
01-Aug-2026 01:46:40,-158.57243229751,-30.465445350994,0,22,22,22,6,-30.465445350994
01-Aug-2026 01:46:42,-158.788745222387,-30.6817582758708,0,23,23,23,6,-30.6817582758708
01-Aug-2026 01:46:44,-158.483875301977,-30.3768883554607,0,23,23,23,6,-30.3768883554607
01-Aug-2026 01:46:46,-158.226500526158,-30.1195135796421,0,23,23,23,6,-30.1195135796421
01-Aug-2026 01:46:48,-157.882597014568,-29.7756100680517,0,23,23,23,6,-29.7756100680517
01-Aug-2026 01:46:50,-158.16628079076,-30.0592938442443,0,23,23,23,5,-30.0592938442443
01-Aug-2026 01:46:52,-158.130222529417,-30.0232355829014,0,23,23,23,5,-30.0232355829014
01-Aug-2026 01:46:54,-158.05592494175,-29.948937995234,0,23,23,23,5,-29.948937995234
01-Aug-2026 01:46:56,-157.82894944426,-29.7219624977443,0,23,23,23,5,-29.7219624977443
01-Aug-2026 01:46:58,-157.137737512702,-29.0307505661866,0,23,23,23,5,-29.0307505661866
01-Aug-2026 01:47:00,-157.07527703062,-28.9682900841043,0,24,24,24,5,-28.9682900841043
01-Aug-2026 01:47:02,-156.540601408288,-28.4336144617725,0,24,24,24,5,-28.4336144617725
01-Aug-2026 01:47:04,-156.214597007581,-28.1076100610654,0,24,24,24,5,-28.1076100610654
01-Aug-2026 01:47:06,-155.677970954253,-27.5709840077371,0,25,25,25,6,-27.5709840077371
01-Aug-2026 01:47:08,-155.439460996659,-27.3324740501428,0,25,25,25,6,-27.3324740501428
01-Aug-2026 01:47:10,-155.02668146959,-26.9196945230739,0,25,25,25,6,-26.9196945230739
01-Aug-2026 01:47:12,-154.610165096819,-26.5031781503027,0,25,25,25,7,-26.5031781503027
01-Aug-2026 01:47:14,-154.337152072138,-26.2301651256218,0,25,25,25,7,-26.2301651256218
01-Aug-2026 01:47:16,-154.605322398099,-26.4983354515829,0,25,25,25,6,-26.4983354515829
01-Aug-2026 01:47:18,-154.618659502795,-26.5116725562788,0,25,25,25,6,-26.5116725562788
01-Aug-2026 01:47:20,-154.897670897503,-26.7906839509876,0,24,24,24,4,-26.7906839509876
01-Aug-2026 01:47:22,-155.370764468845,-27.263777522329,0,24,24,24,5,-27.263777522329
01-Aug-2026 01:47:24,-154.922957253885,-26.8159703073694,0,23,23,23,5,-26.8159703073694
01-Aug-2026 01:47:26,-155.198120677642,-27.0911337311265,0,23,23,23,6,-27.0911337311265
01-Aug-2026 01:47:28,-155.215411162701,-27.1084242161849,0,23,23,23,9,-27.1084242161849
01-Aug-2026 01:47:30,-155.521224691815,-27.414237745299,0,23,23,23,9,-27.414237745299
01-Aug-2026 01:47:32,-156.142173286328,-28.0351863398119,0,23,23,23,8,-28.0351863398119
01-Aug-2026 01:47:34,-156.141589348624,-28.0346024021077,0,23,23,23,8,-28.0346024021077
01-Aug-2026 01:47:36,-155.653796027125,-27.5468090806095,0,23,23,23,8,-27.5468090806095
01-Aug-2026 01:47:38,-155.380086777669,-27.2730998311534,0,23,23,23,8,-27.2730998311534
01-Aug-2026 01:47:40,-155.213832065951,-27.1068451194348,0,23,23,23,7,-27.1068451194348
01-Aug-2026 01:47:42,-155.505985427496,-27.3989984809803,0,23,23,23,7,-27.3989984809803
01-Aug-2026 01:47:44,-155.314702173397,-27.2077152268814,0,23,23,23,5,-27.2077152268814
01-Aug-2026 01:47:46,-155.479834636589,-27.3728476900732,0,23,23,23,5,-27.3728476900732
01-Aug-2026 01:47:48,-155.774941990557,-27.6679550440415,0,23,23,23,5,-27.6679550440415
01-Aug-2026 01:47:50,-155.645812853994,-27.5388259074784,0,24,24,24,5,-27.5388259074784
01-Aug-2026 01:47:52,-167.112266480953,-39.0052795344376,0,24,24,24,4,-39.0052795344376
01-Aug-2026 01:47:54,-167.682798315595,-39.5758113690788,0,24,24,24,4,-39.5758113690788
01-Aug-2026 01:47:56,-166.268124461678,-38.1611375151617,0,24,24,24,4,-38.1611375151617
01-Aug-2026 01:47:58,-165.812783356755,-37.7057964102392,0,25,25,25,4,-37.7057964102392
01-Aug-2026 01:48:00,-165.305317678639,-37.1983307321231,0,25,25,25,4,-37.1983307321231
01-Aug-2026 01:48:02,-161.939663365484,-33.8326764189683,0,25,25,25,5,-33.8326764189683
01-Aug-2026 01:48:04,-161.714512570578,-33.6075256240625,0,25,25,25,5,-33.6075256240625
01-Aug-2026 01:48:06,-161.58611590261,-33.4791289560946,0,24,24,24,5,-33.4791289560946
01-Aug-2026 01:48:08,-161.231649684634,-33.124662738118,0,24,24,24,7,-33.124662738118
01-Aug-2026 01:48:10,-160.663312476758,-32.5563255302417,0,24,24,24,7,-32.5563255302417
01-Aug-2026 01:48:12,-160.410720004468,-32.3037330579521,0,24,24,24,6,-32.3037330579521
01-Aug-2026 01:48:14,-160.36436773345,-32.2573807869339,0,24,24,24,6,-32.2573807869339
01-Aug-2026 01:48:16,-160.210347199653,-32.1033602531371,0,24,24,24,6,-32.1033602531371
01-Aug-2026 01:48:18,-159.934395429157,-31.8274084826411,0,24,24,24,6,-31.8274084826411
01-Aug-2026 01:48:20,-163.742119309386,-35.6351323628706,0,24,24,24,5,-35.6351323628706
01-Aug-2026 01:48:22,-163.715508589485,-35.6085216429696,0,24,24,24,6,-35.6085216429696
01-Aug-2026 01:48:24,-145.315838734482,-17.2088517879666,0,24,24,24,7,-17.2088517879666
01-Aug-2026 01:48:26,-145.128359437684,-17.0213724911683,0,24,24,24,6,-17.0213724911683
01-Aug-2026 01:48:28,-145.188469552726,-17.0814826062098,0,24,24,24,6,-17.0814826062098
01-Aug-2026 01:48:30,-143.404048127937,-15.2970611814211,0,24,24,24,6,-15.2970611814211
01-Aug-2026 01:48:32,-142.929282581738,-14.8222956352225,0,24,24,24,6,-14.8222956352225
01-Aug-2026 01:48:34,-141.961274539116,-13.8542875926005,0,24,24,24,5,-13.8542875926005
01-Aug-2026 01:48:36,-141.407773853738,-13.3007869072225,0,25,25,25,4,-13.3007869072225
01-Aug-2026 01:48:38,-141.206736455261,-13.0997495087449,0,25,25,25,4,-13.0997495087449
01-Aug-2026 01:48:40,-179.806928877187,-51.6999419306711,0,25,25,25,5,-51.6999419306711
01-Aug-2026 01:48:42,-179.613901730176,-51.5069147836604,0,25,25,25,5,-51.5069147836604
01-Aug-2026 01:48:44,-179.730213730768,-51.6232267842524,0,25,25,25,5,-51.6232267842524
01-Aug-2026 01:48:46,-171.161671704187,-43.0546847576707,0,26,26,26,5,-43.0546847576707
01-Aug-2026 01:48:48,-180.027139398735,-51.9201524522189,0,26,26,26,4,-51.9201524522189
01-Aug-2026 01:48:50,-180.589796180509,-52.4828092339931,0,26,26,26,4,-52.4828092339931
01-Aug-2026 01:48:52,-180.685337244247,-52.5783502977314,0,26,26,26,4,-52.5783502977314
01-Aug-2026 01:48:54,-180.797015292481,-52.6900283459654,0,26,26,26,4,-52.6900283459654
01-Aug-2026 01:48:56,-179.740587882586,-51.6336009360706,0,27,27,27,4,-51.6336009360706
01-Aug-2026 01:48:58,-173.03653750266,-44.9295505561441,0,27,27,27,5,-44.9295505561441
01-Aug-2026 01:49:00,-173.126373887793,-45.0193869412767,0,28,28,28,5,-45.0193869412767
01-Aug-2026 01:49:02,-145.727321597783,-17.6203346512674,0,28,28,28,6,-17.6203346512674
01-Aug-2026 01:49:04,-145.730617979757,-17.6236310332416,0,28,28,28,6,-17.6236310332416
01-Aug-2026 01:49:06,-146.117433460863,-18.0104465143475,0,28,28,28,7,-18.0104465143475
01-Aug-2026 01:49:08,-146.382541537619,-18.2755545911027,0,27,27,27,7,-18.2755545911027
01-Aug-2026 01:49:10,-146.759244908699,-18.6522579621835,0,27,27,27,7,-18.6522579621835
01-Aug-2026 01:49:12,-146.924340674657,-18.8173537281408,0,26,26,26,5,-18.8173537281408
01-Aug-2026 01:49:14,-147.184229598637,-19.077242652121,0,26,26,26,6,-19.077242652121
01-Aug-2026 01:49:16,-147.752088118008,-19.6451011714923,0,26,26,26,6,-19.6451011714923
01-Aug-2026 01:49:18,-148.69206845694,-20.5850815104241,0,26,26,26,7,-20.5850815104241
01-Aug-2026 01:49:20,-157.481915085823,-29.3749281393074,0,25,25,25,6,-29.3749281393074
01-Aug-2026 01:49:22,-157.42269306288,-29.315706116364,0,25,25,25,5,-29.315706116364
01-Aug-2026 01:49:24,-157.334908034678,-29.2279210881623,0,26,26,26,6,-29.2279210881623
01-Aug-2026 01:49:26,-157.214934419692,-29.1079474731761,0,26,26,26,5,-29.1079474731761
01-Aug-2026 01:49:28,-156.85567491765,-28.748687971134,0,26,26,26,6,-28.748687971134
01-Aug-2026 01:49:30,-156.685315807276,-28.5783288607597,0,26,26,26,5,-28.5783288607597
01-Aug-2026 01:49:32,-156.607934925384,-28.5009479788685,0,26,26,26,5,-28.5009479788685
01-Aug-2026 01:49:34,-157.16316018144,-29.0561732349243,0,26,26,26,5,-29.0561732349243
01-Aug-2026 01:49:36,-157.205691091968,-29.0987041454521,0,26,26,26,6,-29.0987041454521
01-Aug-2026 01:49:38,-165.398659987244,-37.2916730407281,0,26,26,26,5,-37.2916730407281
01-Aug-2026 01:49:40,-165.789609507262,-37.6826225607457,0,26,26,26,4,-37.6826225607457
01-Aug-2026 01:49:42,-165.124296199471,-37.017309252955,0,26,26,26,4,-37.017309252955
01-Aug-2026 01:49:44,-165.191021639087,-37.0840346925715,0,26,26,26,4,-37.0840346925715
01-Aug-2026 01:49:46,-156.589788945282,-28.4828019987664,0,25,25,25,4,-28.4828019987664
01-Aug-2026 01:49:48,-164.832551586755,-36.7255646402391,0,25,25,25,3,-36.7255646402391
01-Aug-2026 01:49:50,-165.67612737727,-37.5691404307541,0,25,25,25,3,-37.5691404307541
01-Aug-2026 01:49:52,-165.917914858902,-37.8109279123863,0,25,25,25,3,-37.8109279123863
01-Aug-2026 01:49:54,-164.559402348393,-36.4524154018774,0,25,25,25,4,-36.4524154018774
01-Aug-2026 01:49:56,-164.152970093497,-36.0459831469813,0,25,25,25,4,-36.0459831469813
01-Aug-2026 01:49:58,-164.629845404021,-36.5228584575055,0,25,25,25,4,-36.5228584575055
01-Aug-2026 01:50:00,-164.341713640226,-36.2347266937101,0,25,25,25,4,-36.2347266937101
01-Aug-2026 01:50:02,-163.91855926353,-35.8115723170139,0,25,25,25,4,-35.8115723170139
01-Aug-2026 01:50:04,-163.329509490835,-35.2225225443191,0,25,25,25,4,-35.2225225443191
01-Aug-2026 01:50:06,-162.843116396733,-34.7361294502176,0,25,25,25,4,-34.7361294502176
01-Aug-2026 01:50:08,-162.872484750909,-34.7654978043935,0,24,24,24,3,-34.7654978043935
01-Aug-2026 01:50:10,-163.590757723455,-35.4837707769391,0,24,24,24,4,-35.4837707769391
01-Aug-2026 01:50:12,-162.890824743549,-34.7838377970334,0,23,23,23,4,-34.7838377970334
01-Aug-2026 01:50:14,-162.648223812044,-34.541236865528,0,23,23,23,4,-34.541236865528
01-Aug-2026 01:50:16,-161.738138684155,-33.6311517376389,0,23,23,23,5,-33.6311517376389
01-Aug-2026 01:50:18,-146.824509056371,-18.7175221098554,0,23,23,23,6,-18.7175221098554
01-Aug-2026 01:50:20,-146.817077425521,-18.7100904790052,0,22,22,22,6,-18.7100904790052
01-Aug-2026 01:50:22,-146.139736719016,-18.0327497725004,0,22,22,22,7,-18.0327497725004
01-Aug-2026 01:50:24,-145.732401919489,-17.6254149729733,0,22,22,22,7,-17.6254149729733
01-Aug-2026 01:50:26,-145.547793348944,-17.4408064024284,0,22,22,22,7,-17.4408064024284
01-Aug-2026 01:50:28,-145.439132507745,-17.3321455612288,0,22,22,22,7,-17.3321455612288
01-Aug-2026 01:50:30,-144.81209710304,-16.7051101565241,0,22,22,22,6,-16.7051101565241
01-Aug-2026 01:50:32,-144.525892567274,-16.4189056207582,0,23,23,23,6,-16.4189056207582
01-Aug-2026 01:50:34,-144.822857370194,-16.7158704236782,0,23,23,23,6,-16.7158704236782
01-Aug-2026 01:50:36,-144.689997888787,-16.5830109422707,0,23,23,23,6,-16.5830109422707
01-Aug-2026 01:50:38,-144.927018054792,-16.8200311082757,0,23,23,23,6,-16.8200311082757
01-Aug-2026 01:50:40,-145.288592994361,-17.1816060478449,0,23,23,23,6,-17.1816060478449
01-Aug-2026 01:50:42,-145.766811680361,-17.6598247338451,0,23,23,23,6,-17.6598247338451
01-Aug-2026 01:50:44,-159.500194059369,-31.3932071128532,0,23,23,23,5,-31.3932071128532
01-Aug-2026 01:50:46,-159.63820040461,-31.5312134580943,0,23,23,23,5,-31.5312134580943
01-Aug-2026 01:50:48,-158.957483868749,-30.8504969222327,0,23,23,23,6,-30.8504969222327
01-Aug-2026 01:50:50,-159.048766803924,-30.9417798574079,0,24,24,24,6,-30.9417798574079
01-Aug-2026 01:50:52,-159.071463272926,-30.9644763264102,0,24,24,24,5,-30.9644763264102
01-Aug-2026 01:50:54,-158.833669493448,-30.726682546932,0,25,25,25,5,-30.726682546932
01-Aug-2026 01:50:56,-158.711427830312,-30.604440883796,0,25,25,25,5,-30.604440883796
01-Aug-2026 01:50:58,-158.487604992405,-30.3806180458894,0,25,25,25,3,-30.3806180458894
01-Aug-2026 01:51:00,-158.473054783385,-30.3660678368695,0,25,25,25,3,-30.3660678368695
01-Aug-2026 01:51:02,-157.656711568378,-29.5497246218621,0,25,25,25,4,-29.5497246218621
01-Aug-2026 01:51:04,-166.962683515016,-38.8556965684999,0,25,25,25,3,-38.8556965684999
01-Aug-2026 01:51:06,-166.902010355251,-38.7950234087347,0,25,25,25,3,-38.7950234087347
01-Aug-2026 01:51:08,-167.415450458732,-39.3084635122161,0,25,25,25,2,-39.3084635122161
01-Aug-2026 01:51:10,-167.626869517872,-39.5198825713559,0,24,24,24,2,-39.5198825713559
01-Aug-2026 01:51:12,-167.003982256716,-38.8969953101999,0,24,24,24,3,-38.8969953101999
01-Aug-2026 01:51:14,-167.241565820703,-39.134578874187,0,24,24,24,3,-39.134578874187
01-Aug-2026 01:51:16,-167.030213960866,-38.9232270143501,0,24,24,24,4,-38.9232270143501
01-Aug-2026 01:51:18,-167.257209133342,-39.150222186826,0,24,24,24,4,-39.150222186826
01-Aug-2026 01:51:20,-153.983168268656,-25.8761813221399,0,23,23,23,5,-25.8761813221399
01-Aug-2026 01:51:22,-153.623646551298,-25.5166596047819,0,23,23,23,5,-25.5166596047819
01-Aug-2026 01:51:24,-184.080227317838,-55.9732403713222,0,23,23,23,3,-55.9732403713222
01-Aug-2026 01:51:26,-188.204576587596,-60.0975896410802,0,23,23,23,1,-60.0975896410802
01-Aug-2026 01:51:28,-188.254643517662,-60.1476565711458,0,23,23,23,1,-60.1476565711458
01-Aug-2026 01:51:30,-188.985747207961,-60.8787602614455,0,23,23,23,1,-60.8787602614455
01-Aug-2026 01:51:32,-188.600932195128,-60.4939452486121,0,23,23,23,1,-60.4939452486121
01-Aug-2026 01:51:34,-188.15361311972,-60.0466261732045,0,23,23,23,1,-60.0466261732045
01-Aug-2026 01:51:36,-182.402482043685,-54.2954950971688,0,23,23,23,2,-54.2954950971688
01-Aug-2026 01:51:38,-182.278921901014,-54.1719349544985,0,23,23,23,3,-54.1719349544985
01-Aug-2026 01:51:40,-181.941761609526,-53.8347746630103,0,23,23,23,3,-53.8347746630103
01-Aug-2026 01:51:42,-181.256925787288,-53.1499388407721,0,23,23,23,3,-53.1499388407721
01-Aug-2026 01:51:44,-180.674796397166,-52.5678094506502,0,23,23,23,3,-52.5678094506502
01-Aug-2026 01:51:46,-180.622810805231,-52.5158238587148,0,24,24,24,3,-52.5158238587148
01-Aug-2026 01:51:48,-161.537522982314,-33.4305360357986,0,24,24,24,4,-33.4305360357986
01-Aug-2026 01:51:50,-161.658489171426,-33.55150222491,0,25,25,25,4,-33.55150222491
01-Aug-2026 01:51:52,-161.459034986963,-33.3520480404469,0,25,25,25,4,-33.3520480404469
01-Aug-2026 01:51:54,-180.720109939235,-52.613122992719,0,25,25,25,2,-52.613122992719
01-Aug-2026 01:51:56,-180.98895875575,-52.8819718092343,0,25,25,25,2,-52.8819718092343
01-Aug-2026 01:51:58,-180.948447599089,-52.8414606525733,0,24,24,24,1,-52.8414606525733
01-Aug-2026 01:52:00,-178.718832475772,-50.6118455292562,0,24,24,24,2,-50.6118455292562
01-Aug-2026 01:52:02,-178.403370637231,-50.2963836907156,0,24,24,24,2,-50.2963836907156
01-Aug-2026 01:52:04,-178.002810773297,-49.8958238267813,0,24,24,24,3,-49.8958238267813
01-Aug-2026 01:52:06,-174.355297682308,-46.2483107357925,0,24,24,24,3,-46.2483107357925
01-Aug-2026 01:52:08,-174.174678516943,-46.0676915704273,0,24,24,24,3,-46.0676915704273
01-Aug-2026 01:52:10,-173.930921100287,-45.823934153771,0,24,24,24,3,-45.823934153771
01-Aug-2026 01:52:12,-174.327490622822,-46.2205036763058,0,24,24,24,2,-46.2205036763058
01-Aug-2026 01:52:14,-173.876248076336,-45.7692611298197,0,24,24,24,2,-45.7692611298197
01-Aug-2026 01:52:16,-173.860444309853,-45.7534573633373,0,24,24,24,2,-45.7534573633373
01-Aug-2026 01:52:18,-173.505965159265,-45.3989782127495,0,24,24,24,2,-45.3989782127495
01-Aug-2026 01:52:20,-173.397794366471,-45.2908074199553,0,24,24,24,3,-45.2908074199553
01-Aug-2026 01:52:22,-173.247069127647,-45.1400821811311,0,24,24,24,3,-45.1400821811311
01-Aug-2026 01:52:24,-176.690783618318,-48.5837966718025,0,24,24,24,2,-48.5837966718025
01-Aug-2026 01:52:26,-176.017828667862,-47.9108417213461,0,24,24,24,2,-47.9108417213461
01-Aug-2026 01:52:28,-175.535504246847,-47.4285173003307,0,25,25,25,2,-47.4285173003307
01-Aug-2026 01:52:30,-175.167755591942,-47.0607686454261,0,25,25,25,2,-47.0607686454261
01-Aug-2026 01:52:32,-174.535932395823,-46.4289454493069,0,25,25,25,4,-46.4289454493069
01-Aug-2026 01:52:34,-174.591530973624,-46.4845440271079,0,25,25,25,3,-46.4845440271079
01-Aug-2026 01:52:36,-174.473358038256,-46.3663710917397,0,25,25,25,4,-46.3663710917397
01-Aug-2026 01:52:38,-171.988122320027,-43.8811353735112,0,26,26,26,4,-43.8811353735112
01-Aug-2026 01:52:40,-171.596082941345,-43.4890959948289,0,26,26,26,4,-43.4890959948289
01-Aug-2026 01:52:42,-171.470800228483,-43.3638132819671,0,26,26,26,4,-43.3638132819671
01-Aug-2026 01:52:44,-171.31807088779,-43.2110839412745,0,26,26,26,4,-43.2110839412745
01-Aug-2026 01:52:46,-170.631420317159,-42.5244333706433,0,27,27,27,5,-42.5244333706433
01-Aug-2026 01:52:48,-170.582101935009,-42.4751149884933,0,27,27,27,5,-42.4751149884933
01-Aug-2026 01:52:50,-171.252502353791,-43.1455154072749,0,27,27,27,6,-43.1455154072749
01-Aug-2026 01:52:52,-171.730045937715,-43.6230589911995,0,27,27,27,6,-43.6230589911995
01-Aug-2026 01:52:54,-166.713180584847,-38.6061936383309,0,27,27,27,7,-38.6061936383309
01-Aug-2026 01:52:56,-166.920032811426,-38.8130458649097,0,27,27,27,7,-38.8130458649097
01-Aug-2026 01:52:58,-166.794315719542,-38.6873287730261,0,26,26,26,7,-38.6873287730261
01-Aug-2026 01:53:00,-167.283751655808,-39.1767647092918,0,26,26,26,7,-39.1767647092918
01-Aug-2026 01:53:02,-166.755188745203,-38.6482017986869,0,26,26,26,7,-38.6482017986869
01-Aug-2026 01:53:04,-166.991997774285,-38.8850108277694,0,25,25,25,6,-38.8850108277694
01-Aug-2026 01:53:06,-166.98675145613,-38.8797645096137,0,25,25,25,5,-38.8797645096137
01-Aug-2026 01:53:08,-166.579198108482,-38.4722111619664,0,24,24,24,6,-38.4722111619664
01-Aug-2026 01:53:10,-166.097198994978,-37.9902120484624,0,24,24,24,6,-37.9902120484624
01-Aug-2026 01:53:12,-166.139306569013,-38.0323196224973,0,24,24,24,6,-38.0323196224973
01-Aug-2026 01:53:14,-165.883905898695,-37.7769189521788,0,24,24,24,6,-37.7769189521788
01-Aug-2026 01:53:16,-172.201982948559,-44.0949960020429,0,24,24,24,5,-44.0949960020429
01-Aug-2026 01:53:18,-172.096986040316,-43.9899990938002,0,25,25,25,6,-43.9899990938002
01-Aug-2026 01:53:20,-172.039215604072,-43.9322286575558,0,25,25,25,7,-43.9322286575558
01-Aug-2026 01:53:22,-172.248959592701,-44.1419726461856,0,25,25,25,6,-44.1419726461856
01-Aug-2026 01:53:24,-177.814277463465,-49.7072905169491,0,26,26,26,5,-49.7072905169491
01-Aug-2026 01:53:26,-178.641776488646,-50.5347895421297,0,25,25,25,5,-50.5347895421297
01-Aug-2026 01:53:28,-179.009381472549,-50.9023945260334,0,25,25,25,5,-50.9023945260334
01-Aug-2026 01:53:30,-178.880546265485,-50.7735593189695,0,25,25,25,5,-50.7735593189695
01-Aug-2026 01:53:32,-179.357239015686,-51.2502520691696,0,25,25,25,5,-51.2502520691696
01-Aug-2026 01:53:34,-179.219937625382,-51.1129506788661,0,25,25,25,5,-51.1129506788661
01-Aug-2026 01:53:36,-179.445362301926,-51.3383753554102,0,25,25,25,5,-51.3383753554102
01-Aug-2026 01:53:38,-180.896165290042,-52.7891783435262,0,25,25,25,4,-52.7891783435262
01-Aug-2026 01:53:40,-182.152684065022,-54.0456971185066,0,25,25,25,2,-54.0456971185066
01-Aug-2026 01:53:42,-181.233323361112,-53.1263364145962,0,25,25,25,2,-53.1263364145962
01-Aug-2026 01:53:44,-181.629415082129,-53.5224281356136,0,25,25,25,3,-53.5224281356136
01-Aug-2026 01:53:46,-181.441324975844,-53.3343380293277,0,25,25,25,3,-53.3343380293277
01-Aug-2026 01:53:48,-181.080005967897,-52.9730190213812,0,25,25,25,2,-52.9730190213812
01-Aug-2026 01:53:50,-181.296300366879,-53.1893134203633,0,25,25,25,3,-53.1893134203633
01-Aug-2026 01:53:52,-163.252269011867,-35.1452820653515,0,25,25,25,4,-35.1452820653515
01-Aug-2026 01:53:54,-163.672083962893,-35.5650970163775,0,25,25,25,4,-35.5650970163775
01-Aug-2026 01:53:56,-163.784719912456,-35.6777329659402,0,24,24,24,3,-35.6777329659402
01-Aug-2026 01:53:58,-163.609193389628,-35.5022064431126,0,24,24,24,3,-35.5022064431126
01-Aug-2026 01:54:00,-161.612149316439,-33.5051623699229,0,23,23,23,5,-33.5051623699229
01-Aug-2026 01:54:02,-161.267338609567,-33.1603516630513,0,23,23,23,6,-33.1603516630513
01-Aug-2026 01:54:04,-161.495531855381,-33.3885449088652,0,23,23,23,6,-33.3885449088652
01-Aug-2026 01:54:06,-161.212452188589,-33.1054652420727,0,22,22,22,6,-33.1054652420727
01-Aug-2026 01:54:08,-161.757576363413,-33.6505894168968,0,22,22,22,5,-33.6505894168968
01-Aug-2026 01:54:10,-161.718020952852,-33.6110340063366,0,22,22,22,6,-33.6110340063366
01-Aug-2026 01:54:12,-161.328486733998,-33.2214997874825,0,22,22,22,6,-33.2214997874825
01-Aug-2026 01:54:14,-163.49189126095,-35.3849043144342,0,22,22,22,5,-35.3849043144342
01-Aug-2026 01:54:16,-163.384543863534,-35.2775569170182,0,22,22,22,7,-35.2775569170182
01-Aug-2026 01:54:18,-172.808562636342,-44.7015756898263,0,22,22,22,6,-44.7015756898263
01-Aug-2026 01:54:20,-172.948452885455,-44.8414659389394,0,22,22,22,6,-44.8414659389394
01-Aug-2026 01:54:22,-172.212459653668,-44.1054727071525,0,22,22,22,7,-44.1054727071525
01-Aug-2026 01:54:24,-172.534797104804,-44.4278101582886,0,23,23,23,7,-44.4278101582886
01-Aug-2026 01:54:26,-178.509946810091,-50.4029598635751,0,23,23,23,5,-50.4029598635751
01-Aug-2026 01:54:28,-178.939838764709,-50.8328518181934,0,23,23,23,4,-50.8328518181934
01-Aug-2026 01:54:30,-170.624331873815,-42.5173449272995,0,23,23,23,5,-42.5173449272995
01-Aug-2026 01:54:32,-170.595416998183,-42.4884300516675,0,23,23,23,5,-42.4884300516675
01-Aug-2026 01:54:34,-170.499426455414,-42.3924395088978,0,23,23,23,5,-42.3924395088978
01-Aug-2026 01:54:36,-170.83285089633,-42.7258639498137,0,23,23,23,5,-42.7258639498137
01-Aug-2026 01:54:38,-170.914636323074,-42.8076493765581,0,24,24,24,5,-42.8076493765581
01-Aug-2026 01:54:40,-170.005009065946,-41.8980221194299,0,24,24,24,5,-41.8980221194299
01-Aug-2026 01:54:42,-170.579387168363,-42.4724002218474,0,24,24,24,4,-42.4724002218474
01-Aug-2026 01:54:44,-170.310152827188,-42.2031658806723,0,25,25,25,5,-42.2031658806723
01-Aug-2026 01:54:46,-170.310465791185,-42.2034788446687,0,24,24,24,4,-42.2034788446687
01-Aug-2026 01:54:48,-169.975161696729,-41.8681747502129,0,24,24,24,4,-41.8681747502129
01-Aug-2026 01:54:50,-169.739171250509,-41.6321843039929,0,24,24,24,4,-41.6321843039929
01-Aug-2026 01:54:52,-184.412006445475,-56.3050194989594,0,24,24,24,3,-56.3050194989594
01-Aug-2026 01:54:54,-184.80294372461,-56.6959567780946,0,24,24,24,3,-56.6959567780946
01-Aug-2026 01:54:56,-166.650126610995,-38.5431396644794,0,24,24,24,5,-38.5431396644794
01-Aug-2026 01:54:58,-167.147041231518,-39.0400542850026,0,24,24,24,4,-39.0400542850026
01-Aug-2026 01:55:00,-165.655629079513,-37.5486421329975,0,24,24,24,6,-37.5486421329975
01-Aug-2026 01:55:02,-165.236760656566,-37.1297737100499,0,23,23,23,6,-37.1297737100499
01-Aug-2026 01:55:04,-166.214571643623,-38.1075846971067,0,23,23,23,6,-38.1075846971067
01-Aug-2026 01:55:06,-166.213192286316,-38.1062053398003,0,23,23,23,7,-38.1062053398003
01-Aug-2026 01:55:08,-169.081606511375,-40.9746195648596,0,23,23,23,6,-40.9746195648596
01-Aug-2026 01:55:10,-169.201365423483,-41.0943784769671,0,23,23,23,4,-41.0943784769671
01-Aug-2026 01:55:12,-168.455258842526,-40.3482718960105,0,23,23,23,3,-40.3482718960105
01-Aug-2026 01:55:14,-167.913274208512,-39.8062872619957,0,22,22,22,3,-39.8062872619957
01-Aug-2026 01:55:16,-168.128459150278,-40.0214722037624,0,22,22,22,3,-40.0214722037624
01-Aug-2026 01:55:18,-168.141000344923,-40.0340133984067,0,22,22,22,3,-40.0340133984067
01-Aug-2026 01:55:20,-167.769017144573,-39.6620301980573,0,22,22,22,4,-39.6620301980573
01-Aug-2026 01:55:22,-167.895797067972,-39.7888101214557,0,23,23,23,4,-39.7888101214557
01-Aug-2026 01:55:24,-167.66903632272,-39.5620493762038,0,23,23,23,4,-39.5620493762038
01-Aug-2026 01:55:26,-167.293650120255,-39.1866631737391,0,23,23,23,3,-39.1866631737391
01-Aug-2026 01:55:28,-167.65252117735,-39.5455342308346,0,23,23,23,4,-39.5455342308346
01-Aug-2026 01:55:30,-167.225282899116,-39.1182959526001,0,24,24,24,3,-39.1182959526001
01-Aug-2026 01:55:32,-167.484334524009,-39.3773475774935,0,25,25,25,3,-39.3773475774935
01-Aug-2026 01:55:34,-184.093133859019,-55.9861469125034,0,25,25,25,2,-55.9861469125034
01-Aug-2026 01:55:36,-184.324060659726,-56.2170737132099,0,25,25,25,2,-56.2170737132099
01-Aug-2026 01:55:38,-184.151946987119,-56.0449600406033,0,25,25,25,2,-56.0449600406033
01-Aug-2026 01:55:40,-175.64791512019,-47.5409281736742,0,25,25,25,3,-47.5409281736742
01-Aug-2026 01:55:42,-173.291252879343,-45.1842659328272,0,25,25,25,4,-45.1842659328272
01-Aug-2026 01:55:44,-173.179525939786,-45.0725389932705,0,25,25,25,4,-45.0725389932705
01-Aug-2026 01:55:46,-172.706440001126,-44.5994530546103,0,25,25,25,5,-44.5994530546103
01-Aug-2026 01:55:48,-172.689373721017,-44.5823867745007,0,24,24,24,6,-44.5823867745007
01-Aug-2026 01:55:50,-172.924007629993,-44.8170206834771,0,24,24,24,6,-44.8170206834771
01-Aug-2026 01:55:52,-175.442395182635,-47.3354082361188,0,24,24,24,5,-47.3354082361188
01-Aug-2026 01:55:54,-152.787582347873,-24.6805954013569,0,24,24,24,6,-24.6805954013569
01-Aug-2026 01:55:56,-174.872752589463,-46.7657656429473,0,24,24,24,4,-46.7657656429473
01-Aug-2026 01:55:58,-160.627016088923,-32.5200291424072,0,24,24,24,3,-32.5200291424072
01-Aug-2026 01:56:00,-159.930676588369,-31.8236896418533,0,24,24,24,4,-31.8236896418533
01-Aug-2026 01:56:02,-159.845459547157,-31.7384726006414,0,24,24,24,5,-31.7384726006414
01-Aug-2026 01:56:04,-159.323485922485,-31.2164989759688,0,24,24,24,6,-31.2164989759688
01-Aug-2026 01:56:06,-159.116998240965,-31.0100112944489,0,24,24,24,6,-31.0100112944489
01-Aug-2026 01:56:08,-159.622406552921,-31.5154196064047,0,24,24,24,6,-31.5154196064047
01-Aug-2026 01:56:10,-159.096122085228,-30.9891351387126,0,24,24,24,6,-30.9891351387126
01-Aug-2026 01:56:12,-158.150367213744,-30.0433802672283,0,24,24,24,7,-30.0433802672283
01-Aug-2026 01:56:14,-153.070371464863,-24.9633845183476,0,24,24,24,8,-24.9633845183476
01-Aug-2026 01:56:16,-158.200183434287,-30.0931964877711,0,24,24,24,9,-30.0931964877711
01-Aug-2026 01:56:18,-158.341212256182,-30.2342253096657,0,24,24,24,9,-30.2342253096657
01-Aug-2026 01:56:20,-158.262891669251,-30.1559047227356,0,25,25,25,9,-30.1559047227356
01-Aug-2026 01:56:22,-158.215761107558,-30.1087741610423,0,25,25,25,10,-30.1087741610423
01-Aug-2026 01:56:24,-158.159424795928,-30.0524378494118,0,25,25,25,9,-30.0524378494118
01-Aug-2026 01:56:26,-158.25547733643,-30.1484903899146,0,25,25,25,8,-30.1484903899146
01-Aug-2026 01:56:28,-158.138579188491,-30.0315922419748,0,26,26,26,8,-30.0315922419748
01-Aug-2026 01:56:30,-158.000502263982,-29.8935153174664,0,26,26,26,7,-29.8935153174664
01-Aug-2026 01:56:32,-157.903497167113,-29.7965102205971,0,26,26,26,9,-29.7965102205971
01-Aug-2026 01:56:34,-157.231013890638,-29.1240269441226,0,26,26,26,10,-29.1240269441226
01-Aug-2026 01:56:36,-156.66939730071,-28.5624103541946,0,26,26,26,10,-28.5624103541946
01-Aug-2026 01:56:38,-156.604447923712,-28.4974609771966,0,27,27,27,9,-28.4974609771966
01-Aug-2026 01:56:40,-157.079064014478,-28.9720770679619,0,27,27,27,8,-28.9720770679619
01-Aug-2026 01:56:42,-156.889256516751,-28.7822695702351,0,27,27,27,7,-28.7822695702351
01-Aug-2026 01:56:44,-156.644552365888,-28.5375654193717,0,27,27,27,7,-28.5375654193717
01-Aug-2026 01:56:46,-156.582405304451,-28.475418357935,0,27,27,27,7,-28.475418357935
01-Aug-2026 01:56:48,-156.531062718275,-28.4240757717593,0,26,26,26,8,-28.4240757717593
01-Aug-2026 01:56:50,-162.726415820816,-34.6194288742999,0,26,26,26,7,-34.6194288742999
01-Aug-2026 01:56:52,-180.163218681194,-52.0562317346778,0,26,26,26,5,-52.0562317346778
01-Aug-2026 01:56:54,-181.198143997401,-53.0911570508846,0,25,25,25,4,-53.0911570508846
01-Aug-2026 01:56:56,-180.926314733442,-52.8193277869262,0,24,24,24,4,-52.8193277869262
01-Aug-2026 01:56:58,-186.842535355031,-58.7355484085153,0,24,24,24,2,-58.7355484085153
01-Aug-2026 01:57:00,-166.295928614624,-38.1889416681081,0,24,24,24,3,-38.1889416681081
01-Aug-2026 01:57:02,-166.761166801373,-38.654179854857,0,24,24,24,3,-38.654179854857
01-Aug-2026 01:57:04,-167.287776608107,-39.1807896615916,0,24,24,24,4,-39.1807896615916
01-Aug-2026 01:57:06,-158.131814511381,-30.0248275648649,0,23,23,23,5,-30.0248275648649
01-Aug-2026 01:57:08,-158.231214092133,-30.1242271456173,0,23,23,23,5,-30.1242271456173
01-Aug-2026 01:57:10,-158.250633978998,-30.1436470324821,0,24,24,24,5,-30.1436470324821
01-Aug-2026 01:57:12,-158.836098405732,-30.7291114592161,0,24,24,24,5,-30.7291114592161
01-Aug-2026 01:57:14,-159.559580652945,-31.4525937064289,0,24,24,24,5,-31.4525937064289
01-Aug-2026 01:57:16,-160.514383542115,-32.4073965955988,0,24,24,24,5,-32.4073965955988
01-Aug-2026 01:57:18,-157.536889066683,-29.4299021201673,0,24,24,24,7,-29.4299021201673
01-Aug-2026 01:57:20,-157.74314401612,-29.6361570696038,0,24,24,24,6,-29.6361570696038
01-Aug-2026 01:57:22,-158.013276125291,-29.9062891787754,0,24,24,24,5,-29.9062891787754
01-Aug-2026 01:57:24,-160.146166268323,-32.0391793218074,0,24,24,24,4,-32.0391793218074
01-Aug-2026 01:57:26,-160.229508228076,-32.1225212815606,0,24,24,24,4,-32.1225212815606
01-Aug-2026 01:57:28,-160.136816502878,-32.0298295563623,0,24,24,24,4,-32.0298295563623
01-Aug-2026 01:57:30,-160.260383094827,-32.1533961483108,0,24,24,24,3,-32.1533961483108
01-Aug-2026 01:57:32,-160.239516243091,-32.1325292965755,0,24,24,24,3,-32.1325292965755
01-Aug-2026 01:57:34,-159.953684223206,-31.8466972766898,0,24,24,24,5,-31.8466972766898
01-Aug-2026 01:57:36,-158.045210150048,-29.9382232035319,0,24,24,24,6,-29.9382232035319
01-Aug-2026 01:57:38,-158.265187124856,-30.15820017834,0,24,24,24,6,-30.15820017834
01-Aug-2026 01:57:40,-158.189083930652,-30.0820969841359,0,24,24,24,6,-30.0820969841359
01-Aug-2026 01:57:42,-158.496721629341,-30.3897346828256,0,24,24,24,7,-30.3897346828256
01-Aug-2026 01:57:44,-158.599975011049,-30.492988064533,0,23,23,23,7,-30.492988064533
01-Aug-2026 01:57:46,-158.670781384909,-30.5637944383929,0,23,23,23,7,-30.5637944383929
01-Aug-2026 01:57:48,-158.976288785464,-30.8693018389478,0,22,22,22,6,-30.8693018389478
01-Aug-2026 01:57:50,-158.818137885208,-30.7111509386922,0,22,22,22,6,-30.7111509386922
01-Aug-2026 01:57:52,-158.845523569844,-30.7385366233283,0,22,22,22,6,-30.7385366233283
01-Aug-2026 01:57:54,-158.497226756523,-30.390239810007,0,21,21,21,6,-30.390239810007
01-Aug-2026 01:57:56,-163.708481970511,-35.6014950239949,0,21,21,21,5,-35.6014950239949
01-Aug-2026 01:57:58,-164.043571176374,-35.9365842298582,0,21,21,21,5,-35.9365842298582
01-Aug-2026 01:58:00,-167.375393574575,-39.2684066280592,0,21,21,21,3,-39.2684066280592
01-Aug-2026 01:58:02,-167.601875903257,-39.494888956741,0,21,21,21,3,-39.494888956741
01-Aug-2026 01:58:04,-167.952002910036,-39.84501596352,0,21,21,21,3,-39.84501596352
01-Aug-2026 01:58:06,-168.523013585572,-40.4160266390558,0,21,21,21,3,-40.4160266390558
01-Aug-2026 01:58:08,-161.351659107625,-33.2446721611096,0,21,21,21,2,-33.2446721611096
01-Aug-2026 01:58:10,-161.762289453489,-33.6553025069726,0,21,21,21,2,-33.6553025069726
01-Aug-2026 01:58:12,-161.637501539314,-33.5305145927986,0,21,21,21,2,-33.5305145927986
01-Aug-2026 01:58:14,-162.054756886356,-33.9477699398403,0,22,22,22,3,-33.9477699398403
01-Aug-2026 01:58:16,-162.214709884205,-34.1077229376893,0,22,22,22,4,-34.1077229376893
01-Aug-2026 01:58:18,-162.450244563694,-34.3432576171777,0,22,22,22,4,-34.3432576171777
01-Aug-2026 01:58:20,-161.785678137419,-33.6786911909036,0,22,22,22,6,-33.6786911909036
01-Aug-2026 01:58:22,-161.769511008213,-33.6625240616972,0,22,22,22,6,-33.6625240616972
01-Aug-2026 01:58:24,-161.941093138471,-33.8341061919552,0,22,22,22,6,-33.8341061919552
01-Aug-2026 01:58:26,-154.006373032712,-25.8993860861963,0,22,22,22,8,-25.8993860861963
01-Aug-2026 01:58:28,-154.892631023705,-26.7856440771895,0,23,23,23,7,-26.7856440771895
01-Aug-2026 01:58:30,-154.992567438885,-26.8855804923687,0,23,23,23,8,-26.8855804923687
01-Aug-2026 01:58:32,-153.9948465666,-25.8878596200839,0,24,24,24,9,-25.8878596200839
01-Aug-2026 01:58:34,-154.464858761803,-26.3578718152872,0,24,24,24,9,-26.3578718152872
01-Aug-2026 01:58:36,-153.802784402697,-25.6957974561814,0,24,24,24,9,-25.6957974561814
01-Aug-2026 01:58:38,-153.11253568113,-25.0055487346146,0,24,24,24,9,-25.0055487346146
01-Aug-2026 01:58:40,-153.381301425086,-25.2743144785701,0,24,24,24,9,-25.2743144785701
01-Aug-2026 01:58:42,-153.062499514219,-24.9555125677036,0,24,24,24,8,-24.9555125677036
01-Aug-2026 01:58:44,-153.45017307258,-25.3431861260644,0,24,24,24,7,-25.3431861260644
01-Aug-2026 01:58:46,-153.839736281694,-25.732749335178,0,24,24,24,7,-25.732749335178
01-Aug-2026 01:58:48,-154.1498473815,-26.0428604349844,0,24,24,24,7,-26.0428604349844
01-Aug-2026 01:58:50,-154.048423361405,-25.9414364148893,0,24,24,24,6,-25.9414364148893
01-Aug-2026 01:58:52,-154.892949456209,-26.7859625096931,0,23,23,23,6,-26.7859625096931
01-Aug-2026 01:58:54,-154.231608333672,-26.1246213871561,0,23,23,23,6,-26.1246213871561
01-Aug-2026 01:58:56,-166.324892123009,-38.217905176493,0,23,23,23,5,-38.217905176493
01-Aug-2026 01:58:58,-166.529956028433,-38.4229690819174,0,23,23,23,5,-38.4229690819174
01-Aug-2026 01:59:00,-165.93628422807,-37.8292972815543,0,23,23,23,5,-37.8292972815543
01-Aug-2026 01:59:02,-166.569382919123,-38.4623959726073,0,23,23,23,6,-38.4623959726073
01-Aug-2026 01:59:04,-166.643525628454,-38.5365386819386,0,23,23,23,5,-38.5365386819386
01-Aug-2026 01:59:06,-166.662535467244,-38.5555485207281,0,22,22,22,5,-38.5555485207281
01-Aug-2026 01:59:08,-163.624962872178,-35.5179759256617,0,23,23,23,6,-35.5179759256617
01-Aug-2026 01:59:10,-163.357945684108,-35.2509587375921,0,24,24,24,6,-35.2509587375921
01-Aug-2026 01:59:12,-167.216013640498,-39.1090266939819,0,24,24,24,4,-39.1090266939819
01-Aug-2026 01:59:14,-167.037566308831,-38.9305793623152,0,24,24,24,4,-38.9305793623152
01-Aug-2026 01:59:16,-166.263614510189,-38.1566275636732,0,24,24,24,4,-38.1566275636732
01-Aug-2026 01:59:18,-166.231639825541,-38.1246528790249,0,24,24,24,4,-38.1246528790249
01-Aug-2026 01:59:20,-165.222021303417,-37.1150343569013,0,25,25,25,4,-37.1150343569013
01-Aug-2026 01:59:22,-165.187073629245,-37.0800866827294,0,25,25,25,4,-37.0800866827294
01-Aug-2026 01:59:24,-165.543307679248,-37.4363207327317,0,25,25,25,3,-37.4363207327317
01-Aug-2026 01:59:26,-164.719631306079,-36.6126443595628,0,25,25,25,3,-36.6126443595628
01-Aug-2026 01:59:28,-164.835773546088,-36.7287865995721,0,25,25,25,2,-36.7287865995721
01-Aug-2026 01:59:30,-164.65987724211,-36.5528902955945,0,25,25,25,1,-36.5528902955945
01-Aug-2026 01:59:32,-3076.52655568589,-2948.41956873937,0,25,25,25,0,-2948.41956873937
01-Aug-2026 01:59:34,-187.668357418289,-59.5613704717729,0,25,25,25,1,-59.5613704717729
01-Aug-2026 01:59:36,-187.666634417987,-59.5596474714712,0,25,25,25,1,-59.5596474714712
01-Aug-2026 01:59:38,-186.443161162018,-58.3361742155023,0,24,24,24,2,-58.3361742155023
01-Aug-2026 01:59:40,-186.08253875141,-57.9755518048944,0,24,24,24,2,-57.9755518048944
01-Aug-2026 01:59:42,-186.506184833599,-58.3991978870833,0,24,24,24,2,-58.3991978870833
01-Aug-2026 01:59:44,-183.802434670468,-55.695447723952,0,24,24,24,3,-55.695447723952
01-Aug-2026 01:59:46,-183.931120057776,-55.8241331112606,0,24,24,24,3,-55.8241331112606
01-Aug-2026 01:59:48,-184.262084357775,-56.1550974112587,0,24,24,24,3,-56.1550974112587
01-Aug-2026 01:59:50,-184.44671752949,-56.3397305829739,0,24,24,24,3,-56.3397305829739
01-Aug-2026 01:59:52,-187.428447899076,-59.32146095256,0,24,24,24,1,-59.32146095256
01-Aug-2026 01:59:54,-186.788901812111,-58.6819148655953,0,24,24,24,1,-58.6819148655953
01-Aug-2026 01:59:56,-168.999685889755,-40.8926989432388,0,24,24,24,4,-40.8926989432388
01-Aug-2026 01:59:58,-168.860390787496,-40.7534038409806,0,24,24,24,3,-40.7534038409806
01-Aug-2026 02:00:00,-168.489115687138,-40.3821287406226,0,24,24,24,3,-40.3821287406226
