OuterAngleDeg,InnerAngleDeg,WorstExceedancePercent,RobustExceedancePercent,MedianExceedancePercent,MaximumIOverNDb,P95IOverNDb,PracticalPercentileIOverNDb,RobustAvailabilityPercent,RetaskDutyPercent,ShutdownDutyPercent,Feasible,PracticalFeasible,Score,SearchStage
0,0,0.555401277422938,0.555401277422938,0.277700638711469,18.4418044058197,-26.4905160941107,14.4504009009564,99.4445987225771,0,0,0,0,0,coarse
0.5,0,0.555401277422938,0.555401277422938,0.277700638711469,18.4418044058197,-26.4905160941107,14.4504009009564,99.4445987225771,0.0109033418742845,0,0,0,0.5,coarse
0.5,0.5,0.555401277422938,0.555401277422938,0.263815606775896,18.4418044058197,-26.5250969790715,13.9394752624949,99.4445987225771,0,0.0109033418742845,0,0,1,coarse
1,0,0.555401277422938,0.555401277422938,0.277700638711469,18.4418044058197,-26.4905160941107,14.4504009009564,99.4445987225771,0.0272583546857112,0,0,0,1,coarse
1,0.5,0.555401277422938,0.555401277422938,0.263815606775896,18.4418044058197,-26.5250969790715,13.9394752624949,99.4445987225771,0.0163550128114267,0.0109033418742845,0,0,1.5,coarse
1,1,0.555401277422938,0.555401277422938,0.249930574840322,18.4418044058197,-26.6711624194153,13.9394752624949,99.4445987225771,0,0.0272583546857112,0,0,2,coarse
2,0,0.555401277422938,0.555401277422938,0.277700638711469,18.4418044058197,-26.4905160941107,14.4504009009564,99.4445987225771,0.0436133674971379,0,0,0,2,coarse
2,0.5,0.555401277422938,0.555401277422938,0.263815606775896,18.4418044058197,-26.5250969790715,13.9394752624949,99.4445987225771,0.0327100256228534,0.0109033418742845,0,0,2.5,coarse
2,1,0.555401277422938,0.555401277422938,0.249930574840322,18.4418044058197,-26.6711624194153,13.9394752624949,99.4445987225771,0.0163550128114267,0.0272583546857112,0,0,3,coarse
2,2,0.555401277422938,0.555401277422938,0.249930574840322,18.4418044058197,-26.8308096865211,13.9394752624949,99.4445987225771,0,0.0436133674971379,0,0,4,coarse
3,0,0.555401277422938,0.555401277422938,0.277700638711469,18.4418044058197,-26.4905160941107,14.4504009009564,99.4445987225771,0.0817750640571335,0,0,0,3,coarse
3,0.5,0.555401277422938,0.555401277422938,0.263815606775896,18.4418044058197,-26.5250969790715,13.9394752624949,99.4445987225771,0.070871722182849,0.0109033418742845,0,0,3.5,coarse
3,1,0.555401277422938,0.555401277422938,0.249930574840322,18.4418044058197,-26.6711624194153,13.9394752624949,99.4445987225771,0.0545167093714223,0.0272583546857112,0,0,4,coarse
3,2,0.555401277422938,0.555401277422938,0.249930574840322,18.4418044058197,-26.8308096865211,13.9394752624949,99.4445987225771,0.0381616965599956,0.0436133674971379,0,0,5,coarse
3,3,0.555401277422938,0.555401277422938,0.249930574840322,18.4418044058197,-27.0678524010903,13.9394752624949,99.4445987225771,0,0.0817750640571335,0,0,6,coarse
5,0,0.44432102193835,0.44432102193835,0.222160510969175,18.4418044058197,-26.4905160941107,14.4504009009564,99.5556789780616,0.185356811862836,0,0,0,5,coarse
5,0.5,0.44432102193835,0.44432102193835,0.208275479033602,18.4418044058197,-26.5250969790715,13.9394752624949,99.5556789780616,0.174453469988551,0.0109033418742845,0,0,5.5,coarse
5,1,0.44432102193835,0.44432102193835,0.194390447098028,18.4418044058197,-26.6711624194153,13.9394752624949,99.5556789780616,0.158098457177125,0.0272583546857112,0,0,6,coarse
5,2,0.44432102193835,0.44432102193835,0.194390447098028,18.4418044058197,-26.8308096865211,13.9394752624949,99.5556789780616,0.141743444365698,0.0436133674971379,0,0,7,coarse
5,3,0.44432102193835,0.44432102193835,0.194390447098028,18.4418044058197,-27.0678524010903,13.9394752624949,99.5556789780616,0.103581747805702,0.0817750640571335,0,0,8,coarse
5,5,0.44432102193835,0.44432102193835,0.194390447098028,18.4418044058197,-27.4765414587581,13.9394752624949,99.5556789780616,0,0.185356811862836,0,0,10,coarse
10,0,0.305470702582616,0.305470702582616,0.0971952235490142,18.4418044058197,-26.4905160941107,14.4504009009564,99.6945292974174,0.517908739028512,0,0,0,10,coarse
10,0.5,0.277700638711469,0.277700638711469,0.0971952235490142,18.4418044058197,-26.5250969790715,13.9394752624949,99.7222993612885,0.507005397154228,0.0109033418742845,0,0,10.5,coarse
10,1,0.249930574840322,0.249930574840322,0.0971952235490142,18.4418044058197,-26.6711624194153,13.9394752624949,99.7500694251597,0.490650384342801,0.0272583546857112,0,0,11,coarse
10,2,0.249930574840322,0.249930574840322,0.0971952235490142,18.4418044058197,-26.8308096865211,13.9394752624949,99.7500694251597,0.474295371531374,0.0436133674971379,0,0,12,coarse
10,3,0.249930574840322,0.249930574840322,0.0971952235490142,18.4418044058197,-27.0678524010903,13.9394752624949,99.7500694251597,0.436133674971379,0.0817750640571335,0,0,13,coarse
10,5,0.249930574840322,0.249930574840322,0.0971952235490142,18.4418044058197,-27.4765414587581,13.9394752624949,99.7500694251597,0.383877159309021,0.185356811862836,0,0,15,coarse
10,10,0.249930574840322,0.249930574840322,0.0971952235490142,18.4418044058197,-28.5300918697792,13.9394752624949,99.7500694251597,0,0.517908739028512,0,0,20,coarse
15,0,0.0555401277422938,0.0555401277422938,0,14.3683417736458,-26.4905160941107,-6.80944068245916,99.9444598722577,1.05762416180559,0,0,1,15,coarse
15,0.5,0.0277700638711469,0.0277700638711469,0,-4.25149999432244,-26.5250969790715,-8.29441001340845,99.9722299361289,1.04672081993131,0.0109033418742845,0,1,15.5,coarse
15,1,0,0,0,-6.29971147099207,-26.6711624194153,-9.10174818840474,100,1.03036580711988,0.0272583546857112,1,1,16,coarse
15,2,0,0,0,-6.65526091546982,-26.8308096865211,-9.10174818840474,100,1.01401079430846,0.0436133674971379,1,1,17,coarse
15,3,0,0,0,-6.65526091546982,-27.0678524010903,-9.10174818840474,100,0.97584909774846,0.0817750640571335,1,1,18,coarse
15,5,0,0,0,-7.1886583614631,-27.4765414587581,-10.6038432096915,100,0.872267349942757,0.185356811862836,1,1,20,coarse
15,10,0,0,0,-8.18179326190409,-28.5300918697792,-14.0852640500881,100,0.539715422777081,0.517908739028512,1,1,25,coarse
15,15,0,0,0,-8.18179326190409,-30.1255374039407,-15.7322141684206,100,0,1.05762416180559,1,1,30,coarse
20,0,0.0555401277422938,0.0555401277422938,0,14.3683417736458,-26.4905160941107,-6.92205743396353,99.9444598722577,1.65730796489124,0,0,1,20,coarse
20,0.5,0.0277700638711469,0.0277700638711469,0,-4.25149999432244,-26.5250969790715,-9.10174818840474,99.9722299361289,1.64640462301695,0.0109033418742845,0,1,20.5,coarse
20,1,0,0,0,-6.29971147099207,-26.6711624194153,-9.10174818840474,100,1.63004961020553,0.0272583546857112,1,1,21,coarse
20,2,0,0,0,-6.65526091546982,-26.8308096865211,-9.10174818840474,100,1.6136945973941,0.0436133674971379,1,1,22,coarse
20,3,0,0,0,-6.65526091546982,-27.0678524010903,-9.10174818840474,100,1.57553290083411,0.0817750640571335,1,1,23,coarse
20,5,0,0,0,-7.1886583614631,-27.4765414587581,-10.6038432096915,100,1.4719511530284,0.185356811862836,1,1,25,coarse
20,10,0,0,0,-10.5717152349471,-28.5300918697792,-14.0852640500881,100,1.13939922586273,0.517908739028512,1,1,30,coarse
20,15,0,0,0,-10.5717152349471,-30.1255374039407,-15.7322141684206,100,0.620712185560274,1.05762416180559,1,1,35,coarse
20,20,0,0,0,-10.5717152349471,-30.919598510419,-15.7322141684206,100,0,1.65730796489124,1,1,40,coarse
25,0,0.0555401277422938,0.0555401277422938,0,14.3683417736458,-26.4905160941107,-6.92205743396353,99.9444598722577,2.82941721637682,0,0,1,25,coarse
25,0.5,0.0277700638711469,0.0277700638711469,0,-4.25149999432244,-26.5250969790715,-9.10174818840474,99.9722299361289,2.81851387450254,0.0109033418742845,0,1,25.5,coarse
25,1,0,0,0,-6.29971147099207,-26.6711624194153,-9.10174818840474,100,2.80215886169111,0.0272583546857112,1,1,26,coarse
25,2,0,0,0,-6.65526091546982,-26.8308096865211,-9.10174818840474,100,2.78580384887968,0.0436133674971379,1,1,27,coarse
25,3,0,0,0,-6.65526091546982,-27.0678524010903,-9.10174818840474,100,2.74764215231969,0.0817750640571335,1,1,28,coarse
25,5,0,0,0,-7.1886583614631,-27.4765414587581,-10.6038432096915,100,2.64406040451398,0.185356811862836,1,1,30,coarse
25,10,0,0,0,-10.5717152349471,-28.5300918697792,-14.0852640500881,100,2.31150847734831,0.517908739028512,1,1,35,coarse
25,15,0,0,0,-10.5717152349471,-30.1255374039407,-15.7322141684206,100,1.77179305457123,1.05762416180559,1,1,40,coarse
25,20,0,0,0,-10.5717152349471,-30.919598510419,-15.7322141684206,100,1.17210925148558,1.65730796489124,1,1,45,coarse
25,25,0,0,0,-10.5717152349471,-33.3657212357766,-15.7322141684206,100,0,2.82941721637682,1,1,50,coarse
30,0,0.0555401277422938,0.0555401277422938,0,14.3683417736458,-26.4905160941107,-6.92205743396353,99.9444598722577,4.43766014283378,0,0,1,30,coarse
30,0.5,0.0277700638711469,0.0277700638711469,0,-4.25149999432244,-26.5250969790715,-9.10174818840474,99.9722299361289,4.42675680095949,0.0109033418742845,0,1,30.5,coarse
30,1,0,0,0,-6.29971147099207,-26.6711624194153,-9.10174818840474,100,4.41040178814807,0.0272583546857112,1,1,31,coarse
30,2,0,0,0,-6.65526091546982,-26.8308096865211,-9.10174818840474,100,4.39404677533664,0.0436133674971379,1,1,32,coarse
30,3,0,0,0,-6.65526091546982,-27.0678524010903,-9.10174818840474,100,4.35588507877665,0.0817750640571335,1,1,33,coarse
30,5,0,0,0,-7.18865836146307,-27.4765414587581,-10.6038432096915,100,4.25230333097094,0.185356811862836,1,1,35,coarse
30,10,0,0,0,-10.5717152349471,-28.5300918697792,-14.0852640500881,100,3.91975140380527,0.517908739028512,1,1,40,coarse
30,15,0,0,0,-10.5717152349471,-30.1255374039407,-15.7322141684206,100,3.38003598102819,1.05762416180559,1,1,45,coarse
30,20,0,0,0,-10.5717152349471,-30.919598510419,-15.7322141684206,100,2.94117647058824,1.65730796489124,1,1,50,coarse
30,25,0,0,0,-10.5717152349471,-33.3657212357766,-15.7322141684206,100,2.01535508637236,2.82941721637682,1,1,55,coarse
30,30,0,0,0,-10.5717152349471,-34.3959057614549,-15.7322141684206,100,0,4.43766014283378,1,1,60,coarse
35,0,0.0555401277422938,0.0555401277422938,0,14.3683417736458,-26.4905160941107,-6.92205743396353,99.9444598722577,7.3324974104563,0,0,1,35,coarse
35,0.5,0.0277700638711469,0.0277700638711469,0,-4.25149999432244,-26.5250969790715,-9.10174818840474,99.9722299361289,7.32159406858202,0.0109033418742845,0,1,35.5,coarse
35,1,0,0,0,-6.29971147099207,-26.6711624194153,-9.10174818840474,100,7.30523905577059,0.0272583546857112,1,1,36,coarse
35,2,0,0,0,-6.65526091546982,-26.8308096865211,-9.10174818840474,100,7.28888404295917,0.0436133674971379,1,1,37,coarse
35,3,0,0,0,-6.65526091546982,-27.0678524010903,-9.10174818840474,100,7.25072234639917,0.0817750640571335,1,1,38,coarse
35,5,0,0,0,-7.18865836146307,-27.4765414587581,-10.6038432096915,100,7.14714059859347,0.185356811862836,1,1,40,coarse
35,10,0,0,0,-10.5717152349471,-28.5300918697792,-14.0852640500881,100,6.81458867142779,0.517908739028512,1,1,45,coarse
35,15,0,0,0,-10.5717152349471,-30.1255374039407,-15.7322141684206,100,6.27487324865071,1.05762416180559,1,1,50,coarse
35,20,0,0,0,-10.5717152349471,-30.919598510419,-15.7322141684206,100,5.67518944556507,1.65730796489124,1,1,55,coarse
35,25,0,0,0,-10.5717152349471,-33.3657212357766,-15.7322141684206,100,4.50308019407949,2.82941721637682,1,1,60,coarse
35,30,0,0,0,-10.5717152349471,-34.3959057614549,-15.7322141684206,100,2.89483726762253,4.43766014283378,1,1,65,coarse
35,35,0,0,0,-10.5717152349471,-37.1087135206437,-15.7322141684206,100,0,7.3324974104563,1,1,70,coarse
40,0,0.0555401277422938,0.0555401277422938,0,14.3683417736458,-26.4905160941107,-6.92205743396353,99.9444598722577,10.6852750367988,0,0,1,40,coarse
40,0.5,0.0277700638711469,0.0277700638711469,0,-4.25149999432244,-26.5250969790715,-9.10174818840474,99.9722299361289,10.6743716949245,0.0109033418742845,0,1,40.5,coarse
40,1,0,0,0,-6.29971147099207,-26.6711624194153,-9.10174818840474,100,10.6580166821131,0.0272583546857112,1,1,41,coarse
40,2,0,0,0,-6.65526091546982,-26.8308096865211,-9.10174818840474,100,10.6416616693016,0.0436133674971379,1,1,42,coarse
40,3,0,0,0,-6.65526091546982,-27.0678524010903,-9.10174818840474,100,10.6034999727416,0.0817750640571335,1,1,43,coarse
40,5,0,0,0,-7.18865836146307,-27.4765414587581,-10.6038432096915,100,10.4999182249359,0.185356811862836,1,1,45,coarse
40,10,0,0,0,-10.5717152349471,-28.5300918697792,-14.0852640500881,100,10.1673662977703,0.517908739028512,1,1,50,coarse
40,15,0,0,0,-10.5717152349471,-30.1255374039407,-15.7322141684206,100,9.62765087499318,1.05762416180559,1,1,55,coarse
40,20,0,0,0,-10.5717152349471,-30.919598510419,-15.7322141684206,100,9.16224455233149,1.65730796489124,1,1,60,coarse
40,25,0,0,0,-10.5717152349471,-33.3657212357766,-15.7322141684206,100,8.23642316811561,2.82941721637682,1,1,65,coarse
40,30,0,0,0,-10.5717152349471,-34.3959057614549,-15.7322141684206,100,6.38401824005211,4.43766014283378,1,1,70,coarse
40,35,0,0,0,-10.5717152349471,-37.1087135206437,-15.7322141684206,100,4.1210342102292,7.3324974104563,1,1,75,coarse
40,40,0,0,0,-10.5717152349471,-40.3776206293234,-15.7322141684206,100,0,10.6852750367988,1,1,80,coarse
45,0,0.0555401277422938,0.0555401277422938,0,14.3683417736458,-26.835783335931,-6.92205743396353,99.9444598722577,16.0494524105228,0,0,1,45,coarse
45,0.5,0.0277700638711469,0.0277700638711469,0,-4.25149999432244,-26.9252196366749,-9.10174818840474,99.9722299361289,16.0494524105228,0.0109033418742845,0,1,45.5,coarse
45,1,0,0,0,-6.29971147099207,-26.9841637776969,-9.10174818840474,100,16.0494524105228,0.0272583546857112,1,1,46,coarse
45,2,0,0,0,-6.65526091546982,-27.0678524010903,-9.10174818840474,100,16.0494524105228,0.0436133674971379,1,1,47,coarse
45,3,0,0,0,-6.65526091546982,-27.333660346221,-9.10174818840474,100,16.0155808964661,0.0817750640571335,1,1,48,coarse
45,5,0,0,0,-7.1886583614631,-27.7133089224235,-10.6038432096915,100,15.9817093824094,0.185356811862836,1,1,50,coarse
45,10,0,0,0,-10.5717152349471,-28.7688469669909,-14.0852640500881,100,15.5978322231004,0.517908739028512,1,1,55,coarse
45,15,0,0,0,-10.5717152349471,-30.1306111015383,-15.7322141684206,100,15.2647623348764,1.05762416180559,1,1,60,coarse
45,20,0,0,0,-10.5717152349471,-30.919598510419,-15.7322141684206,100,14.8526589138534,1.65730796489124,1,1,65,coarse
45,25,0,0,0,-10.5717152349471,-33.3995247092916,-15.7322141684206,100,13.9268375296376,2.82941721637682,1,1,70,coarse
45,30,0,0,0,-10.5717152349471,-34.3959057614549,-15.7322141684206,100,12.1654633298952,4.43766014283378,1,1,75,coarse
45,35,0,0,0,-10.5717152349471,-37.1087135206437,-15.7322141684206,100,9.81144857175116,7.3324974104563,1,1,80,coarse
45,40,0,0,0,-10.5717152349471,-40.3776206293234,-15.7322141684206,100,5.78144508984311,10.6852750367988,1,1,85,coarse
45,45,0,0,0,-10.5717152349471,-45.2613625757395,-15.7322141684206,100,0,16.0494524105228,1,1,90,coarse
50,0,0.0555401277422938,0.0555401277422938,0,14.3683417736458,-26.835783335931,-6.92205743396353,99.9444598722577,21.0850175002823,0,0,1,50,coarse
50,0.5,0.0277700638711469,0.0277700638711469,0,-4.25149999432244,-26.9252196366749,-9.10174818840474,99.9722299361289,21.0850175002823,0.0109033418742845,0,1,50.5,coarse
50,1,0,0,0,-6.29971147099207,-26.9841637776969,-9.10174818840474,100,21.0850175002823,0.0272583546857112,1,1,51,coarse
50,2,0,0,0,-6.65526091546982,-27.0678524010903,-9.10174818840474,100,21.0850175002823,0.0436133674971379,1,1,52,coarse
50,3,0,0,0,-6.65526091546982,-27.333660346221,-9.10174818840474,100,21.0511459862256,0.0817750640571335,1,1,53,coarse
50,5,0,0,0,-7.1886583614631,-27.7133089224235,-10.6038432096915,100,21.0172744721689,0.185356811862836,1,1,55,coarse
50,10,0,0,0,-10.5717152349471,-28.7688469669909,-14.0852640500881,100,20.6333973128599,0.517908739028512,1,1,60,coarse
50,15,0,0,0,-10.5717152349471,-30.1306111015383,-15.7322141684206,100,20.3003274246359,1.05762416180559,1,1,65,coarse
50,20,0,0,0,-10.5717152349471,-30.919598510419,-15.7322141684206,100,19.888224003613,1.65730796489124,1,1,70,coarse
50,25,0,0,0,-10.5717152349471,-33.497403322603,-15.7322141684206,100,18.9624026193971,2.82941721637682,1,1,75,coarse
50,30,0,0,0,-10.5717152349471,-34.3959057614549,-15.7322141684206,100,16.9470475330247,4.43766014283378,1,1,80,coarse
50,35,0,0,0,-10.5717152349471,-37.1087135206437,-15.7322141684206,100,14.8470136615107,7.3324974104563,1,1,85,coarse
50,40,0,0,0,-10.5717152349471,-40.4380598137804,-15.7322141684206,100,10.7259794512815,10.6852750367988,1,1,90,coarse
50,45,0,0,0,-10.5717152349471,-45.2613625757395,-15.7322141684206,100,5.03556508975951,16.0494524105228,1,1,95,coarse
50,50,0,0,0,-10.5717152349471,-48.1562873695697,-15.7326309445584,100,0,21.0850175002823,1,1,100,coarse
55,0,0.0555401277422938,0.0555401277422938,0,14.3683417736458,-26.835783335931,-6.92205743396353,99.9444598722577,25.3584735237665,0,0,1,55,coarse
55,0.5,0.0277700638711469,0.0277700638711469,0,-4.25149999432244,-26.9252196366749,-9.10174818840474,99.9722299361289,25.3584735237665,0.0109033418742845,0,1,55.5,coarse
55,1,0,0,0,-6.29971147099207,-26.9841637776969,-9.10174818840474,100,25.3584735237665,0.0272583546857112,1,1,56,coarse
55,2,0,0,0,-6.65526091546982,-27.0678524010903,-9.10174818840474,100,25.3584735237665,0.0436133674971379,1,1,57,coarse
55,3,0,0,0,-6.65526091546982,-27.333660346221,-9.10174818840474,100,25.3246020097098,0.0817750640571335,1,1,58,coarse
55,5,0,0,0,-7.1886583614631,-27.7133089224235,-10.6038432096915,100,25.2907304956532,0.185356811862836,1,1,60,coarse
55,10,0,0,0,-10.5717152349471,-28.7688469669909,-14.0852640500881,100,24.9068533363441,0.517908739028512,1,1,65,coarse
55,15,0,0,0,-10.5717152349471,-30.1306111015383,-15.7322141684206,100,24.5737834481201,1.05762416180559,1,1,70,coarse
55,20,0,0,0,-10.5717152349471,-30.919598510419,-15.7322141684206,100,24.1616800270972,1.65730796489124,1,1,75,coarse
55,25,0,0,0,-10.5717152349471,-33.497403322603,-15.7322141684206,100,23.2358586428813,2.82941721637682,1,1,80,coarse
55,30,0,0,0,-10.5717152349471,-34.3959057614549,-15.7322141684206,100,21.220503556509,4.43766014283378,1,1,85,coarse
55,35,0,0,0,-10.5717152349471,-37.2036730185638,-15.7322141684206,100,19.1204696849949,7.3324974104563,1,1,90,coarse
55,40,0,0,0,-10.5717152349471,-40.5250144485367,-15.7322141684206,100,14.9994354747657,10.6852750367988,1,1,95,coarse
55,45,0,0,0,-10.5717152349471,-45.2613625757395,-15.7322141684206,100,9.30902111324376,16.0494524105228,1,1,100,coarse
55,50,0,0,0,-10.5717152349471,-48.1698665690371,-15.7326309445584,100,4.27345602348425,21.0850175002823,1,1,105,coarse
55,55,0,0,0,-10.5717152349471,-48.2037948632745,-15.7326309445584,100,0,25.3584735237665,1,1,110,coarse
60,0,0.0555401277422938,0.0555401277422938,0,14.3683417736458,-26.835783335931,-6.92205743396353,99.9444598722577,29.4399909675963,0,0,1,60,coarse
60,0.5,0.0277700638711469,0.0277700638711469,0,-4.25149999432244,-26.9252196366749,-9.10174818840474,99.9722299361289,29.4399909675963,0.0109033418742845,0,1,60.5,coarse
60,1,0,0,0,-6.29971147099207,-26.9841637776969,-9.10174818840474,100,29.4399909675963,0.0272583546857112,1,1,61,coarse
60,2,0,0,0,-6.65526091546982,-27.0678524010903,-9.10174818840474,100,29.4399909675963,0.0436133674971379,1,1,62,coarse
60,3,0,0,0,-6.65526091546982,-27.333660346221,-9.10174818840474,100,29.4061194535396,0.0817750640571335,1,1,63,coarse
60,5,0,0,0,-7.1886583614631,-27.7133089224235,-10.6038432096915,100,29.3722479394829,0.185356811862836,1,1,65,coarse
60,10,0,0,0,-10.5717152349471,-28.7688469669909,-14.0852640500881,100,28.9883707801739,0.517908739028512,1,1,70,coarse
60,15,0,0,0,-10.5717152349471,-30.1306111015383,-15.7322141684206,100,28.6553008919499,1.05762416180559,1,1,75,coarse
60,20,0,0,0,-10.5717152349471,-30.919598510419,-15.7322141684206,100,28.243197470927,1.65730796489124,1,1,80,coarse
60,25,0,0,0,-10.5717152349471,-33.5259423546399,-15.7322141684206,100,27.3173760867111,2.82941721637682,1,1,85,coarse
60,30,0,0,0,-10.5717152349471,-34.3959057614549,-15.7322141684206,100,25.3020210003387,4.43766014283378,1,1,90,coarse
60,35,0,0,0,-10.5717152349471,-37.255800143557,-15.7322141684206,100,23.2019871288247,7.3324974104563,1,1,95,coarse
60,40,0,0,0,-10.5717152349471,-40.5719028451075,-15.7322141684206,100,19.0809529185955,10.6852750367988,1,1,100,coarse
60,45,0,0,0,-10.5717152349471,-45.2613625757395,-15.7322141684206,100,13.3905385570735,16.0494524105228,1,1,105,coarse
60,50,0,0,0,-10.5717152349471,-48.1698665690371,-15.7326309445584,100,8.35497346731399,21.0850175002823,1,1,110,coarse
60,55,0,0,0,-10.5717152349471,-48.2037948632745,-15.7326309445584,100,4.37220951758685,25.3584735237665,1,1,115,coarse
60,60,0,0,0,-10.5717152349471,-48.2081407453856,-15.7326309445584,100,0,29.4399909675963,1,1,120,coarse
65,0,0.0555401277422938,0.0555401277422938,0,14.3683417736458,-26.835783335931,-6.92205743396353,99.9444598722577,33.7755447668511,0,0,1,65,coarse
65,0.5,0.0277700638711469,0.0277700638711469,0,-4.25149999432244,-26.9252196366749,-9.10174818840474,99.9722299361289,33.7755447668511,0.0109033418742845,0,1,65.5,coarse
65,1,0,0,0,-6.29971147099207,-26.9841637776969,-9.10174818840474,100,33.7755447668511,0.0272583546857112,1,1,66,coarse
65,2,0,0,0,-6.65526091546982,-27.0678524010903,-9.10174818840474,100,33.7755447668511,0.0436133674971379,1,1,67,coarse
65,3,0,0,0,-6.65526091546982,-27.333660346221,-9.10174818840474,100,33.7416732527944,0.0817750640571335,1,1,68,coarse
65,5,0,0,0,-7.1886583614631,-27.7133089224235,-10.6038432096915,100,33.7078017387377,0.185356811862836,1,1,70,coarse
65,10,0,0,0,-10.5717152349471,-28.7688469669909,-14.0852640500881,100,33.3239245794287,0.517908739028512,1,1,75,coarse
65,15,0,0,0,-10.5717152349471,-30.1306111015383,-15.7322141684206,100,32.9908546912047,1.05762416180559,1,1,80,coarse
65,20,0,0,0,-10.5717152349471,-30.919598510419,-15.7322141684206,100,32.5787512701818,1.65730796489124,1,1,85,coarse
65,25,0,0,0,-10.5717152349471,-33.5523563967913,-15.7322141684206,100,31.6529298859659,2.82941721637682,1,1,90,coarse
65,30,0,0,0,-10.5717152349471,-34.3959057614549,-15.7322141684206,100,29.6375747995935,4.43766014283378,1,1,95,coarse
65,35,0,0,0,-10.5717152349471,-37.3528461640524,-15.7322141684206,100,27.5375409280795,7.3324974104563,1,1,100,coarse
65,40,0,0,0,-10.5717152349471,-40.6280952359829,-15.7322141684206,100,23.4165067178503,10.6852750367988,1,1,105,coarse
65,45,0,0,0,-10.5717152349471,-45.2613625757395,-15.7322141684206,100,17.7260923563283,16.0494524105228,1,1,110,coarse
65,50,0,0,0,-10.5717152349471,-48.3947164740311,-15.7326309445584,100,12.6905272665688,21.0850175002823,1,1,115,coarse
65,55,0,0,0,-10.5717152349471,-48.4527044425557,-15.7326309445584,100,8.63007731678101,25.3584735237665,1,1,120,coarse
65,60,0,0,0,-10.5717152349471,-48.4527044425557,-15.7326309445584,100,4.37224009158807,29.4399909675963,1,1,125,coarse
65,65,0,0,0,-10.5717152349471,-48.6131581101467,-15.7327168986463,100,0,33.7755447668511,1,1,130,coarse
70,0,0.0555401277422938,0.0555401277422938,0,14.3683417736458,-26.835783335931,-6.92205743396353,99.9444598722577,37.9078694817658,0,0,1,70,coarse
70,0.5,0.0277700638711469,0.0277700638711469,0,-4.25149999432244,-26.9252196366749,-9.10174818840474,99.9722299361289,37.9078694817658,0.0109033418742845,0,1,70.5,coarse
70,1,0,0,0,-6.29971147099207,-26.9841637776969,-9.10174818840474,100,37.9078694817658,0.0272583546857112,1,1,71,coarse
70,2,0,0,0,-6.65526091546982,-27.0678524010903,-9.10174818840474,100,37.9078694817658,0.0436133674971379,1,1,72,coarse
70,3,0,0,0,-6.65526091546982,-27.333660346221,-9.10174818840474,100,37.8739979677092,0.0817750640571335,1,1,73,coarse
70,5,0,0,0,-7.1886583614631,-27.7133089224235,-10.6038432096915,100,37.8401264536525,0.185356811862836,1,1,75,coarse
70,10,0,0,0,-10.5717152349471,-28.7688469669909,-14.0852640500881,100,37.4562492943435,0.517908739028512,1,1,80,coarse
70,15,0,0,0,-10.5717152349471,-30.1306111015383,-15.7322141684206,100,37.1231794061195,1.05762416180559,1,1,85,coarse
70,20,0,0,0,-10.5717152349471,-30.919598510419,-15.7322141684206,100,36.7110759850965,1.65730796489124,1,1,90,coarse
70,25,0,0,0,-10.5717152349471,-33.5523563967913,-15.7322141684206,100,35.7852546008807,2.82941721637682,1,1,95,coarse
70,30,0,0,0,-10.5717152349471,-34.3959057614549,-15.7322141684206,100,33.7698995145083,4.43766014283378,1,1,100,coarse
70,35,0,0,0,-10.5717152349471,-37.3863679162714,-15.7322141684206,100,31.6698656429942,7.3324974104563,1,1,105,coarse
70,40,0,0,0,-10.5717152349471,-40.6477976177404,-15.7322141684206,100,27.548831432765,10.6852750367988,1,1,110,coarse
70,45,0,0,0,-10.5717152349471,-45.2613625757395,-15.7322141684206,100,21.8584170712431,16.0494524105228,1,1,115,coarse
70,50,0,0,0,-10.5717152349471,-48.4838601521401,-15.7326309445584,100,17.0042469781117,21.0850175002823,1,1,120,coarse
70,55,0,0,0,-10.5717152349471,-48.4838601521401,-15.7326309445584,100,13.1384079276925,25.3584735237665,1,1,125,coarse
70,60,0,0,0,-10.5717152349471,-48.646672874251,-15.7326309445584,100,8.76619841010563,29.4399909675963,1,1,130,coarse
70,65,0,0,0,-10.5717152349471,-48.7672667325924,-15.7327168986463,100,4.50833061091147,33.7755447668511,1,1,135,coarse
70,70,0,0,0,-10.5717152349471,-48.8224866016367,-15.7327168986463,100,0,37.9078694817658,1,1,140,coarse
75,0,0.0555401277422938,0.0555401277422938,0,14.3683417736458,-26.835783335931,-6.92205743396353,99.9444598722577,42.441007113018,0,0,1,75,coarse
75,0.5,0.0277700638711469,0.0277700638711469,0,-4.25149999432244,-26.9252196366749,-9.10174818840474,99.9722299361289,42.441007113018,0.0109033418742845,0,1,75.5,coarse
75,1,0,0,0,-6.29971147099207,-26.9841637776969,-9.10174818840474,100,42.441007113018,0.0272583546857112,1,1,76,coarse
75,2,0,0,0,-6.65526091546982,-27.0678524010903,-9.10174818840474,100,42.441007113018,0.0436133674971379,1,1,77,coarse
75,3,0,0,0,-6.65526091546982,-27.333660346221,-9.10174818840474,100,42.4071355989613,0.0817750640571335,1,1,78,coarse
75,5,0,0,0,-7.1886583614631,-27.7133089224235,-10.9072849087348,100,42.3732640849046,0.185356811862836,1,1,80,coarse
75,10,0,0,0,-13.5346854765779,-28.7688469669909,-15.7031078932775,100,41.9893869255956,0.517908739028512,1,1,85,coarse
75,15,0,0,0,-13.5346854765779,-30.1306111015383,-17.2535513297324,100,41.6563170373716,1.05762416180559,1,1,90,coarse
75,20,0,0,0,-13.5346854765779,-30.919598510419,-17.2535513297324,100,41.2442136163487,1.65730796489124,1,1,95,coarse
75,25,0,0,0,-13.5371882485327,-33.5523563967913,-17.2535513297324,100,40.3183922321328,2.82941721637682,1,1,100,coarse
75,30,0,0,0,-13.5371882485327,-34.3959057614549,-17.2535513297324,100,38.3030371457604,4.43766014283378,1,1,105,coarse
75,35,0,0,0,-13.5371882485327,-37.4552228588928,-17.2535513297324,100,36.2030032742464,7.3324974104563,1,1,110,coarse
75,40,0,0,0,-13.5371882485327,-40.7148637602049,-17.2535513297324,100,32.0819690640172,10.6852750367988,1,1,115,coarse
75,45,0,0,0,-13.5417144577106,-45.2759759161304,-17.2535513297324,100,26.3915547024952,16.0494524105228,1,1,120,coarse
75,50,0,0,0,-13.5417144577106,-48.5106204088959,-17.2535720739731,100,21.3559896127357,21.0850175002823,1,1,125,coarse
75,55,0,0,0,-13.5418220322668,-48.5106204088959,-17.2535720739731,100,17.0825335892514,25.3584735237665,1,1,130,coarse
75,60,0,0,0,-13.5418220322668,-48.7640148578584,-17.2535720739731,100,13.0010161454217,29.4399909675963,1,1,135,coarse
75,65,0,0,0,-13.5418220322668,-48.8153480784942,-17.2538678923553,100,8.66546234616687,33.7755447668511,1,1,140,coarse
75,70,0,0,0,-13.5418244707628,-48.876971840997,-17.2538678923553,100,4.53313763125212,37.9078694817658,1,1,145,coarse
75,75,0,0,0,-13.5418244707628,-49.1465943675677,-17.2538678923553,100,0,42.441007113018,1,1,150,coarse
80,0,0.0555401277422938,0.0555401277422938,0,14.3683417736458,-26.835783335931,-6.92205743396353,99.9444598722577,46.4209100146777,0,0,1,80,coarse
80,0.5,0.0277700638711469,0.0277700638711469,0,-4.25149999432244,-26.9252196366749,-9.10174818840474,99.9722299361289,46.4209100146777,0.0109033418742845,0,1,80.5,coarse
80,1,0,0,0,-6.29971147099207,-26.9841637776969,-9.10174818840474,100,46.4209100146777,0.0272583546857112,1,1,81,coarse
80,2,0,0,0,-6.65526091546982,-27.0678524010903,-9.10174818840474,100,46.4209100146777,0.0436133674971379,1,1,82,coarse
80,3,0,0,0,-6.65526091546982,-27.333660346221,-9.10174818840474,100,46.387038500621,0.0817750640571335,1,1,83,coarse
80,5,0,0,0,-7.1886583614631,-27.7133089224235,-10.9072849087348,100,46.3531669865643,0.185356811862836,1,1,85,coarse
80,10,0,0,0,-13.5346854765779,-28.7688469669909,-15.7031078932775,100,45.9692898272553,0.517908739028512,1,1,90,coarse
80,15,0,0,0,-13.5346854765779,-30.1306111015383,-17.2535513297324,100,45.6362199390313,1.05762416180559,1,1,95,coarse
80,20,0,0,0,-13.5346854765779,-30.919598510419,-17.2535513297324,100,45.2241165180084,1.65730796489124,1,1,100,coarse
80,25,0,0,0,-13.5371882485327,-33.5523563967913,-17.2535513297324,100,44.2982951337925,2.82941721637682,1,1,105,coarse
80,30,0,0,0,-13.5371882485327,-34.3959057614549,-17.2535513297324,100,42.2829400474201,4.43766014283378,1,1,110,coarse
80,35,0,0,0,-13.5371882485327,-37.4595890248079,-17.2535513297324,100,40.1829061759061,7.3324974104563,1,1,115,coarse
80,40,0,0,0,-13.5371882485327,-40.7575777268913,-17.2535513297324,100,36.0618719656769,10.6852750367988,1,1,120,coarse
80,45,0,0,0,-13.5417144577106,-45.2990250331277,-17.2535513297324,100,30.3714576041549,16.0494524105228,1,1,125,coarse
80,50,0,0,0,-13.5417144577106,-48.650693024391,-17.2535720739731,100,25.6016552324948,21.0850175002823,1,1,130,coarse
80,55,0,0,0,-13.5418220322668,-48.6507902870955,-17.2535720739731,100,21.7358161820756,25.3584735237665,1,1,135,coarse
80,60,0,0,0,-13.5418220322668,-48.807134701442,-17.2535720739731,100,17.3636066644887,29.4399909675963,1,1,140,coarse
80,65,0,0,0,-13.5418220322668,-48.863880872409,-17.2538678923553,100,13.1057388652946,33.7755447668511,1,1,145,coarse
80,70,0,0,0,-13.5418244707628,-48.9217066035755,-17.2538678923553,100,8.82080357629613,37.9078694817658,1,1,150,coarse
80,75,0,0,0,-13.5418244707628,-49.1673587150249,-17.2538678923553,100,4.91669389088533,42.441007113018,1,1,155,coarse
80,80,0,0,0,-13.5418244707628,-49.5807849698673,-17.2538678923553,100,0,46.4209100146777,1,1,160,coarse
85,0,0.0555401277422938,0.0555401277422938,0,14.3683417736458,-26.835783335931,-6.92205743396353,99.9444598722577,50.8016258326747,0,0,1,85,coarse
85,0.5,0.0277700638711469,0.0277700638711469,0,-4.25149999432244,-26.9252196366749,-9.10174818840474,99.9722299361289,50.8016258326747,0.0109033418742845,0,1,85.5,coarse
85,1,0,0,0,-6.29971147099207,-26.9841637776969,-9.10174818840474,100,50.8016258326747,0.0272583546857112,1,1,86,coarse
85,2,0,0,0,-6.65526091546982,-27.0678524010903,-9.10174818840474,100,50.8016258326747,0.0436133674971379,1,1,87,coarse
85,3,0,0,0,-6.65526091546982,-27.333660346221,-9.10174818840474,100,50.767754318618,0.0817750640571335,1,1,88,coarse
85,5,0,0,0,-7.1886583614631,-27.7133089224235,-10.9072849087348,100,50.7338828045614,0.185356811862836,1,1,90,coarse
85,10,0,0,0,-13.5346854765779,-28.7688469669909,-15.7031078932775,100,50.3500056452523,0.517908739028512,1,1,95,coarse
85,15,0,0,0,-13.5346854765779,-30.1306111015383,-17.2535513297324,100,50.0169357570283,1.05762416180559,1,1,100,coarse
85,20,0,0,0,-13.5346854765779,-30.919598510419,-17.2535513297324,100,49.6048323360054,1.65730796489124,1,1,105,coarse
85,25,0,0,0,-13.5371882485327,-33.5523563967913,-17.2535513297324,100,48.6790109517895,2.82941721637682,1,1,110,coarse
85,30,0,0,0,-13.5371882485327,-34.3959057614549,-17.2535513297324,100,46.6636558654172,4.43766014283378,1,1,115,coarse
85,35,0,0,0,-13.5371882485327,-37.4595890248079,-17.2535513297324,100,44.5636219939031,7.3324974104563,1,1,120,coarse
85,40,0,0,0,-13.5371882485327,-40.7882614459103,-17.2535513297324,100,40.4425877836739,10.6852750367988,1,1,125,coarse
85,45,0,0,0,-13.5417144577106,-45.2990250331277,-17.2535513297324,100,34.752173422152,16.0494524105228,1,1,130,coarse
85,50,0,0,0,-13.5417144577106,-48.650693024391,-17.2535720739731,100,30.4802352172493,21.0850175002823,1,1,135,coarse
85,55,0,0,0,-13.5418220322668,-48.6507902870955,-17.2535720739731,100,26.61439616683,25.3584735237665,1,1,140,coarse
85,60,0,0,0,-13.5418220322668,-48.807134701442,-17.2535720739731,100,22.3791091969689,29.4399909675963,1,1,145,coarse
85,65,0,0,0,-13.5418220322668,-48.863880872409,-17.2538678923553,100,18.017480049943,33.7755447668511,1,1,150,coarse
85,70,0,0,0,-13.5418244707628,-48.9217066035755,-17.2538678923553,100,13.9835359537698,37.9078694817658,1,1,155,coarse
85,75,0,0,0,-13.5418244707628,-49.1673587150249,-17.2538678923553,100,10.1514575755931,42.441007113018,1,1,160,coarse
85,80,0,0,0,-13.5418244707628,-49.5807849698673,-17.2538678923553,100,6.12344606698876,46.4209100146777,1,1,165,coarse
85,85,0,0,0,-13.5418244707628,-50.3226663067212,-17.2538678923553,100,0,50.8016258326747,1,1,170,coarse
90,0,0.0555401277422938,0.0555401277422938,0,14.3683417736458,-26.835783335931,-6.92205743396353,99.9444598722577,55.7863836513492,0,0,1,90,coarse
90,0.5,0.0277700638711469,0.0277700638711469,0,-4.25149999432244,-26.9252196366749,-9.10174818840474,99.9722299361289,55.7863836513492,0.0109033418742845,0,1,90.5,coarse
90,1,0,0,0,-6.29971147099207,-26.9841637776969,-9.10174818840474,100,55.7863836513492,0.0272583546857112,1,1,91,coarse
90,2,0,0,0,-6.65526091546982,-27.0678524010903,-9.10174818840474,100,55.7863836513492,0.0436133674971379,1,1,92,coarse
90,3,0,0,0,-6.65526091546982,-27.333660346221,-9.10174818840474,100,55.7525121372925,0.0817750640571335,1,1,93,coarse
90,5,0,0,0,-7.1886583614631,-27.7133089224235,-10.9072849087348,100,55.7186406232359,0.185356811862836,1,1,95,coarse
90,10,0,0,0,-13.5346854765779,-28.7688469669909,-15.7031078932775,100,55.3933011237175,0.517908739028512,1,1,100,coarse
90,15,0,0,0,-13.5346854765779,-30.1306111015383,-17.2535513297324,100,55.0947288420824,1.05762416180559,1,1,105,coarse
90,20,0,0,0,-13.5346854765779,-30.919598510419,-17.2535513297324,100,54.5895901546799,1.65730796489124,1,1,110,coarse
90,25,0,0,0,-13.5371882485327,-33.7407707747319,-17.2535513297324,100,53.663768770464,2.82941721637682,1,1,115,coarse
90,30,0,0,0,-13.5371882485327,-34.4953262922726,-17.2535513297324,100,52.0547201563433,4.43766014283378,1,1,120,coarse
90,35,0,0,0,-13.5371882485327,-37.5814050511386,-17.2535513297324,100,49.5483798125776,7.3324974104563,1,1,125,coarse
90,40,0,0,0,-13.5371882485327,-40.8719588531497,-17.2535513297324,100,45.6707019162912,10.6852750367988,1,1,130,coarse
90,45,0,0,0,-13.5417144577106,-45.5932073002508,-17.2535513297324,100,40.0740498747686,16.0494524105228,1,1,135,coarse
90,50,0,0,0,-13.5417144577106,-48.6746331930373,-17.2535720739731,100,36.1265381683546,21.0850175002823,1,1,140,coarse
90,55,0,0,0,-13.5418220322668,-48.7099090030243,-17.2535720739731,100,32.2606991179353,25.3584735237665,1,1,145,coarse
90,60,0,0,0,-13.5418220322668,-48.8330884917217,-17.2535720739731,100,27.8907485144197,29.4399909675963,1,1,150,coarse
90,65,0,0,0,-13.5418220322668,-48.876971840997,-17.2538678923553,100,23.7174963357038,33.7755447668511,1,1,155,coarse
90,70,0,0,0,-13.5418244707628,-48.9623652824957,-17.2538678923553,100,19.5211986319961,37.9078694817658,1,1,160,coarse
90,75,0,0,0,-13.5418244707628,-49.1673587150249,-17.2538678923553,100,15.8514738613539,42.441007113018,1,1,165,coarse
90,80,0,0,0,-13.5418244707628,-49.5807849698673,-17.2538678923553,100,11.8234623527496,46.4209100146777,1,1,170,coarse
90,85,0,0,0,-13.5418244707628,-50.3215286179252,-17.2538678923553,100,5.70001628576082,50.8016258326747,1,1,175,coarse
90,90,0,0,0,-13.5418408261455,-51.2666447293199,-17.2538861934195,100,0,55.7863836513492,1,1,180,coarse
95,0,0.0555401277422938,0.0555401277422938,0,14.3683417736458,-27.5370779986955,-6.92205743396353,99.9444598722577,64.6598990282829,0,0,1,95,coarse
95,0.5,0.0277700638711469,0.0277700638711469,0,-4.25149999432244,-27.57492134976,-9.10174818840474,99.9722299361289,64.6544704413441,0.0109033418742845,0,1,95.5,coarse
95,1,0,0,0,-6.29971147099207,-27.6407770845063,-9.10174818840474,100,64.6544704413441,0.0272583546857112,1,1,96,coarse
95,2,0,0,0,-6.65526091546982,-27.7133089224235,-9.10174818840474,100,64.6490418544053,0.0436133674971379,1,1,97,coarse
95,3,0,0,0,-6.65526091546982,-27.9685197556005,-9.10174818840474,100,64.6327560935888,0.0817750640571335,1,1,98,coarse
95,5,0,0,0,-7.1886583614631,-28.6213955115677,-10.9072849087348,100,64.6001845719559,0.185356811862836,1,1,100,coarse
95,10,0,0,0,-13.580744961831,-29.3989263684966,-15.7031078932775,100,64.3070408772597,0.517908739028512,1,1,105,coarse
95,15,0,0,0,-17.251229358597,-31.4232896716112,-18.9090495952319,100,64.0084685956246,1.05762416180559,1,1,110,coarse
95,20,0,0,0,-17.251229358597,-32.1693597040076,-18.9090495952319,100,63.4330383801097,1.65730796489124,1,1,115,coarse
95,25,0,0,0,-17.251229358597,-34.296884927458,-18.9090495952319,100,62.4016068617339,2.82941721637682,1,1,120,coarse
95,30,0,0,0,-17.251229358597,-35.0585145635456,-20.382604165419,100,60.9684599098855,4.43766014283378,1,1,125,coarse
95,35,0,0,0,-17.251229358597,-37.9267186738153,-20.382604165419,100,58.3573095923131,7.3324974104563,1,1,130,coarse
95,40,0,0,0,-17.251229358597,-41.0680129343448,-20.382604165419,100,54.5844416698333,10.6852750367988,1,1,135,coarse
95,45,0,0,0,-17.251229358597,-46.235449123238,-20.3909280602739,100,48.8960366352287,16.0494524105228,1,1,140,coarse
95,50,0,0,0,-17.251229358597,-48.7589883588101,-20.3909451283224,100,44.4952629859523,21.0850175002823,1,1,145,coarse
95,55,0,0,0,-17.251229358597,-48.7788016241043,-20.3909451283224,100,40.629423935533,25.3584735237665,1,1,150,coarse
95,60,0,0,0,-17.251229358597,-48.8684296505109,-20.3909451283224,100,37.0713623725672,29.4399909675963,1,1,155,coarse
95,65,0,0,0,-17.251229358597,-48.997532413335,-20.3909451283224,100,32.6991222809791,33.7755447668511,1,1,160,coarse
95,70,0,0,0,-17.251229358597,-49.0309011240157,-20.3909451283224,100,28.6757891293682,37.9078694817658,1,1,165,coarse
95,75,0,0,0,-17.251229358597,-49.1927905141608,-20.3909451283224,100,24.765213614896,42.441007113018,1,1,170,coarse
95,80,0,0,0,-17.251229358597,-49.6440224796718,-20.3910234577508,100,20.7372021062917,46.4209100146777,1,1,175,coarse
95,85,0,0,0,-17.251229358597,-50.3215286179252,-20.3910234577508,100,14.6922531755983,50.8016258326747,1,1,180,coarse
95,90,0,0,0,-17.2512497157319,-51.2487223769688,-20.3910375920908,100,9.18061385814752,55.7863836513492,1,1,185,coarse
95,95,0,0,0,-17.2512730192251,-54.1601115574609,-20.3912045712143,100,0,64.6598990282829,1,1,190,coarse
100,0,0.0555401277422938,0.0555401277422938,0,14.3683417736458,-27.7715535236369,-6.92205743396353,99.9444598722577,71.4782042234406,0,0,1,100,coarse
100,0.5,0.0277700638711469,0.0277700638711469,0,-4.25149999432244,-27.8214168301739,-9.10174818840474,99.9722299361289,71.4727756365018,0.0109033418742845,0,1,100.5,coarse
100,1,0,0,0,-6.29971147099207,-27.9685197556005,-9.10174818840474,100,71.4727756365018,0.0272583546857112,1,1,101,coarse
100,2,0,0,0,-6.65526091546982,-28.0005176148218,-9.10174818840474,100,71.467347049563,0.0436133674971379,1,1,102,coarse
100,3,0,0,0,-6.65526091546982,-28.3585598253167,-9.10174818840474,100,71.4510612887465,0.0817750640571335,1,1,103,coarse
100,5,0,0,0,-7.1886583614631,-28.8268445084541,-10.9072849087348,100,71.4184897671136,0.185356811862836,1,1,105,coarse
100,10,0,0,0,-13.580744961831,-29.628499188343,-15.7031078932775,100,71.1253460724173,0.517908739028512,1,1,110,coarse
100,15,0,0,0,-17.4791417953243,-31.8677757989544,-18.9090495952319,100,70.8267737907823,1.05762416180559,1,1,115,coarse
100,20,0,0,0,-18.6019084504605,-32.5231485243761,-18.9090495952319,100,70.2513435752674,1.65730796489124,1,1,120,coarse
100,25,0,0,0,-18.6019084504605,-34.3386394460978,-18.9090495952319,100,69.2199120568916,2.82941721637682,1,1,125,coarse
100,30,0,0,0,-20.3191165113398,-35.4085624816365,-24.256745625388,100,67.7867651050432,4.43766014283378,1,1,130,coarse
100,35,0,0,0,-20.3191165113398,-37.982645350308,-24.8464265163074,100,65.1756147874708,7.3324974104563,1,1,135,coarse
100,40,0,0,0,-20.3191165113398,-41.1123314132178,-27.5508322266569,100,61.402746864991,10.6852750367988,1,1,140,coarse
100,45,0,0,0,-20.327179355627,-46.2717747547689,-28.7333264192585,100,55.6213017751479,16.0494524105228,1,1,145,coarse
100,50,0,0,0,-20.327179355627,-48.8684296505109,-28.9223223704458,100,51.5790046825656,21.0850175002823,1,1,150,coarse
100,55,0,0,0,-20.327179355627,-48.8684296505109,-28.9223223704458,100,47.7131656321464,25.3584735237665,1,1,155,coarse
100,60,0,0,0,-20.327179355627,-48.9866116751383,-28.9230362143465,100,43.5152374202693,29.4399909675963,1,1,160,coarse
100,65,0,0,0,-20.327179355627,-49.0444966197498,-28.9230362143465,100,39.4495412844037,33.7755447668511,1,1,165,coarse
100,70,0,0,0,-20.327179355627,-49.056306762183,-28.9230362143465,100,35.2532435806959,37.9078694817658,1,1,170,coarse
100,75,0,0,0,-20.327179355627,-49.2420061434798,-28.9230362143465,100,31.5835188100537,42.441007113018,1,1,175,coarse
100,80,0,0,0,-20.3272450219748,-49.6615284390942,-28.9235476879793,100,27.5555073014494,46.4209100146777,1,1,180,coarse
100,85,0,0,0,-20.3272450219748,-50.3585778256009,-28.9235476879793,100,21.4320612344607,50.8016258326747,1,1,185,coarse
100,90,0,0,0,-20.3272588004808,-51.2731154667015,-28.9235476879793,100,15.7320449486999,55.7863836513492,1,1,190,coarse
100,95,0,0,0,-20.3274445392167,-54.1601115574609,-28.9251127123995,100,7.08374169661331,64.6598990282829,1,1,195,coarse
100,100,0,0,0,-20.3274445392167,-54.8915768151852,-28.9251127123995,100,0,71.4782042234406,1,1,200,coarse
105,0,0.0555401277422938,0.0555401277422938,0,14.3683417736458,-27.7715535236369,-6.92205743396353,99.9444598722577,77.1836490961403,0,0,1,105,coarse
105,0.5,0.0277700638711469,0.0277700638711469,0,-4.25149999432244,-27.8214168301739,-9.10174818840474,99.9722299361289,77.1782205092015,0.0109033418742845,0,1,105.5,coarse
105,1,0,0,0,-6.29971147099207,-27.9685197556005,-9.10174818840474,100,77.1782205092015,0.0272583546857112,1,1,106,coarse
105,2,0,0,0,-6.65526091546982,-28.0005176148218,-9.10174818840474,100,77.1727919222626,0.0436133674971379,1,1,107,coarse
105,3,0,0,0,-6.65526091546982,-28.3585598253167,-9.10174818840474,100,77.1565061614462,0.0817750640571335,1,1,108,coarse
105,5,0,0,0,-7.1886583614631,-28.8268445084541,-10.9072849087348,100,77.1239346398133,0.185356811862836,1,1,110,coarse
105,10,0,0,0,-13.580744961831,-29.628499188343,-15.7031078932775,100,76.830790945117,0.517908739028512,1,1,115,coarse
105,15,0,0,0,-17.4791417953243,-31.8677757989544,-18.9090495952319,100,76.5322186634819,1.05762416180559,1,1,120,coarse
105,20,0,0,0,-18.6019084504605,-32.5231485243761,-18.9090495952319,100,75.956788447967,1.65730796489124,1,1,125,coarse
105,25,0,0,0,-18.6019084504605,-34.3386394460978,-18.9090495952319,100,74.9253569295912,2.82941721637682,1,1,130,coarse
105,30,0,0,0,-23.6834934746621,-35.4396806089447,-24.256745625388,100,73.4922099777428,4.43766014283378,1,1,135,coarse
105,35,0,0,0,-24.1210533424961,-38.0339213181031,-24.8464265163074,100,70.8810596601705,7.3324974104563,1,1,140,coarse
105,40,0,0,0,-25.2411636833502,-41.1876678255616,-27.5508322266569,100,67.1458129151693,10.6852750367988,1,1,145,coarse
105,45,0,0,0,-30.2249876369101,-46.3142724152464,-34.5961003294694,100,61.5702929325928,16.0494524105228,1,1,150,coarse
105,50,0,0,0,-39.6995151131067,-48.8684296505109,-41.006236908532,100,57.6227812261788,21.0850175002823,1,1,155,coarse
105,55,0,0,0,-39.6995151131067,-48.8684296505109,-41.006236908532,100,53.7569421757596,25.3584735237665,1,1,160,coarse
105,60,0,0,0,-39.6995151131067,-48.9486944166099,-41.006236908532,100,49.3847326581727,29.4399909675963,1,1,165,coarse
105,65,0,0,0,-39.6995151131067,-49.0309011240157,-41.006236908532,100,45.1549861571033,33.7755447668511,1,1,170,coarse
105,70,0,0,0,-39.6995151131067,-49.0521625518112,-41.1204011620286,100,40.9586884533956,37.9078694817658,1,1,175,coarse
105,75,0,0,0,-39.6995151131067,-49.2126304520904,-41.1204011620286,100,37.2889636827534,42.441007113018,1,1,180,coarse
105,80,0,0,0,-39.6995151131067,-49.6562613522604,-41.1224615523956,100,33.2609521741491,46.4209100146777,1,1,185,coarse
105,85,0,0,0,-39.6995151131067,-50.3226663067212,-41.1224615523956,100,27.1425460089295,50.8016258326747,1,1,190,coarse
105,90,0,0,0,-39.7038595696602,-51.2666447293199,-41.30951174535,100,21.4962430578242,55.7863836513492,1,1,195,coarse
105,95,0,0,0,-41.3462648011601,-54.1434478188676,-41.7220782140916,100,13.1275182402265,64.6598990282829,1,1,200,coarse
105,100,0,0,0,-41.3462648011601,-54.8915768151852,-42.4071202629152,100,6.11380828723044,71.4782042234406,1,1,205,coarse
105,105,0,0,0,-44.9813214149376,-54.9017638940042,-46.1683640102409,100,0,77.1836490961403,1,1,210,coarse
110,0,0.0555401277422938,0.0555401277422938,0,14.3683417736458,-27.7715535236369,-6.92205743396353,99.9444598722577,80.3114450615267,0,0,1,110,coarse
110,0.5,0.0277700638711469,0.0277700638711469,0,-4.25149999432244,-27.8214168301739,-9.10174818840474,99.9722299361289,80.3060002177938,0.0109033418742845,0,1,110.5,coarse
110,1,0,0,0,-6.29971147099207,-27.9685197556005,-9.10174818840474,100,80.3060002177938,0.0272583546857112,1,1,111,coarse
110,2,0,0,0,-6.65526091546982,-28.0005176148218,-9.10174818840474,100,80.2951105303278,0.0436133674971379,1,1,112,coarse
110,3,0,0,0,-6.65526091546982,-28.3585598253167,-9.10174818840474,100,80.2842208428618,0.0817750640571335,1,1,113,coarse
110,5,0,0,0,-7.1886583614631,-28.8268445084541,-10.9072849087348,100,80.2352172492649,0.185356811862836,1,1,115,coarse
110,10,0,0,0,-13.580744961831,-29.628499188343,-15.7031078932775,100,80.1154306871393,0.517908739028512,1,1,120,coarse
110,15,0,0,0,-17.4791417953243,-31.8677757989544,-18.9090495952319,100,79.7778503756942,1.05762416180559,1,1,125,coarse
110,20,0,0,0,-18.6019084504605,-32.5231485243761,-18.9090495952319,100,79.1571381901339,1.65730796489124,1,1,130,coarse
110,25,0,0,0,-18.6019084504605,-34.3386394460978,-18.9090495952319,100,78.3404116301862,2.82941721637682,1,1,135,coarse
110,30,0,0,0,-23.6834934746621,-35.4396806089447,-24.256745625388,100,76.9029728846782,4.43766014283378,1,1,140,coarse
110,35,0,0,0,-24.1210533424961,-38.0339213181031,-24.8464265163074,100,74.3438963301753,7.3324974104563,1,1,145,coarse
110,40,0,0,0,-25.2411636833502,-41.1876678255616,-27.5508322266569,100,70.9517586845258,10.6852750367988,1,1,150,coarse
110,45,0,0,0,-30.2249876369101,-46.3142724152464,-34.5961003294694,100,65.3762387019492,16.0494524105228,1,1,155,coarse
110,50,0,0,0,-39.6995151131067,-48.8684296505109,-41.006236908532,100,61.4287269955352,21.0850175002823,1,1,160,coarse
110,55,0,0,0,-39.6995151131067,-48.8684296505109,-41.006236908532,100,57.562887945116,25.3584735237665,1,1,165,coarse
110,60,0,0,0,-39.6995151131067,-48.9486944166099,-41.006236908532,100,53.1906784275291,29.4399909675963,1,1,170,coarse
110,65,0,0,0,-39.6995151131067,-49.0309011240157,-41.006236908532,100,48.932810628335,33.7755447668511,1,1,175,coarse
110,70,0,0,0,-39.6995151131067,-49.0521625518112,-41.1204011620286,100,44.4244800174235,37.9078694817658,1,1,180,coarse
110,75,0,0,0,-39.6995151131067,-49.2126304520904,-41.1204011620286,100,40.7437656539257,42.441007113018,1,1,185,coarse
110,80,0,0,0,-39.6995151131067,-49.6562613522604,-41.1224615523956,100,36.3389609684599,46.4209100146777,1,1,190,coarse
110,85,0,0,0,-39.6995151131067,-50.3226663067212,-41.1224615523956,100,30.948491778286,50.8016258326747,1,1,195,coarse
110,90,0,0,0,-39.7038595696602,-51.2666447293199,-41.30951174535,100,25.3021888271807,55.7863836513492,1,1,200,coarse
110,95,0,0,0,-41.3462648011601,-54.1434478188676,-41.7220782140916,100,16.9334640095829,64.6598990282829,1,1,205,coarse
110,100,0,0,0,-41.3462648011601,-54.8915768151852,-42.4071202629152,100,10.4267810771141,71.4782042234406,1,1,210,coarse
110,105,0,0,0,-44.9813214149376,-54.9017638940042,-46.1683640102409,100,4.31297278988371,77.1836490961403,1,1,215,coarse
110,110,0,0,0,-46.8612193623773,-55.4411069073764,-47.4801514269868,100,0,80.3114450615267,1,1,220,coarse
115,0,0.0555401277422938,0.0555401277422938,0,14.3683417736458,-27.7715535236369,-6.92205743396353,99.9444598722577,83.8119537484393,0,0,1,115,coarse
115,0.5,0.0277700638711469,0.0277700638711469,0,-4.25149999432244,-27.8214168301739,-9.10174818840474,99.9722299361289,83.8065251615005,0.0109033418742845,0,1,115.5,coarse
115,1,0,0,0,-6.29971147099207,-27.9685197556005,-9.10174818840474,100,83.8065251615005,0.0272583546857112,1,1,116,coarse
115,2,0,0,0,-6.65526091546982,-28.0005176148218,-9.10174818840474,100,83.8010965745616,0.0436133674971379,1,1,117,coarse
115,3,0,0,0,-6.65526091546982,-28.3585598253167,-9.10174818840474,100,83.7848108137452,0.0817750640571335,1,1,118,coarse
115,5,0,0,0,-7.1886583614631,-28.8268445084541,-10.9072849087348,100,83.7522392921123,0.185356811862836,1,1,120,coarse
115,10,0,0,0,-13.580744961831,-29.628499188343,-15.7031078932775,100,83.459095597416,0.517908739028512,1,1,125,coarse
115,15,0,0,0,-17.4791417953243,-31.8677757989544,-18.9090495952319,100,83.1605233157809,1.05762416180559,1,1,130,coarse
115,20,0,0,0,-18.6019084504605,-32.5231485243761,-18.9090495952319,100,82.585093100266,1.65730796489124,1,1,135,coarse
115,25,0,0,0,-18.6019084504605,-34.3386394460978,-18.9090495952319,100,81.5536615818902,2.82941721637682,1,1,140,coarse
115,30,0,0,0,-23.6834934746621,-35.4396806089447,-24.256745625388,100,80.1205146300418,4.43766014283378,1,1,145,coarse
115,35,0,0,0,-24.1210533424961,-38.0339213181031,-24.8464265163074,100,77.5093643124695,7.3324974104563,1,1,150,coarse
115,40,0,0,0,-25.2411636833502,-41.1876678255616,-27.5508322266569,100,74.0389850811282,10.6852750367988,1,1,155,coarse
115,45,0,0,0,-30.2249876369101,-46.3142724152464,-34.5961003294694,100,68.4634650985517,16.0494524105228,1,1,160,coarse
115,50,0,0,0,-39.6995151131067,-48.8684296505109,-41.006236908532,100,64.5159533921376,21.0850175002823,1,1,165,coarse
115,55,0,0,0,-39.6995151131067,-48.8684296505109,-41.006236908532,100,60.6501143417184,25.3584735237665,1,1,170,coarse
115,60,0,0,0,-39.6995151131067,-48.9486944166099,-41.006236908532,100,56.2779048241315,29.4399909675963,1,1,175,coarse
115,65,0,0,0,-39.6995151131067,-49.0309011240157,-41.006236908532,100,52.0200370249374,33.7755447668511,1,1,180,coarse
115,70,0,0,0,-39.6995151131067,-49.0521625518112,-41.1204011620286,100,47.5869931056946,37.9078694817658,1,1,185,coarse
115,75,0,0,0,-39.6995151131067,-49.2126304520904,-41.1204011620286,100,43.9172683350524,42.441007113018,1,1,190,coarse
115,80,0,0,0,-39.6995151131067,-49.6562613522604,-41.1224615523956,100,39.8892568264481,46.4209100146777,1,1,195,coarse
115,85,0,0,0,-39.6995151131067,-50.3226663067212,-41.1224615523956,100,34.0357181748884,50.8016258326747,1,1,200,coarse
115,90,0,0,0,-39.7038595696602,-51.2666447293199,-41.30951174535,100,28.3894152237831,55.7863836513492,1,1,205,coarse
115,95,0,0,0,-41.3462648011601,-54.1434478188676,-41.7220782140916,100,20.0206904061853,64.6598990282829,1,1,210,coarse
115,100,0,0,0,-41.3462648011601,-54.8915768151852,-42.4071202629152,100,13.5881223890708,71.4782042234406,1,1,215,coarse
115,105,0,0,0,-44.9813214149376,-54.9017638940042,-46.1683640102409,100,7.47431410184035,77.1836490961403,1,1,220,coarse
115,110,0,0,0,-46.8612193623773,-55.4411069073764,-47.4801514269868,100,3.55029585798817,80.3114450615267,1,1,225,coarse
115,115,0,0,0,-48.2729970930289,-56.5455802711937,-48.8145027880011,100,0,83.8119537484393,1,1,230,coarse
120,0,0.0555401277422938,0.0555401277422938,0,14.3683417736458,-27.7715535236369,-6.92205743396353,99.9444598722577,88.1168231909234,0,0,1,120,coarse
120,0.5,0.0277700638711469,0.0277700638711469,0,-4.25149999432244,-27.8214168301739,-9.10174818840474,99.9722299361289,88.1113946039846,0.0109033418742845,0,1,120.5,coarse
120,1,0,0,0,-6.29971147099207,-27.9685197556005,-9.10174818840474,100,88.1113946039846,0.0272583546857112,1,1,121,coarse
120,2,0,0,0,-6.65526091546982,-28.0005176148218,-9.10174818840474,100,88.1059660170458,0.0436133674971379,1,1,122,coarse
120,3,0,0,0,-6.65526091546982,-28.3585598253167,-9.10174818840474,100,88.0896802562293,0.0817750640571335,1,1,123,coarse
120,5,0,0,0,-7.1886583614631,-28.8268445084541,-10.9072849087348,100,88.0571087345964,0.185356811862836,1,1,125,coarse
120,10,0,0,0,-13.580744961831,-29.628499188343,-15.7031078932775,100,87.7639650399001,0.517908739028512,1,1,130,coarse
120,15,0,0,0,-17.4791417953243,-31.8677757989544,-18.9090495952319,100,87.465392758265,1.05762416180559,1,1,135,coarse
120,20,0,0,0,-18.6019084504605,-32.5231485243761,-18.9090495952319,100,86.8899625427501,1.65730796489124,1,1,140,coarse
120,25,0,0,0,-18.6019084504605,-34.3386394460978,-18.9090495952319,100,85.8585310243744,2.82941721637682,1,1,145,coarse
120,30,0,0,0,-23.6834934746621,-35.4396806089447,-24.256745625388,100,84.4253840725259,4.43766014283378,1,1,150,coarse
120,35,0,0,0,-24.1210533424961,-38.0339213181031,-24.8464265163074,100,81.8142337549536,7.3324974104563,1,1,155,coarse
120,40,0,0,0,-25.2411636833502,-41.1876678255616,-27.5508322266569,100,78.0790591310029,10.6852750367988,1,1,160,coarse
120,45,0,0,0,-30.2249876369101,-46.3142724152464,-34.5961003294694,100,72.5035391484264,16.0494524105228,1,1,165,coarse
120,50,0,0,0,-39.6995151131067,-48.8684296505109,-41.006236908532,100,68.5560274420124,21.0850175002823,1,1,170,coarse
120,55,0,0,0,-39.6995151131067,-48.8684296505109,-41.006236908532,100,64.6901883915932,25.3584735237665,1,1,175,coarse
120,60,0,0,0,-39.6995151131067,-48.9486944166099,-41.006236908532,100,60.3179788740063,29.4399909675963,1,1,180,coarse
120,65,0,0,0,-39.6995151131067,-49.0309011240157,-41.006236908532,100,56.0881602518864,33.7755447668511,1,1,185,coarse
120,70,0,0,0,-39.6995151131067,-49.0521625518112,-41.1204011620286,100,51.8918625481787,37.9078694817658,1,1,190,coarse
120,75,0,0,0,-39.6995151131067,-49.2126304520904,-41.1204011620286,100,48.2221377775365,42.441007113018,1,1,195,coarse
120,80,0,0,0,-39.6995151131067,-49.6562613522604,-41.1224615523956,100,44.1941262689322,46.4209100146777,1,1,200,coarse
120,85,0,0,0,-39.6995151131067,-50.3226663067212,-41.1224615523956,100,38.0757922247631,50.8016258326747,1,1,205,coarse
120,90,0,0,0,-39.7038595696602,-51.2666447293199,-41.30951174535,100,32.4294892736578,55.7863836513492,1,1,210,coarse
120,95,0,0,0,-41.3462648011601,-54.1434478188676,-41.7220782140916,100,24.0607644560601,64.6598990282829,1,1,215,coarse
120,100,0,0,0,-41.3462648011601,-54.8915768151852,-42.4071202629152,100,17.7881901320989,71.4782042234406,1,1,220,coarse
120,105,0,0,0,-44.9813214149376,-54.9017638940042,-46.1683640102409,100,11.6743818448685,77.1836490961403,1,1,225,coarse
120,110,0,0,0,-46.8612193623773,-55.4411069073764,-47.4801514269868,100,7.85516530047229,80.3114450615267,1,1,230,coarse
120,115,0,0,0,-48.2729970930289,-56.5455802711937,-48.8145027880011,100,4.30486944248412,83.8119537484393,1,1,235,coarse
120,120,0,0,0,-48.2729970930289,-58.5007885432493,-48.8145027880011,100,0,88.1168231909234,1,1,240,coarse
125,0,0.0555401277422938,0.0555401277422938,0,14.3683417736458,-27.7715535236369,-6.92205743396353,99.9444598722577,93.8982682807665,0,0,1,125,coarse
125,0.5,0.0277700638711469,0.0277700638711469,0,-4.25149999432244,-27.8214168301739,-9.10174818840474,99.9722299361289,93.8928396938277,0.0109033418742845,0,1,125.5,coarse
125,1,0,0,0,-6.29971147099207,-27.9685197556005,-9.10174818840474,100,93.8928396938277,0.0272583546857112,1,1,126,coarse
125,2,0,0,0,-6.65526091546982,-28.0005176148218,-9.10174818840474,100,93.8874111068889,0.0436133674971379,1,1,127,coarse
125,3,0,0,0,-6.65526091546982,-28.3585598253167,-9.10174818840474,100,93.8711253460724,0.0817750640571335,1,1,128,coarse
125,5,0,0,0,-7.1886583614631,-28.8268445084541,-10.9072849087348,100,93.8385538244395,0.185356811862836,1,1,130,coarse
125,10,0,0,0,-13.580744961831,-29.628499188343,-15.7031078932775,100,93.5696395513449,0.517908739028512,1,1,135,coarse
125,15,0,0,0,-17.4791417953243,-31.8677757989544,-18.9090495952319,100,93.2468378481081,1.05762416180559,1,1,140,coarse
125,20,0,0,0,-18.6019084504605,-32.5231485243761,-18.9090495952319,100,92.6714076325932,1.65730796489124,1,1,145,coarse
125,25,0,0,0,-18.6019084504605,-34.3386394460978,-18.9090495952319,100,91.7946204943918,2.82941721637682,1,1,150,coarse
125,30,0,0,0,-23.6834934746621,-35.4396806089447,-24.256745625388,100,90.3571817488838,4.43766014283378,1,1,155,coarse
125,35,0,0,0,-24.1210533424961,-38.0339213181031,-24.8464265163074,100,87.7981051943809,7.3324974104563,1,1,160,coarse
125,40,0,0,0,-25.2411636833502,-41.1876678255616,-27.5508322266569,100,84.4059675487314,10.6852750367988,1,1,165,coarse
125,45,0,0,0,-30.2249876369101,-46.3142724152464,-34.5961003294694,100,78.8304475661548,16.0494524105228,1,1,170,coarse
125,50,0,0,0,-39.6995151131067,-48.8684296505109,-41.006236908532,100,74.8829358597408,21.0850175002823,1,1,175,coarse
125,55,0,0,0,-39.6995151131067,-48.8684296505109,-41.006236908532,100,71.0170968093216,25.3584735237665,1,1,180,coarse
125,60,0,0,0,-39.6995151131067,-48.9486944166099,-41.006236908532,100,66.6448872917347,29.4399909675963,1,1,185,coarse
125,65,0,0,0,-39.6995151131067,-49.0309011240157,-41.006236908532,100,62.3870194925406,33.7755447668511,1,1,190,coarse
125,70,0,0,0,-39.6995151131067,-49.0521625518112,-41.1204011620286,100,57.8786888816291,37.9078694817658,1,1,195,coarse
125,75,0,0,0,-39.6995151131067,-49.2126304520904,-41.1204011620286,100,54.1979745181313,42.441007113018,1,1,200,coarse
125,80,0,0,0,-39.6995151131067,-49.6562613522604,-41.1224615523956,100,49.9755713587753,46.4209100146777,1,1,205,coarse
125,85,0,0,0,-39.6995151131067,-50.3226663067212,-41.1224615523956,100,44.4027006424916,50.8016258326747,1,1,210,coarse
125,90,0,0,0,-39.7038595696602,-51.2666447293199,-41.30951174535,100,38.7563976913863,55.7863836513492,1,1,215,coarse
125,95,0,0,0,-41.3462648011601,-54.1434478188676,-41.7220782140916,100,30.3876728737885,64.6598990282829,1,1,220,coarse
125,100,0,0,0,-41.3462648011601,-54.8915768151852,-42.4071202629152,100,24.1278085130405,71.4782042234406,1,1,225,coarse
125,105,0,0,0,-44.9813214149376,-54.9017638940042,-46.1683640102409,100,18.0140002258101,77.1836490961403,1,1,230,coarse
125,110,0,0,0,-46.8612193623773,-55.4411069073764,-47.4801514269868,100,13.7545657744099,80.3114450615267,1,1,235,coarse
125,115,0,0,0,-48.2729970930289,-56.5455802711937,-48.8145027880011,100,10.7343400752331,83.8119537484393,1,1,240,coarse
125,120,0,0,0,-48.2729970930289,-58.5007885432493,-48.8145027880011,100,6.58561849206782,88.1168231909234,1,1,245,coarse
125,125,0,0,0,-53.2135075427036,-63.4727094570424,-53.5250700901777,100,0,93.8982682807665,1,1,250,coarse
130,0,0.0555401277422938,0.0555401277422938,0,14.3683417736458,-27.7715535236369,-6.92205743396353,99.9444598722577,99.9435474765722,0,0,1,130,coarse
130,0.5,0.0277700638711469,0.0277700638711469,0,-4.25149999432244,-27.8214168301739,-9.10174818840474,99.9722299361289,99.9435474765722,0.0109033418742845,0,1,130.5,coarse
130,1,0,0,0,-6.29971147099207,-27.9685197556005,-9.10174818840474,100,99.9435474765722,0.0272583546857112,1,1,131,coarse
130,2,0,0,0,-6.65526091546982,-28.0005176148218,-9.10174818840474,100,99.9435474765722,0.0436133674971379,1,1,132,coarse
130,3,0,0,0,-6.65526091546982,-28.3585598253167,-9.10174818840474,100,99.9096759625155,0.0817750640571335,1,1,133,coarse
130,5,0,0,0,-7.1886583614631,-28.8268445084541,-10.9072849087348,100,99.8758044484589,0.185356811862836,1,1,135,coarse
130,10,0,0,0,-13.580744961831,-29.628499188343,-15.7031078932775,100,99.656974844822,0.517908739028512,1,1,140,coarse
130,15,0,0,0,-17.4791417953243,-31.8677757989544,-18.9090495952319,100,99.3193945333769,1.05762416180559,1,1,145,coarse
130,20,0,0,0,-18.6019084504605,-32.5231485243761,-18.9090495952319,100,98.7467539799029,1.65730796489124,1,1,150,coarse
130,25,0,0,0,-18.6019084504605,-34.3386394460978,-18.9090495952319,100,97.8819557878689,2.82941721637682,1,1,155,coarse
130,30,0,0,0,-23.6834934746621,-35.4396806089447,-24.256745625388,100,96.4445170423609,4.43766014283378,1,1,160,coarse
130,35,0,0,0,-24.1210533424961,-38.0339213181031,-24.8464265163074,100,93.885440487858,7.3324974104563,1,1,165,coarse
130,40,0,0,0,-25.2411636833502,-41.1876678255616,-27.5508322266569,100,90.4933028422084,10.6852750367988,1,1,170,coarse
130,45,0,0,0,-30.2249876369101,-46.3142724152464,-34.5961003294694,100,84.9177828596319,16.0494524105228,1,1,175,coarse
130,50,0,0,0,-39.6995151131067,-48.8684296505109,-41.006236908532,100,80.9702711532179,21.0850175002823,1,1,180,coarse
130,55,0,0,0,-39.6995151131067,-48.8684296505109,-41.006236908532,100,77.1044321027987,25.3584735237665,1,1,185,coarse
130,60,0,0,0,-39.6995151131067,-48.9486944166099,-41.006236908532,100,72.7322225852118,29.4399909675963,1,1,190,coarse
130,65,0,0,0,-39.6995151131067,-49.0309011240157,-41.006236908532,100,68.4743547860176,33.7755447668511,1,1,195,coarse
130,70,0,0,0,-39.6995151131067,-49.0521625518112,-41.1204011620286,100,63.9660241751062,37.9078694817658,1,1,200,coarse
130,75,0,0,0,-39.6995151131067,-49.2126304520904,-41.1204011620286,100,60.2853098116084,42.441007113018,1,1,205,coarse
130,80,0,0,0,-39.6995151131067,-49.6562613522604,-41.1224615523956,100,55.9090168829054,46.4209100146777,1,1,210,coarse
130,85,0,0,0,-39.6995151131067,-50.3226663067212,-41.1224615523956,100,50.4900359359686,50.8016258326747,1,1,215,coarse
130,90,0,0,0,-39.7038595696602,-51.2666447293199,-41.30951174535,100,44.8437329848633,55.7863836513492,1,1,220,coarse
130,95,0,0,0,-41.3462648011601,-54.1434478188676,-41.7220782140916,100,37.0385006209778,64.6598990282829,1,1,225,coarse
130,100,0,0,0,-41.3462648011601,-54.8915768151852,-42.4071202629152,100,31.1335666704302,71.4782042234406,1,1,230,coarse
130,105,0,0,0,-44.9813214149376,-54.9017638940042,-46.1683640102409,100,25.0197583831997,77.1836490961403,1,1,235,coarse
130,110,0,0,0,-46.8612193623773,-55.4411069073764,-47.4801514269868,100,20.706785593316,80.3114450615267,1,1,240,coarse
130,115,0,0,0,-48.2729970930289,-56.5455802711937,-48.8145027880011,100,17.5454442813594,83.8119537484393,1,1,245,coarse
130,120,0,0,0,-48.2729970930289,-58.5007885432493,-48.8145027880011,100,13.3453765383313,88.1168231909234,1,1,250,coarse
130,125,0,0,0,-53.2135075427036,-63.4727094570424,-53.5250700901777,100,7.00575815738964,93.8982682807665,1,1,255,coarse
130,130,0,0,0,-61.8012347750431,-2948.41956873937,-62.0785956051664,100,0,99.9435474765722,1,1,260,coarse
135,0,0.0555401277422938,0.0555401277422938,0,14.3683417736458,-27.7715535236369,-6.92205743396353,99.9444598722577,100,0,0,1,135,coarse
135,0.5,0.0277700638711469,0.0277700638711469,0,-4.25149999432244,-27.8214168301739,-9.10174818840474,99.9722299361289,100,0.0109033418742845,0,1,135.5,coarse
135,1,0,0,0,-6.29971147099207,-27.9685197556005,-9.10174818840474,100,100,0.0272583546857112,1,1,136,coarse
135,2,0,0,0,-6.65526091546982,-28.0005176148218,-9.10174818840474,100,100,0.0436133674971379,1,1,137,coarse
135,3,0,0,0,-6.65526091546982,-28.3585598253167,-9.10174818840474,100,99.9728570653059,0.0817750640571335,1,1,138,coarse
135,5,0,0,0,-7.1886583614631,-28.8268445084541,-10.9072849087348,100,99.940285543673,0.185356811862836,1,1,140,coarse
135,10,0,0,0,-13.580744961831,-29.628499188343,-15.7031078932775,100,99.8039856256125,0.517908739028512,1,1,145,coarse
135,15,0,0,0,-17.4791417953243,-31.8677757989544,-18.9090495952319,100,99.4664053141675,1.05762416180559,1,1,150,coarse
135,20,0,0,0,-18.6019084504605,-32.5231485243761,-18.9090495952319,100,98.8456931286072,1.65730796489124,1,1,155,coarse
135,25,0,0,0,-18.6019084504605,-34.3386394460978,-18.9090495952319,100,98.0289665686595,2.82941721637682,1,1,160,coarse
135,30,0,0,0,-23.6834934746621,-35.4396806089447,-24.256745625388,100,96.5915278231515,4.43766014283378,1,1,165,coarse
135,35,0,0,0,-24.1210533424961,-38.0339213181031,-24.8464265163074,100,94.0324512686486,7.3324974104563,1,1,170,coarse
135,40,0,0,0,-25.2411636833502,-41.1876678255616,-27.5508322266569,100,90.640313622999,10.6852750367988,1,1,175,coarse
135,45,0,0,0,-30.2249876369101,-46.3142724152464,-34.5961003294694,100,85.0647936404225,16.0494524105228,1,1,180,coarse
135,50,0,0,0,-39.6995151131067,-48.8684296505109,-41.006236908532,100,81.1172819340085,21.0850175002823,1,1,185,coarse
135,55,0,0,0,-39.6995151131067,-48.8684296505109,-41.006236908532,100,77.2514428835892,25.3584735237665,1,1,190,coarse
135,60,0,0,0,-39.6995151131067,-48.9486944166099,-41.006236908532,100,72.8792333660024,29.4399909675963,1,1,195,coarse
135,65,0,0,0,-39.6995151131067,-49.0309011240157,-41.006236908532,100,68.6213655668082,33.7755447668511,1,1,200,coarse
135,70,0,0,0,-39.6995151131067,-49.0521625518112,-41.1204011620286,100,64.1130349558968,37.9078694817658,1,1,205,coarse
135,75,0,0,0,-39.6995151131067,-49.2126304520904,-41.1204011620286,100,60.432320592399,42.441007113018,1,1,210,coarse
135,80,0,0,0,-39.6995151131067,-49.6562613522604,-41.1224615523956,100,56.0773030780088,46.4209100146777,1,1,215,coarse
135,85,0,0,0,-39.6995151131067,-50.3226663067212,-41.1224615523956,100,50.6370467167592,50.8016258326747,1,1,220,coarse
135,90,0,0,0,-39.7038595696602,-51.2666447293199,-41.30951174535,100,44.9907437656539,55.7863836513492,1,1,225,coarse
135,95,0,0,0,-41.3462648011601,-54.1434478188676,-41.7220782140916,100,37.0949531444056,64.6598990282829,1,1,230,coarse
135,100,0,0,0,-41.3462648011601,-54.8915768151852,-42.4071202629152,100,31.190019193858,71.4782042234406,1,1,235,coarse
135,105,0,0,0,-44.9813214149376,-54.9017638940042,-46.1683640102409,100,25.0762109066275,77.1836490961403,1,1,240,coarse
135,110,0,0,0,-46.8612193623773,-55.4411069073764,-47.4801514269868,100,20.7632381167438,80.3114450615267,1,1,245,coarse
135,115,0,0,0,-48.2729970930289,-56.5455802711937,-48.8145027880011,100,17.7179305457123,83.8119537484393,1,1,250,coarse
135,120,0,0,0,-48.2729970930289,-58.5007885432493,-48.8145027880011,100,13.569208962547,88.1168231909234,1,1,255,coarse
135,125,0,0,0,-53.2135075427036,-63.4727094570424,-53.5250700901777,100,7.06221068081743,93.8982682807665,1,1,260,coarse
135,130,0,0,0,-61.8012347750431,-2948.41956873937,-62.0785956051664,100,0.299841901542823,99.9435474765722,1,1,265,coarse
135,135,0,0,0,-2948.41956873937,-2948.41956873937,-2948.41956873937,100,0,100,1,1,270,coarse
135.719099620596,0,0.0555401277422938,0.0555401277422938,0,14.3683417736458,-27.7715535236369,-6.92205743396353,99.9444598722577,100,0,0,1,135.719099620596,coarse
135.719099620596,0.5,0.0277700638711469,0.0277700638711469,0,-4.25149999432244,-27.8214168301739,-9.10174818840474,99.9722299361289,100,0.0109033418742845,0,1,136.219099620596,coarse
135.719099620596,1,0,0,0,-6.29971147099207,-27.9685197556005,-9.10174818840474,100,100,0.0272583546857112,1,1,136.719099620596,coarse
135.719099620596,2,0,0,0,-6.65526091546982,-28.0005176148218,-9.10174818840474,100,100,0.0436133674971379,1,1,137.719099620596,coarse
135.719099620596,3,0,0,0,-6.65526091546982,-28.3585598253167,-9.10174818840474,100,99.9728570653059,0.0817750640571335,1,1,138.719099620596,coarse
135.719099620596,5,0,0,0,-7.1886583614631,-28.8268445084541,-10.9072849087348,100,99.940285543673,0.185356811862836,1,1,140.719099620596,coarse
135.719099620596,10,0,0,0,-13.580744961831,-29.628499188343,-15.7031078932775,100,99.8039856256125,0.517908739028512,1,1,145.719099620596,coarse
135.719099620596,15,0,0,0,-17.4791417953243,-31.8677757989544,-18.9090495952319,100,99.4664053141675,1.05762416180559,1,1,150.719099620596,coarse
135.719099620596,20,0,0,0,-18.6019084504605,-32.5231485243761,-18.9090495952319,100,98.8456931286072,1.65730796489124,1,1,155.719099620596,coarse
135.719099620596,25,0,0,0,-18.6019084504605,-34.3386394460978,-18.9090495952319,100,98.0289665686595,2.82941721637682,1,1,160.719099620596,coarse
135.719099620596,30,0,0,0,-23.6834934746621,-35.4396806089447,-24.256745625388,100,96.5915278231515,4.43766014283378,1,1,165.719099620596,coarse
135.719099620596,35,0,0,0,-24.1210533424961,-38.0339213181031,-24.8464265163074,100,94.0324512686486,7.3324974104563,1,1,170.719099620596,coarse
135.719099620596,40,0,0,0,-25.2411636833502,-41.1876678255616,-27.5508322266569,100,90.640313622999,10.6852750367988,1,1,175.719099620596,coarse
135.719099620596,45,0,0,0,-30.2249876369101,-46.3142724152464,-34.5961003294694,100,85.0647936404225,16.0494524105228,1,1,180.719099620596,coarse
135.719099620596,50,0,0,0,-39.6995151131067,-48.8684296505109,-41.006236908532,100,81.1172819340085,21.0850175002823,1,1,185.719099620596,coarse
135.719099620596,55,0,0,0,-39.6995151131067,-48.8684296505109,-41.006236908532,100,77.2514428835892,25.3584735237665,1,1,190.719099620596,coarse
135.719099620596,60,0,0,0,-39.6995151131067,-48.9486944166099,-41.006236908532,100,72.8792333660024,29.4399909675963,1,1,195.719099620596,coarse
135.719099620596,65,0,0,0,-39.6995151131067,-49.0309011240157,-41.006236908532,100,68.6213655668082,33.7755447668511,1,1,200.719099620596,coarse
135.719099620596,70,0,0,0,-39.6995151131067,-49.0521625518112,-41.1204011620286,100,64.1130349558968,37.9078694817658,1,1,205.719099620596,coarse
135.719099620596,75,0,0,0,-39.6995151131067,-49.2126304520904,-41.1204011620286,100,60.432320592399,42.441007113018,1,1,210.719099620596,coarse
135.719099620596,80,0,0,0,-39.6995151131067,-49.6562613522604,-41.1224615523956,100,56.0773030780088,46.4209100146777,1,1,215.719099620596,coarse
135.719099620596,85,0,0,0,-39.6995151131067,-50.3226663067212,-41.1224615523956,100,50.6370467167592,50.8016258326747,1,1,220.719099620596,coarse
135.719099620596,90,0,0,0,-39.7038595696602,-51.2666447293199,-41.30951174535,100,44.9907437656539,55.7863836513492,1,1,225.719099620596,coarse
135.719099620596,95,0,0,0,-41.3462648011601,-54.1434478188676,-41.7220782140916,100,37.0949531444056,64.6598990282829,1,1,230.719099620596,coarse
135.719099620596,100,0,0,0,-41.3462648011601,-54.8915768151852,-42.4071202629152,100,31.190019193858,71.4782042234406,1,1,235.719099620596,coarse
135.719099620596,105,0,0,0,-44.9813214149376,-54.9017638940042,-46.1683640102409,100,25.0762109066275,77.1836490961403,1,1,240.719099620596,coarse
135.719099620596,110,0,0,0,-46.8612193623773,-55.4411069073764,-47.4801514269868,100,20.7632381167438,80.3114450615267,1,1,245.719099620596,coarse
135.719099620596,115,0,0,0,-48.2729970930289,-56.5455802711937,-48.8145027880011,100,17.7179305457123,83.8119537484393,1,1,250.719099620596,coarse
135.719099620596,120,0,0,0,-48.2729970930289,-58.5007885432493,-48.8145027880011,100,13.569208962547,88.1168231909234,1,1,255.719099620596,coarse
135.719099620596,125,0,0,0,-53.2135075427036,-63.4727094570424,-53.5250700901777,100,7.06221068081743,93.8982682807665,1,1,260.719099620596,coarse
135.719099620596,130,0,0,0,-61.8012347750431,-2948.41956873937,-62.0785956051664,100,0.299841901542823,99.9435474765722,1,1,265.719099620596,coarse
135.719099620596,135,0,0,0,-2948.41956873937,-2948.41956873937,-2948.41956873937,100,0,100,1,1,270.719099620596,coarse
135.719099620596,135.719099620596,0,0,0,-2948.41956873937,-2948.41956873937,-2948.41956873937,100,0,100,1,1,271.438199241192,coarse
8,0,0.305470702582616,0.305470702582616,0.166620383226881,18.4418044058197,-26.4905160941107,14.4504009009564,99.6945292974174,0.392520307474241,0,0,0,8,refinement
8,1,0.249930574840322,0.249930574840322,0.166620383226881,18.4418044058197,-26.6711624194153,13.9394752624949,99.7500694251597,0.36526195278853,0.0272583546857112,0,0,9,refinement
8,2,0.249930574840322,0.249930574840322,0.166620383226881,18.4418044058197,-26.8308096865211,13.9394752624949,99.7500694251597,0.348906939977103,0.0436133674971379,0,0,10,refinement
8,3,0.249930574840322,0.249930574840322,0.166620383226881,18.4418044058197,-27.0678524010903,13.9394752624949,99.7500694251597,0.310745243417107,0.0817750640571335,0,0,11,refinement
8,4,0.249930574840322,0.249930574840322,0.166620383226881,18.4418044058197,-27.333660346221,13.9394752624949,99.7500694251597,0.261680204982827,0.130840102491414,0,0,12,refinement
8,5,0.249930574840322,0.249930574840322,0.166620383226881,18.4418044058197,-27.4765414587581,13.9394752624949,99.7500694251597,0.20887433668285,0.185356811862836,0,0,13,refinement
8,6,0.249930574840322,0.249930574840322,0.166620383226881,18.4418044058197,-27.5370779986955,13.9394752624949,99.7500694251597,0.163712317940612,0.234421850297116,0,0,14,refinement
8,7,0.249930574840322,0.249930574840322,0.166620383226881,18.4418044058197,-27.7133089224235,13.9394752624949,99.7500694251597,0.101614542170035,0.294390230605681,0,0,15,refinement
8,8,0.249930574840322,0.249930574840322,0.166620383226881,18.4418044058197,-28.1051197175832,13.9394752624949,99.7500694251597,0,0.392520307474241,0,0,16,refinement
9,0,0.305470702582616,0.305470702582616,0.111080255484588,18.4418044058197,-26.4905160941107,14.4504009009564,99.6945292974174,0.457940358719948,0,0,0,9,refinement
9,1,0.249930574840322,0.249930574840322,0.111080255484588,18.4418044058197,-26.6711624194153,13.9394752624949,99.7500694251597,0.430682004034237,0.0272583546857112,0,0,10,refinement
9,2,0.249930574840322,0.249930574840322,0.111080255484588,18.4418044058197,-26.8308096865211,13.9394752624949,99.7500694251597,0.41432699122281,0.0436133674971379,0,0,11,refinement
9,3,0.249930574840322,0.249930574840322,0.111080255484588,18.4418044058197,-27.0678524010903,13.9394752624949,99.7500694251597,0.376165294662814,0.0817750640571335,0,0,12,refinement
9,4,0.249930574840322,0.249930574840322,0.111080255484588,18.4418044058197,-27.333660346221,13.9394752624949,99.7500694251597,0.338715140566783,0.130840102491414,0,0,13,refinement
9,5,0.249930574840322,0.249930574840322,0.111080255484588,18.4418044058197,-27.4765414587581,13.9394752624949,99.7500694251597,0.321779383538444,0.185356811862836,0,0,14,refinement
9,6,0.249930574840322,0.249930574840322,0.111080255484588,18.4418044058197,-27.5370779986955,13.9394752624949,99.7500694251597,0.276617364796206,0.234421850297116,0,0,15,refinement
9,7,0.249930574840322,0.249930574840322,0.111080255484588,18.4418044058197,-27.7133089224235,13.9394752624949,99.7500694251597,0.214519589025629,0.294390230605681,0,0,16,refinement
9,8,0.249930574840322,0.249930574840322,0.111080255484588,18.4418044058197,-28.1051197175832,13.9394752624949,99.7500694251597,0.112905046855594,0.392520307474241,0,0,17,refinement
10,0,0.305470702582616,0.305470702582616,0.0971952235490142,18.4418044058197,-26.4905160941107,14.4504009009564,99.6945292974174,0.517908739028512,0,0,0,10,refinement
10,1,0.249930574840322,0.249930574840322,0.0971952235490142,18.4418044058197,-26.6711624194153,13.9394752624949,99.7500694251597,0.490650384342801,0.0272583546857112,0,0,11,refinement
10,2,0.249930574840322,0.249930574840322,0.0971952235490142,18.4418044058197,-26.8308096865211,13.9394752624949,99.7500694251597,0.474295371531374,0.0436133674971379,0,0,12,refinement
10,3,0.249930574840322,0.249930574840322,0.0971952235490142,18.4418044058197,-27.0678524010903,13.9394752624949,99.7500694251597,0.436133674971379,0.0817750640571335,0,0,13,refinement
10,4,0.249930574840322,0.249930574840322,0.0971952235490142,18.4418044058197,-27.333660346221,13.9394752624949,99.7500694251597,0.40081291633736,0.130840102491414,0,0,14,refinement
10,5,0.249930574840322,0.249930574840322,0.0971952235490142,18.4418044058197,-27.4765414587581,13.9394752624949,99.7500694251597,0.383877159309021,0.185356811862836,0,0,15,refinement
10,6,0.249930574840322,0.249930574840322,0.0971952235490142,18.4418044058197,-27.5370779986955,13.9394752624949,99.7500694251597,0.338715140566783,0.234421850297116,0,0,16,refinement
10,7,0.249930574840322,0.249930574840322,0.0971952235490142,18.4418044058197,-27.7133089224235,13.9394752624949,99.7500694251597,0.276617364796206,0.294390230605681,0,0,17,refinement
10,8,0.249930574840322,0.249930574840322,0.0971952235490142,18.4418044058197,-28.1051197175832,13.9394752624949,99.7500694251597,0.175002822626171,0.392520307474241,0,0,18,refinement
11,0,0.166620383226881,0.166620383226881,0.0694251596778673,14.3683417736458,-26.4905160941107,2.78138037138425,99.8333796167731,0.616038815897072,0,0,0,11,refinement
11,1,0.138850319355735,0.138850319355735,0.0555401277422938,11.2802551152343,-26.6711624194153,-1.41270490605594,99.8611496806443,0.588780461211361,0.0272583546857112,0,0,12,refinement
11,2,0.138850319355735,0.138850319355735,0.0555401277422938,11.2802551152343,-26.8308096865211,-1.44861539994807,99.8611496806443,0.572425448399935,0.0436133674971379,0,0,13,refinement
11,3,0.138850319355735,0.138850319355735,0.0555401277422938,11.2802551152343,-27.0678524010903,-1.44861539994807,99.8611496806443,0.534263751839939,0.0817750640571335,0,0,14,refinement
11,4,0.138850319355735,0.138850319355735,0.0555401277422938,11.2802551152343,-27.333660346221,-1.46459585066317,99.8611496806443,0.485198713405659,0.130840102491414,0,0,15,refinement
11,5,0.138850319355735,0.138850319355735,0.0555401277422938,11.2802551152343,-27.4765414587581,-1.46459585066317,99.8611496806443,0.430682004034237,0.185356811862836,0,0,16,refinement
11,6,0.138850319355735,0.138850319355735,0.0555401277422938,11.2802551152343,-27.5370779986955,-1.46459585066317,99.8611496806443,0.383877159309021,0.234421850297116,0,0,17,refinement
11,7,0.138850319355735,0.138850319355735,0.0555401277422938,11.2802551152343,-27.7133089224235,-1.46459585066317,99.8611496806443,0.321779383538444,0.294390230605681,0,0,18,refinement
11,8,0.138850319355735,0.138850319355735,0.0555401277422938,11.2802551152343,-28.1051197175832,-1.46459585066317,99.8611496806443,0.223518508422832,0.392520307474241,0,0,19,refinement
12,0,0.0833101916134407,0.0833101916134407,0.0277700638711469,14.3683417736458,-26.4905160941107,-6.80944068245916,99.9166898083866,0.735975576514202,0,0,1,12,refinement
12,1,0.0833101916134407,0.0833101916134407,0,7.16313344571263,-26.6711624194153,-7.22910154166306,99.9166898083866,0.70871722182849,0.0272583546857112,0,1,13,refinement
12,2,0.0833101916134407,0.0833101916134407,0,7.16313344571263,-26.8308096865211,-7.22910154166306,99.9166898083866,0.692362209017064,0.0436133674971379,0,1,14,refinement
12,3,0.0833101916134407,0.0833101916134407,0,7.16313344571263,-27.0678524010903,-7.22910154166306,99.9166898083866,0.654200512457068,0.0817750640571335,0,1,15,refinement
12,4,0.0833101916134407,0.0833101916134407,0,7.16313344571263,-27.333660346221,-7.22910154166306,99.9166898083866,0.605135474022788,0.130840102491414,0,1,16,refinement
12,5,0.0833101916134407,0.0833101916134407,0,7.16313344571263,-27.4765414587581,-7.37758301932844,99.9166898083866,0.550618764651366,0.185356811862836,0,1,17,refinement
12,6,0.0833101916134407,0.0833101916134407,0,7.16313344571263,-27.5370779986955,-10.6038432096915,99.9166898083866,0.501553726217085,0.234421850297116,0,1,18,refinement
12,7,0.0833101916134407,0.0833101916134407,0,7.16313344571263,-27.7133089224235,-10.8345347590984,99.9166898083866,0.441585345908521,0.294390230605681,0,1,19,refinement
12,8,0.0833101916134407,0.0833101916134407,0,7.16313344571263,-28.1051197175832,-11.0001346140651,99.9166898083866,0.343455269039961,0.392520307474241,0,1,20,refinement
13,0,0.0555401277422938,0.0555401277422938,0.0277700638711469,14.3683417736458,-26.4905160941107,-6.80944068245916,99.9444598722577,0.850460666194188,0,0,1,13,refinement
13,1,0.0555401277422938,0.0555401277422938,0,2.75940520024352,-26.6711624194153,-7.6618298351295,99.9444598722577,0.823202311508477,0.0272583546857112,0,1,14,refinement
13,2,0.0555401277422938,0.0555401277422938,0,2.75940520024352,-26.8308096865211,-7.6618298351295,99.9444598722577,0.806847298697051,0.0436133674971379,0,1,15,refinement
13,3,0.0555401277422938,0.0555401277422938,0,2.75940520024352,-27.0678524010903,-7.6618298351295,99.9444598722577,0.768685602137055,0.0817750640571335,0,1,16,refinement
13,4,0.0555401277422938,0.0555401277422938,0,2.75940520024352,-27.333660346221,-7.6618298351295,99.9444598722577,0.719620563702775,0.130840102491414,0,1,17,refinement
13,5,0.0555401277422938,0.0555401277422938,0,2.75940520024352,-27.4765414587581,-9.10174818840474,99.9444598722577,0.665103854331353,0.185356811862836,0,1,18,refinement
13,6,0.0555401277422938,0.0555401277422938,0,2.75940520024352,-27.5370779986955,-11.1205055442007,99.9444598722577,0.616038815897072,0.234421850297116,0,1,19,refinement
13,7,0.0555401277422938,0.0555401277422938,0,2.75940520024352,-27.7133089224235,-12.9640600912599,99.9444598722577,0.556070435588508,0.294390230605681,0,1,20,refinement
13,8,0.0555401277422938,0.0555401277422938,0,2.75940520024352,-28.1051197175832,-12.9640600912599,99.9444598722577,0.457940358719948,0.392520307474241,0,1,21,refinement
14,0,0.0555401277422938,0.0555401277422938,0.0138850319355735,14.3683417736458,-26.4905160941107,-6.80944068245916,99.9444598722577,0.92678405931418,0,0,1,14,refinement
14,1,0.0277700638711469,0.0277700638711469,0,-1.34221776282678,-26.6711624194153,-8.38506051727553,99.9722299361289,0.899525704628469,0.0272583546857112,0,1,15,refinement
14,2,0.0277700638711469,0.0277700638711469,0,-1.34221776282678,-26.8308096865211,-8.38506051727553,99.9722299361289,0.883170691817042,0.0436133674971379,0,1,16,refinement
14,3,0.0277700638711469,0.0277700638711469,0,-1.34221776282678,-27.0678524010903,-8.38506051727553,99.9722299361289,0.845008995257046,0.0817750640571335,0,1,17,refinement
14,4,0.0277700638711469,0.0277700638711469,0,-1.34221776282678,-27.333660346221,-8.38506051727553,99.9722299361289,0.795943956822766,0.130840102491414,0,1,18,refinement
14,5,0.0277700638711469,0.0277700638711469,0,-1.34221776282678,-27.4765414587581,-9.59068881576657,99.9722299361289,0.741427247451344,0.185356811862836,0,1,19,refinement
14,6,0.0277700638711469,0.0277700638711469,0,-1.34221776282678,-27.5370779986955,-12.9640600912599,99.9722299361289,0.692362209017064,0.234421850297116,0,1,20,refinement
14,7,0.0277700638711469,0.0277700638711469,0,-1.34221776282678,-27.7133089224235,-12.9640600912599,99.9722299361289,0.632393828708499,0.294390230605681,0,1,21,refinement
14,8,0.0277700638711469,0.0277700638711469,0,-1.34221776282678,-28.1051197175832,-12.9640600912599,99.9722299361289,0.534263751839939,0.392520307474241,0,1,22,refinement
15,0,0.0555401277422938,0.0555401277422938,0,14.3683417736458,-26.4905160941107,-6.80944068245916,99.9444598722577,1.05762416180559,0,0,1,15,refinement
15,1,0,0,0,-6.29971147099207,-26.6711624194153,-9.10174818840474,100,1.03036580711988,0.0272583546857112,1,1,16,refinement
15,2,0,0,0,-6.65526091546982,-26.8308096865211,-9.10174818840474,100,1.01401079430846,0.0436133674971379,1,1,17,refinement
15,3,0,0,0,-6.65526091546982,-27.0678524010903,-9.10174818840474,100,0.97584909774846,0.0817750640571335,1,1,18,refinement
15,4,0,0,0,-7.1886583614631,-27.333660346221,-9.10174818840474,100,0.92678405931418,0.130840102491414,1,1,19,refinement
15,5,0,0,0,-7.1886583614631,-27.4765414587581,-10.6038432096915,100,0.872267349942757,0.185356811862836,1,1,20,refinement
15,6,0,0,0,-8.18179326190409,-27.5370779986955,-12.9640600912599,100,0.823202311508477,0.234421850297116,1,1,21,refinement
15,7,0,0,0,-8.18179326190409,-27.7133089224235,-12.9640600912599,100,0.763233931199913,0.294390230605681,1,1,22,refinement
15,8,0,0,0,-8.18179326190409,-28.1051197175832,-12.9640600912599,100,0.665103854331353,0.392520307474241,1,1,23,refinement
16,0,0.0555401277422938,0.0555401277422938,0,14.3683417736458,-26.4905160941107,-6.92205743396353,99.9444598722577,1.12849588398844,0,0,1,16,refinement
16,1,0,0,0,-6.29971147099207,-26.6711624194153,-9.10174818840474,100,1.10123752930273,0.0272583546857112,1,1,17,refinement
16,2,0,0,0,-6.65526091546982,-26.8308096865211,-9.10174818840474,100,1.0848825164913,0.0436133674971379,1,1,18,refinement
16,3,0,0,0,-6.65526091546982,-27.0678524010903,-9.10174818840474,100,1.04672081993131,0.0817750640571335,1,1,19,refinement
16,4,0,0,0,-7.1886583614631,-27.333660346221,-9.10174818840474,100,0.997655781497029,0.130840102491414,1,1,20,refinement
16,5,0,0,0,-7.1886583614631,-27.4765414587581,-10.6038432096915,100,0.943139072125607,0.185356811862836,1,1,21,refinement
16,6,0,0,0,-8.55438763411127,-27.5370779986955,-12.9640600912599,100,0.894074033691326,0.234421850297116,1,1,22,refinement
16,7,0,0,0,-8.55438763411127,-27.7133089224235,-12.9640600912599,100,0.834105653382762,0.294390230605681,1,1,23,refinement
16,8,0,0,0,-10.5094187367527,-28.1051197175832,-12.9640600912599,100,0.735975576514202,0.392520307474241,1,1,24,refinement
17,0,0.0555401277422938,0.0555401277422938,0,14.3683417736458,-26.4905160941107,-6.92205743396353,99.9444598722577,1.23207763179414,0,0,1,17,refinement
17,1,0,0,0,-6.29971147099207,-26.6711624194153,-9.10174818840474,100,1.20481927710843,0.0272583546857112,1,1,18,refinement
17,2,0,0,0,-6.65526091546982,-26.8308096865211,-9.10174818840474,100,1.18846426429701,0.0436133674971379,1,1,19,refinement
17,3,0,0,0,-6.65526091546982,-27.0678524010903,-9.10174818840474,100,1.15030256773701,0.0817750640571335,1,1,20,refinement
17,4,0,0,0,-7.1886583614631,-27.333660346221,-9.10174818840474,100,1.10123752930273,0.130840102491414,1,1,21,refinement
17,5,0,0,0,-7.1886583614631,-27.4765414587581,-10.6038432096915,100,1.04672081993131,0.185356811862836,1,1,22,refinement
17,6,0,0,0,-8.55438763411127,-27.5370779986955,-12.9640600912599,100,0.997655781497029,0.234421850297116,1,1,23,refinement
17,7,0,0,0,-8.55438763411127,-27.7133089224235,-12.9640600912599,100,0.937687401188464,0.294390230605681,1,1,24,refinement
17,8,0,0,0,-10.5094187367527,-28.1051197175832,-12.9640600912599,100,0.839557324319904,0.392520307474241,1,1,25,refinement
18,0,0.0555401277422938,0.0555401277422938,0,14.3683417736458,-26.4905160941107,-6.92205743396353,99.9444598722577,1.32475603772556,0,0,1,18,refinement
18,1,0,0,0,-6.29971147099207,-26.6711624194153,-9.10174818840474,100,1.29749768303985,0.0272583546857112,1,1,19,refinement
18,2,0,0,0,-6.65526091546982,-26.8308096865211,-9.10174818840474,100,1.28114267022842,0.0436133674971379,1,1,20,refinement
18,3,0,0,0,-6.65526091546982,-27.0678524010903,-9.10174818840474,100,1.24298097366843,0.0817750640571335,1,1,21,refinement
18,4,0,0,0,-7.1886583614631,-27.333660346221,-9.10174818840474,100,1.19391593523415,0.130840102491414,1,1,22,refinement
18,5,0,0,0,-7.1886583614631,-27.4765414587581,-10.6038432096915,100,1.13939922586273,0.185356811862836,1,1,23,refinement
18,6,0,0,0,-8.55438763411127,-27.5370779986955,-12.9640600912599,100,1.09033418742845,0.234421850297116,1,1,24,refinement
18,7,0,0,0,-8.55438763411127,-27.7133089224235,-12.9640600912599,100,1.03036580711988,0.294390230605681,1,1,25,refinement
18,8,0,0,0,-10.5094187367527,-28.1051197175832,-12.9640600912599,100,0.932235730251322,0.392520307474241,1,1,26,refinement
19,0,0.0555401277422938,0.0555401277422938,0,14.3683417736458,-26.4905160941107,-6.92205743396353,99.9444598722577,1.44469279834269,0,0,1,19,refinement
19,1,0,0,0,-6.29971147099207,-26.6711624194153,-9.10174818840474,100,1.41743444365698,0.0272583546857112,1,1,20,refinement
19,2,0,0,0,-6.65526091546982,-26.8308096865211,-9.10174818840474,100,1.40107943084555,0.0436133674971379,1,1,21,refinement
19,3,0,0,0,-6.65526091546982,-27.0678524010903,-9.10174818840474,100,1.36291773428556,0.0817750640571335,1,1,22,refinement
19,4,0,0,0,-7.1886583614631,-27.333660346221,-9.10174818840474,100,1.31385269585128,0.130840102491414,1,1,23,refinement
19,5,0,0,0,-7.1886583614631,-27.4765414587581,-10.6038432096915,100,1.25933598647986,0.185356811862836,1,1,24,refinement
19,6,0,0,0,-8.55438763411127,-27.5370779986955,-12.9640600912599,100,1.21027094804558,0.234421850297116,1,1,25,refinement
19,7,0,0,0,-8.55438763411127,-27.7133089224235,-12.9640600912599,100,1.15030256773701,0.294390230605681,1,1,26,refinement
19,8,0,0,0,-10.5094187367527,-28.1051197175832,-12.9640600912599,100,1.05217249086845,0.392520307474241,1,1,27,refinement
20,0,0.0555401277422938,0.0555401277422938,0,14.3683417736458,-26.4905160941107,-6.92205743396353,99.9444598722577,1.65730796489124,0,0,1,20,refinement
20,1,0,0,0,-6.29971147099207,-26.6711624194153,-9.10174818840474,100,1.63004961020553,0.0272583546857112,1,1,21,refinement
20,2,0,0,0,-6.65526091546982,-26.8308096865211,-9.10174818840474,100,1.6136945973941,0.0436133674971379,1,1,22,refinement
20,3,0,0,0,-6.65526091546982,-27.0678524010903,-9.10174818840474,100,1.57553290083411,0.0817750640571335,1,1,23,refinement
20,4,0,0,0,-7.1886583614631,-27.333660346221,-9.10174818840474,100,1.52646786239983,0.130840102491414,1,1,24,refinement
20,5,0,0,0,-7.1886583614631,-27.4765414587581,-10.6038432096915,100,1.4719511530284,0.185356811862836,1,1,25,refinement
20,6,0,0,0,-8.55438763411127,-27.5370779986955,-12.9640600912599,100,1.42288611459412,0.234421850297116,1,1,26,refinement
20,7,0,0,0,-8.55438763411127,-27.7133089224235,-12.9640600912599,100,1.36291773428556,0.294390230605681,1,1,27,refinement
20,8,0,0,0,-10.5094187367527,-28.1051197175832,-12.9640600912599,100,1.264787657417,0.392520307474241,1,1,28,refinement
21,0,0.0555401277422938,0.0555401277422938,0,14.3683417736458,-26.4905160941107,-6.92205743396353,99.9444598722577,1.84811644769122,0,0,1,21,refinement
21,1,0,0,0,-6.29971147099207,-26.6711624194153,-9.10174818840474,100,1.82085809300551,0.0272583546857112,1,1,22,refinement
21,2,0,0,0,-6.65526091546982,-26.8308096865211,-9.10174818840474,100,1.80450308019408,0.0436133674971379,1,1,23,refinement
21,3,0,0,0,-6.65526091546982,-27.0678524010903,-9.10174818840474,100,1.76634138363408,0.0817750640571335,1,1,24,refinement
21,4,0,0,0,-7.1886583614631,-27.333660346221,-9.10174818840474,100,1.7172763451998,0.130840102491414,1,1,25,refinement
21,5,0,0,0,-7.1886583614631,-27.4765414587581,-10.6038432096915,100,1.66275963582838,0.185356811862836,1,1,26,refinement
21,6,0,0,0,-8.55438763411127,-27.5370779986955,-12.9640600912599,100,1.6136945973941,0.234421850297116,1,1,27,refinement
21,7,0,0,0,-8.55438763411127,-27.7133089224235,-12.9640600912599,100,1.55372621708554,0.294390230605681,1,1,28,refinement
21,8,0,0,0,-10.5094187367527,-28.1051197175832,-12.9640600912599,100,1.45559614021698,0.392520307474241,1,1,29,refinement
22,0,0.0555401277422938,0.0555401277422938,0,14.3683417736458,-26.4905160941107,-6.92205743396353,99.9444598722577,2.00621490486834,0,0,1,22,refinement
22,1,0,0,0,-6.29971147099207,-26.6711624194153,-9.10174818840474,100,1.97895655018263,0.0272583546857112,1,1,23,refinement
22,2,0,0,0,-6.65526091546982,-26.8308096865211,-9.10174818840474,100,1.9626015373712,0.0436133674971379,1,1,24,refinement
22,3,0,0,0,-6.65526091546982,-27.0678524010903,-9.10174818840474,100,1.92443984081121,0.0817750640571335,1,1,25,refinement
22,4,0,0,0,-7.1886583614631,-27.333660346221,-9.10174818840474,100,1.87537480237693,0.130840102491414,1,1,26,refinement
22,5,0,0,0,-7.1886583614631,-27.4765414587581,-10.6038432096915,100,1.82085809300551,0.185356811862836,1,1,27,refinement
22,6,0,0,0,-8.55438763411127,-27.5370779986955,-12.9640600912599,100,1.77179305457123,0.234421850297116,1,1,28,refinement
22,7,0,0,0,-8.55438763411127,-27.7133089224235,-12.9640600912599,100,1.71182467426266,0.294390230605681,1,1,29,refinement
22,8,0,0,0,-10.5094187367527,-28.1051197175832,-12.9640600912599,100,1.6136945973941,0.392520307474241,1,1,30,refinement
135.719099620596,0,0.0555401277422938,0.0555401277422938,0,14.3683417736458,-27.7715535236369,-6.92205743396353,99.9444598722577,100,0,0,1,135.719099620596,refinement
135.719099620596,1,0,0,0,-6.29971147099207,-27.9685197556005,-9.10174818840474,100,100,0.0272583546857112,1,1,136.719099620596,refinement
135.719099620596,2,0,0,0,-6.65526091546982,-28.0005176148218,-9.10174818840474,100,100,0.0436133674971379,1,1,137.719099620596,refinement
135.719099620596,3,0,0,0,-6.65526091546982,-28.3585598253167,-9.10174818840474,100,99.9728570653059,0.0817750640571335,1,1,138.719099620596,refinement
135.719099620596,4,0,0,0,-7.1886583614631,-28.6213955115677,-9.10174818840474,100,99.9565713044894,0.130840102491414,1,1,139.719099620596,refinement
135.719099620596,5,0,0,0,-7.1886583614631,-28.8268445084541,-10.9072849087348,100,99.940285543673,0.185356811862836,1,1,140.719099620596,refinement
135.719099620596,6,0,0,0,-8.55438763411127,-28.9173064992889,-13.1040981300632,100,99.9183273440052,0.234421850297116,1,1,141.719099620596,refinement
135.719099620596,7,0,0,0,-8.55438763411127,-28.9988486197224,-13.1040981300632,100,99.9074376565393,0.294390230605681,1,1,142.719099620596,refinement
135.719099620596,8,0,0,0,-10.5094187367527,-29.3261823653345,-13.3924340969253,100,99.8747685941413,0.392520307474241,1,1,143.719099620596,refinement
135.719099620596,135.719099620596,0,0,0,-2948.41956873937,-2948.41956873937,-2948.41956873937,100,0,100,1,1,271.438199241192,refinement
10.5,0,0.305470702582616,0.305470702582616,0.0694251596778673,18.4418044058197,-26.4905160941107,14.4504009009564,99.6945292974174,0.523360409965654,0,0,0,10.5,final
10.5,0.5,0.277700638711469,0.277700638711469,0.0694251596778673,18.4418044058197,-26.5250969790715,13.9394752624949,99.7222993612885,0.51245706809137,0.0109033418742845,0,0,11,final
10.5,1,0.249930574840322,0.249930574840322,0.0694251596778673,18.4418044058197,-26.6711624194153,13.9394752624949,99.7500694251597,0.496102055279943,0.0272583546857112,0,0,11.5,final
10.5,1.5,0.249930574840322,0.249930574840322,0.0694251596778673,18.4418044058197,-26.8308096865211,13.9394752624949,99.7500694251597,0.490650384342801,0.0327100256228534,0,0,12,final
10.5,2,0.249930574840322,0.249930574840322,0.0694251596778673,18.4418044058197,-26.8308096865211,13.9394752624949,99.7500694251597,0.479747042468517,0.0436133674971379,0,0,12.5,final
10.5,2.5,0.249930574840322,0.249930574840322,0.0694251596778673,18.4418044058197,-26.9438000384279,13.9394752624949,99.7500694251597,0.457940358719948,0.0654200512457068,0,0,13,final
11,0,0.166620383226881,0.166620383226881,0.0694251596778673,14.3683417736458,-26.4905160941107,2.78138037138425,99.8333796167731,0.616038815897072,0,0,0,11,final
11,0.5,0.138850319355735,0.138850319355735,0.0694251596778673,11.2802551152343,-26.5250969790715,-1.20583554691301,99.8611496806443,0.605135474022788,0.0109033418742845,0,0,11.5,final
11,1,0.138850319355735,0.138850319355735,0.0555401277422938,11.2802551152343,-26.6711624194153,-1.41270490605594,99.8611496806443,0.588780461211361,0.0272583546857112,0,0,12,final
11,1.5,0.138850319355735,0.138850319355735,0.0555401277422938,11.2802551152343,-26.8308096865211,-1.41270490605594,99.8611496806443,0.583328790274219,0.0327100256228534,0,0,12.5,final
11,2,0.138850319355735,0.138850319355735,0.0555401277422938,11.2802551152343,-26.8308096865211,-1.44861539994807,99.8611496806443,0.572425448399935,0.0436133674971379,0,0,13,final
11,2.5,0.138850319355735,0.138850319355735,0.0555401277422938,11.2802551152343,-26.9438000384279,-1.44861539994807,99.8611496806443,0.550618764651366,0.0654200512457068,0,0,13.5,final
11.5,0,0.111080255484588,0.111080255484588,0.0555401277422938,14.3683417736458,-26.4905160941107,-1.93270826328705,99.8889197445154,0.65965218339421,0,0,0,11.5,final
11.5,0.5,0.111080255484588,0.111080255484588,0.0416550958067204,11.2802551152343,-26.5250969790715,-1.93270826328705,99.8889197445154,0.648748841519926,0.0109033418742845,0,0,12,final
11.5,1,0.111080255484588,0.111080255484588,0.0277700638711469,11.2802551152343,-26.6711624194153,-1.93270826328705,99.8889197445154,0.632393828708499,0.0272583546857112,0,0,12.5,final
11.5,1.5,0.111080255484588,0.111080255484588,0.0277700638711469,11.2802551152343,-26.8308096865211,-1.93270826328705,99.8889197445154,0.626942157771357,0.0327100256228534,0,0,13,final
11.5,2,0.111080255484588,0.111080255484588,0.0277700638711469,11.2802551152343,-26.8308096865211,-1.93270826328705,99.8889197445154,0.616038815897072,0.0436133674971379,0,0,13.5,final
11.5,2.5,0.111080255484588,0.111080255484588,0.0277700638711469,11.2802551152343,-26.9438000384279,-1.93270826328705,99.8889197445154,0.594232132148504,0.0654200512457068,0,0,14,final
12,0,0.0833101916134407,0.0833101916134407,0.0277700638711469,14.3683417736458,-26.4905160941107,-6.80944068245916,99.9166898083866,0.735975576514202,0,0,1,12,final
12,0.5,0.0833101916134407,0.0833101916134407,0.0138850319355735,7.16313344571263,-26.5250969790715,-7.22910154166306,99.9166898083866,0.725072234639917,0.0109033418742845,0,1,12.5,final
12,1,0.0833101916134407,0.0833101916134407,0,7.16313344571263,-26.6711624194153,-7.22910154166306,99.9166898083866,0.70871722182849,0.0272583546857112,0,1,13,final
12,1.5,0.0833101916134407,0.0833101916134407,0,7.16313344571263,-26.8308096865211,-7.22910154166306,99.9166898083866,0.703265550891348,0.0327100256228534,0,1,13.5,final
12,2,0.0833101916134407,0.0833101916134407,0,7.16313344571263,-26.8308096865211,-7.22910154166306,99.9166898083866,0.692362209017064,0.0436133674971379,0,1,14,final
12,2.5,0.0833101916134407,0.0833101916134407,0,7.16313344571263,-26.9438000384279,-7.22910154166306,99.9166898083866,0.670555525268495,0.0654200512457068,0,1,14.5,final
12.5,0,0.0555401277422938,0.0555401277422938,0.0277700638711469,14.3683417736458,-26.4905160941107,-6.80944068245916,99.9444598722577,0.801395627759908,0,0,1,12.5,final
12.5,0.5,0.0555401277422938,0.0555401277422938,0.0138850319355735,2.75940520024352,-26.5250969790715,-7.6618298351295,99.9444598722577,0.790492285885624,0.0109033418742845,0,1,13,final
12.5,1,0.0555401277422938,0.0555401277422938,0,2.75940520024352,-26.6711624194153,-7.6618298351295,99.9444598722577,0.774137273074197,0.0272583546857112,0,1,13.5,final
12.5,1.5,0.0555401277422938,0.0555401277422938,0,2.75940520024352,-26.8308096865211,-7.6618298351295,99.9444598722577,0.768685602137055,0.0327100256228534,0,1,14,final
12.5,2,0.0555401277422938,0.0555401277422938,0,2.75940520024352,-26.8308096865211,-7.6618298351295,99.9444598722577,0.757782260262771,0.0436133674971379,0,1,14.5,final
12.5,2.5,0.0555401277422938,0.0555401277422938,0,2.75940520024352,-26.9438000384279,-7.6618298351295,99.9444598722577,0.735975576514202,0.0654200512457068,0,1,15,final
13,0,0.0555401277422938,0.0555401277422938,0.0277700638711469,14.3683417736458,-26.4905160941107,-6.80944068245916,99.9444598722577,0.850460666194188,0,0,1,13,final
13,0.5,0.0555401277422938,0.0555401277422938,0.0138850319355735,2.75940520024352,-26.5250969790715,-7.6618298351295,99.9444598722577,0.839557324319904,0.0109033418742845,0,1,13.5,final
13,1,0.0555401277422938,0.0555401277422938,0,2.75940520024352,-26.6711624194153,-7.6618298351295,99.9444598722577,0.823202311508477,0.0272583546857112,0,1,14,final
13,1.5,0.0555401277422938,0.0555401277422938,0,2.75940520024352,-26.8308096865211,-7.6618298351295,99.9444598722577,0.817750640571335,0.0327100256228534,0,1,14.5,final
13,2,0.0555401277422938,0.0555401277422938,0,2.75940520024352,-26.8308096865211,-7.6618298351295,99.9444598722577,0.806847298697051,0.0436133674971379,0,1,15,final
13,2.5,0.0555401277422938,0.0555401277422938,0,2.75940520024352,-26.9438000384279,-7.6618298351295,99.9444598722577,0.785040614948482,0.0654200512457068,0,1,15.5,final
13.5,0,0.0555401277422938,0.0555401277422938,0.0138850319355735,14.3683417736458,-26.4905160941107,-6.80944068245916,99.9444598722577,0.883170691817042,0,0,1,13.5,final
13.5,0.5,0.0277700638711469,0.0277700638711469,0.0138850319355735,-1.34221776282678,-26.5250969790715,-8.29441001340845,99.9722299361289,0.872267349942757,0.0109033418742845,0,1,14,final
13.5,1,0.0277700638711469,0.0277700638711469,0,-1.34221776282678,-26.6711624194153,-8.38506051727553,99.9722299361289,0.855912337131331,0.0272583546857112,0,1,14.5,final
13.5,1.5,0.0277700638711469,0.0277700638711469,0,-1.34221776282678,-26.8308096865211,-8.38506051727553,99.9722299361289,0.850460666194188,0.0327100256228534,0,1,15,final
13.5,2,0.0277700638711469,0.0277700638711469,0,-1.34221776282678,-26.8308096865211,-8.38506051727553,99.9722299361289,0.839557324319904,0.0436133674971379,0,1,15.5,final
13.5,2.5,0.0277700638711469,0.0277700638711469,0,-1.34221776282678,-26.9438000384279,-8.38506051727553,99.9722299361289,0.817750640571335,0.0654200512457068,0,1,16,final
14,0,0.0555401277422938,0.0555401277422938,0.0138850319355735,14.3683417736458,-26.4905160941107,-6.80944068245916,99.9444598722577,0.92678405931418,0,0,1,14,final
14,0.5,0.0277700638711469,0.0277700638711469,0.0138850319355735,-1.34221776282678,-26.5250969790715,-8.29441001340845,99.9722299361289,0.915880717439895,0.0109033418742845,0,1,14.5,final
14,1,0.0277700638711469,0.0277700638711469,0,-1.34221776282678,-26.6711624194153,-8.38506051727553,99.9722299361289,0.899525704628469,0.0272583546857112,0,1,15,final
14,1.5,0.0277700638711469,0.0277700638711469,0,-1.34221776282678,-26.8308096865211,-8.38506051727553,99.9722299361289,0.894074033691326,0.0327100256228534,0,1,15.5,final
14,2,0.0277700638711469,0.0277700638711469,0,-1.34221776282678,-26.8308096865211,-8.38506051727553,99.9722299361289,0.883170691817042,0.0436133674971379,0,1,16,final
14,2.5,0.0277700638711469,0.0277700638711469,0,-1.34221776282678,-26.9438000384279,-8.38506051727553,99.9722299361289,0.861364008068473,0.0654200512457068,0,1,16.5,final
14.5,0,0.0555401277422938,0.0555401277422938,0,14.3683417736458,-26.4905160941107,-6.80944068245916,99.9444598722577,0.981300768685602,0,0,1,14.5,final
14.5,0.5,0.0277700638711469,0.0277700638711469,0,-4.25149999432244,-26.5250969790715,-8.29441001340845,99.9722299361289,0.970397426811318,0.0109033418742845,0,1,15,final
14.5,1,0,0,0,-6.29971147099207,-26.6711624194153,-9.10174818840474,100,0.954042413999891,0.0272583546857112,1,1,15.5,final
14.5,1.5,0,0,0,-6.29971147099207,-26.8308096865211,-9.10174818840474,100,0.948590743062749,0.0327100256228534,1,1,16,final
14.5,2,0,0,0,-6.65526091546982,-26.8308096865211,-9.10174818840474,100,0.937687401188464,0.0436133674971379,1,1,16.5,final
14.5,2.5,0,0,0,-6.65526091546982,-26.9438000384279,-9.10174818840474,100,0.915880717439895,0.0654200512457068,1,1,17,final
15,0,0.0555401277422938,0.0555401277422938,0,14.3683417736458,-26.4905160941107,-6.80944068245916,99.9444598722577,1.05762416180559,0,0,1,15,final
15,0.5,0.0277700638711469,0.0277700638711469,0,-4.25149999432244,-26.5250969790715,-8.29441001340845,99.9722299361289,1.04672081993131,0.0109033418742845,0,1,15.5,final
15,1,0,0,0,-6.29971147099207,-26.6711624194153,-9.10174818840474,100,1.03036580711988,0.0272583546857112,1,1,16,final
15,1.5,0,0,0,-6.29971147099207,-26.8308096865211,-9.10174818840474,100,1.02491413618274,0.0327100256228534,1,1,16.5,final
15,2,0,0,0,-6.65526091546982,-26.8308096865211,-9.10174818840474,100,1.01401079430846,0.0436133674971379,1,1,17,final
15,2.5,0,0,0,-6.65526091546982,-26.9438000384279,-9.10174818840474,100,0.992204110559887,0.0654200512457068,1,1,17.5,final
15.5,0,0.0555401277422938,0.0555401277422938,0,14.3683417736458,-26.4905160941107,-6.80944068245916,99.9444598722577,1.10123752930273,0,0,1,15.5,final
15.5,0.5,0.0277700638711469,0.0277700638711469,0,-4.25149999432244,-26.5250969790715,-8.29441001340845,99.9722299361289,1.09033418742845,0.0109033418742845,0,1,16,final
15.5,1,0,0,0,-6.29971147099207,-26.6711624194153,-9.10174818840474,100,1.07397917461702,0.0272583546857112,1,1,16.5,final
15.5,1.5,0,0,0,-6.29971147099207,-26.8308096865211,-9.10174818840474,100,1.06852750367988,0.0327100256228534,1,1,17,final
15.5,2,0,0,0,-6.65526091546982,-26.8308096865211,-9.10174818840474,100,1.05762416180559,0.0436133674971379,1,1,17.5,final
15.5,2.5,0,0,0,-6.65526091546982,-26.9438000384279,-9.10174818840474,100,1.03581747805702,0.0654200512457068,1,1,18,final
16,0,0.0555401277422938,0.0555401277422938,0,14.3683417736458,-26.4905160941107,-6.92205743396353,99.9444598722577,1.12849588398844,0,0,1,16,final
16,0.5,0.0277700638711469,0.0277700638711469,0,-4.25149999432244,-26.5250969790715,-9.10174818840474,99.9722299361289,1.11759254211416,0.0109033418742845,0,1,16.5,final
16,1,0,0,0,-6.29971147099207,-26.6711624194153,-9.10174818840474,100,1.10123752930273,0.0272583546857112,1,1,17,final
16,1.5,0,0,0,-6.29971147099207,-26.8308096865211,-9.10174818840474,100,1.09578585836559,0.0327100256228534,1,1,17.5,final
16,2,0,0,0,-6.65526091546982,-26.8308096865211,-9.10174818840474,100,1.0848825164913,0.0436133674971379,1,1,18,final
16,2.5,0,0,0,-6.65526091546982,-26.9438000384279,-9.10174818840474,100,1.06307583274274,0.0654200512457068,1,1,18.5,final
16.5,0,0.0555401277422938,0.0555401277422938,0,14.3683417736458,-26.4905160941107,-6.92205743396353,99.9444598722577,1.16665758054844,0,0,1,16.5,final
16.5,0.5,0.0277700638711469,0.0277700638711469,0,-4.25149999432244,-26.5250969790715,-9.10174818840474,99.9722299361289,1.15575423867415,0.0109033418742845,0,1,17,final
16.5,1,0,0,0,-6.29971147099207,-26.6711624194153,-9.10174818840474,100,1.13939922586273,0.0272583546857112,1,1,17.5,final
16.5,1.5,0,0,0,-6.29971147099207,-26.8308096865211,-9.10174818840474,100,1.13394755492558,0.0327100256228534,1,1,18,final
16.5,2,0,0,0,-6.65526091546982,-26.8308096865211,-9.10174818840474,100,1.1230442130513,0.0436133674971379,1,1,18.5,final
16.5,2.5,0,0,0,-6.65526091546982,-26.9438000384279,-9.10174818840474,100,1.10123752930273,0.0654200512457068,1,1,19,final
135.719099620596,0,0.0555401277422938,0.0555401277422938,0,14.3683417736458,-27.7715535236369,-6.92205743396353,99.9444598722577,100,0,0,1,135.719099620596,final
135.719099620596,0.5,0.0277700638711469,0.0277700638711469,0,-4.25149999432244,-27.8214168301739,-9.10174818840474,99.9722299361289,100,0.0109033418742845,0,1,136.219099620596,final
135.719099620596,1,0,0,0,-6.29971147099207,-27.9685197556005,-9.10174818840474,100,100,0.0272583546857112,1,1,136.719099620596,final
135.719099620596,1.5,0,0,0,-6.29971147099207,-28.0005176148218,-9.10174818840474,100,100,0.0327100256228534,1,1,137.219099620596,final
135.719099620596,2,0,0,0,-6.65526091546982,-28.0005176148218,-9.10174818840474,100,100,0.0436133674971379,1,1,137.719099620596,final
135.719099620596,2.5,0,0,0,-6.65526091546982,-28.1357426124042,-9.10174818840474,100,99.9837142391835,0.0654200512457068,1,1,138.219099620596,final
135.719099620596,135.719099620596,0,0,0,-2948.41956873937,-2948.41956873937,-2948.41956873937,100,0,100,1,1,271.438199241192,final
